participantId,trialId,block,trialWithinBlock,withinCondition,xai_method,xai_type,dataId,instanceId,phase,phaseTrialId,ai_prediction,tested_w_xai
1,1,1,1,single_condition,lime,none,wine_quality,128,training,1,1,
1,2,1,2,single_condition,lime,none,wine_quality,643,training,2,0,
1,3,1,3,single_condition,lime,none,wine_quality,1007,training,3,1,
1,4,1,4,single_condition,lime,none,wine_quality,373,training,4,0,
1,5,1,1,single_condition,lime,none,wine_quality,875,testing,1,1,False
1,6,1,2,single_condition,lime,none,wine_quality,626,testing,2,0,True
1,7,1,3,single_condition,lime,none,wine_quality,696,testing,3,0,True
1,8,1,4,single_condition,lime,none,wine_quality,1508,testing,4,0,False
1,9,1,5,single_condition,lime,none,wine_quality,267,testing,5,1,True
1,10,1,6,single_condition,lime,none,wine_quality,1267,testing,6,1,False
2,1,1,1,single_condition,lime,attribution,wine_quality,1523,training,1,0,
2,2,1,2,single_condition,lime,attribution,wine_quality,948,training,2,1,
2,3,1,3,single_condition,lime,attribution,wine_quality,514,training,3,1,
2,4,1,4,single_condition,lime,attribution,wine_quality,1280,training,4,0,
2,5,1,1,single_condition,lime,attribution,wine_quality,38,testing,1,0,False
2,6,1,2,single_condition,lime,attribution,wine_quality,377,testing,2,1,False
2,7,1,3,single_condition,lime,attribution,wine_quality,739,testing,3,0,True
2,8,1,4,single_condition,lime,attribution,wine_quality,588,testing,4,1,True
2,9,1,5,single_condition,lime,attribution,wine_quality,21,testing,5,0,False
2,10,1,6,single_condition,lime,attribution,wine_quality,1061,testing,6,1,True
3,1,1,1,single_condition,lime,importance,wine_quality,1086,training,1,1,
3,2,1,2,single_condition,lime,importance,wine_quality,1489,training,2,0,
3,3,1,3,single_condition,lime,importance,wine_quality,336,training,3,1,
3,4,1,4,single_condition,lime,importance,wine_quality,2,training,4,0,
3,5,1,1,single_condition,lime,importance,wine_quality,1405,testing,1,1,True
3,6,1,2,single_condition,lime,importance,wine_quality,1018,testing,2,0,True
3,7,1,3,single_condition,lime,importance,wine_quality,439,testing,3,0,False
3,8,1,4,single_condition,lime,importance,wine_quality,928,testing,4,1,False
3,9,1,5,single_condition,lime,importance,wine_quality,1172,testing,5,1,False
3,10,1,6,single_condition,lime,importance,wine_quality,1170,testing,6,0,True
4,1,1,1,single_condition,shap,none,wine_quality,847,training,1,0,
4,2,1,2,single_condition,shap,none,wine_quality,1497,training,2,0,
4,3,1,3,single_condition,shap,none,wine_quality,867,training,3,1,
4,4,1,4,single_condition,shap,none,wine_quality,1066,training,4,1,
4,5,1,1,single_condition,shap,none,wine_quality,1371,testing,1,1,True
4,6,1,2,single_condition,shap,none,wine_quality,1172,testing,2,1,False
4,7,1,3,single_condition,shap,none,wine_quality,1136,testing,3,1,True
4,8,1,4,single_condition,shap,none,wine_quality,735,testing,4,0,True
4,9,1,5,single_condition,shap,none,wine_quality,1173,testing,5,0,False
4,10,1,6,single_condition,shap,none,wine_quality,1102,testing,6,0,False
5,1,1,1,single_condition,shap,attribution,wine_quality,1198,training,1,0,
5,2,1,2,single_condition,shap,attribution,wine_quality,887,training,2,1,
5,3,1,3,single_condition,shap,attribution,wine_quality,948,training,3,1,
5,4,1,4,single_condition,shap,attribution,wine_quality,822,training,4,0,
5,5,1,1,single_condition,shap,attribution,wine_quality,588,testing,1,1,False
5,6,1,2,single_condition,shap,attribution,wine_quality,1371,testing,2,1,True
5,7,1,3,single_condition,shap,attribution,wine_quality,528,testing,3,0,False
5,8,1,4,single_condition,shap,attribution,wine_quality,672,testing,4,0,True
5,9,1,5,single_condition,shap,attribution,wine_quality,735,testing,5,0,False
5,10,1,6,single_condition,shap,attribution,wine_quality,1070,testing,6,1,True
6,1,1,1,single_condition,shap,importance,wine_quality,1027,training,1,0,
6,2,1,2,single_condition,shap,importance,wine_quality,866,training,2,1,
6,3,1,3,single_condition,shap,importance,wine_quality,898,training,3,1,
6,4,1,4,single_condition,shap,importance,wine_quality,547,training,4,0,
6,5,1,1,single_condition,shap,importance,wine_quality,940,testing,1,1,False
6,6,1,2,single_condition,shap,importance,wine_quality,1132,testing,2,1,True
6,7,1,3,single_condition,shap,importance,wine_quality,289,testing,3,0,False
6,8,1,4,single_condition,shap,importance,wine_quality,1371,testing,4,1,True
6,9,1,5,single_condition,shap,importance,wine_quality,216,testing,5,0,True
6,10,1,6,single_condition,shap,importance,wine_quality,566,testing,6,0,False
7,1,1,1,single_condition,integrated_gradients,none,wine_quality,516,training,1,1,
7,2,1,2,single_condition,integrated_gradients,none,wine_quality,1464,training,2,0,
7,3,1,3,single_condition,integrated_gradients,none,wine_quality,1133,training,3,0,
7,4,1,4,single_condition,integrated_gradients,none,wine_quality,589,training,4,1,
7,5,1,1,single_condition,integrated_gradients,none,wine_quality,90,testing,1,0,True
7,6,1,2,single_condition,integrated_gradients,none,wine_quality,845,testing,2,0,True
7,7,1,3,single_condition,integrated_gradients,none,wine_quality,1267,testing,3,1,False
7,8,1,4,single_condition,integrated_gradients,none,wine_quality,964,testing,4,1,True
7,9,1,5,single_condition,integrated_gradients,none,wine_quality,1016,testing,5,1,False
7,10,1,6,single_condition,integrated_gradients,none,wine_quality,1218,testing,6,0,False
8,1,1,1,single_condition,integrated_gradients,attribution,wine_quality,112,training,1,0,
8,2,1,2,single_condition,integrated_gradients,attribution,wine_quality,509,training,2,1,
8,3,1,3,single_condition,integrated_gradients,attribution,wine_quality,974,training,3,1,
8,4,1,4,single_condition,integrated_gradients,attribution,wine_quality,281,training,4,0,
8,5,1,1,single_condition,integrated_gradients,attribution,wine_quality,491,testing,1,1,True
8,6,1,2,single_condition,integrated_gradients,attribution,wine_quality,1130,testing,2,0,False
8,7,1,3,single_condition,integrated_gradients,attribution,wine_quality,1341,testing,3,0,True
8,8,1,4,single_condition,integrated_gradients,attribution,wine_quality,1590,testing,4,1,True
8,9,1,5,single_condition,integrated_gradients,attribution,wine_quality,496,testing,5,0,False
8,10,1,6,single_condition,integrated_gradients,attribution,wine_quality,982,testing,6,1,False
9,1,1,1,single_condition,integrated_gradients,importance,wine_quality,33,training,1,0,
9,2,1,2,single_condition,integrated_gradients,importance,wine_quality,47,training,2,0,
9,3,1,3,single_condition,integrated_gradients,importance,wine_quality,1549,training,3,1,
9,4,1,4,single_condition,integrated_gradients,importance,wine_quality,210,training,4,1,
9,5,1,1,single_condition,integrated_gradients,importance,wine_quality,959,testing,1,0,False
9,6,1,2,single_condition,integrated_gradients,importance,wine_quality,1172,testing,2,1,True
9,7,1,3,single_condition,integrated_gradients,importance,wine_quality,1371,testing,3,1,True
9,8,1,4,single_condition,integrated_gradients,importance,wine_quality,172,testing,4,0,True
9,9,1,5,single_condition,integrated_gradients,importance,wine_quality,380,testing,5,0,False
9,10,1,6,single_condition,integrated_gradients,importance,wine_quality,1267,testing,6,1,False
10,1,1,1,single_condition,input_gradients,none,wine_quality,514,training,1,1,
10,2,1,2,single_condition,input_gradients,none,wine_quality,492,training,2,1,
10,3,1,3,single_condition,input_gradients,none,wine_quality,381,training,3,0,
10,4,1,4,single_condition,input_gradients,none,wine_quality,399,training,4,0,
10,5,1,1,single_condition,input_gradients,none,wine_quality,267,testing,1,1,True
10,6,1,2,single_condition,input_gradients,none,wine_quality,1107,testing,2,1,True
10,7,1,3,single_condition,input_gradients,none,wine_quality,448,testing,3,0,True
10,8,1,4,single_condition,input_gradients,none,wine_quality,90,testing,4,0,False
10,9,1,5,single_condition,input_gradients,none,wine_quality,1132,testing,5,1,False
10,10,1,6,single_condition,input_gradients,none,wine_quality,311,testing,6,0,False
11,1,1,1,single_condition,input_gradients,attribution,wine_quality,589,training,1,1,
11,2,1,2,single_condition,input_gradients,attribution,wine_quality,1240,training,2,0,
11,3,1,3,single_condition,input_gradients,attribution,wine_quality,1162,training,3,1,
11,4,1,4,single_condition,input_gradients,attribution,wine_quality,1451,training,4,0,
11,5,1,1,single_condition,input_gradients,attribution,wine_quality,289,testing,1,0,False
11,6,1,2,single_condition,input_gradients,attribution,wine_quality,1512,testing,2,0,False
11,7,1,3,single_condition,input_gradients,attribution,wine_quality,940,testing,3,1,True
11,8,1,4,single_condition,input_gradients,attribution,wine_quality,491,testing,4,1,True
11,9,1,5,single_condition,input_gradients,attribution,wine_quality,1371,testing,5,1,False
11,10,1,6,single_condition,input_gradients,attribution,wine_quality,197,testing,6,0,True
12,1,1,1,single_condition,input_gradients,importance,wine_quality,223,training,1,0,
12,2,1,2,single_condition,input_gradients,importance,wine_quality,444,training,2,1,
12,3,1,3,single_condition,input_gradients,importance,wine_quality,573,training,3,0,
12,4,1,4,single_condition,input_gradients,importance,wine_quality,919,training,4,1,
12,5,1,1,single_condition,input_gradients,importance,wine_quality,267,testing,1,1,False
12,6,1,2,single_condition,input_gradients,importance,wine_quality,1016,testing,2,1,False
12,7,1,3,single_condition,input_gradients,importance,wine_quality,1132,testing,3,1,True
12,8,1,4,single_condition,input_gradients,importance,wine_quality,38,testing,4,0,True
12,9,1,5,single_condition,input_gradients,importance,wine_quality,1399,testing,5,0,True
12,10,1,6,single_condition,input_gradients,importance,wine_quality,616,testing,6,0,False
13,1,1,1,single_condition,lime,none,wine_quality,837,training,1,1,
13,2,1,2,single_condition,lime,none,wine_quality,1167,training,2,1,
13,3,1,3,single_condition,lime,none,wine_quality,718,training,3,0,
13,4,1,4,single_condition,lime,none,wine_quality,393,training,4,0,
13,5,1,1,single_condition,lime,none,wine_quality,214,testing,1,0,False
13,6,1,2,single_condition,lime,none,wine_quality,875,testing,2,1,True
13,7,1,3,single_condition,lime,none,wine_quality,852,testing,3,0,False
13,8,1,4,single_condition,lime,none,wine_quality,982,testing,4,1,True
13,9,1,5,single_condition,lime,none,wine_quality,57,testing,5,0,True
13,10,1,6,single_condition,lime,none,wine_quality,491,testing,6,1,False
14,1,1,1,single_condition,lime,attribution,wine_quality,43,training,1,0,
14,2,1,2,single_condition,lime,attribution,wine_quality,1450,training,2,1,
14,3,1,3,single_condition,lime,attribution,wine_quality,1049,training,3,0,
14,4,1,4,single_condition,lime,attribution,wine_quality,945,training,4,1,
14,5,1,1,single_condition,lime,attribution,wine_quality,875,testing,1,1,False
14,6,1,2,single_condition,lime,attribution,wine_quality,1392,testing,2,0,False
14,7,1,3,single_condition,lime,attribution,wine_quality,1330,testing,3,0,True
14,8,1,4,single_condition,lime,attribution,wine_quality,1405,testing,4,1,False
14,9,1,5,single_condition,lime,attribution,wine_quality,989,testing,5,0,True
14,10,1,6,single_condition,lime,attribution,wine_quality,69,testing,6,1,True
15,1,1,1,single_condition,lime,importance,wine_quality,1076,training,1,1,
15,2,1,2,single_condition,lime,importance,wine_quality,101,training,2,0,
15,3,1,3,single_condition,lime,importance,wine_quality,874,training,3,1,
15,4,1,4,single_condition,lime,importance,wine_quality,183,training,4,0,
15,5,1,1,single_condition,lime,importance,wine_quality,1508,testing,1,0,True
15,6,1,2,single_condition,lime,importance,wine_quality,15,testing,2,0,True
15,7,1,3,single_condition,lime,importance,wine_quality,344,testing,3,1,True
15,8,1,4,single_condition,lime,importance,wine_quality,431,testing,4,0,False
15,9,1,5,single_condition,lime,importance,wine_quality,964,testing,5,1,False
15,10,1,6,single_condition,lime,importance,wine_quality,875,testing,6,1,False
16,1,1,1,single_condition,shap,none,wine_quality,67,training,1,0,
16,2,1,2,single_condition,shap,none,wine_quality,1067,training,2,1,
16,3,1,3,single_condition,shap,none,wine_quality,150,training,3,0,
16,4,1,4,single_condition,shap,none,wine_quality,1219,training,4,1,
16,5,1,1,single_condition,shap,none,wine_quality,1426,testing,1,0,False
16,6,1,2,single_condition,shap,none,wine_quality,581,testing,2,0,True
16,7,1,3,single_condition,shap,none,wine_quality,875,testing,3,1,True
16,8,1,4,single_condition,shap,none,wine_quality,1107,testing,4,1,False
16,9,1,5,single_condition,shap,none,wine_quality,1370,testing,5,0,False
16,10,1,6,single_condition,shap,none,wine_quality,1120,testing,6,1,True
17,1,1,1,single_condition,shap,attribution,wine_quality,1544,training,1,1,
17,2,1,2,single_condition,shap,attribution,wine_quality,788,training,2,0,
17,3,1,3,single_condition,shap,attribution,wine_quality,913,training,3,1,
17,4,1,4,single_condition,shap,attribution,wine_quality,256,training,4,0,
17,5,1,1,single_condition,shap,attribution,wine_quality,491,testing,1,1,True
17,6,1,2,single_condition,shap,attribution,wine_quality,580,testing,2,0,True
17,7,1,3,single_condition,shap,attribution,wine_quality,1472,testing,3,0,False
17,8,1,4,single_condition,shap,attribution,wine_quality,1410,testing,4,0,True
17,9,1,5,single_condition,shap,attribution,wine_quality,960,testing,5,1,False
17,10,1,6,single_condition,shap,attribution,wine_quality,267,testing,6,1,False
18,1,1,1,single_condition,shap,importance,wine_quality,550,training,1,0,
18,2,1,2,single_condition,shap,importance,wine_quality,867,training,2,1,
18,3,1,3,single_condition,shap,importance,wine_quality,154,training,3,0,
18,4,1,4,single_condition,shap,importance,wine_quality,1098,training,4,1,
18,5,1,1,single_condition,shap,importance,wine_quality,940,testing,1,1,True
18,6,1,2,single_condition,shap,importance,wine_quality,1061,testing,2,1,False
18,7,1,3,single_condition,shap,importance,wine_quality,1251,testing,3,0,True
18,8,1,4,single_condition,shap,importance,wine_quality,1476,testing,4,0,False
18,9,1,5,single_condition,shap,importance,wine_quality,491,testing,5,1,False
18,10,1,6,single_condition,shap,importance,wine_quality,764,testing,6,0,True
19,1,1,1,single_condition,integrated_gradients,none,wine_quality,398,training,1,0,
19,2,1,2,single_condition,integrated_gradients,none,wine_quality,1570,training,2,1,
19,3,1,3,single_condition,integrated_gradients,none,wine_quality,859,training,3,0,
19,4,1,4,single_condition,integrated_gradients,none,wine_quality,840,training,4,1,
19,5,1,1,single_condition,integrated_gradients,none,wine_quality,959,testing,1,0,True
19,6,1,2,single_condition,integrated_gradients,none,wine_quality,764,testing,2,0,False
19,7,1,3,single_condition,integrated_gradients,none,wine_quality,1136,testing,3,1,False
19,8,1,4,single_condition,integrated_gradients,none,wine_quality,366,testing,4,0,True
19,9,1,5,single_condition,integrated_gradients,none,wine_quality,1132,testing,5,1,True
19,10,1,6,single_condition,integrated_gradients,none,wine_quality,1016,testing,6,1,False
20,1,1,1,single_condition,integrated_gradients,attribution,wine_quality,1216,training,1,0,
20,2,1,2,single_condition,integrated_gradients,attribution,wine_quality,514,training,2,1,
20,3,1,3,single_condition,integrated_gradients,attribution,wine_quality,205,training,3,1,
20,4,1,4,single_condition,integrated_gradients,attribution,wine_quality,1582,training,4,0,
20,5,1,1,single_condition,integrated_gradients,attribution,wine_quality,982,testing,1,1,True
20,6,1,2,single_condition,integrated_gradients,attribution,wine_quality,1051,testing,2,0,False
20,7,1,3,single_condition,integrated_gradients,attribution,wine_quality,1132,testing,3,1,False
20,8,1,4,single_condition,integrated_gradients,attribution,wine_quality,1396,testing,4,0,True
20,9,1,5,single_condition,integrated_gradients,attribution,wine_quality,1590,testing,5,1,True
20,10,1,6,single_condition,integrated_gradients,attribution,wine_quality,764,testing,6,0,False
21,1,1,1,single_condition,integrated_gradients,importance,wine_quality,463,training,1,0,
21,2,1,2,single_condition,integrated_gradients,importance,wine_quality,802,training,2,1,
21,3,1,3,single_condition,integrated_gradients,importance,wine_quality,264,training,3,1,
21,4,1,4,single_condition,integrated_gradients,importance,wine_quality,1225,training,4,0,
21,5,1,1,single_condition,integrated_gradients,importance,wine_quality,1107,testing,1,1,True
21,6,1,2,single_condition,integrated_gradients,importance,wine_quality,1508,testing,2,0,True
21,7,1,3,single_condition,integrated_gradients,importance,wine_quality,947,testing,3,1,False
21,8,1,4,single_condition,integrated_gradients,importance,wine_quality,377,testing,4,1,True
21,9,1,5,single_condition,integrated_gradients,importance,wine_quality,21,testing,5,0,False
21,10,1,6,single_condition,integrated_gradients,importance,wine_quality,1227,testing,6,0,False
22,1,1,1,single_condition,input_gradients,none,wine_quality,399,training,1,0,
22,2,1,2,single_condition,input_gradients,none,wine_quality,1585,training,2,1,
22,3,1,3,single_condition,input_gradients,none,wine_quality,606,training,3,1,
22,4,1,4,single_condition,input_gradients,none,wine_quality,1264,training,4,0,
22,5,1,1,single_condition,input_gradients,none,wine_quality,1291,testing,1,0,False
22,6,1,2,single_condition,input_gradients,none,wine_quality,933,testing,2,0,True
22,7,1,3,single_condition,input_gradients,none,wine_quality,1120,testing,3,1,True
22,8,1,4,single_condition,input_gradients,none,wine_quality,1452,testing,4,0,False
22,9,1,5,single_condition,input_gradients,none,wine_quality,1405,testing,5,1,True
22,10,1,6,single_condition,input_gradients,none,wine_quality,1061,testing,6,1,False
23,1,1,1,single_condition,input_gradients,attribution,wine_quality,1457,training,1,0,
23,2,1,2,single_condition,input_gradients,attribution,wine_quality,867,training,2,1,
23,3,1,3,single_condition,input_gradients,attribution,wine_quality,704,training,3,0,
23,4,1,4,single_condition,input_gradients,attribution,wine_quality,336,training,4,1,
23,5,1,1,single_condition,input_gradients,attribution,wine_quality,882,testing,1,1,False
23,6,1,2,single_condition,input_gradients,attribution,wine_quality,1426,testing,2,0,True
23,7,1,3,single_condition,input_gradients,attribution,wine_quality,950,testing,3,1,True
23,8,1,4,single_condition,input_gradients,attribution,wine_quality,15,testing,4,0,False
23,9,1,5,single_condition,input_gradients,attribution,wine_quality,1132,testing,5,1,False
23,10,1,6,single_condition,input_gradients,attribution,wine_quality,528,testing,6,0,True
24,1,1,1,single_condition,input_gradients,importance,wine_quality,1557,training,1,0,
24,2,1,2,single_condition,input_gradients,importance,wine_quality,506,training,2,1,
24,3,1,3,single_condition,input_gradients,importance,wine_quality,445,training,3,0,
24,4,1,4,single_condition,input_gradients,importance,wine_quality,1167,training,4,1,
24,5,1,1,single_condition,input_gradients,importance,wine_quality,267,testing,1,1,True
24,6,1,2,single_condition,input_gradients,importance,wine_quality,875,testing,2,1,True
24,7,1,3,single_condition,input_gradients,importance,wine_quality,417,testing,3,0,False
24,8,1,4,single_condition,input_gradients,importance,wine_quality,511,testing,4,0,True
24,9,1,5,single_condition,input_gradients,importance,wine_quality,707,testing,5,0,False
24,10,1,6,single_condition,input_gradients,importance,wine_quality,1172,testing,6,1,False
25,1,1,1,single_condition,lime,none,wine_quality,271,training,1,0,
25,2,1,2,single_condition,lime,none,wine_quality,898,training,2,1,
25,3,1,3,single_condition,lime,none,wine_quality,120,training,3,0,
25,4,1,4,single_condition,lime,none,wine_quality,444,training,4,1,
25,5,1,1,single_condition,lime,none,wine_quality,1371,testing,1,1,True
25,6,1,2,single_condition,lime,none,wine_quality,1472,testing,2,0,False
25,7,1,3,single_condition,lime,none,wine_quality,1267,testing,3,1,False
25,8,1,4,single_condition,lime,none,wine_quality,940,testing,4,1,True
25,9,1,5,single_condition,lime,none,wine_quality,1173,testing,5,0,False
25,10,1,6,single_condition,lime,none,wine_quality,999,testing,6,0,True
26,1,1,1,single_condition,lime,attribution,wine_quality,1380,training,1,0,
26,2,1,2,single_condition,lime,attribution,wine_quality,1544,training,2,1,
26,3,1,3,single_condition,lime,attribution,wine_quality,1521,training,3,0,
26,4,1,4,single_condition,lime,attribution,wine_quality,1219,training,4,1,
26,5,1,1,single_condition,lime,attribution,wine_quality,940,testing,1,1,False
26,6,1,2,single_condition,lime,attribution,wine_quality,572,testing,2,0,True
26,7,1,3,single_condition,lime,attribution,wine_quality,66,testing,3,0,True
26,8,1,4,single_condition,lime,attribution,wine_quality,1132,testing,4,1,False
26,9,1,5,single_condition,lime,attribution,wine_quality,1120,testing,5,1,True
26,10,1,6,single_condition,lime,attribution,wine_quality,1495,testing,6,0,False
27,1,1,1,single_condition,lime,importance,wine_quality,1068,training,1,1,
27,2,1,2,single_condition,lime,importance,wine_quality,315,training,2,0,
27,3,1,3,single_condition,lime,importance,wine_quality,1063,training,3,1,
27,4,1,4,single_condition,lime,importance,wine_quality,645,training,4,0,
27,5,1,1,single_condition,lime,importance,wine_quality,1590,testing,1,1,True
27,6,1,2,single_condition,lime,importance,wine_quality,100,testing,2,0,False
27,7,1,3,single_condition,lime,importance,wine_quality,1132,testing,3,1,False
27,8,1,4,single_condition,lime,importance,wine_quality,1251,testing,4,0,True
27,9,1,5,single_condition,lime,importance,wine_quality,1018,testing,5,0,True
27,10,1,6,single_condition,lime,importance,wine_quality,928,testing,6,1,False
28,1,1,1,single_condition,shap,none,wine_quality,5,training,1,0,
28,2,1,2,single_condition,shap,none,wine_quality,1073,training,2,0,
28,3,1,3,single_condition,shap,none,wine_quality,948,training,3,1,
28,4,1,4,single_condition,shap,none,wine_quality,1015,training,4,1,
28,5,1,1,single_condition,shap,none,wine_quality,909,testing,1,0,True
28,6,1,2,single_condition,shap,none,wine_quality,1502,testing,2,0,False
28,7,1,3,single_condition,shap,none,wine_quality,1405,testing,3,1,False
28,8,1,4,single_condition,shap,none,wine_quality,1172,testing,4,1,True
28,9,1,5,single_condition,shap,none,wine_quality,4,testing,5,0,False
28,10,1,6,single_condition,shap,none,wine_quality,947,testing,6,1,True
29,1,1,1,single_condition,shap,attribution,wine_quality,1544,training,1,1,
29,2,1,2,single_condition,shap,attribution,wine_quality,657,training,2,0,
29,3,1,3,single_condition,shap,attribution,wine_quality,614,training,3,0,
29,4,1,4,single_condition,shap,attribution,wine_quality,1584,training,4,1,
29,5,1,1,single_condition,shap,attribution,wine_quality,1319,testing,1,0,False
29,6,1,2,single_condition,shap,attribution,wine_quality,882,testing,2,1,True
29,7,1,3,single_condition,shap,attribution,wine_quality,66,testing,3,0,False
29,8,1,4,single_condition,shap,attribution,wine_quality,1132,testing,4,1,False
29,9,1,5,single_condition,shap,attribution,wine_quality,852,testing,5,0,True
29,10,1,6,single_condition,shap,attribution,wine_quality,1590,testing,6,1,True
30,1,1,1,single_condition,shap,importance,wine_quality,1066,training,1,1,
30,2,1,2,single_condition,shap,importance,wine_quality,904,training,2,0,
30,3,1,3,single_condition,shap,importance,wine_quality,477,training,3,1,
30,4,1,4,single_condition,shap,importance,wine_quality,749,training,4,0,
30,5,1,1,single_condition,shap,importance,wine_quality,947,testing,1,1,True
30,6,1,2,single_condition,shap,importance,wine_quality,1322,testing,2,0,False
30,7,1,3,single_condition,shap,importance,wine_quality,1107,testing,3,1,True
30,8,1,4,single_condition,shap,importance,wine_quality,789,testing,4,0,False
30,9,1,5,single_condition,shap,importance,wine_quality,1398,testing,5,0,True
30,10,1,6,single_condition,shap,importance,wine_quality,267,testing,6,1,False
31,1,1,1,single_condition,integrated_gradients,none,wine_quality,1106,training,1,0,
31,2,1,2,single_condition,integrated_gradients,none,wine_quality,1231,training,2,0,
31,3,1,3,single_condition,integrated_gradients,none,wine_quality,346,training,3,1,
31,4,1,4,single_condition,integrated_gradients,none,wine_quality,357,training,4,1,
31,5,1,1,single_condition,integrated_gradients,none,wine_quality,1398,testing,1,0,True
31,6,1,2,single_condition,integrated_gradients,none,wine_quality,818,testing,2,0,True
31,7,1,3,single_condition,integrated_gradients,none,wine_quality,505,testing,3,1,False
31,8,1,4,single_condition,integrated_gradients,none,wine_quality,344,testing,4,1,True
31,9,1,5,single_condition,integrated_gradients,none,wine_quality,267,testing,5,1,False
31,10,1,6,single_condition,integrated_gradients,none,wine_quality,172,testing,6,0,False
32,1,1,1,single_condition,integrated_gradients,attribution,wine_quality,256,training,1,0,
32,2,1,2,single_condition,integrated_gradients,attribution,wine_quality,1076,training,2,1,
32,3,1,3,single_condition,integrated_gradients,attribution,wine_quality,938,training,3,1,
32,4,1,4,single_condition,integrated_gradients,attribution,wine_quality,1391,training,4,0,
32,5,1,1,single_condition,integrated_gradients,attribution,wine_quality,486,testing,1,0,False
32,6,1,2,single_condition,integrated_gradients,attribution,wine_quality,1172,testing,2,1,True
32,7,1,3,single_condition,integrated_gradients,attribution,wine_quality,1151,testing,3,0,False
32,8,1,4,single_condition,integrated_gradients,attribution,wine_quality,1405,testing,4,1,True
32,9,1,5,single_condition,integrated_gradients,attribution,wine_quality,688,testing,5,0,True
32,10,1,6,single_condition,integrated_gradients,attribution,wine_quality,69,testing,6,1,False
33,1,1,1,single_condition,integrated_gradients,importance,wine_quality,571,training,1,0,
33,2,1,2,single_condition,integrated_gradients,importance,wine_quality,1076,training,2,1,
33,3,1,3,single_condition,integrated_gradients,importance,wine_quality,477,training,3,1,
33,4,1,4,single_condition,integrated_gradients,importance,wine_quality,293,training,4,0,
33,5,1,1,single_condition,integrated_gradients,importance,wine_quality,1555,testing,1,0,True
33,6,1,2,single_condition,integrated_gradients,importance,wine_quality,122,testing,2,0,False
33,7,1,3,single_condition,integrated_gradients,importance,wine_quality,1070,testing,3,1,False
33,8,1,4,single_condition,integrated_gradients,importance,wine_quality,928,testing,4,1,True
33,9,1,5,single_condition,integrated_gradients,importance,wine_quality,267,testing,5,1,False
33,10,1,6,single_condition,integrated_gradients,importance,wine_quality,961,testing,6,0,True
34,1,1,1,single_condition,input_gradients,none,wine_quality,123,training,1,0,
34,2,1,2,single_condition,input_gradients,none,wine_quality,128,training,2,1,
34,3,1,3,single_condition,input_gradients,none,wine_quality,665,training,3,0,
34,4,1,4,single_condition,input_gradients,none,wine_quality,326,training,4,1,
34,5,1,1,single_condition,input_gradients,none,wine_quality,377,testing,1,1,True
34,6,1,2,single_condition,input_gradients,none,wine_quality,456,testing,2,0,False
34,7,1,3,single_condition,input_gradients,none,wine_quality,136,testing,3,0,True
34,8,1,4,single_condition,input_gradients,none,wine_quality,1405,testing,4,1,False
34,9,1,5,single_condition,input_gradients,none,wine_quality,69,testing,5,1,False
34,10,1,6,single_condition,input_gradients,none,wine_quality,57,testing,6,0,True
35,1,1,1,single_condition,input_gradients,attribution,wine_quality,309,training,1,0,
35,2,1,2,single_condition,input_gradients,attribution,wine_quality,1067,training,2,1,
35,3,1,3,single_condition,input_gradients,attribution,wine_quality,226,training,3,0,
35,4,1,4,single_condition,input_gradients,attribution,wine_quality,1544,training,4,1,
35,5,1,1,single_condition,input_gradients,attribution,wine_quality,646,testing,1,0,True
35,6,1,2,single_condition,input_gradients,attribution,wine_quality,960,testing,2,1,True
35,7,1,3,single_condition,input_gradients,attribution,wine_quality,380,testing,3,0,False
35,8,1,4,single_condition,input_gradients,attribution,wine_quality,1132,testing,4,1,True
35,9,1,5,single_condition,input_gradients,attribution,wine_quality,1260,testing,5,0,False
35,10,1,6,single_condition,input_gradients,attribution,wine_quality,1172,testing,6,1,False
36,1,1,1,single_condition,input_gradients,importance,wine_quality,637,training,1,0,
36,2,1,2,single_condition,input_gradients,importance,wine_quality,617,training,2,0,
36,3,1,3,single_condition,input_gradients,importance,wine_quality,887,training,3,1,
36,4,1,4,single_condition,input_gradients,importance,wine_quality,1549,training,4,1,
36,5,1,1,single_condition,input_gradients,importance,wine_quality,513,testing,1,1,True
36,6,1,2,single_condition,input_gradients,importance,wine_quality,18,testing,2,0,False
36,7,1,3,single_condition,input_gradients,importance,wine_quality,507,testing,3,0,False
36,8,1,4,single_condition,input_gradients,importance,wine_quality,1405,testing,4,1,True
36,9,1,5,single_condition,input_gradients,importance,wine_quality,470,testing,5,0,False
36,10,1,6,single_condition,input_gradients,importance,wine_quality,947,testing,6,1,True
37,1,1,1,single_condition,lime,none,wine_quality,479,training,1,0,
37,2,1,2,single_condition,lime,none,wine_quality,36,training,2,0,
37,3,1,3,single_condition,lime,none,wine_quality,974,training,3,1,
37,4,1,4,single_condition,lime,none,wine_quality,128,training,4,1,
37,5,1,1,single_condition,lime,none,wine_quality,377,testing,1,1,False
37,6,1,2,single_condition,lime,none,wine_quality,957,testing,2,0,True
37,7,1,3,single_condition,lime,none,wine_quality,505,testing,3,1,False
37,8,1,4,single_condition,lime,none,wine_quality,289,testing,4,0,True
37,9,1,5,single_condition,lime,none,wine_quality,1102,testing,5,0,True
37,10,1,6,single_condition,lime,none,wine_quality,1132,testing,6,1,False
38,1,1,1,single_condition,lime,attribution,wine_quality,268,training,1,0,
38,2,1,2,single_condition,lime,attribution,wine_quality,335,training,2,1,
38,3,1,3,single_condition,lime,attribution,wine_quality,476,training,3,0,
38,4,1,4,single_condition,lime,attribution,wine_quality,838,training,4,1,
38,5,1,1,single_condition,lime,attribution,wine_quality,1472,testing,1,0,True
38,6,1,2,single_condition,lime,attribution,wine_quality,267,testing,2,1,False
38,7,1,3,single_condition,lime,attribution,wine_quality,1494,testing,3,0,True
38,8,1,4,single_condition,lime,attribution,wine_quality,875,testing,4,1,False
38,9,1,5,single_condition,lime,attribution,wine_quality,1172,testing,5,1,False
38,10,1,6,single_condition,lime,attribution,wine_quality,696,testing,6,0,True
39,1,1,1,single_condition,lime,importance,wine_quality,428,training,1,0,
39,2,1,2,single_condition,lime,importance,wine_quality,838,training,2,1,
39,3,1,3,single_condition,lime,importance,wine_quality,1167,training,3,1,
39,4,1,4,single_condition,lime,importance,wine_quality,652,training,4,0,
39,5,1,1,single_condition,lime,importance,wine_quality,505,testing,1,1,True
39,6,1,2,single_condition,lime,importance,wine_quality,660,testing,2,0,True
39,7,1,3,single_condition,lime,importance,wine_quality,1172,testing,3,1,False
39,8,1,4,single_condition,lime,importance,wine_quality,431,testing,4,0,False
39,9,1,5,single_condition,lime,importance,wine_quality,950,testing,5,1,False
39,10,1,6,single_condition,lime,importance,wine_quality,554,testing,6,0,True
40,1,1,1,single_condition,shap,none,wine_quality,427,training,1,0,
40,2,1,2,single_condition,shap,none,wine_quality,455,training,2,1,
40,3,1,3,single_condition,shap,none,wine_quality,1309,training,3,0,
40,4,1,4,single_condition,shap,none,wine_quality,1412,training,4,1,
40,5,1,1,single_condition,shap,none,wine_quality,882,testing,1,1,True
40,6,1,2,single_condition,shap,none,wine_quality,1120,testing,2,1,False
40,7,1,3,single_condition,shap,none,wine_quality,849,testing,3,0,False
40,8,1,4,single_condition,shap,none,wine_quality,1502,testing,4,0,True
40,9,1,5,single_condition,shap,none,wine_quality,1029,testing,5,0,False
40,10,1,6,single_condition,shap,none,wine_quality,1107,testing,6,1,True
41,1,1,1,single_condition,shap,attribution,wine_quality,11,training,1,0,
41,2,1,2,single_condition,shap,attribution,wine_quality,77,training,2,0,
41,3,1,3,single_condition,shap,attribution,wine_quality,919,training,3,1,
41,4,1,4,single_condition,shap,attribution,wine_quality,807,training,4,1,
41,5,1,1,single_condition,shap,attribution,wine_quality,1371,testing,1,1,True
41,6,1,2,single_condition,shap,attribution,wine_quality,1132,testing,2,1,False
41,7,1,3,single_condition,shap,attribution,wine_quality,172,testing,3,0,True
41,8,1,4,single_condition,shap,attribution,wine_quality,1550,testing,4,0,True
41,9,1,5,single_condition,shap,attribution,wine_quality,90,testing,5,0,False
41,10,1,6,single_condition,shap,attribution,wine_quality,1172,testing,6,1,False
42,1,1,1,single_condition,shap,importance,wine_quality,1321,training,1,0,
42,2,1,2,single_condition,shap,importance,wine_quality,1257,training,2,0,
42,3,1,3,single_condition,shap,importance,wine_quality,1450,training,3,1,
42,4,1,4,single_condition,shap,importance,wine_quality,1063,training,4,1,
42,5,1,1,single_condition,shap,importance,wine_quality,27,testing,1,0,True
42,6,1,2,single_condition,shap,importance,wine_quality,1172,testing,2,1,False
42,7,1,3,single_condition,shap,importance,wine_quality,705,testing,3,0,False
42,8,1,4,single_condition,shap,importance,wine_quality,1016,testing,4,1,True
42,9,1,5,single_condition,shap,importance,wine_quality,152,testing,5,0,False
42,10,1,6,single_condition,shap,importance,wine_quality,588,testing,6,1,True
43,1,1,1,single_condition,integrated_gradients,none,wine_quality,1167,training,1,1,
43,2,1,2,single_condition,integrated_gradients,none,wine_quality,106,training,2,0,
43,3,1,3,single_condition,integrated_gradients,none,wine_quality,700,training,3,0,
43,4,1,4,single_condition,integrated_gradients,none,wine_quality,1412,training,4,1,
43,5,1,1,single_condition,integrated_gradients,none,wine_quality,882,testing,1,1,True
43,6,1,2,single_condition,integrated_gradients,none,wine_quality,588,testing,2,1,True
43,7,1,3,single_condition,integrated_gradients,none,wine_quality,124,testing,3,0,True
43,8,1,4,single_condition,integrated_gradients,none,wine_quality,377,testing,4,1,False
43,9,1,5,single_condition,integrated_gradients,none,wine_quality,289,testing,5,0,False
43,10,1,6,single_condition,integrated_gradients,none,wine_quality,22,testing,6,0,False
44,1,1,1,single_condition,integrated_gradients,attribution,wine_quality,457,training,1,0,
44,2,1,2,single_condition,integrated_gradients,attribution,wine_quality,912,training,2,0,
44,3,1,3,single_condition,integrated_gradients,attribution,wine_quality,1063,training,3,1,
44,4,1,4,single_condition,integrated_gradients,attribution,wine_quality,369,training,4,1,
44,5,1,1,single_condition,integrated_gradients,attribution,wine_quality,842,testing,1,0,True
44,6,1,2,single_condition,integrated_gradients,attribution,wine_quality,882,testing,2,1,False
44,7,1,3,single_condition,integrated_gradients,attribution,wine_quality,947,testing,3,1,True
44,8,1,4,single_condition,integrated_gradients,attribution,wine_quality,1016,testing,4,1,True
44,9,1,5,single_condition,integrated_gradients,attribution,wine_quality,539,testing,5,0,False
44,10,1,6,single_condition,integrated_gradients,attribution,wine_quality,1496,testing,6,0,False
45,1,1,1,single_condition,integrated_gradients,importance,wine_quality,946,training,1,1,
45,2,1,2,single_condition,integrated_gradients,importance,wine_quality,248,training,2,0,
45,3,1,3,single_condition,integrated_gradients,importance,wine_quality,310,training,3,0,
45,4,1,4,single_condition,integrated_gradients,importance,wine_quality,1066,training,4,1,
45,5,1,1,single_condition,integrated_gradients,importance,wine_quality,269,testing,1,0,True
45,6,1,2,single_condition,integrated_gradients,importance,wine_quality,100,testing,2,0,True
45,7,1,3,single_condition,integrated_gradients,importance,wine_quality,1070,testing,3,1,False
45,8,1,4,single_condition,integrated_gradients,importance,wine_quality,69,testing,4,1,False
45,9,1,5,single_condition,integrated_gradients,importance,wine_quality,646,testing,5,0,False
45,10,1,6,single_condition,integrated_gradients,importance,wine_quality,588,testing,6,1,True
46,1,1,1,single_condition,input_gradients,none,wine_quality,369,training,1,1,
46,2,1,2,single_condition,input_gradients,none,wine_quality,223,training,2,0,
46,3,1,3,single_condition,input_gradients,none,wine_quality,1085,training,3,0,
46,4,1,4,single_condition,input_gradients,none,wine_quality,462,training,4,1,
46,5,1,1,single_condition,input_gradients,none,wine_quality,513,testing,1,1,False
46,6,1,2,single_condition,input_gradients,none,wine_quality,362,testing,2,0,False
46,7,1,3,single_condition,input_gradients,none,wine_quality,928,testing,3,1,False
46,8,1,4,single_condition,input_gradients,none,wine_quality,1227,testing,4,0,True
46,9,1,5,single_condition,input_gradients,none,wine_quality,982,testing,5,1,True
46,10,1,6,single_condition,input_gradients,none,wine_quality,1306,testing,6,0,True
47,1,1,1,single_condition,input_gradients,attribution,wine_quality,966,training,1,1,
47,2,1,2,single_condition,input_gradients,attribution,wine_quality,1305,training,2,0,
47,3,1,3,single_condition,input_gradients,attribution,wine_quality,1570,training,3,1,
47,4,1,4,single_condition,input_gradients,attribution,wine_quality,1212,training,4,0,
47,5,1,1,single_condition,input_gradients,attribution,wine_quality,647,testing,1,0,False
47,6,1,2,single_condition,input_gradients,attribution,wine_quality,632,testing,2,0,True
47,7,1,3,single_condition,input_gradients,attribution,wine_quality,1371,testing,3,1,False
47,8,1,4,single_condition,input_gradients,attribution,wine_quality,930,testing,4,0,True
47,9,1,5,single_condition,input_gradients,attribution,wine_quality,960,testing,5,1,False
47,10,1,6,single_condition,input_gradients,attribution,wine_quality,505,testing,6,1,True
48,1,1,1,single_condition,input_gradients,importance,wine_quality,142,training,1,0,
48,2,1,2,single_condition,input_gradients,importance,wine_quality,838,training,2,1,
48,3,1,3,single_condition,input_gradients,importance,wine_quality,484,training,3,0,
48,4,1,4,single_condition,input_gradients,importance,wine_quality,913,training,4,1,
48,5,1,1,single_condition,input_gradients,importance,wine_quality,940,testing,1,1,True
48,6,1,2,single_condition,input_gradients,importance,wine_quality,964,testing,2,1,True
48,7,1,3,single_condition,input_gradients,importance,wine_quality,599,testing,3,0,True
48,8,1,4,single_condition,input_gradients,importance,wine_quality,554,testing,4,0,False
48,9,1,5,single_condition,input_gradients,importance,wine_quality,61,testing,5,0,False
48,10,1,6,single_condition,input_gradients,importance,wine_quality,1016,testing,6,1,False
49,1,1,1,single_condition,lime,none,wine_quality,1420,training,1,0,
49,2,1,2,single_condition,lime,none,wine_quality,966,training,2,1,
49,3,1,3,single_condition,lime,none,wine_quality,335,training,3,1,
49,4,1,4,single_condition,lime,none,wine_quality,296,training,4,0,
49,5,1,1,single_condition,lime,none,wine_quality,69,testing,1,1,True
49,6,1,2,single_condition,lime,none,wine_quality,928,testing,2,1,False
49,7,1,3,single_condition,lime,none,wine_quality,1447,testing,3,0,False
49,8,1,4,single_condition,lime,none,wine_quality,960,testing,4,1,True
49,9,1,5,single_condition,lime,none,wine_quality,735,testing,5,0,False
49,10,1,6,single_condition,lime,none,wine_quality,1060,testing,6,0,True
50,1,1,1,single_condition,lime,attribution,wine_quality,1086,training,1,1,
50,2,1,2,single_condition,lime,attribution,wine_quality,700,training,2,0,
50,3,1,3,single_condition,lime,attribution,wine_quality,1425,training,3,0,
50,4,1,4,single_condition,lime,attribution,wine_quality,805,training,4,1,
50,5,1,1,single_condition,lime,attribution,wine_quality,1405,testing,1,1,True
50,6,1,2,single_condition,lime,attribution,wine_quality,981,testing,2,0,False
50,7,1,3,single_condition,lime,attribution,wine_quality,1016,testing,3,1,True
50,8,1,4,single_condition,lime,attribution,wine_quality,1476,testing,4,0,True
50,9,1,5,single_condition,lime,attribution,wine_quality,841,testing,5,0,False
50,10,1,6,single_condition,lime,attribution,wine_quality,950,testing,6,1,False
51,1,1,1,single_condition,lime,importance,wine_quality,838,training,1,1,
51,2,1,2,single_condition,lime,importance,wine_quality,1015,training,2,1,
51,3,1,3,single_condition,lime,importance,wine_quality,927,training,3,0,
51,4,1,4,single_condition,lime,importance,wine_quality,154,training,4,0,
51,5,1,1,single_condition,lime,importance,wine_quality,588,testing,1,1,False
51,6,1,2,single_condition,lime,importance,wine_quality,882,testing,2,1,True
51,7,1,3,single_condition,lime,importance,wine_quality,1371,testing,3,1,False
51,8,1,4,single_condition,lime,importance,wine_quality,1102,testing,4,0,True
51,9,1,5,single_condition,lime,importance,wine_quality,1399,testing,5,0,True
51,10,1,6,single_condition,lime,importance,wine_quality,1574,testing,6,0,False
52,1,1,1,single_condition,shap,none,wine_quality,375,training,1,1,
52,2,1,2,single_condition,shap,none,wine_quality,1004,training,2,0,
52,3,1,3,single_condition,shap,none,wine_quality,326,training,3,1,
52,4,1,4,single_condition,shap,none,wine_quality,1140,training,4,0,
52,5,1,1,single_condition,shap,none,wine_quality,982,testing,1,1,False
52,6,1,2,single_condition,shap,none,wine_quality,69,testing,2,1,True
52,7,1,3,single_condition,shap,none,wine_quality,1070,testing,3,1,False
52,8,1,4,single_condition,shap,none,wine_quality,311,testing,4,0,True
52,9,1,5,single_condition,shap,none,wine_quality,451,testing,5,0,False
52,10,1,6,single_condition,shap,none,wine_quality,568,testing,6,0,True
53,1,1,1,single_condition,shap,attribution,wine_quality,1171,training,1,0,
53,2,1,2,single_condition,shap,attribution,wine_quality,70,training,2,0,
53,3,1,3,single_condition,shap,attribution,wine_quality,514,training,3,1,
53,4,1,4,single_condition,shap,attribution,wine_quality,1006,training,4,1,
53,5,1,1,single_condition,shap,attribution,wine_quality,267,testing,1,1,False
53,6,1,2,single_condition,shap,attribution,wine_quality,1341,testing,2,0,False
53,7,1,3,single_condition,shap,attribution,wine_quality,234,testing,3,0,True
53,8,1,4,single_condition,shap,attribution,wine_quality,491,testing,4,1,True
53,9,1,5,single_condition,shap,attribution,wine_quality,193,testing,5,0,False
53,10,1,6,single_condition,shap,attribution,wine_quality,1172,testing,6,1,True
54,1,1,1,single_condition,shap,importance,wine_quality,836,training,1,1,
54,2,1,2,single_condition,shap,importance,wine_quality,1149,training,2,0,
54,3,1,3,single_condition,shap,importance,wine_quality,838,training,3,1,
54,4,1,4,single_condition,shap,importance,wine_quality,936,training,4,0,
54,5,1,1,single_condition,shap,importance,wine_quality,1136,testing,1,1,False
54,6,1,2,single_condition,shap,importance,wine_quality,539,testing,2,0,True
54,7,1,3,single_condition,shap,importance,wine_quality,193,testing,3,0,True
54,8,1,4,single_condition,shap,importance,wine_quality,707,testing,4,0,True
54,9,1,5,single_condition,shap,importance,wine_quality,344,testing,5,1,False
54,10,1,6,single_condition,shap,importance,wine_quality,377,testing,6,1,False
55,1,1,1,single_condition,integrated_gradients,none,wine_quality,1525,training,1,0,
55,2,1,2,single_condition,integrated_gradients,none,wine_quality,1143,training,2,0,
55,3,1,3,single_condition,integrated_gradients,none,wine_quality,506,training,3,1,
55,4,1,4,single_condition,integrated_gradients,none,wine_quality,430,training,4,1,
55,5,1,1,single_condition,integrated_gradients,none,wine_quality,1102,testing,1,0,False
55,6,1,2,single_condition,integrated_gradients,none,wine_quality,429,testing,2,0,False
55,7,1,3,single_condition,integrated_gradients,none,wine_quality,588,testing,3,1,True
55,8,1,4,single_condition,integrated_gradients,none,wine_quality,377,testing,4,1,True
55,9,1,5,single_condition,integrated_gradients,none,wine_quality,216,testing,5,0,True
55,10,1,6,single_condition,integrated_gradients,none,wine_quality,982,testing,6,1,False
56,1,1,1,single_condition,integrated_gradients,attribution,wine_quality,1493,training,1,0,
56,2,1,2,single_condition,integrated_gradients,attribution,wine_quality,1013,training,2,0,
56,3,1,3,single_condition,integrated_gradients,attribution,wine_quality,1209,training,3,1,
56,4,1,4,single_condition,integrated_gradients,attribution,wine_quality,506,training,4,1,
56,5,1,1,single_condition,integrated_gradients,attribution,wine_quality,588,testing,1,1,False
56,6,1,2,single_condition,integrated_gradients,attribution,wine_quality,1405,testing,2,1,True
56,7,1,3,single_condition,integrated_gradients,attribution,wine_quality,1061,testing,3,1,False
56,8,1,4,single_condition,integrated_gradients,attribution,wine_quality,486,testing,4,0,False
56,9,1,5,single_condition,integrated_gradients,attribution,wine_quality,1461,testing,5,0,True
56,10,1,6,single_condition,integrated_gradients,attribution,wine_quality,1571,testing,6,0,True
57,1,1,1,single_condition,integrated_gradients,importance,wine_quality,669,training,1,0,
57,2,1,2,single_condition,integrated_gradients,importance,wine_quality,346,training,2,1,
57,3,1,3,single_condition,integrated_gradients,importance,wine_quality,1548,training,3,0,
57,4,1,4,single_condition,integrated_gradients,importance,wine_quality,1584,training,4,1,
57,5,1,1,single_condition,integrated_gradients,importance,wine_quality,1172,testing,1,1,True
57,6,1,2,single_condition,integrated_gradients,importance,wine_quality,57,testing,2,0,False
57,7,1,3,single_condition,integrated_gradients,importance,wine_quality,982,testing,3,1,False
57,8,1,4,single_condition,integrated_gradients,importance,wine_quality,1508,testing,4,0,True
57,9,1,5,single_condition,integrated_gradients,importance,wine_quality,69,testing,5,1,True
57,10,1,6,single_condition,integrated_gradients,importance,wine_quality,1322,testing,6,0,False
58,1,1,1,single_condition,input_gradients,none,wine_quality,333,training,1,0,
58,2,1,2,single_condition,input_gradients,none,wine_quality,1015,training,2,1,
58,3,1,3,single_condition,input_gradients,none,wine_quality,358,training,3,1,
58,4,1,4,single_condition,input_gradients,none,wine_quality,1523,training,4,0,
58,5,1,1,single_condition,input_gradients,none,wine_quality,214,testing,1,0,False
58,6,1,2,single_condition,input_gradients,none,wine_quality,940,testing,2,1,True
58,7,1,3,single_condition,input_gradients,none,wine_quality,559,testing,3,0,False
58,8,1,4,single_condition,input_gradients,none,wine_quality,875,testing,4,1,False
58,9,1,5,single_condition,input_gradients,none,wine_quality,157,testing,5,0,True
58,10,1,6,single_condition,input_gradients,none,wine_quality,513,testing,6,1,True
59,1,1,1,single_condition,input_gradients,attribution,wine_quality,408,training,1,1,
59,2,1,2,single_condition,input_gradients,attribution,wine_quality,264,training,2,1,
59,3,1,3,single_condition,input_gradients,attribution,wine_quality,187,training,3,0,
59,4,1,4,single_condition,input_gradients,attribution,wine_quality,240,training,4,0,
59,5,1,1,single_condition,input_gradients,attribution,wine_quality,1405,testing,1,1,True
59,6,1,2,single_condition,input_gradients,attribution,wine_quality,964,testing,2,1,False
59,7,1,3,single_condition,input_gradients,attribution,wine_quality,192,testing,3,0,False
59,8,1,4,single_condition,input_gradients,attribution,wine_quality,1291,testing,4,0,True
59,9,1,5,single_condition,input_gradients,attribution,wine_quality,166,testing,5,0,False
59,10,1,6,single_condition,input_gradients,attribution,wine_quality,1136,testing,6,1,True
60,1,1,1,single_condition,input_gradients,importance,wine_quality,1106,training,1,0,
60,2,1,2,single_condition,input_gradients,importance,wine_quality,730,training,2,0,
60,3,1,3,single_condition,input_gradients,importance,wine_quality,369,training,3,1,
60,4,1,4,single_condition,input_gradients,importance,wine_quality,948,training,4,1,
60,5,1,1,single_condition,input_gradients,importance,wine_quality,1437,testing,1,0,True
60,6,1,2,single_condition,input_gradients,importance,wine_quality,1070,testing,2,1,True
60,7,1,3,single_condition,input_gradients,importance,wine_quality,1473,testing,3,0,False
60,8,1,4,single_condition,input_gradients,importance,wine_quality,882,testing,4,1,False
60,9,1,5,single_condition,input_gradients,importance,wine_quality,940,testing,5,1,False
60,10,1,6,single_condition,input_gradients,importance,wine_quality,852,testing,6,0,True
61,1,1,1,single_condition,lime,none,wine_quality,648,training,1,0,
61,2,1,2,single_condition,lime,none,wine_quality,384,training,2,0,
61,3,1,3,single_condition,lime,none,wine_quality,1162,training,3,1,
61,4,1,4,single_condition,lime,none,wine_quality,807,training,4,1,
61,5,1,1,single_condition,lime,none,wine_quality,1590,testing,1,1,True
61,6,1,2,single_condition,lime,none,wine_quality,1061,testing,2,1,False
61,7,1,3,single_condition,lime,none,wine_quality,1176,testing,3,0,False
61,8,1,4,single_condition,lime,none,wine_quality,559,testing,4,0,True
61,9,1,5,single_condition,lime,none,wine_quality,839,testing,5,0,True
61,10,1,6,single_condition,lime,none,wine_quality,344,testing,6,1,False
62,1,1,1,single_condition,lime,attribution,wine_quality,264,training,1,1,
62,2,1,2,single_condition,lime,attribution,wine_quality,1098,training,2,1,
62,3,1,3,single_condition,lime,attribution,wine_quality,130,training,3,0,
62,4,1,4,single_condition,lime,attribution,wine_quality,8,training,4,0,
62,5,1,1,single_condition,lime,attribution,wine_quality,513,testing,1,1,False
62,6,1,2,single_condition,lime,attribution,wine_quality,1473,testing,2,0,True
62,7,1,3,single_condition,lime,attribution,wine_quality,124,testing,3,0,True
62,8,1,4,single_condition,lime,attribution,wine_quality,933,testing,4,0,False
62,9,1,5,single_condition,lime,attribution,wine_quality,1016,testing,5,1,True
62,10,1,6,single_condition,lime,attribution,wine_quality,267,testing,6,1,False
63,1,1,1,single_condition,lime,importance,wine_quality,405,training,1,0,
63,2,1,2,single_condition,lime,importance,wine_quality,477,training,2,1,
63,3,1,3,single_condition,lime,importance,wine_quality,920,training,3,0,
63,4,1,4,single_condition,lime,importance,wine_quality,205,training,4,1,
63,5,1,1,single_condition,lime,importance,wine_quality,882,testing,1,1,True
63,6,1,2,single_condition,lime,importance,wine_quality,1107,testing,2,1,False
63,7,1,3,single_condition,lime,importance,wine_quality,1289,testing,3,0,False
63,8,1,4,single_condition,lime,importance,wine_quality,870,testing,4,0,False
63,9,1,5,single_condition,lime,importance,wine_quality,928,testing,5,1,True
63,10,1,6,single_condition,lime,importance,wine_quality,992,testing,6,0,True
64,1,1,1,single_condition,shap,none,wine_quality,1419,training,1,0,
64,2,1,2,single_condition,shap,none,wine_quality,492,training,2,1,
64,3,1,3,single_condition,shap,none,wine_quality,643,training,3,0,
64,4,1,4,single_condition,shap,none,wine_quality,506,training,4,1,
64,5,1,1,single_condition,shap,none,wine_quality,1120,testing,1,1,True
64,6,1,2,single_condition,shap,none,wine_quality,417,testing,2,0,True
64,7,1,3,single_condition,shap,none,wine_quality,1556,testing,3,0,False
64,8,1,4,single_condition,shap,none,wine_quality,1061,testing,4,1,True
64,9,1,5,single_condition,shap,none,wine_quality,1389,testing,5,0,False
64,10,1,6,single_condition,shap,none,wine_quality,267,testing,6,1,False
65,1,1,1,single_condition,shap,attribution,wine_quality,313,training,1,0,
65,2,1,2,single_condition,shap,attribution,wine_quality,323,training,2,0,
65,3,1,3,single_condition,shap,attribution,wine_quality,1167,training,3,1,
65,4,1,4,single_condition,shap,attribution,wine_quality,1570,training,4,1,
65,5,1,1,single_condition,shap,attribution,wine_quality,1070,testing,1,1,True
65,6,1,2,single_condition,shap,attribution,wine_quality,588,testing,2,1,False
65,7,1,3,single_condition,shap,attribution,wine_quality,40,testing,3,0,False
65,8,1,4,single_condition,shap,attribution,wine_quality,810,testing,4,0,False
65,9,1,5,single_condition,shap,attribution,wine_quality,269,testing,5,0,True
65,10,1,6,single_condition,shap,attribution,wine_quality,69,testing,6,1,True
66,1,1,1,single_condition,shap,importance,wine_quality,518,training,1,1,
66,2,1,2,single_condition,shap,importance,wine_quality,64,training,2,0,
66,3,1,3,single_condition,shap,importance,wine_quality,551,training,3,0,
66,4,1,4,single_condition,shap,importance,wine_quality,1412,training,4,1,
66,5,1,1,single_condition,shap,importance,wine_quality,1328,testing,1,0,False
66,6,1,2,single_condition,shap,importance,wine_quality,521,testing,2,0,False
66,7,1,3,single_condition,shap,importance,wine_quality,947,testing,3,1,False
66,8,1,4,single_condition,shap,importance,wine_quality,1120,testing,4,1,True
66,9,1,5,single_condition,shap,importance,wine_quality,1555,testing,5,0,True
66,10,1,6,single_condition,shap,importance,wine_quality,960,testing,6,1,True
67,1,1,1,single_condition,integrated_gradients,none,wine_quality,898,training,1,1,
67,2,1,2,single_condition,integrated_gradients,none,wine_quality,309,training,2,0,
67,3,1,3,single_condition,integrated_gradients,none,wine_quality,1584,training,3,1,
67,4,1,4,single_condition,integrated_gradients,none,wine_quality,976,training,4,0,
67,5,1,1,single_condition,integrated_gradients,none,wine_quality,1218,testing,1,0,False
67,6,1,2,single_condition,integrated_gradients,none,wine_quality,928,testing,2,1,True
67,7,1,3,single_condition,integrated_gradients,none,wine_quality,882,testing,3,1,False
67,8,1,4,single_condition,integrated_gradients,none,wine_quality,69,testing,4,1,False
67,9,1,5,single_condition,integrated_gradients,none,wine_quality,578,testing,5,0,True
67,10,1,6,single_condition,integrated_gradients,none,wine_quality,1494,testing,6,0,True
68,1,1,1,single_condition,integrated_gradients,attribution,wine_quality,817,training,1,1,
68,2,1,2,single_condition,integrated_gradients,attribution,wine_quality,468,training,2,0,
68,3,1,3,single_condition,integrated_gradients,attribution,wine_quality,1015,training,3,1,
68,4,1,4,single_condition,integrated_gradients,attribution,wine_quality,266,training,4,0,
68,5,1,1,single_condition,integrated_gradients,attribution,wine_quality,1172,testing,1,1,False
68,6,1,2,single_condition,integrated_gradients,attribution,wine_quality,950,testing,2,1,True
68,7,1,3,single_condition,integrated_gradients,attribution,wine_quality,461,testing,3,0,True
68,8,1,4,single_condition,integrated_gradients,attribution,wine_quality,480,testing,4,0,False
68,9,1,5,single_condition,integrated_gradients,attribution,wine_quality,588,testing,5,1,True
68,10,1,6,single_condition,integrated_gradients,attribution,wine_quality,163,testing,6,0,False
69,1,1,1,single_condition,integrated_gradients,importance,wine_quality,1421,training,1,0,
69,2,1,2,single_condition,integrated_gradients,importance,wine_quality,1209,training,2,1,
69,3,1,3,single_condition,integrated_gradients,importance,wine_quality,716,training,3,0,
69,4,1,4,single_condition,integrated_gradients,importance,wine_quality,874,training,4,1,
69,5,1,1,single_condition,integrated_gradients,importance,wine_quality,193,testing,1,0,False
69,6,1,2,single_condition,integrated_gradients,importance,wine_quality,588,testing,2,1,True
69,7,1,3,single_condition,integrated_gradients,importance,wine_quality,521,testing,3,0,True
69,8,1,4,single_condition,integrated_gradients,importance,wine_quality,1405,testing,4,1,True
69,9,1,5,single_condition,integrated_gradients,importance,wine_quality,982,testing,5,1,False
69,10,1,6,single_condition,integrated_gradients,importance,wine_quality,839,testing,6,0,False
70,1,1,1,single_condition,input_gradients,none,wine_quality,1064,training,1,0,
70,2,1,2,single_condition,input_gradients,none,wine_quality,477,training,2,1,
70,3,1,3,single_condition,input_gradients,none,wine_quality,1569,training,3,0,
70,4,1,4,single_condition,input_gradients,none,wine_quality,1402,training,4,1,
70,5,1,1,single_condition,input_gradients,none,wine_quality,687,testing,1,0,True
70,6,1,2,single_condition,input_gradients,none,wine_quality,1070,testing,2,1,True
70,7,1,3,single_condition,input_gradients,none,wine_quality,928,testing,3,1,False
70,8,1,4,single_condition,input_gradients,none,wine_quality,1371,testing,4,1,False
70,9,1,5,single_condition,input_gradients,none,wine_quality,456,testing,5,0,False
70,10,1,6,single_condition,input_gradients,none,wine_quality,1369,testing,6,0,True
71,1,1,1,single_condition,input_gradients,attribution,wine_quality,605,training,1,0,
71,2,1,2,single_condition,input_gradients,attribution,wine_quality,966,training,2,1,
71,3,1,3,single_condition,input_gradients,attribution,wine_quality,139,training,3,0,
71,4,1,4,single_condition,input_gradients,attribution,wine_quality,1006,training,4,1,
71,5,1,1,single_condition,input_gradients,attribution,wine_quality,491,testing,1,1,False
71,6,1,2,single_condition,input_gradients,attribution,wine_quality,1590,testing,2,1,True
71,7,1,3,single_condition,input_gradients,attribution,wine_quality,877,testing,3,0,False
71,8,1,4,single_condition,input_gradients,attribution,wine_quality,1102,testing,4,0,True
71,9,1,5,single_condition,input_gradients,attribution,wine_quality,1070,testing,5,1,True
71,10,1,6,single_condition,input_gradients,attribution,wine_quality,1452,testing,6,0,False
72,1,1,1,single_condition,input_gradients,importance,wine_quality,1231,training,1,0,
72,2,1,2,single_condition,input_gradients,importance,wine_quality,988,training,2,0,
72,3,1,3,single_condition,input_gradients,importance,wine_quality,1086,training,3,1,
72,4,1,4,single_condition,input_gradients,importance,wine_quality,896,training,4,1,
72,5,1,1,single_condition,input_gradients,importance,wine_quality,960,testing,1,1,True
72,6,1,2,single_condition,input_gradients,importance,wine_quality,523,testing,2,0,False
72,7,1,3,single_condition,input_gradients,importance,wine_quality,1469,testing,3,0,True
72,8,1,4,single_condition,input_gradients,importance,wine_quality,44,testing,4,0,True
72,9,1,5,single_condition,input_gradients,importance,wine_quality,1136,testing,5,1,False
72,10,1,6,single_condition,input_gradients,importance,wine_quality,982,testing,6,1,False
73,1,1,1,single_condition,lime,none,wine_quality,148,training,1,0,
73,2,1,2,single_condition,lime,none,wine_quality,312,training,2,0,
73,3,1,3,single_condition,lime,none,wine_quality,837,training,3,1,
73,4,1,4,single_condition,lime,none,wine_quality,369,training,4,1,
73,5,1,1,single_condition,lime,none,wine_quality,1124,testing,1,0,True
73,6,1,2,single_condition,lime,none,wine_quality,267,testing,2,1,True
73,7,1,3,single_condition,lime,none,wine_quality,228,testing,3,0,False
73,8,1,4,single_condition,lime,none,wine_quality,1061,testing,4,1,True
73,9,1,5,single_condition,lime,none,wine_quality,882,testing,5,1,False
73,10,1,6,single_condition,lime,none,wine_quality,1324,testing,6,0,False
74,1,1,1,single_condition,lime,attribution,wine_quality,898,training,1,1,
74,2,1,2,single_condition,lime,attribution,wine_quality,944,training,2,1,
74,3,1,3,single_condition,lime,attribution,wine_quality,1189,training,3,0,
74,4,1,4,single_condition,lime,attribution,wine_quality,1588,training,4,0,
74,5,1,1,single_condition,lime,attribution,wine_quality,237,testing,1,0,False
74,6,1,2,single_condition,lime,attribution,wine_quality,982,testing,2,1,False
74,7,1,3,single_condition,lime,attribution,wine_quality,491,testing,3,1,True
74,8,1,4,single_condition,lime,attribution,wine_quality,1341,testing,4,0,True
74,9,1,5,single_condition,lime,attribution,wine_quality,960,testing,5,1,True
74,10,1,6,single_condition,lime,attribution,wine_quality,909,testing,6,0,False
75,1,1,1,single_condition,lime,importance,wine_quality,529,training,1,0,
75,2,1,2,single_condition,lime,importance,wine_quality,518,training,2,1,
75,3,1,3,single_condition,lime,importance,wine_quality,538,training,3,1,
75,4,1,4,single_condition,lime,importance,wine_quality,240,training,4,0,
75,5,1,1,single_condition,lime,importance,wine_quality,982,testing,1,1,False
75,6,1,2,single_condition,lime,importance,wine_quality,1590,testing,2,1,True
75,7,1,3,single_condition,lime,importance,wine_quality,1016,testing,3,1,False
75,8,1,4,single_condition,lime,importance,wine_quality,930,testing,4,0,True
75,9,1,5,single_condition,lime,importance,wine_quality,1490,testing,5,0,True
75,10,1,6,single_condition,lime,importance,wine_quality,1176,testing,6,0,False
76,1,1,1,single_condition,shap,none,wine_quality,549,training,1,0,
76,2,1,2,single_condition,shap,none,wine_quality,1007,training,2,1,
76,3,1,3,single_condition,shap,none,wine_quality,1465,training,3,0,
76,4,1,4,single_condition,shap,none,wine_quality,1223,training,4,1,
76,5,1,1,single_condition,shap,none,wine_quality,964,testing,1,1,False
76,6,1,2,single_condition,shap,none,wine_quality,960,testing,2,1,False
76,7,1,3,single_condition,shap,none,wine_quality,1082,testing,3,0,True
76,8,1,4,single_condition,shap,none,wine_quality,696,testing,4,0,False
76,9,1,5,single_condition,shap,none,wine_quality,452,testing,5,0,True
76,10,1,6,single_condition,shap,none,wine_quality,940,testing,6,1,True
77,1,1,1,single_condition,shap,attribution,wine_quality,1594,training,1,0,
77,2,1,2,single_condition,shap,attribution,wine_quality,1005,training,2,0,
77,3,1,3,single_condition,shap,attribution,wine_quality,1585,training,3,1,
77,4,1,4,single_condition,shap,attribution,wine_quality,874,training,4,1,
77,5,1,1,single_condition,shap,attribution,wine_quality,513,testing,1,1,True
77,6,1,2,single_condition,shap,attribution,wine_quality,1267,testing,2,1,False
77,7,1,3,single_condition,shap,attribution,wine_quality,928,testing,3,1,False
77,8,1,4,single_condition,shap,attribution,wine_quality,1555,testing,4,0,True
77,9,1,5,single_condition,shap,attribution,wine_quality,992,testing,5,0,False
77,10,1,6,single_condition,shap,attribution,wine_quality,417,testing,6,0,True
78,1,1,1,single_condition,shap,importance,wine_quality,823,training,1,0,
78,2,1,2,single_condition,shap,importance,wine_quality,1041,training,2,0,
78,3,1,3,single_condition,shap,importance,wine_quality,948,training,3,1,
78,4,1,4,single_condition,shap,importance,wine_quality,1202,training,4,1,
78,5,1,1,single_condition,shap,importance,wine_quality,772,testing,1,0,True
78,6,1,2,single_condition,shap,importance,wine_quality,925,testing,2,0,False
78,7,1,3,single_condition,shap,importance,wine_quality,1172,testing,3,1,False
78,8,1,4,single_condition,shap,importance,wine_quality,231,testing,4,0,True
78,9,1,5,single_condition,shap,importance,wine_quality,69,testing,5,1,False
78,10,1,6,single_condition,shap,importance,wine_quality,940,testing,6,1,True
79,1,1,1,single_condition,integrated_gradients,none,wine_quality,671,training,1,0,
79,2,1,2,single_condition,integrated_gradients,none,wine_quality,577,training,2,0,
79,3,1,3,single_condition,integrated_gradients,none,wine_quality,462,training,3,1,
79,4,1,4,single_condition,integrated_gradients,none,wine_quality,1167,training,4,1,
79,5,1,1,single_condition,integrated_gradients,none,wine_quality,1410,testing,1,0,True
79,6,1,2,single_condition,integrated_gradients,none,wine_quality,1016,testing,2,1,False
79,7,1,3,single_condition,integrated_gradients,none,wine_quality,344,testing,3,1,False
79,8,1,4,single_condition,integrated_gradients,none,wine_quality,193,testing,4,0,True
79,9,1,5,single_condition,integrated_gradients,none,wine_quality,982,testing,5,1,False
79,10,1,6,single_condition,integrated_gradients,none,wine_quality,596,testing,6,0,True
80,1,1,1,single_condition,integrated_gradients,attribution,wine_quality,1189,training,1,0,
80,2,1,2,single_condition,integrated_gradients,attribution,wine_quality,516,training,2,1,
80,3,1,3,single_condition,integrated_gradients,attribution,wine_quality,1333,training,3,0,
80,4,1,4,single_condition,integrated_gradients,attribution,wine_quality,944,training,4,1,
80,5,1,1,single_condition,integrated_gradients,attribution,wine_quality,1136,testing,1,1,True
80,6,1,2,single_condition,integrated_gradients,attribution,wine_quality,1461,testing,2,0,True
80,7,1,3,single_condition,integrated_gradients,attribution,wine_quality,451,testing,3,0,False
80,8,1,4,single_condition,integrated_gradients,attribution,wine_quality,982,testing,4,1,False
80,9,1,5,single_condition,integrated_gradients,attribution,wine_quality,197,testing,5,0,True
80,10,1,6,single_condition,integrated_gradients,attribution,wine_quality,1120,testing,6,1,False
81,1,1,1,single_condition,integrated_gradients,importance,wine_quality,467,training,1,1,
81,2,1,2,single_condition,integrated_gradients,importance,wine_quality,516,training,2,1,
81,3,1,3,single_condition,integrated_gradients,importance,wine_quality,68,training,3,0,
81,4,1,4,single_condition,integrated_gradients,importance,wine_quality,114,training,4,0,
81,5,1,1,single_condition,integrated_gradients,importance,wine_quality,46,testing,1,0,False
81,6,1,2,single_condition,integrated_gradients,importance,wine_quality,947,testing,2,1,True
81,7,1,3,single_condition,integrated_gradients,importance,wine_quality,950,testing,3,1,True
81,8,1,4,single_condition,integrated_gradients,importance,wine_quality,588,testing,4,1,True
81,9,1,5,single_condition,integrated_gradients,importance,wine_quality,234,testing,5,0,False
81,10,1,6,single_condition,integrated_gradients,importance,wine_quality,1547,testing,6,0,False
82,1,1,1,single_condition,input_gradients,none,wine_quality,63,training,1,0,
82,2,1,2,single_condition,input_gradients,none,wine_quality,1477,training,2,1,
82,3,1,3,single_condition,input_gradients,none,wine_quality,1471,training,3,0,
82,4,1,4,single_condition,input_gradients,none,wine_quality,1008,training,4,1,
82,5,1,1,single_condition,input_gradients,none,wine_quality,193,testing,1,0,True
82,6,1,2,single_condition,input_gradients,none,wine_quality,501,testing,2,0,False
82,7,1,3,single_condition,input_gradients,none,wine_quality,344,testing,3,1,False
82,8,1,4,single_condition,input_gradients,none,wine_quality,79,testing,4,0,True
82,9,1,5,single_condition,input_gradients,none,wine_quality,69,testing,5,1,True
82,10,1,6,single_condition,input_gradients,none,wine_quality,377,testing,6,1,False
83,1,1,1,single_condition,input_gradients,attribution,wine_quality,1085,training,1,0,
83,2,1,2,single_condition,input_gradients,attribution,wine_quality,1008,training,2,1,
83,3,1,3,single_condition,input_gradients,attribution,wine_quality,821,training,3,1,
83,4,1,4,single_condition,input_gradients,attribution,wine_quality,287,training,4,0,
83,5,1,1,single_condition,input_gradients,attribution,wine_quality,491,testing,1,1,False
83,6,1,2,single_condition,input_gradients,attribution,wine_quality,1337,testing,2,0,False
83,7,1,3,single_condition,input_gradients,attribution,wine_quality,344,testing,3,1,True
83,8,1,4,single_condition,input_gradients,attribution,wine_quality,163,testing,4,0,False
83,9,1,5,single_condition,input_gradients,attribution,wine_quality,964,testing,5,1,True
83,10,1,6,single_condition,input_gradients,attribution,wine_quality,486,testing,6,0,True
84,1,1,1,single_condition,input_gradients,importance,wine_quality,110,training,1,0,
84,2,1,2,single_condition,input_gradients,importance,wine_quality,358,training,2,1,
84,3,1,3,single_condition,input_gradients,importance,wine_quality,168,training,3,0,
84,4,1,4,single_condition,input_gradients,importance,wine_quality,1202,training,4,1,
84,5,1,1,single_condition,input_gradients,importance,wine_quality,267,testing,1,1,True
84,6,1,2,single_condition,input_gradients,importance,wine_quality,940,testing,2,1,False
84,7,1,3,single_condition,input_gradients,importance,wine_quality,1176,testing,3,0,False
84,8,1,4,single_condition,input_gradients,importance,wine_quality,311,testing,4,0,False
84,9,1,5,single_condition,input_gradients,importance,wine_quality,513,testing,5,1,True
84,10,1,6,single_condition,input_gradients,importance,wine_quality,870,testing,6,0,True
85,1,1,1,single_condition,lime,none,wine_quality,1338,training,1,0,
85,2,1,2,single_condition,lime,none,wine_quality,128,training,2,1,
85,3,1,3,single_condition,lime,none,wine_quality,1090,training,3,1,
85,4,1,4,single_condition,lime,none,wine_quality,1208,training,4,0,
85,5,1,1,single_condition,lime,none,wine_quality,940,testing,1,1,False
85,6,1,2,single_condition,lime,none,wine_quality,1524,testing,2,0,True
85,7,1,3,single_condition,lime,none,wine_quality,1405,testing,3,1,False
85,8,1,4,single_condition,lime,none,wine_quality,909,testing,4,0,True
85,9,1,5,single_condition,lime,none,wine_quality,1070,testing,5,1,True
85,10,1,6,single_condition,lime,none,wine_quality,237,testing,6,0,False
86,1,1,1,single_condition,lime,attribution,wine_quality,1047,training,1,0,
86,2,1,2,single_condition,lime,attribution,wine_quality,867,training,2,1,
86,3,1,3,single_condition,lime,attribution,wine_quality,1549,training,3,1,
86,4,1,4,single_condition,lime,attribution,wine_quality,1498,training,4,0,
86,5,1,1,single_condition,lime,attribution,wine_quality,982,testing,1,1,False
86,6,1,2,single_condition,lime,attribution,wine_quality,4,testing,2,0,False
86,7,1,3,single_condition,lime,attribution,wine_quality,1438,testing,3,0,True
86,8,1,4,single_condition,lime,attribution,wine_quality,940,testing,4,1,True
86,9,1,5,single_condition,lime,attribution,wine_quality,947,testing,5,1,True
86,10,1,6,single_condition,lime,attribution,wine_quality,382,testing,6,0,False
87,1,1,1,single_condition,lime,importance,wine_quality,1475,training,1,1,
87,2,1,2,single_condition,lime,importance,wine_quality,1246,training,2,0,
87,3,1,3,single_condition,lime,importance,wine_quality,752,training,3,0,
87,4,1,4,single_condition,lime,importance,wine_quality,817,training,4,1,
87,5,1,1,single_condition,lime,importance,wine_quality,960,testing,1,1,False
87,6,1,2,single_condition,lime,importance,wine_quality,1306,testing,2,0,False
87,7,1,3,single_condition,lime,importance,wine_quality,928,testing,3,1,True
87,8,1,4,single_condition,lime,importance,wine_quality,1170,testing,4,0,False
87,9,1,5,single_condition,lime,importance,wine_quality,521,testing,5,0,True
87,10,1,6,single_condition,lime,importance,wine_quality,1590,testing,6,1,True
88,1,1,1,single_condition,shap,none,wine_quality,874,training,1,1,
88,2,1,2,single_condition,shap,none,wine_quality,758,training,2,0,
88,3,1,3,single_condition,shap,none,wine_quality,355,training,3,0,
88,4,1,4,single_condition,shap,none,wine_quality,358,training,4,1,
88,5,1,1,single_condition,shap,none,wine_quality,1061,testing,1,1,True
88,6,1,2,single_condition,shap,none,wine_quality,1398,testing,2,0,True
88,7,1,3,single_condition,shap,none,wine_quality,588,testing,3,1,False
88,8,1,4,single_condition,shap,none,wine_quality,44,testing,4,0,False
88,9,1,5,single_condition,shap,none,wine_quality,849,testing,5,0,True
88,10,1,6,single_condition,shap,none,wine_quality,875,testing,6,1,False
89,1,1,1,single_condition,shap,attribution,wine_quality,924,training,1,1,
89,2,1,2,single_condition,shap,attribution,wine_quality,1241,training,2,0,
89,3,1,3,single_condition,shap,attribution,wine_quality,874,training,3,1,
89,4,1,4,single_condition,shap,attribution,wine_quality,583,training,4,0,
89,5,1,1,single_condition,shap,attribution,wine_quality,705,testing,1,0,False
89,6,1,2,single_condition,shap,attribution,wine_quality,69,testing,2,1,True
89,7,1,3,single_condition,shap,attribution,wine_quality,216,testing,3,0,True
89,8,1,4,single_condition,shap,attribution,wine_quality,1016,testing,4,1,False
89,9,1,5,single_condition,shap,attribution,wine_quality,964,testing,5,1,True
89,10,1,6,single_condition,shap,attribution,wine_quality,1087,testing,6,0,False
90,1,1,1,single_condition,shap,importance,wine_quality,443,training,1,0,
90,2,1,2,single_condition,shap,importance,wine_quality,385,training,2,0,
90,3,1,3,single_condition,shap,importance,wine_quality,538,training,3,1,
90,4,1,4,single_condition,shap,importance,wine_quality,866,training,4,1,
90,5,1,1,single_condition,shap,importance,wine_quality,1136,testing,1,1,True
90,6,1,2,single_condition,shap,importance,wine_quality,1172,testing,2,1,True
90,7,1,3,single_condition,shap,importance,wine_quality,1552,testing,3,0,False
90,8,1,4,single_condition,shap,importance,wine_quality,511,testing,4,0,False
90,9,1,5,single_condition,shap,importance,wine_quality,928,testing,5,1,True
90,10,1,6,single_condition,shap,importance,wine_quality,1586,testing,6,0,False
91,1,1,1,single_condition,integrated_gradients,none,wine_quality,993,training,1,0,
91,2,1,2,single_condition,integrated_gradients,none,wine_quality,807,training,2,1,
91,3,1,3,single_condition,integrated_gradients,none,wine_quality,1067,training,3,1,
91,4,1,4,single_condition,integrated_gradients,none,wine_quality,154,training,4,0,
91,5,1,1,single_condition,integrated_gradients,none,wine_quality,243,testing,1,0,True
91,6,1,2,single_condition,integrated_gradients,none,wine_quality,1061,testing,2,1,False
91,7,1,3,single_condition,integrated_gradients,none,wine_quality,842,testing,3,0,True
91,8,1,4,single_condition,integrated_gradients,none,wine_quality,480,testing,4,0,False
91,9,1,5,single_condition,integrated_gradients,none,wine_quality,1107,testing,5,1,True
91,10,1,6,single_condition,integrated_gradients,none,wine_quality,69,testing,6,1,False
92,1,1,1,single_condition,integrated_gradients,attribution,wine_quality,836,training,1,1,
92,2,1,2,single_condition,integrated_gradients,attribution,wine_quality,867,training,2,1,
92,3,1,3,single_condition,integrated_gradients,attribution,wine_quality,1314,training,3,0,
92,4,1,4,single_condition,integrated_gradients,attribution,wine_quality,1538,training,4,0,
92,5,1,1,single_condition,integrated_gradients,attribution,wine_quality,940,testing,1,1,True
92,6,1,2,single_condition,integrated_gradients,attribution,wine_quality,242,testing,2,0,False
92,7,1,3,single_condition,integrated_gradients,attribution,wine_quality,1292,testing,3,0,True
92,8,1,4,single_condition,integrated_gradients,attribution,wine_quality,344,testing,4,1,True
92,9,1,5,single_condition,integrated_gradients,attribution,wine_quality,505,testing,5,1,False
92,10,1,6,single_condition,integrated_gradients,attribution,wine_quality,284,testing,6,0,False
93,1,1,1,single_condition,integrated_gradients,importance,wine_quality,240,training,1,0,
93,2,1,2,single_condition,integrated_gradients,importance,wine_quality,541,training,2,0,
93,3,1,3,single_condition,integrated_gradients,importance,wine_quality,375,training,3,1,
93,4,1,4,single_condition,integrated_gradients,importance,wine_quality,944,training,4,1,
93,5,1,1,single_condition,integrated_gradients,importance,wine_quality,377,testing,1,1,False
93,6,1,2,single_condition,integrated_gradients,importance,wine_quality,1274,testing,2,0,True
93,7,1,3,single_condition,integrated_gradients,importance,wine_quality,1016,testing,3,1,True
93,8,1,4,single_condition,integrated_gradients,importance,wine_quality,1120,testing,4,1,True
93,9,1,5,single_condition,integrated_gradients,importance,wine_quality,265,testing,5,0,False
93,10,1,6,single_condition,integrated_gradients,importance,wine_quality,1291,testing,6,0,False
94,1,1,1,single_condition,input_gradients,none,wine_quality,32,training,1,0,
94,2,1,2,single_condition,input_gradients,none,wine_quality,1066,training,2,1,
94,3,1,3,single_condition,input_gradients,none,wine_quality,504,training,3,1,
94,4,1,4,single_condition,input_gradients,none,wine_quality,134,training,4,0,
94,5,1,1,single_condition,input_gradients,none,wine_quality,1016,testing,1,1,True
94,6,1,2,single_condition,input_gradients,none,wine_quality,1478,testing,2,0,False
94,7,1,3,single_condition,input_gradients,none,wine_quality,1371,testing,3,1,False
94,8,1,4,single_condition,input_gradients,none,wine_quality,470,testing,4,0,True
94,9,1,5,single_condition,input_gradients,none,wine_quality,491,testing,5,1,True
94,10,1,6,single_condition,input_gradients,none,wine_quality,1176,testing,6,0,False
95,1,1,1,single_condition,input_gradients,attribution,wine_quality,249,training,1,0,
95,2,1,2,single_condition,input_gradients,attribution,wine_quality,1443,training,2,0,
95,3,1,3,single_condition,input_gradients,attribution,wine_quality,946,training,3,1,
95,4,1,4,single_condition,input_gradients,attribution,wine_quality,922,training,4,1,
95,5,1,1,single_condition,input_gradients,attribution,wine_quality,928,testing,1,1,True
95,6,1,2,single_condition,input_gradients,attribution,wine_quality,960,testing,2,1,True
95,7,1,3,single_condition,input_gradients,attribution,wine_quality,1218,testing,3,0,True
95,8,1,4,single_condition,input_gradients,attribution,wine_quality,882,testing,4,1,False
95,9,1,5,single_condition,input_gradients,attribution,wine_quality,1426,testing,5,0,False
95,10,1,6,single_condition,input_gradients,attribution,wine_quality,961,testing,6,0,False
96,1,1,1,single_condition,input_gradients,importance,wine_quality,11,training,1,0,
96,2,1,2,single_condition,input_gradients,importance,wine_quality,1098,training,2,1,
96,3,1,3,single_condition,input_gradients,importance,wine_quality,1162,training,3,1,
96,4,1,4,single_condition,input_gradients,importance,wine_quality,512,training,4,0,
96,5,1,1,single_condition,input_gradients,importance,wine_quality,344,testing,1,1,True
96,6,1,2,single_condition,input_gradients,importance,wine_quality,18,testing,2,0,False
96,7,1,3,single_condition,input_gradients,importance,wine_quality,568,testing,3,0,True
96,8,1,4,single_condition,input_gradients,importance,wine_quality,1437,testing,4,0,False
96,9,1,5,single_condition,input_gradients,importance,wine_quality,1136,testing,5,1,True
96,10,1,6,single_condition,input_gradients,importance,wine_quality,491,testing,6,1,False
97,1,1,1,single_condition,lime,none,wine_quality,279,training,1,0,
97,2,1,2,single_condition,lime,none,wine_quality,1223,training,2,1,
97,3,1,3,single_condition,lime,none,wine_quality,898,training,3,1,
97,4,1,4,single_condition,lime,none,wine_quality,794,training,4,0,
97,5,1,1,single_condition,lime,none,wine_quality,505,testing,1,1,False
97,6,1,2,single_condition,lime,none,wine_quality,660,testing,2,0,True
97,7,1,3,single_condition,lime,none,wine_quality,928,testing,3,1,False
97,8,1,4,single_condition,lime,none,wine_quality,122,testing,4,0,True
97,9,1,5,single_condition,lime,none,wine_quality,672,testing,5,0,True
97,10,1,6,single_condition,lime,none,wine_quality,940,testing,6,1,False
98,1,1,1,single_condition,lime,attribution,wine_quality,1359,training,1,0,
98,2,1,2,single_condition,lime,attribution,wine_quality,128,training,2,1,
98,3,1,3,single_condition,lime,attribution,wine_quality,463,training,3,0,
98,4,1,4,single_condition,lime,attribution,wine_quality,1090,training,4,1,
98,5,1,1,single_condition,lime,attribution,wine_quality,1128,testing,1,0,False
98,6,1,2,single_condition,lime,attribution,wine_quality,1016,testing,2,1,True
98,7,1,3,single_condition,lime,attribution,wine_quality,505,testing,3,1,True
98,8,1,4,single_condition,lime,attribution,wine_quality,1018,testing,4,0,True
98,9,1,5,single_condition,lime,attribution,wine_quality,950,testing,5,1,False
98,10,1,6,single_condition,lime,attribution,wine_quality,1274,testing,6,0,False
99,1,1,1,single_condition,lime,importance,wine_quality,817,training,1,1,
99,2,1,2,single_condition,lime,importance,wine_quality,436,training,2,0,
99,3,1,3,single_condition,lime,importance,wine_quality,1551,training,3,0,
99,4,1,4,single_condition,lime,importance,wine_quality,444,training,4,1,
99,5,1,1,single_condition,lime,importance,wine_quality,267,testing,1,1,True
99,6,1,2,single_condition,lime,importance,wine_quality,940,testing,2,1,False
99,7,1,3,single_condition,lime,importance,wine_quality,521,testing,3,0,True
99,8,1,4,single_condition,lime,importance,wine_quality,376,testing,4,0,False
99,9,1,5,single_condition,lime,importance,wine_quality,1344,testing,5,0,True
99,10,1,6,single_condition,lime,importance,wine_quality,1016,testing,6,1,False
100,1,1,1,single_condition,shap,none,wine_quality,1117,training,1,0,
100,2,1,2,single_condition,shap,none,wine_quality,802,training,2,1,
100,3,1,3,single_condition,shap,none,wine_quality,823,training,3,0,
100,4,1,4,single_condition,shap,none,wine_quality,924,training,4,1,
100,5,1,1,single_condition,shap,none,wine_quality,69,testing,1,1,True
100,6,1,2,single_condition,shap,none,wine_quality,513,testing,2,1,False
100,7,1,3,single_condition,shap,none,wine_quality,191,testing,3,0,False
100,8,1,4,single_condition,shap,none,wine_quality,947,testing,4,1,True
100,9,1,5,single_condition,shap,none,wine_quality,713,testing,5,0,True
100,10,1,6,single_condition,shap,none,wine_quality,707,testing,6,0,False
101,1,1,1,single_condition,shap,attribution,wine_quality,326,training,1,1,
101,2,1,2,single_condition,shap,attribution,wine_quality,110,training,2,0,
101,3,1,3,single_condition,shap,attribution,wine_quality,606,training,3,1,
101,4,1,4,single_condition,shap,attribution,wine_quality,1439,training,4,0,
101,5,1,1,single_condition,shap,attribution,wine_quality,15,testing,1,0,True
101,6,1,2,single_condition,shap,attribution,wine_quality,1502,testing,2,0,True
101,7,1,3,single_condition,shap,attribution,wine_quality,765,testing,3,0,False
101,8,1,4,single_condition,shap,attribution,wine_quality,1107,testing,4,1,True
101,9,1,5,single_condition,shap,attribution,wine_quality,267,testing,5,1,False
101,10,1,6,single_condition,shap,attribution,wine_quality,344,testing,6,1,False
102,1,1,1,single_condition,shap,importance,wine_quality,204,training,1,0,
102,2,1,2,single_condition,shap,importance,wine_quality,821,training,2,1,
102,3,1,3,single_condition,shap,importance,wine_quality,1345,training,3,0,
102,4,1,4,single_condition,shap,importance,wine_quality,589,training,4,1,
102,5,1,1,single_condition,shap,importance,wine_quality,513,testing,1,1,False
102,6,1,2,single_condition,shap,importance,wine_quality,1136,testing,2,1,True
102,7,1,3,single_condition,shap,importance,wine_quality,632,testing,3,0,True
102,8,1,4,single_condition,shap,importance,wine_quality,46,testing,4,0,False
102,9,1,5,single_condition,shap,importance,wine_quality,267,testing,5,1,True
102,10,1,6,single_condition,shap,importance,wine_quality,1188,testing,6,0,False
103,1,1,1,single_condition,integrated_gradients,none,wine_quality,1401,training,1,0,
103,2,1,2,single_condition,integrated_gradients,none,wine_quality,919,training,2,1,
103,3,1,3,single_condition,integrated_gradients,none,wine_quality,1305,training,3,0,
103,4,1,4,single_condition,integrated_gradients,none,wine_quality,492,training,4,1,
103,5,1,1,single_condition,integrated_gradients,none,wine_quality,588,testing,1,1,True
103,6,1,2,single_condition,integrated_gradients,none,wine_quality,1437,testing,2,0,False
103,7,1,3,single_condition,integrated_gradients,none,wine_quality,877,testing,3,0,True
103,8,1,4,single_condition,integrated_gradients,none,wine_quality,1344,testing,4,0,True
103,9,1,5,single_condition,integrated_gradients,none,wine_quality,1590,testing,5,1,False
103,10,1,6,single_condition,integrated_gradients,none,wine_quality,947,testing,6,1,False
104,1,1,1,single_condition,integrated_gradients,attribution,wine_quality,1066,training,1,1,
104,2,1,2,single_condition,integrated_gradients,attribution,wine_quality,233,training,2,0,
104,3,1,3,single_condition,integrated_gradients,attribution,wine_quality,585,training,3,0,
104,4,1,4,single_condition,integrated_gradients,attribution,wine_quality,346,training,4,1,
104,5,1,1,single_condition,integrated_gradients,attribution,wine_quality,646,testing,1,0,True
104,6,1,2,single_condition,integrated_gradients,attribution,wine_quality,1172,testing,2,1,False
104,7,1,3,single_condition,integrated_gradients,attribution,wine_quality,505,testing,3,1,False
104,8,1,4,single_condition,integrated_gradients,attribution,wine_quality,231,testing,4,0,True
104,9,1,5,single_condition,integrated_gradients,attribution,wine_quality,491,testing,5,1,False
104,10,1,6,single_condition,integrated_gradients,attribution,wine_quality,909,testing,6,0,True
105,1,1,1,single_condition,integrated_gradients,importance,wine_quality,541,training,1,0,
105,2,1,2,single_condition,integrated_gradients,importance,wine_quality,1463,training,2,0,
105,3,1,3,single_condition,integrated_gradients,importance,wine_quality,128,training,3,1,
105,4,1,4,single_condition,integrated_gradients,importance,wine_quality,919,training,4,1,
105,5,1,1,single_condition,integrated_gradients,importance,wine_quality,1437,testing,1,0,True
105,6,1,2,single_condition,integrated_gradients,importance,wine_quality,377,testing,2,1,False
105,7,1,3,single_condition,integrated_gradients,importance,wine_quality,1512,testing,3,0,True
105,8,1,4,single_condition,integrated_gradients,importance,wine_quality,1365,testing,4,0,False
105,9,1,5,single_condition,integrated_gradients,importance,wine_quality,928,testing,5,1,True
105,10,1,6,single_condition,integrated_gradients,importance,wine_quality,1267,testing,6,1,False
106,1,1,1,single_condition,input_gradients,none,wine_quality,884,training,1,0,
106,2,1,2,single_condition,input_gradients,none,wine_quality,384,training,2,0,
106,3,1,3,single_condition,input_gradients,none,wine_quality,375,training,3,1,
106,4,1,4,single_condition,input_gradients,none,wine_quality,369,training,4,1,
106,5,1,1,single_condition,input_gradients,none,wine_quality,344,testing,1,1,False
106,6,1,2,single_condition,input_gradients,none,wine_quality,163,testing,2,0,True
106,7,1,3,single_condition,input_gradients,none,wine_quality,1132,testing,3,1,True
106,8,1,4,single_condition,input_gradients,none,wine_quality,1018,testing,4,0,True
106,9,1,5,single_condition,input_gradients,none,wine_quality,940,testing,5,1,False
106,10,1,6,single_condition,input_gradients,none,wine_quality,660,testing,6,0,False
107,1,1,1,single_condition,input_gradients,attribution,wine_quality,1561,training,1,0,
107,2,1,2,single_condition,input_gradients,attribution,wine_quality,430,training,2,1,
107,3,1,3,single_condition,input_gradients,attribution,wine_quality,1072,training,3,0,
107,4,1,4,single_condition,input_gradients,attribution,wine_quality,1006,training,4,1,
107,5,1,1,single_condition,input_gradients,attribution,wine_quality,1405,testing,1,1,True
107,6,1,2,single_condition,input_gradients,attribution,wine_quality,1170,testing,2,0,False
107,7,1,3,single_condition,input_gradients,attribution,wine_quality,1524,testing,3,0,False
107,8,1,4,single_condition,input_gradients,attribution,wine_quality,928,testing,4,1,False
107,9,1,5,single_condition,input_gradients,attribution,wine_quality,377,testing,5,1,True
107,10,1,6,single_condition,input_gradients,attribution,wine_quality,1275,testing,6,0,True
108,1,1,1,single_condition,input_gradients,importance,wine_quality,946,training,1,1,
108,2,1,2,single_condition,input_gradients,importance,wine_quality,55,training,2,0,
108,3,1,3,single_condition,input_gradients,importance,wine_quality,1223,training,3,1,
108,4,1,4,single_condition,input_gradients,importance,wine_quality,78,training,4,0,
108,5,1,1,single_condition,input_gradients,importance,wine_quality,999,testing,1,0,True
108,6,1,2,single_condition,input_gradients,importance,wine_quality,1590,testing,2,1,False
108,7,1,3,single_condition,input_gradients,importance,wine_quality,166,testing,3,0,True
108,8,1,4,single_condition,input_gradients,importance,wine_quality,1365,testing,4,0,False
108,9,1,5,single_condition,input_gradients,importance,wine_quality,960,testing,5,1,False
108,10,1,6,single_condition,input_gradients,importance,wine_quality,1136,testing,6,1,True
109,1,1,1,single_condition,lime,none,wine_quality,477,training,1,1,
109,2,1,2,single_condition,lime,none,wine_quality,709,training,2,0,
109,3,1,3,single_condition,lime,none,wine_quality,221,training,3,0,
109,4,1,4,single_condition,lime,none,wine_quality,1053,training,4,1,
109,5,1,1,single_condition,lime,none,wine_quality,1016,testing,1,1,True
109,6,1,2,single_condition,lime,none,wine_quality,267,testing,2,1,True
109,7,1,3,single_condition,lime,none,wine_quality,568,testing,3,0,False
109,8,1,4,single_condition,lime,none,wine_quality,819,testing,4,0,False
109,9,1,5,single_condition,lime,none,wine_quality,505,testing,5,1,False
109,10,1,6,single_condition,lime,none,wine_quality,930,testing,6,0,True
110,1,1,1,single_condition,lime,attribution,wine_quality,374,training,1,0,
110,2,1,2,single_condition,lime,attribution,wine_quality,1584,training,2,1,
110,3,1,3,single_condition,lime,attribution,wine_quality,773,training,3,0,
110,4,1,4,single_condition,lime,attribution,wine_quality,326,training,4,1,
110,5,1,1,single_condition,lime,attribution,wine_quality,961,testing,1,0,False
110,6,1,2,single_condition,lime,attribution,wine_quality,940,testing,2,1,True
110,7,1,3,single_condition,lime,attribution,wine_quality,1218,testing,3,0,True
110,8,1,4,single_condition,lime,attribution,wine_quality,461,testing,4,0,False
110,9,1,5,single_condition,lime,attribution,wine_quality,377,testing,5,1,False
110,10,1,6,single_condition,lime,attribution,wine_quality,1371,testing,6,1,True
111,1,1,1,single_condition,lime,importance,wine_quality,53,training,1,0,
111,2,1,2,single_condition,lime,importance,wine_quality,922,training,2,1,
111,3,1,3,single_condition,lime,importance,wine_quality,990,training,3,0,
111,4,1,4,single_condition,lime,importance,wine_quality,1006,training,4,1,
111,5,1,1,single_condition,lime,importance,wine_quality,1070,testing,1,1,True
111,6,1,2,single_condition,lime,importance,wine_quality,166,testing,2,0,True
111,7,1,3,single_condition,lime,importance,wine_quality,1319,testing,3,0,False
111,8,1,4,single_condition,lime,importance,wine_quality,1045,testing,4,0,False
111,9,1,5,single_condition,lime,importance,wine_quality,964,testing,5,1,False
111,10,1,6,single_condition,lime,importance,wine_quality,875,testing,6,1,True
112,1,1,1,single_condition,shap,none,wine_quality,1138,training,1,0,
112,2,1,2,single_condition,shap,none,wine_quality,802,training,2,1,
112,3,1,3,single_condition,shap,none,wine_quality,1585,training,3,1,
112,4,1,4,single_condition,shap,none,wine_quality,464,training,4,0,
112,5,1,1,single_condition,shap,none,wine_quality,382,testing,1,0,False
112,6,1,2,single_condition,shap,none,wine_quality,1070,testing,2,1,True
112,7,1,3,single_condition,shap,none,wine_quality,1371,testing,3,1,False
112,8,1,4,single_condition,shap,none,wine_quality,950,testing,4,1,True
112,9,1,5,single_condition,shap,none,wine_quality,810,testing,5,0,True
112,10,1,6,single_condition,shap,none,wine_quality,981,testing,6,0,False
113,1,1,1,single_condition,shap,attribution,wine_quality,669,training,1,0,
113,2,1,2,single_condition,shap,attribution,wine_quality,683,training,2,0,
113,3,1,3,single_condition,shap,attribution,wine_quality,128,training,3,1,
113,4,1,4,single_condition,shap,attribution,wine_quality,518,training,4,1,
113,5,1,1,single_condition,shap,attribution,wine_quality,1016,testing,1,1,True
113,6,1,2,single_condition,shap,attribution,wine_quality,507,testing,2,0,False
113,7,1,3,single_condition,shap,attribution,wine_quality,928,testing,3,1,False
113,8,1,4,single_condition,shap,attribution,wine_quality,237,testing,4,0,False
113,9,1,5,single_condition,shap,attribution,wine_quality,939,testing,5,0,True
113,10,1,6,single_condition,shap,attribution,wine_quality,940,testing,6,1,True
114,1,1,1,single_condition,shap,importance,wine_quality,125,training,1,0,
114,2,1,2,single_condition,shap,importance,wine_quality,1339,training,2,0,
114,3,1,3,single_condition,shap,importance,wine_quality,357,training,3,1,
114,4,1,4,single_condition,shap,importance,wine_quality,874,training,4,1,
114,5,1,1,single_condition,shap,importance,wine_quality,1132,testing,1,1,True
114,6,1,2,single_condition,shap,importance,wine_quality,1172,testing,2,1,True
114,7,1,3,single_condition,shap,importance,wine_quality,505,testing,3,1,False
114,8,1,4,single_condition,shap,importance,wine_quality,1128,testing,4,0,True
114,9,1,5,single_condition,shap,importance,wine_quality,40,testing,5,0,False
114,10,1,6,single_condition,shap,importance,wine_quality,470,testing,6,0,False
115,1,1,1,single_condition,integrated_gradients,none,wine_quality,938,training,1,1,
115,2,1,2,single_condition,integrated_gradients,none,wine_quality,1063,training,2,1,
115,3,1,3,single_condition,integrated_gradients,none,wine_quality,1153,training,3,0,
115,4,1,4,single_condition,integrated_gradients,none,wine_quality,353,training,4,0,
115,5,1,1,single_condition,integrated_gradients,none,wine_quality,1132,testing,1,1,False
115,6,1,2,single_condition,integrated_gradients,none,wine_quality,928,testing,2,1,True
115,7,1,3,single_condition,integrated_gradients,none,wine_quality,1322,testing,3,0,False
115,8,1,4,single_condition,integrated_gradients,none,wine_quality,960,testing,4,1,True
115,9,1,5,single_condition,integrated_gradients,none,wine_quality,1205,testing,5,0,True
115,10,1,6,single_condition,integrated_gradients,none,wine_quality,906,testing,6,0,False
116,1,1,1,single_condition,integrated_gradients,attribution,wine_quality,837,training,1,1,
116,2,1,2,single_condition,integrated_gradients,attribution,wine_quality,1162,training,2,1,
116,3,1,3,single_condition,integrated_gradients,attribution,wine_quality,693,training,3,0,
116,4,1,4,single_condition,integrated_gradients,attribution,wine_quality,747,training,4,0,
116,5,1,1,single_condition,integrated_gradients,attribution,wine_quality,540,testing,1,0,True
116,6,1,2,single_condition,integrated_gradients,attribution,wine_quality,1172,testing,2,1,False
116,7,1,3,single_condition,integrated_gradients,attribution,wine_quality,1120,testing,3,1,True
116,8,1,4,single_condition,integrated_gradients,attribution,wine_quality,1095,testing,4,0,False
116,9,1,5,single_condition,integrated_gradients,attribution,wine_quality,532,testing,5,0,True
116,10,1,6,single_condition,integrated_gradients,attribution,wine_quality,1107,testing,6,1,False
117,1,1,1,single_condition,integrated_gradients,importance,wine_quality,1298,training,1,0,
117,2,1,2,single_condition,integrated_gradients,importance,wine_quality,357,training,2,1,
117,3,1,3,single_condition,integrated_gradients,importance,wine_quality,1219,training,3,1,
117,4,1,4,single_condition,integrated_gradients,importance,wine_quality,1484,training,4,0,
117,5,1,1,single_condition,integrated_gradients,importance,wine_quality,964,testing,1,1,False
117,6,1,2,single_condition,integrated_gradients,importance,wine_quality,1389,testing,2,0,True
117,7,1,3,single_condition,integrated_gradients,importance,wine_quality,382,testing,3,0,False
117,8,1,4,single_condition,integrated_gradients,importance,wine_quality,267,testing,4,1,True
117,9,1,5,single_condition,integrated_gradients,importance,wine_quality,1502,testing,5,0,True
117,10,1,6,single_condition,integrated_gradients,importance,wine_quality,882,testing,6,1,False
118,1,1,1,single_condition,input_gradients,none,wine_quality,859,training,1,0,
118,2,1,2,single_condition,input_gradients,none,wine_quality,866,training,2,1,
118,3,1,3,single_condition,input_gradients,none,wine_quality,927,training,3,0,
118,4,1,4,single_condition,input_gradients,none,wine_quality,210,training,4,1,
118,5,1,1,single_condition,input_gradients,none,wine_quality,820,testing,1,0,False
118,6,1,2,single_condition,input_gradients,none,wine_quality,1424,testing,2,0,False
118,7,1,3,single_condition,input_gradients,none,wine_quality,1251,testing,3,0,False
118,8,1,4,single_condition,input_gradients,none,wine_quality,960,testing,4,1,True
118,9,1,5,single_condition,input_gradients,none,wine_quality,1070,testing,5,1,True
118,10,1,6,single_condition,input_gradients,none,wine_quality,377,testing,6,1,True
119,1,1,1,single_condition,input_gradients,attribution,wine_quality,358,training,1,1,
119,2,1,2,single_condition,input_gradients,attribution,wine_quality,1241,training,2,0,
119,3,1,3,single_condition,input_gradients,attribution,wine_quality,77,training,3,0,
119,4,1,4,single_condition,input_gradients,attribution,wine_quality,516,training,4,1,
119,5,1,1,single_condition,input_gradients,attribution,wine_quality,1061,testing,1,1,True
119,6,1,2,single_condition,input_gradients,attribution,wine_quality,982,testing,2,1,False
119,7,1,3,single_condition,input_gradients,attribution,wine_quality,1107,testing,3,1,True
119,8,1,4,single_condition,input_gradients,attribution,wine_quality,1547,testing,4,0,False
119,9,1,5,single_condition,input_gradients,attribution,wine_quality,1060,testing,5,0,True
119,10,1,6,single_condition,input_gradients,attribution,wine_quality,160,testing,6,0,False
120,1,1,1,single_condition,input_gradients,importance,wine_quality,320,training,1,0,
120,2,1,2,single_condition,input_gradients,importance,wine_quality,949,training,2,1,
120,3,1,3,single_condition,input_gradients,importance,wine_quality,281,training,3,0,
120,4,1,4,single_condition,input_gradients,importance,wine_quality,357,training,4,1,
120,5,1,1,single_condition,input_gradients,importance,wine_quality,1132,testing,1,1,True
120,6,1,2,single_condition,input_gradients,importance,wine_quality,928,testing,2,1,False
120,7,1,3,single_condition,input_gradients,importance,wine_quality,294,testing,3,0,False
120,8,1,4,single_condition,input_gradients,importance,wine_quality,507,testing,4,0,True
120,9,1,5,single_condition,input_gradients,importance,wine_quality,566,testing,5,0,True
120,10,1,6,single_condition,input_gradients,importance,wine_quality,964,testing,6,1,False
121,1,1,1,single_condition,lime,none,wine_quality,518,training,1,1,
121,2,1,2,single_condition,lime,none,wine_quality,1222,training,2,0,
121,3,1,3,single_condition,lime,none,wine_quality,1323,training,3,1,
121,4,1,4,single_condition,lime,none,wine_quality,1589,training,4,0,
121,5,1,1,single_condition,lime,none,wine_quality,1405,testing,1,1,False
121,6,1,2,single_condition,lime,none,wine_quality,1,testing,2,0,True
121,7,1,3,single_condition,lime,none,wine_quality,947,testing,3,1,True
121,8,1,4,single_condition,lime,none,wine_quality,707,testing,4,0,False
121,9,1,5,single_condition,lime,none,wine_quality,1045,testing,5,0,True
121,10,1,6,single_condition,lime,none,wine_quality,960,testing,6,1,False
122,1,1,1,single_condition,lime,attribution,wine_quality,1475,training,1,1,
122,2,1,2,single_condition,lime,attribution,wine_quality,1053,training,2,1,
122,3,1,3,single_condition,lime,attribution,wine_quality,34,training,3,0,
122,4,1,4,single_condition,lime,attribution,wine_quality,1254,training,4,0,
122,5,1,1,single_condition,lime,attribution,wine_quality,90,testing,1,0,True
122,6,1,2,single_condition,lime,attribution,wine_quality,940,testing,2,1,True
122,7,1,3,single_condition,lime,attribution,wine_quality,1267,testing,3,1,False
122,8,1,4,single_condition,lime,attribution,wine_quality,69,testing,4,1,True
122,9,1,5,single_condition,lime,attribution,wine_quality,451,testing,5,0,False
122,10,1,6,single_condition,lime,attribution,wine_quality,1531,testing,6,0,False
123,1,1,1,single_condition,lime,importance,wine_quality,91,training,1,0,
123,2,1,2,single_condition,lime,importance,wine_quality,262,training,2,0,
123,3,1,3,single_condition,lime,importance,wine_quality,504,training,3,1,
123,4,1,4,single_condition,lime,importance,wine_quality,1402,training,4,1,
123,5,1,1,single_condition,lime,importance,wine_quality,92,testing,1,0,False
123,6,1,2,single_condition,lime,importance,wine_quality,1107,testing,2,1,False
123,7,1,3,single_condition,lime,importance,wine_quality,306,testing,3,0,True
123,8,1,4,single_condition,lime,importance,wine_quality,1061,testing,4,1,True
123,9,1,5,single_condition,lime,importance,wine_quality,1070,testing,5,1,False
123,10,1,6,single_condition,lime,importance,wine_quality,480,testing,6,0,True
124,1,1,1,single_condition,shap,none,wine_quality,1175,training,1,0,
124,2,1,2,single_condition,shap,none,wine_quality,358,training,2,1,
124,3,1,3,single_condition,shap,none,wine_quality,426,training,3,0,
124,4,1,4,single_condition,shap,none,wine_quality,128,training,4,1,
124,5,1,1,single_condition,shap,none,wine_quality,1172,testing,1,1,True
124,6,1,2,single_condition,shap,none,wine_quality,810,testing,2,0,True
124,7,1,3,single_condition,shap,none,wine_quality,532,testing,3,0,True
124,8,1,4,single_condition,shap,none,wine_quality,1267,testing,4,1,False
124,9,1,5,single_condition,shap,none,wine_quality,1405,testing,5,1,False
124,10,1,6,single_condition,shap,none,wine_quality,959,testing,6,0,False
125,1,1,1,single_condition,shap,attribution,wine_quality,485,training,1,0,
125,2,1,2,single_condition,shap,attribution,wine_quality,1240,training,2,0,
125,3,1,3,single_condition,shap,attribution,wine_quality,1093,training,3,1,
125,4,1,4,single_condition,shap,attribution,wine_quality,1402,training,4,1,
125,5,1,1,single_condition,shap,attribution,wine_quality,1371,testing,1,1,True
125,6,1,2,single_condition,shap,attribution,wine_quality,234,testing,2,0,False
125,7,1,3,single_condition,shap,attribution,wine_quality,882,testing,3,1,False
125,8,1,4,single_condition,shap,attribution,wine_quality,505,testing,4,1,False
125,9,1,5,single_condition,shap,attribution,wine_quality,852,testing,5,0,True
125,10,1,6,single_condition,shap,attribution,wine_quality,764,testing,6,0,True
126,1,1,1,single_condition,shap,importance,wine_quality,413,training,1,1,
126,2,1,2,single_condition,shap,importance,wine_quality,986,training,2,0,
126,3,1,3,single_condition,shap,importance,wine_quality,492,training,3,1,
126,4,1,4,single_condition,shap,importance,wine_quality,1522,training,4,0,
126,5,1,1,single_condition,shap,importance,wine_quality,626,testing,1,0,False
126,6,1,2,single_condition,shap,importance,wine_quality,1152,testing,2,0,True
126,7,1,3,single_condition,shap,importance,wine_quality,581,testing,3,0,False
126,8,1,4,single_condition,shap,importance,wine_quality,947,testing,4,1,True
126,9,1,5,single_condition,shap,importance,wine_quality,69,testing,5,1,True
126,10,1,6,single_condition,shap,importance,wine_quality,377,testing,6,1,False
127,1,1,1,single_condition,integrated_gradients,none,wine_quality,506,training,1,1,
127,2,1,2,single_condition,integrated_gradients,none,wine_quality,917,training,2,0,
127,3,1,3,single_condition,integrated_gradients,none,wine_quality,1054,training,3,0,
127,4,1,4,single_condition,integrated_gradients,none,wine_quality,807,training,4,1,
127,5,1,1,single_condition,integrated_gradients,none,wine_quality,906,testing,1,0,True
127,6,1,2,single_condition,integrated_gradients,none,wine_quality,491,testing,2,1,False
127,7,1,3,single_condition,integrated_gradients,none,wine_quality,1021,testing,3,0,True
127,8,1,4,single_condition,integrated_gradients,none,wine_quality,992,testing,4,0,False
127,9,1,5,single_condition,integrated_gradients,none,wine_quality,964,testing,5,1,True
127,10,1,6,single_condition,integrated_gradients,none,wine_quality,1267,testing,6,1,False
128,1,1,1,single_condition,integrated_gradients,attribution,wine_quality,264,training,1,1,
128,2,1,2,single_condition,integrated_gradients,attribution,wine_quality,313,training,2,0,
128,3,1,3,single_condition,integrated_gradients,attribution,wine_quality,225,training,3,0,
128,4,1,4,single_condition,integrated_gradients,attribution,wine_quality,514,training,4,1,
128,5,1,1,single_condition,integrated_gradients,attribution,wine_quality,1173,testing,1,0,False
128,6,1,2,single_condition,integrated_gradients,attribution,wine_quality,928,testing,2,1,False
128,7,1,3,single_condition,integrated_gradients,attribution,wine_quality,380,testing,3,0,True
128,8,1,4,single_condition,integrated_gradients,attribution,wine_quality,505,testing,4,1,True
128,9,1,5,single_condition,integrated_gradients,attribution,wine_quality,1070,testing,5,1,True
128,10,1,6,single_condition,integrated_gradients,attribution,wine_quality,1322,testing,6,0,False
129,1,1,1,single_condition,integrated_gradients,importance,wine_quality,392,training,1,0,
129,2,1,2,single_condition,integrated_gradients,importance,wine_quality,467,training,2,1,
129,3,1,3,single_condition,integrated_gradients,importance,wine_quality,516,training,3,1,
129,4,1,4,single_condition,integrated_gradients,importance,wine_quality,1522,training,4,0,
129,5,1,1,single_condition,integrated_gradients,importance,wine_quality,928,testing,1,1,False
129,6,1,2,single_condition,integrated_gradients,importance,wine_quality,521,testing,2,0,True
129,7,1,3,single_condition,integrated_gradients,importance,wine_quality,40,testing,3,0,False
129,8,1,4,single_condition,integrated_gradients,importance,wine_quality,1107,testing,4,1,True
129,9,1,5,single_condition,integrated_gradients,importance,wine_quality,157,testing,5,0,True
129,10,1,6,single_condition,integrated_gradients,importance,wine_quality,1070,testing,6,1,False
130,1,1,1,single_condition,input_gradients,none,wine_quality,913,training,1,1,
130,2,1,2,single_condition,input_gradients,none,wine_quality,1323,training,2,1,
130,3,1,3,single_condition,input_gradients,none,wine_quality,32,training,3,0,
130,4,1,4,single_condition,input_gradients,none,wine_quality,232,training,4,0,
130,5,1,1,single_condition,input_gradients,none,wine_quality,1218,testing,1,0,False
130,6,1,2,single_condition,input_gradients,none,wine_quality,267,testing,2,1,False
130,7,1,3,single_condition,input_gradients,none,wine_quality,1107,testing,3,1,True
130,8,1,4,single_condition,input_gradients,none,wine_quality,1392,testing,4,0,False
130,9,1,5,single_condition,input_gradients,none,wine_quality,491,testing,5,1,True
130,10,1,6,single_condition,input_gradients,none,wine_quality,1476,testing,6,0,True
131,1,1,1,single_condition,input_gradients,attribution,wine_quality,506,training,1,1,
131,2,1,2,single_condition,input_gradients,attribution,wine_quality,1249,training,2,0,
131,3,1,3,single_condition,input_gradients,attribution,wine_quality,944,training,3,1,
131,4,1,4,single_condition,input_gradients,attribution,wine_quality,729,training,4,0,
131,5,1,1,single_condition,input_gradients,attribution,wine_quality,818,testing,1,0,True
131,6,1,2,single_condition,input_gradients,attribution,wine_quality,1371,testing,2,1,True
131,7,1,3,single_condition,input_gradients,attribution,wine_quality,981,testing,3,0,False
131,8,1,4,single_condition,input_gradients,attribution,wine_quality,57,testing,4,0,True
131,9,1,5,single_condition,input_gradients,attribution,wine_quality,1132,testing,5,1,False
131,10,1,6,single_condition,input_gradients,attribution,wine_quality,964,testing,6,1,False
132,1,1,1,single_condition,input_gradients,importance,wine_quality,1395,training,1,0,
132,2,1,2,single_condition,input_gradients,importance,wine_quality,661,training,2,0,
132,3,1,3,single_condition,input_gradients,importance,wine_quality,949,training,3,1,
132,4,1,4,single_condition,input_gradients,importance,wine_quality,1406,training,4,1,
132,5,1,1,single_condition,input_gradients,importance,wine_quality,511,testing,1,0,False
132,6,1,2,single_condition,input_gradients,importance,wine_quality,1132,testing,2,1,True
132,7,1,3,single_condition,input_gradients,importance,wine_quality,909,testing,3,0,False
132,8,1,4,single_condition,input_gradients,importance,wine_quality,1172,testing,4,1,False
132,9,1,5,single_condition,input_gradients,importance,wine_quality,1438,testing,5,0,True
132,10,1,6,single_condition,input_gradients,importance,wine_quality,950,testing,6,1,True
133,1,1,1,single_condition,lime,none,wine_quality,1015,training,1,1,
133,2,1,2,single_condition,lime,none,wine_quality,341,training,2,1,
133,3,1,3,single_condition,lime,none,wine_quality,931,training,3,0,
133,4,1,4,single_condition,lime,none,wine_quality,794,training,4,0,
133,5,1,1,single_condition,lime,none,wine_quality,1132,testing,1,1,True
133,6,1,2,single_condition,lime,none,wine_quality,1061,testing,2,1,False
133,7,1,3,single_condition,lime,none,wine_quality,1102,testing,3,0,True
133,8,1,4,single_condition,lime,none,wine_quality,960,testing,4,1,True
133,9,1,5,single_condition,lime,none,wine_quality,1306,testing,5,0,False
133,10,1,6,single_condition,lime,none,wine_quality,544,testing,6,0,False
134,1,1,1,single_condition,lime,attribution,wine_quality,944,training,1,1,
134,2,1,2,single_condition,lime,attribution,wine_quality,659,training,2,0,
134,3,1,3,single_condition,lime,attribution,wine_quality,1373,training,3,0,
134,4,1,4,single_condition,lime,attribution,wine_quality,210,training,4,1,
134,5,1,1,single_condition,lime,attribution,wine_quality,839,testing,1,0,True
134,6,1,2,single_condition,lime,attribution,wine_quality,532,testing,2,0,False
134,7,1,3,single_condition,lime,attribution,wine_quality,1120,testing,3,1,True
134,8,1,4,single_condition,lime,attribution,wine_quality,1370,testing,4,0,False
134,9,1,5,single_condition,lime,attribution,wine_quality,491,testing,5,1,True
134,10,1,6,single_condition,lime,attribution,wine_quality,505,testing,6,1,False
135,1,1,1,single_condition,lime,importance,wine_quality,358,training,1,1,
135,2,1,2,single_condition,lime,importance,wine_quality,949,training,2,1,
135,3,1,3,single_condition,lime,importance,wine_quality,494,training,3,0,
135,4,1,4,single_condition,lime,importance,wine_quality,577,training,4,0,
135,5,1,1,single_condition,lime,importance,wine_quality,599,testing,1,0,True
135,6,1,2,single_condition,lime,importance,wine_quality,705,testing,2,0,True
135,7,1,3,single_condition,lime,importance,wine_quality,947,testing,3,1,False
135,8,1,4,single_condition,lime,importance,wine_quality,588,testing,4,1,True
135,9,1,5,single_condition,lime,importance,wine_quality,940,testing,5,1,False
135,10,1,6,single_condition,lime,importance,wine_quality,1330,testing,6,0,False
136,1,1,1,single_condition,shap,none,wine_quality,1143,training,1,0,
136,2,1,2,single_condition,shap,none,wine_quality,1544,training,2,1,
136,3,1,3,single_condition,shap,none,wine_quality,365,training,3,1,
136,4,1,4,single_condition,shap,none,wine_quality,1366,training,4,0,
136,5,1,1,single_condition,shap,none,wine_quality,69,testing,1,1,True
136,6,1,2,single_condition,shap,none,wine_quality,44,testing,2,0,False
136,7,1,3,single_condition,shap,none,wine_quality,928,testing,3,1,True
136,8,1,4,single_condition,shap,none,wine_quality,452,testing,4,0,True
136,9,1,5,single_condition,shap,none,wine_quality,274,testing,5,0,False
136,10,1,6,single_condition,shap,none,wine_quality,950,testing,6,1,False
137,1,1,1,single_condition,shap,attribution,wine_quality,752,training,1,0,
137,2,1,2,single_condition,shap,attribution,wine_quality,181,training,2,0,
137,3,1,3,single_condition,shap,attribution,wine_quality,477,training,3,1,
137,4,1,4,single_condition,shap,attribution,wine_quality,1015,training,4,1,
137,5,1,1,single_condition,shap,attribution,wine_quality,1590,testing,1,1,True
137,6,1,2,single_condition,shap,attribution,wine_quality,513,testing,2,1,False
137,7,1,3,single_condition,shap,attribution,wine_quality,599,testing,3,0,False
137,8,1,4,single_condition,shap,attribution,wine_quality,540,testing,4,0,True
137,9,1,5,single_condition,shap,attribution,wine_quality,1136,testing,5,1,False
137,10,1,6,single_condition,shap,attribution,wine_quality,1102,testing,6,0,True
138,1,1,1,single_condition,shap,importance,wine_quality,151,training,1,0,
138,2,1,2,single_condition,shap,importance,wine_quality,1056,training,2,0,
138,3,1,3,single_condition,shap,importance,wine_quality,1167,training,3,1,
138,4,1,4,single_condition,shap,importance,wine_quality,1323,training,4,1,
138,5,1,1,single_condition,shap,importance,wine_quality,1120,testing,1,1,True
138,6,1,2,single_condition,shap,importance,wine_quality,982,testing,2,1,True
138,7,1,3,single_condition,shap,importance,wine_quality,1130,testing,3,0,False
138,8,1,4,single_condition,shap,importance,wine_quality,90,testing,4,0,True
138,9,1,5,single_condition,shap,importance,wine_quality,1107,testing,5,1,False
138,10,1,6,single_condition,shap,importance,wine_quality,961,testing,6,0,False
139,1,1,1,single_condition,integrated_gradients,none,wine_quality,1063,training,1,1,
139,2,1,2,single_condition,integrated_gradients,none,wine_quality,1578,training,2,0,
139,3,1,3,single_condition,integrated_gradients,none,wine_quality,1585,training,3,1,
139,4,1,4,single_condition,integrated_gradients,none,wine_quality,876,training,4,0,
139,5,1,1,single_condition,integrated_gradients,none,wine_quality,1263,testing,1,0,False
139,6,1,2,single_condition,integrated_gradients,none,wine_quality,1267,testing,2,1,True
139,7,1,3,single_condition,integrated_gradients,none,wine_quality,344,testing,3,1,False
139,8,1,4,single_condition,integrated_gradients,none,wine_quality,69,testing,4,1,True
139,9,1,5,single_condition,integrated_gradients,none,wine_quality,1102,testing,5,0,True
139,10,1,6,single_condition,integrated_gradients,none,wine_quality,366,testing,6,0,False
140,1,1,1,single_condition,integrated_gradients,attribution,wine_quality,946,training,1,1,
140,2,1,2,single_condition,integrated_gradients,attribution,wine_quality,601,training,2,0,
140,3,1,3,single_condition,integrated_gradients,attribution,wine_quality,365,training,3,1,
140,4,1,4,single_condition,integrated_gradients,attribution,wine_quality,1194,training,4,0,
140,5,1,1,single_condition,integrated_gradients,attribution,wine_quality,1531,testing,1,0,False
140,6,1,2,single_condition,integrated_gradients,attribution,wine_quality,1136,testing,2,1,False
140,7,1,3,single_condition,integrated_gradients,attribution,wine_quality,1070,testing,3,1,True
140,8,1,4,single_condition,integrated_gradients,attribution,wine_quality,870,testing,4,0,True
140,9,1,5,single_condition,integrated_gradients,attribution,wine_quality,1016,testing,5,1,False
140,10,1,6,single_condition,integrated_gradients,attribution,wine_quality,21,testing,6,0,True
141,1,1,1,single_condition,integrated_gradients,importance,wine_quality,506,training,1,1,
141,2,1,2,single_condition,integrated_gradients,importance,wine_quality,883,training,2,0,
141,3,1,3,single_condition,integrated_gradients,importance,wine_quality,922,training,3,1,
141,4,1,4,single_condition,integrated_gradients,importance,wine_quality,976,training,4,0,
141,5,1,1,single_condition,integrated_gradients,importance,wine_quality,439,testing,1,0,True
141,6,1,2,single_condition,integrated_gradients,importance,wine_quality,491,testing,2,1,False
141,7,1,3,single_condition,integrated_gradients,importance,wine_quality,960,testing,3,1,False
141,8,1,4,single_condition,integrated_gradients,importance,wine_quality,79,testing,4,0,True
141,9,1,5,single_condition,integrated_gradients,importance,wine_quality,1405,testing,5,1,False
141,10,1,6,single_condition,integrated_gradients,importance,wine_quality,1337,testing,6,0,True
142,1,1,1,single_condition,input_gradients,none,wine_quality,356,training,1,0,
142,2,1,2,single_condition,input_gradients,none,wine_quality,589,training,2,1,
142,3,1,3,single_condition,input_gradients,none,wine_quality,504,training,3,1,
142,4,1,4,single_condition,input_gradients,none,wine_quality,1521,training,4,0,
142,5,1,1,single_condition,input_gradients,none,wine_quality,1405,testing,1,1,False
142,6,1,2,single_condition,input_gradients,none,wine_quality,380,testing,2,0,True
142,7,1,3,single_condition,input_gradients,none,wine_quality,1369,testing,3,0,False
142,8,1,4,single_condition,input_gradients,none,wine_quality,940,testing,4,1,True
142,9,1,5,single_condition,input_gradients,none,wine_quality,269,testing,5,0,True
142,10,1,6,single_condition,input_gradients,none,wine_quality,1172,testing,6,1,False
143,1,1,1,single_condition,input_gradients,attribution,wine_quality,837,training,1,1,
143,2,1,2,single_condition,input_gradients,attribution,wine_quality,369,training,2,1,
143,3,1,3,single_condition,input_gradients,attribution,wine_quality,797,training,3,0,
143,4,1,4,single_condition,input_gradients,attribution,wine_quality,162,training,4,0,
143,5,1,1,single_condition,input_gradients,attribution,wine_quality,1016,testing,1,1,False
143,6,1,2,single_condition,input_gradients,attribution,wine_quality,1559,testing,2,0,False
143,7,1,3,single_condition,input_gradients,attribution,wine_quality,1556,testing,3,0,True
143,8,1,4,single_condition,input_gradients,attribution,wine_quality,982,testing,4,1,True
143,9,1,5,single_condition,input_gradients,attribution,wine_quality,23,testing,5,0,True
143,10,1,6,single_condition,input_gradients,attribution,wine_quality,513,testing,6,1,False
144,1,1,1,single_condition,input_gradients,importance,wine_quality,867,training,1,1,
144,2,1,2,single_condition,input_gradients,importance,wine_quality,1053,training,2,1,
144,3,1,3,single_condition,input_gradients,importance,wine_quality,643,training,3,0,
144,4,1,4,single_condition,input_gradients,importance,wine_quality,536,training,4,0,
144,5,1,1,single_condition,input_gradients,importance,wine_quality,1172,testing,1,1,True
144,6,1,2,single_condition,input_gradients,importance,wine_quality,376,testing,2,0,False
144,7,1,3,single_condition,input_gradients,importance,wine_quality,382,testing,3,0,False
144,8,1,4,single_condition,input_gradients,importance,wine_quality,1590,testing,4,1,False
144,9,1,5,single_condition,input_gradients,importance,wine_quality,1574,testing,5,0,True
144,10,1,6,single_condition,input_gradients,importance,wine_quality,1120,testing,6,1,True
145,1,1,1,single_condition,lime,none,wine_quality,144,training,1,0,
145,2,1,2,single_condition,lime,none,wine_quality,1366,training,2,0,
145,3,1,3,single_condition,lime,none,wine_quality,1477,training,3,1,
145,4,1,4,single_condition,lime,none,wine_quality,1066,training,4,1,
145,5,1,1,single_condition,lime,none,wine_quality,452,testing,1,0,False
145,6,1,2,single_condition,lime,none,wine_quality,909,testing,2,0,True
145,7,1,3,single_condition,lime,none,wine_quality,1405,testing,3,1,False
145,8,1,4,single_condition,lime,none,wine_quality,964,testing,4,1,True
145,9,1,5,single_condition,lime,none,wine_quality,688,testing,5,0,False
145,10,1,6,single_condition,lime,none,wine_quality,1107,testing,6,1,True
146,1,1,1,single_condition,lime,attribution,wine_quality,614,training,1,0,
146,2,1,2,single_condition,lime,attribution,wine_quality,587,training,2,0,
146,3,1,3,single_condition,lime,attribution,wine_quality,462,training,3,1,
146,4,1,4,single_condition,lime,attribution,wine_quality,948,training,4,1,
146,5,1,1,single_condition,lime,attribution,wine_quality,1059,testing,1,0,True
146,6,1,2,single_condition,lime,attribution,wine_quality,852,testing,2,0,True
146,7,1,3,single_condition,lime,attribution,wine_quality,960,testing,3,1,True
146,8,1,4,single_condition,lime,attribution,wine_quality,1556,testing,4,0,False
146,9,1,5,single_condition,lime,attribution,wine_quality,267,testing,5,1,False
146,10,1,6,single_condition,lime,attribution,wine_quality,928,testing,6,1,False
147,1,1,1,single_condition,lime,importance,wine_quality,408,training,1,1,
147,2,1,2,single_condition,lime,importance,wine_quality,1333,training,2,0,
147,3,1,3,single_condition,lime,importance,wine_quality,516,training,3,1,
147,4,1,4,single_condition,lime,importance,wine_quality,1116,training,4,0,
147,5,1,1,single_condition,lime,importance,wine_quality,1571,testing,1,0,False
147,6,1,2,single_condition,lime,importance,wine_quality,69,testing,2,1,False
147,7,1,3,single_condition,lime,importance,wine_quality,100,testing,3,0,True
147,8,1,4,single_condition,lime,importance,wine_quality,960,testing,4,1,False
147,9,1,5,single_condition,lime,importance,wine_quality,1170,testing,5,0,True
147,10,1,6,single_condition,lime,importance,wine_quality,1136,testing,6,1,True
148,1,1,1,single_condition,shap,none,wine_quality,115,training,1,0,
148,2,1,2,single_condition,shap,none,wine_quality,1412,training,2,1,
148,3,1,3,single_condition,shap,none,wine_quality,455,training,3,1,
148,4,1,4,single_condition,shap,none,wine_quality,386,training,4,0,
148,5,1,1,single_condition,shap,none,wine_quality,523,testing,1,0,True
148,6,1,2,single_condition,shap,none,wine_quality,666,testing,2,0,False
148,7,1,3,single_condition,shap,none,wine_quality,960,testing,3,1,False
148,8,1,4,single_condition,shap,none,wine_quality,1021,testing,4,0,False
148,9,1,5,single_condition,shap,none,wine_quality,377,testing,5,1,True
148,10,1,6,single_condition,shap,none,wine_quality,928,testing,6,1,True
149,1,1,1,single_condition,shap,attribution,wine_quality,1264,training,1,0,
149,2,1,2,single_condition,shap,attribution,wine_quality,913,training,2,1,
149,3,1,3,single_condition,shap,attribution,wine_quality,1076,training,3,1,
149,4,1,4,single_condition,shap,attribution,wine_quality,181,training,4,0,
149,5,1,1,single_condition,shap,attribution,wine_quality,243,testing,1,0,True
149,6,1,2,single_condition,shap,attribution,wine_quality,284,testing,2,0,False
149,7,1,3,single_condition,shap,attribution,wine_quality,69,testing,3,1,True
149,8,1,4,single_condition,shap,attribution,wine_quality,735,testing,4,0,False
149,9,1,5,single_condition,shap,attribution,wine_quality,1405,testing,5,1,True
149,10,1,6,single_condition,shap,attribution,wine_quality,1371,testing,6,1,False
150,1,1,1,single_condition,shap,importance,wine_quality,567,training,1,0,
150,2,1,2,single_condition,shap,importance,wine_quality,1006,training,2,1,
150,3,1,3,single_condition,shap,importance,wine_quality,549,training,3,0,
150,4,1,4,single_condition,shap,importance,wine_quality,1209,training,4,1,
150,5,1,1,single_condition,shap,importance,wine_quality,1120,testing,1,1,False
150,6,1,2,single_condition,shap,importance,wine_quality,1251,testing,2,0,True
150,7,1,3,single_condition,shap,importance,wine_quality,960,testing,3,1,True
150,8,1,4,single_condition,shap,importance,wine_quality,925,testing,4,0,False
150,9,1,5,single_condition,shap,importance,wine_quality,267,testing,5,1,False
150,10,1,6,single_condition,shap,importance,wine_quality,870,testing,6,0,True
151,1,1,1,single_condition,integrated_gradients,none,wine_quality,1544,training,1,1,
151,2,1,2,single_condition,integrated_gradients,none,wine_quality,365,training,2,1,
151,3,1,3,single_condition,integrated_gradients,none,wine_quality,337,training,3,0,
151,4,1,4,single_condition,integrated_gradients,none,wine_quality,1064,training,4,0,
151,5,1,1,single_condition,integrated_gradients,none,wine_quality,964,testing,1,1,False
151,6,1,2,single_condition,integrated_gradients,none,wine_quality,1405,testing,2,1,False
151,7,1,3,single_condition,integrated_gradients,none,wine_quality,1560,testing,3,0,True
151,8,1,4,single_condition,integrated_gradients,none,wine_quality,735,testing,4,0,False
151,9,1,5,single_condition,integrated_gradients,none,wine_quality,152,testing,5,0,True
151,10,1,6,single_condition,integrated_gradients,none,wine_quality,1371,testing,6,1,True
152,1,1,1,single_condition,integrated_gradients,attribution,wine_quality,899,training,1,0,
152,2,1,2,single_condition,integrated_gradients,attribution,wine_quality,896,training,2,1,
152,3,1,3,single_condition,integrated_gradients,attribution,wine_quality,1460,training,3,0,
152,4,1,4,single_condition,integrated_gradients,attribution,wine_quality,840,training,4,1,
152,5,1,1,single_condition,integrated_gradients,attribution,wine_quality,1107,testing,1,1,False
152,6,1,2,single_condition,integrated_gradients,attribution,wine_quality,1172,testing,2,1,False
152,7,1,3,single_condition,integrated_gradients,attribution,wine_quality,1059,testing,3,0,True
152,8,1,4,single_condition,integrated_gradients,attribution,wine_quality,960,testing,4,1,True
152,9,1,5,single_condition,integrated_gradients,attribution,wine_quality,616,testing,5,0,True
152,10,1,6,single_condition,integrated_gradients,attribution,wine_quality,1306,testing,6,0,False
153,1,1,1,single_condition,integrated_gradients,importance,wine_quality,1513,training,1,0,
153,2,1,2,single_condition,integrated_gradients,importance,wine_quality,506,training,2,1,
153,3,1,3,single_condition,integrated_gradients,importance,wine_quality,128,training,3,1,
153,4,1,4,single_condition,integrated_gradients,importance,wine_quality,63,training,4,0,
153,5,1,1,single_condition,integrated_gradients,importance,wine_quality,69,testing,1,1,True
153,6,1,2,single_condition,integrated_gradients,importance,wine_quality,1136,testing,2,1,True
153,7,1,3,single_condition,integrated_gradients,importance,wine_quality,1255,testing,3,0,False
153,8,1,4,single_condition,integrated_gradients,importance,wine_quality,523,testing,4,0,False
153,9,1,5,single_condition,integrated_gradients,importance,wine_quality,1151,testing,5,0,False
153,10,1,6,single_condition,integrated_gradients,importance,wine_quality,1107,testing,6,1,True
154,1,1,1,single_condition,input_gradients,none,wine_quality,597,training,1,0,
154,2,1,2,single_condition,input_gradients,none,wine_quality,63,training,2,0,
154,3,1,3,single_condition,input_gradients,none,wine_quality,589,training,3,1,
154,4,1,4,single_condition,input_gradients,none,wine_quality,606,training,4,1,
154,5,1,1,single_condition,input_gradients,none,wine_quality,1172,testing,1,1,False
154,6,1,2,single_condition,input_gradients,none,wine_quality,1045,testing,2,0,True
154,7,1,3,single_condition,input_gradients,none,wine_quality,1559,testing,3,0,True
154,8,1,4,single_condition,input_gradients,none,wine_quality,1070,testing,4,1,False
154,9,1,5,single_condition,input_gradients,none,wine_quality,376,testing,5,0,True
154,10,1,6,single_condition,input_gradients,none,wine_quality,491,testing,6,1,False
155,1,1,1,single_condition,input_gradients,attribution,wine_quality,711,training,1,0,
155,2,1,2,single_condition,input_gradients,attribution,wine_quality,326,training,2,1,
155,3,1,3,single_condition,input_gradients,attribution,wine_quality,1401,training,3,0,
155,4,1,4,single_condition,input_gradients,attribution,wine_quality,518,training,4,1,
155,5,1,1,single_condition,input_gradients,attribution,wine_quality,194,testing,1,0,True
155,6,1,2,single_condition,input_gradients,attribution,wine_quality,940,testing,2,1,False
155,7,1,3,single_condition,input_gradients,attribution,wine_quality,69,testing,3,1,True
155,8,1,4,single_condition,input_gradients,attribution,wine_quality,1170,testing,4,0,True
155,9,1,5,single_condition,input_gradients,attribution,wine_quality,1120,testing,5,1,False
155,10,1,6,single_condition,input_gradients,attribution,wine_quality,1344,testing,6,0,False
156,1,1,1,single_condition,input_gradients,importance,wine_quality,335,training,1,1,
156,2,1,2,single_condition,input_gradients,importance,wine_quality,804,training,2,0,
156,3,1,3,single_condition,input_gradients,importance,wine_quality,924,training,3,1,
156,4,1,4,single_condition,input_gradients,importance,wine_quality,1213,training,4,0,
156,5,1,1,single_condition,input_gradients,importance,wine_quality,1371,testing,1,1,True
156,6,1,2,single_condition,input_gradients,importance,wine_quality,439,testing,2,0,False
156,7,1,3,single_condition,input_gradients,importance,wine_quality,842,testing,3,0,False
156,8,1,4,single_condition,input_gradients,importance,wine_quality,947,testing,4,1,True
156,9,1,5,single_condition,input_gradients,importance,wine_quality,1263,testing,5,0,False
156,10,1,6,single_condition,input_gradients,importance,wine_quality,1070,testing,6,1,True
157,1,1,1,single_condition,lime,none,wine_quality,944,training,1,1,
157,2,1,2,single_condition,lime,none,wine_quality,1008,training,2,1,
157,3,1,3,single_condition,lime,none,wine_quality,405,training,3,0,
157,4,1,4,single_condition,lime,none,wine_quality,980,training,4,0,
157,5,1,1,single_condition,lime,none,wine_quality,842,testing,1,0,False
157,6,1,2,single_condition,lime,none,wine_quality,1436,testing,2,0,True
157,7,1,3,single_condition,lime,none,wine_quality,1016,testing,3,1,False
157,8,1,4,single_condition,lime,none,wine_quality,491,testing,4,1,True
157,9,1,5,single_condition,lime,none,wine_quality,588,testing,5,1,True
157,10,1,6,single_condition,lime,none,wine_quality,870,testing,6,0,False
158,1,1,1,single_condition,lime,attribution,wine_quality,538,training,1,1,
158,2,1,2,single_condition,lime,attribution,wine_quality,597,training,2,0,
158,3,1,3,single_condition,lime,attribution,wine_quality,1477,training,3,1,
158,4,1,4,single_condition,lime,attribution,wine_quality,1313,training,4,0,
158,5,1,1,single_condition,lime,attribution,wine_quality,1556,testing,1,0,True
158,6,1,2,single_condition,lime,attribution,wine_quality,940,testing,2,1,True
158,7,1,3,single_condition,lime,attribution,wine_quality,1260,testing,3,0,True
158,8,1,4,single_condition,lime,attribution,wine_quality,100,testing,4,0,False
158,9,1,5,single_condition,lime,attribution,wine_quality,505,testing,5,1,False
158,10,1,6,single_condition,lime,attribution,wine_quality,1590,testing,6,1,False
159,1,1,1,single_condition,lime,importance,wine_quality,467,training,1,1,
159,2,1,2,single_condition,lime,importance,wine_quality,70,training,2,0,
159,3,1,3,single_condition,lime,importance,wine_quality,945,training,3,1,
159,4,1,4,single_condition,lime,importance,wine_quality,987,training,4,0,
159,5,1,1,single_condition,lime,importance,wine_quality,194,testing,1,0,True
159,6,1,2,single_condition,lime,importance,wine_quality,1371,testing,2,1,False
159,7,1,3,single_condition,lime,importance,wine_quality,588,testing,3,1,True
159,8,1,4,single_condition,lime,importance,wine_quality,957,testing,4,0,False
159,9,1,5,single_condition,lime,importance,wine_quality,882,testing,5,1,False
159,10,1,6,single_condition,lime,importance,wine_quality,696,testing,6,0,True
160,1,1,1,single_condition,shap,none,wine_quality,1412,training,1,1,
160,2,1,2,single_condition,shap,none,wine_quality,7,training,2,0,
160,3,1,3,single_condition,shap,none,wine_quality,337,training,3,0,
160,4,1,4,single_condition,shap,none,wine_quality,1549,training,4,1,
160,5,1,1,single_condition,shap,none,wine_quality,160,testing,1,0,True
160,6,1,2,single_condition,shap,none,wine_quality,588,testing,2,1,True
160,7,1,3,single_condition,shap,none,wine_quality,1531,testing,3,0,False
160,8,1,4,single_condition,shap,none,wine_quality,1061,testing,4,1,True
160,9,1,5,single_condition,shap,none,wine_quality,940,testing,5,1,False
160,10,1,6,single_condition,shap,none,wine_quality,410,testing,6,0,False
161,1,1,1,single_condition,shap,attribution,wine_quality,392,training,1,0,
161,2,1,2,single_condition,shap,attribution,wine_quality,1007,training,2,1,
161,3,1,3,single_condition,shap,attribution,wine_quality,817,training,3,1,
161,4,1,4,single_condition,shap,attribution,wine_quality,1305,training,4,0,
161,5,1,1,single_condition,shap,attribution,wine_quality,950,testing,1,1,False
161,6,1,2,single_condition,shap,attribution,wine_quality,344,testing,2,1,True
161,7,1,3,single_condition,shap,attribution,wine_quality,849,testing,3,0,False
161,8,1,4,single_condition,shap,attribution,wine_quality,69,testing,4,1,True
161,9,1,5,single_condition,shap,attribution,wine_quality,366,testing,5,0,False
161,10,1,6,single_condition,shap,attribution,wine_quality,939,testing,6,0,True
162,1,1,1,single_condition,shap,importance,wine_quality,1074,training,1,0,
162,2,1,2,single_condition,shap,importance,wine_quality,606,training,2,1,
162,3,1,3,single_condition,shap,importance,wine_quality,275,training,3,0,
162,4,1,4,single_condition,shap,importance,wine_quality,817,training,4,1,
162,5,1,1,single_condition,shap,importance,wine_quality,505,testing,1,1,False
162,6,1,2,single_condition,shap,importance,wine_quality,632,testing,2,0,False
162,7,1,3,single_condition,shap,importance,wine_quality,925,testing,3,0,True
162,8,1,4,single_condition,shap,importance,wine_quality,877,testing,4,0,False
162,9,1,5,single_condition,shap,importance,wine_quality,1016,testing,5,1,True
162,10,1,6,single_condition,shap,importance,wine_quality,1590,testing,6,1,True
163,1,1,1,single_condition,integrated_gradients,none,wine_quality,413,training,1,1,
163,2,1,2,single_condition,integrated_gradients,none,wine_quality,146,training,2,0,
163,3,1,3,single_condition,integrated_gradients,none,wine_quality,128,training,3,1,
163,4,1,4,single_condition,integrated_gradients,none,wine_quality,2,training,4,0,
163,5,1,1,single_condition,integrated_gradients,none,wine_quality,588,testing,1,1,False
163,6,1,2,single_condition,integrated_gradients,none,wine_quality,456,testing,2,0,True
163,7,1,3,single_condition,integrated_gradients,none,wine_quality,431,testing,3,0,False
163,8,1,4,single_condition,integrated_gradients,none,wine_quality,344,testing,4,1,True
163,9,1,5,single_condition,integrated_gradients,none,wine_quality,928,testing,5,1,True
163,10,1,6,single_condition,integrated_gradients,none,wine_quality,1044,testing,6,0,False
164,1,1,1,single_condition,integrated_gradients,attribution,wine_quality,365,training,1,1,
164,2,1,2,single_condition,integrated_gradients,attribution,wine_quality,169,training,2,0,
164,3,1,3,single_condition,integrated_gradients,attribution,wine_quality,1133,training,3,0,
164,4,1,4,single_condition,integrated_gradients,attribution,wine_quality,346,training,4,1,
164,5,1,1,single_condition,integrated_gradients,attribution,wine_quality,725,testing,1,0,False
164,6,1,2,single_condition,integrated_gradients,attribution,wine_quality,39,testing,2,0,True
164,7,1,3,single_condition,integrated_gradients,attribution,wine_quality,940,testing,3,1,True
164,8,1,4,single_condition,integrated_gradients,attribution,wine_quality,38,testing,4,0,False
164,9,1,5,single_condition,integrated_gradients,attribution,wine_quality,377,testing,5,1,True
164,10,1,6,single_condition,integrated_gradients,attribution,wine_quality,1172,testing,6,1,False
165,1,1,1,single_condition,integrated_gradients,importance,wine_quality,349,training,1,0,
165,2,1,2,single_condition,integrated_gradients,importance,wine_quality,924,training,2,1,
165,3,1,3,single_condition,integrated_gradients,importance,wine_quality,657,training,3,0,
165,4,1,4,single_condition,integrated_gradients,importance,wine_quality,821,training,4,1,
165,5,1,1,single_condition,integrated_gradients,importance,wine_quality,940,testing,1,1,True
165,6,1,2,single_condition,integrated_gradients,importance,wine_quality,666,testing,2,0,True
165,7,1,3,single_condition,integrated_gradients,importance,wine_quality,377,testing,3,1,False
165,8,1,4,single_condition,integrated_gradients,importance,wine_quality,928,testing,4,1,True
165,9,1,5,single_condition,integrated_gradients,importance,wine_quality,1251,testing,5,0,False
165,10,1,6,single_condition,integrated_gradients,importance,wine_quality,800,testing,6,0,False
166,1,1,1,single_condition,input_gradients,none,wine_quality,795,training,1,0,
166,2,1,2,single_condition,input_gradients,none,wine_quality,1118,training,2,0,
166,3,1,3,single_condition,input_gradients,none,wine_quality,837,training,3,1,
166,4,1,4,single_condition,input_gradients,none,wine_quality,504,training,4,1,
166,5,1,1,single_condition,input_gradients,none,wine_quality,69,testing,1,1,True
166,6,1,2,single_condition,input_gradients,none,wine_quality,882,testing,2,1,True
166,7,1,3,single_condition,input_gradients,none,wine_quality,928,testing,3,1,False
166,8,1,4,single_condition,input_gradients,none,wine_quality,234,testing,4,0,False
166,9,1,5,single_condition,input_gradients,none,wine_quality,672,testing,5,0,False
166,10,1,6,single_condition,input_gradients,none,wine_quality,1211,testing,6,0,True
167,1,1,1,single_condition,input_gradients,attribution,wine_quality,966,training,1,1,
167,2,1,2,single_condition,input_gradients,attribution,wine_quality,518,training,2,1,
167,3,1,3,single_condition,input_gradients,attribution,wine_quality,1464,training,3,0,
167,4,1,4,single_condition,input_gradients,attribution,wine_quality,1193,training,4,0,
167,5,1,1,single_condition,input_gradients,attribution,wine_quality,1405,testing,1,1,False
167,6,1,2,single_condition,input_gradients,attribution,wine_quality,1496,testing,2,0,False
167,7,1,3,single_condition,input_gradients,attribution,wine_quality,1267,testing,3,1,False
167,8,1,4,single_condition,input_gradients,attribution,wine_quality,960,testing,4,1,True
167,9,1,5,single_condition,input_gradients,attribution,wine_quality,666,testing,5,0,True
167,10,1,6,single_condition,input_gradients,attribution,wine_quality,306,testing,6,0,True
168,1,1,1,single_condition,input_gradients,importance,wine_quality,1336,training,1,0,
168,2,1,2,single_condition,input_gradients,importance,wine_quality,567,training,2,0,
168,3,1,3,single_condition,input_gradients,importance,wine_quality,948,training,3,1,
168,4,1,4,single_condition,input_gradients,importance,wine_quality,589,training,4,1,
168,5,1,1,single_condition,input_gradients,importance,wine_quality,431,testing,1,0,True
168,6,1,2,single_condition,input_gradients,importance,wine_quality,1437,testing,2,0,False
168,7,1,3,single_condition,input_gradients,importance,wine_quality,505,testing,3,1,False
168,8,1,4,single_condition,input_gradients,importance,wine_quality,377,testing,4,1,True
168,9,1,5,single_condition,input_gradients,importance,wine_quality,681,testing,5,0,True
168,10,1,6,single_condition,input_gradients,importance,wine_quality,882,testing,6,1,False
169,1,1,1,single_condition,lime,none,wine_quality,920,training,1,0,
169,2,1,2,single_condition,lime,none,wine_quality,444,training,2,1,
169,3,1,3,single_condition,lime,none,wine_quality,1283,training,3,0,
169,4,1,4,single_condition,lime,none,wine_quality,358,training,4,1,
169,5,1,1,single_condition,lime,none,wine_quality,495,testing,1,0,False
169,6,1,2,single_condition,lime,none,wine_quality,1369,testing,2,0,True
169,7,1,3,single_condition,lime,none,wine_quality,1061,testing,3,1,False
169,8,1,4,single_condition,lime,none,wine_quality,480,testing,4,0,True
169,9,1,5,single_condition,lime,none,wine_quality,1136,testing,5,1,False
169,10,1,6,single_condition,lime,none,wine_quality,947,testing,6,1,True
170,1,1,1,single_condition,lime,attribution,wine_quality,1202,training,1,1,
170,2,1,2,single_condition,lime,attribution,wine_quality,1048,training,2,0,
170,3,1,3,single_condition,lime,attribution,wine_quality,608,training,3,0,
170,4,1,4,single_condition,lime,attribution,wine_quality,1450,training,4,1,
170,5,1,1,single_condition,lime,attribution,wine_quality,23,testing,1,0,True
170,6,1,2,single_condition,lime,attribution,wine_quality,1136,testing,2,1,True
170,7,1,3,single_condition,lime,attribution,wine_quality,964,testing,3,1,True
170,8,1,4,single_condition,lime,attribution,wine_quality,982,testing,4,1,False
170,9,1,5,single_condition,lime,attribution,wine_quality,856,testing,5,0,False
170,10,1,6,single_condition,lime,attribution,wine_quality,362,testing,6,0,False
171,1,1,1,single_condition,lime,importance,wine_quality,1117,training,1,0,
171,2,1,2,single_condition,lime,importance,wine_quality,784,training,2,0,
171,3,1,3,single_condition,lime,importance,wine_quality,966,training,3,1,
171,4,1,4,single_condition,lime,importance,wine_quality,867,training,4,1,
171,5,1,1,single_condition,lime,importance,wine_quality,18,testing,1,0,False
171,6,1,2,single_condition,lime,importance,wine_quality,950,testing,2,1,True
171,7,1,3,single_condition,lime,importance,wine_quality,214,testing,3,0,True
171,8,1,4,single_condition,lime,importance,wine_quality,1405,testing,4,1,False
171,9,1,5,single_condition,lime,importance,wine_quality,1128,testing,5,0,False
171,10,1,6,single_condition,lime,importance,wine_quality,377,testing,6,1,True
172,1,1,1,single_condition,shap,none,wine_quality,346,training,1,1,
172,2,1,2,single_condition,shap,none,wine_quality,932,training,2,0,
172,3,1,3,single_condition,shap,none,wine_quality,625,training,3,0,
172,4,1,4,single_condition,shap,none,wine_quality,922,training,4,1,
172,5,1,1,single_condition,shap,none,wine_quality,947,testing,1,1,True
172,6,1,2,single_condition,shap,none,wine_quality,1060,testing,2,0,False
172,7,1,3,single_condition,shap,none,wine_quality,46,testing,3,0,False
172,8,1,4,single_condition,shap,none,wine_quality,1070,testing,4,1,True
172,9,1,5,single_condition,shap,none,wine_quality,875,testing,5,1,False
172,10,1,6,single_condition,shap,none,wine_quality,1260,testing,6,0,True
173,1,1,1,single_condition,shap,attribution,wine_quality,589,training,1,1,
173,2,1,2,single_condition,shap,attribution,wine_quality,31,training,2,0,
173,3,1,3,single_condition,shap,attribution,wine_quality,922,training,3,1,
173,4,1,4,single_condition,shap,attribution,wine_quality,1587,training,4,0,
173,5,1,1,single_condition,shap,attribution,wine_quality,1371,testing,1,1,True
173,6,1,2,single_condition,shap,attribution,wine_quality,1367,testing,2,0,False
173,7,1,3,single_condition,shap,attribution,wine_quality,377,testing,3,1,True
173,8,1,4,single_condition,shap,attribution,wine_quality,192,testing,4,0,True
173,9,1,5,single_condition,shap,attribution,wine_quality,513,testing,5,1,False
173,10,1,6,single_condition,shap,attribution,wine_quality,1130,testing,6,0,False
174,1,1,1,single_condition,shap,importance,wine_quality,710,training,1,0,
174,2,1,2,single_condition,shap,importance,wine_quality,238,training,2,0,
174,3,1,3,single_condition,shap,importance,wine_quality,467,training,3,1,
174,4,1,4,single_condition,shap,importance,wine_quality,336,training,4,1,
174,5,1,1,single_condition,shap,importance,wine_quality,596,testing,1,0,True
174,6,1,2,single_condition,shap,importance,wine_quality,982,testing,2,1,True
174,7,1,3,single_condition,shap,importance,wine_quality,1396,testing,3,0,False
174,8,1,4,single_condition,shap,importance,wine_quality,1251,testing,4,0,True
174,9,1,5,single_condition,shap,importance,wine_quality,267,testing,5,1,False
174,10,1,6,single_condition,shap,importance,wine_quality,928,testing,6,1,False
175,1,1,1,single_condition,integrated_gradients,none,wine_quality,358,training,1,1,
175,2,1,2,single_condition,integrated_gradients,none,wine_quality,48,training,2,0,
175,3,1,3,single_condition,integrated_gradients,none,wine_quality,1067,training,3,1,
175,4,1,4,single_condition,integrated_gradients,none,wine_quality,297,training,4,0,
175,5,1,1,single_condition,integrated_gradients,none,wine_quality,21,testing,1,0,False
175,6,1,2,single_condition,integrated_gradients,none,wine_quality,1371,testing,2,1,False
175,7,1,3,single_condition,integrated_gradients,none,wine_quality,580,testing,3,0,True
175,8,1,4,single_condition,integrated_gradients,none,wine_quality,124,testing,4,0,True
175,9,1,5,single_condition,integrated_gradients,none,wine_quality,1405,testing,5,1,True
175,10,1,6,single_condition,integrated_gradients,none,wine_quality,1070,testing,6,1,False
176,1,1,1,single_condition,integrated_gradients,attribution,wine_quality,128,training,1,1,
176,2,1,2,single_condition,integrated_gradients,attribution,wine_quality,1156,training,2,0,
176,3,1,3,single_condition,integrated_gradients,attribution,wine_quality,922,training,3,1,
176,4,1,4,single_condition,integrated_gradients,attribution,wine_quality,737,training,4,0,
176,5,1,1,single_condition,integrated_gradients,attribution,wine_quality,1172,testing,1,1,True
176,6,1,2,single_condition,integrated_gradients,attribution,wine_quality,940,testing,2,1,False
176,7,1,3,single_condition,integrated_gradients,attribution,wine_quality,782,testing,3,0,False
176,8,1,4,single_condition,integrated_gradients,attribution,wine_quality,725,testing,4,0,True
176,9,1,5,single_condition,integrated_gradients,attribution,wine_quality,1405,testing,5,1,False
176,10,1,6,single_condition,integrated_gradients,attribution,wine_quality,261,testing,6,0,True
177,1,1,1,single_condition,integrated_gradients,importance,wine_quality,1048,training,1,0,
177,2,1,2,single_condition,integrated_gradients,importance,wine_quality,1585,training,2,1,
177,3,1,3,single_condition,integrated_gradients,importance,wine_quality,1226,training,3,0,
177,4,1,4,single_condition,integrated_gradients,importance,wine_quality,896,training,4,1,
177,5,1,1,single_condition,integrated_gradients,importance,wine_quality,626,testing,1,0,True
177,6,1,2,single_condition,integrated_gradients,importance,wine_quality,1405,testing,2,1,True
177,7,1,3,single_condition,integrated_gradients,importance,wine_quality,928,testing,3,1,False
177,8,1,4,single_condition,integrated_gradients,importance,wine_quality,950,testing,4,1,False
177,9,1,5,single_condition,integrated_gradients,importance,wine_quality,1555,testing,5,0,True
177,10,1,6,single_condition,integrated_gradients,importance,wine_quality,1322,testing,6,0,False
178,1,1,1,single_condition,input_gradients,none,wine_quality,1492,training,1,0,
178,2,1,2,single_condition,input_gradients,none,wine_quality,1423,training,2,0,
178,3,1,3,single_condition,input_gradients,none,wine_quality,1202,training,3,1,
178,4,1,4,single_condition,input_gradients,none,wine_quality,357,training,4,1,
178,5,1,1,single_condition,input_gradients,none,wine_quality,122,testing,1,0,True
178,6,1,2,single_condition,input_gradients,none,wine_quality,982,testing,2,1,True
178,7,1,3,single_condition,input_gradients,none,wine_quality,1590,testing,3,1,False
178,8,1,4,single_condition,input_gradients,none,wine_quality,1172,testing,4,1,False
178,9,1,5,single_condition,input_gradients,none,wine_quality,523,testing,5,0,False
178,10,1,6,single_condition,input_gradients,none,wine_quality,269,testing,6,0,True
179,1,1,1,single_condition,input_gradients,attribution,wine_quality,467,training,1,1,
179,2,1,2,single_condition,input_gradients,attribution,wine_quality,571,training,2,0,
179,3,1,3,single_condition,input_gradients,attribution,wine_quality,817,training,3,1,
179,4,1,4,single_condition,input_gradients,attribution,wine_quality,1353,training,4,0,
179,5,1,1,single_condition,input_gradients,attribution,wine_quality,46,testing,1,0,False
179,6,1,2,single_condition,input_gradients,attribution,wine_quality,882,testing,2,1,False
179,7,1,3,single_condition,input_gradients,attribution,wine_quality,875,testing,3,1,False
179,8,1,4,single_condition,input_gradients,attribution,wine_quality,18,testing,4,0,True
179,9,1,5,single_condition,input_gradients,attribution,wine_quality,713,testing,5,0,True
179,10,1,6,single_condition,input_gradients,attribution,wine_quality,1172,testing,6,1,True
180,1,1,1,single_condition,input_gradients,importance,wine_quality,821,training,1,1,
180,2,1,2,single_condition,input_gradients,importance,wine_quality,589,training,2,1,
180,3,1,3,single_condition,input_gradients,importance,wine_quality,225,training,3,0,
180,4,1,4,single_condition,input_gradients,importance,wine_quality,834,training,4,0,
180,5,1,1,single_condition,input_gradients,importance,wine_quality,294,testing,1,0,True
180,6,1,2,single_condition,input_gradients,importance,wine_quality,505,testing,2,1,False
180,7,1,3,single_condition,input_gradients,importance,wine_quality,882,testing,3,1,True
180,8,1,4,single_condition,input_gradients,importance,wine_quality,344,testing,4,1,False
180,9,1,5,single_condition,input_gradients,importance,wine_quality,733,testing,5,0,False
180,10,1,6,single_condition,input_gradients,importance,wine_quality,725,testing,6,0,True
181,1,1,1,single_condition,lime,none,wine_quality,1076,training,1,1,
181,2,1,2,single_condition,lime,none,wine_quality,1477,training,2,1,
181,3,1,3,single_condition,lime,none,wine_quality,615,training,3,0,
181,4,1,4,single_condition,lime,none,wine_quality,825,training,4,0,
181,5,1,1,single_condition,lime,none,wine_quality,192,testing,1,0,True
181,6,1,2,single_condition,lime,none,wine_quality,1371,testing,2,1,True
181,7,1,3,single_condition,lime,none,wine_quality,344,testing,3,1,False
181,8,1,4,single_condition,lime,none,wine_quality,13,testing,4,0,True
181,9,1,5,single_condition,lime,none,wine_quality,27,testing,5,0,False
181,10,1,6,single_condition,lime,none,wine_quality,940,testing,6,1,False
182,1,1,1,single_condition,lime,attribution,wine_quality,1073,training,1,0,
182,2,1,2,single_condition,lime,attribution,wine_quality,837,training,2,1,
182,3,1,3,single_condition,lime,attribution,wine_quality,749,training,3,0,
182,4,1,4,single_condition,lime,attribution,wine_quality,430,training,4,1,
182,5,1,1,single_condition,lime,attribution,wine_quality,960,testing,1,1,False
182,6,1,2,single_condition,lime,attribution,wine_quality,1508,testing,2,0,False
182,7,1,3,single_condition,lime,attribution,wine_quality,1082,testing,3,0,True
182,8,1,4,single_condition,lime,attribution,wine_quality,1016,testing,4,1,True
182,9,1,5,single_condition,lime,attribution,wine_quality,882,testing,5,1,False
182,10,1,6,single_condition,lime,attribution,wine_quality,140,testing,6,0,True
183,1,1,1,single_condition,lime,importance,wine_quality,1006,training,1,1,
183,2,1,2,single_condition,lime,importance,wine_quality,280,training,2,0,
183,3,1,3,single_condition,lime,importance,wine_quality,1208,training,3,0,
183,4,1,4,single_condition,lime,importance,wine_quality,887,training,4,1,
183,5,1,1,single_condition,lime,importance,wine_quality,782,testing,1,0,True
183,6,1,2,single_condition,lime,importance,wine_quality,1297,testing,2,0,False
183,7,1,3,single_condition,lime,importance,wine_quality,1107,testing,3,1,False
183,8,1,4,single_condition,lime,importance,wine_quality,982,testing,4,1,True
183,9,1,5,single_condition,lime,importance,wine_quality,1371,testing,5,1,True
183,10,1,6,single_condition,lime,importance,wine_quality,1253,testing,6,0,False
184,1,1,1,single_condition,shap,none,wine_quality,1216,training,1,0,
184,2,1,2,single_condition,shap,none,wine_quality,840,training,2,1,
184,3,1,3,single_condition,shap,none,wine_quality,1141,training,3,0,
184,4,1,4,single_condition,shap,none,wine_quality,1068,training,4,1,
184,5,1,1,single_condition,shap,none,wine_quality,739,testing,1,0,True
184,6,1,2,single_condition,shap,none,wine_quality,1371,testing,2,1,False
184,7,1,3,single_condition,shap,none,wine_quality,1555,testing,3,0,True
184,8,1,4,single_condition,shap,none,wine_quality,1136,testing,4,1,False
184,9,1,5,single_condition,shap,none,wine_quality,1508,testing,5,0,False
184,10,1,6,single_condition,shap,none,wine_quality,588,testing,6,1,True
185,1,1,1,single_condition,shap,attribution,wine_quality,346,training,1,1,
185,2,1,2,single_condition,shap,attribution,wine_quality,946,training,2,1,
185,3,1,3,single_condition,shap,attribution,wine_quality,1249,training,3,0,
185,4,1,4,single_condition,shap,attribution,wine_quality,179,training,4,0,
185,5,1,1,single_condition,shap,attribution,wine_quality,964,testing,1,1,True
185,6,1,2,single_condition,shap,attribution,wine_quality,733,testing,2,0,True
185,7,1,3,single_condition,shap,attribution,wine_quality,1188,testing,3,0,False
185,8,1,4,single_condition,shap,attribution,wine_quality,1016,testing,4,1,False
185,9,1,5,single_condition,shap,attribution,wine_quality,1319,testing,5,0,True
185,10,1,6,single_condition,shap,attribution,wine_quality,1061,testing,6,1,False
186,1,1,1,single_condition,shap,importance,wine_quality,153,training,1,0,
186,2,1,2,single_condition,shap,importance,wine_quality,948,training,2,1,
186,3,1,3,single_condition,shap,importance,wine_quality,264,training,3,1,
186,4,1,4,single_condition,shap,importance,wine_quality,1435,training,4,0,
186,5,1,1,single_condition,shap,importance,wine_quality,1560,testing,1,0,True
186,6,1,2,single_condition,shap,importance,wine_quality,1590,testing,2,1,False
186,7,1,3,single_condition,shap,importance,wine_quality,882,testing,3,1,True
186,8,1,4,single_condition,shap,importance,wine_quality,1597,testing,4,0,True
186,9,1,5,single_condition,shap,importance,wine_quality,982,testing,5,1,False
186,10,1,6,single_condition,shap,importance,wine_quality,429,testing,6,0,False
187,1,1,1,single_condition,integrated_gradients,none,wine_quality,1412,training,1,1,
187,2,1,2,single_condition,integrated_gradients,none,wine_quality,128,training,2,1,
187,3,1,3,single_condition,integrated_gradients,none,wine_quality,651,training,3,0,
187,4,1,4,single_condition,integrated_gradients,none,wine_quality,1163,training,4,0,
187,5,1,1,single_condition,integrated_gradients,none,wine_quality,1590,testing,1,1,True
187,6,1,2,single_condition,integrated_gradients,none,wine_quality,875,testing,2,1,True
187,7,1,3,single_condition,integrated_gradients,none,wine_quality,18,testing,3,0,False
187,8,1,4,single_condition,integrated_gradients,none,wine_quality,122,testing,4,0,True
187,9,1,5,single_condition,integrated_gradients,none,wine_quality,999,testing,5,0,False
187,10,1,6,single_condition,integrated_gradients,none,wine_quality,1371,testing,6,1,False
188,1,1,1,single_condition,integrated_gradients,attribution,wine_quality,97,training,1,0,
188,2,1,2,single_condition,integrated_gradients,attribution,wine_quality,1086,training,2,1,
188,3,1,3,single_condition,integrated_gradients,attribution,wine_quality,128,training,3,1,
188,4,1,4,single_condition,integrated_gradients,attribution,wine_quality,305,training,4,0,
188,5,1,1,single_condition,integrated_gradients,attribution,wine_quality,588,testing,1,1,True
188,6,1,2,single_condition,integrated_gradients,attribution,wine_quality,216,testing,2,0,False
188,7,1,3,single_condition,integrated_gradients,attribution,wine_quality,713,testing,3,0,True
188,8,1,4,single_condition,integrated_gradients,attribution,wine_quality,1371,testing,4,1,True
188,9,1,5,single_condition,integrated_gradients,attribution,wine_quality,1016,testing,5,1,False
188,10,1,6,single_condition,integrated_gradients,attribution,wine_quality,160,testing,6,0,False
189,1,1,1,single_condition,integrated_gradients,importance,wine_quality,758,training,1,0,
189,2,1,2,single_condition,integrated_gradients,importance,wine_quality,1002,training,2,1,
189,3,1,3,single_condition,integrated_gradients,importance,wine_quality,1066,training,3,1,
189,4,1,4,single_condition,integrated_gradients,importance,wine_quality,917,training,4,0,
189,5,1,1,single_condition,integrated_gradients,importance,wine_quality,1370,testing,1,0,False
189,6,1,2,single_condition,integrated_gradients,importance,wine_quality,964,testing,2,1,True
189,7,1,3,single_condition,integrated_gradients,importance,wine_quality,940,testing,3,1,True
189,8,1,4,single_condition,integrated_gradients,importance,wine_quality,982,testing,4,1,False
189,9,1,5,single_condition,integrated_gradients,importance,wine_quality,647,testing,5,0,False
189,10,1,6,single_condition,integrated_gradients,importance,wine_quality,1476,testing,6,0,True
190,1,1,1,single_condition,input_gradients,none,wine_quality,1475,training,1,1,
190,2,1,2,single_condition,input_gradients,none,wine_quality,26,training,2,0,
190,3,1,3,single_condition,input_gradients,none,wine_quality,462,training,3,1,
190,4,1,4,single_condition,input_gradients,none,wine_quality,697,training,4,0,
190,5,1,1,single_condition,input_gradients,none,wine_quality,191,testing,1,0,False
190,6,1,2,single_condition,input_gradients,none,wine_quality,1531,testing,2,0,True
190,7,1,3,single_condition,input_gradients,none,wine_quality,1120,testing,3,1,True
190,8,1,4,single_condition,input_gradients,none,wine_quality,1016,testing,4,1,False
190,9,1,5,single_condition,input_gradients,none,wine_quality,947,testing,5,1,True
190,10,1,6,single_condition,input_gradients,none,wine_quality,1559,testing,6,0,False
191,1,1,1,single_condition,input_gradients,attribution,wine_quality,799,training,1,0,
191,2,1,2,single_condition,input_gradients,attribution,wine_quality,504,training,2,1,
191,3,1,3,single_condition,input_gradients,attribution,wine_quality,240,training,3,0,
191,4,1,4,single_condition,input_gradients,attribution,wine_quality,807,training,4,1,
191,5,1,1,single_condition,input_gradients,attribution,wine_quality,410,testing,1,0,False
191,6,1,2,single_condition,input_gradients,attribution,wine_quality,1016,testing,2,1,False
191,7,1,3,single_condition,input_gradients,attribution,wine_quality,540,testing,3,0,True
191,8,1,4,single_condition,input_gradients,attribution,wine_quality,928,testing,4,1,True
191,9,1,5,single_condition,input_gradients,attribution,wine_quality,1267,testing,5,1,True
191,10,1,6,single_condition,input_gradients,attribution,wine_quality,1173,testing,6,0,False
192,1,1,1,single_condition,input_gradients,importance,wine_quality,477,training,1,1,
192,2,1,2,single_condition,input_gradients,importance,wine_quality,924,training,2,1,
192,3,1,3,single_condition,input_gradients,importance,wine_quality,1500,training,3,0,
192,4,1,4,single_condition,input_gradients,importance,wine_quality,1189,training,4,0,
192,5,1,1,single_condition,input_gradients,importance,wine_quality,1016,testing,1,1,True
192,6,1,2,single_condition,input_gradients,importance,wine_quality,1476,testing,2,0,True
192,7,1,3,single_condition,input_gradients,importance,wine_quality,344,testing,3,1,False
192,8,1,4,single_condition,input_gradients,importance,wine_quality,1586,testing,4,0,True
192,9,1,5,single_condition,input_gradients,importance,wine_quality,152,testing,5,0,False
192,10,1,6,single_condition,input_gradients,importance,wine_quality,982,testing,6,1,False
193,1,1,1,single_condition,lime,none,wine_quality,983,training,1,0,
193,2,1,2,single_condition,lime,none,wine_quality,1545,training,2,0,
193,3,1,3,single_condition,lime,none,wine_quality,1066,training,3,1,
193,4,1,4,single_condition,lime,none,wine_quality,836,training,4,1,
193,5,1,1,single_condition,lime,none,wine_quality,1267,testing,1,1,True
193,6,1,2,single_condition,lime,none,wine_quality,882,testing,2,1,False
193,7,1,3,single_condition,lime,none,wine_quality,528,testing,3,0,False
193,8,1,4,single_condition,lime,none,wine_quality,1389,testing,4,0,False
193,9,1,5,single_condition,lime,none,wine_quality,1172,testing,5,1,True
193,10,1,6,single_condition,lime,none,wine_quality,1205,testing,6,0,True
194,1,1,1,single_condition,lime,attribution,wine_quality,887,training,1,1,
194,2,1,2,single_condition,lime,attribution,wine_quality,652,training,2,0,
194,3,1,3,single_condition,lime,attribution,wine_quality,1119,training,3,0,
194,4,1,4,single_condition,lime,attribution,wine_quality,1450,training,4,1,
194,5,1,1,single_condition,lime,attribution,wine_quality,1070,testing,1,1,True
194,6,1,2,single_condition,lime,attribution,wine_quality,1120,testing,2,1,False
194,7,1,3,single_condition,lime,attribution,wine_quality,1306,testing,3,0,True
194,8,1,4,single_condition,lime,attribution,wine_quality,456,testing,4,0,True
194,9,1,5,single_condition,lime,attribution,wine_quality,1371,testing,5,1,False
194,10,1,6,single_condition,lime,attribution,wine_quality,1367,testing,6,0,False
195,1,1,1,single_condition,lime,importance,wine_quality,866,training,1,1,
195,2,1,2,single_condition,lime,importance,wine_quality,1006,training,2,1,
195,3,1,3,single_condition,lime,importance,wine_quality,1423,training,3,0,
195,4,1,4,single_condition,lime,importance,wine_quality,567,training,4,0,
195,5,1,1,single_condition,lime,importance,wine_quality,1590,testing,1,1,False
195,6,1,2,single_condition,lime,importance,wine_quality,1267,testing,2,1,True
195,7,1,3,single_condition,lime,importance,wine_quality,849,testing,3,0,True
195,8,1,4,single_condition,lime,importance,wine_quality,1495,testing,4,0,True
195,9,1,5,single_condition,lime,importance,wine_quality,772,testing,5,0,False
195,10,1,6,single_condition,lime,importance,wine_quality,947,testing,6,1,False
196,1,1,1,single_condition,shap,none,wine_quality,465,training,1,0,
196,2,1,2,single_condition,shap,none,wine_quality,1475,training,2,1,
196,3,1,3,single_condition,shap,none,wine_quality,1067,training,3,1,
196,4,1,4,single_condition,shap,none,wine_quality,762,training,4,0,
196,5,1,1,single_condition,shap,none,wine_quality,344,testing,1,1,False
196,6,1,2,single_condition,shap,none,wine_quality,1590,testing,2,1,True
196,7,1,3,single_condition,shap,none,wine_quality,888,testing,3,0,True
196,8,1,4,single_condition,shap,none,wine_quality,243,testing,4,0,True
196,9,1,5,single_condition,shap,none,wine_quality,377,testing,5,1,False
196,10,1,6,single_condition,shap,none,wine_quality,1330,testing,6,0,False
197,1,1,1,single_condition,shap,attribution,wine_quality,455,training,1,1,
197,2,1,2,single_condition,shap,attribution,wine_quality,1096,training,2,0,
197,3,1,3,single_condition,shap,attribution,wine_quality,1153,training,3,0,
197,4,1,4,single_condition,shap,attribution,wine_quality,945,training,4,1,
197,5,1,1,single_condition,shap,attribution,wine_quality,1519,testing,1,0,True
197,6,1,2,single_condition,shap,attribution,wine_quality,377,testing,2,1,False
197,7,1,3,single_condition,shap,attribution,wine_quality,1016,testing,3,1,True
197,8,1,4,single_condition,shap,attribution,wine_quality,284,testing,4,0,False
197,9,1,5,single_condition,shap,attribution,wine_quality,1405,testing,5,1,True
197,10,1,6,single_condition,shap,attribution,wine_quality,197,testing,6,0,False
198,1,1,1,single_condition,shap,importance,wine_quality,1008,training,1,1,
198,2,1,2,single_condition,shap,importance,wine_quality,683,training,2,0,
198,3,1,3,single_condition,shap,importance,wine_quality,111,training,3,0,
198,4,1,4,single_condition,shap,importance,wine_quality,966,training,4,1,
198,5,1,1,single_condition,shap,importance,wine_quality,544,testing,1,0,True
198,6,1,2,single_condition,shap,importance,wine_quality,1001,testing,2,0,True
198,7,1,3,single_condition,shap,importance,wine_quality,1061,testing,3,1,True
198,8,1,4,single_condition,shap,importance,wine_quality,152,testing,4,0,False
198,9,1,5,single_condition,shap,importance,wine_quality,947,testing,5,1,False
198,10,1,6,single_condition,shap,importance,wine_quality,344,testing,6,1,False
199,1,1,1,single_condition,integrated_gradients,none,wine_quality,430,training,1,1,
199,2,1,2,single_condition,integrated_gradients,none,wine_quality,88,training,2,0,
199,3,1,3,single_condition,integrated_gradients,none,wine_quality,1570,training,3,1,
199,4,1,4,single_condition,integrated_gradients,none,wine_quality,1181,training,4,0,
199,5,1,1,single_condition,integrated_gradients,none,wine_quality,344,testing,1,1,True
199,6,1,2,single_condition,integrated_gradients,none,wine_quality,1051,testing,2,0,False
199,7,1,3,single_condition,integrated_gradients,none,wine_quality,964,testing,3,1,False
199,8,1,4,single_condition,integrated_gradients,none,wine_quality,1107,testing,4,1,False
199,9,1,5,single_condition,integrated_gradients,none,wine_quality,23,testing,5,0,True
199,10,1,6,single_condition,integrated_gradients,none,wine_quality,15,testing,6,0,True
200,1,1,1,single_condition,integrated_gradients,attribution,wine_quality,1050,training,1,0,
200,2,1,2,single_condition,integrated_gradients,attribution,wine_quality,898,training,2,1,
200,3,1,3,single_condition,integrated_gradients,attribution,wine_quality,1063,training,3,1,
200,4,1,4,single_condition,integrated_gradients,attribution,wine_quality,564,training,4,0,
200,5,1,1,single_condition,integrated_gradients,attribution,wine_quality,733,testing,1,0,False
200,6,1,2,single_condition,integrated_gradients,attribution,wine_quality,1151,testing,2,0,False
200,7,1,3,single_condition,integrated_gradients,attribution,wine_quality,1371,testing,3,1,False
200,8,1,4,single_condition,integrated_gradients,attribution,wine_quality,1172,testing,4,1,True
200,9,1,5,single_condition,integrated_gradients,attribution,wine_quality,1396,testing,5,0,True
200,10,1,6,single_condition,integrated_gradients,attribution,wine_quality,940,testing,6,1,True
201,1,1,1,single_condition,integrated_gradients,importance,wine_quality,1321,training,1,0,
201,2,1,2,single_condition,integrated_gradients,importance,wine_quality,1162,training,2,1,
201,3,1,3,single_condition,integrated_gradients,importance,wine_quality,518,training,3,1,
201,4,1,4,single_condition,integrated_gradients,importance,wine_quality,792,training,4,0,
201,5,1,1,single_condition,integrated_gradients,importance,wine_quality,1473,testing,1,0,True
201,6,1,2,single_condition,integrated_gradients,importance,wine_quality,267,testing,2,1,False
201,7,1,3,single_condition,integrated_gradients,importance,wine_quality,1552,testing,3,0,True
201,8,1,4,single_condition,integrated_gradients,importance,wine_quality,1016,testing,4,1,False
201,9,1,5,single_condition,integrated_gradients,importance,wine_quality,875,testing,5,1,True
201,10,1,6,single_condition,integrated_gradients,importance,wine_quality,163,testing,6,0,False
202,1,1,1,single_condition,input_gradients,none,wine_quality,413,training,1,1,
202,2,1,2,single_condition,input_gradients,none,wine_quality,854,training,2,0,
202,3,1,3,single_condition,input_gradients,none,wine_quality,1223,training,3,1,
202,4,1,4,single_condition,input_gradients,none,wine_quality,1020,training,4,0,
202,5,1,1,single_condition,input_gradients,none,wine_quality,69,testing,1,1,False
202,6,1,2,single_condition,input_gradients,none,wine_quality,1021,testing,2,0,True
202,7,1,3,single_condition,input_gradients,none,wine_quality,1552,testing,3,0,False
202,8,1,4,single_condition,input_gradients,none,wine_quality,588,testing,4,1,True
202,9,1,5,single_condition,input_gradients,none,wine_quality,311,testing,5,0,False
202,10,1,6,single_condition,input_gradients,none,wine_quality,960,testing,6,1,True
203,1,1,1,single_condition,input_gradients,attribution,wine_quality,1194,training,1,0,
203,2,1,2,single_condition,input_gradients,attribution,wine_quality,966,training,2,1,
203,3,1,3,single_condition,input_gradients,attribution,wine_quality,205,training,3,1,
203,4,1,4,single_condition,input_gradients,attribution,wine_quality,679,training,4,0,
203,5,1,1,single_condition,input_gradients,attribution,wine_quality,1398,testing,1,0,False
203,6,1,2,single_condition,input_gradients,attribution,wine_quality,193,testing,2,0,True
203,7,1,3,single_condition,input_gradients,attribution,wine_quality,1136,testing,3,1,True
203,8,1,4,single_condition,input_gradients,attribution,wine_quality,1330,testing,4,0,False
203,9,1,5,single_condition,input_gradients,attribution,wine_quality,940,testing,5,1,True
203,10,1,6,single_condition,input_gradients,attribution,wine_quality,1267,testing,6,1,False
204,1,1,1,single_condition,input_gradients,importance,wine_quality,836,training,1,1,
204,2,1,2,single_condition,input_gradients,importance,wine_quality,1543,training,2,0,
204,3,1,3,single_condition,input_gradients,importance,wine_quality,1002,training,3,1,
204,4,1,4,single_condition,input_gradients,importance,wine_quality,440,training,4,0,
204,5,1,1,single_condition,input_gradients,importance,wine_quality,849,testing,1,0,True
204,6,1,2,single_condition,input_gradients,importance,wine_quality,947,testing,2,1,False
204,7,1,3,single_condition,input_gradients,importance,wine_quality,713,testing,3,0,True
204,8,1,4,single_condition,input_gradients,importance,wine_quality,765,testing,4,0,False
204,9,1,5,single_condition,input_gradients,importance,wine_quality,1107,testing,5,1,True
204,10,1,6,single_condition,input_gradients,importance,wine_quality,1172,testing,6,1,False
205,1,1,1,single_condition,lime,none,wine_quality,1402,training,1,1,
205,2,1,2,single_condition,lime,none,wine_quality,509,training,2,1,
205,3,1,3,single_condition,lime,none,wine_quality,618,training,3,0,
205,4,1,4,single_condition,lime,none,wine_quality,911,training,4,0,
205,5,1,1,single_condition,lime,none,wine_quality,61,testing,1,0,True
205,6,1,2,single_condition,lime,none,wine_quality,882,testing,2,1,False
205,7,1,3,single_condition,lime,none,wine_quality,1061,testing,3,1,True
205,8,1,4,single_condition,lime,none,wine_quality,789,testing,4,0,True
205,9,1,5,single_condition,lime,none,wine_quality,1469,testing,5,0,False
205,10,1,6,single_condition,lime,none,wine_quality,1016,testing,6,1,False
206,1,1,1,single_condition,lime,attribution,wine_quality,1104,training,1,0,
206,2,1,2,single_condition,lime,attribution,wine_quality,413,training,2,1,
206,3,1,3,single_condition,lime,attribution,wine_quality,256,training,3,0,
206,4,1,4,single_condition,lime,attribution,wine_quality,357,training,4,1,
206,5,1,1,single_condition,lime,attribution,wine_quality,688,testing,1,0,True
206,6,1,2,single_condition,lime,attribution,wine_quality,841,testing,2,0,False
206,7,1,3,single_condition,lime,attribution,wine_quality,22,testing,3,0,True
206,8,1,4,single_condition,lime,attribution,wine_quality,875,testing,4,1,False
206,9,1,5,single_condition,lime,attribution,wine_quality,950,testing,5,1,True
206,10,1,6,single_condition,lime,attribution,wine_quality,588,testing,6,1,False
207,1,1,1,single_condition,lime,importance,wine_quality,1098,training,1,1,
207,2,1,2,single_condition,lime,importance,wine_quality,816,training,2,0,
207,3,1,3,single_condition,lime,importance,wine_quality,276,training,3,0,
207,4,1,4,single_condition,lime,importance,wine_quality,915,training,4,1,
207,5,1,1,single_condition,lime,importance,wine_quality,452,testing,1,0,False
207,6,1,2,single_condition,lime,importance,wine_quality,940,testing,2,1,False
207,7,1,3,single_condition,lime,importance,wine_quality,1061,testing,3,1,False
207,8,1,4,single_condition,lime,importance,wine_quality,344,testing,4,1,True
207,9,1,5,single_condition,lime,importance,wine_quality,939,testing,5,0,True
207,10,1,6,single_condition,lime,importance,wine_quality,692,testing,6,0,True
208,1,1,1,single_condition,shap,none,wine_quality,514,training,1,1,
208,2,1,2,single_condition,shap,none,wine_quality,677,training,2,0,
208,3,1,3,single_condition,shap,none,wine_quality,1093,training,3,1,
208,4,1,4,single_condition,shap,none,wine_quality,1220,training,4,0,
208,5,1,1,single_condition,shap,none,wine_quality,40,testing,1,0,False
208,6,1,2,single_condition,shap,none,wine_quality,376,testing,2,0,False
208,7,1,3,single_condition,shap,none,wine_quality,940,testing,3,1,True
208,8,1,4,single_condition,shap,none,wine_quality,588,testing,4,1,True
208,9,1,5,single_condition,shap,none,wine_quality,243,testing,5,0,True
208,10,1,6,single_condition,shap,none,wine_quality,950,testing,6,1,False
209,1,1,1,single_condition,shap,attribution,wine_quality,837,training,1,1,
209,2,1,2,single_condition,shap,attribution,wine_quality,866,training,2,1,
209,3,1,3,single_condition,shap,attribution,wine_quality,208,training,3,0,
209,4,1,4,single_condition,shap,attribution,wine_quality,1420,training,4,0,
209,5,1,1,single_condition,shap,attribution,wine_quality,739,testing,1,0,True
209,6,1,2,single_condition,shap,attribution,wine_quality,1121,testing,2,0,False
209,7,1,3,single_condition,shap,attribution,wine_quality,491,testing,3,1,True
209,8,1,4,single_condition,shap,attribution,wine_quality,160,testing,4,0,False
209,9,1,5,single_condition,shap,attribution,wine_quality,267,testing,5,1,True
209,10,1,6,single_condition,shap,attribution,wine_quality,588,testing,6,1,False
210,1,1,1,single_condition,shap,importance,wine_quality,836,training,1,1,
210,2,1,2,single_condition,shap,importance,wine_quality,1343,training,2,0,
210,3,1,3,single_condition,shap,importance,wine_quality,518,training,3,1,
210,4,1,4,single_condition,shap,importance,wine_quality,1181,training,4,0,
210,5,1,1,single_condition,shap,importance,wine_quality,646,testing,1,0,False
210,6,1,2,single_condition,shap,importance,wine_quality,13,testing,2,0,True
210,7,1,3,single_condition,shap,importance,wine_quality,1172,testing,3,1,False
210,8,1,4,single_condition,shap,importance,wine_quality,882,testing,4,1,False
210,9,1,5,single_condition,shap,importance,wine_quality,1113,testing,5,0,True
210,10,1,6,single_condition,shap,importance,wine_quality,1132,testing,6,1,True
211,1,1,1,single_condition,integrated_gradients,none,wine_quality,72,training,1,0,
211,2,1,2,single_condition,integrated_gradients,none,wine_quality,1594,training,2,0,
211,3,1,3,single_condition,integrated_gradients,none,wine_quality,341,training,3,1,
211,4,1,4,single_condition,integrated_gradients,none,wine_quality,817,training,4,1,
211,5,1,1,single_condition,integrated_gradients,none,wine_quality,1188,testing,1,0,True
211,6,1,2,single_condition,integrated_gradients,none,wine_quality,882,testing,2,1,True
211,7,1,3,single_condition,integrated_gradients,none,wine_quality,1061,testing,3,1,False
211,8,1,4,single_condition,integrated_gradients,none,wine_quality,377,testing,4,1,False
211,9,1,5,single_condition,integrated_gradients,none,wine_quality,100,testing,5,0,False
211,10,1,6,single_condition,integrated_gradients,none,wine_quality,1388,testing,6,0,True
212,1,1,1,single_condition,integrated_gradients,attribution,wine_quality,538,training,1,1,
212,2,1,2,single_condition,integrated_gradients,attribution,wine_quality,1579,training,2,0,
212,3,1,3,single_condition,integrated_gradients,attribution,wine_quality,205,training,3,1,
212,4,1,4,single_condition,integrated_gradients,attribution,wine_quality,1272,training,4,0,
212,5,1,1,single_condition,integrated_gradients,attribution,wine_quality,928,testing,1,1,False
212,6,1,2,single_condition,integrated_gradients,attribution,wine_quality,377,testing,2,1,True
212,7,1,3,single_condition,integrated_gradients,attribution,wine_quality,1061,testing,3,1,True
212,8,1,4,single_condition,integrated_gradients,attribution,wine_quality,521,testing,4,0,False
212,9,1,5,single_condition,integrated_gradients,attribution,wine_quality,1121,testing,5,0,False
212,10,1,6,single_condition,integrated_gradients,attribution,wine_quality,532,testing,6,0,True
213,1,1,1,single_condition,integrated_gradients,importance,wine_quality,200,training,1,0,
213,2,1,2,single_condition,integrated_gradients,importance,wine_quality,896,training,2,1,
213,3,1,3,single_condition,integrated_gradients,importance,wine_quality,924,training,3,1,
213,4,1,4,single_condition,integrated_gradients,importance,wine_quality,199,training,4,0,
213,5,1,1,single_condition,integrated_gradients,importance,wine_quality,1061,testing,1,1,False
213,6,1,2,single_condition,integrated_gradients,importance,wine_quality,950,testing,2,1,True
213,7,1,3,single_condition,integrated_gradients,importance,wine_quality,439,testing,3,0,False
213,8,1,4,single_condition,integrated_gradients,importance,wine_quality,1590,testing,4,1,True
213,9,1,5,single_condition,integrated_gradients,importance,wine_quality,311,testing,5,0,False
213,10,1,6,single_condition,integrated_gradients,importance,wine_quality,1301,testing,6,0,True
214,1,1,1,single_condition,input_gradients,none,wine_quality,341,training,1,1,
214,2,1,2,single_condition,input_gradients,none,wine_quality,1484,training,2,0,
214,3,1,3,single_condition,input_gradients,none,wine_quality,922,training,3,1,
214,4,1,4,single_condition,input_gradients,none,wine_quality,60,training,4,0,
214,5,1,1,single_condition,input_gradients,none,wine_quality,1590,testing,1,1,False
214,6,1,2,single_condition,input_gradients,none,wine_quality,1389,testing,2,0,False
214,7,1,3,single_condition,input_gradients,none,wine_quality,1016,testing,3,1,True
214,8,1,4,single_condition,input_gradients,none,wine_quality,13,testing,4,0,True
214,9,1,5,single_condition,input_gradients,none,wine_quality,100,testing,5,0,True
214,10,1,6,single_condition,input_gradients,none,wine_quality,267,testing,6,1,False
215,1,1,1,single_condition,input_gradients,attribution,wine_quality,205,training,1,1,
215,2,1,2,single_condition,input_gradients,attribution,wine_quality,88,training,2,0,
215,3,1,3,single_condition,input_gradients,attribution,wine_quality,499,training,3,0,
215,4,1,4,single_condition,input_gradients,attribution,wine_quality,1167,training,4,1,
215,5,1,1,single_condition,input_gradients,attribution,wine_quality,1136,testing,1,1,False
215,6,1,2,single_condition,input_gradients,attribution,wine_quality,1211,testing,2,0,True
215,7,1,3,single_condition,input_gradients,attribution,wine_quality,1330,testing,3,0,True
215,8,1,4,single_condition,input_gradients,attribution,wine_quality,588,testing,4,1,True
215,9,1,5,single_condition,input_gradients,attribution,wine_quality,1410,testing,5,0,False
215,10,1,6,single_condition,input_gradients,attribution,wine_quality,882,testing,6,1,False
216,1,1,1,single_condition,input_gradients,importance,wine_quality,1368,training,1,0,
216,2,1,2,single_condition,input_gradients,importance,wine_quality,1585,training,2,1,
216,3,1,3,single_condition,input_gradients,importance,wine_quality,1450,training,3,1,
216,4,1,4,single_condition,input_gradients,importance,wine_quality,690,training,4,0,
216,5,1,1,single_condition,input_gradients,importance,wine_quality,999,testing,1,0,False
216,6,1,2,single_condition,input_gradients,importance,wine_quality,79,testing,2,0,True
216,7,1,3,single_condition,input_gradients,importance,wine_quality,1172,testing,3,1,True
216,8,1,4,single_condition,input_gradients,importance,wine_quality,964,testing,4,1,True
216,9,1,5,single_condition,input_gradients,importance,wine_quality,1121,testing,5,0,False
216,10,1,6,single_condition,input_gradients,importance,wine_quality,882,testing,6,1,False
217,1,1,1,single_condition,lime,none,wine_quality,341,training,1,1,
217,2,1,2,single_condition,lime,none,wine_quality,1015,training,2,1,
217,3,1,3,single_condition,lime,none,wine_quality,670,training,3,0,
217,4,1,4,single_condition,lime,none,wine_quality,1147,training,4,0,
217,5,1,1,single_condition,lime,none,wine_quality,1297,testing,1,0,False
217,6,1,2,single_condition,lime,none,wine_quality,950,testing,2,1,False
217,7,1,3,single_condition,lime,none,wine_quality,1590,testing,3,1,True
217,8,1,4,single_condition,lime,none,wine_quality,1016,testing,4,1,False
217,9,1,5,single_condition,lime,none,wine_quality,1095,testing,5,0,True
217,10,1,6,single_condition,lime,none,wine_quality,79,testing,6,0,True
218,1,1,1,single_condition,lime,attribution,wine_quality,1549,training,1,1,
218,2,1,2,single_condition,lime,attribution,wine_quality,924,training,2,1,
218,3,1,3,single_condition,lime,attribution,wine_quality,847,training,3,0,
218,4,1,4,single_condition,lime,attribution,wine_quality,610,training,4,0,
218,5,1,1,single_condition,lime,attribution,wine_quality,875,testing,1,1,True
218,6,1,2,single_condition,lime,attribution,wine_quality,1121,testing,2,0,True
218,7,1,3,single_condition,lime,attribution,wine_quality,100,testing,3,0,False
218,8,1,4,single_condition,lime,attribution,wine_quality,344,testing,4,1,True
218,9,1,5,single_condition,lime,attribution,wine_quality,1070,testing,5,1,False
218,10,1,6,single_condition,lime,attribution,wine_quality,23,testing,6,0,False
219,1,1,1,single_condition,lime,importance,wine_quality,449,training,1,0,
219,2,1,2,single_condition,lime,importance,wine_quality,393,training,2,0,
219,3,1,3,single_condition,lime,importance,wine_quality,1086,training,3,1,
219,4,1,4,single_condition,lime,importance,wine_quality,945,training,4,1,
219,5,1,1,single_condition,lime,importance,wine_quality,1357,testing,1,0,True
219,6,1,2,single_condition,lime,importance,wine_quality,902,testing,2,0,False
219,7,1,3,single_condition,lime,importance,wine_quality,688,testing,3,0,True
219,8,1,4,single_condition,lime,importance,wine_quality,1016,testing,4,1,False
219,9,1,5,single_condition,lime,importance,wine_quality,928,testing,5,1,True
219,10,1,6,single_condition,lime,importance,wine_quality,1172,testing,6,1,False
220,1,1,1,single_condition,shap,none,wine_quality,53,training,1,0,
220,2,1,2,single_condition,shap,none,wine_quality,413,training,2,1,
220,3,1,3,single_condition,shap,none,wine_quality,389,training,3,0,
220,4,1,4,single_condition,shap,none,wine_quality,477,training,4,1,
220,5,1,1,single_condition,shap,none,wine_quality,1132,testing,1,1,False
220,6,1,2,single_condition,shap,none,wine_quality,194,testing,2,0,True
220,7,1,3,single_condition,shap,none,wine_quality,491,testing,3,1,True
220,8,1,4,single_condition,shap,none,wine_quality,588,testing,4,1,True
220,9,1,5,single_condition,shap,none,wine_quality,191,testing,5,0,False
220,10,1,6,single_condition,shap,none,wine_quality,192,testing,6,0,False
221,1,1,1,single_condition,shap,attribution,wine_quality,1412,training,1,1,
221,2,1,2,single_condition,shap,attribution,wine_quality,1467,training,2,0,
221,3,1,3,single_condition,shap,attribution,wine_quality,1402,training,3,1,
221,4,1,4,single_condition,shap,attribution,wine_quality,77,training,4,0,
221,5,1,1,single_condition,shap,attribution,wine_quality,1172,testing,1,1,True
221,6,1,2,single_condition,shap,attribution,wine_quality,1519,testing,2,0,True
221,7,1,3,single_condition,shap,attribution,wine_quality,588,testing,3,1,False
221,8,1,4,single_condition,shap,attribution,wine_quality,1367,testing,4,0,True
221,9,1,5,single_condition,shap,attribution,wine_quality,1120,testing,5,1,False
221,10,1,6,single_condition,shap,attribution,wine_quality,1322,testing,6,0,False
222,1,1,1,single_condition,shap,importance,wine_quality,608,training,1,0,
222,2,1,2,single_condition,shap,importance,wine_quality,467,training,2,1,
222,3,1,3,single_condition,shap,importance,wine_quality,514,training,3,1,
222,4,1,4,single_condition,shap,importance,wine_quality,1534,training,4,0,
222,5,1,1,single_condition,shap,importance,wine_quality,1405,testing,1,1,False
222,6,1,2,single_condition,shap,importance,wine_quality,877,testing,2,0,False
222,7,1,3,single_condition,shap,importance,wine_quality,1447,testing,3,0,True
222,8,1,4,single_condition,shap,importance,wine_quality,246,testing,4,0,False
222,9,1,5,single_condition,shap,importance,wine_quality,491,testing,5,1,True
222,10,1,6,single_condition,shap,importance,wine_quality,960,testing,6,1,True
223,1,1,1,single_condition,integrated_gradients,none,wine_quality,379,training,1,0,
223,2,1,2,single_condition,integrated_gradients,none,wine_quality,651,training,2,0,
223,3,1,3,single_condition,integrated_gradients,none,wine_quality,335,training,3,1,
223,4,1,4,single_condition,integrated_gradients,none,wine_quality,504,training,4,1,
223,5,1,1,single_condition,integrated_gradients,none,wine_quality,841,testing,1,0,True
223,6,1,2,single_condition,integrated_gradients,none,wine_quality,882,testing,2,1,True
223,7,1,3,single_condition,integrated_gradients,none,wine_quality,875,testing,3,1,False
223,8,1,4,single_condition,integrated_gradients,none,wine_quality,431,testing,4,0,True
223,9,1,5,single_condition,integrated_gradients,none,wine_quality,289,testing,5,0,False
223,10,1,6,single_condition,integrated_gradients,none,wine_quality,1061,testing,6,1,False
224,1,1,1,single_condition,integrated_gradients,attribution,wine_quality,1100,training,1,1,
224,2,1,2,single_condition,integrated_gradients,attribution,wine_quality,346,training,2,1,
224,3,1,3,single_condition,integrated_gradients,attribution,wine_quality,833,training,3,0,
224,4,1,4,single_condition,integrated_gradients,attribution,wine_quality,1321,training,4,0,
224,5,1,1,single_condition,integrated_gradients,attribution,wine_quality,1405,testing,1,1,False
224,6,1,2,single_condition,integrated_gradients,attribution,wine_quality,939,testing,2,0,False
224,7,1,3,single_condition,integrated_gradients,attribution,wine_quality,377,testing,3,1,True
224,8,1,4,single_condition,integrated_gradients,attribution,wine_quality,877,testing,4,0,True
224,9,1,5,single_condition,integrated_gradients,attribution,wine_quality,960,testing,5,1,True
224,10,1,6,single_condition,integrated_gradients,attribution,wine_quality,194,testing,6,0,False
225,1,1,1,single_condition,integrated_gradients,importance,wine_quality,697,training,1,0,
225,2,1,2,single_condition,integrated_gradients,importance,wine_quality,245,training,2,0,
225,3,1,3,single_condition,integrated_gradients,importance,wine_quality,948,training,3,1,
225,4,1,4,single_condition,integrated_gradients,importance,wine_quality,1098,training,4,1,
225,5,1,1,single_condition,integrated_gradients,importance,wine_quality,1291,testing,1,0,True
225,6,1,2,single_condition,integrated_gradients,importance,wine_quality,1398,testing,2,0,False
225,7,1,3,single_condition,integrated_gradients,importance,wine_quality,1121,testing,3,0,True
225,8,1,4,single_condition,integrated_gradients,importance,wine_quality,982,testing,4,1,True
225,9,1,5,single_condition,integrated_gradients,importance,wine_quality,1120,testing,5,1,False
225,10,1,6,single_condition,integrated_gradients,importance,wine_quality,505,testing,6,1,False
226,1,1,1,single_condition,input_gradients,none,wine_quality,1067,training,1,1,
226,2,1,2,single_condition,input_gradients,none,wine_quality,924,training,2,1,
226,3,1,3,single_condition,input_gradients,none,wine_quality,43,training,3,0,
226,4,1,4,single_condition,input_gradients,none,wine_quality,34,training,4,0,
226,5,1,1,single_condition,input_gradients,none,wine_quality,1227,testing,1,0,True
226,6,1,2,single_condition,input_gradients,none,wine_quality,1511,testing,2,0,True
226,7,1,3,single_condition,input_gradients,none,wine_quality,1424,testing,3,0,False
226,8,1,4,single_condition,input_gradients,none,wine_quality,513,testing,4,1,False
226,9,1,5,single_condition,input_gradients,none,wine_quality,491,testing,5,1,True
226,10,1,6,single_condition,input_gradients,none,wine_quality,1070,testing,6,1,False
227,1,1,1,single_condition,input_gradients,attribution,wine_quality,518,training,1,1,
227,2,1,2,single_condition,input_gradients,attribution,wine_quality,332,training,2,0,
227,3,1,3,single_condition,input_gradients,attribution,wine_quality,917,training,3,0,
227,4,1,4,single_condition,input_gradients,attribution,wine_quality,945,training,4,1,
227,5,1,1,single_condition,input_gradients,attribution,wine_quality,588,testing,1,1,False
227,6,1,2,single_condition,input_gradients,attribution,wine_quality,532,testing,2,0,True
227,7,1,3,single_condition,input_gradients,attribution,wine_quality,39,testing,3,0,False
227,8,1,4,single_condition,input_gradients,attribution,wine_quality,197,testing,4,0,False
227,9,1,5,single_condition,input_gradients,attribution,wine_quality,1172,testing,5,1,True
227,10,1,6,single_condition,input_gradients,attribution,wine_quality,964,testing,6,1,True
228,1,1,1,single_condition,input_gradients,importance,wine_quality,804,training,1,0,
228,2,1,2,single_condition,input_gradients,importance,wine_quality,1585,training,2,1,
228,3,1,3,single_condition,input_gradients,importance,wine_quality,949,training,3,1,
228,4,1,4,single_condition,input_gradients,importance,wine_quality,865,training,4,0,
228,5,1,1,single_condition,input_gradients,importance,wine_quality,505,testing,1,1,False
228,6,1,2,single_condition,input_gradients,importance,wine_quality,289,testing,2,0,True
228,7,1,3,single_condition,input_gradients,importance,wine_quality,1267,testing,3,1,False
228,8,1,4,single_condition,input_gradients,importance,wine_quality,57,testing,4,0,True
228,9,1,5,single_condition,input_gradients,importance,wine_quality,960,testing,5,1,True
228,10,1,6,single_condition,input_gradients,importance,wine_quality,782,testing,6,0,False
229,1,1,1,single_condition,lime,none,wine_quality,1097,training,1,0,
229,2,1,2,single_condition,lime,none,wine_quality,205,training,2,1,
229,3,1,3,single_condition,lime,none,wine_quality,985,training,3,0,
229,4,1,4,single_condition,lime,none,wine_quality,807,training,4,1,
229,5,1,1,single_condition,lime,none,wine_quality,1107,testing,1,1,False
229,6,1,2,single_condition,lime,none,wine_quality,1512,testing,2,0,True
229,7,1,3,single_condition,lime,none,wine_quality,69,testing,3,1,False
229,8,1,4,single_condition,lime,none,wine_quality,1586,testing,4,0,False
229,9,1,5,single_condition,lime,none,wine_quality,1330,testing,5,0,True
229,10,1,6,single_condition,lime,none,wine_quality,1136,testing,6,1,True
230,1,1,1,single_condition,lime,attribution,wine_quality,618,training,1,0,
230,2,1,2,single_condition,lime,attribution,wine_quality,807,training,2,1,
230,3,1,3,single_condition,lime,attribution,wine_quality,504,training,3,1,
230,4,1,4,single_condition,lime,attribution,wine_quality,12,training,4,0,
230,5,1,1,single_condition,lime,attribution,wine_quality,192,testing,1,0,True
230,6,1,2,single_condition,lime,attribution,wine_quality,166,testing,2,0,False
230,7,1,3,single_condition,lime,attribution,wine_quality,960,testing,3,1,True
230,8,1,4,single_condition,lime,attribution,wine_quality,964,testing,4,1,False
230,9,1,5,single_condition,lime,attribution,wine_quality,800,testing,5,0,True
230,10,1,6,single_condition,lime,attribution,wine_quality,1120,testing,6,1,False
231,1,1,1,single_condition,lime,importance,wine_quality,430,training,1,1,
231,2,1,2,single_condition,lime,importance,wine_quality,923,training,2,0,
231,3,1,3,single_condition,lime,importance,wine_quality,1283,training,3,0,
231,4,1,4,single_condition,lime,importance,wine_quality,817,training,4,1,
231,5,1,1,single_condition,lime,importance,wine_quality,1319,testing,1,0,False
231,6,1,2,single_condition,lime,importance,wine_quality,491,testing,2,1,True
231,7,1,3,single_condition,lime,importance,wine_quality,875,testing,3,1,False
231,8,1,4,single_condition,lime,importance,wine_quality,588,testing,4,1,True
231,9,1,5,single_condition,lime,importance,wine_quality,687,testing,5,0,True
231,10,1,6,single_condition,lime,importance,wine_quality,1322,testing,6,0,False
232,1,1,1,single_condition,shap,none,wine_quality,723,training,1,0,
232,2,1,2,single_condition,shap,none,wine_quality,1179,training,2,0,
232,3,1,3,single_condition,shap,none,wine_quality,509,training,3,1,
232,4,1,4,single_condition,shap,none,wine_quality,1570,training,4,1,
232,5,1,1,single_condition,shap,none,wine_quality,1070,testing,1,1,False
232,6,1,2,single_condition,shap,none,wine_quality,888,testing,2,0,True
232,7,1,3,single_condition,shap,none,wine_quality,265,testing,3,0,False
232,8,1,4,single_condition,shap,none,wine_quality,1371,testing,4,1,True
232,9,1,5,single_condition,shap,none,wine_quality,270,testing,5,0,False
232,10,1,6,single_condition,shap,none,wine_quality,588,testing,6,1,True
233,1,1,1,single_condition,shap,attribution,wine_quality,313,training,1,0,
233,2,1,2,single_condition,shap,attribution,wine_quality,1323,training,2,1,
233,3,1,3,single_condition,shap,attribution,wine_quality,268,training,3,0,
233,4,1,4,single_condition,shap,attribution,wine_quality,1209,training,4,1,
233,5,1,1,single_condition,shap,attribution,wine_quality,38,testing,1,0,True
233,6,1,2,single_condition,shap,attribution,wine_quality,66,testing,2,0,True
233,7,1,3,single_condition,shap,attribution,wine_quality,1405,testing,3,1,False
233,8,1,4,single_condition,shap,attribution,wine_quality,1371,testing,4,1,False
233,9,1,5,single_condition,shap,attribution,wine_quality,513,testing,5,1,False
233,10,1,6,single_condition,shap,attribution,wine_quality,1344,testing,6,0,True
234,1,1,1,single_condition,shap,importance,wine_quality,264,training,1,1,
234,2,1,2,single_condition,shap,importance,wine_quality,908,training,2,0,
234,3,1,3,single_condition,shap,importance,wine_quality,324,training,3,0,
234,4,1,4,single_condition,shap,importance,wine_quality,837,training,4,1,
234,5,1,1,single_condition,shap,importance,wine_quality,1113,testing,1,0,True
234,6,1,2,single_condition,shap,importance,wine_quality,505,testing,2,1,False
234,7,1,3,single_condition,shap,importance,wine_quality,1291,testing,3,0,True
234,8,1,4,single_condition,shap,importance,wine_quality,267,testing,4,1,True
234,9,1,5,single_condition,shap,importance,wine_quality,1128,testing,5,0,False
234,10,1,6,single_condition,shap,importance,wine_quality,1132,testing,6,1,False
235,1,1,1,single_condition,integrated_gradients,none,wine_quality,509,training,1,1,
235,2,1,2,single_condition,integrated_gradients,none,wine_quality,55,training,2,0,
235,3,1,3,single_condition,integrated_gradients,none,wine_quality,128,training,3,1,
235,4,1,4,single_condition,integrated_gradients,none,wine_quality,663,training,4,0,
235,5,1,1,single_condition,integrated_gradients,none,wine_quality,1590,testing,1,1,False
235,6,1,2,single_condition,integrated_gradients,none,wine_quality,246,testing,2,0,False
235,7,1,3,single_condition,integrated_gradients,none,wine_quality,4,testing,3,0,True
235,8,1,4,single_condition,integrated_gradients,none,wine_quality,1107,testing,4,1,True
235,9,1,5,single_condition,integrated_gradients,none,wine_quality,877,testing,5,0,True
235,10,1,6,single_condition,integrated_gradients,none,wine_quality,1120,testing,6,1,False
236,1,1,1,single_condition,integrated_gradients,attribution,wine_quality,477,training,1,1,
236,2,1,2,single_condition,integrated_gradients,attribution,wine_quality,679,training,2,0,
236,3,1,3,single_condition,integrated_gradients,attribution,wine_quality,838,training,3,1,
236,4,1,4,single_condition,integrated_gradients,attribution,wine_quality,1077,training,4,0,
236,5,1,1,single_condition,integrated_gradients,attribution,wine_quality,1301,testing,1,0,True
236,6,1,2,single_condition,integrated_gradients,attribution,wine_quality,1061,testing,2,1,False
236,7,1,3,single_condition,integrated_gradients,attribution,wine_quality,578,testing,3,0,True
236,8,1,4,single_condition,integrated_gradients,attribution,wine_quality,1590,testing,4,1,False
236,9,1,5,single_condition,integrated_gradients,attribution,wine_quality,191,testing,5,0,True
236,10,1,6,single_condition,integrated_gradients,attribution,wine_quality,588,testing,6,1,False
237,1,1,1,single_condition,integrated_gradients,importance,wine_quality,988,training,1,0,
237,2,1,2,single_condition,integrated_gradients,importance,wine_quality,444,training,2,1,
237,3,1,3,single_condition,integrated_gradients,importance,wine_quality,336,training,3,1,
237,4,1,4,single_condition,integrated_gradients,importance,wine_quality,1074,training,4,0,
237,5,1,1,single_condition,integrated_gradients,importance,wine_quality,1539,testing,1,0,True
237,6,1,2,single_condition,integrated_gradients,importance,wine_quality,960,testing,2,1,True
237,7,1,3,single_condition,integrated_gradients,importance,wine_quality,982,testing,3,1,True
237,8,1,4,single_condition,integrated_gradients,importance,wine_quality,964,testing,4,1,False
237,9,1,5,single_condition,integrated_gradients,importance,wine_quality,1301,testing,5,0,False
237,10,1,6,single_condition,integrated_gradients,importance,wine_quality,1369,testing,6,0,False
238,1,1,1,single_condition,input_gradients,none,wine_quality,762,training,1,0,
238,2,1,2,single_condition,input_gradients,none,wine_quality,807,training,2,1,
238,3,1,3,single_condition,input_gradients,none,wine_quality,938,training,3,1,
238,4,1,4,single_condition,input_gradients,none,wine_quality,174,training,4,0,
238,5,1,1,single_condition,input_gradients,none,wine_quality,377,testing,1,1,True
238,6,1,2,single_condition,input_gradients,none,wine_quality,1087,testing,2,0,False
238,7,1,3,single_condition,input_gradients,none,wine_quality,1218,testing,3,0,True
238,8,1,4,single_condition,input_gradients,none,wine_quality,1512,testing,4,0,False
238,9,1,5,single_condition,input_gradients,none,wine_quality,344,testing,5,1,True
238,10,1,6,single_condition,input_gradients,none,wine_quality,1120,testing,6,1,False
239,1,1,1,single_condition,input_gradients,attribution,wine_quality,335,training,1,1,
239,2,1,2,single_condition,input_gradients,attribution,wine_quality,252,training,2,0,
239,3,1,3,single_condition,input_gradients,attribution,wine_quality,1103,training,3,0,
239,4,1,4,single_condition,input_gradients,attribution,wine_quality,896,training,4,1,
239,5,1,1,single_condition,input_gradients,attribution,wine_quality,875,testing,1,1,False
239,6,1,2,single_condition,input_gradients,attribution,wine_quality,818,testing,2,0,True
239,7,1,3,single_condition,input_gradients,attribution,wine_quality,505,testing,3,1,True
239,8,1,4,single_condition,input_gradients,attribution,wine_quality,950,testing,4,1,True
239,9,1,5,single_condition,input_gradients,attribution,wine_quality,1552,testing,5,0,False
239,10,1,6,single_condition,input_gradients,attribution,wine_quality,1555,testing,6,0,False
240,1,1,1,single_condition,input_gradients,importance,wine_quality,1549,training,1,1,
240,2,1,2,single_condition,input_gradients,importance,wine_quality,253,training,2,0,
240,3,1,3,single_condition,input_gradients,importance,wine_quality,477,training,3,1,
240,4,1,4,single_condition,input_gradients,importance,wine_quality,993,training,4,0,
240,5,1,1,single_condition,input_gradients,importance,wine_quality,818,testing,1,0,False
240,6,1,2,single_condition,input_gradients,importance,wine_quality,511,testing,2,0,True
240,7,1,3,single_condition,input_gradients,importance,wine_quality,1512,testing,3,0,True
240,8,1,4,single_condition,input_gradients,importance,wine_quality,1590,testing,4,1,False
240,9,1,5,single_condition,input_gradients,importance,wine_quality,1136,testing,5,1,False
240,10,1,6,single_condition,input_gradients,importance,wine_quality,947,testing,6,1,True
241,1,1,1,single_condition,lime,none,wine_quality,249,training,1,0,
241,2,1,2,single_condition,lime,none,wine_quality,1030,training,2,0,
241,3,1,3,single_condition,lime,none,wine_quality,1068,training,3,1,
241,4,1,4,single_condition,lime,none,wine_quality,346,training,4,1,
241,5,1,1,single_condition,lime,none,wine_quality,197,testing,1,0,True
241,6,1,2,single_condition,lime,none,wine_quality,940,testing,2,1,False
241,7,1,3,single_condition,lime,none,wine_quality,237,testing,3,0,True
241,8,1,4,single_condition,lime,none,wine_quality,1267,testing,4,1,False
241,9,1,5,single_condition,lime,none,wine_quality,849,testing,5,0,True
241,10,1,6,single_condition,lime,none,wine_quality,1120,testing,6,1,False
242,1,1,1,single_condition,lime,attribution,wine_quality,618,training,1,0,
242,2,1,2,single_condition,lime,attribution,wine_quality,966,training,2,1,
242,3,1,3,single_condition,lime,attribution,wine_quality,605,training,3,0,
242,4,1,4,single_condition,lime,attribution,wine_quality,1015,training,4,1,
242,5,1,1,single_condition,lime,attribution,wine_quality,505,testing,1,1,True
242,6,1,2,single_condition,lime,attribution,wine_quality,1297,testing,2,0,True
242,7,1,3,single_condition,lime,attribution,wine_quality,192,testing,3,0,False
242,8,1,4,single_condition,lime,attribution,wine_quality,140,testing,4,0,True
242,9,1,5,single_condition,lime,attribution,wine_quality,875,testing,5,1,False
242,10,1,6,single_condition,lime,attribution,wine_quality,950,testing,6,1,False
243,1,1,1,single_condition,lime,importance,wine_quality,68,training,1,0,
243,2,1,2,single_condition,lime,importance,wine_quality,1162,training,2,1,
243,3,1,3,single_condition,lime,importance,wine_quality,1254,training,3,0,
243,4,1,4,single_condition,lime,importance,wine_quality,1323,training,4,1,
243,5,1,1,single_condition,lime,importance,wine_quality,511,testing,1,0,False
243,6,1,2,single_condition,lime,importance,wine_quality,505,testing,2,1,False
243,7,1,3,single_condition,lime,importance,wine_quality,1405,testing,3,1,True
243,8,1,4,single_condition,lime,importance,wine_quality,79,testing,4,0,True
243,9,1,5,single_condition,lime,importance,wine_quality,954,testing,5,0,False
243,10,1,6,single_condition,lime,importance,wine_quality,513,testing,6,1,True
244,1,1,1,single_condition,shap,none,wine_quality,11,training,1,0,
244,2,1,2,single_condition,shap,none,wine_quality,924,training,2,1,
244,3,1,3,single_condition,shap,none,wine_quality,1093,training,3,1,
244,4,1,4,single_condition,shap,none,wine_quality,114,training,4,0,
244,5,1,1,single_condition,shap,none,wine_quality,1070,testing,1,1,False
244,6,1,2,single_condition,shap,none,wine_quality,1018,testing,2,0,False
244,7,1,3,single_condition,shap,none,wine_quality,265,testing,3,0,False
244,8,1,4,single_condition,shap,none,wine_quality,1061,testing,4,1,True
244,9,1,5,single_condition,shap,none,wine_quality,875,testing,5,1,True
244,10,1,6,single_condition,shap,none,wine_quality,852,testing,6,0,True
245,1,1,1,single_condition,shap,attribution,wine_quality,1066,training,1,1,
245,2,1,2,single_condition,shap,attribution,wine_quality,1063,training,2,1,
245,3,1,3,single_condition,shap,attribution,wine_quality,11,training,3,0,
245,4,1,4,single_condition,shap,attribution,wine_quality,222,training,4,0,
245,5,1,1,single_condition,shap,attribution,wine_quality,982,testing,1,1,False
245,6,1,2,single_condition,shap,attribution,wine_quality,66,testing,2,0,True
245,7,1,3,single_condition,shap,attribution,wine_quality,882,testing,3,1,False
245,8,1,4,single_condition,shap,attribution,wine_quality,274,testing,4,0,True
245,9,1,5,single_condition,shap,attribution,wine_quality,964,testing,5,1,True
245,10,1,6,single_condition,shap,attribution,wine_quality,284,testing,6,0,False
246,1,1,1,single_condition,shap,importance,wine_quality,1063,training,1,1,
246,2,1,2,single_condition,shap,importance,wine_quality,1122,training,2,0,
246,3,1,3,single_condition,shap,importance,wine_quality,1100,training,3,1,
246,4,1,4,single_condition,shap,importance,wine_quality,1353,training,4,0,
246,5,1,1,single_condition,shap,importance,wine_quality,1389,testing,1,0,False
246,6,1,2,single_condition,shap,importance,wine_quality,377,testing,2,1,True
246,7,1,3,single_condition,shap,importance,wine_quality,1021,testing,3,0,True
246,8,1,4,single_condition,shap,importance,wine_quality,267,testing,4,1,True
246,9,1,5,single_condition,shap,importance,wine_quality,947,testing,5,1,False
246,10,1,6,single_condition,shap,importance,wine_quality,1529,testing,6,0,False
247,1,1,1,single_condition,integrated_gradients,none,wine_quality,1379,training,1,0,
247,2,1,2,single_condition,integrated_gradients,none,wine_quality,357,training,2,1,
247,3,1,3,single_condition,integrated_gradients,none,wine_quality,1167,training,3,1,
247,4,1,4,single_condition,integrated_gradients,none,wine_quality,1439,training,4,0,
247,5,1,1,single_condition,integrated_gradients,none,wine_quality,69,testing,1,1,False
247,6,1,2,single_condition,integrated_gradients,none,wine_quality,928,testing,2,1,True
247,7,1,3,single_condition,integrated_gradients,none,wine_quality,1121,testing,3,0,False
247,8,1,4,single_condition,integrated_gradients,none,wine_quality,1482,testing,4,0,False
247,9,1,5,single_condition,integrated_gradients,none,wine_quality,1250,testing,5,0,True
247,10,1,6,single_condition,integrated_gradients,none,wine_quality,588,testing,6,1,True
248,1,1,1,single_condition,integrated_gradients,attribution,wine_quality,71,training,1,0,
248,2,1,2,single_condition,integrated_gradients,attribution,wine_quality,867,training,2,1,
248,3,1,3,single_condition,integrated_gradients,attribution,wine_quality,732,training,3,0,
248,4,1,4,single_condition,integrated_gradients,attribution,wine_quality,1015,training,4,1,
248,5,1,1,single_condition,integrated_gradients,attribution,wine_quality,733,testing,1,0,True
248,6,1,2,single_condition,integrated_gradients,attribution,wine_quality,870,testing,2,0,False
248,7,1,3,single_condition,integrated_gradients,attribution,wine_quality,960,testing,3,1,True
248,8,1,4,single_condition,integrated_gradients,attribution,wine_quality,1061,testing,4,1,False
248,9,1,5,single_condition,integrated_gradients,attribution,wine_quality,491,testing,5,1,False
248,10,1,6,single_condition,integrated_gradients,attribution,wine_quality,1255,testing,6,0,True
249,1,1,1,single_condition,integrated_gradients,importance,wine_quality,1582,training,1,0,
249,2,1,2,single_condition,integrated_gradients,importance,wine_quality,887,training,2,1,
249,3,1,3,single_condition,integrated_gradients,importance,wine_quality,1450,training,3,1,
249,4,1,4,single_condition,integrated_gradients,importance,wine_quality,1503,training,4,0,
249,5,1,1,single_condition,integrated_gradients,importance,wine_quality,306,testing,1,0,True
249,6,1,2,single_condition,integrated_gradients,importance,wine_quality,588,testing,2,1,True
249,7,1,3,single_condition,integrated_gradients,importance,wine_quality,1172,testing,3,1,False
249,8,1,4,single_condition,integrated_gradients,importance,wine_quality,940,testing,4,1,False
249,9,1,5,single_condition,integrated_gradients,importance,wine_quality,681,testing,5,0,False
249,10,1,6,single_condition,integrated_gradients,importance,wine_quality,559,testing,6,0,True
250,1,1,1,single_condition,input_gradients,none,wine_quality,948,training,1,1,
250,2,1,2,single_condition,input_gradients,none,wine_quality,1373,training,2,0,
250,3,1,3,single_condition,input_gradients,none,wine_quality,825,training,3,0,
250,4,1,4,single_condition,input_gradients,none,wine_quality,365,training,4,1,
250,5,1,1,single_condition,input_gradients,none,wine_quality,505,testing,1,1,False
250,6,1,2,single_condition,input_gradients,none,wine_quality,568,testing,2,0,True
250,7,1,3,single_condition,input_gradients,none,wine_quality,1136,testing,3,1,False
250,8,1,4,single_condition,input_gradients,none,wine_quality,513,testing,4,1,False
250,9,1,5,single_condition,input_gradients,none,wine_quality,1275,testing,5,0,True
250,10,1,6,single_condition,input_gradients,none,wine_quality,735,testing,6,0,True
251,1,1,1,single_condition,input_gradients,attribution,wine_quality,64,training,1,0,
251,2,1,2,single_condition,input_gradients,attribution,wine_quality,1202,training,2,1,
251,3,1,3,single_condition,input_gradients,attribution,wine_quality,506,training,3,1,
251,4,1,4,single_condition,input_gradients,attribution,wine_quality,637,training,4,0,
251,5,1,1,single_condition,input_gradients,attribution,wine_quality,491,testing,1,1,True
251,6,1,2,single_condition,input_gradients,attribution,wine_quality,861,testing,2,0,True
251,7,1,3,single_condition,input_gradients,attribution,wine_quality,1306,testing,3,0,False
251,8,1,4,single_condition,input_gradients,attribution,wine_quality,960,testing,4,1,True
251,9,1,5,single_condition,input_gradients,attribution,wine_quality,888,testing,5,0,False
251,10,1,6,single_condition,input_gradients,attribution,wine_quality,377,testing,6,1,False
252,1,1,1,single_condition,input_gradients,importance,wine_quality,1066,training,1,1,
252,2,1,2,single_condition,input_gradients,importance,wine_quality,455,training,2,1,
252,3,1,3,single_condition,input_gradients,importance,wine_quality,908,training,3,0,
252,4,1,4,single_condition,input_gradients,importance,wine_quality,797,training,4,0,
252,5,1,1,single_condition,input_gradients,importance,wine_quality,960,testing,1,1,True
252,6,1,2,single_condition,input_gradients,importance,wine_quality,496,testing,2,0,False
252,7,1,3,single_condition,input_gradients,importance,wine_quality,981,testing,3,0,True
252,8,1,4,single_condition,input_gradients,importance,wine_quality,1151,testing,4,0,False
252,9,1,5,single_condition,input_gradients,importance,wine_quality,964,testing,5,1,True
252,10,1,6,single_condition,input_gradients,importance,wine_quality,950,testing,6,1,False
253,1,1,1,single_condition,lime,none,wine_quality,837,training,1,1,
253,2,1,2,single_condition,lime,none,wine_quality,945,training,2,1,
253,3,1,3,single_condition,lime,none,wine_quality,233,training,3,0,
253,4,1,4,single_condition,lime,none,wine_quality,401,training,4,0,
253,5,1,1,single_condition,lime,none,wine_quality,1170,testing,1,0,False
253,6,1,2,single_condition,lime,none,wine_quality,1485,testing,2,0,True
253,7,1,3,single_condition,lime,none,wine_quality,882,testing,3,1,False
253,8,1,4,single_condition,lime,none,wine_quality,1120,testing,4,1,True
253,9,1,5,single_condition,lime,none,wine_quality,1469,testing,5,0,True
253,10,1,6,single_condition,lime,none,wine_quality,69,testing,6,1,False
254,1,1,1,single_condition,lime,attribution,wine_quality,1006,training,1,1,
254,2,1,2,single_condition,lime,attribution,wine_quality,924,training,2,1,
254,3,1,3,single_condition,lime,attribution,wine_quality,1164,training,3,0,
254,4,1,4,single_condition,lime,attribution,wine_quality,356,training,4,0,
254,5,1,1,single_condition,lime,attribution,wine_quality,1188,testing,1,0,True
254,6,1,2,single_condition,lime,attribution,wine_quality,1132,testing,2,1,False
254,7,1,3,single_condition,lime,attribution,wine_quality,193,testing,3,0,False
254,8,1,4,single_condition,lime,attribution,wine_quality,1267,testing,4,1,False
254,9,1,5,single_condition,lime,attribution,wine_quality,1405,testing,5,1,True
254,10,1,6,single_condition,lime,attribution,wine_quality,39,testing,6,0,True
255,1,1,1,single_condition,lime,importance,wine_quality,886,training,1,0,
255,2,1,2,single_condition,lime,importance,wine_quality,945,training,2,1,
255,3,1,3,single_condition,lime,importance,wine_quality,444,training,3,1,
255,4,1,4,single_condition,lime,importance,wine_quality,1112,training,4,0,
255,5,1,1,single_condition,lime,importance,wine_quality,1552,testing,1,0,True
255,6,1,2,single_condition,lime,importance,wine_quality,554,testing,2,0,True
255,7,1,3,single_condition,lime,importance,wine_quality,505,testing,3,1,True
255,8,1,4,single_condition,lime,importance,wine_quality,491,testing,4,1,False
255,9,1,5,single_condition,lime,importance,wine_quality,578,testing,5,0,False
255,10,1,6,single_condition,lime,importance,wine_quality,267,testing,6,1,False
256,1,1,1,single_condition,shap,none,wine_quality,1015,training,1,1,
256,2,1,2,single_condition,shap,none,wine_quality,606,training,2,1,
256,3,1,3,single_condition,shap,none,wine_quality,892,training,3,0,
256,4,1,4,single_condition,shap,none,wine_quality,1193,training,4,0,
256,5,1,1,single_condition,shap,none,wine_quality,544,testing,1,0,False
256,6,1,2,single_condition,shap,none,wine_quality,982,testing,2,1,False
256,7,1,3,single_condition,shap,none,wine_quality,588,testing,3,1,True
256,8,1,4,single_condition,shap,none,wine_quality,713,testing,4,0,True
256,9,1,5,single_condition,shap,none,wine_quality,1416,testing,5,0,True
256,10,1,6,single_condition,shap,none,wine_quality,513,testing,6,1,False
257,1,1,1,single_condition,shap,attribution,wine_quality,840,training,1,1,
257,2,1,2,single_condition,shap,attribution,wine_quality,369,training,2,1,
257,3,1,3,single_condition,shap,attribution,wine_quality,131,training,3,0,
257,4,1,4,single_condition,shap,attribution,wine_quality,110,training,4,0,
257,5,1,1,single_condition,shap,attribution,wine_quality,491,testing,1,1,True
257,6,1,2,single_condition,shap,attribution,wine_quality,1120,testing,2,1,False
257,7,1,3,single_condition,shap,attribution,wine_quality,1018,testing,3,0,False
257,8,1,4,single_condition,shap,attribution,wine_quality,1060,testing,4,0,False
257,9,1,5,single_condition,shap,attribution,wine_quality,1082,testing,5,0,True
257,10,1,6,single_condition,shap,attribution,wine_quality,1267,testing,6,1,True
258,1,1,1,single_condition,shap,importance,wine_quality,945,training,1,1,
258,2,1,2,single_condition,shap,importance,wine_quality,1115,training,2,0,
258,3,1,3,single_condition,shap,importance,wine_quality,606,training,3,1,
258,4,1,4,single_condition,shap,importance,wine_quality,990,training,4,0,
258,5,1,1,single_condition,shap,importance,wine_quality,841,testing,1,0,False
258,6,1,2,single_condition,shap,importance,wine_quality,470,testing,2,0,True
258,7,1,3,single_condition,shap,importance,wine_quality,1051,testing,3,0,True
258,8,1,4,single_condition,shap,importance,wine_quality,940,testing,4,1,True
258,9,1,5,single_condition,shap,importance,wine_quality,491,testing,5,1,False
258,10,1,6,single_condition,shap,importance,wine_quality,513,testing,6,1,False
259,1,1,1,single_condition,integrated_gradients,none,wine_quality,918,training,1,0,
259,2,1,2,single_condition,integrated_gradients,none,wine_quality,741,training,2,0,
259,3,1,3,single_condition,integrated_gradients,none,wine_quality,430,training,3,1,
259,4,1,4,single_condition,integrated_gradients,none,wine_quality,1076,training,4,1,
259,5,1,1,single_condition,integrated_gradients,none,wine_quality,1396,testing,1,0,True
259,6,1,2,single_condition,integrated_gradients,none,wine_quality,513,testing,2,1,False
259,7,1,3,single_condition,integrated_gradients,none,wine_quality,1218,testing,3,0,True
259,8,1,4,single_condition,integrated_gradients,none,wine_quality,1070,testing,4,1,False
259,9,1,5,single_condition,integrated_gradients,none,wine_quality,1132,testing,5,1,False
259,10,1,6,single_condition,integrated_gradients,none,wine_quality,925,testing,6,0,True
260,1,1,1,single_condition,integrated_gradients,attribution,wine_quality,748,training,1,0,
260,2,1,2,single_condition,integrated_gradients,attribution,wine_quality,1557,training,2,0,
260,3,1,3,single_condition,integrated_gradients,attribution,wine_quality,606,training,3,1,
260,4,1,4,single_condition,integrated_gradients,attribution,wine_quality,346,training,4,1,
260,5,1,1,single_condition,integrated_gradients,attribution,wine_quality,40,testing,1,0,False
260,6,1,2,single_condition,integrated_gradients,attribution,wine_quality,1267,testing,2,1,True
260,7,1,3,single_condition,integrated_gradients,attribution,wine_quality,366,testing,3,0,True
260,8,1,4,single_condition,integrated_gradients,attribution,wine_quality,1405,testing,4,1,False
260,9,1,5,single_condition,integrated_gradients,attribution,wine_quality,1070,testing,5,1,True
260,10,1,6,single_condition,integrated_gradients,attribution,wine_quality,1355,testing,6,0,False
261,1,1,1,single_condition,integrated_gradients,importance,wine_quality,787,training,1,0,
261,2,1,2,single_condition,integrated_gradients,importance,wine_quality,1320,training,2,0,
261,3,1,3,single_condition,integrated_gradients,importance,wine_quality,516,training,3,1,
261,4,1,4,single_condition,integrated_gradients,importance,wine_quality,913,training,4,1,
261,5,1,1,single_condition,integrated_gradients,importance,wine_quality,21,testing,1,0,False
261,6,1,2,single_condition,integrated_gradients,importance,wine_quality,861,testing,2,0,True
261,7,1,3,single_condition,integrated_gradients,importance,wine_quality,1447,testing,3,0,True
261,8,1,4,single_condition,integrated_gradients,importance,wine_quality,982,testing,4,1,False
261,9,1,5,single_condition,integrated_gradients,importance,wine_quality,947,testing,5,1,False
261,10,1,6,single_condition,integrated_gradients,importance,wine_quality,940,testing,6,1,True
262,1,1,1,single_condition,input_gradients,none,wine_quality,210,training,1,1,
262,2,1,2,single_condition,input_gradients,none,wine_quality,1406,training,2,1,
262,3,1,3,single_condition,input_gradients,none,wine_quality,650,training,3,0,
262,4,1,4,single_condition,input_gradients,none,wine_quality,1259,training,4,0,
262,5,1,1,single_condition,input_gradients,none,wine_quality,1172,testing,1,1,True
262,6,1,2,single_condition,input_gradients,none,wine_quality,69,testing,2,1,False
262,7,1,3,single_condition,input_gradients,none,wine_quality,1571,testing,3,0,False
262,8,1,4,single_condition,input_gradients,none,wine_quality,626,testing,4,0,True
262,9,1,5,single_condition,input_gradients,none,wine_quality,140,testing,5,0,False
262,10,1,6,single_condition,input_gradients,none,wine_quality,982,testing,6,1,True
263,1,1,1,single_condition,input_gradients,attribution,wine_quality,393,training,1,0,
263,2,1,2,single_condition,input_gradients,attribution,wine_quality,948,training,2,1,
263,3,1,3,single_condition,input_gradients,attribution,wine_quality,1406,training,3,1,
263,4,1,4,single_condition,input_gradients,attribution,wine_quality,1423,training,4,0,
263,5,1,1,single_condition,input_gradients,attribution,wine_quality,1590,testing,1,1,False
263,6,1,2,single_condition,input_gradients,attribution,wine_quality,1251,testing,2,0,False
263,7,1,3,single_condition,input_gradients,attribution,wine_quality,647,testing,3,0,True
263,8,1,4,single_condition,input_gradients,attribution,wine_quality,588,testing,4,1,False
263,9,1,5,single_condition,input_gradients,attribution,wine_quality,861,testing,5,0,True
263,10,1,6,single_condition,input_gradients,attribution,wine_quality,875,testing,6,1,True
264,1,1,1,single_condition,input_gradients,importance,wine_quality,514,training,1,1,
264,2,1,2,single_condition,input_gradients,importance,wine_quality,168,training,2,0,
264,3,1,3,single_condition,input_gradients,importance,wine_quality,251,training,3,0,
264,4,1,4,single_condition,input_gradients,importance,wine_quality,1584,training,4,1,
264,5,1,1,single_condition,input_gradients,importance,wine_quality,1590,testing,1,1,False
264,6,1,2,single_condition,input_gradients,importance,wine_quality,1075,testing,2,0,True
264,7,1,3,single_condition,input_gradients,importance,wine_quality,1267,testing,3,1,False
264,8,1,4,single_condition,input_gradients,importance,wine_quality,580,testing,4,0,True
264,9,1,5,single_condition,input_gradients,importance,wine_quality,982,testing,5,1,True
264,10,1,6,single_condition,input_gradients,importance,wine_quality,841,testing,6,0,False
265,1,1,1,single_condition,lime,none,wine_quality,1219,training,1,1,
265,2,1,2,single_condition,lime,none,wine_quality,101,training,2,0,
265,3,1,3,single_condition,lime,none,wine_quality,457,training,3,0,
265,4,1,4,single_condition,lime,none,wine_quality,1162,training,4,1,
265,5,1,1,single_condition,lime,none,wine_quality,1061,testing,1,1,True
265,6,1,2,single_condition,lime,none,wine_quality,377,testing,2,1,False
265,7,1,3,single_condition,lime,none,wine_quality,1519,testing,3,0,False
265,8,1,4,single_condition,lime,none,wine_quality,1426,testing,4,0,True
265,9,1,5,single_condition,lime,none,wine_quality,513,testing,5,1,True
265,10,1,6,single_condition,lime,none,wine_quality,1494,testing,6,0,False
266,1,1,1,single_condition,lime,attribution,wine_quality,357,training,1,1,
266,2,1,2,single_condition,lime,attribution,wine_quality,1594,training,2,0,
266,3,1,3,single_condition,lime,attribution,wine_quality,606,training,3,1,
266,4,1,4,single_condition,lime,attribution,wine_quality,240,training,4,0,
266,5,1,1,single_condition,lime,attribution,wine_quality,1059,testing,1,0,True
266,6,1,2,single_condition,lime,attribution,wine_quality,882,testing,2,1,True
266,7,1,3,single_condition,lime,attribution,wine_quality,1267,testing,3,1,False
266,8,1,4,single_condition,lime,attribution,wine_quality,950,testing,4,1,True
266,9,1,5,single_condition,lime,attribution,wine_quality,856,testing,5,0,False
266,10,1,6,single_condition,lime,attribution,wine_quality,1410,testing,6,0,False
267,1,1,1,single_condition,lime,importance,wine_quality,1489,training,1,0,
267,2,1,2,single_condition,lime,importance,wine_quality,343,training,2,0,
267,3,1,3,single_condition,lime,importance,wine_quality,444,training,3,1,
267,4,1,4,single_condition,lime,importance,wine_quality,1323,training,4,1,
267,5,1,1,single_condition,lime,importance,wine_quality,523,testing,1,0,True
267,6,1,2,single_condition,lime,importance,wine_quality,982,testing,2,1,False
267,7,1,3,single_condition,lime,importance,wine_quality,842,testing,3,0,False
267,8,1,4,single_condition,lime,importance,wine_quality,491,testing,4,1,True
267,9,1,5,single_condition,lime,importance,wine_quality,1255,testing,5,0,False
267,10,1,6,single_condition,lime,importance,wine_quality,1136,testing,6,1,True
268,1,1,1,single_condition,shap,none,wine_quality,636,training,1,0,
268,2,1,2,single_condition,shap,none,wine_quality,949,training,2,1,
268,3,1,3,single_condition,shap,none,wine_quality,1335,training,3,0,
268,4,1,4,single_condition,shap,none,wine_quality,1412,training,4,1,
268,5,1,1,single_condition,shap,none,wine_quality,1267,testing,1,1,False
268,6,1,2,single_condition,shap,none,wine_quality,1453,testing,2,0,True
268,7,1,3,single_condition,shap,none,wine_quality,882,testing,3,1,False
268,8,1,4,single_condition,shap,none,wine_quality,1128,testing,4,0,True
268,9,1,5,single_condition,shap,none,wine_quality,69,testing,5,1,False
268,10,1,6,single_condition,shap,none,wine_quality,1344,testing,6,0,True
269,1,1,1,single_condition,shap,attribution,wine_quality,949,training,1,1,
269,2,1,2,single_condition,shap,attribution,wine_quality,1400,training,2,0,
269,3,1,3,single_condition,shap,attribution,wine_quality,469,training,3,0,
269,4,1,4,single_condition,shap,attribution,wine_quality,358,training,4,1,
269,5,1,1,single_condition,shap,attribution,wine_quality,960,testing,1,1,False
269,6,1,2,single_condition,shap,attribution,wine_quality,491,testing,2,1,True
269,7,1,3,single_condition,shap,attribution,wine_quality,61,testing,3,0,False
269,8,1,4,single_condition,shap,attribution,wine_quality,1211,testing,4,0,False
269,9,1,5,single_condition,shap,attribution,wine_quality,344,testing,5,1,True
269,10,1,6,single_condition,shap,attribution,wine_quality,1319,testing,6,0,True
270,1,1,1,single_condition,shap,importance,wine_quality,874,training,1,1,
270,2,1,2,single_condition,shap,importance,wine_quality,1114,training,2,0,
270,3,1,3,single_condition,shap,importance,wine_quality,509,training,3,1,
270,4,1,4,single_condition,shap,importance,wine_quality,407,training,4,0,
270,5,1,1,single_condition,shap,importance,wine_quality,1107,testing,1,1,False
270,6,1,2,single_condition,shap,importance,wine_quality,950,testing,2,1,False
270,7,1,3,single_condition,shap,importance,wine_quality,511,testing,3,0,True
270,8,1,4,single_condition,shap,importance,wine_quality,882,testing,4,1,True
270,9,1,5,single_condition,shap,importance,wine_quality,939,testing,5,0,True
270,10,1,6,single_condition,shap,importance,wine_quality,1531,testing,6,0,False
271,1,1,1,single_condition,integrated_gradients,none,wine_quality,1084,training,1,0,
271,2,1,2,single_condition,integrated_gradients,none,wine_quality,81,training,2,0,
271,3,1,3,single_condition,integrated_gradients,none,wine_quality,898,training,3,1,
271,4,1,4,single_condition,integrated_gradients,none,wine_quality,1219,training,4,1,
271,5,1,1,single_condition,integrated_gradients,none,wine_quality,1550,testing,1,0,True
271,6,1,2,single_condition,integrated_gradients,none,wine_quality,216,testing,2,0,False
271,7,1,3,single_condition,integrated_gradients,none,wine_quality,1559,testing,3,0,False
271,8,1,4,single_condition,integrated_gradients,none,wine_quality,940,testing,4,1,True
271,9,1,5,single_condition,integrated_gradients,none,wine_quality,491,testing,5,1,True
271,10,1,6,single_condition,integrated_gradients,none,wine_quality,982,testing,6,1,False
272,1,1,1,single_condition,integrated_gradients,attribution,wine_quality,1395,training,1,0,
272,2,1,2,single_condition,integrated_gradients,attribution,wine_quality,1544,training,2,1,
272,3,1,3,single_condition,integrated_gradients,attribution,wine_quality,867,training,3,1,
272,4,1,4,single_condition,integrated_gradients,attribution,wine_quality,987,training,4,0,
272,5,1,1,single_condition,integrated_gradients,attribution,wine_quality,382,testing,1,0,True
272,6,1,2,single_condition,integrated_gradients,attribution,wine_quality,928,testing,2,1,True
272,7,1,3,single_condition,integrated_gradients,attribution,wine_quality,505,testing,3,1,True
272,8,1,4,single_condition,integrated_gradients,attribution,wine_quality,1502,testing,4,0,False
272,9,1,5,single_condition,integrated_gradients,attribution,wine_quality,939,testing,5,0,False
272,10,1,6,single_condition,integrated_gradients,attribution,wine_quality,69,testing,6,1,False
273,1,1,1,single_condition,integrated_gradients,importance,wine_quality,589,training,1,1,
273,2,1,2,single_condition,integrated_gradients,importance,wine_quality,177,training,2,0,
273,3,1,3,single_condition,integrated_gradients,importance,wine_quality,878,training,3,0,
273,4,1,4,single_condition,integrated_gradients,importance,wine_quality,444,training,4,1,
273,5,1,1,single_condition,integrated_gradients,importance,wine_quality,1405,testing,1,1,False
273,6,1,2,single_condition,integrated_gradients,importance,wine_quality,380,testing,2,0,True
273,7,1,3,single_condition,integrated_gradients,importance,wine_quality,960,testing,3,1,True
273,8,1,4,single_condition,integrated_gradients,importance,wine_quality,1344,testing,4,0,True
273,9,1,5,single_condition,integrated_gradients,importance,wine_quality,1061,testing,5,1,False
273,10,1,6,single_condition,integrated_gradients,importance,wine_quality,496,testing,6,0,False
274,1,1,1,single_condition,input_gradients,none,wine_quality,851,training,1,0,
274,2,1,2,single_condition,input_gradients,none,wine_quality,504,training,2,1,
274,3,1,3,single_condition,input_gradients,none,wine_quality,589,training,3,1,
274,4,1,4,single_condition,input_gradients,none,wine_quality,351,training,4,0,
274,5,1,1,single_condition,input_gradients,none,wine_quality,1061,testing,1,1,True
274,6,1,2,single_condition,input_gradients,none,wine_quality,289,testing,2,0,True
274,7,1,3,single_condition,input_gradients,none,wine_quality,950,testing,3,1,False
274,8,1,4,single_condition,input_gradients,none,wine_quality,925,testing,4,0,True
274,9,1,5,single_condition,input_gradients,none,wine_quality,182,testing,5,0,False
274,10,1,6,single_condition,input_gradients,none,wine_quality,267,testing,6,1,False
275,1,1,1,single_condition,input_gradients,attribution,wine_quality,1471,training,1,0,
275,2,1,2,single_condition,input_gradients,attribution,wine_quality,1008,training,2,1,
275,3,1,3,single_condition,input_gradients,attribution,wine_quality,221,training,3,0,
275,4,1,4,single_condition,input_gradients,attribution,wine_quality,945,training,4,1,
275,5,1,1,single_condition,input_gradients,attribution,wine_quality,1341,testing,1,0,True
275,6,1,2,single_condition,input_gradients,attribution,wine_quality,1590,testing,2,1,True
275,7,1,3,single_condition,input_gradients,attribution,wine_quality,1442,testing,3,0,False
275,8,1,4,single_condition,input_gradients,attribution,wine_quality,789,testing,4,0,False
275,9,1,5,single_condition,input_gradients,attribution,wine_quality,1120,testing,5,1,True
275,10,1,6,single_condition,input_gradients,attribution,wine_quality,964,testing,6,1,False
276,1,1,1,single_condition,input_gradients,importance,wine_quality,518,training,1,1,
276,2,1,2,single_condition,input_gradients,importance,wine_quality,221,training,2,0,
276,3,1,3,single_condition,input_gradients,importance,wine_quality,32,training,3,0,
276,4,1,4,single_condition,input_gradients,importance,wine_quality,1086,training,4,1,
276,5,1,1,single_condition,input_gradients,importance,wine_quality,513,testing,1,1,False
276,6,1,2,single_condition,input_gradients,importance,wine_quality,782,testing,2,0,False
276,7,1,3,single_condition,input_gradients,importance,wine_quality,491,testing,3,1,True
276,8,1,4,single_condition,input_gradients,importance,wine_quality,1060,testing,4,0,True
276,9,1,5,single_condition,input_gradients,importance,wine_quality,928,testing,5,1,False
276,10,1,6,single_condition,input_gradients,importance,wine_quality,1478,testing,6,0,True
277,1,1,1,single_condition,lime,none,wine_quality,685,training,1,0,
277,2,1,2,single_condition,lime,none,wine_quality,974,training,2,1,
277,3,1,3,single_condition,lime,none,wine_quality,413,training,3,1,
277,4,1,4,single_condition,lime,none,wine_quality,1164,training,4,0,
277,5,1,1,single_condition,lime,none,wine_quality,491,testing,1,1,False
277,6,1,2,single_condition,lime,none,wine_quality,1590,testing,2,1,False
277,7,1,3,single_condition,lime,none,wine_quality,377,testing,3,1,True
277,8,1,4,single_condition,lime,none,wine_quality,1227,testing,4,0,False
277,9,1,5,single_condition,lime,none,wine_quality,1357,testing,5,0,True
277,10,1,6,single_condition,lime,none,wine_quality,1396,testing,6,0,True
278,1,1,1,single_condition,lime,attribution,wine_quality,1290,training,1,0,
278,2,1,2,single_condition,lime,attribution,wine_quality,946,training,2,1,
278,3,1,3,single_condition,lime,attribution,wine_quality,137,training,3,0,
278,4,1,4,single_condition,lime,attribution,wine_quality,896,training,4,1,
278,5,1,1,single_condition,lime,attribution,wine_quality,588,testing,1,1,True
278,6,1,2,single_condition,lime,attribution,wine_quality,1590,testing,2,1,True
278,7,1,3,single_condition,lime,attribution,wine_quality,692,testing,3,0,False
278,8,1,4,single_condition,lime,attribution,wine_quality,713,testing,4,0,False
278,9,1,5,single_condition,lime,attribution,wine_quality,1001,testing,5,0,False
278,10,1,6,single_condition,lime,attribution,wine_quality,1132,testing,6,1,True
279,1,1,1,single_condition,lime,importance,wine_quality,83,training,1,0,
279,2,1,2,single_condition,lime,importance,wine_quality,346,training,2,1,
279,3,1,3,single_condition,lime,importance,wine_quality,1002,training,3,1,
279,4,1,4,single_condition,lime,importance,wine_quality,82,training,4,0,
279,5,1,1,single_condition,lime,importance,wine_quality,933,testing,1,0,True
279,6,1,2,single_condition,lime,importance,wine_quality,1539,testing,2,0,True
279,7,1,3,single_condition,lime,importance,wine_quality,191,testing,3,0,False
279,8,1,4,single_condition,lime,importance,wine_quality,1371,testing,4,1,False
279,9,1,5,single_condition,lime,importance,wine_quality,505,testing,5,1,False
279,10,1,6,single_condition,lime,importance,wine_quality,1061,testing,6,1,True
280,1,1,1,single_condition,shap,none,wine_quality,1450,training,1,1,
280,2,1,2,single_condition,shap,none,wine_quality,555,training,2,0,
280,3,1,3,single_condition,shap,none,wine_quality,628,training,3,0,
280,4,1,4,single_condition,shap,none,wine_quality,1015,training,4,1,
280,5,1,1,single_condition,shap,none,wine_quality,960,testing,1,1,True
280,6,1,2,single_condition,shap,none,wine_quality,376,testing,2,0,True
280,7,1,3,single_condition,shap,none,wine_quality,882,testing,3,1,False
280,8,1,4,single_condition,shap,none,wine_quality,496,testing,4,0,True
280,9,1,5,single_condition,shap,none,wine_quality,513,testing,5,1,False
280,10,1,6,single_condition,shap,none,wine_quality,1476,testing,6,0,False
281,1,1,1,single_condition,shap,attribution,wine_quality,836,training,1,1,
281,2,1,2,single_condition,shap,attribution,wine_quality,527,training,2,0,
281,3,1,3,single_condition,shap,attribution,wine_quality,1008,training,3,1,
281,4,1,4,single_condition,shap,attribution,wine_quality,281,training,4,0,
281,5,1,1,single_condition,shap,attribution,wine_quality,845,testing,1,0,False
281,6,1,2,single_condition,shap,attribution,wine_quality,124,testing,2,0,True
281,7,1,3,single_condition,shap,attribution,wine_quality,1016,testing,3,1,False
281,8,1,4,single_condition,shap,attribution,wine_quality,588,testing,4,1,True
281,9,1,5,single_condition,shap,attribution,wine_quality,1250,testing,5,0,True
281,10,1,6,single_condition,shap,attribution,wine_quality,1136,testing,6,1,False
282,1,1,1,single_condition,shap,importance,wine_quality,1475,training,1,1,
282,2,1,2,single_condition,shap,importance,wine_quality,1067,training,2,1,
282,3,1,3,single_condition,shap,importance,wine_quality,1537,training,3,0,
282,4,1,4,single_condition,shap,importance,wine_quality,200,training,4,0,
282,5,1,1,single_condition,shap,importance,wine_quality,849,testing,1,0,False
282,6,1,2,single_condition,shap,importance,wine_quality,856,testing,2,0,False
282,7,1,3,single_condition,shap,importance,wine_quality,1172,testing,3,1,True
282,8,1,4,single_condition,shap,importance,wine_quality,1555,testing,4,0,False
282,9,1,5,single_condition,shap,importance,wine_quality,1590,testing,5,1,True
282,10,1,6,single_condition,shap,importance,wine_quality,588,testing,6,1,True
283,1,1,1,single_condition,integrated_gradients,none,wine_quality,1506,training,1,0,
283,2,1,2,single_condition,integrated_gradients,none,wine_quality,924,training,2,1,
283,3,1,3,single_condition,integrated_gradients,none,wine_quality,874,training,3,1,
283,4,1,4,single_condition,integrated_gradients,none,wine_quality,710,training,4,0,
283,5,1,1,single_condition,integrated_gradients,none,wine_quality,882,testing,1,1,True
283,6,1,2,single_condition,integrated_gradients,none,wine_quality,646,testing,2,0,True
283,7,1,3,single_condition,integrated_gradients,none,wine_quality,40,testing,3,0,False
283,8,1,4,single_condition,integrated_gradients,none,wine_quality,964,testing,4,1,False
283,9,1,5,single_condition,integrated_gradients,none,wine_quality,124,testing,5,0,False
283,10,1,6,single_condition,integrated_gradients,none,wine_quality,1132,testing,6,1,True
284,1,1,1,single_condition,integrated_gradients,attribution,wine_quality,750,training,1,0,
284,2,1,2,single_condition,integrated_gradients,attribution,wine_quality,898,training,2,1,
284,3,1,3,single_condition,integrated_gradients,attribution,wine_quality,874,training,3,1,
284,4,1,4,single_condition,integrated_gradients,attribution,wine_quality,676,training,4,0,
284,5,1,1,single_condition,integrated_gradients,attribution,wine_quality,491,testing,1,1,True
284,6,1,2,single_condition,integrated_gradients,attribution,wine_quality,267,testing,2,1,True
284,7,1,3,single_condition,integrated_gradients,attribution,wine_quality,981,testing,3,0,True
284,8,1,4,single_condition,integrated_gradients,attribution,wine_quality,90,testing,4,0,False
284,9,1,5,single_condition,integrated_gradients,attribution,wine_quality,274,testing,5,0,False
284,10,1,6,single_condition,integrated_gradients,attribution,wine_quality,344,testing,6,1,False
285,1,1,1,single_condition,integrated_gradients,importance,wine_quality,908,training,1,0,
285,2,1,2,single_condition,integrated_gradients,importance,wine_quality,991,training,2,0,
285,3,1,3,single_condition,integrated_gradients,importance,wine_quality,913,training,3,1,
285,4,1,4,single_condition,integrated_gradients,importance,wine_quality,805,training,4,1,
285,5,1,1,single_condition,integrated_gradients,importance,wine_quality,1061,testing,1,1,False
285,6,1,2,single_condition,integrated_gradients,importance,wine_quality,1437,testing,2,0,False
285,7,1,3,single_condition,integrated_gradients,importance,wine_quality,470,testing,3,0,False
285,8,1,4,single_condition,integrated_gradients,importance,wine_quality,1371,testing,4,1,True
285,9,1,5,single_condition,integrated_gradients,importance,wine_quality,244,testing,5,0,True
285,10,1,6,single_condition,integrated_gradients,importance,wine_quality,1267,testing,6,1,True
286,1,1,1,single_condition,input_gradients,none,wine_quality,1296,training,1,0,
286,2,1,2,single_condition,input_gradients,none,wine_quality,1219,training,2,1,
286,3,1,3,single_condition,input_gradients,none,wine_quality,922,training,3,1,
286,4,1,4,single_condition,input_gradients,none,wine_quality,1486,training,4,0,
286,5,1,1,single_condition,input_gradients,none,wine_quality,513,testing,1,1,True
286,6,1,2,single_condition,input_gradients,none,wine_quality,596,testing,2,0,True
286,7,1,3,single_condition,input_gradients,none,wine_quality,501,testing,3,0,True
286,8,1,4,single_condition,input_gradients,none,wine_quality,1496,testing,4,0,False
286,9,1,5,single_condition,input_gradients,none,wine_quality,964,testing,5,1,False
286,10,1,6,single_condition,input_gradients,none,wine_quality,960,testing,6,1,False
287,1,1,1,single_condition,input_gradients,attribution,wine_quality,436,training,1,0,
287,2,1,2,single_condition,input_gradients,attribution,wine_quality,821,training,2,1,
287,3,1,3,single_condition,input_gradients,attribution,wine_quality,43,training,3,0,
287,4,1,4,single_condition,input_gradients,attribution,wine_quality,1477,training,4,1,
287,5,1,1,single_condition,input_gradients,attribution,wine_quality,940,testing,1,1,True
287,6,1,2,single_condition,input_gradients,attribution,wine_quality,1061,testing,2,1,False
287,7,1,3,single_condition,input_gradients,attribution,wine_quality,1102,testing,3,0,False
287,8,1,4,single_condition,input_gradients,attribution,wine_quality,1472,testing,4,0,False
287,9,1,5,single_condition,input_gradients,attribution,wine_quality,1560,testing,5,0,True
287,10,1,6,single_condition,input_gradients,attribution,wine_quality,982,testing,6,1,True
288,1,1,1,single_condition,input_gradients,importance,wine_quality,1584,training,1,1,
288,2,1,2,single_condition,input_gradients,importance,wine_quality,494,training,2,0,
288,3,1,3,single_condition,input_gradients,importance,wine_quality,1086,training,3,1,
288,4,1,4,single_condition,input_gradients,importance,wine_quality,383,training,4,0,
288,5,1,1,single_condition,input_gradients,importance,wine_quality,1132,testing,1,1,True
288,6,1,2,single_condition,input_gradients,importance,wine_quality,513,testing,2,1,False
288,7,1,3,single_condition,input_gradients,importance,wine_quality,1508,testing,3,0,False
288,8,1,4,single_condition,input_gradients,importance,wine_quality,1529,testing,4,0,True
288,9,1,5,single_condition,input_gradients,importance,wine_quality,1405,testing,5,1,True
288,10,1,6,single_condition,input_gradients,importance,wine_quality,237,testing,6,0,False
289,1,1,1,single_condition,lime,none,wine_quality,1402,training,1,1,
289,2,1,2,single_condition,lime,none,wine_quality,1581,training,2,0,
289,3,1,3,single_condition,lime,none,wine_quality,867,training,3,1,
289,4,1,4,single_condition,lime,none,wine_quality,226,training,4,0,
289,5,1,1,single_condition,lime,none,wine_quality,417,testing,1,0,True
289,6,1,2,single_condition,lime,none,wine_quality,999,testing,2,0,False
289,7,1,3,single_condition,lime,none,wine_quality,1442,testing,3,0,False
289,8,1,4,single_condition,lime,none,wine_quality,344,testing,4,1,True
289,9,1,5,single_condition,lime,none,wine_quality,1061,testing,5,1,True
289,10,1,6,single_condition,lime,none,wine_quality,588,testing,6,1,False
290,1,1,1,single_condition,lime,attribution,wine_quality,904,training,1,0,
290,2,1,2,single_condition,lime,attribution,wine_quality,514,training,2,1,
290,3,1,3,single_condition,lime,attribution,wine_quality,593,training,3,0,
290,4,1,4,single_condition,lime,attribution,wine_quality,506,training,4,1,
290,5,1,1,single_condition,lime,attribution,wine_quality,947,testing,1,1,False
290,6,1,2,single_condition,lime,attribution,wine_quality,940,testing,2,1,True
290,7,1,3,single_condition,lime,attribution,wine_quality,1371,testing,3,1,True
290,8,1,4,single_condition,lime,attribution,wine_quality,1447,testing,4,0,False
290,9,1,5,single_condition,lime,attribution,wine_quality,274,testing,5,0,False
290,10,1,6,single_condition,lime,attribution,wine_quality,856,testing,6,0,True
291,1,1,1,single_condition,lime,importance,wine_quality,1595,training,1,0,
291,2,1,2,single_condition,lime,importance,wine_quality,1007,training,2,1,
291,3,1,3,single_condition,lime,importance,wine_quality,326,training,3,1,
291,4,1,4,single_condition,lime,importance,wine_quality,879,training,4,0,
291,5,1,1,single_condition,lime,importance,wine_quality,461,testing,1,0,False
291,6,1,2,single_condition,lime,importance,wine_quality,505,testing,2,1,True
291,7,1,3,single_condition,lime,importance,wine_quality,1227,testing,3,0,False
291,8,1,4,single_condition,lime,importance,wine_quality,194,testing,4,0,False
291,9,1,5,single_condition,lime,importance,wine_quality,875,testing,5,1,True
291,10,1,6,single_condition,lime,importance,wine_quality,344,testing,6,1,True
292,1,1,1,single_condition,shap,none,wine_quality,913,training,1,1,
292,2,1,2,single_condition,shap,none,wine_quality,1023,training,2,0,
292,3,1,3,single_condition,shap,none,wine_quality,219,training,3,0,
292,4,1,4,single_condition,shap,none,wine_quality,1090,training,4,1,
292,5,1,1,single_condition,shap,none,wine_quality,1218,testing,1,0,False
292,6,1,2,single_condition,shap,none,wine_quality,274,testing,2,0,True
292,7,1,3,single_condition,shap,none,wine_quality,69,testing,3,1,False
292,8,1,4,single_condition,shap,none,wine_quality,882,testing,4,1,True
292,9,1,5,single_condition,shap,none,wine_quality,1070,testing,5,1,True
292,10,1,6,single_condition,shap,none,wine_quality,1560,testing,6,0,False
293,1,1,1,single_condition,shap,attribution,wine_quality,264,training,1,1,
293,2,1,2,single_condition,shap,attribution,wine_quality,606,training,2,1,
293,3,1,3,single_condition,shap,attribution,wine_quality,1312,training,3,0,
293,4,1,4,single_condition,shap,attribution,wine_quality,911,training,4,0,
293,5,1,1,single_condition,shap,attribution,wine_quality,193,testing,1,0,True
293,6,1,2,single_condition,shap,attribution,wine_quality,513,testing,2,1,False
293,7,1,3,single_condition,shap,attribution,wine_quality,344,testing,3,1,True
293,8,1,4,single_condition,shap,attribution,wine_quality,157,testing,4,0,False
293,9,1,5,single_condition,shap,attribution,wine_quality,191,testing,5,0,True
293,10,1,6,single_condition,shap,attribution,wine_quality,1016,testing,6,1,False
294,1,1,1,single_condition,shap,importance,wine_quality,1584,training,1,1,
294,2,1,2,single_condition,shap,importance,wine_quality,341,training,2,1,
294,3,1,3,single_condition,shap,importance,wine_quality,77,training,3,0,
294,4,1,4,single_condition,shap,importance,wine_quality,56,training,4,0,
294,5,1,1,single_condition,shap,importance,wine_quality,1586,testing,1,0,True
294,6,1,2,single_condition,shap,importance,wine_quality,909,testing,2,0,False
294,7,1,3,single_condition,shap,importance,wine_quality,1,testing,3,0,True
294,8,1,4,single_condition,shap,importance,wine_quality,69,testing,4,1,False
294,9,1,5,single_condition,shap,importance,wine_quality,947,testing,5,1,True
294,10,1,6,single_condition,shap,importance,wine_quality,875,testing,6,1,False
295,1,1,1,single_condition,integrated_gradients,none,wine_quality,76,training,1,0,
295,2,1,2,single_condition,integrated_gradients,none,wine_quality,358,training,2,1,
295,3,1,3,single_condition,integrated_gradients,none,wine_quality,1385,training,3,0,
295,4,1,4,single_condition,integrated_gradients,none,wine_quality,1063,training,4,1,
295,5,1,1,single_condition,integrated_gradients,none,wine_quality,950,testing,1,1,False
295,6,1,2,single_condition,integrated_gradients,none,wine_quality,1357,testing,2,0,True
295,7,1,3,single_condition,integrated_gradients,none,wine_quality,1476,testing,3,0,False
295,8,1,4,single_condition,integrated_gradients,none,wine_quality,1016,testing,4,1,False
295,9,1,5,single_condition,integrated_gradients,none,wine_quality,1188,testing,5,0,True
295,10,1,6,single_condition,integrated_gradients,none,wine_quality,588,testing,6,1,True
296,1,1,1,single_condition,integrated_gradients,attribution,wine_quality,1427,training,1,0,
296,2,1,2,single_condition,integrated_gradients,attribution,wine_quality,1100,training,2,1,
296,3,1,3,single_condition,integrated_gradients,attribution,wine_quality,1189,training,3,0,
296,4,1,4,single_condition,integrated_gradients,attribution,wine_quality,1063,training,4,1,
296,5,1,1,single_condition,integrated_gradients,attribution,wine_quality,267,testing,1,1,True
296,6,1,2,single_condition,integrated_gradients,attribution,wine_quality,1278,testing,2,0,True
296,7,1,3,single_condition,integrated_gradients,attribution,wine_quality,1205,testing,3,0,False
296,8,1,4,single_condition,integrated_gradients,attribution,wine_quality,513,testing,4,1,False
296,9,1,5,single_condition,integrated_gradients,attribution,wine_quality,875,testing,5,1,True
296,10,1,6,single_condition,integrated_gradients,attribution,wine_quality,1227,testing,6,0,False
297,1,1,1,single_condition,integrated_gradients,importance,wine_quality,506,training,1,1,
297,2,1,2,single_condition,integrated_gradients,importance,wine_quality,1380,training,2,0,
297,3,1,3,single_condition,integrated_gradients,importance,wine_quality,72,training,3,0,
297,4,1,4,single_condition,integrated_gradients,importance,wine_quality,807,training,4,1,
297,5,1,1,single_condition,integrated_gradients,importance,wine_quality,588,testing,1,1,False
297,6,1,2,single_condition,integrated_gradients,importance,wine_quality,820,testing,2,0,False
297,7,1,3,single_condition,integrated_gradients,importance,wine_quality,1495,testing,3,0,True
297,8,1,4,single_condition,integrated_gradients,importance,wine_quality,1132,testing,4,1,False
297,9,1,5,single_condition,integrated_gradients,importance,wine_quality,1405,testing,5,1,True
297,10,1,6,single_condition,integrated_gradients,importance,wine_quality,182,testing,6,0,True
298,1,1,1,single_condition,input_gradients,none,wine_quality,1381,training,1,0,
298,2,1,2,single_condition,input_gradients,none,wine_quality,296,training,2,0,
298,3,1,3,single_condition,input_gradients,none,wine_quality,913,training,3,1,
298,4,1,4,single_condition,input_gradients,none,wine_quality,1076,training,4,1,
298,5,1,1,single_condition,input_gradients,none,wine_quality,1529,testing,1,0,False
298,6,1,2,single_condition,input_gradients,none,wine_quality,1495,testing,2,0,True
298,7,1,3,single_condition,input_gradients,none,wine_quality,1016,testing,3,1,False
298,8,1,4,single_condition,input_gradients,none,wine_quality,940,testing,4,1,False
298,9,1,5,single_condition,input_gradients,none,wine_quality,1371,testing,5,1,True
298,10,1,6,single_condition,input_gradients,none,wine_quality,1127,testing,6,0,True
299,1,1,1,single_condition,input_gradients,attribution,wine_quality,506,training,1,1,
299,2,1,2,single_condition,input_gradients,attribution,wine_quality,1244,training,2,0,
299,3,1,3,single_condition,input_gradients,attribution,wine_quality,336,training,3,1,
299,4,1,4,single_condition,input_gradients,attribution,wine_quality,1164,training,4,0,
299,5,1,1,single_condition,input_gradients,attribution,wine_quality,940,testing,1,1,True
299,6,1,2,single_condition,input_gradients,attribution,wine_quality,1330,testing,2,0,True
299,7,1,3,single_condition,input_gradients,attribution,wine_quality,451,testing,3,0,True
299,8,1,4,single_condition,input_gradients,attribution,wine_quality,1508,testing,4,0,False
299,9,1,5,single_condition,input_gradients,attribution,wine_quality,491,testing,5,1,False
299,10,1,6,single_condition,input_gradients,attribution,wine_quality,1590,testing,6,1,False
300,1,1,1,single_condition,input_gradients,importance,wine_quality,379,training,1,0,
300,2,1,2,single_condition,input_gradients,importance,wine_quality,336,training,2,1,
300,3,1,3,single_condition,input_gradients,importance,wine_quality,1186,training,3,0,
300,4,1,4,single_condition,input_gradients,importance,wine_quality,1323,training,4,1,
300,5,1,1,single_condition,input_gradients,importance,wine_quality,1590,testing,1,1,True
300,6,1,2,single_condition,input_gradients,importance,wine_quality,566,testing,2,0,True
300,7,1,3,single_condition,input_gradients,importance,wine_quality,267,testing,3,1,False
300,8,1,4,single_condition,input_gradients,importance,wine_quality,1512,testing,4,0,False
300,9,1,5,single_condition,input_gradients,importance,wine_quality,44,testing,5,0,True
300,10,1,6,single_condition,input_gradients,importance,wine_quality,960,testing,6,1,False
