dataId,modelName,expMethod,instanceId,pred,i_max,a0_i,a1_i,a2_i,a3_i,a4_i,intercept
adult,xgboost,lime,0,1,0.2132383749513558,0.0468966616969842,0.0382295303654584,0.1290770413588377,0.0097555891145368,-0.1970939473959731,0.0460892875744831
adult,xgboost,lime,1,1,0.2132383749513558,0.0445396383474712,0.0389718058915693,0.1304883349382953,0.0136812465000796,-0.1949193498977897,0.0401892673987176
adult,xgboost,lime,2,1,0.2132383749513558,0.0332805049740092,0.0331775415303872,-0.0858048625777467,0.0135955058215741,0.2052547957679921,-0.06400352213467
adult,xgboost,lime,3,1,0.2132383749513558,0.0174343969352276,0.0356328934338885,0.1270676379859895,0.0082222059050262,-0.2021014208017572,0.0587449765067222
adult,xgboost,lime,4,0,0.2132383749513558,0.0387829825387366,0.0063007084876869,-0.0870091310966917,-0.0133747286761453,-0.2124366626381988,0.1709334041719025
adult,xgboost,lime,5,0,0.2132383749513558,0.0373875839342435,-0.101107781268703,0.1203552819475604,0.0063309368813967,-0.2005517752386766,0.1047202112787062
adult,xgboost,lime,6,1,0.2132383749513558,0.0148524050708973,0.0372529925918617,0.1258174912607192,0.012288934771275,0.1930122054472345,-0.1437557374439959
adult,xgboost,lime,7,0,0.2132383749513558,-0.0748440147949974,-0.0908812822695726,-0.0936921301789508,0.0156810319641846,-0.2183337559807213,0.2336741314682145
adult,xgboost,lime,8,1,0.2132383749513558,0.0328951661605876,0.0181198966434082,0.1257077752443199,0.0079070983385684,-0.1901858779422414,0.0507821996773542
adult,xgboost,lime,9,0,0.2132383749513558,0.0359685076741548,-0.0962126510261849,-0.0703538431049242,-0.012661354415341,-0.2097825712138052,0.1942545413986799
adult,xgboost,lime,10,1,0.2132383749513558,0.043887984272024,0.0197547429013628,0.130708443629546,0.0151575504308619,-0.1985943593105105,0.0484224621134598
adult,xgboost,lime,11,1,0.2132383749513558,0.0101717680302992,0.0395557656905393,0.1289191373911597,0.0062118281941151,-0.1964039895383254,0.0553908987602093
adult,xgboost,lime,12,1,0.2132383749513558,0.0119970894786401,0.121493909448267,0.1260732435350047,0.0108339981380519,-0.1875942396198354,0.0392298460608822
adult,xgboost,lime,13,0,0.2132383749513558,0.0334721182794542,0.018824281110477,-0.0877440128423955,0.0128252383873716,-0.2063242331037219,0.1521078505123578
adult,xgboost,lime,14,0,0.2132383749513558,0.0430452520947438,0.0316288720350093,-0.0898516234714137,-0.0123069242722944,-0.2071077134920811,0.1596883273055569
adult,xgboost,lime,15,0,0.2132383749513558,0.0349098832558771,-0.1031804127470209,-0.0841982443838018,0.0083660953863899,-0.2126725413980503,0.2032662528634661
adult,xgboost,lime,16,1,0.2132383749513558,0.0165718193093721,0.0342274813703428,0.1323114815203629,0.0086916372691575,-0.1888441949298874,0.0457236847497108
adult,xgboost,lime,17,1,0.2132383749513558,0.0352704353397912,-0.1070054341955474,0.1219945653858414,0.0132407306597796,-0.2047384780268034,0.106930729561007
adult,xgboost,lime,18,0,0.2132383749513558,-0.0767535968180947,-0.090763443003003,-0.0918715677816779,0.0115739795694095,-0.2149154671700535,0.2337730707456481
adult,xgboost,lime,19,1,0.2132383749513558,0.0319875652715663,0.0369473382089291,0.1235618076992175,0.0079789825444084,0.2020575695339883,-0.1449047370393099
adult,xgboost,lime,20,0,0.2132383749513558,-0.0510934052438041,-0.0961334097686931,-0.0933706498103676,-0.0145041892782565,-0.2177692419785471,0.2333732272812408
adult,xgboost,lime,21,0,0.2132383749513558,-0.077608859413075,-0.0927888438380938,-0.0983254990002008,0.0129697235825999,-0.2247810773209773,0.245147968649363
adult,xgboost,lime,22,1,0.2132383749513558,0.0391906473920915,0.1260877038002197,0.1242835183507207,0.0133843961011883,-0.1891642517625114,0.0342610404502651
adult,xgboost,lime,23,1,0.2132383749513558,0.0430551234125572,0.0174769993080503,0.1257413643004021,0.0107056649215742,-0.1873209978977969,0.0454866059832349
adult,xgboost,lime,24,0,0.2132383749513558,0.0446901110192229,0.0282211546746842,-0.1061016578881104,0.0096261229994125,-0.1983400435791147,0.1524675823410075
adult,xgboost,lime,25,0,0.2132383749513558,0.0132931518325167,0.0305383840876547,-0.1023113332169735,0.0153996416952441,-0.2057021520751375,0.1613427054977805
adult,xgboost,lime,26,1,0.2132383749513558,0.0147864954026955,0.0329122081547464,0.1203407053310233,0.0081414470414918,0.2027425707926203,-0.1373747428810826
adult,xgboost,lime,27,1,0.2132383749513558,0.017723838598335,0.0369762938011311,0.1307755763246011,0.0102669641131005,-0.1980256180305781,0.0528643251535795
adult,xgboost,lime,28,1,0.2132383749513558,-0.0815271075753879,0.1194087283982855,0.116527286457644,0.0102437808327862,0.2017545869206133,-0.1175619253676992
adult,xgboost,lime,29,0,0.2132383749513558,0.036991601371757,-0.1043088545332726,0.1219838404387229,0.0091237036557562,-0.201499837635748,0.1042004107904868
adult,xgboost,lime,30,0,0.2132383749513558,-0.082439731529864,0.0106457193978518,-0.1031897400416152,-0.0103575742256729,-0.2119622361303372,0.2098680639869964
adult,xgboost,lime,31,0,0.2132383749513558,-0.0734355322317448,-0.0912492773838695,-0.094461823352896,0.0111359432273324,-0.2221986150420425,0.2391695859306479
adult,xgboost,lime,32,1,0.2132383749513558,0.0469665541114397,0.0377102247522883,0.1263664128184216,0.0134282854236196,-0.1990070010274827,0.043992373583655
adult,xgboost,lime,33,0,0.2132383749513558,-0.0792746758111107,0.0307194633378129,-0.10025614179792,-0.0103428388856965,-0.212517431165092,0.2039588381726821
adult,xgboost,lime,34,0,0.2132383749513558,0.0414948999111041,-0.0971802758158664,-0.0826049923193915,-0.0132319762041742,-0.2134566970207807,0.2067006808160508
adult,xgboost,lime,35,0,0.2132383749513558,0.0115954965778582,-0.0992775041439411,-0.086527384166277,-0.0121199186165923,-0.2112358959106204,0.2140946724441711
adult,xgboost,lime,36,1,0.2132383749513558,0.0170296439333709,0.0202760031297742,0.1298064628348596,0.0138753147133403,-0.1983333301688015,0.0557145349490459
adult,xgboost,lime,37,1,0.2132383749513558,0.0093577682971107,0.0183587079866172,0.128501271245517,-0.0094227677644836,-0.2055949957276755,0.0773363386409755
adult,xgboost,lime,38,0,0.2132383749513558,0.0395536630541794,-0.1059270963369663,0.1218155713318416,0.0083075003365169,-0.1985134747678651,0.1059197613019348
adult,xgboost,lime,39,1,0.2132383749513558,0.0135288680659425,0.0334666544716257,0.1215361804881249,0.0088795741747807,0.197220580482214,-0.1376152483170378
adult,xgboost,lime,40,0,0.2132383749513558,0.0078684029262021,-0.1056291741481228,0.1226187478270961,0.0085336934395857,-0.2076164618422856,0.1211860318666653
adult,xgboost,lime,41,1,0.2132383749513558,0.0079200886667219,0.035470051398297,-0.0871926397724949,0.011904368264467,0.2104275073672391,-0.0558491652987983
adult,xgboost,lime,42,0,0.2132383749513558,0.0083866912300644,-0.0937716658473485,-0.093992568220299,-0.0147151385753614,-0.2138884896278979,0.2240461597030604
adult,xgboost,lime,43,1,0.2132383749513558,-0.07832470334837,0.0175328522327616,0.1276259958465468,0.0129148771988556,-0.2043071906727281,0.0869925298404175
adult,xgboost,lime,44,0,0.2132383749513558,0.0315260396176693,-0.0983892275502144,-0.0849093272988723,0.0127116851055631,-0.2012180167768383,0.1881698628746909
adult,xgboost,lime,45,0,0.2132383749513558,0.0107256997382219,-0.1019454835484927,0.121327599544194,0.0108369005958743,-0.203933076599934,0.1097960554256555
adult,xgboost,lime,46,1,0.2132383749513558,0.0402428266714434,-0.1082176179385078,0.1200580144203549,0.0121394500544427,-0.2049264845343551,0.1084422494632687
adult,xgboost,lime,47,0,0.2132383749513558,-0.080793813870075,0.0343457718538414,-0.0933568540776459,0.0053365143378537,-0.2058641857315197,0.1801561709328851
adult,xgboost,lime,48,0,0.2132383749513558,-0.0721807992135905,-0.0947180299374556,-0.0895884282614686,-0.014888040880589,-0.2112251684632224,0.2342916395867504
adult,xgboost,lime,49,1,0.2132383749513558,0.0079670095049448,-0.101920615927958,0.118928341353716,0.0107696143381278,0.2022690515453686,-0.0892241385661962
adult,xgboost,lime,50,1,0.2132383749513558,0.0401105559785207,0.0398896507056758,0.1180482615515515,0.0117896933121767,0.2013319219668389,-0.1457992340226347
adult,xgboost,lime,51,1,0.2132383749513558,0.0294932263950081,0.0181467623648191,0.1277093906332574,0.0123188855033725,0.1907477535706733,-0.1437688268059546
adult,xgboost,lime,52,1,0.2132383749513558,-0.0835007132704939,0.0154963259839998,0.127992308049072,0.0081265251764525,-0.2030260697415613,0.0930340317925196
adult,xgboost,lime,53,1,0.2132383749513558,0.0341048702736647,0.0348759635612873,0.1291980682692269,0.0121586555964049,-0.19449573051232,0.0444986094688956
adult,xgboost,lime,54,1,0.2132383749513558,0.0133225531068311,0.0385149538169356,0.13377107549733,0.010472442045039,-0.2015343958705904,0.0544214872864957
adult,xgboost,lime,55,0,0.2132383749513558,-0.0788801199748932,0.030136227436812,-0.102362226014497,0.0129744789048768,-0.2123313330134493,0.1900609438268909
adult,xgboost,lime,56,1,0.2132383749513558,0.0339442448009917,0.0221629228852183,0.125526478190474,0.0094528022631068,-0.1983213580026138,0.0559393801851015
adult,xgboost,lime,57,1,0.2132383749513558,0.0131755715198769,0.0197840438301682,0.1257270199682337,0.0119774728608696,-0.197068035868586,0.0608044103860969
adult,xgboost,lime,58,0,0.2132383749513558,-0.0813809350182453,0.0338834851780655,0.1311190337405842,-0.0102239495411271,-0.2039396511908703,0.0936144703143504
adult,xgboost,lime,59,0,0.2132383749513558,0.044246924195786,-0.0976585044638353,-0.0815209649008552,0.0126501269181943,-0.2132175897471502,0.1952301595018528
adult,xgboost,lime,60,1,0.2132383749513558,0.018845318157416,0.0362088837674259,0.1262438666457935,0.0117461317517281,-0.2021907037705537,0.057635794888615
adult,xgboost,lime,61,1,0.2132383749513558,0.0149438556045613,0.0208090063309203,0.1262234800880968,0.0104096657034798,-0.2026172565031464,0.0652487254001918
adult,xgboost,lime,62,0,0.2132383749513558,0.0087580451318485,-0.0998363923800848,-0.092315138917575,0.0150900154084012,-0.2179091739150137,0.21597117788573
adult,xgboost,lime,63,0,0.2132383749513558,-0.0794717062291771,0.0101044824589279,-0.099899812864912,-0.0178315276567488,-0.2111659040002752,0.2104596981480616
adult,xgboost,lime,64,1,0.2132383749513558,0.0446272264642747,0.0362297185713935,0.1280284787744967,0.0148230723015191,-0.1966774860155472,0.0419878831836721
adult,xgboost,lime,65,0,0.2132383749513558,0.032880374676944,-0.1023610986557337,0.1210671517435158,0.0107063909465468,-0.2041342518659539,0.1083478365061528
adult,xgboost,lime,66,1,0.2132383749513558,0.0369838287484365,0.1286916569955421,0.1227473460602474,0.01367265316409,-0.1969227560451023,0.0407296396538606
adult,xgboost,lime,67,1,0.2132383749513558,0.0495172232859842,0.0166011120256028,0.1271401050982234,0.009814408091393,-0.1973665275373569,0.0516492375014435
adult,xgboost,lime,68,1,0.2132383749513558,0.0100603817839584,-0.1079411942942022,0.1243004158644663,-0.0100793778854207,-0.20819966319945,0.1283932987169509
adult,xgboost,lime,69,0,0.2132383749513558,-0.0803555417111479,0.0279516923751559,-0.1055028087901368,0.0131100062321917,-0.2106105756088686,0.1918246905758489
adult,xgboost,lime,70,1,0.2132383749513558,0.0376762555965876,0.0377540804900716,0.1251879958036967,0.0101544908391691,-0.1969543627823429,0.0470094473976393
adult,xgboost,lime,71,0,0.2132383749513558,0.0316126149620698,-0.1044120225617367,0.1194451532964418,0.0121017469630933,-0.1976555841156117,0.1030822021994811
adult,xgboost,lime,72,0,0.2132383749513558,0.0089599673873971,-0.0956424365028798,-0.0930272915570606,0.0119867666699909,-0.2124268818282151,0.210486028323356
adult,xgboost,lime,73,0,0.2132383749513558,-0.0783312163787142,0.0112073858347806,-0.0993116651922693,-0.0086951801418401,-0.2101685566650298,0.2062963495412496
adult,xgboost,lime,74,0,0.2132383749513558,0.0157704113008587,0.0345802704329884,-0.0964894320504207,-0.0147502307639376,-0.2070003334446823,0.166535269835258
adult,xgboost,lime,75,0,0.2132383749513558,-0.0810572199242681,0.0091459854123922,-0.1003149025110812,0.0138826438052935,-0.2084192025324171,0.1945619704788534
adult,xgboost,lime,76,1,0.2132383749513558,0.0152559840059222,0.1242626020799795,-0.0872830461067094,-0.0121162957742191,-0.2118614564372569,0.1593679596317497
adult,xgboost,lime,77,1,0.2132383749513558,0.0370146400965293,-0.1055821979874352,0.1202987512316423,0.0136780743986314,-0.2034218006911999,0.1066505953143968
adult,xgboost,lime,78,0,0.2132383749513558,0.0337477069633907,-0.1069541087733105,0.1198858290011333,0.0131665005456617,-0.1955825865443492,0.1019550743874946
adult,xgboost,lime,79,1,0.2132383749513558,0.030352869575982,0.1223322235268386,0.1218246537634174,0.0121175285940614,0.1858560287975324,-0.1480811638346169
adult,xgboost,lime,80,0,0.2132383749513558,0.0144668964558777,0.0117194668814736,-0.1026995237546417,-0.0081881511571228,-0.2163483507190092,0.187896345970195
adult,xgboost,lime,81,1,0.2132383749513558,0.047518135495216,0.0387367568277712,0.1316869110421158,0.0112507233873927,-0.1962355967593831,0.0408303972116469
adult,xgboost,lime,82,1,0.2132383749513558,0.0451155329246384,0.0166847602581977,0.1237985940613635,0.0133630495520716,-0.1962177620160051,0.0517356589382108
adult,xgboost,lime,83,0,0.2132383749513558,-0.0834100109995165,0.0281550452040614,-0.1031739417849183,-0.0133062092903317,-0.2037864467845775,0.199839979956233
adult,xgboost,lime,84,0,0.2132383749513558,0.0088400853999378,-0.0943160842484599,-0.0988850985203725,-0.0104702550448215,0.2050183653121444,0.0124517311928662
adult,xgboost,lime,85,1,0.2132383749513558,0.0436062629256598,-0.1061703117005303,0.1186309071376212,0.0106160087837366,-0.1972391458105379,0.1012249776598234
adult,xgboost,lime,86,1,0.2132383749513558,0.0121104746950717,0.037593516954411,0.1230985149199372,0.0091393019366088,-0.200803063967068,0.0589330322417356
adult,xgboost,lime,87,1,0.2132383749513558,0.0356672532429719,0.0386392440409711,0.127111230599843,0.0124123013234626,-0.1975185794569152,0.0461655100591925
adult,xgboost,lime,88,0,0.2132383749513558,0.04340795284062,0.0154191215785193,-0.0945910826886246,-0.0089942601735189,-0.2035676717497074,0.1617845703213115
adult,xgboost,lime,89,0,0.2132383749513558,0.0291829693703684,0.122662196924254,-0.0933895812704715,-0.0108208753678042,-0.1992042557963493,0.1472689085025471
adult,xgboost,lime,90,1,0.2132383749513558,0.0140914349954588,0.03373327770002,0.1272262176285431,0.0052474408684948,0.2020284962660193,-0.1403640584743777
adult,xgboost,lime,91,1,0.2132383749513558,0.0392316348984963,0.1245777883790075,0.1252988314906248,0.0116837812912833,-0.198148454238603,0.0438465780950229
adult,xgboost,lime,92,1,0.2132383749513558,0.0406071736967465,0.0375560431054839,0.127857853924148,0.00962435065141,-0.1972322690596917,0.0477615110616611
adult,xgboost,lime,93,0,0.2132383749513558,-0.0769041703374462,-0.0943629859355123,-0.0849664942230325,-0.0099194155700434,-0.2187490950204517,0.2400692965356758
adult,xgboost,lime,94,1,0.2132383749513558,0.0451897432434899,0.0365890705554728,0.1321621074211212,-0.0147118044243464,-0.1995895261018501,0.0575326033997088
adult,xgboost,lime,95,0,0.2132383749513558,0.0056677677178896,0.1249740368570835,-0.0992634858908015,-0.0133810190564263,-0.2078550529559582,0.1691479329143084
adult,xgboost,lime,96,0,0.2132383749513558,-0.0769819057342207,-0.0925524846768804,-0.0925812576144818,0.0087512381099994,-0.2093733614904807,0.2313894328441667
adult,xgboost,lime,97,1,0.2132383749513558,0.0445181436437711,0.0138743272060085,-0.0863315001008921,0.0127963489380672,0.2088839361955471,-0.0562555103838748
adult,xgboost,lime,98,0,0.2132383749513558,0.0363730735849846,-0.1016239253506042,-0.0869791663281892,-0.0142619673055264,-0.2055670901833618,0.2064168848097004
adult,xgboost,lime,99,0,0.2132383749513558,0.0119516036386263,0.0146375785089056,-0.1013598069505553,0.0149741739378184,-0.2055476853856606,0.1689094534649382
adult,xgboost,lime,100,1,0.2132383749513558,0.0423577461045449,-0.1049401733185344,0.1236707991194265,0.0108418582416041,-0.2031096198485142,0.1055357556168941
adult,xgboost,lime,101,0,0.2132383749513558,0.0131043595023081,0.0286061488269911,-0.0900499537218296,-0.0110685589936492,-0.2034571234957298,0.1599276342383188
adult,xgboost,lime,102,1,0.2132383749513558,0.0151471644268974,0.0330364908438997,0.1222083746557704,0.0091402998237671,0.2002128338560151,-0.1389257088704776
adult,xgboost,lime,103,0,0.2132383749513558,0.0335318976587335,-0.0983625417956767,-0.086980080040968,-0.0140374050989178,-0.2057367826175541,0.2034109379560404
adult,xgboost,lime,104,1,0.2132383749513558,0.045390311956686,-0.1031390797130825,0.1228521954310397,0.0116481580199759,-0.1974731827325711,0.0964540242536137
adult,xgboost,lime,105,1,0.2132383749513558,0.0452830651369519,0.0192216506991978,0.1276204525494433,0.007723535716743,-0.200104302849647,0.0548976093161863
adult,xgboost,lime,106,1,0.2132383749513558,0.0152954837121231,0.0369948853280969,0.1337327081020777,0.0115661409191984,-0.1908101392752558,0.0424620952809874
adult,xgboost,lime,107,0,0.2132383749513558,-0.0743401504176791,-0.0950272123111183,-0.0945131123167616,-0.0131615676874081,-0.2132918854246112,0.2477052157776211
adult,xgboost,lime,108,0,0.2132383749513558,0.037916402336933,0.031576790820932,-0.0931634411255592,0.0145165800213665,-0.2064886103638742,0.1442895188782186
adult,xgboost,lime,109,0,0.2132383749513558,-0.0843535167585372,0.0101201301067407,-0.1000641520891667,-0.015528736762413,-0.2067985680160209,0.2081104087063877
adult,xgboost,lime,110,1,0.2132383749513558,0.0442706569612646,-0.1041684387758304,0.1193360903896064,0.0097523578126565,-0.2054720149679207,0.1091340184202362
adult,xgboost,lime,111,0,0.2132383749513558,0.0153606892931688,0.1271644868619667,-0.0911633717777612,-0.0113553759145299,-0.2032197588569695,0.1511109841753525
adult,xgboost,lime,112,1,0.2132383749513558,-0.0810456608990239,0.1221856793002976,0.1264394373448431,0.0120201987963517,-0.2003393478000297,0.0754807856810068
adult,xgboost,lime,113,0,0.2132383749513558,0.0109736271463713,0.1294095834754099,-0.0886371175547937,-0.0174049346068214,-0.2058735695382001,0.156407384173197
adult,xgboost,lime,114,0,0.2132383749513558,0.0458265411343389,0.0274351193384148,-0.0923613128785475,-0.01307622640563,-0.2094725070674701,0.1637351307521015
adult,xgboost,lime,115,0,0.2132383749513558,0.0084414355691965,-0.0947771733278502,-0.0837454932599602,-0.0086713597486964,-0.2092762543912934,0.2083121575383768
adult,xgboost,lime,116,0,0.2132383749513558,-0.0790609731220747,-0.1009476226511669,0.1173566422434877,0.0070315337111243,-0.2114146807738661,0.1469134706145443
adult,xgboost,lime,117,1,0.2132383749513558,0.0435719697906019,-0.1022652668968062,0.1167233503267608,0.0083272923390192,0.2029916751787769,-0.0949003156074934
adult,xgboost,lime,118,0,0.2132383749513558,-0.0801305880601228,-0.0943937283571868,-0.0808972021851186,0.0133502274443546,-0.2161156624804357,0.2264424512120071
adult,xgboost,lime,119,1,0.2132383749513558,0.0327253763474129,-0.1032658728787612,0.1194331195882299,0.0146043130080561,-0.2048983887150955,0.1072317555689625
adult,xgboost,lime,120,1,0.2132383749513558,0.0389948613499963,-0.1021443942568751,0.1132580060905539,0.0062417439474941,0.1961454828095895,-0.0887238594981745
adult,xgboost,lime,121,1,0.2132383749513558,0.0383526538800918,-0.0951611892301417,-0.0787571498424448,0.0127403246873445,0.2109808781721427,-0.0194366338683302
adult,xgboost,lime,122,0,0.2132383749513558,-0.0816863011544123,-0.1013437140605843,0.1189493614329654,0.0124357243320704,-0.2076777649362252,0.1399492590487577
adult,xgboost,lime,123,1,0.2132383749513558,0.0429162944141679,0.01971509479398,0.1273494725925673,0.0077085534447519,-0.1941063625436948,0.0505790977113498
adult,xgboost,lime,124,1,0.2132383749513558,0.0320308585876323,0.1232485427614712,0.1289367202543511,-0.0094774894715589,-0.1984540426493694,0.0539884549637355
adult,xgboost,lime,125,1,0.2132383749513558,0.0408765708291774,0.1183613412648957,0.1218302911105034,0.0156419899717845,0.1958750475415666,-0.1566123821929747
adult,xgboost,lime,126,1,0.2132383749513558,-0.0847924420712417,0.031204750783642,0.1329039811442491,0.0083919247753358,-0.1923436404063985,0.0763712134591607
adult,xgboost,lime,127,1,0.2132383749513558,0.011264904287859,0.038725158100784,0.1347411742061612,-0.0065126463785011,-0.2025321155908261,0.0624920234314025
adult,xgboost,lime,128,1,0.2132383749513558,0.0364582176707171,-0.1036593615217948,0.1182420389940965,0.0131608963609283,-0.2052016712872073,0.1090923284661482
adult,xgboost,lime,129,1,0.2132383749513558,0.0092481612782495,0.0211203892341122,0.1292027767548488,0.0102825130393375,-0.2002493104575364,0.0617378035357952
adult,xgboost,lime,130,0,0.2132383749513558,0.0335088182153563,-0.0976622656476145,-0.0799642935995328,0.0105723246914144,-0.2066429968203528,0.190725709354506
adult,xgboost,lime,131,1,0.2132383749513558,0.0379536361136101,-0.1058814491578377,0.119435048912017,0.0084915655085094,-0.2038645315064513,0.1121558424584608
adult,xgboost,lime,132,1,0.2132383749513558,0.041754914967447,0.035820800940758,0.133068187615611,-0.0104267045699904,-0.2007385199074463,0.0581237752088658
adult,xgboost,lime,133,0,0.2132383749513558,-0.0814670755646767,0.0301468070696902,-0.1022176174201189,-0.013799628662552,-0.2145805488887319,0.2085270289935766
adult,xgboost,lime,134,0,0.2132383749513558,0.0083008211767011,-0.094211785778668,-0.0965455018793248,-0.0162613187366025,-0.2139257226376477,0.2260683487203298
adult,xgboost,lime,135,0,0.2132383749513558,0.0069331235948169,-0.0917907664144635,-0.084215748237907,0.0078856443837149,0.2104044783860702,-0.0097605481315624
adult,xgboost,lime,136,1,0.2132383749513558,0.0418986693096728,0.0228562498391643,0.1285479505849109,0.0118850295726075,-0.195240442456939,0.0498838867377802
adult,xgboost,lime,137,0,0.2132383749513558,0.0368877508099841,-0.0966135616691172,-0.0954640236156103,0.0095294028387458,-0.2104383608413461,0.207204808307464
adult,xgboost,lime,138,0,0.2132383749513558,-0.0828105902053063,0.0267175671437579,-0.1013954853910254,0.0079292250451226,-0.2112612168014042,0.1950022140384917
adult,xgboost,lime,139,1,0.2132383749513558,0.0317887396747845,0.1208047301423443,0.1189473464792327,0.0115946539901407,0.1960519275325226,-0.1480999373406859
adult,xgboost,lime,140,0,0.2132383749513558,-0.0873051431140345,0.0118126192712711,-0.0956860898903665,0.010425485558988,-0.2137635434203358,0.2020750977540726
adult,xgboost,lime,141,0,0.2132383749513558,-0.0833875070380143,-0.0971285585131471,-0.084437646544665,-0.0127746746302324,-0.2129461160709136,0.2395240261575741
adult,xgboost,lime,142,0,0.2132383749513558,-0.085994093035814,0.0110376025636677,-0.0977570436168548,-0.0152643883304991,-0.2089859302416995,0.2122601540492632
adult,xgboost,lime,143,1,0.2132383749513558,0.0137424412061696,0.0385345995955935,0.1344076369480127,0.0120520565764179,-0.1896531212129165,0.0396729008610359
adult,xgboost,lime,144,1,0.2132383749513558,0.0124045116469865,0.0161074554847817,0.1288271804547344,0.0100567260671543,-0.1964408539153562,0.0591413290997878
adult,xgboost,lime,145,0,0.2132383749513558,0.042991988554198,0.0197569747227962,-0.0900302352055729,0.0157252910026418,-0.2031359106948722,0.1429494962627986
adult,xgboost,lime,146,0,0.2132383749513558,0.011549626097264,0.0321419693947495,-0.1006746530606458,0.0095172970295311,-0.2045408524279728,0.1634040106105712
adult,xgboost,lime,147,0,0.2132383749513558,-0.0824094374892904,-0.0993203277688744,0.1198888178968975,0.0059934217652014,-0.2008743741861195,0.1366491026209618
adult,xgboost,lime,148,0,0.2132383749513558,0.0301641032274054,-0.1014065092486276,-0.0852267233226534,-0.0158997043279672,-0.2159737204850607,0.216907219538744
adult,xgboost,lime,149,0,0.2132383749513558,0.011263466280493,-0.1071405747733217,0.1238968428719292,0.0099221027360071,-0.2081125925405588,0.1173217594443325
adult,xgboost,lime,150,0,0.2132383749513558,0.0070398824824173,-0.0970204773807032,-0.0894604613707627,-0.0096939452149637,-0.2108280707952145,0.2131324072050912
adult,xgboost,lime,151,0,0.2132383749513558,-0.0770959438748209,-0.0928593783495855,-0.0907079885486281,-0.0109662943107186,-0.2199184633821265,0.2511218930119161
adult,xgboost,lime,152,1,0.2132383749513558,-0.0821684404674542,0.1270432228065801,0.1269985102995806,-0.0093291157648571,-0.200809241518641,0.0839456252912131
adult,xgboost,lime,153,0,0.2132383749513558,-0.0814597466861425,0.0160595080214787,0.1264486648907433,0.0122072500281494,-0.2075914003664156,0.0928001567676417
adult,xgboost,lime,154,1,0.2132383749513558,0.0120725357220732,0.0399636194924625,0.1329498731495974,-0.0163722828844102,-0.1980520106284893,0.0637939032482703
adult,xgboost,lime,155,1,0.2132383749513558,0.044111066340197,-0.1027583251484337,0.1195475622078838,0.0139243633701523,-0.2037860944430091,0.1045973271340012
adult,xgboost,lime,156,1,0.2132383749513558,0.0139311760492343,0.1284797167244593,0.1233649954526735,0.0111481698018923,-0.2047881130194463,0.0565122230070426
adult,xgboost,lime,157,1,0.2132383749513558,0.0393455319659215,0.0372707490978384,0.1254053682502409,0.008942855205861,-0.2016996108387816,0.0542790997959233
adult,xgboost,lime,158,1,0.2132383749513558,0.0334724050048661,0.0392623118192504,0.1314460288160097,0.0126267330797446,-0.1994055109845642,0.0457419631996945
adult,xgboost,lime,159,1,0.2132383749513558,0.0107923520329359,0.0166078600302544,0.1278797647004151,0.0120582106001778,-0.1953936636049865,0.0574825577445531
adult,xgboost,lime,160,1,0.2132383749513558,0.0365993857407093,0.0185520584974864,0.1230623852912229,0.0098422913052539,-0.2047250692329174,0.0637054852194906
adult,xgboost,lime,161,0,0.2132383749513558,-0.0772862854002775,0.0121607386785657,-0.1059255876136866,-0.0113812617086872,-0.2091943159820029,0.2075095197471926
adult,xgboost,lime,162,0,0.2132383749513558,-0.0808655635427791,0.0325842821491989,-0.1054703975905004,-0.0081246520983772,-0.2119480297395295,0.2040271062119831
adult,xgboost,lime,163,0,0.2132383749513558,0.0380907526273099,0.0359744139529383,-0.1041814609950826,-0.0109197184135744,-0.2028787841816428,0.1648731744196486
adult,xgboost,lime,164,1,0.2132383749513558,0.0417519917613262,0.0219578488770394,0.1276305083910442,0.0102949972306856,-0.1984889191679074,0.0556076687974126
adult,xgboost,lime,165,0,0.2132383749513558,0.0125293841080049,-0.111123137882304,0.1247985890667607,0.0119550499719205,-0.204892118839634,0.1153731080539408
adult,xgboost,lime,166,0,0.2132383749513558,-0.0776626172228526,0.1235770305234547,-0.0982360218915922,0.0123420619350113,-0.2122606145785031,0.1837912387930627
adult,xgboost,lime,167,1,0.2132383749513558,0.041190365798607,-0.1008300917261883,0.1184401626897397,0.0142228966592651,-0.2002302068106909,0.0989985310713397
adult,xgboost,lime,168,0,0.2132383749513558,-0.0786898378054151,-0.1016062102189796,0.1192502307606419,0.0086279104301964,-0.2137145988494519,0.1471958437398968
adult,xgboost,lime,169,1,0.2132383749513558,0.0131296776178236,0.0403916057078963,0.1256002846514744,0.006954820177424,0.1983169889470172,-0.1381764724108747
adult,xgboost,lime,170,1,0.2132383749513558,0.0419464485625492,0.0225294095178614,0.1271052399349346,0.0092488532905516,-0.1929047733474218,0.0490019081732244
adult,xgboost,lime,171,1,0.2132383749513558,0.0157729606744514,0.0360244566587718,0.1229136141544222,0.0081146271862194,0.1980077508045783,-0.1390337536904498
adult,xgboost,lime,172,1,0.2132383749513558,0.0375271536826273,0.0334091039105807,0.1232356898552357,0.0084287253441557,0.202201679487274,-0.1444645588790001
adult,xgboost,lime,173,1,0.2132383749513558,0.0474695658705072,-0.1054185217858262,0.1210089489148376,0.0073006929335054,-0.1982008051401967,0.103084574642055
adult,xgboost,lime,174,0,0.2132383749513558,0.0348460505730115,0.0331757178359816,-0.093793956669509,-0.013519042418189,-0.2020671457112568,0.1553546006109102
adult,xgboost,lime,175,0,0.2132383749513558,-0.0802108821361875,-0.0942584425936708,-0.085666456166952,0.0104870035482751,-0.2197820651672237,0.2354355880754776
adult,xgboost,lime,176,0,0.2132383749513558,-0.0854269403590461,0.0132535791715803,-0.1015015476307404,-0.0171485009985124,-0.2053547776320746,0.2046827529121709
adult,xgboost,lime,177,1,0.2132383749513558,0.0429442577912896,0.0351289124807713,0.1314971490142959,0.010675774675005,-0.2003732412242806,0.0461579725234531
adult,xgboost,lime,178,1,0.2132383749513558,0.0331070113776098,0.0396550664643107,0.127240398275029,0.0157233259942862,-0.1974127836421016,0.0441986194789962
adult,xgboost,lime,179,0,0.2132383749513558,0.0160290390309678,-0.1066312084496418,0.1189870723766827,0.0123024805661288,-0.2007390264305565,0.1093806836613996
adult,xgboost,lime,180,1,0.2132383749513558,0.0138017371714153,0.0182735630983381,0.1322006194269422,-0.0100260022923508,-0.1916058828132451,0.0623668048607448
adult,xgboost,lime,181,0,0.2132383749513558,-0.0804098549420258,-0.1039345981891573,0.1179238798062668,0.0069776039582294,-0.2071340440947166,0.1451895657793526
adult,xgboost,lime,182,1,0.2132383749513558,-0.0804733296553895,0.0342404945227328,0.1248384251396888,0.0106204303620532,-0.2056675823163803,0.0877342611258233
adult,xgboost,lime,183,1,0.2132383749513558,0.0380805577035003,-0.097345911328169,0.1152567653596159,0.0100223330569151,0.2081831256188622,-0.0954902044206003
adult,xgboost,lime,184,0,0.2132383749513558,0.0427881513290231,-0.0943051764772615,-0.092263789136409,-0.0150781913658119,-0.2159723517180875,0.2112298851686184
adult,xgboost,lime,185,0,0.2132383749513558,-0.0812314236587862,0.0093444347146107,-0.0910112147141675,-0.0079939745744781,-0.2100189353528999,0.1987806550502852
adult,xgboost,lime,186,0,0.2132383749513558,0.0106887463029375,0.0148938319826757,-0.1019665772037055,0.008663420028888,-0.2093839007512656,0.173927556779503
adult,xgboost,lime,187,0,0.2132383749513558,0.0072766413901187,0.0306281612705963,-0.1028304759335473,-0.0117558508501526,-0.2132847529829998,0.1800665457514729
adult,xgboost,lime,188,0,0.2132383749513558,0.0328847944665605,0.1256191540221245,-0.0888032863886871,-0.0090897944693041,-0.2083352794546222,0.1526082424197439
adult,xgboost,lime,189,0,0.2132383749513558,-0.0827552160249623,-0.099139524384185,0.1182758534540309,0.0073641346025135,-0.2098360184802954,0.1449565666540232
adult,xgboost,lime,190,0,0.2132383749513558,-0.0776822885996228,-0.1016837089779109,0.1205778905364305,0.0075717134733687,-0.2097997411555628,0.1435298826029938
adult,xgboost,lime,191,0,0.2132383749513558,-0.0754245214461931,-0.0937256372407117,-0.0860203018263151,0.0114290040817175,-0.218043447187256,0.2290845737425814
adult,xgboost,lime,192,1,0.2132383749513558,0.0090927002793169,0.0151493545525465,0.1273588633292856,0.006841259834561,-0.1949071597952582,0.0639335033128803
adult,xgboost,lime,193,1,0.2132383749513558,0.0368299147859876,0.036993818546725,0.1297776424668953,0.015228338021348,-0.1993455895788241,0.0459604577797346
adult,xgboost,lime,194,1,0.2132383749513558,0.0149950872512839,0.0186344428600228,0.130522095402351,0.0117076575996233,-0.2036569659039634,0.0629658799734659
adult,xgboost,lime,195,1,0.2132383749513558,0.0424632268136083,0.0207745883611188,0.1287234576579129,0.0109955187997276,-0.1948445595479752,0.0494438895510002
adult,xgboost,lime,196,0,0.2132383749513558,-0.0847690932569047,0.0307238262718597,-0.1038662556050542,-0.0084411008910444,-0.2164018423862204,0.2122312351699229
adult,xgboost,lime,197,0,0.2132383749513558,-0.0793543819905522,0.0290726799822444,-0.096233191695243,0.0113307769376301,-0.219313177652548,0.2007516495675372
adult,xgboost,lime,198,1,0.2132383749513558,0.0062708267312933,0.0378472726492264,0.1326422398864019,0.011418843843378,-0.1973969705076188,0.0515367409755878
adult,xgboost,lime,199,0,0.2132383749513558,-0.0757274159445487,-0.0972057475302498,-0.0995867665339053,-0.0129018817038512,-0.2139713715396013,0.2506150515834575
adult,xgboost,lime,200,1,0.2132383749513558,0.035891915596807,0.0150750916427951,0.1295408652962,0.0147115791423786,-0.1990729015038809,0.0556132880396536
adult,xgboost,lime,201,0,0.2132383749513558,-0.0771259184558141,-0.0939299143097141,-0.0922541478418429,0.0162097098731896,-0.2147740565840935,0.2300381276236728
adult,xgboost,lime,202,0,0.2132383749513558,0.0107849697821605,-0.0974452213785262,-0.0971387295503706,0.0078361986951155,-0.2110766554089451,0.2145515999040177
adult,xgboost,lime,203,0,0.2132383749513558,-0.0756287979836243,0.0288978074966612,-0.0972164020484184,0.0118553316054246,-0.2152012576716776,0.1922131035463243
adult,xgboost,lime,204,1,0.2132383749513558,-0.085332624902356,0.034541145785203,0.1296512378223619,0.0097607975378202,-0.2027098722970264,0.0840977371660931
adult,xgboost,lime,205,0,0.2132383749513558,0.0326838604234213,-0.1070255167731973,0.1200421944242475,0.0074153723380959,-0.202516110689179,0.1120611016424368
adult,xgboost,lime,206,0,0.2132383749513558,-0.0801434190504989,0.0270365013787286,-0.1007218936285257,-0.0112985622674744,-0.218293306748856,0.2115969994977382
adult,xgboost,lime,207,0,0.2132383749513558,0.0144217568006868,0.0352918884734679,-0.093863977267672,-0.0095042494461819,-0.2042664363629435,0.1596769293754131
adult,xgboost,lime,208,0,0.2132383749513558,-0.0758778960064412,-0.0935005387323548,-0.0915959278130376,0.0080510203843505,-0.215141804132109,0.2363197868082134
adult,xgboost,lime,209,1,0.2132383749513558,0.0442984605619927,-0.0957350518089309,-0.0922209813948724,0.0121178204015105,0.2108209024872183,-0.0074566920924856
adult,xgboost,lime,210,0,0.2132383749513558,0.0356778358389889,-0.1011837497887973,0.1207874324505328,0.012235798136842,-0.2060034893770038,0.1058834963961077
adult,xgboost,lime,211,1,0.2132383749513558,0.0340642035700481,0.0351054759835221,0.1295756627154398,0.0121704813594796,-0.1926741819081439,0.0431338461213299
adult,xgboost,lime,212,0,0.2132383749513558,0.0440298375867908,-0.0971224762155266,-0.0960792684774988,0.0134129403323692,-0.2135974761551584,0.204041586187418
adult,xgboost,lime,213,0,0.2132383749513558,0.0336874122467303,-0.1053940057540694,0.1184361787027585,0.0107165029017405,-0.2088031765813888,0.1168863959133319
adult,xgboost,lime,214,1,0.2132383749513558,0.0066193926695365,-0.1070159732620298,0.1198124156826167,0.0067979530633867,-0.2099254255850091,0.1274635004902631
adult,xgboost,lime,215,1,0.2132383749513558,0.0131823016606027,0.040458107593198,0.1337059928866143,-0.0091560702753668,-0.1998203296171058,0.0605075393357148
adult,xgboost,lime,216,1,0.2132383749513558,0.0086023861789651,0.0367920778450681,0.1305459444651586,0.01406254125375,-0.1992110931190452,0.0515749467098074
adult,xgboost,lime,217,1,0.2132383749513558,0.0394066224813474,0.019133707251599,0.1257225322355248,0.0124045540247304,-0.1996366848059572,0.0547302981237314
adult,xgboost,lime,218,0,0.2132383749513558,-0.07206473991101,-0.0944136701111987,-0.0979829661970269,-0.0136369093785163,-0.2115290318926088,0.2272830739085575
adult,xgboost,lime,219,1,0.2132383749513558,0.0140064382523041,0.0367273124426242,0.1302125698177659,0.0136515461723629,-0.201380683289557,0.0539194445042604
adult,xgboost,lime,220,1,0.2132383749513558,-0.0792474588580212,0.0110780881614953,0.123050733384315,0.0098321914072545,0.1997996752767595,-0.1074083293254489
adult,xgboost,lime,221,1,0.2132383749513558,-0.0817187200106801,0.0293612100771459,-0.0935870889257887,-0.0074812470884231,0.1987441395262017,-0.0082549049039579
adult,xgboost,lime,222,0,0.2132383749513558,-0.083387567247854,0.0091718389347533,-0.1029815406877344,-0.0157325304275206,-0.208478603880235,0.2123452769707694
adult,xgboost,lime,223,1,0.2132383749513558,0.0099458717229907,-0.1076511577953448,0.120433597851837,0.0035817140266774,-0.2007499720433529,0.1179273371246707
adult,xgboost,lime,224,1,0.2132383749513558,0.0131523827788529,0.1295395031198837,0.1248557384650696,-0.0113800477017132,-0.2007111023970465,0.060595486427119
adult,xgboost,lime,225,1,0.2132383749513558,0.010850543782134,0.0419430506162956,0.1290616394850643,0.0081037127454647,-0.197210080420541,0.0520894027567392
adult,xgboost,lime,226,1,0.2132383749513558,0.0156494494202541,0.1235398193831712,0.1248584674530134,0.0062491801542426,0.2023192136789224,-0.1429371447237175
adult,xgboost,lime,227,0,0.2132383749513558,-0.0819785780449868,0.1281125716981616,-0.0980566729144593,0.0085970717535963,-0.1993609426156789,0.1749698755723814
adult,xgboost,lime,228,1,0.2132383749513558,0.0408412630067213,0.1171239503401359,0.1206649783902991,0.00721317178529,0.1867850539653016,-0.1479207799637014
adult,xgboost,lime,229,0,0.2132383749513558,0.0099543356106959,0.0331404030742722,-0.0941286880584919,0.0139972052386306,-0.2068544007843012,0.1532051684075428
adult,xgboost,lime,230,0,0.2132383749513558,-0.0818786992704341,-0.0919572918133131,-0.0969762175546685,0.0109712585509463,-0.2110895772064404,0.2333536302448065
adult,xgboost,lime,231,0,0.2132383749513558,-0.0766641863807918,0.0098217882612509,-0.0904460591465571,-0.0136260054483575,-0.2073339040856197,0.195973454216451
adult,xgboost,lime,232,1,0.2132383749513558,0.0096004182310608,0.1278078527698597,-0.0989889622507917,0.0151746949136694,-0.1974399898084397,0.1452403050827604
adult,xgboost,lime,233,1,0.2132383749513558,0.0187873260095116,0.0366582779916069,0.1314865528838236,0.0123982351930591,-0.2010787793992672,0.0494787713907551
adult,xgboost,lime,234,0,0.2132383749513558,0.007602224174877,-0.1058058536832186,0.1254331779332291,0.0101773077679967,-0.2093220091165048,0.1177545962913632
adult,xgboost,lime,235,0,0.2132383749513558,0.0088511575064919,-0.1072344688634528,0.1233320253991384,0.0125091514622541,-0.2007782277769177,0.110405456447189
adult,xgboost,lime,236,0,0.2132383749513558,-0.077987923881482,0.0273930544858054,-0.1028791823269276,-0.0135406841763209,-0.2159129090622835,0.2079835076541316
adult,xgboost,lime,237,0,0.2132383749513558,-0.0676740069097023,-0.0974858947744839,-0.0945114222557288,-0.0119641040893907,-0.2090282142167702,0.2238191330519874
adult,xgboost,lime,238,1,0.2132383749513558,0.0431468137388113,-0.1050140724408783,0.1195883217490033,0.0124579780362681,-0.2038364010313165,0.1060424610376281
adult,xgboost,lime,239,1,0.2132383749513558,0.0432081064983196,0.1212934169962231,0.1274614241136625,-0.0060739969023208,-0.1897746535096403,0.0439917509409661
adult,xgboost,lime,240,1,0.2132383749513558,0.0425790410566714,0.0389909716980543,0.1329936720812324,-0.0094399194757214,-0.1920895200712501,0.0488697278006294
adult,xgboost,lime,241,1,0.2132383749513558,0.0132801803552765,0.0188935253360403,0.1307907826235573,0.0117197477962609,-0.2002800688732988,0.0592700567493169
adult,xgboost,lime,242,0,0.2132383749513558,-0.0765576556442604,-0.0918450164906698,-0.0870193037247988,-0.0101042416364949,-0.2246271962974736,0.2454611145994836
adult,xgboost,lime,243,0,0.2132383749513558,-0.0813715697438768,0.0280191846297074,-0.1071289755743613,-0.0171667027725653,-0.2129434124277789,0.2103340540024993
adult,xgboost,lime,244,1,0.2132383749513558,0.0335188864847956,0.1250410774190104,0.1225777899564104,0.013323527607438,-0.1935366754730448,0.0395716917596487
adult,xgboost,lime,245,0,0.2132383749513558,0.0315821942080913,-0.1006533810189102,-0.0870883749030424,0.0140097878976568,-0.2147670141180356,0.2028268285500137
adult,xgboost,lime,246,1,0.2132383749513558,0.0378917870397129,0.1225709549640357,0.1272279641172887,-0.0140037258556133,0.1912899858758804,-0.1427378699577867
adult,xgboost,lime,247,0,0.2132383749513558,-0.075530224230292,-0.090653108984982,-0.0902207835228336,0.0137035087555403,-0.2165996050258299,0.2324802757385631
adult,xgboost,lime,248,1,0.2132383749513558,0.0462743334961624,0.0199506817900392,0.1277206887093915,0.0115639662899596,-0.196519612682339,0.0508642325607594
adult,xgboost,lime,249,0,0.2132383749513558,0.0080712805174187,-0.0996973720000149,-0.0932783246730108,0.0124639545280353,-0.2112831417581834,0.2134384486577849
adult,xgboost,lime,250,1,0.2132383749513558,0.0132593511973098,0.0355418089793771,0.1237360219939402,0.0122401391312452,0.1981922087281141,-0.1392996848580461
adult,xgboost,lime,251,0,0.2132383749513558,0.0330553189188862,-0.1053285568158283,0.1200290841729931,-0.0086524852728077,-0.2062351373880637,0.1222068862575744
adult,xgboost,lime,252,1,0.2132383749513558,0.0353712592630225,0.0374459511113395,0.1319751901277345,0.0087384530471079,-0.2015722212453264,0.0499089734230181
adult,xgboost,lime,253,1,0.2132383749513558,0.046843731135338,0.0167977013690825,0.1284467797680146,0.0142782854913097,-0.1945716367468709,0.0467380704006699
adult,xgboost,lime,254,0,0.2132383749513558,0.0332812964961912,0.0083514581411894,-0.0857011389068372,-0.0128146655867116,-0.2035079511998642,0.1519185883067487
adult,xgboost,lime,255,1,0.2132383749513558,0.0461661111628338,-0.1037200271567049,0.120164801728021,0.0125172112822213,-0.2051425059981695,0.1055520799761958
adult,xgboost,lime,256,1,0.2132383749513558,0.0085868667665612,-0.1081881770778291,0.1204395924195051,0.0086422681154786,-0.206346055650276,0.1193414898058721
adult,xgboost,lime,257,1,0.2132383749513558,0.0124633306610688,-0.1058382076481883,0.1222482191834287,0.0092061662426384,-0.1971272343111708,0.1079533369496159
adult,xgboost,lime,258,1,0.2132383749513558,0.0349639830669547,0.1313348066133219,-0.0775779655339656,0.0124129004155224,-0.2044757047074852,0.125250086175914
adult,xgboost,lime,259,0,0.2132383749513558,0.0346065726070519,0.0275744631440711,-0.0927116662012507,-0.011727434790054,-0.2016635675151026,0.1560875480359924
adult,xgboost,lime,260,1,0.2132383749513558,-0.0890369265307253,0.0149707670429649,0.1254636106171605,0.0111174790385469,-0.2005722905834086,0.0924587908656894
adult,xgboost,lime,261,1,0.2132383749513558,0.0334093432568555,0.1287590871833292,-0.0877716221084451,0.0128294473388767,-0.2114767778621529,0.1446531095096416
adult,xgboost,lime,262,1,0.2132383749513558,0.0409050946448906,0.1301590320106118,0.1219334125996299,0.0109680772387439,-0.1969644992467795,0.0443129507195018
adult,xgboost,lime,263,0,0.2132383749513558,0.0040098867542004,-0.0993794942710612,-0.0867215981269206,-0.0124400847568562,-0.2091458698691702,0.2145545900880274
adult,xgboost,lime,264,0,0.2132383749513558,0.0443992198740963,-0.103453668977619,0.1230718807924362,0.010410489355463,-0.2037504778441414,0.104724025439032
adult,xgboost,lime,265,0,0.2132383749513558,0.0425578582167179,-0.103169639640946,0.123446405104667,0.0143663939941666,-0.2024918538195178,0.100966059293142
adult,xgboost,lime,266,1,0.2132383749513558,0.0122201411713196,0.0367289238823958,0.1300484058315634,-0.0076309915853815,-0.1947965414973965,0.0585491263332341
adult,xgboost,lime,267,1,0.2132383749513558,0.0135236980666782,0.1304670610962554,-0.0977073010554159,0.0136905100776825,-0.2055483496302039,0.150285542447903
adult,xgboost,lime,268,1,0.2132383749513558,0.0358939062046415,0.0368847359238053,0.128159177159467,0.0154148383598693,-0.1943800969693198,0.0418516366143177
adult,xgboost,lime,269,0,0.2132383749513558,0.0374920999949425,0.0132916870757939,-0.0923243828450873,-0.0171646931301779,-0.2049220381731893,0.1662083150100602
adult,xgboost,lime,270,1,0.2132383749513558,0.0438976329083047,0.1277057842177751,0.1269333905539545,0.0113253924127748,-0.2001898177261813,0.0412763614944887
adult,xgboost,lime,271,1,0.2132383749513558,0.0425358219183111,0.127499649270306,0.126615312477945,0.0083587311648742,-0.1834463743186832,0.0296876172949169
adult,xgboost,lime,272,1,0.2132383749513558,0.0106846218554084,0.018565348403929,0.1261694016520884,0.0116854191138169,-0.1944980615316434,0.0555667258795065
adult,xgboost,lime,273,1,0.2132383749513558,0.0468377208305542,-0.1027899078970206,0.1220370037495475,0.0130362100340283,-0.2026007867350283,0.1016324345216191
adult,xgboost,lime,274,1,0.2132383749513558,-0.0853251736352699,0.0301803888497186,0.1260161752910131,0.0063954833758521,-0.1943059396627754,0.0820753239339097
adult,xgboost,lime,275,1,0.2132383749513558,0.0139439497026872,0.0340500041105246,0.1261798832397908,0.0138233645774958,0.1950074588828271,-0.1433389051712135
adult,xgboost,lime,276,0,0.2132383749513558,0.0110246123818958,0.0085602662878215,-0.0890079951543643,-0.0134041831439202,-0.2116748435378251,0.1741892940949011
adult,xgboost,lime,277,1,0.2132383749513558,0.0353402953259844,0.0372403788282965,0.1292365389517687,-0.0119499317630083,-0.1959765306503805,0.0566823465889385
adult,xgboost,lime,278,1,0.2132383749513558,0.0329772255419579,0.117864557040256,-0.0656322518005262,-0.0131617182193625,0.2067265351930517,-0.062709326933634
adult,xgboost,lime,279,1,0.2132383749513558,0.0402715589039087,0.1241605268574377,0.1240717461058425,0.0082035648293883,-0.1948316872523773,0.0432378834929738
adult,xgboost,lime,280,1,0.2132383749513558,0.0438388674623879,-0.104714833513378,0.1196540798584624,0.0105419812582614,-0.1978164866584695,0.1026615775085617
adult,xgboost,lime,281,0,0.2132383749513558,0.0326149246961967,-0.1052685052375523,0.120802775775565,0.0103168950979125,-0.1975336510361037,0.1018302192753485
adult,xgboost,lime,282,0,0.2132383749513558,0.0287197332271858,-0.0982457938010257,-0.087296838701377,-0.0163386852403675,-0.2061132492896075,0.2066399213380684
adult,xgboost,lime,283,1,0.2132383749513558,0.0086322974469132,0.0390321448055308,0.1330580052143949,0.0118024610949442,-0.1972876660748707,0.0506191627149255
adult,xgboost,lime,284,0,0.2132383749513558,-0.081361073784976,0.0136632902669025,-0.0997534017966891,0.0086178225750439,-0.215440440147708,0.2060135448882112
adult,xgboost,lime,285,1,0.2132383749513558,0.0129757977727601,0.0127762326284937,0.1300785222897436,0.0117096303540524,-0.2012951645455029,0.062978055483843
adult,xgboost,lime,286,1,0.2132383749513558,0.011456876670424,-0.1057334501304345,0.1191079229451812,0.0100419000183521,-0.2077455380046546,0.120385839773884
adult,xgboost,lime,287,1,0.2132383749513558,0.0450692211657892,0.0349560279642801,0.1231754540709822,0.0123442886525562,0.2003901655000392,-0.1497627153057422
adult,xgboost,lime,288,1,0.2132383749513558,0.0330942512673497,0.0318692265061048,0.1206003014083699,0.0065263816675701,0.1911246148307342,-0.1386338658922697
adult,xgboost,lime,289,0,0.2132383749513558,0.0360107871352628,-0.1087120239067032,0.1213825444448384,0.0141257327792126,-0.1955228982315514,0.0989558072375965
adult,xgboost,lime,290,1,0.2132383749513558,-0.0818034437289202,0.0357425481740472,0.1299843627632156,-0.0098642083435754,-0.2047897891658194,0.0951851462300867
adult,xgboost,lime,291,0,0.2132383749513558,0.0330789621827377,-0.0943400325836201,-0.0904269229266958,-0.0131364973895883,-0.2083772731602981,0.2032735700934398
adult,xgboost,lime,292,0,0.2132383749513558,0.0053871194543169,-0.1005269814631995,-0.0901953433848867,-0.0126493467066864,-0.200193037536523,0.2078464546687319
adult,xgboost,lime,293,1,0.2132383749513558,0.0416114273563758,-0.1001159833856624,0.1183664876016339,0.0153820776724893,0.2044441226441972,-0.0984595924126034
adult,xgboost,lime,294,1,0.2132383749513558,0.0085483525115368,-0.1040700320043373,0.1173642905587808,0.0086619691414334,0.2100400641193783,-0.08489358090635
adult,xgboost,lime,295,1,0.2132383749513558,0.0353800300259666,0.0321440854085655,0.1279894820513257,0.009528638174182,-0.1986152439638199,0.0500384156952324
adult,xgboost,lime,296,0,0.2132383749513558,-0.0834528812562323,0.0274391919748468,-0.1044366747201372,0.0163605806474233,-0.2056581809048914,0.1841526694001416
adult,xgboost,lime,297,0,0.2132383749513558,-0.0614820791601576,-0.0978019452887771,-0.0916133585527863,0.0087783477153542,-0.2075349042014467,0.2132161445395304
adult,xgboost,lime,298,1,0.2132383749513558,0.0294115006242148,-0.1004487255622756,0.1173457479230719,0.0073701607261607,0.2039425808678626,-0.0908158666765175
adult,xgboost,lime,299,1,0.2132383749513558,0.0455858754523672,0.0393557834055921,0.1298807602360211,0.0097282181902271,-0.1860464867830908,0.0339905116728939
forest_cover,xgboost,shap,0,1,0.0970878782315773,0.0863404071137826,0.0102273578654589,-0.01540507020694,0.0396112062671435,0.0633781701439395,-0.013858024781407
forest_cover,xgboost,shap,1,0,0.0970878782315773,-0.1366082149096628,-0.0246962528424126,-0.0324546987746924,0.0024978914183584,0.0061257362377779,-0.013858024781407
forest_cover,xgboost,shap,2,1,0.0970878782315773,0.0643225294715666,0.0035673814727758,-0.0218299852296842,-0.0425506664730885,0.1267479941126827,-0.013858024781407
forest_cover,xgboost,shap,3,1,0.0970878782315773,0.0470536410743762,0.0108003834370993,0.1376060340770528,-0.0361356640976029,0.0287769612459869,-0.013858024781407
forest_cover,xgboost,shap,4,1,0.0970878782315773,0.0586880601378922,-0.0024837645450396,0.0514622773232184,-0.0621125704878608,0.035964890521074,-0.013858024781407
forest_cover,xgboost,shap,5,1,0.0970878782315773,0.0780078251891343,0.0004345495027752,0.0663191227409626,0.0267796428349701,0.0276372618634181,-0.013858024781407
forest_cover,xgboost,shap,6,0,0.0970878782315773,-0.1706355603276163,0.001041736911295,-0.0252354482803675,-0.0275516011803426,0.0372453340063999,-0.013858024781407
forest_cover,xgboost,shap,7,0,0.0970878782315773,0.0265130985716604,-0.012188100094928,-0.0365383885561226,-0.055439054156114,-0.1066996511841994,-0.013858024781407
forest_cover,xgboost,shap,8,0,0.0970878782315773,0.0477055402596187,-0.1163638594941593,-0.0470055667425786,0.0210405115769048,0.0063141802580526,-0.013858024781407
forest_cover,xgboost,shap,9,1,0.0970878782315773,0.0602091359455306,0.0035652860663047,-0.0227500056133614,-0.0446194874604976,0.1338523244162762,-0.013858024781407
forest_cover,xgboost,shap,10,1,0.0970878782315773,0.071171458376252,0.0139004038462964,-0.0153887855211532,0.0391958366848926,0.067411483965157,-0.013858024781407
forest_cover,xgboost,shap,11,1,0.0970878782315773,0.0848145049900225,0.0100342557843907,-0.0232919761398656,0.045389107296629,0.0672061792522078,-0.013858024781407
forest_cover,xgboost,shap,12,0,0.0970878782315773,0.0189350106819715,-0.0883187557799698,-0.0514469238013197,0.024599624645646,0.0039990598225851,-0.013858024781407
forest_cover,xgboost,shap,13,1,0.0970878782315773,0.0471979315501175,0.0083775366633877,0.0006734250621226,0.0361479807096536,0.075725779683302,-0.013858024781407
forest_cover,xgboost,shap,14,0,0.0970878782315773,0.021871669866253,-0.0266137655488363,-0.0600726619973163,-0.0812325863500687,0.0240383691852159,-0.013858024781407
forest_cover,xgboost,shap,15,0,0.0970878782315773,-0.1474912168657026,-0.0355244722948213,-0.0254097238570319,0.0103180676477155,0.0129718064992088,-0.013858024781407
forest_cover,xgboost,shap,16,1,0.0970878782315773,0.0588441793493395,0.0053214515392098,0.0759158390170282,0.0262360618095605,0.0312800360273895,-0.013858024781407
forest_cover,xgboost,shap,17,0,0.0970878782315773,0.0232613588540141,-0.0227635854936557,-0.0529797061668967,-0.0682953820247383,0.0251674159714789,-0.013858024781407
forest_cover,xgboost,shap,18,0,0.0970878782315773,0.0268444439372149,-0.0073393465639136,-0.0355663743445764,-0.054254982502932,-0.1140358359454965,-0.013858024781407
forest_cover,xgboost,shap,19,0,0.0970878782315773,0.0208981812698012,-0.0137329127213052,-0.0340328716635282,-0.0641453886687948,-0.0933391036358767,-0.013858024781407
forest_cover,xgboost,shap,20,0,0.0970878782315773,0.0233784750036135,-0.0462520513469563,-0.0653581389465631,-0.0587402268416854,0.0167589541776317,-0.013858024781407
forest_cover,xgboost,shap,21,0,0.0970878782315773,-0.0104399087853898,-0.0032748792850951,-0.0399651835420888,-0.0249431419442483,-0.058840183387616,-0.013858024781407
forest_cover,xgboost,shap,22,1,0.0970878782315773,0.0551885318778104,-0.0403264341283661,-0.0106984917326108,0.0458603720712658,0.0283759230093783,-0.013858024781407
forest_cover,xgboost,shap,23,0,0.0970878782315773,-0.1728685647320049,0.0138336849737984,-0.0098481052641042,0.0152503245131904,-0.0315028783615111,-0.013858024781407
forest_cover,xgboost,shap,24,0,0.0970878782315773,-0.2102140787529267,0.0020024729625873,-0.0145627165240353,0.0179891471656092,0.0196496362781339,-0.013858024781407
forest_cover,xgboost,shap,25,1,0.0970878782315773,0.0812532603021854,-0.0501731131349396,0.0883117891388453,0.0316356267478667,0.0408146993983477,-0.013858024781407
forest_cover,xgboost,shap,26,0,0.0970878782315773,0.0285320972704288,0.0077763794344159,-0.0502933915623111,-0.0878165854974483,-0.0825505950647891,-0.013858024781407
forest_cover,xgboost,shap,27,1,0.0970878782315773,0.0860808012936216,0.0108250190089472,-0.0242839551334869,0.0442952978189636,0.067234908195339,-0.013858024781407
forest_cover,xgboost,shap,28,0,0.0970878782315773,0.0439449252767191,-0.1245300327279998,-0.0571089613760751,0.0176326791981903,0.0130717719888501,-0.013858024781407
forest_cover,xgboost,shap,29,0,0.0970878782315773,-0.1998914537108939,0.0041502323639081,-0.0211141893603993,0.0014572657783391,0.0302626060584145,-0.013858024781407
forest_cover,xgboost,shap,30,0,0.0970878782315773,-0.2040281366819099,-0.0033099515906092,-0.0155935482950851,0.0170441647524368,0.0207519329445359,-0.013858024781407
forest_cover,xgboost,shap,31,0,0.0970878782315773,0.0189954660796713,-0.0456664336842264,-0.0512387653609321,0.0359912627828713,-0.1208674428621337,-0.013858024781407
forest_cover,xgboost,shap,32,1,0.0970878782315773,0.086103839652679,0.0102272185301077,-0.018245833387303,0.0411499412555524,0.0649169051323483,-0.013858024781407
forest_cover,xgboost,shap,33,0,0.0970878782315773,0.0474005212250818,-0.1365529712242853,-0.0629158745631334,0.0266748180514966,0.0097415756476398,-0.013858024781407
forest_cover,xgboost,shap,34,0,0.0970878782315773,0.036801799684371,-0.0629451853993218,-0.0423625977113118,0.0395385444724877,-0.1338184740909746,-0.013858024781407
forest_cover,xgboost,shap,35,1,0.0970878782315773,0.0398587738682175,0.0097819324234699,0.136781892066966,-0.0144322143332627,0.025140896581059,-0.013858024781407
forest_cover,xgboost,shap,36,0,0.0970878782315773,-0.0865884149597782,-0.0038062871798487,-0.0251239159158024,-0.029648556116016,-0.039968364699186,-0.013858024781407
forest_cover,xgboost,shap,37,1,0.0970878782315773,0.0612102035136174,0.0032210660094703,0.0617230675986463,-0.0738101445338882,0.0374537259160954,-0.013858024781407
forest_cover,xgboost,shap,38,1,0.0970878782315773,0.0751925346742965,0.0132722400080617,-0.0255461098261563,0.037616462316997,0.0660717803787464,-0.013858024781407
forest_cover,xgboost,shap,39,1,0.0970878782315773,0.0132349603072497,-0.0106412748168719,0.1412874201297589,0.0112600551903079,0.0226128285934599,-0.013858024781407
forest_cover,xgboost,shap,40,0,0.0970878782315773,0.0205150377436338,0.0099333402081347,-0.0123527904339496,-0.0423937244007732,-0.1551946004644687,-0.013858024781407
forest_cover,xgboost,shap,41,1,0.0970878782315773,0.0767109796068778,0.0020804312476484,0.0584673463585438,0.0221900316871535,0.0397296132310369,-0.013858024781407
forest_cover,xgboost,shap,42,0,0.0970878782315773,0.0301887694200723,-0.0076255851905961,-0.0350654828949894,-0.0599119951571774,-0.111937801597013,-0.013858024781407
forest_cover,xgboost,shap,43,0,0.0970878782315773,0.0341958530587791,-0.0167493216135813,-0.0514053731674515,-0.0963014857890234,0.0269690290676629,-0.013858024781407
forest_cover,xgboost,shap,44,1,0.0970878782315773,0.0570239578611834,0.0040663109115749,-0.0257745115631968,-0.096363988193656,0.0796327848869004,-0.013858024781407
forest_cover,xgboost,shap,45,0,0.0970878782315773,-0.1727041137755868,0.0028133766677434,-0.0245970790313623,-0.0049819174264845,0.0143341946950587,-0.013858024781407
forest_cover,xgboost,shap,46,0,0.0970878782315773,0.020873487721164,-0.0117204757122485,-0.0375654256314907,-0.0638190043427073,-0.0921206774544212,-0.013858024781407
forest_cover,xgboost,shap,47,0,0.0970878782315773,-0.1263523681398215,-0.0142863046727519,-0.0262144688513841,0.0166106354300547,-0.0348930326367285,-0.013858024781407
forest_cover,xgboost,shap,48,0,0.0970878782315773,-0.2186008309098531,0.0041200727872356,-0.0190922371681454,0.0166238962749506,0.0318135601451808,-0.013858024781407
forest_cover,xgboost,shap,49,0,0.0970878782315773,-0.1623462263181274,0.0017011895715514,-0.0265852494243665,-0.033575254841783,0.035670002142094,-0.013858024781407
forest_cover,xgboost,shap,50,1,0.0970878782315773,0.0516975634475163,0.0063215131298744,-0.0007640848505915,0.0341134790748562,0.0767541828669281,-0.013858024781407
forest_cover,xgboost,shap,51,1,0.0970878782315773,0.0382444100113868,-0.0084118859773097,-0.0011968315496111,0.0492426333951982,0.0306977975421847,-0.013858024781407
forest_cover,xgboost,shap,52,1,0.0970878782315773,0.0794722173857263,-0.0044250855360987,0.0672618254499275,0.0345441529063152,0.0223252919253902,-0.013858024781407
forest_cover,xgboost,shap,53,1,0.0970878782315773,0.0915002604878678,0.002407809958754,0.0171039849200246,0.0356009893506633,0.0525653574139507,-0.013858024781407
forest_cover,xgboost,shap,54,1,0.0970878782315773,0.0375950478240365,0.0431315498944962,-0.0278982578727045,0.0762918893898863,-0.0617148817042159,-0.013858024781407
forest_cover,xgboost,shap,55,1,0.0970878782315773,0.0848145049900225,0.0100342557843907,-0.0232919761398656,0.045389107296629,0.0672061792522078,-0.013858024781407
forest_cover,xgboost,shap,56,1,0.0970878782315773,0.0206399048570074,0.0035124787584573,0.1472929288313684,-0.0020491074849052,0.0258916827955532,-0.013858024781407
forest_cover,xgboost,shap,57,0,0.0970878782315773,0.0376289744771003,-0.0554938543997825,-0.0567296673798433,-0.0477650627510434,0.0183083225867461,-0.013858024781407
forest_cover,xgboost,shap,58,1,0.0970878782315773,0.0776858318410211,0.0139011489785002,-0.0206770478238421,0.0386080719043823,0.0667723924513833,-0.013858024781407
forest_cover,xgboost,shap,59,1,0.0970878782315773,0.0196604914315238,-0.0133724754380851,0.1380645789569213,0.0150793267724414,0.0183220676811031,-0.013858024781407
forest_cover,xgboost,shap,60,1,0.0970878782315773,0.0478885392002868,0.0008227456629299,-0.0296489907372863,-0.0666538177134955,0.1260444132142479,-0.013858024781407
forest_cover,xgboost,shap,61,0,0.0970878782315773,-0.2146164848461661,0.0022590946272003,-0.0195124694262255,0.0112044659167418,0.0355298548578179,-0.013858024781407
forest_cover,xgboost,shap,62,0,0.0970878782315773,0.0244791708577688,-0.0075551671586315,-0.0360923544649926,-0.0570478016433748,-0.1081359430104735,-0.013858024781407
forest_cover,xgboost,shap,63,1,0.0970878782315773,0.0123134721147384,0.0046504335230801,-0.0282924097899382,0.0339009875823474,0.0449474242285291,-0.013858024781407
forest_cover,xgboost,shap,64,0,0.0970878782315773,0.029698816587859,-0.0095076838139034,-0.0310197746225943,-0.0616529849710539,-0.1118704686000111,-0.013858024781407
forest_cover,xgboost,shap,65,0,0.0970878782315773,0.0302425953289824,-0.0363124855189707,-0.0588296014515676,-0.0574594696478851,0.0267490624296433,-0.013858024781407
forest_cover,xgboost,shap,66,1,0.0970878782315773,0.0788873738068242,-0.0043948519268166,0.063973748064404,0.0358203817357861,0.0248917504510628,-0.013858024781407
forest_cover,xgboost,shap,67,1,0.0970878782315773,0.0833304426233467,-0.0150796191670409,-0.0240780576976154,0.0498630604993032,0.045055550707709,-0.013858024781407
forest_cover,xgboost,shap,68,0,0.0970878782315773,0.0411514005081238,-0.0331410148779297,-0.0249259420170246,-0.0527701846540914,0.0307498755845208,-0.013858024781407
forest_cover,xgboost,shap,69,1,0.0970878782315773,0.053776356264117,0.0029701992964318,0.1886686796545498,-0.0306638486264423,-0.0377540781501752,-0.013858024781407
forest_cover,xgboost,shap,70,0,0.0970878782315773,0.0278595570146337,0.0006529792222498,-0.0529770813106249,-0.1214912057014838,0.0253637273483955,-0.013858024781407
forest_cover,xgboost,shap,71,0,0.0970878782315773,0.0391212925229003,0.0049714917520477,-0.0310138657256586,-0.0823299011217073,0.0511901836348003,-0.013858024781407
forest_cover,xgboost,shap,72,0,0.0970878782315773,0.0205150377436338,0.0099333402081347,-0.0123527904339496,-0.0423937244007732,-0.1551946004644687,-0.013858024781407
forest_cover,xgboost,shap,73,0,0.0970878782315773,-0.1198264265407334,-0.0125214343307341,-0.0189179397698998,0.01987477170852,-0.0537445099377842,-0.013858024781407
forest_cover,xgboost,shap,74,0,0.0970878782315773,-0.181117750650338,0.0058372371772779,-0.017616957298278,-0.003571415930673,0.0113333478313796,-0.013858024781407
forest_cover,xgboost,shap,75,0,0.0970878782315773,-0.079442983787977,-0.0032397149227149,-0.022792534520066,-0.0300867865986302,-0.0495735190412433,-0.013858024781407
forest_cover,xgboost,shap,76,0,0.0970878782315773,-0.1171808040357257,-0.0146590305771075,-0.0200810486438735,0.0194573255245268,-0.0526719811384515,-0.013858024781407
forest_cover,xgboost,shap,77,1,0.0970878782315773,0.0422837281726227,-0.0229169601063668,0.1351205622718569,0.0166759206221702,0.0220751906912411,-0.013858024781407
forest_cover,xgboost,shap,78,1,0.0970878782315773,0.0860808012936216,0.0108250190089472,-0.0242839551334869,0.0442952978189636,0.067234908195339,-0.013858024781407
forest_cover,xgboost,shap,79,1,0.0970878782315773,0.0297574330609545,-0.0095380132467844,0.1602262103883396,-0.0543870998697178,0.0196127821836005,-0.013858024781407
forest_cover,xgboost,shap,80,1,0.0970878782315773,0.0789515085177778,0.0004966494716209,0.0570209825085927,0.0228422304761558,0.0398670311571132,-0.013858024781407
forest_cover,xgboost,shap,81,0,0.0970878782315773,0.0386725748724884,0.0027336985727283,-0.0271954141026755,-0.1145376497783175,0.0829422956001025,-0.013858024781407
forest_cover,xgboost,shap,82,1,0.0970878782315773,0.0239418517728864,-0.0038402745855858,0.1679526423408519,-0.0255869596893672,-0.0501083872409109,-0.013858024781407
forest_cover,xgboost,shap,83,1,0.0970878782315773,0.0487318454512234,0.0138197462175427,0.0019653186839509,0.0465599028811063,0.0570458404347601,-0.013858024781407
forest_cover,xgboost,shap,84,0,0.0970878782315773,-0.1739858270428386,0.0030718697385687,-0.0238105450865351,-0.0057234245662888,0.0153123880864624,-0.013858024781407
forest_cover,xgboost,shap,85,1,0.0970878782315773,0.074887952456118,0.0020179178032264,0.068684969311369,0.0270469267664231,0.0265406357941238,-0.013858024781407
forest_cover,xgboost,shap,86,1,0.0970878782315773,0.070944991765821,0.0155613885717737,-0.0189086055003323,0.0509900155183362,0.0577026069958462,-0.013858024781407
forest_cover,xgboost,shap,87,1,0.0970878782315773,0.0422837281726227,-0.0229169601063668,0.1351205622718569,0.0166759206221702,0.0220751906912411,-0.013858024781407
forest_cover,xgboost,shap,88,1,0.0970878782315773,0.0268864680462874,0.0123175261864697,-0.0283893411196948,0.0273471865394607,0.0600091009308858,-0.013858024781407
forest_cover,xgboost,shap,89,1,0.0970878782315773,0.0535923857779866,0.0001514699986705,0.1908642434304078,-0.0316965178045531,-0.0359142729640308,-0.013858024781407
forest_cover,xgboost,shap,90,1,0.0970878782315773,0.0472612479317354,-0.037554795152589,0.1440564563809847,0.0170113598317523,0.021067993460422,-0.013858024781407
forest_cover,xgboost,shap,91,1,0.0970878782315773,0.0286791613895121,-0.0087528899292428,0.1814929336113521,-0.031975733352415,0.0186578840177059,-0.013858024781407
forest_cover,xgboost,shap,92,1,0.0970878782315773,0.0823164219518935,-0.0412843251852528,0.087627080863667,0.0342976900215433,0.0288853948004543,-0.013858024781407
forest_cover,xgboost,shap,93,1,0.0970878782315773,0.0842023626424998,0.0098748265396393,-0.0282876131451811,0.0606273299580421,0.0393628082967523,-0.013858024781407
forest_cover,xgboost,shap,94,1,0.0970878782315773,0.0807281561432447,-0.0122382447415883,0.0735261226615424,0.0336721730817857,0.0234901949862759,-0.013858024781407
forest_cover,xgboost,shap,95,0,0.0970878782315773,-0.1817423889939416,0.0036069035716957,-0.0173783513376772,-0.0038724879306232,0.0142507858199149,-0.013858024781407
forest_cover,xgboost,shap,96,1,0.0970878782315773,0.0847976545236618,0.0108244104961892,-0.0245230513881035,0.0450567235876308,0.0679963339640062,-0.013858024781407
forest_cover,xgboost,shap,97,1,0.0970878782315773,0.0499716931520011,0.0135142283417694,0.0010947772473531,0.0462282629126025,0.0573136920148573,-0.013858024781407
forest_cover,xgboost,shap,98,0,0.0970878782315773,0.0335501990526685,0.0017337039238125,-0.0374865791154572,-0.0242707039121068,0.0351182335888225,-0.013858024781407
forest_cover,xgboost,shap,99,0,0.0970878782315773,-0.0884011784395123,-0.0037488365161585,-0.0246737469127853,-0.0265306488232548,-0.0417811281789202,-0.013858024781407
forest_cover,xgboost,shap,100,0,0.0970878782315773,-0.1625600358510454,0.0014873800386333,-0.0260156193944026,-0.0337172658059107,0.035670002142094,-0.013858024781407
forest_cover,xgboost,shap,101,0,0.0970878782315773,-0.2129794316244246,-0.0031729261301953,-0.015699827287973,0.0141196938932338,0.0325969522787276,-0.013858024781407
forest_cover,xgboost,shap,102,1,0.0970878782315773,0.059867278891721,0.0021382461805319,0.0559402264931923,0.0652699265731528,-0.1190164048449229,-0.013858024781407
forest_cover,xgboost,shap,103,1,0.0970878782315773,0.0664063137705801,0.0036902465783722,-0.0216171098980015,-0.0453201163965532,0.1270979192998549,-0.013858024781407
forest_cover,xgboost,shap,104,1,0.0970878782315773,0.0362597508042519,0.0011606107357419,-0.0167949091863116,-0.0795737511172443,0.077532852666368,-0.013858024781407
forest_cover,xgboost,shap,105,0,0.0970878782315773,0.0342425427590963,-0.0052026219937262,0.0264177222256955,-0.0623186219272633,-0.1482982813909614,-0.013858024781407
forest_cover,xgboost,shap,106,1,0.0970878782315773,0.0639322112323444,-0.0441434319188341,0.0716168318442626,0.0291483728266336,0.0279332903697544,-0.013858024781407
forest_cover,xgboost,shap,107,0,0.0970878782315773,0.0269111460826771,-0.0536143506794238,-0.0634922660537618,-0.0505612468940709,0.0105437295906197,-0.013858024781407
forest_cover,xgboost,shap,108,1,0.0970878782315773,0.0471979315501175,0.0083775366633877,0.0006734250621226,0.0361479807096536,0.075725779683302,-0.013858024781407
forest_cover,xgboost,shap,109,0,0.0970878782315773,0.0291047534356827,-0.0093019085577583,-0.0066958270391335,-0.0557372888263832,-0.1125289893395668,-0.013858024781407
forest_cover,xgboost,shap,110,1,0.0970878782315773,0.0499716931520011,0.0135142283417694,0.0010947772473531,0.0462282629126025,0.0573136920148573,-0.013858024781407
forest_cover,xgboost,shap,111,1,0.0970878782315773,0.0639102324306916,0.0009064008077925,0.0826365387787541,0.0079478990511132,0.026635988899823,-0.013858024781407
forest_cover,xgboost,shap,112,0,0.0970878782315773,-0.2103247314980885,0.0018918202174254,-0.0144661076611035,0.0180256129052597,0.0197378671658753,-0.013858024781407
forest_cover,xgboost,shap,113,0,0.0970878782315773,0.0196254523577994,-0.0101131156189397,-0.0212669503070341,-0.0062640392435503,-0.1663334426079789,-0.013858024781407
forest_cover,xgboost,shap,114,0,0.0970878782315773,0.0270658338776996,-0.0428558306203413,-0.0585032548515795,-0.0495815511187085,0.0205835042693154,-0.013858024781407
forest_cover,xgboost,shap,115,0,0.0970878782315773,-0.2032832571315882,0.001665500504896,-0.0206690036556096,0.0175264886440255,0.0196247327676447,-0.013858024781407
forest_cover,xgboost,shap,116,1,0.0970878782315773,0.0077518741586652,-0.012213930060249,-0.0306880244845071,0.026144114583821,0.0443933074858376,-0.013858024781407
forest_cover,xgboost,shap,117,1,0.0970878782315773,0.0646530587599885,0.0040445416624745,-0.0250341769544449,-0.0520205340345168,0.1218325569749504,-0.013858024781407
forest_cover,xgboost,shap,118,0,0.0970878782315773,0.0269044971147786,-0.0159670618441088,-0.030078860624425,-0.04065689860171,-0.1245537714642385,-0.013858024781407
forest_cover,xgboost,shap,119,1,0.0970878782315773,0.080181112206574,-0.001235170053728,0.0603920877371645,0.0162213868102886,0.0436189854309613,-0.013858024781407
forest_cover,xgboost,shap,120,1,0.0970878782315773,0.0684843195749983,0.0136200561530249,-0.0207679772051804,0.0551353550995292,0.0412409488361895,-0.013858024781407
forest_cover,xgboost,shap,121,0,0.0970878782315773,0.0277776087286149,-0.047477824533129,-0.0515268723902361,-0.0049806817024825,-0.1081443255224708,-0.013858024781407
forest_cover,xgboost,shap,122,1,0.0970878782315773,0.0156554285510712,-0.0014428012154417,0.1682110860806656,-0.0297265758187867,0.0260385999104918,-0.013858024781407
forest_cover,xgboost,shap,123,1,0.0970878782315773,0.0659923387619041,-0.0056196763024976,0.0604811457651862,-0.0640313356016191,0.0437097655678572,-0.013858024781407
forest_cover,xgboost,shap,124,0,0.0970878782315773,0.0224213937315546,-0.0117749863610117,-0.0372131014348257,-0.0630474419209466,-0.0947379594344742,-0.013858024781407
forest_cover,xgboost,shap,125,1,0.0970878782315773,0.091274138436951,0.0024074611201291,0.0173722416801455,0.0355800964153737,0.0525444644786611,-0.013858024781407
forest_cover,xgboost,shap,126,1,0.0970878782315773,0.070944991765821,0.0155613885717737,-0.0189086055003323,0.0509900155183362,0.0577026069958462,-0.013858024781407
forest_cover,xgboost,shap,127,0,0.0970878782315773,-0.1333901183412961,-0.0001523858505907,-0.0264469522288112,-0.0390671165393285,0.0139210340893951,-0.013858024781407
forest_cover,xgboost,shap,128,0,0.0970878782315773,0.0335804300565079,0.0111425269502109,-0.017408817331834,-0.0410273957920704,-0.1657794812302374,-0.013858024781407
forest_cover,xgboost,shap,129,1,0.0970878782315773,0.0235912636478512,0.0116374726253516,-0.0361523786784242,0.0438942685219968,0.0447176455899856,-0.013858024781407
forest_cover,xgboost,shap,130,0,0.0970878782315773,0.0207349754666493,0.0077932595073405,-0.0195891030211134,-0.09637427013066,-0.0969169572419201,-0.013858024781407
forest_cover,xgboost,shap,131,1,0.0970878782315773,0.0566714317471536,-0.0163530602862811,0.1104220605779342,-0.0208868258390092,0.0170784041582392,-0.013858024781407
forest_cover,xgboost,shap,132,1,0.0970878782315773,0.0697665798223146,0.0101191790176187,-0.0201796265406395,0.0392726854602038,0.0773115795919472,-0.013858024781407
forest_cover,xgboost,shap,133,1,0.0970878782315773,0.0105907205077835,0.0087000083583663,0.1576711875895899,-0.0270045247432266,0.0208843662460789,-0.013858024781407
forest_cover,xgboost,shap,134,1,0.0970878782315773,0.0794380531849755,0.0122642843305919,-0.0215114455840407,0.0617374059459356,0.0338514164142901,-0.013858024781407
forest_cover,xgboost,shap,135,1,0.0970878782315773,0.0503636709200428,-0.0088286641962572,0.0581025723948121,-0.075134979041058,0.0327022469656776,-0.013858024781407
forest_cover,xgboost,shap,136,0,0.0970878782315773,0.010394277075203,0.0089548442536862,-0.0469158013105621,0.0007275617681443,0.0234185313349318,-0.013858024781407
forest_cover,xgboost,shap,137,0,0.0970878782315773,-0.2113771117830339,0.0016930148975989,-0.0144638568565286,0.0172094815674396,0.0218029333038925,-0.013858024781407
forest_cover,xgboost,shap,138,1,0.0970878782315773,0.0654796458929957,-0.0023367598698049,0.0491459798852951,-0.0694832062124179,0.0360583231656308,-0.013858024781407
forest_cover,xgboost,shap,139,0,0.0970878782315773,0.0490231195291424,-0.1274923214413115,-0.0399633569962384,0.0166480345552045,0.0184844747556427,-0.013858024781407
forest_cover,xgboost,shap,140,1,0.0970878782315773,0.0835567591238682,-0.0054247397355265,-0.0239042127571252,0.0390200933863478,0.0557872006267272,-0.013858024781407
forest_cover,xgboost,shap,141,0,0.0970878782315773,-0.2005770832595555,-0.006169324979174,-0.0174501634795146,0.0205513866913645,0.0185096461562482,-0.013858024781407
forest_cover,xgboost,shap,142,0,0.0970878782315773,-0.1778783216344607,-0.0190710554609202,-0.0222679230084637,0.0188247732295198,0.0152569880036933,-0.013858024781407
forest_cover,xgboost,shap,143,1,0.0970878782315773,0.0846998089451257,0.0065723542417897,-0.0242877855099749,0.0351714388928511,0.0819962546135929,-0.013858024781407
forest_cover,xgboost,shap,144,1,0.0970878782315773,0.0817673328667155,-0.0064027114088637,0.0673829543880491,0.0341515114047176,0.0222793148806421,-0.013858024781407
forest_cover,xgboost,shap,145,1,0.0970878782315773,0.0915002604878678,0.002407809958754,0.0171039849200246,0.0356009893506633,0.0525653574139507,-0.013858024781407
forest_cover,xgboost,shap,146,1,0.0970878782315773,0.0561331632994658,-0.0166173530441127,0.1083039064887114,-0.0217649435999721,0.0208772372139443,-0.013858024781407
forest_cover,xgboost,shap,147,0,0.0970878782315773,-0.2026736326762821,0.0047535139460019,-0.0144302904925349,0.0149931554144555,0.0189711660981589,-0.013858024781407
forest_cover,xgboost,shap,148,0,0.0970878782315773,0.0431654593426565,-0.0519812872550452,-0.0505646713408053,0.0398868512990657,-0.1432922650906212,-0.013858024781407
forest_cover,xgboost,shap,149,0,0.0970878782315773,0.0561119171823931,-0.0001698158631662,-0.0415114776838667,-0.069994892165348,0.0455469375908748,-0.013858024781407
forest_cover,xgboost,shap,150,0,0.0970878782315773,-0.083175375026087,-0.0025294646771449,-0.026524925758176,-0.0348959398692516,-0.0380098335399717,-0.013858024781407
forest_cover,xgboost,shap,151,1,0.0970878782315773,0.0274440669231599,0.0076630440224142,0.1525084692430244,-0.0370482150326605,0.028168372352062,-0.013858024781407
forest_cover,xgboost,shap,152,0,0.0970878782315773,-0.1727041137755868,0.0028133766677434,-0.0245970790313623,-0.0049819174264845,0.0143341946950587,-0.013858024781407
forest_cover,xgboost,shap,153,1,0.0970878782315773,0.0492285036698923,-0.0183144382778314,0.1166678246478383,0.0209722734516047,0.0232880989608014,-0.013858024781407
forest_cover,xgboost,shap,154,0,0.0970878782315773,-0.2140629329961274,0.0043216263658357,-0.0142133154680283,0.0230183011927553,0.0158007820349332,-0.013858024781407
forest_cover,xgboost,shap,155,0,0.0970878782315773,0.0159441653373846,0.0068674193842872,-0.0300027311585156,-0.0846621659554202,-0.0924987830274398,-0.013858024781407
forest_cover,xgboost,shap,156,1,0.0970878782315773,0.0811620210853486,-0.0113115667813067,0.0759056019761017,0.0291591992247608,0.0242631466263561,-0.013858024781407
forest_cover,xgboost,shap,157,0,0.0970878782315773,-0.1720550352710518,0.0029892195876638,-0.0242420839751591,-0.0051027008746736,0.0132750616625892,-0.013858024781407
forest_cover,xgboost,shap,158,0,0.0970878782315773,0.0230458053104687,-0.0305175428201886,-0.0409536729313578,-0.0466520519241461,-0.0892746330544798,-0.013858024781407
forest_cover,xgboost,shap,159,1,0.0970878782315773,0.0529498023647079,-0.0191571695568841,0.1170802113939147,-0.054908216653488,0.0201156014415305,-0.013858024781407
forest_cover,xgboost,shap,160,0,0.0970878782315773,-0.1415869532208768,-0.0166545421694342,-0.0320858203022346,-0.0051557022012758,0.0103474790231901,-0.013858024781407
forest_cover,xgboost,shap,161,1,0.0970878782315773,0.0542533756093601,0.0069410526980329,0.1082880289257656,-0.0326781452707281,0.0512970437744819,-0.013858024781407
forest_cover,xgboost,shap,162,0,0.0970878782315773,0.0244055335833404,0.0012443104416771,-0.0337365995528942,-0.0864176664218112,-0.0898476734700158,-0.013858024781407
forest_cover,xgboost,shap,163,0,0.0970878782315773,-0.1817423889939416,0.0036069035716957,-0.0173783513376772,-0.0038724879306232,0.0142507858199149,-0.013858024781407
forest_cover,xgboost,shap,164,1,0.0970878782315773,0.0615779632613555,0.0011583036842566,0.0186012913154974,-0.0230318735608329,0.080826819470321,-0.013858024781407
forest_cover,xgboost,shap,165,1,0.0970878782315773,0.0860808012936216,0.0108250190089472,-0.0242839551334869,0.0442952978189636,0.067234908195339,-0.013858024781407
forest_cover,xgboost,shap,166,1,0.0970878782315773,0.0858252376477719,0.0065396867513138,-0.0185855368614908,0.0328232939810187,0.0775493896647709,-0.013858024781407
forest_cover,xgboost,shap,167,1,0.0970878782315773,0.0489762357998228,-0.0012798915162056,-0.0296190349374593,-0.0655661211139595,0.1259417013944846,-0.013858024781407
forest_cover,xgboost,shap,168,0,0.0970878782315773,-0.2105930395507249,0.0031468264437596,-0.0145701876118128,0.0176101863678109,0.0192706754803356,-0.013858024781407
forest_cover,xgboost,shap,169,0,0.0970878782315773,-0.2124399052608853,0.0024343605427535,-0.0144086951192493,0.0161466880895883,0.0231320128771612,-0.013858024781407
forest_cover,xgboost,shap,170,1,0.0970878782315773,0.0453731207559818,0.002979458078537,-0.0290259291502288,-0.0909860082742272,0.107857085023871,-0.013858024781407
forest_cover,xgboost,shap,171,0,0.0970878782315773,-0.2088673019371805,0.0025936257924498,-0.0157363932864578,0.0203726350283098,0.0165018955322471,-0.013858024781407
forest_cover,xgboost,shap,172,1,0.0970878782315773,0.0830843817638564,0.0080399118906375,-0.0181639109225792,0.0554315034526137,0.037387828107224,-0.013858024781407
forest_cover,xgboost,shap,173,1,0.0970878782315773,0.0797344591946289,0.0004969983102458,0.0567598826701007,0.0225811306376638,0.0396059313186212,-0.013858024781407
forest_cover,xgboost,shap,174,0,0.0970878782315773,-0.1791727822720038,-0.0009401127152013,-0.0230511800669327,-0.0104190363078514,0.0284475724913578,-0.013858024781407
forest_cover,xgboost,shap,175,1,0.0970878782315773,0.0871390952017387,0.0066952193473861,-0.0240540375967711,0.0310965810827067,0.0832752131483242,-0.013858024781407
forest_cover,xgboost,shap,176,0,0.0970878782315773,0.0550171458531581,0.0053109251261119,-0.0336087681692165,0.0590572273305957,-0.1073589205032088,-0.013858024781407
forest_cover,xgboost,shap,177,1,0.0970878782315773,0.0519573561383055,0.0062289372707406,0.0849427608892164,0.0210848052661963,0.0333837081780687,-0.013858024781407
forest_cover,xgboost,shap,178,0,0.0970878782315773,-0.1336252345331313,0.0010035116514823,-0.0215320680035778,-0.0448924940876651,0.0139107461022605,-0.013858024781407
forest_cover,xgboost,shap,179,1,0.0970878782315773,0.0402688061306102,0.0137986209944288,-0.0008285227062896,0.053541008510678,0.0253173954136862,-0.013858024781407
forest_cover,xgboost,shap,180,1,0.0970878782315773,0.0474327216283522,0.0123877576300663,0.001284988763257,0.0541078939030253,0.0341294178959211,-0.013858024781407
forest_cover,xgboost,shap,181,1,0.0970878782315773,0.0620314094928185,0.0041150245859218,-0.0220505077767104,-0.0406323553344781,0.1267936823867007,-0.013858024781407
forest_cover,xgboost,shap,182,1,0.0970878782315773,0.0920733526356601,-0.0068836350895126,0.0350933306754044,0.0448601049877414,0.0340352489219671,-0.013858024781407
forest_cover,xgboost,shap,183,0,0.0970878782315773,-0.1824647427688752,0.0036080000485054,-0.0172466826824091,-0.0045948417055569,0.0155627282377043,-0.013858024781407
forest_cover,xgboost,shap,184,1,0.0970878782315773,0.0860808012936216,0.0108250190089472,-0.0242839551334869,0.0442952978189636,0.067234908195339,-0.013858024781407
forest_cover,xgboost,shap,185,0,0.0970878782315773,-0.2070883229055401,0.0033533020097231,-0.0211155314058741,0.0222106431503884,0.0175043702806711,-0.013858024781407
forest_cover,xgboost,shap,186,1,0.0970878782315773,0.0499307810315338,0.0063102329003663,0.1542869201906529,-0.047009806438352,0.0245832280527112,-0.013858024781407
forest_cover,xgboost,shap,187,1,0.0970878782315773,0.0600729922432463,0.0001014040052155,0.0656454779935583,-0.0681817141381123,0.042894078086923,-0.013858024781407
forest_cover,xgboost,shap,188,0,0.0970878782315773,-0.2064510263591509,0.0035305972310524,-0.0207736592766947,0.0221015859940796,0.016456963540082,-0.013858024781407
forest_cover,xgboost,shap,189,0,0.0970878782315773,-0.1165416090077084,-0.0338657061815032,-0.0204968397442288,0.0151420848964016,-0.0293734688335927,-0.013858024781407
forest_cover,xgboost,shap,190,1,0.0970878782315773,0.0796760242391666,3.886076374565173e-05,0.0608959162118015,0.0271715243027507,0.031396076613796,-0.013858024781407
forest_cover,xgboost,shap,191,1,0.0970878782315773,0.0907307721439349,5.127123789112897e-05,0.0251489471216176,0.0466351101185499,0.0366123015092668,-0.013858024781407
forest_cover,xgboost,shap,192,1,0.0970878782315773,0.0776858318410211,0.0139011489785002,-0.0206770478238421,0.0386080719043823,0.0667723924513833,-0.013858024781407
forest_cover,xgboost,shap,193,0,0.0970878782315773,-0.1243394514444829,-0.0166441265600628,-0.0311444371427834,-0.0245128395555776,0.0115053158322752,-0.013858024781407
forest_cover,xgboost,shap,194,0,0.0970878782315773,0.037947795945325,0.002958286503137,0.0302593103869181,-0.0694169352331399,-0.1339661881785755,-0.013858024781407
forest_cover,xgboost,shap,195,1,0.0970878782315773,0.0837721641327654,0.0065717457290317,-0.0245060091830705,0.0346274567748386,0.0836867137298192,-0.013858024781407
forest_cover,xgboost,shap,196,0,0.0970878782315773,0.0184567627347823,-0.0382580313799921,-0.0635923300381496,-0.0481121434965757,-0.0513312329719006,-0.013858024781407
forest_cover,xgboost,shap,197,1,0.0970878782315773,0.05411568878107,-0.040092103521439,-0.0098884046855337,0.0461279685410118,0.0281367519823684,-0.013858024781407
forest_cover,xgboost,shap,198,0,0.0970878782315773,0.02207110660229,-0.0090075031659809,-0.0342060381627994,-0.0674914263545996,-0.0957182343386138,-0.013858024781407
forest_cover,xgboost,shap,199,1,0.0970878782315773,0.0792996275850531,-0.0043948519268166,0.0638363301383277,0.0356829638097098,0.0247543325249865,-0.013858024781407
forest_cover,xgboost,shap,200,0,0.0970878782315773,-0.1452369242303771,-0.0208071993361001,-0.026128869084792,-0.0002313840872093,0.0072688378678472,-0.013858024781407
forest_cover,xgboost,shap,201,0,0.0970878782315773,0.019846874227277,-0.0401586866637685,-0.0636138042857008,-0.0608760406547994,0.0145886694230319,-0.013858024781407
forest_cover,xgboost,shap,202,1,0.0970878782315773,0.0154334243533162,-0.0014341939575246,0.1679890818829106,-0.0299485800165416,0.0266960052458394,-0.013858024781407
forest_cover,xgboost,shap,203,0,0.0970878782315773,-0.1994059789627427,-0.003334042630505,-0.0167177455668552,0.0138892573530522,0.0204329709364192,-0.013858024781407
forest_cover,xgboost,shap,204,0,0.0970878782315773,-0.1340842996054843,0.0010429788228654,-0.026548778193831,-0.0386970974951018,0.0131516576009203,-0.013858024781407
forest_cover,xgboost,shap,205,0,0.0970878782315773,0.0287713530711514,-0.0107827209308443,-0.0564019866180711,-0.1090572286956312,0.0254616083286425,-0.013858024781407
forest_cover,xgboost,shap,206,1,0.0970878782315773,0.088164585592635,0.0109478841145436,-0.0240710798018042,0.0415258478954988,0.0675848333825112,-0.013858024781407
forest_cover,xgboost,shap,207,1,0.0970878782315773,0.0779426295189698,0.0010385723660992,0.0638356911913645,0.0249782761094737,0.0313832329453533,-0.013858024781407
forest_cover,xgboost,shap,208,1,0.0970878782315773,0.0230440492975347,0.0075887685361345,-0.022650796239653,0.0148773341738049,0.0648289159389399,-0.013858024781407
forest_cover,xgboost,shap,209,0,0.0970878782315773,0.0522480193638576,0.001751781806416,-0.0459803629919742,-0.0986261671384898,0.0312641106790058,-0.013858024781407
forest_cover,xgboost,shap,210,0,0.0970878782315773,0.0251889720925318,-0.0519494499999149,-0.0595759442268982,-0.0313419400617889,0.0136270747292472,-0.013858024781407
forest_cover,xgboost,shap,211,1,0.0970878782315773,0.037274415500034,-0.0042688635925379,-0.0070957008622658,0.0463410495557372,0.0419786041685377,-0.013858024781407
forest_cover,xgboost,shap,212,1,0.0970878782315773,0.0334182703731925,-0.0106890112952807,0.1723260466536824,-0.0253600471657564,0.0184060971710746,-0.013858024781407
forest_cover,xgboost,shap,213,1,0.0970878782315773,0.0605293627760543,-0.0006598140702291,-0.023192546289402,-0.0400031661705193,0.1335834171083487,-0.013858024781407
forest_cover,xgboost,shap,214,0,0.0970878782315773,-0.1731171745027814,0.0138336849737984,-0.0100967150348808,0.0152503245131903,-0.031005658819958,-0.013858024781407
forest_cover,xgboost,shap,215,1,0.0970878782315773,0.0800929723654098,0.0126615873815244,-0.0212576457947299,0.0540552225928379,0.0585999346383422,-0.013858024781407
forest_cover,xgboost,shap,216,1,0.0970878782315773,0.0789515085177778,0.0004966494716209,0.0570209825085927,0.0228422304761558,0.0398670311571132,-0.013858024781407
forest_cover,xgboost,shap,217,0,0.0970878782315773,-0.2149563347660064,0.0021831774922889,-0.018828651020424,0.010936414565692,0.035529854857818,-0.013858024781407
forest_cover,xgboost,shap,218,1,0.0970878782315773,0.088164585592635,0.0109478841145436,-0.0240710798018042,0.0415258478954988,0.0675848333825112,-0.013858024781407
forest_cover,xgboost,shap,219,1,0.0970878782315773,0.0346002644619642,-0.0282892138950381,0.1254112668873433,-0.0543351535819482,0.0175129718290382,-0.013858024781407
forest_cover,xgboost,shap,220,1,0.0970878782315773,0.0499716931520011,0.0135142283417694,0.0010947772473531,0.0462282629126025,0.0573136920148573,-0.013858024781407
forest_cover,xgboost,shap,221,0,0.0970878782315773,-0.1669371634905607,0.0125773814312426,-0.0202858144736888,0.0261881910137903,-0.0366781333514148,-0.013858024781407
forest_cover,xgboost,shap,222,0,0.0970878782315773,0.0232645421906774,-0.0460881313447716,-0.0325155332711642,0.0362378862195174,-0.1401322400103953,-0.013858024781407
forest_cover,xgboost,shap,223,0,0.0970878782315773,-0.1551589899596947,-0.0307292650654176,-0.0244862539747965,0.0164321136944188,0.0088068564348585,-0.013858024781407
forest_cover,xgboost,shap,224,1,0.0970878782315773,0.0807281561432447,-0.0122382447415883,0.0735261226615424,0.0336721730817857,0.0234901949862759,-0.013858024781407
forest_cover,xgboost,shap,225,1,0.0970878782315773,0.0669531702068498,0.0008705864047095,0.0643782760515434,0.022686326440912,0.0271487008641598,-0.013858024781407
forest_cover,xgboost,shap,226,0,0.0970878782315773,0.0245428882117312,-0.0266095996787621,-0.0623282520623401,-0.0819561711092053,0.0243421597938237,-0.013858024781407
forest_cover,xgboost,shap,227,1,0.0970878782315773,0.0410027466043769,0.014010968584941,-0.0078336128115074,0.002969496735013,0.0511064182795149,-0.013858024781407
forest_cover,xgboost,shap,228,1,0.0970878782315773,0.0816449767394551,-0.0114721494978503,0.073756273907781,0.0331354824238393,0.0221138185580354,-0.013858024781407
forest_cover,xgboost,shap,229,1,0.0970878782315773,0.0356982745065935,0.0049905876699882,0.0740040331415856,0.0180213689781472,0.0293614385551607,-0.013858024781407
forest_cover,xgboost,shap,230,1,0.0970878782315773,0.0495326951322444,0.0489153071662296,0.007224210896484,0.0885275709154957,-0.0599550396253725,-0.013858024781407
forest_cover,xgboost,shap,231,0,0.0970878782315773,-0.120135407083936,-0.0151094632179545,-0.0320259938911688,-0.0313685882178023,0.0135039135402303,-0.013858024781407
forest_cover,xgboost,shap,232,1,0.0970878782315773,0.0793637622960067,0.0004966494716209,0.0568835645825164,0.0227048125500795,0.0397296132310369,-0.013858024781407
forest_cover,xgboost,shap,233,0,0.0970878782315773,0.0133579933114687,-0.0091289136611515,-0.0251443781599125,-0.0637899774783757,-0.0996468194317325,-0.013858024781407
forest_cover,xgboost,shap,234,1,0.0970878782315773,0.0789485760843892,-2.356305519499169e-05,0.0665060705268713,0.027420950744265,0.02632636783093,-0.013858024781407
forest_cover,xgboost,shap,235,1,0.0970878782315773,0.0860808012936216,0.0108250190089472,-0.0242839551334869,0.0442952978189636,0.067234908195339,-0.013858024781407
forest_cover,xgboost,shap,236,0,0.0970878782315773,-0.1702000117459873,0.0133551327021894,-0.0139249126297274,0.0126580183472616,-0.0270237655443678,-0.013858024781407
forest_cover,xgboost,shap,237,0,0.0970878782315773,0.0297705471911994,-0.0051104673725464,-0.0274638223707446,0.002032881210977,-0.1787218760063082,-0.013858024781407
forest_cover,xgboost,shap,238,0,0.0970878782315773,0.0328168473648009,-0.00423442287036,0.0310313889066594,-0.0790463744087029,-0.1357266993195565,-0.013858024781407
forest_cover,xgboost,shap,239,1,0.0970878782315773,0.0029975832968914,0.0002099472652626,0.1373323693060733,-0.0323931633924286,-0.0455337811981758,-0.013858024781407
forest_cover,xgboost,shap,240,1,0.0970878782315773,0.0236365017496217,0.0071491157360266,-0.0369413604780512,0.0331978791726385,0.0606461355265253,-0.013858024781407
forest_cover,xgboost,shap,241,1,0.0970878782315773,0.064052712453927,0.0115819814911829,-0.0362102272763582,-0.0346423591462996,0.0557381882817517,-0.013858024781407
forest_cover,xgboost,shap,242,1,0.0970878782315773,0.0860808012936216,0.0108250190089472,-0.0242839551334869,0.0442952978189636,0.067234908195339,-0.013858024781407
forest_cover,xgboost,shap,243,0,0.0970878782315773,-0.2177537258456739,0.0023873397521373,-0.0136621230155302,0.0167193659667141,0.0271736042717212,-0.013858024781407
forest_cover,xgboost,shap,244,0,0.0970878782315773,-0.1911991335769576,-0.0201154953464082,0.077938366423189,-0.0174254378862981,0.0097318753982897,-0.013858024781407
forest_cover,xgboost,shap,245,1,0.0970878782315773,0.0746496282344605,0.0128249440464254,-0.025127247035425,0.0369978583753893,0.0672617239310951,-0.013858024781407
forest_cover,xgboost,shap,246,0,0.0970878782315773,-0.191077850999847,0.0043852420694052,-0.0177965876221367,-0.0068629088357971,0.0262165665177441,-0.013858024781407
forest_cover,xgboost,shap,247,0,0.0970878782315773,0.0371509271759756,-0.051184537330594,-0.0517390749497115,0.0344932037798994,-0.131506431720319,-0.013858024781407
forest_cover,xgboost,shap,248,0,0.0970878782315773,-0.1198497604396386,-0.0154536353172523,-0.0212258113652142,0.0178597055255015,-0.0464660372740278,-0.013858024781407
forest_cover,xgboost,shap,249,1,0.0970878782315773,0.0800929723654098,0.0126615873815244,-0.0212576457947299,0.0540552225928379,0.0585999346383422,-0.013858024781407
forest_cover,xgboost,shap,250,1,0.0970878782315773,0.0473256535407661,0.0070967847482877,0.0080064190964555,0.0237420000583475,0.0819517962247265,-0.013858024781407
forest_cover,xgboost,shap,251,1,0.0970878782315773,0.0788873738068242,-0.0044089270026262,0.0639596729885943,0.0358569098625959,0.0248833724758723,-0.013858024781407
forest_cover,xgboost,shap,252,0,0.0970878782315773,0.0375997842147849,-0.084045159540359,-0.032734955159471,0.0381796227163758,-0.0871145245147429,-0.013858024781407
forest_cover,xgboost,shap,253,1,0.0970878782315773,0.0925897072131132,0.0010038028480214,0.0163074587944979,0.0368686835159484,0.0524087497596795,-0.013858024781407
forest_cover,xgboost,shap,254,1,0.0970878782315773,0.0448888015217513,0.0061006790516795,0.1310560286150563,-0.0303975886394025,0.0270878169589154,-0.013858024781407
forest_cover,xgboost,shap,255,1,0.0970878782315773,0.0796254043090593,-0.0044534677481368,0.062778252251838,0.0352532040107766,0.0259750093077234,-0.013858024781407
forest_cover,xgboost,shap,256,0,0.0970878782315773,-0.2117530588898505,-0.0183360663747481,0.0753611104608086,-0.0008446293554501,0.0145028191710549,-0.013858024781407
forest_cover,xgboost,shap,257,0,0.0970878782315773,0.0406166909077176,0.0006764788591999,-0.0490185770522622,-0.1146094610537838,0.0281813493697726,-0.013858024781407
forest_cover,xgboost,shap,258,1,0.0970878782315773,0.0708353486288832,0.0155619301739778,-0.0162218618746184,0.0576174315987426,0.0484975488244595,-0.013858024781407
forest_cover,xgboost,shap,259,1,0.0970878782315773,0.0600729763730878,-0.0019698043778827,0.0578059431248341,0.0649855670903456,-0.1166954089167097,-0.013858024781407
forest_cover,xgboost,shap,260,0,0.0970878782315773,0.0314382097852629,-0.0107829166921368,-0.0586528485157138,-0.1097760852873866,0.0257646658652218,-0.013858024781407
forest_cover,xgboost,shap,261,0,0.0970878782315773,-0.2114826084411488,0.002000519034112,-0.0145693535146433,0.0171039849093249,0.0218119191417236,-0.013858024781407
forest_cover,xgboost,shap,262,0,0.0970878782315773,0.0443534295993906,-0.1183959077329382,-0.0575258293127321,0.0281892422393783,-0.0036105524334139,-0.013858024781407
forest_cover,xgboost,shap,263,0,0.0970878782315773,-0.2113771117830339,0.0016930148975989,-0.0144638568565286,0.0172094815674396,0.0218029333038925,-0.013858024781407
forest_cover,xgboost,shap,264,1,0.0970878782315773,0.0552381522959537,0.0039630953749961,-0.0376992735303455,-0.0391261050186773,0.0504225448158217,-0.013858024781407
forest_cover,xgboost,shap,265,0,0.0970878782315773,0.0299870865714877,-0.0013505304471852,-0.0550102817622528,-0.1086118676755455,0.0370864588618097,-0.013858024781407
forest_cover,xgboost,shap,266,0,0.0970878782315773,-0.1376073265113659,-0.0392876395606058,-0.0308306240720801,0.0108325503685157,0.0117575009049046,-0.013858024781407
forest_cover,xgboost,shap,267,0,0.0970878782315773,0.0162622664376947,-0.0936749607622984,-0.0351143412563262,0.0047238675560982,-0.0025514596386007,-0.013858024781407
forest_cover,xgboost,shap,268,0,0.0970878782315773,-0.150940135834003,-0.000823680105586,-0.0227514293139746,-0.0325650934393677,0.0219447998223,-0.013858024781407
forest_cover,xgboost,shap,269,1,0.0970878782315773,0.0719107520228559,-0.0023807133034075,0.1546297857809124,0.0236724311567264,-0.0708349472186061,-0.013858024781407
forest_cover,xgboost,shap,270,1,0.0970878782315773,-0.10250663351581,0.044773186174821,0.2202476340767994,0.0059733942524804,0.0099503121097666,-0.013858024781407
forest_cover,xgboost,shap,271,0,0.0970878782315773,-0.1846101002112138,0.0035198782903705,-0.0223922184101851,-0.0104325737005467,0.0287794751609438,-0.013858024781407
forest_cover,xgboost,shap,272,0,0.0970878782315773,-0.2146164848461661,0.0022590946272003,-0.0195124694262255,0.0112044659167418,0.0355298548578179,-0.013858024781407
forest_cover,xgboost,shap,273,1,0.0970878782315773,-0.1442258078033784,0.0493890690656444,0.1691128020158222,-0.0030209478376655,0.0105247266436882,-0.013858024781407
forest_cover,xgboost,shap,274,1,0.0970878782315773,0.0489910030051836,-0.0195770532685455,0.1197474685808022,0.014106651873578,0.0285741922612871,-0.013858024781407
forest_cover,xgboost,shap,275,1,0.0970878782315773,0.0754597648052938,0.0126744971185633,-0.0166596005887734,0.0329316325814232,0.0622006136354384,-0.013858024781407
forest_cover,xgboost,shap,276,1,0.0970878782315773,0.0843140935987944,0.0065717457290317,-0.0245137514213467,0.0343603631609622,0.0834196201159428,-0.013858024781407
forest_cover,xgboost,shap,277,1,0.0970878782315773,0.088164585592635,0.0109478841145436,-0.0240710798018042,0.0415258478954988,0.0675848333825112,-0.013858024781407
forest_cover,xgboost,shap,278,0,0.0970878782315773,0.0248126025567837,0.0077753405160538,-0.030281043402296,-0.100249245432341,-0.0864097496579043,-0.013858024781407
forest_cover,xgboost,shap,279,0,0.0970878782315773,0.0311000715370039,-0.0020131795438048,-0.0490644644927775,-0.0673118968794128,0.0279468510978068,-0.013858024781407
forest_cover,xgboost,shap,280,1,0.0970878782315773,0.015553696988253,-0.0087492742860526,0.1732942776205951,-0.0258934141165337,0.0245304513017384,-0.013858024781407
forest_cover,xgboost,shap,281,1,0.0970878782315773,0.0491979384353281,0.0029452086203282,-0.0291842364996949,-0.0704495360178142,0.1259435150885357,-0.013858024781407
forest_cover,xgboost,shap,282,1,0.0970878782315773,-0.1196663571770292,0.0730729471061763,0.1839264140182556,0.0260102012594047,0.01509468789125,-0.013858024781407
forest_cover,xgboost,shap,283,1,0.0970878782315773,0.0607510654115596,0.0035652860663047,-0.0227577478516376,-0.044886581074374,0.1335852308023998,-0.013858024781407
forest_cover,xgboost,shap,284,1,0.0970878782315773,0.0793067758120776,0.0070651202325477,-0.0173907740397263,0.0315017673758108,0.0836691818026747,-0.013858024781407
forest_cover,xgboost,shap,285,1,0.0970878782315773,0.0796760242391666,3.886076374565173e-05,0.0608959162118015,0.0271715243027507,0.031396076613796,-0.013858024781407
forest_cover,xgboost,shap,286,1,0.0970878782315773,0.0867835932441392,0.0066952193473861,-0.0240749101782922,0.0324019889693863,0.0823461798007651,-0.013858024781407
forest_cover,xgboost,shap,287,1,0.0970878782315773,0.0674622805914193,-0.0038098287551654,0.0628644162147007,0.0303133099547868,0.0252068819624332,-0.013858024781407
forest_cover,xgboost,shap,288,1,0.0970878782315773,0.0741670442834002,0.0090195752409042,-0.0255290676211233,0.0271871955042049,0.0817621601445593,-0.013858024781407
forest_cover,xgboost,shap,289,1,0.0970878782315773,0.0516987322612656,0.0055268953573923,0.0879114929910652,0.0223340058116044,0.0301264413212001,-0.013858024781407
forest_cover,xgboost,shap,290,1,0.0970878782315773,0.0603494815385228,-0.0020245986958983,0.0591376151050166,0.0637169773505041,-0.1169802020044701,-0.013858024781407
forest_cover,xgboost,shap,291,0,0.0970878782315773,0.0344990841822824,-0.0038486244765782,-0.0202914482036841,-0.1260590367356741,0.0369986825967719,-0.013858024781407
forest_cover,xgboost,shap,292,1,0.0970878782315773,0.0860976517599823,0.0100348642971487,-0.0230528798852489,0.0446276815279618,0.0664447534835406,-0.013858024781407
forest_cover,xgboost,shap,293,0,0.0970878782315773,-0.180152157690183,0.0042828471612329,-0.0177104342526916,-0.0042767451571235,0.0127209510681338,-0.013858024781407
forest_cover,xgboost,shap,294,0,0.0970878782315773,-0.1431912526027162,0.0052367231546385,-0.0200114916181222,0.0100902583796686,-0.0372597761841002,-0.013858024781407
forest_cover,xgboost,shap,295,1,0.0970878782315773,0.0759734296196208,-0.0005273484450111,0.0616119646910325,0.0211984662548564,0.039341055622029,-0.013858024781407
forest_cover,xgboost,shap,296,0,0.0970878782315773,0.0401109476120159,-0.0569762607911318,-0.0576884512685564,-0.0479788119980046,0.0184812889788541,-0.013858024781407
forest_cover,xgboost,shap,297,0,0.0970878782315773,0.0412560155916608,0.0048854188886576,-0.0500044658683649,-0.0722601778597289,0.0814566075357285,-0.013858024781407
forest_cover,xgboost,shap,298,1,0.0970878782315773,0.048642690552091,0.0076704374907845,0.0046806254916942,0.0253800837946965,0.0817488163393171,-0.013858024781407
forest_cover,xgboost,shap,299,1,0.0970878782315773,0.0741670442834002,0.0090195752409042,-0.0255290676211233,0.0271871955042049,0.0817621601445593,-0.013858024781407
wine_quality,mlp,lime,0,1,0.2490517054356096,-0.0626264252068192,0.0841410454812877,0.0041461426585385,0.0366986719474387,-0.1135657905561619,0.0009145224003362
wine_quality,mlp,lime,1,0,0.2490517054356096,-0.0570199533537031,-0.1319554183103262,-0.0144137181482942,-0.0633050095668938,-0.1222659613526746,0.0876138359352264
wine_quality,mlp,lime,2,0,0.2490517054356096,0.0764417399266112,-0.130898518014526,-0.0069146813714517,-0.0600211196079419,-0.2851491729959134,0.0938667156657038
wine_quality,mlp,lime,3,0,0.2490517054356096,-0.0611893517860084,0.0754622195918491,0.0223710886587965,-0.0531801814886504,-0.1290819945435985,0.0274877187295754
wine_quality,mlp,lime,4,1,0.2490517054356096,0.1848280993680309,-0.127905363102209,0.008252212128856,0.0442409437912989,-0.1232785494019694,-0.008688543408415
wine_quality,mlp,lime,5,0,0.2490517054356096,-0.0457614759853146,0.0430209464002571,-0.0032065663384728,-0.0593062434964713,-0.1175773401771954,0.0408447187669072
wine_quality,mlp,lime,6,1,0.2490517054356096,-0.2353741283148116,-0.1239474970401564,-0.0161709457868653,0.1916778718250685,0.3424839114520514,-0.0392932427127151
wine_quality,mlp,lime,7,1,0.2490517054356096,0.1785215578348443,0.0764027950853688,-0.0023571869592269,-0.0506009541843503,-0.1200104649253142,-0.033658930917967
wine_quality,mlp,lime,8,0,0.2490517054356096,0.1847915037475098,-0.1276591772128685,-0.0082824069436337,-0.1323508606157917,-0.2868760768219913,0.0792537916992279
wine_quality,mlp,lime,9,1,0.2490517054356096,0.1853410697096257,0.0590417673816383,0.0056919446313068,-0.1513230021636745,0.1170563448210976,-0.0688580482509231
wine_quality,mlp,lime,10,1,0.2490517054356096,0.1937749146860945,0.0723645968791691,9.854524561963468e-05,0.1930241911944096,0.1147166631723087,-0.1543591489284138
wine_quality,mlp,lime,11,0,0.2490517054356096,-0.2225286472994948,-0.1258650155645771,-0.009141204647326,-0.0562723688473111,-0.2973204990400114,0.1681276705551202
wine_quality,mlp,lime,12,0,0.2490517054356096,-0.2182451417642264,0.0808299240276564,0.0034486833436237,-0.1294469668344681,-0.2781406536419147,0.1184463039630033
wine_quality,mlp,lime,13,1,0.2490517054356096,0.1942081059921734,5.7644831545573154e-05,0.0148645612421841,-0.0456290755686111,-0.1193437794721151,-0.0181581803927029
wine_quality,mlp,lime,14,0,0.2490517054356096,-0.0588112899524002,0.0499040254318239,-0.0229292153390198,0.0174440855085322,-0.2826419433338792,0.0728660610786195
wine_quality,mlp,lime,15,0,0.2490517054356096,-0.0561938069507243,0.0427463795417594,-0.0052659587684493,-0.0513074735526761,-0.2763751200472,0.0797087858961387
wine_quality,mlp,lime,16,0,0.2490517054356096,-0.0415271883713894,-0.11910398611363,-0.0038349364203643,-0.140053168001959,-0.2852795856790974,0.1396685717510032
wine_quality,mlp,lime,17,1,0.2490517054356096,0.1859123328947638,0.067574245920142,-0.0029608246601933,0.0226286984911959,0.3325958487624915,-0.1527473562444185
wine_quality,mlp,lime,18,1,0.2490517054356096,0.0864782320610357,0.0081620110016029,0.0099670894343561,0.1949304995793655,0.3439942709913342,-0.1529980107030253
wine_quality,mlp,lime,19,1,0.2490517054356096,0.1952421384741738,0.080537512093025,0.0191433664766873,0.1829002641771265,0.1140324174739139,-0.160972492562893
wine_quality,mlp,lime,20,1,0.2490517054356096,0.0821574031268557,0.0739345202295872,0.0037586624840811,-0.1525528231513546,0.1157493315460113,-0.0421717343535786
wine_quality,mlp,lime,21,1,0.2490517054356096,0.1842003657110471,0.0074819969575522,-0.0107393946875999,0.1867850126473292,0.1126586714821765,-0.1310218133531779
wine_quality,mlp,lime,22,1,0.2490517054356096,-0.0346703877819574,0.0784901740776026,0.0110166986612011,-0.0553103602239867,0.34794489352718,-0.0881081251249785
wine_quality,mlp,lime,23,1,0.2490517054356096,0.182851029831933,0.0465704639165182,0.0090983109670027,0.1967863688132676,0.1220787926631727,-0.1549434617059738
wine_quality,mlp,lime,24,0,0.2490517054356096,-0.2270925985883503,-0.1285920808200311,0.0079423536457261,-0.1364995585895824,-0.281817965253131,0.1793020212499522
wine_quality,mlp,lime,25,1,0.2490517054356096,0.1720544680717224,-0.0013643057118893,0.0097077783184415,0.1952484647944228,-0.1222769837469794,-0.0651976212768738
wine_quality,mlp,lime,26,1,0.2490517054356096,0.1874221657000217,-0.0009270816551329,0.0150734834924859,0.194098586027409,0.1141284102061923,-0.1370591998914512
wine_quality,mlp,lime,27,0,0.2490517054356096,0.1736359554222745,-0.1333350660974246,0.0030646772132109,-0.1471906220127823,-0.1144470432304425,0.0465827024746869
wine_quality,mlp,lime,28,1,0.2490517054356096,0.1905608321788729,0.0643034862780548,0.0002653622960024,0.1943428619320916,0.1193171768137581,-0.1543796472594267
wine_quality,mlp,lime,29,1,0.2490517054356096,0.0775351708519051,0.0010763475236589,0.0098730985356173,0.1953941913906874,0.3323268819541138,-0.1411520474041889
wine_quality,mlp,lime,30,1,0.2490517054356096,0.1834709215564361,0.0346669769510056,0.0050855398416765,-0.050700970967062,0.3477800031325085,-0.128112205588973
wine_quality,mlp,lime,31,0,0.2490517054356096,-0.2320955626436744,-0.0039887126573578,0.0107652835081468,0.010737426370648,-0.1102433687690477,0.0684986785990847
wine_quality,mlp,lime,32,1,0.2490517054356096,0.1820391668908129,0.071144779522002,0.005373712184112,-0.1361233026805827,0.3388904837415137,-0.1107248073447333
wine_quality,mlp,lime,33,0,0.2490517054356096,-0.0418820980082279,0.0369964754069939,0.0063211444624717,-0.0564648859953238,-0.2852000140188776,0.0720945471640567
wine_quality,mlp,lime,34,1,0.2490517054356096,-0.220726022650758,0.0627756627189956,-0.0187325348144877,-0.048817899237932,0.357057275263093,-0.0319485849859468
wine_quality,mlp,lime,35,1,0.2490517054356096,0.0802640999508752,0.0547549113233143,-0.0006495173679149,0.1917827012293604,0.1178343474739231,-0.1184929766496142
wine_quality,mlp,lime,36,0,0.2490517054356096,-0.2292238467264426,0.0009574306652451,-0.0559579652320358,-0.0611770946298769,0.3382596988449293,-0.0097704227994183
wine_quality,mlp,lime,37,1,0.2490517054356096,0.0744895599214098,0.0490280666845162,-0.0049651063344269,0.1947710264981777,0.3345850938946303,-0.1528144342464332
wine_quality,mlp,lime,38,0,0.2490517054356096,-0.0555248065633188,-0.1194114607002504,-0.0118531125988406,-0.053646270149528,-0.1236033657053026,0.0857344002160886
wine_quality,mlp,lime,39,0,0.2490517054356096,-0.2344820158569026,0.009674668168754,0.0126736400162617,0.1966017440956184,-0.2886127828576382,0.064779777156131
wine_quality,mlp,lime,40,1,0.2490517054356096,-0.0432358815706571,0.0011886267098821,0.0073062350678393,0.0268662441956746,0.1093396975103076,-0.0330602874682787
wine_quality,mlp,lime,41,0,0.2490517054356096,-0.2278086611810388,-0.0034079948290684,0.0075302174732925,0.0403297359809869,0.1172450736750022,-0.0007754563594936
wine_quality,mlp,lime,42,1,0.2490517054356096,-0.0577317047416373,0.006178401254537,-0.0182507945598818,0.0127903434576066,0.1087514310206983,-0.0217689011752092
wine_quality,mlp,lime,43,0,0.2490517054356096,-0.044285598683323,-0.0010891718313883,-0.0204380982525869,0.0191521652044884,-0.2877538060218387,0.0766294552534142
wine_quality,mlp,lime,44,0,0.2490517054356096,-0.0643496424575605,-0.0078723166213951,0.0253679809104056,-0.1510559750594059,-0.2904814824866207,0.117733339379827
wine_quality,mlp,lime,45,1,0.2490517054356096,0.1781908191065836,0.0144647522348223,-0.0239559522518717,0.1950222958767181,0.1164628419135446,-0.127937438094533
wine_quality,mlp,lime,46,1,0.2490517054356096,0.1802442020362363,-0.1229584330138225,0.0116846481005149,0.0203146679684442,-0.1205653535774704,0.0031670130610389
wine_quality,mlp,lime,47,1,0.2490517054356096,-0.0508025570441708,0.044213760856074,-0.013712180760879,0.1886288199365881,0.3363460592520935,-0.1218192010692228
wine_quality,mlp,lime,48,0,0.2490517054356096,-0.2222773728200511,0.0173461215104132,-0.0113875997119112,-0.0537103229303674,-0.2858009327069456,0.1243900747840878
wine_quality,mlp,lime,49,1,0.2490517054356096,0.1798661009183662,0.0400003987467659,0.0164728587423095,0.1799381250444269,0.3325305124730927,-0.1803952958753789
wine_quality,mlp,lime,50,0,0.2490517054356096,-0.0428905397186309,0.0026634391166948,-0.0023169935558078,-0.1546464661113196,-0.2784630838473124,0.1142130897140669
wine_quality,mlp,lime,51,1,0.2490517054356096,0.0845901597555332,0.0806331742513852,0.0098745061710595,-0.0539072503989186,0.3406185011251498,-0.1141087638876697
wine_quality,mlp,lime,52,1,0.2490517054356096,-0.0625689494086198,0.0087441711284913,-0.0010404046298498,0.0235600493701312,0.1216354166685574,-0.0395171178340122
wine_quality,mlp,lime,53,0,0.2490517054356096,-0.051119981396552,0.0045701352872307,-0.0206767728281754,-0.0513928349769737,-0.2896268575742776,0.0953992690270683
wine_quality,mlp,lime,54,0,0.2490517054356096,-0.2111801784363511,-0.1183919102865788,0.0073797479782324,-0.1322234073873782,-0.2861211586777925,0.1781791033254386
wine_quality,mlp,lime,55,1,0.2490517054356096,-0.0552555654206599,0.0035797971065057,0.0033708798197666,0.1944549915737912,0.1210034925198348,-0.0829936379515465
wine_quality,mlp,lime,56,0,0.2490517054356096,0.1866769539150886,0.0505121604692856,0.0017360881446498,-0.0597036259169159,-0.1203441957228446,-0.0233648796486149
wine_quality,mlp,lime,57,1,0.2490517054356096,0.0887352503066999,0.0513534007865234,0.0203472985008851,0.02887913691303,0.1253924573573734,-0.0907635702454955
wine_quality,mlp,lime,58,1,0.2490517054356096,0.1749109617315466,0.0383671781096338,0.0059434054176037,0.0356420475680698,0.339426466634861,-0.1412729824164466
wine_quality,mlp,lime,59,1,0.2490517054356096,0.1864734075896911,0.0525144477832933,0.0079604737073122,0.1912749947982631,-0.2712350059516599,-0.0572849814309464
wine_quality,mlp,lime,60,0,0.2490517054356096,-0.2361664985922316,0.0463744064273666,-0.0275164812424817,-0.0582832327543758,-0.1266983874116224,0.093442240510892
wine_quality,mlp,lime,61,0,0.2490517054356096,-0.0365003932932419,-0.0067878855522869,-0.002118249509651,-0.0595556934421165,-0.1295835043193805,0.0542859049451678
wine_quality,mlp,lime,62,0,0.2490517054356096,-0.2440203399236939,-0.132704656199769,0.0122747769543754,0.0202728663531038,0.1089287971317892,0.0415396398176575
wine_quality,mlp,lime,63,1,0.2490517054356096,0.0813041303035165,0.0244688355158762,0.0282645651060347,0.0320251000975352,0.129610738056615,-0.0835921270509385
wine_quality,mlp,lime,64,0,0.2490517054356096,-0.0646116892907105,0.08016629277436,-0.0002228528526755,-0.0466733814625753,0.1218736385265594,-0.0373426243770491
wine_quality,mlp,lime,65,0,0.2490517054356096,-0.2359327284224098,0.0732497197976295,-0.0170740353607644,-0.1391608533315548,0.3435044026433114,-0.0064109572114062
wine_quality,mlp,lime,66,0,0.2490517054356096,-0.0532348324238103,-0.120152940401158,-0.0140287754747345,-0.0550210378751941,-0.2858778367180463,0.1238931162344744
wine_quality,mlp,lime,67,0,0.2490517054356096,-0.2465868942671589,-0.0030718298517172,0.0142647237101055,0.020961663621884,-0.1223695949798459,0.0758625559437333
wine_quality,mlp,lime,68,0,0.2490517054356096,-0.053984138191671,0.0757060140944521,-0.0068848588944367,-0.0615979610546723,-0.1195037924193337,0.0273740599702407
wine_quality,mlp,lime,69,0,0.2490517054356096,0.1775985111789665,-0.0076845239199361,0.0156580357941191,-0.1371640673893172,-0.1135496933741991,0.0130889372461461
wine_quality,mlp,lime,70,1,0.2490517054356096,0.087867814176952,0.0492273903443876,-0.0127692213414452,0.2034843158626688,0.1044915306679167,-0.1124694574757267
wine_quality,mlp,lime,71,0,0.2490517054356096,0.0841980817432621,-0.1226265600188411,-0.0138498579156859,-0.0512400550963881,-0.1146807231717683,0.0506840559612037
wine_quality,mlp,lime,72,0,0.2490517054356096,-0.0507256375304988,0.045818574811801,0.0136274410844265,-0.1413134353777587,-0.2831589962299827,0.0955924306954376
wine_quality,mlp,lime,73,0,0.2490517054356096,-0.2393090009558819,-0.1253710879236907,0.0067982274989925,0.1849903190455717,-0.2743342500672709,0.0961356888403143
wine_quality,mlp,lime,74,0,0.2490517054356096,-0.0762921061697028,-0.1318629050422992,0.0090897031481504,-0.1408103994368721,-0.1154685221904168,0.0848416918626966
wine_quality,mlp,lime,75,1,0.2490517054356096,0.0744960123998081,0.0146898500616106,-0.0202903565380905,0.198268775328121,0.1150065252947911,-0.104202517000182
wine_quality,mlp,lime,76,1,0.2490517054356096,0.1866495263965002,-0.128257782150517,0.0056580135356399,-0.0489699985939382,0.1174634951194492,-0.0463168131405586
wine_quality,mlp,lime,77,1,0.2490517054356096,0.1937927893056891,0.0378933539506874,0.0050651450473043,0.0264002734065576,0.1102241589745627,-0.102183171013231
wine_quality,mlp,lime,78,0,0.2490517054356096,-0.2339053669971131,0.0112715975910368,-0.0035344369024807,-0.0396635296913022,-0.1155657969206631,0.077848256847268
wine_quality,mlp,lime,79,1,0.2490517054356096,0.185065686416491,0.0725901523356109,0.0049760333404939,-0.1412197957671629,0.1165483278906396,-0.0740241286090003
wine_quality,mlp,lime,80,0,0.2490517054356096,-0.2234303374626801,0.0812437028921043,-0.0184455928567232,-0.1424600535126611,-0.117784594558197,0.0878373407355378
wine_quality,mlp,lime,81,0,0.2490517054356096,0.077011060129089,0.075958799388401,0.0149759347042934,-0.1457514090147303,-0.2854516743186705,0.058058718392465
wine_quality,mlp,lime,82,1,0.2490517054356096,0.085254101245786,0.0400417450141885,0.0027078752259442,-0.0568204812538611,0.1241104433177756,-0.0596973553115522
wine_quality,mlp,lime,83,1,0.2490517054356096,0.0855185165913604,0.0795683416779779,-0.0003732014522698,-0.0599761200710576,0.1147090871820458,-0.0722041077858084
wine_quality,mlp,lime,84,1,0.2490517054356096,-0.2313543664009718,0.050687871448593,-0.0148826108359313,-0.1456634392579316,0.3480253581631427,0.0023079379750017
wine_quality,mlp,lime,85,1,0.2490517054356096,0.0826424322630734,0.001330494347193,-0.0121764418339935,0.0243582460637782,0.3387359844065096,-0.0987953421571462
wine_quality,mlp,lime,86,0,0.2490517054356096,-0.0474237480350404,-0.1201055925275262,0.0243343681092227,-0.1385423351028573,-0.1205770814748674,0.0897459312547767
wine_quality,mlp,lime,87,1,0.2490517054356096,0.1772531563531304,0.0696487964054852,0.0063918480174411,0.1844223470354891,0.3274748534079214,-0.185666592270857
wine_quality,mlp,lime,88,1,0.2490517054356096,0.0824007534619012,-0.13443133756439,0.0218874855301218,0.195072247263197,0.1167488339016694,-0.0798759443936216
wine_quality,mlp,lime,89,1,0.2490517054356096,0.1907679312469218,0.0487544717522023,0.002360998883648,-0.1415996700559759,0.3365668575655324,-0.1042136937871073
wine_quality,mlp,lime,90,0,0.2490517054356096,-0.0490281550732611,-0.1220018097559098,0.0146612797337404,-0.1375710956360115,-0.2844474888529,0.1378069765674399
wine_quality,mlp,lime,91,1,0.2490517054356096,0.0804399586858437,0.0002665253287783,-0.0009079186782045,0.1940534291131577,-0.1210763096496735,-0.0394155928692933
wine_quality,mlp,lime,92,1,0.2490517054356096,0.1762034940130323,0.0726148711286083,-0.0023018023069266,0.0283816242489214,0.3461197307544038,-0.1548075646772007
wine_quality,mlp,lime,93,0,0.2490517054356096,0.081223923745555,-0.1293623152490538,0.0022224645019629,-0.0407829083607873,-0.2824822510536378,0.0817626943298643
wine_quality,mlp,lime,94,1,0.2490517054356096,0.0879306909353602,0.0032483231516653,0.0031889753308211,0.033202213548292,0.3446199784725391,-0.1095571329069755
wine_quality,mlp,lime,95,1,0.2490517054356096,0.0817977804914349,0.0749328012034885,0.0110002276389507,0.0267738898798897,0.3338619052712882,-0.1253278903060176
wine_quality,mlp,lime,96,0,0.2490517054356096,-0.2249907295499303,-0.1366203225290682,-0.0055990367349562,-0.1468989859234136,-0.1224029052535552,0.1461978160777354
wine_quality,mlp,lime,97,0,0.2490517054356096,-0.0587798562363872,0.0768885041590474,-0.0133930144280297,-0.1477943847358239,-0.1108692595070381,0.0578937283621784
wine_quality,mlp,lime,98,1,0.2490517054356096,-0.224407838680747,-0.1239837843009452,-0.0171358145069889,0.1823896922163661,0.3460093187096071,-0.0368484509564481
wine_quality,mlp,lime,99,1,0.2490517054356096,0.079264243135843,0.0854035371582158,0.0031057083076284,-0.1392623576228874,0.327234017909505,-0.0822045420947977
wine_quality,mlp,lime,100,1,0.2490517054356096,-0.218352722867571,0.0797080368721065,-0.0093381736925793,-0.0654083591506535,0.3460623111957033,-0.0328202545150349
wine_quality,mlp,lime,101,0,0.2490517054356096,-0.2380146425985846,0.0707563052673005,-0.0110267272333489,-0.1446483697383189,0.3335085495167608,-0.0007253013202235
wine_quality,mlp,lime,102,1,0.2490517054356096,-0.0519309031385169,-0.1249793253198446,-0.0182414173710841,-0.0632469234718458,0.3499638195257079,-0.0168365003221537
wine_quality,mlp,lime,103,0,0.2490517054356096,-0.2322480712694985,-0.1264758190714953,0.00602947758989,0.023937592331525,0.111302449879323,0.0418311094088766
wine_quality,mlp,lime,104,1,0.2490517054356096,0.2333775763367546,0.0438861817586813,-0.0321552671078668,0.0416284119412913,0.3431803071515515,-0.0938993410699698
wine_quality,mlp,lime,105,1,0.2490517054356096,0.1925726884157862,0.0370019203577028,0.01441749073534,0.1936202085456644,-0.288252729373219,-0.0451780208846798
wine_quality,mlp,lime,106,0,0.2490517054356096,-0.0465370369172903,0.0691190256858028,-0.0018745836604386,-0.1519731588729201,-0.1230804792927331,0.0561156508358898
wine_quality,mlp,lime,107,1,0.2490517054356096,-0.04479790964941,0.0796206102500855,-0.0024702157499019,0.195254681861583,-0.1054051705711161,-0.0392323215955355
wine_quality,mlp,lime,108,0,0.2490517054356096,-0.0530865781611228,0.0094075715173613,0.0044831069993944,-0.0547571314024561,-0.1093729559543723,0.0461050265381546
wine_quality,mlp,lime,109,0,0.2490517054356096,-0.2282121031561607,-0.1291217502433351,0.0109494552181817,-0.1480089910345319,-0.273411823977792,0.1786465926724464
wine_quality,mlp,lime,110,1,0.2490517054356096,-0.0510671292038185,-0.131404950803635,-0.0227351935863011,0.1760283630286103,0.3479260343834475,-0.0708718828502839
wine_quality,mlp,lime,111,1,0.2490517054356096,0.088857965982797,0.0807615452799553,0.0062979057010002,0.1902793173561593,-0.2788775936038126,-0.0350393906811372
wine_quality,mlp,lime,112,0,0.2490517054356096,0.0784262035353274,-0.0016601023272195,-0.0262007434919946,-0.1504271003179544,0.1079887484200974,-0.0124534795021618
wine_quality,mlp,lime,113,0,0.2490517054356096,-0.0648801717758508,0.0038396946679532,0.0068827230190444,-0.0585247785407408,-0.2761588096613596,0.082781696645494
wine_quality,mlp,lime,114,0,0.2490517054356096,0.1858140996661802,-0.1307807496823929,-0.0088302621645586,-0.1412552321025134,-0.277770300325529,0.0817492703278485
wine_quality,mlp,lime,115,0,0.2490517054356096,0.0813360149285775,-0.1276005309000159,0.0025793277984746,-0.0596333171836792,-0.290258436048463,0.0915499102116619
wine_quality,mlp,lime,116,1,0.2490517054356096,0.1773578761710168,0.0470516181748455,0.0076240617730307,0.1971103422311875,0.1141300238770313,-0.145533623468684
wine_quality,mlp,lime,117,1,0.2490517054356096,0.1904804860283728,0.0749242531798824,0.0206422558289276,0.1926554411857602,-0.1229635849477248,-0.0943431034717224
wine_quality,mlp,lime,118,0,0.2490517054356096,0.1934211326172746,0.0317733651503137,0.0073808270498814,-0.0549383353079752,-0.1099162171503384,-0.025346750540712
wine_quality,mlp,lime,119,0,0.2490517054356096,-0.0509865281328975,0.0093974239697089,0.0085985710290626,-0.1347267190152821,-0.3001890003650084,0.1105297217628662
wine_quality,mlp,lime,120,0,0.2490517054356096,-0.0486485228051272,0.0344381069042744,0.0145917625498303,-0.1399817471250581,-0.2775924529247247,0.0978754774694365
wine_quality,mlp,lime,121,1,0.2490517054356096,0.0730966878630793,0.0096298366989687,0.0081154803375749,0.1946109047288893,-0.2880239473698176,-0.0074816122810696
