participantId,trialId,block,trialWithinBlock,withinCondition,xai_method,xai_type,dataId,instanceId,phase,phaseTrialId,sampled_ai_prediction,tested_w_xai,exp_a0_i,exp_a1_i,exp_a2_i,exp_a3_i,exp_a4_i,exp_pred,exp_i_max,exp_intercept,forward_accuracy,agent_prediction,ai_prediction,prob_correct,pred_time,cognitive_correct_vs_ai
1,1,1,1,single_condition,lime,none,wine_quality,922,training,1,1,,1.0,0.5334248806133072,0.041629244047615865,-0.0758267299987601,0.049722996757301456,1.0,0.2089994268747168,0.012579541135799968,,,1,,0.0,
1,2,1,2,single_condition,lime,none,wine_quality,233,training,2,0,,-0.19984775129317778,-1.0,0.49723432971135356,0.14232564841853237,-0.616514335559652,0.0,0.07078138410678454,0.12048120068593025,,,0,,0.0,
1,3,1,3,single_condition,lime,none,wine_quality,326,training,3,1,,1.0,0.5312425176696414,0.27016618495717626,-0.17362599832458395,0.18355682204184084,1.0,0.19483162559991415,0.002467087724159059,,,1,,0.0,
1,4,1,4,single_condition,lime,none,wine_quality,93,training,4,0,,-1.0,0.10676548612168964,0.39901797923557036,0.1780338805243021,-0.22964650784979562,0.0,0.08753946275267682,0.1060670242158402,,,0,,0.0,
1,5,1,1,single_condition,lime,none,wine_quality,950,testing,1,1,False,,,,,,,,,0.0,0.0,1,0.6666666666666666,0.0,False
1,6,1,2,single_condition,lime,none,wine_quality,819,testing,2,0,True,-1.0,-0.7899857660411184,0.16735237230899733,-0.7820137725954741,0.12099367271119787,0.0,0.08200162649628408,0.1404841396352572,1.0,0.0,0,0.6666666666666666,0.0,True
1,7,1,3,single_condition,lime,none,wine_quality,626,testing,3,0,True,-1.0,-0.7476497329553127,0.39340939183299894,-0.22315488484446033,-0.10872490417188824,0.0,0.09785739065097938,0.13172742418328137,1.0,0.0,0,0.6666666666666666,0.0,True
1,8,1,4,single_condition,lime,none,wine_quality,733,testing,4,0,False,,,,,,,,,1.0,0.0,0,0.6666666666666666,0.0,True
1,9,1,5,single_condition,lime,none,wine_quality,1018,testing,5,1,True,1.0,-0.2816970082453574,-0.2879159674926789,0.41952070952447035,0.3159479090660616,1.0,0.21086219554767135,0.028846283356324706,0.0,0.0,1,0.6666666666666666,0.0,False
1,10,1,6,single_condition,lime,none,wine_quality,1205,testing,6,1,False,,,,,,,,,0.0,0.0,1,0.6666666666666666,0.0,False
2,1,1,1,single_condition,lime,attribution,wine_quality,615,training,1,0,,-1.0,-0.41461944261151895,-0.7814727171888552,-0.3975691272206006,-0.5455843705334178,0.0,0.07238373246497472,0.146527823264357,,,0,,0.0,
2,2,1,2,single_condition,lime,attribution,wine_quality,498,training,2,1,,0.43376451356032175,-0.18984384629855675,0.7664413815893611,1.0,0.789295250708092,1.0,0.07938570138715213,0.033915159775607315,,,1,,0.0,
2,3,1,3,single_condition,lime,attribution,wine_quality,1063,training,3,1,,1.0,0.03798195178002869,0.26895296712570393,0.34478012447438156,0.007041830704396541,1.0,0.186790645043529,0.012648709337684486,,,1,,0.0,
2,4,1,4,single_condition,lime,attribution,wine_quality,88,training,4,0,,-1.0,0.41887101984172675,-0.5844741914614165,0.6487992711911377,0.3795118672365957,0.0,0.10250476985249994,0.091335409441884,,,0,,0.0,
2,5,1,1,single_condition,lime,attribution,wine_quality,1586,testing,1,1,False,,,,,,,,,1.0,1.0,1,0.6666666666666666,0.0,True
2,6,1,2,single_condition,lime,attribution,wine_quality,950,testing,2,1,False,,,,,,,,,1.0,1.0,1,0.6666666666666666,0.0,True
2,7,1,3,single_condition,lime,attribution,wine_quality,1490,testing,3,0,True,1.0,-0.15967990384221445,0.28841476216262685,0.4428115750634498,-0.08452365145901727,0.0,0.18511862742418375,0.024950938252539162,0.0,1.0,0,0.6666666666666666,0.0,False
2,8,1,4,single_condition,lime,attribution,wine_quality,532,testing,4,0,True,0.26604964695241035,-0.36854483206891137,-0.07235101712512329,1.0,0.7448043990646606,0.0,0.09861447795133667,0.04908583323112363,0.0,1.0,0,0.6666666666666666,0.0,False
2,9,1,5,single_condition,lime,attribution,wine_quality,882,testing,5,1,False,,,,,,,,,1.0,1.0,1,0.6666666666666666,0.0,True
2,10,1,6,single_condition,lime,attribution,wine_quality,1555,testing,6,0,True,-0.08574129929341233,0.9318136427371524,0.6056390837200168,-0.41394581244034584,-1.0,0.0,0.03247796989583681,0.08998945587267947,0.0,1.0,0,0.6666666666666666,0.0,False
3,1,1,1,single_condition,lime,importance,wine_quality,780,training,1,0,,-1.0,-0.47360044680692936,0.1314042525436563,-0.17770743281056917,0.21463277808909664,0.0,0.11515837214150326,0.13817609751927484,,,0,,0.0,
3,2,1,2,single_condition,lime,importance,wine_quality,1223,training,2,1,,1.0,0.3967170737062052,0.14096325939457252,0.3562938275671437,0.07281613730268495,1.0,0.21708518268945637,-0.010642784624469603,,,1,,0.0,
3,3,1,3,single_condition,lime,importance,wine_quality,1446,training,3,0,,-0.8366897167065648,1.0,0.4603396967097699,-0.3269992414116939,-0.09140267796687705,0.0,0.10506996333435366,0.09224664223386655,,,0,,0.0,
3,4,1,4,single_condition,lime,importance,wine_quality,1585,training,4,1,,1.0,0.39899355775723383,-0.05771368672889586,0.39958288684290977,0.032939965325603754,1.0,0.17761485687583833,0.012768242314277436,,,1,,0.0,
3,5,1,1,single_condition,lime,importance,wine_quality,1120,testing,1,1,True,1.0,0.13084092454609125,0.28616597494088086,-0.14590036814121582,0.13146856543937072,1.0,0.1983950500120257,0.0240664497831483,0.0,0.0,1,0.6666666666666666,0.0,False
3,6,1,2,single_condition,lime,importance,wine_quality,237,testing,2,0,True,-1.0,-0.2873179067419798,-0.1559212937144027,-0.4639910464789534,-0.08987336259846303,0.0,0.1032704179489927,0.14345231572953712,1.0,0.0,0,0.6666666666666666,0.0,True
3,7,1,3,single_condition,lime,importance,wine_quality,875,testing,3,1,False,,,,,,,,,0.0,0.0,1,0.6666666666666666,0.0,False
3,8,1,4,single_condition,lime,importance,wine_quality,79,testing,4,0,False,,,,,,,,,1.0,0.0,0,0.6666666666666666,0.0,True
3,9,1,5,single_condition,lime,importance,wine_quality,1337,testing,5,0,False,,,,,,,,,1.0,0.0,0,0.6666666666666666,0.0,True
3,10,1,6,single_condition,lime,importance,wine_quality,1132,testing,6,1,True,1.0,0.502801910431578,-0.10292170685655061,0.2934814378375174,-0.019962479611988635,1.0,0.2291874566251291,0.004867635142377022,0.0,0.0,1,0.6666666666666666,0.0,False
4,1,1,1,single_condition,shap,none,wine_quality,752,training,1,0,,-1.0,-0.3270475183955391,-0.5324114343284013,-0.07212942696423735,-0.1577206367275914,0.0,0.06506365445807569,0.13610758178750273,,,0,,0.0,
4,2,1,2,single_condition,shap,none,wine_quality,1497,training,2,0,,1.0,-0.4094044365668982,0.17810769882347222,-0.8149431626882324,-0.24393198245133219,0.0,0.07051498287387772,0.13610758178750273,,,0,,0.0,
4,3,1,3,single_condition,shap,none,wine_quality,341,training,3,1,,0.9600957727019326,1.0,0.4184749093288789,0.26549648569979994,0.13991700622135267,1.0,0.14857894626142878,0.13610758178750273,,,1,,0.0,
4,4,1,4,single_condition,shap,none,wine_quality,1015,training,4,1,,1.0,0.6729252448022365,0.33474735655680077,0.4116975834050974,0.4134171263847083,1.0,0.20578428932914675,0.13610758178750273,,,1,,0.0,
4,5,1,1,single_condition,shap,none,wine_quality,1061,testing,1,1,True,1.0,0.3019782343214257,0.4713963318296485,0.197539540550356,0.19353658018787556,1.0,0.2552356493871182,0.13610758178750273,1.0,1.0,1,0.6666666666666666,0.0,True
4,6,1,2,single_condition,shap,none,wine_quality,588,testing,2,1,False,,,,,,,,,1.0,1.0,1,0.6666666666666666,0.0,True
4,7,1,3,single_condition,shap,none,wine_quality,950,testing,3,1,True,1.0,0.5209027360908555,0.3169998886609152,0.5320230520696715,-0.14107916496768264,1.0,0.2944526395122611,0.13610758178750273,1.0,1.0,1,0.6666666666666666,0.0,True
4,8,1,4,single_condition,shap,none,wine_quality,1555,testing,4,0,True,-0.4700497592332444,0.750076257644557,1.0,-0.2932536857495353,-0.9116462698076795,0.0,0.02384688321975408,0.13610758178750273,0.0,1.0,0,0.6666666666666666,0.0,False
4,9,1,5,single_condition,shap,none,wine_quality,1552,testing,5,0,False,,,,,,,,,0.0,1.0,0,0.6666666666666666,0.0,False
4,10,1,6,single_condition,shap,none,wine_quality,90,testing,6,0,False,,,,,,,,,0.0,1.0,0,0.6666666666666666,0.0,False
5,1,1,1,single_condition,shap,attribution,wine_quality,351,training,1,0,,-1.0,0.3080958282681664,0.06975971821531093,-0.36629225206997323,-0.06426610022969714,0.0,0.12846427720376172,0.13610758178750273,,,0,,0.0,
5,2,1,2,single_condition,shap,attribution,wine_quality,1514,training,2,0,,-1.0,0.1664342155320312,-0.2806527385310246,-0.2624645080097621,-0.131426162665568,0.0,0.09025035554770905,0.13610758178750273,,,0,,0.0,
5,3,1,3,single_condition,shap,attribution,wine_quality,952,training,3,1,,1.0,0.4812403589084015,0.9379928783481478,0.7498230793400092,-0.029116888396864223,1.0,0.11832366598487964,0.13610758178750273,,,1,,0.0,
5,4,1,4,single_condition,shap,attribution,wine_quality,583,training,4,1,,-0.3257759197744599,0.062023494660410725,0.044056864755618666,0.8921450118869673,1.0,1.0,0.22812738430772986,0.13610758178750273,,,1,,0.0,
5,5,1,1,single_condition,shap,attribution,wine_quality,27,testing,1,0,False,,,,,,,,,0.0,1.0,0,0.6666666666666666,0.0,False
5,6,1,2,single_condition,shap,attribution,wine_quality,687,testing,2,0,True,-1.0,-0.528840641982778,0.047028960938405244,-0.35140124204024564,-0.018456047803859416,0.0,0.06020822604955645,0.13610758178750273,1.0,0.0,0,0.6666666666666666,0.0,True
5,7,1,3,single_condition,shap,attribution,wine_quality,1132,testing,3,1,False,,,,,,,,,0.0,0.0,1,0.6666666666666666,0.0,False
5,8,1,4,single_condition,shap,attribution,wine_quality,882,testing,4,1,True,1.0,0.6729025071690822,0.3317376331236554,0.299731531530335,0.12839001321668217,1.0,0.2362039004460372,0.13610758178750273,1.0,1.0,1,0.6666666666666666,0.0,True
5,9,1,5,single_condition,shap,attribution,wine_quality,243,testing,5,0,False,,,,,,,,,0.0,1.0,0,0.6666666666666666,0.0,False
5,10,1,6,single_condition,shap,attribution,wine_quality,1125,testing,6,1,True,0.8139649647693049,-0.29461529831728983,-0.019045831632382736,1.0,0.7724090149672669,1.0,0.17783402219058003,0.13610758178750273,1.0,1.0,1,0.6666666666666666,0.0,True
6,1,1,1,single_condition,shap,importance,wine_quality,874,training,1,1,,1.0,0.09695595716903596,0.46670944092125144,0.427376679608815,0.46769498466323167,1.0,0.2347870935669571,0.13610758178750273,,,1,,0.0,
6,2,1,2,single_condition,shap,importance,wine_quality,1090,training,2,1,,0.4129056074786999,0.020486880480497235,-0.09789270807541263,0.9969720557640184,1.0,1.0,0.3372669236909071,0.13610758178750273,,,1,,0.0,
6,3,1,3,single_condition,shap,importance,wine_quality,944,training,3,0,,1.0,-0.052129089271592266,0.37316293281910434,0.38043063224540513,0.06883445671253952,0.0,0.18636193815703672,0.13610758178750273,,,0,,0.0,
6,4,1,4,single_condition,shap,importance,wine_quality,1353,training,4,0,,-0.3648043981872534,-1.0,-0.2540392121182782,-0.19028807673720347,-0.08833721907054672,0.0,0.06660210626888759,0.13610758178750273,,,0,,0.0,
6,5,1,1,single_condition,shap,importance,wine_quality,521,testing,1,0,False,,,,,,,,,1.0,0.0,0,0.6666666666666666,0.0,True
6,6,1,2,single_condition,shap,importance,wine_quality,470,testing,2,1,True,0.2603463730219207,-0.08988218330043493,0.052513261193753796,0.7823160798493111,1.0,1.0,0.20912531416666952,0.13610758178750273,0.0,0.0,1,0.6666666666666666,0.0,False
6,7,1,3,single_condition,shap,importance,wine_quality,1586,testing,3,1,False,,,,,,,,,0.0,0.0,1,0.6666666666666666,0.0,False
6,8,1,4,single_condition,shap,importance,wine_quality,559,testing,4,0,True,1.0,0.2178064246047145,-0.3276877599436077,-0.15627558848135237,-0.06805355288182377,0.0,0.12765994798611371,0.13610758178750273,1.0,0.0,0,0.6666666666666666,0.0,True
6,9,1,5,single_condition,shap,importance,wine_quality,928,testing,5,0,True,0.7721345809753649,1.0,0.32134353216713457,0.06179390688911178,0.1427124051117376,0.0,0.14468035422182646,0.13610758178750273,1.0,0.0,0,0.6666666666666666,0.0,True
6,10,1,6,single_condition,shap,importance,wine_quality,1018,testing,6,1,False,,,,,,,,,0.0,0.0,1,0.6666666666666666,0.0,False
7,1,1,1,single_condition,integrated_gradients,none,wine_quality,371,training,1,0,,-1.0,0.2776529853517485,0.18456415101318832,-0.08557919061973239,-0.01979681056134051,0.0,0.2062566876411438,0.11934235692024231,,,0,,0.0,
7,2,1,2,single_condition,integrated_gradients,none,wine_quality,604,training,2,0,,-1.0,-0.1690736732403399,-0.16528261499969318,-0.13620207810022625,-0.10390357622867911,0.0,0.07528021931648254,0.11934235692024231,,,0,,0.0,
7,3,1,3,single_condition,integrated_gradients,none,wine_quality,840,training,3,1,,0.8275649267163795,1.0,0.372890743745404,-0.012961592029215029,0.24985493675921927,1.0,0.21499678492546082,0.11934235692024231,,,1,,0.0,
7,4,1,4,single_condition,integrated_gradients,none,wine_quality,837,training,4,1,,0.3188363895001028,0.45075904217952756,0.5289532488214808,1.0,0.2324867686377383,1.0,0.34002795815467834,0.11934235692024231,,,1,,0.0,
7,5,1,1,single_condition,integrated_gradients,none,wine_quality,1172,testing,1,1,True,1.0,0.6567458212961618,0.6419196250879587,0.060770374101252106,0.14322338121153724,1.0,0.2266080230474472,0.11934235692024231,0.0,0.0,1,0.6666666666666666,0.0,False
7,6,1,2,single_condition,integrated_gradients,none,wine_quality,448,testing,2,0,True,-0.16390170878948015,-1.0,0.031314449509020945,-0.00468428647164932,-0.010456689747619652,0.0,0.06896102428436279,0.11934235692024231,1.0,0.0,0,0.6666666666666666,0.0,True
7,7,1,3,single_condition,integrated_gradients,none,wine_quality,981,testing,3,0,False,,,,,,,,,1.0,0.0,0,0.6666666666666666,0.0,True
7,8,1,4,single_condition,integrated_gradients,none,wine_quality,1070,testing,4,1,True,0.8719847101938584,1.0,0.1275301113870861,0.17474285753089092,0.57943996043225,1.0,0.16019000113010406,0.11934235692024231,0.0,0.0,1,0.6666666666666666,0.0,False
7,9,1,5,single_condition,integrated_gradients,none,wine_quality,940,testing,5,1,False,,,,,,,,,0.0,0.0,1,0.6666666666666666,0.0,False
7,10,1,6,single_condition,integrated_gradients,none,wine_quality,244,testing,6,0,False,,,,,,,,,1.0,0.0,0,0.6666666666666666,0.0,True
8,1,1,1,single_condition,integrated_gradients,attribution,wine_quality,375,training,1,1,,1.0,0.3872617535603315,-0.028084910733607183,-0.042935300418390235,0.26731031811188755,1.0,0.3726659417152405,0.11934235692024231,,,1,,0.0,
8,2,1,2,single_condition,integrated_gradients,attribution,wine_quality,949,training,2,1,,0.9292463754867129,1.0,0.8713253344314483,0.691984394022342,-0.3251052284783838,1.0,0.21418516337871552,0.11934235692024231,,,1,,0.0,
8,3,1,3,single_condition,integrated_gradients,attribution,wine_quality,1064,training,3,0,,1.0,-0.7420893719154926,0.0006706700990090109,-0.721269891429657,-0.01874578469207279,0.0,0.11043596267700195,0.11934235692024231,,,0,,0.0,
8,4,1,4,single_condition,integrated_gradients,attribution,wine_quality,534,training,4,0,,-0.3204853017941698,-1.0,0.015151946640101934,0.08529592417102291,0.017936728472097204,0.0,0.06597001850605011,0.11934235692024231,,,0,,0.0,
8,5,1,1,single_condition,integrated_gradients,attribution,wine_quality,940,testing,1,1,True,0.8349381680756318,1.0,0.7107517363051021,0.02288573180290761,-0.16444487487917717,1.0,0.231907919049263,0.11934235692024231,1.0,1.0,1,0.6666666666666666,0.0,True
8,6,1,2,single_condition,integrated_gradients,attribution,wine_quality,532,testing,2,0,False,,,,,,,,,0.0,1.0,0,0.6666666666666666,0.0,False
8,7,1,3,single_condition,integrated_gradients,attribution,wine_quality,554,testing,3,0,True,0.8983263252332775,0.622445295819325,-0.28550101774012904,-1.0,0.5330596870072835,0.0,0.10766934603452682,0.11934235692024231,0.0,1.0,0,0.6666666666666666,0.0,False
8,8,1,4,single_condition,integrated_gradients,attribution,wine_quality,1061,testing,4,1,True,1.0,0.3341073338133243,0.9004694859354115,0.06405742099327881,0.457882879556958,1.0,0.2068609744310379,0.11934235692024231,1.0,1.0,1,0.6666666666666666,0.0,True
8,9,1,5,single_condition,integrated_gradients,attribution,wine_quality,382,testing,5,0,False,,,,,,,,,0.0,1.0,0,0.6666666666666666,0.0,False
8,10,1,6,single_condition,integrated_gradients,attribution,wine_quality,1267,testing,6,1,False,,,,,,,,,1.0,1.0,1,0.6666666666666666,0.0,True
9,1,1,1,single_condition,integrated_gradients,importance,wine_quality,805,training,1,1,,0.9319614795110971,0.3581201989484964,1.0,0.18440140280784115,-0.05673348279975602,1.0,0.2597937285900116,0.11934235692024231,,,1,,0.0,
9,2,1,2,single_condition,integrated_gradients,importance,wine_quality,974,training,2,0,,0.7944340494735703,-0.3583818980623348,1.0,0.15452791856425888,0.04442352178367685,0.0,0.2142600417137146,0.11934235692024231,,,0,,0.0,
9,3,1,3,single_condition,integrated_gradients,importance,wine_quality,1098,training,3,1,,1.0,0.9858193387688852,0.6990772555232383,0.16283559677114284,0.5447793914642394,1.0,0.20703977346420288,0.11934235692024231,,,1,,0.0,
9,4,1,4,single_condition,integrated_gradients,importance,wine_quality,809,training,4,0,,-0.1040333239686133,-1.0,-0.04531033845710015,0.10946153981908545,0.029351463681259207,0.0,0.07303617149591446,0.11934235692024231,,,0,,0.0,
9,5,1,1,single_condition,integrated_gradients,importance,wine_quality,495,testing,1,1,False,,,,,,,,,0.0,0.0,1,0.6666666666666666,0.0,False
9,6,1,2,single_condition,integrated_gradients,importance,wine_quality,267,testing,2,1,True,0.4773586195545046,1.0,0.16283336825947853,0.010118779174943342,-0.06096933794964076,1.0,0.38711172342300415,0.11934235692024231,0.0,0.0,1,0.6666666666666666,0.0,False
9,7,1,3,single_condition,integrated_gradients,importance,wine_quality,1405,testing,3,1,True,0.9968398464414572,1.0,0.11538447491471589,0.1203017508382322,0.09498394222431711,1.0,0.1927814781665802,0.11934235692024231,0.0,0.0,1,0.6666666666666666,0.0,False
9,8,1,4,single_condition,integrated_gradients,importance,wine_quality,528,testing,4,0,True,-1.0,0.1872528461525386,-0.13561593679734454,0.006900195628209306,-0.07370537270068413,0.0,0.12141295522451401,0.11934235692024231,1.0,0.0,0,0.6666666666666666,0.0,True
9,9,1,5,single_condition,integrated_gradients,importance,wine_quality,1176,testing,5,0,False,,,,,,,,,1.0,0.0,0,0.6666666666666666,0.0,True
9,10,1,6,single_condition,integrated_gradients,importance,wine_quality,1188,testing,6,0,False,,,,,,,,,1.0,0.0,0,0.6666666666666666,0.0,True
10,1,1,1,single_condition,input_gradients,none,wine_quality,1067,training,1,1,,1.0,-0.13932209825098185,0.0012294441015732209,-0.04490839383788369,0.04614112812404621,1.0,0.34878408908843994,0.0,,,1,,0.0,
10,2,1,2,single_condition,input_gradients,none,wine_quality,407,training,2,0,,1.0,0.7575066703227709,-0.27234783436477095,-0.3960313404252709,-0.1985019933009954,0.0,0.434849351644516,0.0,,,0,,0.0,
10,3,1,3,single_condition,input_gradients,none,wine_quality,966,training,3,1,,1.0,0.6754059297512647,0.011003425029470246,-0.29349449691181984,-0.0615423123871295,1.0,0.33189821243286133,0.0,,,1,,0.0,
10,4,1,4,single_condition,input_gradients,none,wine_quality,633,training,4,0,,0.9216472889311385,-0.08845013748269186,-1.0,-0.749026902819401,-0.17468510854889824,0.0,0.03583367541432381,0.0,,,0,,0.0,
10,5,1,1,single_condition,input_gradients,none,wine_quality,1399,testing,1,0,True,1.0,0.6226167182777341,0.09757846487317728,-0.7777081866652753,0.2653652388026049,0.0,0.3889928162097931,0.0,0.0,1.0,0,0.6666666666666666,0.0,False
10,6,1,2,single_condition,input_gradients,none,wine_quality,1586,testing,2,1,True,-0.04085306823282713,1.0,-0.13893230776097676,0.000744093249845314,0.2086330827997025,1.0,1.3193578720092773,0.0,0.0,0.0,1,0.6666666666666666,0.0,False
10,7,1,3,single_condition,input_gradients,none,wine_quality,1070,testing,3,1,True,1.0,-0.5489506351051219,-0.11454849671491638,-0.07005530919384355,-0.2950553713250431,1.0,0.5756011009216309,0.0,1.0,1.0,1,0.6666666666666666,0.0,True
10,8,1,4,single_condition,input_gradients,none,wine_quality,1405,testing,4,1,False,,,,,,,,,1.0,1.0,1,0.6666666666666666,0.0,True
10,9,1,5,single_condition,input_gradients,none,wine_quality,1130,testing,5,0,False,,,,,,,,,0.0,1.0,0,0.6666666666666666,0.0,False
10,10,1,6,single_condition,input_gradients,none,wine_quality,366,testing,6,0,False,,,,,,,,,0.0,1.0,0,0.6666666666666666,0.0,False
11,1,1,1,single_condition,input_gradients,attribution,wine_quality,1258,training,1,0,,0.6611469665245879,1.0,-0.11061935414725058,-0.3817728970419508,-0.2980373653439619,0.0,0.23302146792411804,0.0,,,0,,0.0,
11,2,1,2,single_condition,input_gradients,attribution,wine_quality,198,training,2,1,,1.0,-0.14396056641210012,-0.762437386417504,-0.3236453368347691,-0.16489718641699078,1.0,2.601283073425293,0.0,,,1,,0.0,
11,3,1,3,single_condition,input_gradients,attribution,wine_quality,1067,training,3,1,,1.0,-0.13932209825098185,0.0012294441015732209,-0.04490839383788369,0.04614112812404621,1.0,0.34878408908843994,0.0,,,1,,0.0,
11,4,1,4,single_condition,input_gradients,attribution,wine_quality,26,training,4,0,,0.651432068085416,1.0,0.0,-0.5390797693956603,0.640421884729398,0.0,0.017819346860051155,0.0,,,0,,0.0,
11,5,1,1,single_condition,input_gradients,attribution,wine_quality,765,testing,1,0,False,,,,,,,,,1.0,0.0,0,0.6666666666666666,0.0,True
11,6,1,2,single_condition,input_gradients,attribution,wine_quality,1330,testing,2,0,False,,,,,,,,,1.0,0.0,0,0.6666666666666666,0.0,True
11,7,1,3,single_condition,input_gradients,attribution,wine_quality,1107,testing,3,1,True,1.0,0.04873838172286481,-0.06584735452135256,-0.038751175396224136,-0.3745662505932348,1.0,0.504630446434021,0.0,0.0,0.0,1,0.6666666666666666,0.0,False
11,8,1,4,single_condition,input_gradients,attribution,wine_quality,267,testing,4,1,True,1.0,0.5855840803383696,-0.2841847248012962,-0.21490503309610104,-0.49491594083852786,1.0,0.4088216722011566,0.0,0.0,0.0,1,0.6666666666666666,0.0,False
11,9,1,5,single_condition,input_gradients,attribution,wine_quality,772,testing,5,0,False,,,,,,,,,1.0,0.0,0,0.6666666666666666,0.0,True
11,10,1,6,single_condition,input_gradients,attribution,wine_quality,947,testing,6,1,True,-0.04033526501517837,1.0,-0.017412164514265648,-0.0029845257007407667,-0.06223840393086152,1.0,0.30160921812057495,0.0,0.0,0.0,1,0.6666666666666666,0.0,False
12,1,1,1,single_condition,input_gradients,importance,wine_quality,919,training,1,1,,0.42472271563056607,0.9002899914819427,0.8313089420237534,1.0,0.7548527663263919,1.0,0.36628130078315735,0.0,,,1,,0.0,
12,2,1,2,single_condition,input_gradients,importance,wine_quality,673,training,2,0,,0.09573757678222977,0.11413006526731319,0.011076701339564116,-1.0,0.04593128592487624,0.0,0.01925906538963318,0.0,,,0,,0.0,
12,3,1,3,single_condition,input_gradients,importance,wine_quality,1015,training,3,1,,1.0,0.10482924847637327,-0.11051772983531616,-0.10543563140290159,-0.0,1.0,0.2854897379875183,0.0,,,1,,0.0,
12,4,1,4,single_condition,input_gradients,importance,wine_quality,1372,training,4,0,,0.0,-1.0,-0.7941435212488953,-0.6164686866339917,0.03454921114228186,0.0,1.1987729919837875e-07,0.0,,,0,,0.0,
12,5,1,1,single_condition,input_gradients,importance,wine_quality,1555,testing,1,0,False,,,,,,,,,0.0,1.0,0,0.6666666666666666,0.0,False
12,6,1,2,single_condition,input_gradients,importance,wine_quality,1120,testing,2,1,False,,,,,,,,,1.0,1.0,1,0.6666666666666666,0.0,True
12,7,1,3,single_condition,input_gradients,importance,wine_quality,1586,testing,3,1,True,-0.04085306823282713,1.0,-0.13893230776097676,0.000744093249845314,0.2086330827997025,1.0,1.3193578720092773,0.0,1.0,1.0,1,0.6666666666666666,0.0,True
12,8,1,4,single_condition,input_gradients,importance,wine_quality,362,testing,4,0,True,0.208060906843856,1.0,-0.1634650839401389,-0.7377719242133423,-0.017991558370955837,0.0,0.02994539961218834,0.0,0.0,1.0,0,0.6666666666666666,0.0,False
12,9,1,5,single_condition,input_gradients,importance,wine_quality,505,testing,5,1,True,0.3001876746053494,1.0,-0.26312649438429075,-0.7345299233108386,-0.3412055265207612,1.0,0.1656380593776703,0.0,1.0,1.0,1,0.6666666666666666,0.0,True
12,10,1,6,single_condition,input_gradients,importance,wine_quality,501,testing,6,0,False,,,,,,,,,0.0,1.0,0,0.6666666666666666,0.0,False
13,1,1,1,single_condition,lime,none,wine_quality,898,training,1,1,,1.0,0.4056602670558412,-0.024414388141638203,0.36493314497442025,0.008124589913259771,1.0,0.18726133978108836,0.004328339043370308,,,1,,0.0,
13,2,1,2,single_condition,lime,none,wine_quality,633,training,2,0,,1.0,0.12246609734761023,-0.5153133415169953,-0.3355025414466757,-0.20640941220153278,0.0,0.18489273858817468,0.08945912460413163,,,0,,0.0,
13,3,1,3,single_condition,lime,none,wine_quality,179,training,3,0,,-1.0,-0.3887163008538777,0.012227091822560418,-0.1542073350647205,0.17544556414875528,0.0,0.09417333640214838,0.11525771347753319,,,0,,0.0,
13,4,1,4,single_condition,lime,none,wine_quality,1477,training,4,1,,1.0,0.4436996440677451,-0.35451580531118093,0.09967238374328449,-0.1530846784957922,1.0,0.2090441890977976,0.040864616924671374,,,1,,0.0,
13,5,1,1,single_condition,lime,none,wine_quality,1125,testing,1,1,False,,,,,,,,,0.0,0.0,1,0.6666666666666666,0.0,False
13,6,1,2,single_condition,lime,none,wine_quality,377,testing,2,1,True,1.0,0.6119236759242317,0.32084298235388936,0.32026852183621,0.0897697182276162,1.0,0.19935884867613213,-0.0244822267496725,0.0,0.0,1,0.6666666666666666,0.0,False
13,7,1,3,single_condition,lime,none,wine_quality,1519,testing,3,0,False,,,,,,,,,1.0,0.0,0,0.6666666666666666,0.0,True
13,8,1,4,single_condition,lime,none,wine_quality,1263,testing,4,0,True,-1.0,-0.7542072623456134,0.4493808484435029,-0.5799768946076854,-0.240664633470461,0.0,0.05964325091464215,0.11483559883000492,1.0,0.0,0,0.6666666666666666,0.0,True
13,9,1,5,single_condition,lime,none,wine_quality,505,testing,5,1,True,1.0,0.4051535861380559,0.17204135239203427,-0.0834933557274308,0.21612077150628145,1.0,0.18890865406466728,0.013531556741824657,0.0,0.0,1,0.6666666666666666,0.0,False
13,10,1,6,single_condition,lime,none,wine_quality,1121,testing,6,0,False,,,,,,,,,1.0,0.0,0,0.6666666666666666,0.0,True
14,1,1,1,single_condition,lime,attribution,wine_quality,931,training,1,0,,-1.0,-0.0717728318358752,0.13635551239646834,-0.2628468429954946,-0.4597609975101716,0.0,0.07670070640121944,0.12213997707179015,,,0,,0.0,
14,2,1,2,single_condition,lime,attribution,wine_quality,583,training,2,1,,-1.0,0.3579912891421478,0.9871360425717729,0.9733949905735533,0.5472354992630671,1.0,0.07607081640140927,0.05350716458210247,,,1,,0.0,
14,3,1,3,single_condition,lime,attribution,wine_quality,128,training,3,0,,-0.23735936169697627,1.0,0.4481475193085278,0.0008455069978174942,-0.5714887212062699,0.0,0.08559517394602383,0.07960203170470287,,,0,,0.0,
14,4,1,4,single_condition,lime,attribution,wine_quality,606,training,4,1,,1.0,0.43028586379450634,0.27627784322275173,0.0037576533847622734,0.003696966447420358,1.0,0.2357330516829126,-0.002974541343282372,,,1,,0.0,
14,5,1,1,single_condition,lime,attribution,wine_quality,1341,testing,1,0,False,,,,,,,,,0.0,1.0,0,0.6666666666666666,0.0,False
14,6,1,2,single_condition,lime,attribution,wine_quality,961,testing,2,0,False,,,,,,,,,0.0,1.0,0,0.6666666666666666,0.0,False
14,7,1,3,single_condition,lime,attribution,wine_quality,1172,testing,3,1,True,1.0,0.46127985874106386,0.20274420300258164,0.020190694469523925,0.0512281381465234,1.0,0.18802475743907032,0.017297977215855007,1.0,1.0,1,0.6666666666666666,0.0,True
14,8,1,4,single_condition,lime,attribution,wine_quality,1120,testing,4,1,False,,,,,,,,,1.0,1.0,1,0.6666666666666666,0.0,True
14,9,1,5,single_condition,lime,attribution,wine_quality,1016,testing,5,1,True,1.0,0.5521110310413974,0.16082424704795914,0.4559249206045227,0.004517175208741,1.0,0.18456715532761875,-0.0016061543787671828,1.0,1.0,1,0.6666666666666666,0.0,True
14,10,1,6,single_condition,lime,attribution,wine_quality,122,testing,6,0,True,-1.0,-0.6512087125117849,0.33388733034095186,-0.5564423072774929,-0.14828153913311243,0.0,0.0910858159673164,0.12927230689311628,0.0,1.0,0,0.6666666666666666,0.0,False
15,1,1,1,single_condition,lime,importance,wine_quality,1566,training,1,0,,1.0,0.16962819849167476,-0.18672983731669549,0.40645633535006587,-0.11355715522591553,0.0,0.1882117294257884,0.030363985517180975,,,0,,0.0,
15,2,1,2,single_condition,lime,importance,wine_quality,966,training,2,1,,1.0,-0.20338041651174552,0.22251729015876337,0.5171965462938465,0.35097622425775515,1.0,0.18005282788591215,0.003886094851341393,,,1,,0.0,
15,3,1,3,single_condition,lime,importance,wine_quality,952,training,3,1,,1.0,0.1337105821587114,0.31147349266822766,0.2966718929496695,-0.055963252989261705,1.0,0.20062978904821474,0.006981443631867548,,,1,,0.0,
15,4,1,4,single_condition,lime,importance,wine_quality,391,training,4,0,,-1.0,0.9075251082952102,0.05693342132835671,0.14104675262881697,0.36214640090121136,0.0,0.08373014686931628,0.07844964892240339,,,0,,0.0,
15,5,1,1,single_condition,lime,importance,wine_quality,456,testing,1,0,True,0.1427531281640881,-0.9894831656039077,1.0,-0.8228789408006625,-0.3831340134509631,0.0,0.046837113762920525,0.10637104128416948,0.0,1.0,0,0.6666666666666666,0.0,False
15,6,1,2,single_condition,lime,importance,wine_quality,431,testing,2,0,True,-1.0,-0.27612441725808284,-0.341276938937847,-0.17771211193882255,-0.09840413103098491,0.0,0.12112117254077628,0.1647923444492157,1.0,0.0,0,0.6666666666666666,0.0,True
15,7,1,3,single_condition,lime,importance,wine_quality,439,testing,3,0,True,-1.0,-0.4007550883078349,-0.04909140964982756,-0.128609660409096,0.4130496658173763,0.0,0.1053625662223819,0.12941560733333746,1.0,0.0,0,0.6666666666666666,0.0,True
15,8,1,4,single_condition,lime,importance,wine_quality,947,testing,4,1,False,,,,,,,,,1.0,1.0,1,0.6666666666666666,0.0,True
15,9,1,5,single_condition,lime,importance,wine_quality,377,testing,5,1,False,,,,,,,,,1.0,1.0,1,0.6666666666666666,0.0,True
15,10,1,6,single_condition,lime,importance,wine_quality,470,testing,6,1,False,,,,,,,,,0.0,0.0,1,0.6666666666666666,0.0,False
16,1,1,1,single_condition,shap,none,wine_quality,1335,training,1,0,,1.0,-0.03664597048077841,-0.06712496784474743,-0.25828614969385805,-0.29466499061641865,0.0,0.11973611327361083,0.13610758178750273,,,0,,0.0,
16,2,1,2,single_condition,shap,none,wine_quality,455,training,2,1,,1.0,0.3385149264933421,0.49254420323085996,-0.10754623835140806,0.17730243726876285,1.0,0.23201854392963217,0.13610758178750273,,,1,,0.0,
16,3,1,3,single_condition,shap,none,wine_quality,1523,training,3,0,,-0.40527274100588095,-0.9737892367747597,-1.0,-0.045713288540689616,-0.18402224770105333,0.0,0.03621510512088113,0.13610758178750273,,,0,,0.0,
16,4,1,4,single_condition,shap,none,wine_quality,1584,training,4,1,,0.9510981631597594,1.0,0.2517804212608261,0.26693852948725993,-0.0020856355035633084,1.0,0.1896271293087106,0.13610758178750273,,,1,,0.0,
16,5,1,1,single_condition,shap,none,wine_quality,1125,testing,1,1,False,,,,,,,,,1.0,1.0,1,0.6666666666666666,0.0,True
16,6,1,2,single_condition,shap,none,wine_quality,513,testing,2,1,True,1.0,0.20048815296811265,0.45201138184357537,0.024530834925284906,0.3809534335863236,1.0,0.20518300764262484,0.13610758178750273,1.0,1.0,1,0.6666666666666666,0.0,True
16,7,1,3,single_condition,shap,none,wine_quality,61,testing,3,0,True,-0.8741028730611407,0.15117209420238545,-1.0,-0.3259074612610286,-0.03078008921127596,0.0,0.06544834588867446,0.13610758178750273,1.0,0.0,0,0.6666666666666666,0.0,True
16,8,1,4,single_condition,shap,none,wine_quality,450,testing,4,0,False,,,,,,,,,0.0,1.0,0,0.6666666666666666,0.0,False
16,9,1,5,single_condition,shap,none,wine_quality,1405,testing,5,1,False,,,,,,,,,1.0,1.0,1,0.6666666666666666,0.0,True
16,10,1,6,single_condition,shap,none,wine_quality,452,testing,6,0,True,-1.0,-0.20665613715378156,0.19414229103861008,-0.11717269225260792,-0.4330289734648012,0.0,0.04725217865846698,0.13610758178750273,0.0,1.0,0,0.6666666666666666,0.0,False
17,1,1,1,single_condition,shap,attribution,wine_quality,874,training,1,1,,1.0,0.09695595716903596,0.46670944092125144,0.427376679608815,0.46769498466323167,1.0,0.2347870935669571,0.13610758178750273,,,1,,0.0,
17,2,1,2,single_condition,shap,attribution,wine_quality,802,training,2,1,,1.0,0.726336547328702,-0.08975635907573629,0.03613683705282272,0.3553581511091161,1.0,0.4036888141666362,0.13610758178750273,,,1,,0.0,
17,3,1,3,single_condition,shap,attribution,wine_quality,923,training,3,0,,-1.0,-0.2929278006653841,-0.12375916718934404,0.05095613443898196,-0.43688676476860555,0.0,0.03661177905487945,0.13610758178750273,,,0,,0.0,
17,4,1,4,single_condition,shap,attribution,wine_quality,1471,training,4,0,,0.7032275475816737,-1.0,0.17790137463068018,-0.23508607582421365,-0.1422597968018089,0.0,0.1420166443556277,0.13610758178750273,,,0,,0.0,
17,5,1,1,single_condition,shap,attribution,wine_quality,1070,testing,1,1,True,0.7253893439442038,1.0,0.23474572153881135,0.4187731442417863,0.16778030193523458,1.0,0.167810983964313,0.13610758178750273,0.0,0.0,1,0.6666666666666666,0.0,False
17,6,1,2,single_condition,shap,attribution,wine_quality,1365,testing,2,0,True,-1.0,-0.18214287844719046,-0.009522321970267207,-0.041254966108151436,0.12457810425222539,0.0,0.08381100659925653,0.13610758178750273,1.0,0.0,0,0.6666666666666666,0.0,True
17,7,1,3,single_condition,shap,attribution,wine_quality,513,testing,3,1,False,,,,,,,,,0.0,0.0,1,0.6666666666666666,0.0,False
17,8,1,4,single_condition,shap,attribution,wine_quality,1205,testing,4,1,True,0.5953832247975698,1.0,0.23265244804294596,0.12085257094139507,0.005096358107544662,1.0,0.21276493113562484,0.13610758178750273,0.0,0.0,1,0.6666666666666666,0.0,False
17,9,1,5,single_condition,shap,attribution,wine_quality,410,testing,5,0,False,,,,,,,,,1.0,0.0,0,0.6666666666666666,0.0,True
17,10,1,6,single_condition,shap,attribution,wine_quality,1438,testing,6,0,False,,,,,,,,,1.0,0.0,0,0.6666666666666666,0.0,True
18,1,1,1,single_condition,shap,importance,wine_quality,504,training,1,1,,0.7922316040938221,1.0,0.7815540076466797,0.9824024977532988,0.6226170156477459,1.0,0.08894163291701487,0.13610758178750273,,,1,,0.0,
18,2,1,2,single_condition,shap,importance,wine_quality,32,training,2,0,,-0.6164465382070106,-0.02245201477740594,-1.0,-0.2894010705834466,0.01533909131279755,0.0,0.07115018086711342,0.13610758178750273,,,0,,0.0,
18,3,1,3,single_condition,shap,importance,wine_quality,615,training,3,0,,-1.0,-0.5653564083369328,-0.5741641629436522,-0.12489265848257233,-0.317923213619249,0.0,0.052684003609136026,0.13610758178750273,,,0,,0.0,
18,4,1,4,single_condition,shap,importance,wine_quality,966,training,4,1,,1.0,-0.2770211759304984,0.5146662703479798,0.44780212216677673,0.545081402428618,1.0,0.2160406083218776,0.13610758178750273,,,1,,0.0,
18,5,1,1,single_condition,shap,importance,wine_quality,559,testing,1,0,True,1.0,0.2178064246047145,-0.3276877599436077,-0.15627558848135237,-0.06805355288182377,0.0,0.12765994798611371,0.13610758178750273,0.0,1.0,0,0.6666666666666666,0.0,False
18,6,1,2,single_condition,shap,importance,wine_quality,947,testing,2,1,False,,,,,,,,,1.0,1.0,1,0.6666666666666666,0.0,True
18,7,1,3,single_condition,shap,importance,wine_quality,1267,testing,3,1,True,1.0,0.7718320393946627,0.41625986111964375,0.2834827402136095,0.30448224013742203,1.0,0.18992911522411982,0.13610758178750273,1.0,1.0,1,0.6666666666666666,0.0,True
18,8,1,4,single_condition,shap,importance,wine_quality,197,testing,4,0,False,,,,,,,,,0.0,1.0,0,0.6666666666666666,0.0,False
18,9,1,5,single_condition,shap,importance,wine_quality,495,testing,5,1,False,,,,,,,,,1.0,1.0,1,0.6666666666666666,0.0,True
18,10,1,6,single_condition,shap,importance,wine_quality,1075,testing,6,0,True,-1.0,0.5408518619548521,-0.752516304866921,0.10237965887882289,-0.5143758967321439,0.0,0.08378506647029638,0.13610758178750273,1.0,0.0,0,0.6666666666666666,0.0,True
19,1,1,1,single_condition,integrated_gradients,none,wine_quality,403,training,1,0,,0.1515853609604578,-1.0,0.06192677578072402,-0.43634355124312435,-0.2257981756046411,0.0,0.026506925001740456,0.11934235692024231,,,0,,0.0,
19,2,1,2,single_condition,integrated_gradients,none,wine_quality,836,training,2,1,,0.3188363895001028,0.45075904217952756,0.5289532488214808,1.0,0.2324867686377383,1.0,0.34002795815467834,0.11934235692024231,,,1,,0.0,
19,3,1,3,single_condition,integrated_gradients,none,wine_quality,1585,training,3,1,,0.35810757182415565,1.0,-0.026457227822271362,-0.10749239457936079,0.01535352777607858,1.0,0.3127797245979309,0.11934235692024231,,,1,,0.0,
19,4,1,4,single_condition,integrated_gradients,none,wine_quality,1543,training,4,0,,-0.026692752444701023,-1.0,0.19758533243413734,0.15478950633700947,-0.010165563857090146,0.0,0.07796408981084824,0.11934235692024231,,,0,,0.0,
19,5,1,1,single_condition,integrated_gradients,none,wine_quality,947,testing,1,1,True,0.8770849772974707,-0.33767035468482304,1.0,0.20290609782342664,0.19467849138422133,1.0,0.2259998321533203,0.11934235692024231,0.0,0.0,1,0.6666666666666666,0.0,False
19,6,1,2,single_condition,integrated_gradients,none,wine_quality,1070,testing,2,1,False,,,,,,,,,0.0,0.0,1,0.6666666666666666,0.0,False
19,7,1,3,single_condition,integrated_gradients,none,wine_quality,1132,testing,3,1,False,,,,,,,,,0.0,0.0,1,0.6666666666666666,0.0,False
19,8,1,4,single_condition,integrated_gradients,none,wine_quality,572,testing,4,0,True,-0.026064551175619316,-0.4716798193851568,0.5555684963354465,0.18654295584923375,1.0,0.0,0.13350871205329895,0.11934235692024231,1.0,0.0,0,0.6666666666666666,0.0,True
19,9,1,5,single_condition,integrated_gradients,none,wine_quality,380,testing,5,0,True,-0.39128624809410106,1.0,-0.2393944657202298,-0.39642997887482034,0.16465693982941612,0.0,0.13653932511806488,0.11934235692024231,1.0,0.0,0,0.6666666666666666,0.0,True
19,10,1,6,single_condition,integrated_gradients,none,wine_quality,1306,testing,6,0,False,,,,,,,,,0.0,1.0,0,0.6666666666666666,0.0,False
20,1,1,1,single_condition,integrated_gradients,attribution,wine_quality,1351,training,1,0,,0.20375368324224183,-1.0,0.0010288320859070357,0.08605566098720803,-0.012017380976559786,0.0,0.12479862570762634,0.11934235692024231,,,0,,0.0,
20,2,1,2,single_condition,integrated_gradients,attribution,wine_quality,293,training,2,0,,-0.4013005591797859,-1.0,0.6852722970628928,-0.25213907759833204,-0.6927745256519711,0.0,0.041513971984386444,0.11934235692024231,,,0,,0.0,
20,3,1,3,single_condition,integrated_gradients,attribution,wine_quality,210,training,3,1,,1.0,0.5998976830773146,0.08937095250028,-0.001071935151904078,0.020696921153908927,1.0,0.30493539571762085,0.11934235692024231,,,1,,0.0,
20,4,1,4,single_condition,integrated_gradients,attribution,wine_quality,326,training,4,1,,1.0,0.31742717701080925,-0.0427124036020561,-0.011160287873504864,0.34363454313039843,1.0,0.28564774990081787,0.11934235692024231,,,1,,0.0,
20,5,1,1,single_condition,integrated_gradients,attribution,wine_quality,289,testing,1,0,True,-0.7355737403194106,0.3197393269942022,-1.0,0.037287299613428075,0.19937247624415222,0.0,0.11719230562448502,0.11934235692024231,1.0,0.0,0,0.6666666666666666,0.0,True
20,6,1,2,single_condition,integrated_gradients,attribution,wine_quality,231,testing,2,0,False,,,,,,,,,1.0,0.0,0,0.6666666666666666,0.0,True
20,7,1,3,single_condition,integrated_gradients,attribution,wine_quality,1070,testing,3,1,False,,,,,,,,,0.0,0.0,1,0.6666666666666666,0.0,False
20,8,1,4,single_condition,integrated_gradients,attribution,wine_quality,23,testing,4,0,True,-0.6768108230558907,-1.0,-0.3485310852031167,0.05182811355805855,-0.07853401236454058,0.0,0.05656987428665161,0.11934235692024231,1.0,0.0,0,0.6666666666666666,0.0,True
20,9,1,5,single_condition,integrated_gradients,attribution,wine_quality,491,testing,5,1,True,0.6854436546754035,1.0,0.5795115050046027,0.018136779804774777,-0.0818414514497725,1.0,0.2656368911266327,0.11934235692024231,1.0,1.0,1,0.6666666666666666,0.0,True
20,10,1,6,single_condition,integrated_gradients,attribution,wine_quality,470,testing,6,1,False,,,,,,,,,0.0,0.0,1,0.6666666666666666,0.0,False
21,1,1,1,single_condition,integrated_gradients,importance,wine_quality,492,training,1,1,,0.795773739946809,1.0,0.2767758516463714,0.09092782880798861,-0.01739756808080748,1.0,0.3208439350128174,0.11934235692024231,,,1,,0.0,
21,2,1,2,single_condition,integrated_gradients,importance,wine_quality,1089,training,2,0,,-0.8972834402848541,1.0,-0.05037028060161172,0.6105054319123117,0.2080684052253492,0.0,0.09196581691503525,0.11934235692024231,,,0,,0.0,
21,3,1,3,single_condition,integrated_gradients,importance,wine_quality,1503,training,3,0,,0.7073780101244179,0.44294020219897684,0.6208008665006951,-0.0823692460668696,-1.0,0.0,0.08341892063617706,0.11934235692024231,,,0,,0.0,
21,4,1,4,single_condition,integrated_gradients,importance,wine_quality,1422,training,4,1,,0.1506069139536278,1.0,0.015486997128438422,0.0017558705442141116,-0.004341436750711135,1.0,0.3529706597328186,0.11934235692024231,,,1,,0.0,
21,5,1,1,single_condition,integrated_gradients,importance,wine_quality,1120,testing,1,1,True,1.0,0.6741778450762242,0.7798122096424384,-0.016080387097903215,0.4281229002621896,1.0,0.1937171071767807,0.11934235692024231,0.0,0.0,1,0.6666666666666666,0.0,False
21,6,1,2,single_condition,integrated_gradients,importance,wine_quality,528,testing,2,0,True,-1.0,0.1872528461525386,-0.13561593679734454,0.006900195628209306,-0.07370537270068413,0.0,0.12141295522451401,0.11934235692024231,0.0,1.0,0,0.6666666666666666,0.0,False
21,7,1,3,single_condition,integrated_gradients,importance,wine_quality,947,testing,3,1,False,,,,,,,,,0.0,0.0,1,0.6666666666666666,0.0,False
21,8,1,4,single_condition,integrated_gradients,importance,wine_quality,122,testing,4,0,True,-1.0,-0.9351815683383434,0.005537165969295965,-0.41980661134985003,-0.21091513490313343,0.0,0.04595821723341942,0.11934235692024231,1.0,0.0,0,0.6666666666666666,0.0,True
21,9,1,5,single_condition,integrated_gradients,importance,wine_quality,1016,testing,5,1,False,,,,,,,,,0.0,0.0,1,0.6666666666666666,0.0,False
21,10,1,6,single_condition,integrated_gradients,importance,wine_quality,269,testing,6,0,False,,,,,,,,,1.0,0.0,0,0.6666666666666666,0.0,True
22,1,1,1,single_condition,input_gradients,none,wine_quality,300,training,1,0,,0.4572877006553024,1.0,-0.6134879462302903,0.44695277188821914,-0.5305591357681491,0.0,0.07694660872220993,0.0,,,0,,0.0,
22,2,1,2,single_condition,input_gradients,none,wine_quality,1209,training,2,1,,0.35969793874267475,1.0,0.10146314923254188,-0.10127867933054213,0.437212107744765,1.0,0.6400063037872314,0.0,,,1,,0.0,
22,3,1,3,single_condition,input_gradients,none,wine_quality,948,training,3,1,,1.0,0.4444027744038355,-0.09388860506990067,0.11623851617579144,-0.4188046078114697,1.0,0.4465615749359131,0.0,,,1,,0.0,
22,4,1,4,single_condition,input_gradients,none,wine_quality,384,training,4,0,,0.0,-0.4362808551948163,-1.0,-0.155950645164378,-0.9105283733283358,0.0,0.0004621683619916439,0.0,,,0,,0.0,
22,5,1,1,single_condition,input_gradients,none,wine_quality,588,testing,1,1,False,,,,,,,,,0.0,0.0,1,0.6666666666666666,0.0,False
22,6,1,2,single_condition,input_gradients,none,wine_quality,39,testing,2,0,True,0.45646233491171756,-0.22727252848329843,-1.0,-0.03218664735180559,-0.30628127749992456,0.0,0.014693770557641983,0.0,1.0,0.0,0,0.6666666666666666,0.0,True
22,7,1,3,single_condition,input_gradients,none,wine_quality,90,testing,3,0,True,0.116610202872242,-0.11990102370373647,-1.0,-0.4476040986609259,-0.3075219357073927,0.0,1.3856209513107842e-08,0.0,1.0,0.0,0,0.6666666666666666,0.0,True
22,8,1,4,single_condition,input_gradients,none,wine_quality,950,testing,4,1,False,,,,,,,,,1.0,1.0,1,0.6666666666666666,0.0,True
22,9,1,5,single_condition,input_gradients,none,wine_quality,1365,testing,5,0,True,0.3678653948457911,1.0,-0.19479780538880578,-0.6649687038321342,0.13682984601195186,0.0,0.04681287333369255,0.0,1.0,0.0,0,0.6666666666666666,0.0,True
22,10,1,6,single_condition,input_gradients,none,wine_quality,1070,testing,6,1,False,,,,,,,,,1.0,1.0,1,0.6666666666666666,0.0,True
23,1,1,1,single_condition,input_gradients,attribution,wine_quality,455,training,1,1,,-1.0,0.28528779352363426,-0.061996783835712145,-0.3747741614336762,0.18225151922692268,1.0,1.3892399072647095,0.0,,,1,,0.0,
23,2,1,2,single_condition,input_gradients,attribution,wine_quality,796,training,2,0,,0.2016664983188828,0.11884868053418182,-1.0,-0.17028804374740306,0.034712144545371554,0.0,0.07206527143716812,0.0,,,0,,0.0,
23,3,1,3,single_condition,input_gradients,attribution,wine_quality,807,training,3,1,,-0.017844834921025787,1.0,0.011771023792008554,-0.014661400977722788,0.040201282317382826,1.0,0.4136686623096466,0.0,,,1,,0.0,
23,4,1,4,single_condition,input_gradients,attribution,wine_quality,132,training,4,0,,-0.352710622411016,0.48300391109872626,0.3240517952404765,0.30745698388393417,1.0,0.0,1.267987847328186,0.0,,,0,,0.0,
23,5,1,1,single_condition,input_gradients,attribution,wine_quality,505,testing,1,1,False,,,,,,,,,1.0,1.0,1,0.6666666666666666,0.0,True
23,6,1,2,single_condition,input_gradients,attribution,wine_quality,1329,testing,2,0,True,0.19301788970260353,-0.02331904925597796,-1.0,-0.15360013971906344,-0.1289191985238017,0.0,0.00043585215462371707,0.0,1.0,0.0,0,0.6666666666666666,0.0,True
23,7,1,3,single_condition,input_gradients,attribution,wine_quality,234,testing,3,0,True,-0.10028754949817764,-0.04835569663511943,-0.40252289957352355,-1.0,-0.12213066473613582,0.0,0.00020464567933231592,0.0,0.0,1.0,0,0.6666666666666666,0.0,False
23,8,1,4,single_condition,input_gradients,attribution,wine_quality,267,testing,4,1,False,,,,,,,,,1.0,1.0,1,0.6666666666666666,0.0,True
23,9,1,5,single_condition,input_gradients,attribution,wine_quality,1275,testing,5,0,False,,,,,,,,,1.0,0.0,0,0.6666666666666666,0.0,True
23,10,1,6,single_condition,input_gradients,attribution,wine_quality,1172,testing,6,1,True,0.320615655700084,1.0,-0.060591170399503916,0.02444917991714029,-0.7756689322474171,1.0,0.24414539337158203,0.0,1.0,1.0,1,0.6666666666666666,0.0,True
24,1,1,1,single_condition,input_gradients,importance,wine_quality,994,training,1,0,,0.11896624697537618,0.13733850315881094,-1.0,-0.4601114432559513,-0.27047658378876305,0.0,0.19955259561538696,0.0,,,0,,0.0,
24,2,1,2,single_condition,input_gradients,importance,wine_quality,854,training,2,0,,0.009170450211545687,1.0,-0.03594699462234339,-0.007878762369474927,0.3488754645931158,0.0,0.9202068448066711,0.0,,,0,,0.0,
24,3,1,3,single_condition,input_gradients,importance,wine_quality,326,training,3,1,,1.0,0.302404470857579,0.0012915326996010474,-0.8021459133750223,0.009756860920445141,1.0,0.9171541929244995,0.0,,,1,,0.0,
24,4,1,4,single_condition,input_gradients,importance,wine_quality,838,training,4,1,,1.0,-0.36038594618101427,-0.07934159977316725,-0.019945206650104998,-0.42812313139044345,1.0,0.6293846368789673,0.0,,,1,,0.0,
24,5,1,1,single_condition,input_gradients,importance,wine_quality,1278,testing,1,0,True,0.12189483734086426,-0.024724547426030086,-1.0,-0.3774720956120499,-0.06454115575629914,0.0,0.00016233263886533678,0.0,1.0,0.0,0,0.6666666666666666,0.0,True
24,6,1,2,single_condition,input_gradients,importance,wine_quality,1018,testing,2,1,True,-1.0,0.09363786336312607,-0.24391690325119011,0.3573157119007806,-0.11497756401063845,1.0,0.03870660811662674,0.0,0.0,0.0,1,0.6666666666666666,0.0,False
24,7,1,3,single_condition,input_gradients,importance,wine_quality,947,testing,3,1,False,,,,,,,,,1.0,1.0,1,0.6666666666666666,0.0,True
24,8,1,4,single_condition,input_gradients,importance,wine_quality,1502,testing,4,0,True,0.3178983412897714,0.5661759001524209,-0.7004009447462799,-1.0,0.7145877116852799,0.0,0.026194443926215172,0.0,1.0,0.0,0,0.6666666666666666,0.0,True
24,9,1,5,single_condition,input_gradients,importance,wine_quality,1070,testing,5,1,False,,,,,,,,,1.0,1.0,1,0.6666666666666666,0.0,True
24,10,1,6,single_condition,input_gradients,importance,wine_quality,1560,testing,6,0,False,,,,,,,,,1.0,0.0,0,0.6666666666666666,0.0,True
25,1,1,1,single_condition,lime,none,wine_quality,1110,training,1,0,,-0.997273446205507,0.5065890762582219,1.0,-0.36776295491843913,0.15859981108461185,0.0,0.05850569818171988,0.0880917158437501,,,0,,0.0,
25,2,1,2,single_condition,lime,none,wine_quality,1422,training,2,1,,1.0,0.4747341296500416,-0.006130276260497583,-0.028079067328171736,-0.002478357471820779,1.0,0.2065176404348373,0.019864200096784884,,,1,,0.0,
25,3,1,3,single_condition,lime,none,wine_quality,1585,training,3,1,,1.0,0.39899355775723383,-0.05771368672889586,0.39958288684290977,0.032939965325603754,1.0,0.17761485687583833,0.012768242314277436,,,1,,0.0,
25,4,1,4,single_condition,lime,none,wine_quality,1497,training,4,0,,1.0,0.11155747230236887,0.29354324617537786,-0.2525696322570694,-0.044317988897742674,0.0,0.1887737705370809,0.03311302711732712,,,0,,0.0,
25,5,1,1,single_condition,lime,none,wine_quality,696,testing,1,0,True,-1.0,0.25950073692662357,0.20093580804617353,-0.42563510238703395,-0.4496034743747289,0.0,0.09242170699003001,0.1158979680577131,1.0,0.0,0,0.6666666666666666,0.0,True
25,6,1,2,single_condition,lime,none,wine_quality,274,testing,2,0,False,,,,,,,,,0.0,1.0,0,0.6666666666666666,0.0,False
25,7,1,3,single_condition,lime,none,wine_quality,1539,testing,3,0,False,,,,,,,,,0.0,1.0,0,0.6666666666666666,0.0,False
25,8,1,4,single_condition,lime,none,wine_quality,1061,testing,4,1,True,1.0,0.21917493112157374,0.2981315295042141,0.1307261274741776,0.28164921659227315,1.0,0.1940081476779014,-0.005455033785936272,0.0,0.0,1,0.6666666666666666,0.0,False
25,9,1,5,single_condition,lime,none,wine_quality,513,testing,5,1,False,,,,,,,,,0.0,0.0,1,0.6666666666666666,0.0,False
25,10,1,6,single_condition,lime,none,wine_quality,470,testing,6,1,True,-0.037628372865173725,-0.36309182896934317,-0.0687569208583303,1.0,0.6093705513643886,1.0,0.06939580321887695,0.06758869469889389,1.0,1.0,1,0.6666666666666666,0.0,True
26,1,1,1,single_condition,lime,attribution,wine_quality,504,training,1,1,,0.1084655248478485,0.9614606415087671,0.8708669614814765,1.0,0.750867319590105,1.0,0.07709396906855186,0.023489654338617494,,,1,,0.0,
26,2,1,2,single_condition,lime,attribution,wine_quality,1214,training,2,0,,0.04140886650009553,-0.579976055407373,0.41167373221286047,1.0,0.7274784345419298,0.0,0.09510564335396751,0.056879634957765574,,,0,,0.0,
26,3,1,3,single_condition,lime,attribution,wine_quality,589,training,3,1,,0.28484260249957594,0.827981831331925,0.863570833229697,1.0,0.6952561730672612,1.0,0.061837716550867054,0.024113978375171152,,,1,,0.0,
26,4,1,4,single_condition,lime,attribution,wine_quality,731,training,4,0,,1.0,-0.4316308503199913,0.23077875660879188,-0.4629330330144848,-0.2873921621673459,0.0,0.1745433162176547,0.09364019912002171,,,0,,0.0,
26,5,1,1,single_condition,lime,attribution,wine_quality,344,testing,1,0,False,,,,,,,,,0.0,1.0,0,0.6666666666666666,0.0,False
26,6,1,2,single_condition,lime,attribution,wine_quality,947,testing,2,1,True,1.0,-0.1444154861863504,0.38781920232442907,0.41392951996518634,0.0019988458528726496,1.0,0.1880395238398048,0.012598539015541865,0.0,0.0,1,0.6666666666666666,0.0,False
26,7,1,3,single_condition,lime,attribution,wine_quality,870,testing,3,0,True,1.0,-0.2591428816859097,-0.005854442940077497,-0.39004149997736415,-0.23378502526865735,0.0,0.1463232044020312,0.08095812844405026,0.0,1.0,0,0.6666666666666666,0.0,False
26,8,1,4,single_condition,lime,attribution,wine_quality,1044,testing,4,0,False,,,,,,,,,0.0,1.0,0,0.6666666666666666,0.0,False
26,9,1,5,single_condition,lime,attribution,wine_quality,1205,testing,5,1,True,-0.14327925566810423,1.0,0.23269030741760424,0.9795780444728103,-0.14519136107405017,1.0,0.08394370104194915,0.0503654511693018,1.0,1.0,1,0.6666666666666666,0.0,True
26,10,1,6,single_condition,lime,attribution,wine_quality,1172,testing,6,1,False,,,,,,,,,1.0,1.0,1,0.6666666666666666,0.0,True
27,1,1,1,single_condition,lime,importance,wine_quality,1497,training,1,0,,1.0,0.11155747230236887,0.29354324617537786,-0.2525696322570694,-0.044317988897742674,0.0,0.1887737705370809,0.03311302711732712,,,0,,0.0,
27,2,1,2,single_condition,lime,importance,wine_quality,408,training,2,1,,1.0,0.12492307156630394,0.21520179434735134,0.5350458941702779,0.38626360817184646,1.0,0.17948627304836703,-0.01844557922097856,,,1,,0.0,
27,3,1,3,single_condition,lime,importance,wine_quality,1450,training,3,1,,1.0,0.19169804745868085,0.266684819737597,0.5731026669906213,0.06420367566021142,1.0,0.18036292576085045,-0.010217271029224456,,,1,,0.0,
27,4,1,4,single_condition,lime,importance,wine_quality,689,training,4,0,,-1.0,0.5396124376241382,0.40770869768004764,0.7702543639171632,0.0779989860350432,0.0,0.11391211908788582,0.07192556067712783,,,0,,0.0,
27,5,1,1,single_condition,lime,importance,wine_quality,1590,testing,1,1,True,1.0,0.5213958596027459,0.2185399290899976,-0.04807686697483809,-0.05032220643573048,1.0,0.22480800857630345,0.0008565367818279823,0.0,0.0,1,0.6666666666666666,0.0,False
27,6,1,2,single_condition,lime,importance,wine_quality,57,testing,2,0,False,,,,,,,,,0.0,1.0,0,0.6666666666666666,0.0,False
27,7,1,3,single_condition,lime,importance,wine_quality,875,testing,3,1,False,,,,,,,,,0.0,0.0,1,0.6666666666666666,0.0,False
27,8,1,4,single_condition,lime,importance,wine_quality,1120,testing,4,1,True,1.0,0.13084092454609125,0.28616597494088086,-0.14590036814121582,0.13146856543937072,1.0,0.1983950500120257,0.0240664497831483,0.0,0.0,1,0.6666666666666666,0.0,False
27,9,1,5,single_condition,lime,importance,wine_quality,705,testing,5,0,True,-1.0,-0.7212370979951025,-0.012666385192682797,-0.8429190216057816,-0.12665618322453887,0.0,0.08589018332755835,0.15721124707220677,1.0,0.0,0,0.6666666666666666,0.0,True
27,10,1,6,single_condition,lime,importance,wine_quality,306,testing,6,0,False,,,,,,,,,0.0,1.0,0,0.6666666666666666,0.0,False
28,1,1,1,single_condition,shap,none,wine_quality,805,training,1,1,,1.0,0.28085612148097727,0.4443056768388943,0.3383683212587478,0.017378492593972807,1.0,0.2942558684529958,0.13610758178750273,,,1,,0.0,
28,2,1,2,single_condition,shap,none,wine_quality,440,training,2,1,,-0.17196518806152913,0.07497164954194194,0.28751446762791105,0.858442078432394,1.0,1.0,0.27058241577972014,0.13610758178750273,,,1,,0.0,
28,3,1,3,single_condition,shap,none,wine_quality,689,training,3,0,,-1.0,0.1283578916086424,0.12202115753119562,0.04658988553994705,-0.01028279597392594,0.0,0.18261865748719458,0.13610758178750273,,,0,,0.0,
28,4,1,4,single_condition,shap,none,wine_quality,826,training,4,0,,0.6651199788302856,0.025841206732607754,1.0,0.7870377476412851,-0.7279008895925113,0.0,0.0853715546996669,0.13610758178750273,,,0,,0.0,
28,5,1,1,single_condition,shap,none,wine_quality,810,testing,1,0,True,-0.17332216860824787,-1.0,0.1583010105485662,-0.04901644717230098,-0.03263796180847388,0.0,0.10263541096748578,0.13610758178750273,1.0,0.0,0,0.6666666666666666,0.0,True
28,6,1,2,single_condition,shap,none,wine_quality,284,testing,2,0,False,,,,,,,,,0.0,1.0,0,0.6666666666666666,0.0,False
28,7,1,3,single_condition,shap,none,wine_quality,940,testing,3,1,False,,,,,,,,,1.0,1.0,1,0.6666666666666666,0.0,True
28,8,1,4,single_condition,shap,none,wine_quality,1172,testing,4,1,True,1.0,0.5288140565453666,0.4369586287378568,0.1422363344826388,0.0689169258977868,1.0,0.252999896751862,0.13610758178750273,0.0,0.0,1,0.6666666666666666,0.0,False
28,9,1,5,single_condition,shap,none,wine_quality,289,testing,5,0,False,,,,,,,,,0.0,1.0,0,0.6666666666666666,0.0,False
28,10,1,6,single_condition,shap,none,wine_quality,513,testing,6,1,True,1.0,0.20048815296811265,0.45201138184357537,0.024530834925284906,0.3809534335863236,1.0,0.20518300764262484,0.13610758178750273,0.0,0.0,1,0.6666666666666666,0.0,False
29,1,1,1,single_condition,shap,attribution,wine_quality,1277,training,1,0,,-1.0,-0.3828776234665374,0.19962555886979227,-0.4743679431587588,-0.09758795175990888,0.0,0.06758783634272146,0.13610758178750273,,,0,,0.0,
29,2,1,2,single_condition,shap,attribution,wine_quality,1090,training,2,1,,0.4129056074786999,0.020486880480497235,-0.09789270807541263,0.9969720557640184,1.0,1.0,0.3372669236909071,0.13610758178750273,,,1,,0.0,
29,3,1,3,single_condition,shap,attribution,wine_quality,11,training,3,0,,-0.10518471785879611,0.27639126631102995,-1.0,-0.013326452470943188,-0.03193608586670656,0.0,0.15568830406352446,0.13610758178750273,,,0,,0.0,
29,4,1,4,single_condition,shap,attribution,wine_quality,346,training,4,1,,1.0,0.735652507741845,0.12903793863722857,-0.05948731346080159,0.14654899671065788,1.0,0.33468201943690085,0.13610758178750273,,,1,,0.0,
29,5,1,1,single_condition,shap,attribution,wine_quality,1018,testing,1,1,False,,,,,,,,,1.0,1.0,1,0.6666666666666666,0.0,True
29,6,1,2,single_condition,shap,attribution,wine_quality,733,testing,2,0,True,-1.0,-0.38104652719343546,-0.6194990864523322,-0.05524645785229413,-0.4232611360788536,0.0,0.054900708975251414,0.13610758178750273,0.0,1.0,0,0.6666666666666666,0.0,False
29,7,1,3,single_condition,shap,attribution,wine_quality,1172,testing,3,1,False,,,,,,,,,1.0,1.0,1,0.6666666666666666,0.0,True
29,8,1,4,single_condition,shap,attribution,wine_quality,15,testing,4,0,False,,,,,,,,,0.0,1.0,0,0.6666666666666666,0.0,False
29,9,1,5,single_condition,shap,attribution,wine_quality,270,testing,5,0,True,0.4524069671862272,0.3117129369256003,-1.0,-0.038967050976335876,-0.12003133809155801,0.0,0.03356306966111398,0.13610758178750273,0.0,1.0,0,0.6666666666666666,0.0,False
29,10,1,6,single_condition,shap,attribution,wine_quality,950,testing,6,1,True,1.0,0.5209027360908555,0.3169998886609152,0.5320230520696715,-0.14107916496768264,1.0,0.2944526395122611,0.13610758178750273,1.0,1.0,1,0.6666666666666666,0.0,True
30,1,1,1,single_condition,shap,importance,wine_quality,440,training,1,1,,-0.17196518806152913,0.07497164954194194,0.28751446762791105,0.858442078432394,1.0,1.0,0.27058241577972014,0.13610758178750273,,,1,,0.0,
30,2,1,2,single_condition,shap,importance,wine_quality,817,training,2,1,,1.0,0.5539884540160793,0.3437285580267903,0.29794174313852334,0.03150353222846778,1.0,0.20628891967291013,0.13610758178750273,,,1,,0.0,
30,3,1,3,single_condition,shap,importance,wine_quality,233,training,3,0,,0.16414123606312678,-1.0,0.0238656051506183,-0.07201868743047848,-0.21420315881440083,0.0,0.10585455603667254,0.13610758178750273,,,0,,0.0,
30,4,1,4,single_condition,shap,importance,wine_quality,141,training,4,0,,-1.0,0.2971537508225902,-0.1546801663450767,-0.31690425790848736,-0.0436704043087824,0.0,0.11102554202852204,0.13610758178750273,,,0,,0.0,
30,5,1,1,single_condition,shap,importance,wine_quality,544,testing,1,0,True,-1.0,0.022353855334465527,0.07224373786322288,0.2592921306930964,0.2995047876356773,0.0,0.31189078654496366,0.13610758178750273,0.0,1.0,0,0.6666666666666666,0.0,False
30,6,1,2,single_condition,shap,importance,wine_quality,1586,testing,2,1,False,,,,,,,,,0.0,0.0,1,0.6666666666666666,0.0,False
30,7,1,3,single_condition,shap,importance,wine_quality,1371,testing,3,0,True,1.0,0.8674004216225437,0.2712128725993359,-0.24030427809416677,-0.10503337235825792,0.0,0.16963916384877167,0.13610758178750273,0.0,1.0,0,0.6666666666666666,0.0,False
30,8,1,4,single_condition,shap,importance,wine_quality,152,testing,4,0,False,,,,,,,,,1.0,0.0,0,0.6666666666666666,0.0,True
30,9,1,5,single_condition,shap,importance,wine_quality,491,testing,5,1,True,1.0,0.6810588626381096,0.3420596647103057,0.09963238118425062,0.09832825652595008,1.0,0.25870141715298045,0.13610758178750273,1.0,1.0,1,0.6666666666666666,0.0,True
30,10,1,6,single_condition,shap,importance,wine_quality,1590,testing,6,1,False,,,,,,,,,1.0,1.0,1,0.6666666666666666,0.0,True
31,1,1,1,single_condition,integrated_gradients,none,wine_quality,477,training,1,1,,0.37652484763123406,1.0,-0.10761534933372927,0.2679917098376738,0.1560410940557994,1.0,0.2601343095302582,0.11934235692024231,,,1,,0.0,
31,2,1,2,single_condition,integrated_gradients,none,wine_quality,1394,training,2,0,,-0.4289779431428132,-1.0,-0.25251322170017254,-0.026240467656996364,0.00124220013400668,0.0,0.0696796104311943,0.11934235692024231,,,0,,0.0,
31,3,1,3,single_condition,integrated_gradients,none,wine_quality,357,training,3,1,,1.0,0.9128371232974338,0.4649231620112997,0.04988655935861974,0.2637932954552158,1.0,0.18692681193351746,0.11934235692024231,,,1,,0.0,
31,4,1,4,single_condition,integrated_gradients,none,wine_quality,1099,training,4,0,,-0.6912794478290222,-1.0,-0.08052916272684854,0.015576180305787871,0.031234617728895724,0.0,0.060605738312006,0.11934235692024231,,,0,,0.0,
31,5,1,1,single_condition,integrated_gradients,none,wine_quality,713,testing,1,0,True,-0.12659861323309546,-1.0,-0.015293489968951567,-0.10502477745554588,-0.045518760846769854,0.0,0.08740296214818954,0.11934235692024231,0.0,1.0,0,0.6666666666666666,0.0,False
31,6,1,2,single_condition,integrated_gradients,none,wine_quality,1120,testing,2,1,True,1.0,0.6741778450762242,0.7798122096424384,-0.016080387097903215,0.4281229002621896,1.0,0.1937171071767807,0.11934235692024231,1.0,1.0,1,0.6666666666666666,0.0,True
31,7,1,3,single_condition,integrated_gradients,none,wine_quality,495,testing,3,1,False,,,,,,,,,1.0,1.0,1,0.6666666666666666,0.0,True
31,8,1,4,single_condition,integrated_gradients,none,wine_quality,672,testing,4,0,True,-0.26147733634530457,-0.39718933798854894,-0.6205374660435442,-1.0,-0.13755129207244784,0.0,0.04632003232836723,0.11934235692024231,0.0,1.0,0,0.6666666666666666,0.0,False
31,9,1,5,single_condition,integrated_gradients,none,wine_quality,267,testing,5,1,False,,,,,,,,,1.0,1.0,1,0.6666666666666666,0.0,True
31,10,1,6,single_condition,integrated_gradients,none,wine_quality,1176,testing,6,0,False,,,,,,,,,0.0,1.0,0,0.6666666666666666,0.0,False
32,1,1,1,single_condition,integrated_gradients,attribution,wine_quality,1240,training,1,0,,-0.26868336782471564,-1.0,-0.0652632138822969,-0.060444052323670325,-0.07991829156390659,0.0,0.08112361282110214,0.11934235692024231,,,0,,0.0,
32,2,1,2,single_condition,integrated_gradients,attribution,wine_quality,674,training,2,0,,-1.0,0.07640538406497778,-0.3206921254323075,0.3047949916194324,0.010265170251520298,0.0,0.08801846951246262,0.11934235692024231,,,0,,0.0,
32,3,1,3,single_condition,integrated_gradients,attribution,wine_quality,606,training,3,1,,1.0,0.670441627762537,0.27515346791068207,0.06747563191995032,-0.091280361264092,1.0,0.26007235050201416,0.11934235692024231,,,1,,0.0,
32,4,1,4,single_condition,integrated_gradients,attribution,wine_quality,1100,training,4,1,,0.46641514876249457,1.0,0.41056838055315475,-0.16354440922153785,0.6254320373413096,1.0,0.20282107591629028,0.11934235692024231,,,1,,0.0,
32,5,1,1,single_condition,integrated_gradients,attribution,wine_quality,964,testing,1,0,False,,,,,,,,,0.0,1.0,0,0.6666666666666666,0.0,False
32,6,1,2,single_condition,integrated_gradients,attribution,wine_quality,1128,testing,2,0,True,-0.15066507419100392,0.1079457490153521,-1.0,-0.06750131560293143,0.0701023846628623,0.0,0.10925813764333725,0.11934235692024231,0.0,1.0,0,0.6666666666666666,0.0,False
32,7,1,3,single_condition,integrated_gradients,attribution,wine_quality,362,testing,3,0,False,,,,,,,,,0.0,1.0,0,0.6666666666666666,0.0,False
32,8,1,4,single_condition,integrated_gradients,attribution,wine_quality,491,testing,4,1,True,0.6854436546754035,1.0,0.5795115050046027,0.018136779804774777,-0.0818414514497725,1.0,0.2656368911266327,0.11934235692024231,1.0,1.0,1,0.6666666666666666,0.0,True
32,9,1,5,single_condition,integrated_gradients,attribution,wine_quality,1018,testing,5,1,True,0.06827079137918406,0.24646154343427634,0.052530164174598847,0.8251175852914078,1.0,1.0,0.4020015001296997,0.11934235692024231,1.0,1.0,1,0.6666666666666666,0.0,True
32,10,1,6,single_condition,integrated_gradients,attribution,wine_quality,470,testing,6,1,False,,,,,,,,,1.0,1.0,1,0.6666666666666666,0.0,True
33,1,1,1,single_condition,integrated_gradients,importance,wine_quality,408,training,1,1,,1.0,0.5169059042046302,0.9515475538349525,0.3608923921401084,0.8155133066706476,1.0,0.1431395709514618,0.11934235692024231,,,1,,0.0,
33,2,1,2,single_condition,integrated_gradients,importance,wine_quality,1191,training,2,0,,0.2583168241833133,-1.0,-0.08140991183281111,-0.8283626588922507,0.03337396784063968,0.0,0.06531064212322235,0.11934235692024231,,,0,,0.0,
33,3,1,3,single_condition,integrated_gradients,importance,wine_quality,1259,training,3,0,,1.0,-0.4286548636708454,0.2358056174514223,0.010671445701340898,-0.6403001771478809,0.0,0.07020410895347595,0.11934235692024231,,,0,,0.0,
33,4,1,4,single_condition,integrated_gradients,importance,wine_quality,504,training,4,1,,0.14320449928441054,1.0,-0.14163108282476317,0.09680519911161267,0.013979458663076004,1.0,0.35545915365219116,0.11934235692024231,,,1,,0.0,
33,5,1,1,single_condition,integrated_gradients,importance,wine_quality,1107,testing,1,1,True,1.0,0.5650285667751683,0.21197513945137286,0.3375039206284542,0.125112714754478,1.0,0.2810623049736023,0.11934235692024231,1.0,1.0,1,0.6666666666666666,0.0,True
33,6,1,2,single_condition,integrated_gradients,importance,wine_quality,417,testing,2,0,False,,,,,,,,,0.0,1.0,0,0.6666666666666666,0.0,False
33,7,1,3,single_condition,integrated_gradients,importance,wine_quality,940,testing,3,1,False,,,,,,,,,1.0,1.0,1,0.6666666666666666,0.0,True
33,8,1,4,single_condition,integrated_gradients,importance,wine_quality,981,testing,4,0,True,-0.2657978541082844,-0.20007900377281998,0.04542357860731533,-1.0,-0.0040251005234139174,0.0,0.0802738144993782,0.11934235692024231,0.0,1.0,0,0.6666666666666666,0.0,False
33,9,1,5,single_condition,integrated_gradients,importance,wine_quality,501,testing,5,0,False,,,,,,,,,0.0,1.0,0,0.6666666666666666,0.0,False
33,10,1,6,single_condition,integrated_gradients,importance,wine_quality,267,testing,6,1,True,0.4773586195545046,1.0,0.16283336825947853,0.010118779174943342,-0.06096933794964076,1.0,0.38711172342300415,0.11934235692024231,1.0,1.0,1,0.6666666666666666,0.0,True
34,1,1,1,single_condition,input_gradients,none,wine_quality,1063,training,1,1,,-0.03000277049189168,1.0,-0.13484960423914816,0.029207909471753325,-0.5753852969689377,1.0,0.3592182695865631,0.0,,,1,,0.0,
34,2,1,2,single_condition,input_gradients,none,wine_quality,683,training,2,0,,0.6888842141145916,0.37650139891586604,-8.666718527444028e-05,-1.0,0.18940001133529344,0.0,0.09004879742860794,0.0,,,0,,0.0,
34,3,1,3,single_condition,input_gradients,none,wine_quality,328,training,3,0,,1.0,0.524295754987752,0.07907884480354219,-0.0,-0.5034334553032679,0.0,0.13584168255329132,0.0,,,0,,0.0,
34,4,1,4,single_condition,input_gradients,none,wine_quality,913,training,4,1,,0.2941471643857244,1.0,0.02159509888800925,0.006828647826875553,-0.7082681830157607,1.0,0.42113015055656433,0.0,,,1,,0.0,
34,5,1,1,single_condition,input_gradients,none,wine_quality,999,testing,1,0,True,-0.04696341963220971,0.34346367828080365,-0.0038831245710410456,1.0,0.13136467787811582,0.0,0.19164501130580902,0.0,0.0,1.0,0,0.6666666666666666,0.0,False
34,6,1,2,single_condition,input_gradients,none,wine_quality,1132,testing,2,1,False,,,,,,,,,0.0,0.0,1,0.6666666666666666,0.0,False
34,7,1,3,single_condition,input_gradients,none,wine_quality,1301,testing,3,0,True,1.0,-0.02192355528779562,-0.32904235750343525,-0.1976032474351786,-0.7514764823255976,0.0,2.5113778114318848,0.0,1.0,0.0,0,0.6666666666666666,0.0,True
34,8,1,4,single_condition,input_gradients,none,wine_quality,940,testing,4,1,False,,,,,,,,,0.0,0.0,1,0.6666666666666666,0.0,False
34,9,1,5,single_condition,input_gradients,none,wine_quality,877,testing,5,0,False,,,,,,,,,1.0,0.0,0,0.6666666666666666,0.0,True
34,10,1,6,single_condition,input_gradients,none,wine_quality,1120,testing,6,1,True,-1.0,0.6524639562331145,-0.08265311624952998,-0.05972207058984799,-0.30239680121648244,1.0,0.28089308738708496,0.0,0.0,0.0,1,0.6666666666666666,0.0,False
35,1,1,1,single_condition,input_gradients,attribution,wine_quality,1584,training,1,1,,0.8798564071913222,1.0,-0.4103435416407877,-0.0942625269483221,-0.5659950097638389,1.0,0.44696590304374695,0.0,,,1,,0.0,
35,2,1,2,single_condition,input_gradients,attribution,wine_quality,386,training,2,0,,0.0,-0.5615360621009449,-1.0,-0.4035362607188983,-0.8475364474520046,0.0,0.0011558422120288014,0.0,,,0,,0.0,
35,3,1,3,single_condition,input_gradients,attribution,wine_quality,963,training,3,1,,0.9837133626589112,1.0,-0.5132852889148303,0.0,-0.399059378908817,1.0,0.22961309552192688,0.0,,,1,,0.0,
35,4,1,4,single_condition,input_gradients,attribution,wine_quality,388,training,4,0,,0.0,-0.4466684407454811,-1.0,-0.1264004741279555,-0.9581022506366917,0.0,0.0005757074686698616,0.0,,,0,,0.0,
35,5,1,1,single_condition,input_gradients,attribution,wine_quality,1519,testing,1,0,True,0.49664447354841207,0.40983192755571796,0.011351282567980129,-1.0,-0.13577932298245382,0.0,0.05856114625930786,0.0,0.0,1.0,0,0.6666666666666666,0.0,False
35,6,1,2,single_condition,input_gradients,attribution,wine_quality,1396,testing,2,0,True,0.19229303233777137,0.4489487495915569,0.0,-1.0,-0.02484979910182864,0.0,0.04570614919066429,0.0,0.0,1.0,0,0.6666666666666666,0.0,False
35,7,1,3,single_condition,input_gradients,attribution,wine_quality,377,testing,3,1,False,,,,,,,,,1.0,1.0,1,0.6666666666666666,0.0,True
35,8,1,4,single_condition,input_gradients,attribution,wine_quality,513,testing,4,1,True,1.0,0.43671215118847,-0.014056055619933155,-0.7194641671061249,-0.027141514449440185,1.0,0.7987599968910217,0.0,1.0,1.0,1,0.6666666666666666,0.0,True
35,9,1,5,single_condition,input_gradients,attribution,wine_quality,1289,testing,5,0,False,,,,,,,,,1.0,0.0,0,0.6666666666666666,0.0,True
35,10,1,6,single_condition,input_gradients,attribution,wine_quality,1070,testing,6,1,False,,,,,,,,,1.0,1.0,1,0.6666666666666666,0.0,True
36,1,1,1,single_condition,input_gradients,importance,wine_quality,444,training,1,1,,0.812255869521186,1.0,0.1913654994993261,0.3747812422487411,0.7693525011166188,1.0,0.5450055599212646,0.0,,,1,,0.0,
36,2,1,2,single_condition,input_gradients,importance,wine_quality,266,training,2,0,,0.391831348730973,-0.24482072755353487,-1.0,-0.8726660905308832,-0.3719784862298291,0.0,7.704467134317383e-05,0.0,,,0,,0.0,
36,3,1,3,single_condition,input_gradients,importance,wine_quality,945,training,3,1,,1.0,-0.25109508685255016,-0.02125240441468755,-0.37301490306388246,-0.09244021853643258,1.0,0.813008189201355,0.0,,,1,,0.0,
36,4,1,4,single_condition,input_gradients,importance,wine_quality,1138,training,4,0,,-0.04201033824417663,-0.08032374466680879,-1.0,-0.2331925746165796,-0.10170557449775633,0.0,0.0003176790487486869,0.0,,,0,,0.0,
36,5,1,1,single_condition,input_gradients,importance,wine_quality,470,testing,1,1,True,1.0,0.25071542311968,0.31705669713363505,-0.3077501750632595,0.06441104264100629,1.0,0.5765942335128784,0.0,1.0,1.0,1,0.6666666666666666,0.0,True
36,6,1,2,single_condition,input_gradients,importance,wine_quality,705,testing,2,0,False,,,,,,,,,0.0,1.0,0,0.6666666666666666,0.0,False
36,7,1,3,single_condition,input_gradients,importance,wine_quality,1324,testing,3,0,False,,,,,,,,,0.0,1.0,0,0.6666666666666666,0.0,False
36,8,1,4,single_condition,input_gradients,importance,wine_quality,882,testing,4,1,True,0.1366254245596631,1.0,-0.22324793818574318,0.009117714103046272,-0.2770163163649193,1.0,0.3839273750782013,0.0,1.0,1.0,1,0.6666666666666666,0.0,True
36,9,1,5,single_condition,input_gradients,importance,wine_quality,1132,testing,5,1,False,,,,,,,,,1.0,1.0,1,0.6666666666666666,0.0,True
36,10,1,6,single_condition,input_gradients,importance,wine_quality,439,testing,6,0,True,0.05383829592985027,0.002111686385965657,-0.9705587969652858,-1.0,0.020521416066178157,0.0,0.020928405225276947,0.0,0.0,1.0,0,0.6666666666666666,0.0,False
37,1,1,1,single_condition,lime,none,wine_quality,498,training,1,1,,0.43376451356032175,-0.18984384629855675,0.7664413815893611,1.0,0.789295250708092,1.0,0.07938570138715213,0.033915159775607315,,,1,,0.0,
37,2,1,2,single_condition,lime,none,wine_quality,1517,training,2,0,,0.11391347709532408,1.0,0.1220061047356427,-0.19206115279749195,-0.09206493809535109,0.0,0.09112615936002333,0.06877574972745437,,,0,,0.0,
37,3,1,3,single_condition,lime,none,wine_quality,83,training,3,0,,-1.0,0.5409679039178465,-0.02002099144503452,-0.6909832313452611,0.3434889866517795,0.0,0.11801901703156643,0.12625888212160213,,,0,,0.0,
37,4,1,4,single_condition,lime,none,wine_quality,945,training,4,1,,0.2868143608448965,1.0,0.8311833701890465,0.10755115503901354,0.37444333726436413,1.0,0.08076922357449418,0.03771090811102769,,,1,,0.0,
37,5,1,1,single_condition,lime,none,wine_quality,1132,testing,1,1,False,,,,,,,,,0.0,0.0,1,0.6666666666666666,0.0,False
37,6,1,2,single_condition,lime,none,wine_quality,947,testing,2,1,True,1.0,-0.1444154861863504,0.38781920232442907,0.41392951996518634,0.0019988458528726496,1.0,0.1880395238398048,0.012598539015541865,1.0,1.0,1,0.6666666666666666,0.0,True
37,7,1,3,single_condition,lime,none,wine_quality,495,testing,3,1,False,,,,,,,,,1.0,1.0,1,0.6666666666666666,0.0,True
37,8,1,4,single_condition,lime,none,wine_quality,626,testing,4,0,True,-1.0,-0.7476497329553127,0.39340939183299894,-0.22315488484446033,-0.10872490417188824,0.0,0.09785739065097938,0.13172742418328137,0.0,1.0,0,0.6666666666666666,0.0,False
37,9,1,5,single_condition,lime,none,wine_quality,1330,testing,5,0,True,-0.9013055258913035,-0.3787749044211534,-1.0,-0.5547138928284923,-0.2555120552891832,0.0,0.07026541831765146,0.14323297988892458,1.0,0.0,0,0.6666666666666666,0.0,True
37,10,1,6,single_condition,lime,none,wine_quality,1388,testing,6,0,False,,,,,,,,,1.0,0.0,0,0.6666666666666666,0.0,True
38,1,1,1,single_condition,lime,attribution,wine_quality,210,training,1,1,,1.0,0.5493646436794323,0.3142769390816859,-0.07735373230399568,-0.007878475689175208,1.0,0.2103294662287052,0.0027367212097919313,,,1,,0.0,
38,2,1,2,single_condition,lime,attribution,wine_quality,509,training,2,1,,1.0,0.21624409757266616,-0.03407135853332431,0.6234360626616461,0.3443721511173914,1.0,0.1542553661876466,0.0020389326401316216,,,1,,0.0,
38,3,1,3,single_condition,lime,attribution,wine_quality,3,training,3,0,,-0.9688247498194232,-0.5263280019010415,-0.2431014878149593,1.0,0.5690611279013837,0.0,0.08350113591279325,0.09393849334955023,,,0,,0.0,
38,4,1,4,single_condition,lime,attribution,wine_quality,32,training,4,0,,-0.9308567814560575,0.3157729041421217,-1.0,-0.820939725457659,0.4208773763223184,0.0,0.07855933542321779,0.13431715953354656,,,0,,0.0,
38,5,1,1,single_condition,lime,attribution,wine_quality,1016,testing,1,1,True,1.0,0.5521110310413974,0.16082424704795914,0.4559249206045227,0.004517175208741,1.0,0.18456715532761875,-0.0016061543787671828,1.0,1.0,1,0.6666666666666666,0.0,True
38,6,1,2,single_condition,lime,attribution,wine_quality,1495,testing,2,0,False,,,,,,,,,0.0,1.0,0,0.6666666666666666,0.0,False
38,7,1,3,single_condition,lime,attribution,wine_quality,513,testing,3,1,True,1.0,0.1526223855026205,0.27849940058294276,0.02955205245831369,0.3510378818650128,1.0,0.22746347066193856,-0.0054953580451595485,1.0,1.0,1,0.6666666666666666,0.0,True
38,8,1,4,single_condition,lime,attribution,wine_quality,18,testing,4,0,False,,,,,,,,,0.0,1.0,0,0.6666666666666666,0.0,False
38,9,1,5,single_condition,lime,attribution,wine_quality,947,testing,5,1,False,,,,,,,,,1.0,1.0,1,0.6666666666666666,0.0,True
38,10,1,6,single_condition,lime,attribution,wine_quality,311,testing,6,0,True,-1.0,-0.5557018525507267,-0.8937735375309157,-0.20040770344999156,-0.006387273079134374,0.0,0.09251287192703668,0.15269226087638518,1.0,0.0,0,0.6666666666666666,0.0,True
39,1,1,1,single_condition,lime,importance,wine_quality,1187,training,1,0,,1.0,-0.36281071555845523,-0.02818494122220519,-0.13566948547554086,-0.10090608756305292,0.0,0.1702947216049974,0.07532508365136102,,,0,,0.0,
39,2,1,2,single_condition,lime,importance,wine_quality,962,training,2,0,,-1.0,0.21896183056912844,0.43720531023940096,-0.2127480961895142,-0.2389109696124754,0.0,0.11503429523744331,0.11803511753882755,,,0,,0.0,
39,3,1,3,single_condition,lime,importance,wine_quality,198,training,3,1,,1.0,0.6632590555912746,-0.47047024455868797,-0.2891118354121798,-0.12908098786565048,1.0,0.17880693528006153,0.06291081801409096,,,1,,0.0,
39,4,1,4,single_condition,lime,importance,wine_quality,817,training,4,1,,1.0,0.06267136538316559,0.29123146540460976,0.3577651996183093,-0.05429749593370055,1.0,0.20622426757370887,0.009552288675543655,,,1,,0.0,
39,5,1,1,single_condition,lime,importance,wine_quality,1120,testing,1,1,True,1.0,0.13084092454609125,0.28616597494088086,-0.14590036814121582,0.13146856543937072,1.0,0.1983950500120257,0.0240664497831483,0.0,0.0,1,0.6666666666666666,0.0,False
39,6,1,2,single_condition,lime,importance,wine_quality,940,testing,2,1,True,1.0,0.646937573102928,0.11114893790291122,0.5315537830881788,-0.12945924571154202,1.0,0.19295524351138213,-0.004000651650282919,0.0,0.0,1,0.6666666666666666,0.0,False
39,7,1,3,single_condition,lime,importance,wine_quality,765,testing,3,0,False,,,,,,,,,1.0,0.0,0,0.6666666666666666,0.0,True
39,8,1,4,single_condition,lime,importance,wine_quality,1437,testing,4,0,False,,,,,,,,,1.0,0.0,0,0.6666666666666666,0.0,True
39,9,1,5,single_condition,lime,importance,wine_quality,1297,testing,5,0,False,,,,,,,,,1.0,0.0,0,0.6666666666666666,0.0,True
39,10,1,6,single_condition,lime,importance,wine_quality,1070,testing,6,1,True,-0.00691202697689065,1.0,0.6197779471515484,0.9088491938785087,0.283680545168371,1.0,0.09093502777978726,0.031183946986565972,0.0,0.0,1,0.6666666666666666,0.0,False
40,1,1,1,single_condition,shap,none,wine_quality,1063,training,1,1,,1.0,-0.10688508068073027,0.5060865059808157,0.49672890674467035,0.22608944809577775,1.0,0.1732098118201542,0.13610758178750273,,,1,,0.0,
40,2,1,2,single_condition,shap,none,wine_quality,697,training,2,0,,-1.0,0.025116370305589324,0.09392031459912646,-0.18686623906307884,-0.2886301499876079,0.0,0.0958610245590999,0.13610758178750273,,,0,,0.0,
40,3,1,3,single_condition,shap,none,wine_quality,1439,training,3,0,,0.11260580339342888,0.06738470653379787,-1.0,-0.20937994171970678,-0.0653280575793335,0.0,0.11951883896653441,0.13610758178750273,,,0,,0.0,
40,4,1,4,single_condition,shap,none,wine_quality,1584,training,4,1,,0.9510981631597594,1.0,0.2517804212608261,0.26693852948725993,-0.0020856355035633084,1.0,0.1896271293087106,0.13610758178750273,,,1,,0.0,
40,5,1,1,single_condition,shap,none,wine_quality,505,testing,1,1,True,1.0,0.5724317791939819,0.32896360653459944,0.08334868068571177,0.20366260169782432,1.0,0.2803880314399939,0.13610758178750273,1.0,1.0,1,0.6666666666666666,0.0,True
40,6,1,2,single_condition,shap,none,wine_quality,981,testing,2,0,False,,,,,,,,,0.0,1.0,0,0.6666666666666666,0.0,False
40,7,1,3,single_condition,shap,none,wine_quality,1205,testing,3,1,False,,,,,,,,,1.0,1.0,1,0.6666666666666666,0.0,True
40,8,1,4,single_condition,shap,none,wine_quality,1550,testing,4,0,True,-1.0,-0.7151259655363561,0.11034165234419213,-0.2858306259581596,-0.27336646363904027,0.0,0.05902058187008972,0.13610758178750273,0.0,1.0,0,0.6666666666666666,0.0,False
40,9,1,5,single_condition,shap,none,wine_quality,491,testing,5,1,False,,,,,,,,,1.0,1.0,1,0.6666666666666666,0.0,True
40,10,1,6,single_condition,shap,none,wine_quality,1355,testing,6,0,True,-0.3894277447587028,-1.0,0.054510103143079934,0.10007999207220676,-0.20589850229704765,0.0,0.09042369291961191,0.13610758178750273,0.0,1.0,0,0.6666666666666666,0.0,False
41,1,1,1,single_condition,shap,attribution,wine_quality,1106,training,1,0,,1.0,-0.5803086909614651,-0.08356493551334002,0.6785469898915507,0.21052268434175214,0.0,0.20207205882913398,0.13610758178750273,,,0,,0.0,
41,2,1,2,single_condition,shap,attribution,wine_quality,388,training,2,0,,-1.0,0.21615412127082936,-0.16676238639595528,-0.02718111671417449,-0.18292014048851682,0.0,0.11719881508317682,0.13610758178750273,,,0,,0.0,
41,3,1,3,single_condition,shap,attribution,wine_quality,205,training,3,1,,0.4953457872425407,1.0,0.4521816009360249,0.7469783686216787,0.39894522139510175,1.0,0.12704589263892777,0.13610758178750273,,,1,,0.0,
41,4,1,4,single_condition,shap,attribution,wine_quality,336,training,4,1,,1.0,0.4077722440004226,0.4952614394842244,0.06739818477132385,-0.10325540998206863,1.0,0.22702344813251404,0.13610758178750273,,,1,,0.0,
41,5,1,1,single_condition,shap,attribution,wine_quality,267,testing,1,1,True,1.0,0.8357202133390953,0.15969365768625093,0.11720599707574726,0.012499005780351076,1.0,0.2786232449726819,0.13610758178750273,0.0,0.0,1,0.6666666666666666,0.0,False
41,6,1,2,single_condition,shap,attribution,wine_quality,947,testing,2,1,False,,,,,,,,,1.0,1.0,1,0.6666666666666666,0.0,True
41,7,1,3,single_condition,shap,attribution,wine_quality,1405,testing,3,1,True,0.7800721411399479,1.0,0.1855970626737857,0.3140335832169237,-0.02837437816671922,1.0,0.19070509953216838,0.13610758178750273,1.0,1.0,1,0.6666666666666666,0.0,True
41,8,1,4,single_condition,shap,attribution,wine_quality,152,testing,4,0,True,-0.48355854687421956,-0.585754838649648,-1.0,-0.18241289709257483,-0.11347695861025849,0.0,0.05754047807036746,0.13610758178750273,1.0,0.0,0,0.6666666666666666,0.0,True
41,9,1,5,single_condition,shap,attribution,wine_quality,672,testing,5,0,False,,,,,,,,,1.0,0.0,0,0.6666666666666666,0.0,True
41,10,1,6,single_condition,shap,attribution,wine_quality,439,testing,6,0,False,,,,,,,,,1.0,0.0,0,0.6666666666666666,0.0,True
42,1,1,1,single_condition,shap,importance,wine_quality,467,training,1,1,,1.0,0.6992591014962063,0.5000684712660795,0.03386371456238863,0.2095070411666489,1.0,0.2166356588370393,0.13610758178750273,,,1,,0.0,
42,2,1,2,single_condition,shap,importance,wine_quality,389,training,2,0,,-1.0,0.5564584669736771,-0.08970337514854179,0.3251943270000219,0.31410366306809945,0.0,0.06544936609031379,0.13610758178750273,,,0,,0.0,
42,3,1,3,single_condition,shap,importance,wine_quality,887,training,3,0,,1.0,0.771589701750073,-0.26834490624925017,0.0368107212202366,0.027223377462558734,0.0,0.19643538253083864,0.13610758178750273,,,0,,0.0,
42,4,1,4,single_condition,shap,importance,wine_quality,1549,training,4,1,,1.0,0.5903791728179149,0.530139309716641,0.46314871721605955,0.263411576622582,1.0,0.15207332089356362,0.13610758178750273,,,1,,0.0,
42,5,1,1,single_condition,shap,importance,wine_quality,182,testing,1,0,True,-1.0,-0.7004635730879107,-0.04002965927347059,-0.24996836049972038,-0.21028176948301483,0.0,0.06151729720528552,0.13610758178750273,1.0,0.0,0,0.6666666666666666,0.0,True
42,6,1,2,single_condition,shap,importance,wine_quality,989,testing,2,0,False,,,,,,,,,0.0,1.0,0,0.6666666666666666,0.0,False
42,7,1,3,single_condition,shap,importance,wine_quality,1018,testing,3,1,False,,,,,,,,,0.0,0.0,1,0.6666666666666666,0.0,False
42,8,1,4,single_condition,shap,importance,wine_quality,505,testing,4,1,True,1.0,0.5724317791939819,0.32896360653459944,0.08334868068571177,0.20366260169782432,1.0,0.2803880314399939,0.13610758178750273,1.0,1.0,1,0.6666666666666666,0.0,True
42,9,1,5,single_condition,shap,importance,wine_quality,940,testing,5,1,False,,,,,,,,,1.0,1.0,1,0.6666666666666666,0.0,True
42,10,1,6,single_condition,shap,importance,wine_quality,939,testing,6,0,True,0.6033018696975238,-1.0,0.3327357044009502,-0.023005807138418752,-0.8273711856489339,0.0,0.08506301994028963,0.13610758178750273,0.0,1.0,0,0.6666666666666666,0.0,False
43,1,1,1,single_condition,integrated_gradients,none,wine_quality,1030,training,1,0,,0.6638116965956521,-1.0,0.34647891670292175,-0.005883374816094347,-0.34768837781393874,0.0,0.10068001598119736,0.11934235692024231,,,0,,0.0,
43,2,1,2,single_condition,integrated_gradients,none,wine_quality,1270,training,2,0,,0.8625006193337251,1.0,-0.18121243704278814,-0.6976710788378507,0.7332321105191496,0.0,0.17774315178394318,0.11934235692024231,,,0,,0.0,
43,3,1,3,single_condition,integrated_gradients,none,wine_quality,1584,training,3,1,,0.5867678173275546,1.0,0.2956879823996028,-0.07651940217180885,0.058883237802364485,1.0,0.2617126703262329,0.11934235692024231,,,1,,0.0,
43,4,1,4,single_condition,integrated_gradients,none,wine_quality,606,training,4,1,,1.0,0.670441627762537,0.27515346791068207,0.06747563191995032,-0.091280361264092,1.0,0.26007235050201416,0.11934235692024231,,,1,,0.0,
43,5,1,1,single_condition,integrated_gradients,none,wine_quality,1405,testing,1,1,True,0.9968398464414572,1.0,0.11538447491471589,0.1203017508382322,0.09498394222431711,1.0,0.1927814781665802,0.11934235692024231,1.0,1.0,1,0.6666666666666666,0.0,True
43,6,1,2,single_condition,integrated_gradients,none,wine_quality,152,testing,2,0,True,-0.09389910136022041,-0.7463864295296205,-1.0,0.030261059904510508,-0.02744285054884821,0.0,0.06456580013036728,0.11934235692024231,0.0,1.0,0,0.6666666666666666,0.0,False
43,7,1,3,single_condition,integrated_gradients,none,wine_quality,1120,testing,3,1,True,1.0,0.6741778450762242,0.7798122096424384,-0.016080387097903215,0.4281229002621896,1.0,0.1937171071767807,0.11934235692024231,1.0,1.0,1,0.6666666666666666,0.0,True
43,8,1,4,single_condition,integrated_gradients,none,wine_quality,1502,testing,4,0,False,,,,,,,,,0.0,1.0,0,0.6666666666666666,0.0,False
43,9,1,5,single_condition,integrated_gradients,none,wine_quality,1205,testing,5,1,False,,,,,,,,,1.0,1.0,1,0.6666666666666666,0.0,True
43,10,1,6,single_condition,integrated_gradients,none,wine_quality,461,testing,6,0,False,,,,,,,,,0.0,1.0,0,0.6666666666666666,0.0,False
44,1,1,1,single_condition,integrated_gradients,attribution,wine_quality,321,training,1,0,,-0.588019988009218,-0.27212075956884574,-1.0,-0.20001313634299253,-0.11652744983145077,0.0,0.05596580728888512,0.11934235692024231,,,0,,0.0,
44,2,1,2,single_condition,integrated_gradients,attribution,wine_quality,1008,training,2,1,,1.0,0.5514639127441935,0.956912433787159,-0.02183790600048932,0.48416222433471007,1.0,0.16590642929077148,0.11934235692024231,,,1,,0.0,
44,3,1,3,single_condition,integrated_gradients,attribution,wine_quality,1273,training,3,0,,-0.2860677807133329,-1.0,0.006480882112816327,-0.03321063453904503,-0.06497233466648347,0.0,0.08503025770187378,0.11934235692024231,,,0,,0.0,
44,4,1,4,single_condition,integrated_gradients,attribution,wine_quality,336,training,4,1,,0.8512939480458775,0.4767201891362189,1.0,-0.03872642245980264,-0.16114278651146985,1.0,0.20536501705646515,0.11934235692024231,,,1,,0.0,
44,5,1,1,single_condition,integrated_gradients,attribution,wine_quality,950,testing,1,1,True,0.9292463754867129,1.0,0.8713253344314483,0.691984394022342,-0.3251052284783838,1.0,0.21418516337871552,0.11934235692024231,1.0,1.0,1,0.6666666666666666,0.0,True
44,6,1,2,single_condition,integrated_gradients,attribution,wine_quality,505,testing,2,1,False,,,,,,,,,1.0,1.0,1,0.6666666666666666,0.0,True
44,7,1,3,single_condition,integrated_gradients,attribution,wine_quality,197,testing,3,0,True,-0.43441759885947123,1.0,-0.08870181364108619,0.8069675352638105,-0.5334761185148899,0.0,0.17910730838775635,0.11934235692024231,0.0,1.0,0,0.6666666666666666,0.0,False
44,8,1,4,single_condition,integrated_gradients,attribution,wine_quality,765,testing,4,0,True,-0.9093302960382752,-1.0,-0.005223268904193603,-0.4892457208469602,0.000365910492873889,0.0,0.04599924758076668,0.11934235692024231,0.0,1.0,0,0.6666666666666666,0.0,False
44,9,1,5,single_condition,integrated_gradients,attribution,wine_quality,1405,testing,5,1,False,,,,,,,,,1.0,1.0,1,0.6666666666666666,0.0,True
44,10,1,6,single_condition,integrated_gradients,attribution,wine_quality,580,testing,6,0,False,,,,,,,,,0.0,1.0,0,0.6666666666666666,0.0,False
45,1,1,1,single_condition,integrated_gradients,importance,wine_quality,920,training,1,0,,0.03674767742533996,-1.0,0.31035212229019454,0.058611568655967276,0.06218469071565642,0.0,0.09195838123559952,0.11934235692024231,,,0,,0.0,
45,2,1,2,single_condition,integrated_gradients,importance,wine_quality,328,training,2,0,,-0.85127280846024,0.07731300937177027,-0.14153127479554967,1.0,0.3210692057142478,0.0,0.11893396079540253,0.11934235692024231,,,0,,0.0,
45,3,1,3,single_condition,integrated_gradients,importance,wine_quality,898,training,3,1,,0.7728131762861765,1.0,0.10774005441166104,0.023099886190201542,0.0029283641208912694,1.0,0.23864682018756866,0.11934235692024231,,,1,,0.0,
45,4,1,4,single_condition,integrated_gradients,importance,wine_quality,1402,training,4,1,,0.8360968533928926,1.0,0.24790756059912047,0.031235057510658925,-0.2793243489775321,1.0,0.2504304349422455,0.11934235692024231,,,1,,0.0,
45,5,1,1,single_condition,integrated_gradients,importance,wine_quality,1125,testing,1,1,True,0.48168286924611026,-0.47825746617772197,0.40546062879065586,0.5104810022219546,1.0,1.0,0.22519856691360474,0.11934235692024231,0.0,0.0,1,0.6666666666666666,0.0,False
45,6,1,2,single_condition,integrated_gradients,importance,wine_quality,366,testing,2,0,True,-0.8699798567392706,1.0,-0.025882698571495378,-0.6500611240805926,-0.12347398697702762,0.0,0.0519384890794754,0.11934235692024231,0.0,1.0,0,0.6666666666666666,0.0,False
45,7,1,3,single_condition,integrated_gradients,importance,wine_quality,1120,testing,3,1,False,,,,,,,,,0.0,0.0,1,0.6666666666666666,0.0,False
45,8,1,4,single_condition,integrated_gradients,importance,wine_quality,875,testing,4,1,False,,,,,,,,,0.0,0.0,1,0.6666666666666666,0.0,False
45,9,1,5,single_condition,integrated_gradients,importance,wine_quality,163,testing,5,0,False,,,,,,,,,0.0,1.0,0,0.6666666666666666,0.0,False
45,10,1,6,single_condition,integrated_gradients,importance,wine_quality,1253,testing,6,0,True,-1.0,-0.8213363172703108,-0.1513666561831063,-0.4946862308698974,-0.09532622075312475,0.0,0.04082924500107765,0.11934235692024231,1.0,0.0,0,0.6666666666666666,0.0,True
46,1,1,1,single_condition,input_gradients,none,wine_quality,222,training,1,0,,0.19633280156255747,0.3862277961660358,-0.008753157388981697,-1.0,-0.0426244755281845,0.0,0.037577200680971146,0.0,,,0,,0.0,
46,2,1,2,single_condition,input_gradients,none,wine_quality,430,training,2,1,,1.0,-0.38434409386177415,-0.05212068348671083,0.033072535685891545,-0.18421409162825747,1.0,0.7010532021522522,0.0,,,1,,0.0,
46,3,1,3,single_condition,input_gradients,none,wine_quality,1475,training,3,1,,-0.358498413875108,1.0,0.3276122088320334,0.2425242072367564,0.5455380821335316,1.0,0.6773200035095215,0.0,,,1,,0.0,
46,4,1,4,single_condition,input_gradients,none,wine_quality,697,training,4,0,,0.19011013908093793,-0.11761728541365418,-0.11427710980299319,-0.4005480420803493,-1.0,0.0,0.04064605012536049,0.0,,,0,,0.0,
46,5,1,1,single_condition,input_gradients,none,wine_quality,647,testing,1,0,False,,,,,,,,,1.0,0.0,0,0.6666666666666666,0.0,True
46,6,1,2,single_condition,input_gradients,none,wine_quality,954,testing,2,0,False,,,,,,,,,1.0,0.0,0,0.6666666666666666,0.0,True
46,7,1,3,single_condition,input_gradients,none,wine_quality,842,testing,3,0,False,,,,,,,,,0.0,1.0,0,0.6666666666666666,0.0,False
46,8,1,4,single_condition,input_gradients,none,wine_quality,1016,testing,4,1,True,0.6458825505602395,1.0,-0.31844753822205857,-0.17517633391636817,-0.22303524257318025,1.0,0.39883995056152344,0.0,0.0,0.0,1,0.6666666666666666,0.0,False
46,9,1,5,single_condition,input_gradients,none,wine_quality,1132,testing,5,1,True,0.7821293026915426,1.0,-0.3970982468543644,-0.2070399294049447,-0.5174785383504684,1.0,0.3793012201786041,0.0,0.0,0.0,1,0.6666666666666666,0.0,False
46,10,1,6,single_condition,input_gradients,none,wine_quality,1107,testing,6,1,True,1.0,0.04873838172286481,-0.06584735452135256,-0.038751175396224136,-0.3745662505932348,1.0,0.504630446434021,0.0,0.0,0.0,1,0.6666666666666666,0.0,False
47,1,1,1,single_condition,input_gradients,attribution,wine_quality,945,training,1,1,,1.0,-0.25109508685255016,-0.02125240441468755,-0.37301490306388246,-0.09244021853643258,1.0,0.813008189201355,0.0,,,1,,0.0,
47,2,1,2,single_condition,input_gradients,attribution,wine_quality,708,training,2,0,,0.1717119241017411,1.0,-0.3044857258913063,0.11046453864030979,-0.19592755319043606,0.0,0.23929418623447418,0.0,,,0,,0.0,
47,3,1,3,single_condition,input_gradients,attribution,wine_quality,474,training,3,0,,0.29867178180440007,-1.0,-0.26689391808901725,-0.018476491736609323,0.5335628468972364,0.0,0.1601785570383072,0.0,,,0,,0.0,
47,4,1,4,single_condition,input_gradients,attribution,wine_quality,369,training,4,1,,0.6175956890865075,-1.0,-0.061832182461007655,-0.0,0.023701119974510024,1.0,0.6199449896812439,0.0,,,1,,0.0,
47,5,1,1,single_condition,input_gradients,attribution,wine_quality,882,testing,1,1,False,,,,,,,,,1.0,1.0,1,0.6666666666666666,0.0,True
47,6,1,2,single_condition,input_gradients,attribution,wine_quality,1205,testing,2,1,True,0.3356580125302575,1.0,0.2361903698358597,-0.06403561047426455,0.3697019963479949,1.0,0.6439642906188965,0.0,0.0,0.0,1,0.6666666666666666,0.0,False
47,7,1,3,single_condition,input_gradients,attribution,wine_quality,1029,testing,3,0,False,,,,,,,,,0.0,1.0,0,0.6666666666666666,0.0,False
47,8,1,4,single_condition,input_gradients,attribution,wine_quality,136,testing,4,0,True,0.2174866076220932,-0.4396807114590142,-0.9369034772158059,-1.0,-0.17906574075280504,0.0,0.008077041245996952,0.0,1.0,0.0,0,0.6666666666666666,0.0,True
47,9,1,5,single_condition,input_gradients,attribution,wine_quality,377,testing,5,1,False,,,,,,,,,1.0,1.0,1,0.6666666666666666,0.0,True
47,10,1,6,single_condition,input_gradients,attribution,wine_quality,772,testing,6,0,True,0.036276169468754484,-0.018673192879133826,-1.0,-0.0847574661855146,-0.07512509919985601,0.0,7.056417672401949e-10,0.0,1.0,0.0,0,0.6666666666666666,0.0,True
48,1,1,1,single_condition,input_gradients,importance,wine_quality,1149,training,1,0,,0.2984441217831062,0.44911457695225354,-0.0,-0.10006250539236905,-1.0,0.0,0.28290095925331116,0.0,,,0,,0.0,
48,2,1,2,single_condition,input_gradients,importance,wine_quality,1067,training,2,1,,1.0,-0.13932209825098185,0.0012294441015732209,-0.04490839383788369,0.04614112812404621,1.0,0.34878408908843994,0.0,,,1,,0.0,
48,3,1,3,single_condition,input_gradients,importance,wine_quality,1304,training,3,0,,0.0,-0.015335717887712246,-1.0,-0.9314824720437617,0.05588559800434436,0.0,4.122198515688069e-05,0.0,,,0,,0.0,
48,4,1,4,single_condition,input_gradients,importance,wine_quality,509,training,4,1,,-0.2593390291015804,-0.562377563586333,-1.0,-0.10574653445811877,0.12726765817820923,1.0,0.0850415825843811,0.0,,,1,,0.0,
48,5,1,1,single_condition,input_gradients,importance,wine_quality,69,testing,1,0,True,0.4977574317242592,0.8736724217293006,0.07472245757435855,-1.0,0.21414497228735768,0.0,0.5193884968757629,0.0,0.0,1.0,0,0.6666666666666666,0.0,False
48,6,1,2,single_condition,input_gradients,importance,wine_quality,410,testing,2,0,True,0.11267232504575275,-0.08849617164501751,-1.0,-0.03506524771571978,-0.4183061640570077,0.0,0.0001408588286722079,0.0,1.0,0.0,0,0.6666666666666666,0.0,True
48,7,1,3,single_condition,input_gradients,importance,wine_quality,1018,testing,3,1,True,-1.0,0.09363786336312607,-0.24391690325119011,0.3573157119007806,-0.11497756401063845,1.0,0.03870660811662674,0.0,0.0,0.0,1,0.6666666666666666,0.0,False
48,8,1,4,single_condition,input_gradients,importance,wine_quality,1061,testing,4,1,False,,,,,,,,,1.0,1.0,1,0.6666666666666666,0.0,True
48,9,1,5,single_condition,input_gradients,importance,wine_quality,739,testing,5,0,False,,,,,,,,,0.0,1.0,0,0.6666666666666666,0.0,False
48,10,1,6,single_condition,input_gradients,importance,wine_quality,1120,testing,6,1,False,,,,,,,,,1.0,1.0,1,0.6666666666666666,0.0,True
49,1,1,1,single_condition,lime,none,wine_quality,312,training,1,0,,-1.0,0.17923767885773137,-0.726325792210507,0.0344243440506916,0.06334772730183505,0.0,0.10061892730362237,0.12056206107593148,,,0,,0.0,
49,2,1,2,single_condition,lime,none,wine_quality,802,training,2,1,,1.0,0.487935053082525,-0.5523402172026911,-0.03224067143936195,-0.12508586258652338,1.0,0.17801312220833565,0.05339344505439999,,,1,,0.0,
49,3,1,3,single_condition,lime,none,wine_quality,1544,training,3,1,,1.0,0.37305897192072046,0.31442482186728715,0.44932102005714547,0.24978247306792067,1.0,0.20072139398456895,-0.03016748820758569,,,1,,0.0,
49,4,1,4,single_condition,lime,none,wine_quality,1141,training,4,0,,0.4472212328798893,0.6961170008155249,-1.0,0.9813185719486246,0.23964504926592262,0.0,0.06204724761093776,0.059699577346430846,,,0,,0.0,
49,5,1,1,single_condition,lime,none,wine_quality,470,testing,1,1,True,-0.037628372865173725,-0.36309182896934317,-0.0687569208583303,1.0,0.6093705513643886,1.0,0.06939580321887695,0.06758869469889389,1.0,1.0,1,0.6666666666666666,0.0,True
49,6,1,2,single_condition,lime,none,wine_quality,1172,testing,2,1,False,,,,,,,,,1.0,1.0,1,0.6666666666666666,0.0,True
49,7,1,3,single_condition,lime,none,wine_quality,491,testing,3,1,False,,,,,,,,,1.0,1.0,1,0.6666666666666666,0.0,True
49,8,1,4,single_condition,lime,none,wine_quality,1552,testing,4,0,True,1.0,0.11685625280748303,0.044203783187884454,-0.4259987819569006,-0.29236602407642015,0.0,0.15074433693858333,0.06548553290407863,0.0,1.0,0,0.6666666666666666,0.0,False
49,9,1,5,single_condition,lime,none,wine_quality,1531,testing,5,0,False,,,,,,,,,0.0,1.0,0,0.6666666666666666,0.0,False
49,10,1,6,single_condition,lime,none,wine_quality,44,testing,6,0,True,-1.0,-0.644343933059617,0.4571719356207333,-0.6985931308557033,-0.34911950265916797,0.0,0.10000628122805168,0.14745712507220426,0.0,1.0,0,0.6666666666666666,0.0,False
50,1,1,1,single_condition,lime,attribution,wine_quality,369,training,1,1,,1.0,0.40531888287553,0.14494685795222928,0.5281643612959824,0.2098488213584683,1.0,0.19835734878279326,-0.026466079026215214,,,1,,0.0,
50,2,1,2,single_condition,lime,attribution,wine_quality,225,training,2,0,,-0.0002923290514652173,-0.28400696477413523,-1.0,0.1223677614871979,0.010650949286488267,0.0,0.09181760440115468,0.1220484211189618,,,0,,0.0,
50,3,1,3,single_condition,lime,attribution,wine_quality,336,training,3,1,,1.0,0.12982426085562734,0.3111611731054248,0.06498057220622452,0.012523889492183686,1.0,0.19417563506463303,0.021298825052186235,,,1,,0.0,
50,4,1,4,single_condition,lime,attribution,wine_quality,756,training,4,0,,1.0,-0.35920123854107405,0.19791577286444978,-0.3807960139407844,-0.19479231956065982,0.0,0.16771557019881278,0.08210296932014882,,,0,,0.0,
50,5,1,1,single_condition,lime,attribution,wine_quality,1274,testing,1,0,True,1.0,-0.4199719462107522,0.19474420045329735,-0.11967197214898859,-0.123906562557308,0.0,0.1691396540376609,0.07064941299164841,0.0,1.0,0,0.6666666666666666,0.0,False
50,6,1,2,single_condition,lime,attribution,wine_quality,1267,testing,2,1,False,,,,,,,,,1.0,1.0,1,0.6666666666666666,0.0,True
50,7,1,3,single_condition,lime,attribution,wine_quality,1590,testing,3,1,True,1.0,0.5213958596027459,0.2185399290899976,-0.04807686697483809,-0.05032220643573048,1.0,0.22480800857630345,0.0008565367818279823,1.0,1.0,1,0.6666666666666666,0.0,True
50,8,1,4,single_condition,lime,attribution,wine_quality,875,testing,4,1,True,1.0,0.40499078936461524,0.10605563949607617,0.5013550669287529,-0.022932473596523086,1.0,0.21873424422985985,-0.015619859627303959,1.0,1.0,1,0.6666666666666666,0.0,True
50,9,1,5,single_condition,lime,attribution,wine_quality,572,testing,5,0,False,,,,,,,,,0.0,1.0,0,0.6666666666666666,0.0,False
50,10,1,6,single_condition,lime,attribution,wine_quality,237,testing,6,0,False,,,,,,,,,0.0,1.0,0,0.6666666666666666,0.0,False
51,1,1,1,single_condition,lime,importance,wine_quality,164,training,1,0,,-1.0,-0.42872245801847797,-0.6534185874899324,-0.3438492290910339,-0.14644855565161247,0.0,0.10300289342703944,0.15988793062308698,,,0,,0.0,
51,2,1,2,single_condition,lime,importance,wine_quality,802,training,2,1,,1.0,0.487935053082525,-0.5523402172026911,-0.03224067143936195,-0.12508586258652338,1.0,0.17801312220833565,0.05339344505439999,,,1,,0.0,
51,3,1,3,single_condition,lime,importance,wine_quality,56,training,3,0,,-1.0,0.22125688374732536,0.6561959508474986,0.04010904260402641,0.5647653562891708,0.0,0.07406068959117512,0.07867692181374228,,,0,,0.0,
51,4,1,4,single_condition,lime,importance,wine_quality,341,training,4,1,,1.0,0.4232488358182542,0.2732400718562814,-0.013766265800339622,0.18924558502437966,1.0,0.18859319103239935,0.0005512933546204524,,,1,,0.0,
51,5,1,1,single_condition,lime,importance,wine_quality,1250,testing,1,0,False,,,,,,,,,0.0,1.0,0,0.6666666666666666,0.0,False
51,6,1,2,single_condition,lime,importance,wine_quality,513,testing,2,1,True,1.0,0.1526223855026205,0.27849940058294276,0.02955205245831369,0.3510378818650128,1.0,0.22746347066193856,-0.0054953580451595485,1.0,1.0,1,0.6666666666666666,0.0,True
51,7,1,3,single_condition,lime,importance,wine_quality,1328,testing,3,0,False,,,,,,,,,0.0,1.0,0,0.6666666666666666,0.0,False
51,8,1,4,single_condition,lime,importance,wine_quality,1125,testing,4,1,True,1.0,-0.2806394154489593,0.2608623812510313,0.47727941871952023,0.442996847669687,1.0,0.17317831176278134,0.00638068230414586,1.0,1.0,1,0.6666666666666666,0.0,True
51,9,1,5,single_condition,lime,importance,wine_quality,1547,testing,5,0,True,1.0,-0.5254479532686218,0.21318170374824782,-0.22820086296117872,-0.18297297991513198,0.0,0.1586404354657939,0.07855327747460393,0.0,1.0,0,0.6666666666666666,0.0,False
51,10,1,6,single_condition,lime,importance,wine_quality,882,testing,6,1,False,,,,,,,,,1.0,1.0,1,0.6666666666666666,0.0,True
52,1,1,1,single_condition,shap,none,wine_quality,258,training,1,0,,-1.0,-0.48797304883228515,-0.12133521555266913,0.03208466706202829,0.024458007796040137,0.0,0.08764525417652369,0.13610758178750273,,,0,,0.0,
52,2,1,2,single_condition,shap,none,wine_quality,948,training,2,1,,1.0,0.5209027360908555,0.3169998886609152,0.5320230520696715,-0.14107916496768264,1.0,0.2944526395122611,0.13610758178750273,,,1,,0.0,
52,3,1,3,single_condition,shap,none,wine_quality,589,training,3,1,,0.18113575950736896,0.41107558501989094,0.2599707819459347,1.0,0.8963425579435126,1.0,0.16655213502602403,0.13610758178750273,,,1,,0.0,
52,4,1,4,single_condition,shap,none,wine_quality,1257,training,4,0,,0.8367758325608279,0.7214851519644113,-1.0,0.06889232257464757,0.08256310997713047,0.0,0.054695545607756045,0.13610758178750273,,,0,,0.0,
52,5,1,1,single_condition,shap,none,wine_quality,1070,testing,1,1,False,,,,,,,,,1.0,1.0,1,0.6666666666666666,0.0,True
52,6,1,2,single_condition,shap,none,wine_quality,57,testing,2,0,True,-0.8120755250251057,0.29435606801268865,-1.0,-0.19686634682363457,-0.04071027170346758,0.0,0.07754109283372815,0.13610758178750273,1.0,0.0,0,0.6666666666666666,0.0,True
52,7,1,3,single_condition,shap,none,wine_quality,1478,testing,3,0,False,,,,,,,,,0.0,1.0,0,0.6666666666666666,0.0,False
52,8,1,4,single_condition,shap,none,wine_quality,1473,testing,4,0,True,0.197366582168926,-1.0,-0.05788826618717922,-0.10646523942237747,-0.0976291479970588,0.0,0.09395231982317777,0.13610758178750273,1.0,0.0,0,0.6666666666666666,0.0,True
52,9,1,5,single_condition,shap,none,wine_quality,1016,testing,5,1,False,,,,,,,,,1.0,1.0,1,0.6666666666666666,0.0,True
52,10,1,6,single_condition,shap,none,wine_quality,1061,testing,6,1,True,1.0,0.3019782343214257,0.4713963318296485,0.197539540550356,0.19353658018787556,1.0,0.2552356493871182,0.13610758178750273,1.0,1.0,1,0.6666666666666666,0.0,True
53,1,1,1,single_condition,shap,attribution,wine_quality,904,training,1,0,,0.13170630661899752,-1.0,0.4086876409596347,-0.2574079393645258,-0.2553986129242946,0.0,0.05273463462658002,0.13610758178750273,,,0,,0.0,
53,2,1,2,single_condition,shap,attribution,wine_quality,1006,training,2,1,,1.0,0.9198847167022935,0.31451173593177517,0.39623196742319844,0.08511247753407306,1.0,0.22219651650357394,0.13610758178750273,,,1,,0.0,
53,3,1,3,single_condition,shap,attribution,wine_quality,171,training,3,0,,-1.0,-0.21186563755148521,0.1794897342207036,0.03266884626248182,-0.0060177062528828365,0.0,0.10567813396907617,0.13610758178750273,,,0,,0.0,
53,4,1,4,single_condition,shap,attribution,wine_quality,1167,training,4,1,,1.0,0.9401135996707607,0.008949599062441813,0.10625690021267863,0.0013710866862235698,1.0,0.2673896545638522,0.13610758178750273,,,1,,0.0,
53,5,1,1,single_condition,shap,attribution,wine_quality,1205,testing,1,1,False,,,,,,,,,1.0,1.0,1,0.6666666666666666,0.0,True
53,6,1,2,single_condition,shap,attribution,wine_quality,871,testing,2,0,False,,,,,,,,,0.0,1.0,0,0.6666666666666666,0.0,False
53,7,1,3,single_condition,shap,attribution,wine_quality,274,testing,3,0,True,-1.0,0.33133273172252925,-0.9263260862211409,-0.19537412541139337,-0.1318262210241717,0.0,0.0708084423078431,0.13610758178750273,0.0,1.0,0,0.6666666666666666,0.0,False
53,8,1,4,single_condition,shap,attribution,wine_quality,1132,testing,4,1,True,1.0,0.8523504812169814,0.16880267922762687,0.11349919770745927,0.19016962507416582,1.0,0.27722942397624234,0.13610758178750273,1.0,1.0,1,0.6666666666666666,0.0,True
53,9,1,5,single_condition,shap,attribution,wine_quality,947,testing,5,1,False,,,,,,,,,0.0,0.0,1,0.6666666666666666,0.0,False
53,10,1,6,single_condition,shap,attribution,wine_quality,306,testing,6,0,True,-1.0,-0.7445155118718966,-0.26185230416223215,-0.16260958058260092,-0.11743980773902166,0.0,0.05806353504604873,0.13610758178750273,0.0,1.0,0,0.6666666666666666,0.0,False
54,1,1,1,single_condition,shap,importance,wine_quality,840,training,1,1,,1.0,0.7870883108142714,0.26064095264604986,0.11355293174980008,0.13533247039108606,1.0,0.22122031288599592,0.13610758178750273,,,1,,0.0,
54,2,1,2,single_condition,shap,importance,wine_quality,1491,training,2,0,,0.3951084114652508,-0.39375499673962866,0.16349041786793436,-0.13230644265486805,-1.0,0.0,0.1026254823507891,0.13610758178750273,,,0,,0.0,
54,3,1,3,single_condition,shap,importance,wine_quality,334,training,3,0,,1.0,0.7356484230802052,0.1515743736277702,-0.1439192647039447,-0.02098252510494367,0.0,0.15474118029927206,0.13610758178750273,,,0,,0.0,
54,4,1,4,single_condition,shap,importance,wine_quality,1450,training,4,1,,1.0,0.8666478755079007,0.4626894281506207,0.46350623150137327,0.2744318785637402,1.0,0.14047605203223987,0.13610758178750273,,,1,,0.0,
54,5,1,1,single_condition,shap,importance,wine_quality,1218,testing,1,0,False,,,,,,,,,0.0,1.0,0,0.6666666666666666,0.0,False
54,6,1,2,single_condition,shap,importance,wine_quality,1274,testing,2,0,True,0.2504545596410648,-1.0,0.04204453525214806,-0.2037419043691166,-0.009897287773265394,0.0,0.10812460750298705,0.13610758178750273,0.0,1.0,0,0.6666666666666666,0.0,False
54,7,1,3,single_condition,shap,importance,wine_quality,1590,testing,3,1,True,0.937928656308142,1.0,0.17908990562138483,-0.04240333719110447,-0.008547993735671534,1.0,0.1823089148721628,0.13610758178750273,1.0,1.0,1,0.6666666666666666,0.0,True
54,8,1,4,single_condition,shap,importance,wine_quality,572,testing,4,0,True,-0.19192278847445488,-0.30092526797823627,0.009222279495555088,1.0,0.7618827250425997,0.0,0.11559585739522973,0.13610758178750273,0.0,1.0,0,0.6666666666666666,0.0,False
54,9,1,5,single_condition,shap,importance,wine_quality,1405,testing,5,1,False,,,,,,,,,1.0,1.0,1,0.6666666666666666,0.0,True
54,10,1,6,single_condition,shap,importance,wine_quality,1016,testing,6,1,False,,,,,,,,,1.0,1.0,1,0.6666666666666666,0.0,True
55,1,1,1,single_condition,integrated_gradients,none,wine_quality,1248,training,1,0,,0.5232686163743232,1.0,0.16937734518395756,-0.10906058549226906,-0.3306356285624995,0.0,0.14285248517990112,0.11934235692024231,,,0,,0.0,
55,2,1,2,single_condition,integrated_gradients,none,wine_quality,1067,training,2,1,,0.6350686426831175,0.35426970909005384,0.03948115560161095,1.0,0.5983664245068836,1.0,0.2154114842414856,0.11934235692024231,,,1,,0.0,
55,3,1,3,single_condition,integrated_gradients,none,wine_quality,1167,training,3,1,,0.3159495110023661,1.0,-0.03224378759752046,-0.05519417629208358,-0.010568625496272752,1.0,0.4618772864341736,0.11934235692024231,,,1,,0.0,
55,4,1,4,single_condition,integrated_gradients,none,wine_quality,162,training,4,0,,-0.38882376458181056,-1.0,-0.04243250753630062,-0.005919703855996559,-0.020821053400305323,0.0,0.05725996568799019,0.11934235692024231,,,0,,0.0,
55,5,1,1,single_condition,integrated_gradients,none,wine_quality,1495,testing,1,0,False,,,,,,,,,1.0,0.0,0,0.6666666666666666,0.0,True
55,6,1,2,single_condition,integrated_gradients,none,wine_quality,1485,testing,2,0,False,,,,,,,,,1.0,0.0,0,0.6666666666666666,0.0,True
55,7,1,3,single_condition,integrated_gradients,none,wine_quality,491,testing,3,1,True,0.6854436546754035,1.0,0.5795115050046027,0.018136779804774777,-0.0818414514497725,1.0,0.2656368911266327,0.11934235692024231,0.0,0.0,1,0.6666666666666666,0.0,False
55,8,1,4,single_condition,integrated_gradients,none,wine_quality,1132,testing,4,1,True,0.4812888022961948,1.0,0.1393946635732305,0.05648213109086916,-0.0996204939500747,1.0,0.4302695691585541,0.11934235692024231,0.0,0.0,1,0.6666666666666666,0.0,False
55,9,1,5,single_condition,integrated_gradients,none,wine_quality,1586,testing,5,1,True,-0.016391867023597195,1.0,-0.07624330092445353,-0.1529058246743496,0.0165503430386983,1.0,0.5283190608024597,0.11934235692024231,0.0,0.0,1,0.6666666666666666,0.0,False
55,10,1,6,single_condition,integrated_gradients,none,wine_quality,1029,testing,6,0,False,,,,,,,,,1.0,0.0,0,0.6666666666666666,0.0,True
56,1,1,1,single_condition,integrated_gradients,attribution,wine_quality,322,training,1,0,,-1.0,-0.22075183112651728,-0.2065066768711176,-0.2756296242423176,0.007351621111844725,0.0,0.05757322162389755,0.11934235692024231,,,0,,0.0,
56,2,1,2,single_condition,integrated_gradients,attribution,wine_quality,917,training,2,0,,-0.3303673133869691,-1.0,-0.00932179663451103,-0.8757376063373546,-0.9858381151736695,0.0,0.015437839552760124,0.11934235692024231,,,0,,0.0,
56,3,1,3,single_condition,integrated_gradients,attribution,wine_quality,336,training,3,1,,0.8512939480458775,0.4767201891362189,1.0,-0.03872642245980264,-0.16114278651146985,1.0,0.20536501705646515,0.11934235692024231,,,1,,0.0,
56,4,1,4,single_condition,integrated_gradients,attribution,wine_quality,1063,training,4,1,,0.7029828432786611,-0.28646216627178084,1.0,0.0709221326313026,0.4846772810222864,1.0,0.1924189180135727,0.11934235692024231,,,1,,0.0,
56,5,1,1,single_condition,integrated_gradients,attribution,wine_quality,417,testing,1,0,False,,,,,,,,,1.0,0.0,0,0.6666666666666666,0.0,True
56,6,1,2,single_condition,integrated_gradients,attribution,wine_quality,989,testing,2,0,True,0.21758892978517214,-1.0,0.5336493404482341,0.1718425685784057,0.6349681348980902,0.0,0.1783808022737503,0.11934235692024231,0.0,1.0,0,0.6666666666666666,0.0,False
56,7,1,3,single_condition,integrated_gradients,attribution,wine_quality,505,testing,3,1,False,,,,,,,,,1.0,1.0,1,0.6666666666666666,0.0,True
56,8,1,4,single_condition,integrated_gradients,attribution,wine_quality,1151,testing,4,0,False,,,,,,,,,1.0,0.0,0,0.6666666666666666,0.0,True
56,9,1,5,single_condition,integrated_gradients,attribution,wine_quality,1586,testing,5,1,True,-0.016391867023597195,1.0,-0.07624330092445353,-0.1529058246743496,0.0165503430386983,1.0,0.5283190608024597,0.11934235692024231,0.0,0.0,1,0.6666666666666666,0.0,False
56,10,1,6,single_condition,integrated_gradients,attribution,wine_quality,1107,testing,6,1,True,1.0,0.5650285667751683,0.21197513945137286,0.3375039206284542,0.125112714754478,1.0,0.2810623049736023,0.11934235692024231,1.0,1.0,1,0.6666666666666666,0.0,True
57,1,1,1,single_condition,integrated_gradients,importance,wine_quality,187,training,1,0,,-0.41187048626968004,-1.0,-0.038949038045379324,-0.3387654372901904,-0.031931410779323176,0.0,0.06148200109601021,0.11934235692024231,,,0,,0.0,
57,2,1,2,single_condition,integrated_gradients,importance,wine_quality,336,training,2,1,,0.8512939480458775,0.4767201891362189,1.0,-0.03872642245980264,-0.16114278651146985,1.0,0.20536501705646515,0.11934235692024231,,,1,,0.0,
57,3,1,3,single_condition,integrated_gradients,importance,wine_quality,648,training,3,0,,1.0,0.2168044757525753,0.36591509630703084,-0.008057646582288289,-0.09961023593101034,0.0,0.0867438018321991,0.11934235692024231,,,0,,0.0,
57,4,1,4,single_condition,integrated_gradients,importance,wine_quality,1068,training,4,1,,0.6350686426831175,0.35426970909005384,0.03948115560161095,1.0,0.5983664245068836,1.0,0.2154114842414856,0.11934235692024231,,,1,,0.0,
57,5,1,1,single_condition,integrated_gradients,importance,wine_quality,1120,testing,1,1,True,1.0,0.6741778450762242,0.7798122096424384,-0.016080387097903215,0.4281229002621896,1.0,0.1937171071767807,0.11934235692024231,1.0,1.0,1,0.6666666666666666,0.0,True
57,6,1,2,single_condition,integrated_gradients,importance,wine_quality,1529,testing,2,0,False,,,,,,,,,1.0,0.0,0,0.6666666666666666,0.0,True
57,7,1,3,single_condition,integrated_gradients,importance,wine_quality,820,testing,3,0,False,,,,,,,,,1.0,0.0,0,0.6666666666666666,0.0,True
57,8,1,4,single_condition,integrated_gradients,importance,wine_quality,882,testing,4,1,True,0.8238478385532476,1.0,0.5979322677793621,-0.024658601932580595,0.3480170457043409,1.0,0.2175995409488678,0.11934235692024231,0.0,0.0,1,0.6666666666666666,0.0,False
57,9,1,5,single_condition,integrated_gradients,importance,wine_quality,377,testing,5,1,True,1.0,0.23032966547428704,0.10111882517743159,0.30729929503685516,0.16714325499349228,1.0,0.3716522753238678,0.11934235692024231,1.0,1.0,1,0.6666666666666666,0.0,True
57,10,1,6,single_condition,integrated_gradients,importance,wine_quality,1478,testing,6,0,False,,,,,,,,,0.0,1.0,0,0.6666666666666666,0.0,False
58,1,1,1,single_condition,input_gradients,none,wine_quality,430,training,1,1,,1.0,-0.38434409386177415,-0.05212068348671083,0.033072535685891545,-0.18421409162825747,1.0,0.7010532021522522,0.0,,,1,,0.0,
58,2,1,2,single_condition,input_gradients,none,wine_quality,833,training,2,0,,0.6974965356206418,-0.9541813497620151,-1.0,-0.1793204031954583,-0.9390907992608027,0.0,0.028722940012812614,0.0,,,0,,0.0,
58,3,1,3,single_condition,input_gradients,none,wine_quality,881,training,3,0,,0.9406421486450244,1.0,0.19451558274398562,0.3362908477064777,0.2008937898184715,0.0,0.3298065662384033,0.0,,,0,,0.0,
58,4,1,4,single_condition,input_gradients,none,wine_quality,913,training,4,1,,0.2941471643857244,1.0,0.02159509888800925,0.006828647826875553,-0.7082681830157607,1.0,0.42113015055656433,0.0,,,1,,0.0,
58,5,1,1,single_condition,input_gradients,none,wine_quality,1405,testing,1,1,False,,,,,,,,,0.0,0.0,1,0.6666666666666666,0.0,False
58,6,1,2,single_condition,input_gradients,none,wine_quality,735,testing,2,0,True,0.03219205282560568,0.022474396229031315,-0.06564299096335523,-1.0,0.12452635784684016,0.0,0.0024297323543578386,0.0,0.0,1.0,0,0.6666666666666666,0.0,False
58,7,1,3,single_condition,input_gradients,none,wine_quality,1125,testing,3,1,False,,,,,,,,,1.0,1.0,1,0.6666666666666666,0.0,True
58,8,1,4,single_condition,input_gradients,none,wine_quality,1597,testing,4,0,False,,,,,,,,,1.0,0.0,0,0.6666666666666666,0.0,True
58,9,1,5,single_condition,input_gradients,none,wine_quality,1586,testing,5,1,True,-0.04085306823282713,1.0,-0.13893230776097676,0.000744093249845314,0.2086330827997025,1.0,1.3193578720092773,0.0,0.0,0.0,1,0.6666666666666666,0.0,False
58,10,1,6,single_condition,input_gradients,none,wine_quality,1426,testing,6,0,True,0.8971140336666181,0.9225252616730325,-1.0,0.07687790337118255,-0.6079620533527365,0.0,0.40213364362716675,0.0,1.0,0.0,0,0.6666666666666666,0.0,True
59,1,1,1,single_condition,input_gradients,attribution,wine_quality,1008,training,1,1,,-0.1515645440616939,1.0,-0.273149802681798,0.12847713484811601,-0.46346167653312453,1.0,0.4080336391925812,0.0,,,1,,0.0,
59,2,1,2,single_condition,input_gradients,attribution,wine_quality,920,training,2,0,,1.0,0.5080712633994245,-0.19603093717173606,-0.5475866884898564,-0.35374474852189997,0.0,0.12504585087299347,0.0,,,0,,0.0,
59,3,1,3,single_condition,input_gradients,attribution,wine_quality,718,training,3,0,,0.15913439785284564,-0.4756354689554862,-0.10535495133992763,-1.0,0.5097926643486329,0.0,0.005946503020823002,0.0,,,0,,0.0,
59,4,1,4,single_condition,input_gradients,attribution,wine_quality,1570,training,4,1,,0.9425614031502283,1.0,-0.08335019060822696,-0.15222471878039168,-0.07414911048013147,1.0,0.268318772315979,0.0,,,1,,0.0,
59,5,1,1,single_condition,input_gradients,attribution,wine_quality,267,testing,1,1,True,1.0,0.5855840803383696,-0.2841847248012962,-0.21490503309610104,-0.49491594083852786,1.0,0.4088216722011566,0.0,1.0,1.0,1,0.6666666666666666,0.0,True
59,6,1,2,single_condition,input_gradients,attribution,wine_quality,961,testing,2,0,False,,,,,,,,,1.0,0.0,0,0.6666666666666666,0.0,True
59,7,1,3,single_condition,input_gradients,attribution,wine_quality,507,testing,3,0,False,,,,,,,,,1.0,0.0,0,0.6666666666666666,0.0,True
59,8,1,4,single_condition,input_gradients,attribution,wine_quality,495,testing,4,1,True,1.0,0.4889472887257124,-0.024893120268703706,-0.2078097914419521,-0.1059005821848105,1.0,0.606197714805603,0.0,0.0,0.0,1,0.6666666666666666,0.0,False
59,9,1,5,single_condition,input_gradients,attribution,wine_quality,69,testing,5,0,False,,,,,,,,,1.0,0.0,0,0.6666666666666666,0.0,True
59,10,1,6,single_condition,input_gradients,attribution,wine_quality,1590,testing,6,1,True,1.0,0.4195188846932975,0.035059870419058246,-0.22081305702240936,-0.3961229800533574,1.0,0.48332861065864563,0.0,1.0,1.0,1,0.6666666666666666,0.0,True
60,1,1,1,single_condition,input_gradients,importance,wine_quality,318,training,1,0,,0.522152887808884,1.0,-0.04547919478659362,0.8418729948760908,0.10884244671624757,0.0,0.6369574069976807,0.0,,,0,,0.0,
60,2,1,2,single_condition,input_gradients,importance,wine_quality,287,training,2,0,,-0.091018987438849,1.0,-0.06544625043408905,0.10819552603465922,0.05293835276623375,0.0,0.45466679334640503,0.0,,,0,,0.0,
60,3,1,3,single_condition,input_gradients,importance,wine_quality,583,training,3,1,,1.0,0.10529363107250952,0.25698114643020936,-0.11295898919092026,0.8356253299798821,1.0,0.4022994339466095,0.0,,,1,,0.0,
60,4,1,4,single_condition,input_gradients,importance,wine_quality,838,training,4,1,,1.0,-0.36038594618101427,-0.07934159977316725,-0.019945206650104998,-0.42812313139044345,1.0,0.6293846368789673,0.0,,,1,,0.0,
60,5,1,1,single_condition,input_gradients,importance,wine_quality,15,testing,1,0,True,0.0,-0.18277750922629285,-1.0,-0.10235786267103372,0.021963518700995808,0.0,4.198711690828194e-12,0.0,1.0,0.0,0,0.6666666666666666,0.0,True
60,6,1,2,single_condition,input_gradients,importance,wine_quality,505,testing,2,1,True,0.3001876746053494,1.0,-0.26312649438429075,-0.7345299233108386,-0.3412055265207612,1.0,0.1656380593776703,0.0,1.0,1.0,1,0.6666666666666666,0.0,True
60,7,1,3,single_condition,input_gradients,importance,wine_quality,1107,testing,3,1,False,,,,,,,,,1.0,1.0,1,0.6666666666666666,0.0,True
60,8,1,4,single_condition,input_gradients,importance,wine_quality,1274,testing,4,0,False,,,,,,,,,0.0,1.0,0,0.6666666666666666,0.0,False
60,9,1,5,single_condition,input_gradients,importance,wine_quality,940,testing,5,1,False,,,,,,,,,1.0,1.0,1,0.6666666666666666,0.0,True
60,10,1,6,single_condition,input_gradients,importance,wine_quality,1560,testing,6,0,True,0.19527638149744303,-0.025676790577759713,-1.0,-0.2745573865892333,-0.15510592346637084,0.0,2.668580236786511e-07,0.0,1.0,0.0,0,0.6666666666666666,0.0,True
61,1,1,1,single_condition,lime,none,wine_quality,405,training,1,0,,-0.6414671681378993,1.0,0.39781366302444787,0.553527000020012,-0.0018920131485054988,0.0,0.1095153345609511,0.06335369781121639,,,0,,0.0,
61,2,1,2,single_condition,lime,none,wine_quality,1228,training,2,1,,1.0,0.1399986041262456,-0.5662006060877364,0.12460968189753531,-0.10595364892421716,1.0,0.1727863198798479,0.06712926497048044,,,1,,0.0,
61,3,1,3,single_condition,lime,none,wine_quality,963,training,3,1,,1.0,0.13265957449789303,0.10962564929777023,0.48873122013510156,0.23657378093427736,1.0,0.19870497360183545,-0.007823163979729944,,,1,,0.0,
61,4,1,4,single_condition,lime,none,wine_quality,399,training,4,0,,-1.0,-0.5009465987229382,0.10037636000836259,-0.6377742126397499,0.5242911769887192,0.0,0.11497396101320004,0.14459752855693994,,,0,,0.0,
61,5,1,1,single_condition,lime,none,wine_quality,1018,testing,1,1,True,1.0,-0.2816970082453574,-0.2879159674926789,0.41952070952447035,0.3159479090660616,1.0,0.21086219554767135,0.028846283356324706,1.0,1.0,1,0.6666666666666666,0.0,True
61,6,1,2,single_condition,lime,none,wine_quality,1205,testing,2,1,False,,,,,,,,,0.0,0.0,1,0.6666666666666666,0.0,False
61,7,1,3,single_condition,lime,none,wine_quality,1292,testing,3,0,False,,,,,,,,,1.0,0.0,0,0.6666666666666666,0.0,True
61,8,1,4,single_condition,lime,none,wine_quality,940,testing,4,1,True,1.0,0.646937573102928,0.11114893790291122,0.5315537830881788,-0.12945924571154202,1.0,0.19295524351138213,-0.004000651650282919,0.0,0.0,1,0.6666666666666666,0.0,False
61,9,1,5,single_condition,lime,none,wine_quality,46,testing,5,0,True,-1.0,0.08587035878689887,-0.9227991997544738,-0.5267691900090403,-0.08924071446316259,0.0,0.10537392120608367,0.15634605741795288,0.0,1.0,0,0.6666666666666666,0.0,False
61,10,1,6,single_condition,lime,none,wine_quality,1291,testing,6,0,False,,,,,,,,,0.0,1.0,0,0.6666666666666666,0.0,False
62,1,1,1,single_condition,lime,attribution,wine_quality,838,training,1,1,,1.0,0.6470414615806868,0.2168127506442514,0.29122700170663746,-0.01160509775804702,1.0,0.18972126381717686,-0.012230223268592189,,,1,,0.0,
62,2,1,2,single_condition,lime,attribution,wine_quality,1450,training,2,1,,1.0,0.19169804745868085,0.266684819737597,0.5731026669906213,0.06420367566021142,1.0,0.18036292576085045,-0.010217271029224456,,,1,,0.0,
62,3,1,3,single_condition,lime,attribution,wine_quality,1282,training,3,0,,-0.005269403804361782,0.3661963437458133,1.0,-0.9105852755340417,0.15008769447653136,0.0,0.0557037949069496,0.07821458595384473,,,0,,0.0,
62,4,1,4,single_condition,lime,attribution,wine_quality,433,training,4,0,,-1.0,-0.5932272249124502,0.34361836174326377,0.6931498789275867,0.32521619007447905,0.0,0.1136430699702674,0.10025807739338205,,,0,,0.0,
62,5,1,1,single_condition,lime,attribution,wine_quality,1267,testing,1,1,False,,,,,,,,,0.0,0.0,1,0.6666666666666666,0.0,False
62,6,1,2,single_condition,lime,attribution,wine_quality,1574,testing,2,0,True,-0.03039369841775292,-0.4130070142579798,-0.6733111370492638,1.0,-0.17707599652045816,0.0,0.08550906942543594,0.09545185211929746,0.0,1.0,0,0.6666666666666666,0.0,False
62,7,1,3,single_condition,lime,attribution,wine_quality,1485,testing,3,0,True,-1.0,-0.9164045531058661,0.37604723824104236,-0.6222009433073941,-0.06883168907387681,0.0,0.07598376453407708,0.127598158154879,0.0,1.0,0,0.6666666666666666,0.0,False
62,8,1,4,single_condition,lime,attribution,wine_quality,470,testing,4,1,False,,,,,,,,,1.0,1.0,1,0.6666666666666666,0.0,True
62,9,1,5,single_condition,lime,attribution,wine_quality,344,testing,5,0,True,0.0037901891283489007,1.0,0.3161527046921792,-0.19587728604882237,0.32977616710632096,0.0,0.08008669984562584,0.053908077346404126,0.0,1.0,0,0.6666666666666666,0.0,False
62,10,1,6,single_condition,lime,attribution,wine_quality,1070,testing,6,1,False,,,,,,,,,1.0,1.0,1,0.6666666666666666,0.0,True
63,1,1,1,single_condition,lime,importance,wine_quality,1100,training,1,1,,1.0,0.35941187800375307,0.08821153594202732,0.29389980411637745,0.20511244933721917,1.0,0.22463138641697727,-0.016492437081924466,,,1,,0.0,
63,2,1,2,single_condition,lime,importance,wine_quality,817,training,2,1,,1.0,0.06267136538316559,0.29123146540460976,0.3577651996183093,-0.05429749593370055,1.0,0.20622426757370887,0.009552288675543655,,,1,,0.0,
63,3,1,3,single_condition,lime,importance,wine_quality,744,training,3,0,,-1.0,-0.3552265696428113,-0.6897165539938206,0.7158637684742034,0.4686521481928187,0.0,0.11852729547659394,0.12397941402145635,,,0,,0.0,
63,4,1,4,single_condition,lime,importance,wine_quality,1077,training,4,0,,0.05307850532936923,-0.39604815336045673,0.751269419989185,1.0,-0.00283306485164426,0.0,0.07302740227909929,0.06381458525849927,,,0,,0.0,
63,5,1,1,single_condition,lime,importance,wine_quality,265,testing,1,0,True,0.09888005016477072,0.265032943056546,0.645068608236642,1.0,0.5069900516894181,0.0,0.08049863708236775,0.041108917413585695,0.0,1.0,0,0.6666666666666666,0.0,False
63,6,1,2,single_condition,lime,importance,wine_quality,1102,testing,2,0,False,,,,,,,,,0.0,1.0,0,0.6666666666666666,0.0,False
63,7,1,3,single_condition,lime,importance,wine_quality,950,testing,3,1,False,,,,,,,,,1.0,1.0,1,0.6666666666666666,0.0,True
63,8,1,4,single_condition,lime,importance,wine_quality,377,testing,4,1,False,,,,,,,,,1.0,1.0,1,0.6666666666666666,0.0,True
63,9,1,5,single_condition,lime,importance,wine_quality,380,testing,5,0,True,-1.0,0.5809027849212759,0.3688652216727201,0.5931598485351225,0.46215573985736863,0.0,0.1269235798954179,0.06950132423819573,0.0,1.0,0,0.6666666666666666,0.0,False
63,10,1,6,single_condition,lime,importance,wine_quality,1405,testing,6,1,True,1.0,0.5541675656916563,0.16400854758341563,0.42388290179454413,-0.10538073174694468,1.0,0.17619665694788456,-0.0014464501722201845,1.0,1.0,1,0.6666666666666666,0.0,True
64,1,1,1,single_condition,shap,none,wine_quality,430,training,1,1,,0.8487715261686855,0.8532151549600715,0.42139140553278776,1.0,0.610185681114739,1.0,0.13871676818660028,0.13610758178750273,,,1,,0.0,
64,2,1,2,single_condition,shap,none,wine_quality,812,training,2,0,,0.3574804979800072,1.0,0.3368798082412027,0.27598351706178603,0.2222148395417068,0.0,0.06356018150284667,0.13610758178750273,,,0,,0.0,
64,3,1,3,single_condition,shap,none,wine_quality,1402,training,3,1,,1.0,0.867261353608525,0.22696189600872152,0.19638778702731982,-0.29364428182860414,1.0,0.22651549998463597,0.13610758178750273,,,1,,0.0,
64,4,1,4,single_condition,shap,none,wine_quality,1320,training,4,0,,-0.5038293776367261,-0.024246477441955648,-1.0,-0.2700713994712689,-0.06637172414875096,0.0,0.07294577826107973,0.13610758178750273,,,0,,0.0,
64,5,1,1,single_condition,shap,none,wine_quality,495,testing,1,1,True,0.9596685955011035,0.22154991418180783,0.7921837660034653,1.0,0.8942901702986531,1.0,0.10286238380804455,0.13610758178750273,1.0,1.0,1,0.6666666666666666,0.0,True
64,6,1,2,single_condition,shap,none,wine_quality,163,testing,2,0,True,-0.9768169934333972,-0.7526104545772373,-1.0,-0.2530425258549312,-0.16978190013468192,0.0,0.04317788857970195,0.13610758178750273,1.0,0.0,0,0.6666666666666666,0.0,True
64,7,1,3,single_condition,shap,none,wine_quality,505,testing,3,1,False,,,,,,,,,1.0,1.0,1,0.6666666666666666,0.0,True
64,8,1,4,single_condition,shap,none,wine_quality,1255,testing,4,0,True,0.14101030198860304,-1.0,-0.01851225759447157,-0.1189058287482484,-0.14055281190110266,0.0,0.11170607763912993,0.13610758178750273,0.0,1.0,0,0.6666666666666666,0.0,False
64,9,1,5,single_condition,shap,none,wine_quality,1461,testing,5,0,False,,,,,,,,,0.0,1.0,0,0.6666666666666666,0.0,False
64,10,1,6,single_condition,shap,none,wine_quality,1405,testing,6,1,False,,,,,,,,,1.0,1.0,1,0.6666666666666666,0.0,True
65,1,1,1,single_condition,shap,attribution,wine_quality,898,training,1,1,,1.0,0.6682378549667616,0.023404438054561362,0.17283345952459436,0.01880575861831942,1.0,0.23592573844547934,0.13610758178750273,,,1,,0.0,
65,2,1,2,single_condition,shap,attribution,wine_quality,1394,training,2,0,,-1.0,-0.8266612051765149,-0.5847678129771626,-0.13411337255397446,-0.10174682115564614,0.0,0.05137971034986014,0.13610758178750273,,,0,,0.0,
65,3,1,3,single_condition,shap,attribution,wine_quality,621,training,3,0,,-0.7863757761297677,-0.2021408936373832,-1.0,-0.12759160963531446,-0.05730143448905612,0.0,0.06262393780691758,0.13610758178750273,,,0,,0.0,
65,4,1,4,single_condition,shap,attribution,wine_quality,1450,training,4,1,,1.0,0.8666478755079007,0.4626894281506207,0.46350623150137327,0.2744318785637402,1.0,0.14047605203223987,0.13610758178750273,,,1,,0.0,
65,5,1,1,single_condition,shap,attribution,wine_quality,513,testing,1,1,True,1.0,0.20048815296811265,0.45201138184357537,0.024530834925284906,0.3809534335863236,1.0,0.20518300764262484,0.13610758178750273,1.0,1.0,1,0.6666666666666666,0.0,True
65,6,1,2,single_condition,shap,attribution,wine_quality,588,testing,2,1,False,,,,,,,,,1.0,1.0,1,0.6666666666666666,0.0,True
65,7,1,3,single_condition,shap,attribution,wine_quality,505,testing,3,1,False,,,,,,,,,1.0,1.0,1,0.6666666666666666,0.0,True
65,8,1,4,single_condition,shap,attribution,wine_quality,270,testing,4,0,False,,,,,,,,,0.0,1.0,0,0.6666666666666666,0.0,False
65,9,1,5,single_condition,shap,attribution,wine_quality,568,testing,5,0,True,0.07876274983839553,1.0,0.27533152946164213,0.048450444878876446,0.029105731759978503,0.0,0.10403977548851978,0.13610758178750273,0.0,1.0,0,0.6666666666666666,0.0,False
65,10,1,6,single_condition,shap,attribution,wine_quality,933,testing,6,0,True,-1.0,-0.0751292577994313,-0.007721161571173374,-0.15671938326005244,-0.4645940931507541,0.0,0.07445890191934064,0.13610758178750273,0.0,1.0,0,0.6666666666666666,0.0,False
66,1,1,1,single_condition,shap,importance,wine_quality,1063,training,1,1,,1.0,-0.10688508068073027,0.5060865059808157,0.49672890674467035,0.22608944809577775,1.0,0.1732098118201542,0.13610758178750273,,,1,,0.0,
66,2,1,2,single_condition,shap,importance,wine_quality,805,training,2,1,,1.0,0.28085612148097727,0.4443056768388943,0.3383683212587478,0.017378492593972807,1.0,0.2942558684529958,0.13610758178750273,,,1,,0.0,
66,3,1,3,single_condition,shap,importance,wine_quality,781,training,3,0,,-0.9941553746653556,-0.0786063050403215,0.03238583394090117,-0.026840697424168364,-1.0,0.0,0.06569564388059755,0.13610758178750273,,,0,,0.0,
66,4,1,4,single_condition,shap,importance,wine_quality,585,training,4,0,,-1.0,-0.020896443928640325,-0.007095899113409773,-0.055577577916232586,-0.4787681503424453,0.0,0.0827338415563581,0.13610758178750273,,,0,,0.0,
66,5,1,1,single_condition,shap,importance,wine_quality,431,testing,1,0,False,,,,,,,,,1.0,0.0,0,0.6666666666666666,0.0,True
66,6,1,2,single_condition,shap,importance,wine_quality,1172,testing,2,1,False,,,,,,,,,1.0,1.0,1,0.6666666666666666,0.0,True
66,7,1,3,single_condition,shap,importance,wine_quality,875,testing,3,1,False,,,,,,,,,1.0,1.0,1,0.6666666666666666,0.0,True
66,8,1,4,single_condition,shap,importance,wine_quality,1482,testing,4,0,True,-0.7108153793884445,-1.0,0.3456249791481731,-0.3795967805637132,-0.0985905520089861,0.0,0.05007955425396711,0.13610758178750273,0.0,1.0,0,0.6666666666666666,0.0,False
66,9,1,5,single_condition,shap,importance,wine_quality,505,testing,5,1,True,1.0,0.5724317791939819,0.32896360653459944,0.08334868068571177,0.20366260169782432,1.0,0.2803880314399939,0.13610758178750273,0.0,0.0,1,0.6666666666666666,0.0,False
66,10,1,6,single_condition,shap,importance,wine_quality,666,testing,6,0,True,-1.0,-0.2580565745184533,0.16876700714085552,-0.05985394597204578,0.09642591443511352,0.0,0.10272388025910296,0.13610758178750273,0.0,1.0,0,0.6666666666666666,0.0,False
67,1,1,1,single_condition,integrated_gradients,none,wine_quality,837,training,1,1,,0.3188363895001028,0.45075904217952756,0.5289532488214808,1.0,0.2324867686377383,1.0,0.34002795815467834,0.11934235692024231,,,1,,0.0,
67,2,1,2,single_condition,integrated_gradients,none,wine_quality,709,training,2,0,,-0.3366798543114151,0.055796470968036874,0.3734126434150941,-1.0,0.3147549187113134,0.0,0.051500484347343445,0.11934235692024231,,,0,,0.0,
67,3,1,3,single_condition,integrated_gradients,none,wine_quality,1163,training,3,0,,-0.4160837348237343,0.10785908085699641,-0.22138467287926292,-1.0,0.008581895448840358,0.0,0.06259070336818695,0.11934235692024231,,,0,,0.0,
67,4,1,4,single_condition,integrated_gradients,none,wine_quality,896,training,4,1,,0.7728131762861765,1.0,0.10774005441166104,0.023099886190201542,0.0029283641208912694,1.0,0.23864682018756866,0.11934235692024231,,,1,,0.0,
67,5,1,1,single_condition,integrated_gradients,none,wine_quality,588,testing,1,1,False,,,,,,,,,0.0,0.0,1,0.6666666666666666,0.0,False
67,6,1,2,single_condition,integrated_gradients,none,wine_quality,1070,testing,2,1,True,0.8719847101938584,1.0,0.1275301113870861,0.17474285753089092,0.57943996043225,1.0,0.16019000113010406,0.11934235692024231,0.0,0.0,1,0.6666666666666666,0.0,False
67,7,1,3,single_condition,integrated_gradients,none,wine_quality,69,testing,3,0,False,,,,,,,,,1.0,0.0,0,0.6666666666666666,0.0,True
67,8,1,4,single_condition,integrated_gradients,none,wine_quality,237,testing,4,0,False,,,,,,,,,1.0,0.0,0,0.6666666666666666,0.0,True
67,9,1,5,single_condition,integrated_gradients,none,wine_quality,1552,testing,5,0,True,1.0,0.07633627305247474,0.22292498116513876,0.9156957699303694,0.25203395103159104,0.0,0.061803486198186874,0.11934235692024231,1.0,0.0,0,0.6666666666666666,0.0,True
67,10,1,6,single_condition,integrated_gradients,none,wine_quality,505,testing,6,1,True,1.0,0.6184109302774101,0.24577500544879233,0.062432778219648266,0.142355726563137,1.0,0.3041057586669922,0.11934235692024231,0.0,0.0,1,0.6666666666666666,0.0,False
68,1,1,1,single_condition,integrated_gradients,attribution,wine_quality,685,training,1,0,,0.806454388773055,-1.0,-0.00331789147474479,-0.9828168488358093,0.026281649135426136,0.0,0.06974207609891891,0.11934235692024231,,,0,,0.0,
68,2,1,2,single_condition,integrated_gradients,attribution,wine_quality,304,training,2,0,,-0.7719820782427663,-1.0,-0.7450278346937882,-0.26817464619536463,-0.16476923402428592,0.0,0.04076049104332924,0.11934235692024231,,,0,,0.0,
68,3,1,3,single_condition,integrated_gradients,attribution,wine_quality,1209,training,3,1,,0.22574994786086744,1.0,-0.15978608633288266,0.0847558790821904,-0.007114019526382155,1.0,0.3631039559841156,0.11934235692024231,,,1,,0.0,
68,4,1,4,single_condition,integrated_gradients,attribution,wine_quality,326,training,4,1,,1.0,0.31742717701080925,-0.0427124036020561,-0.011160287873504864,0.34363454313039843,1.0,0.28564774990081787,0.11934235692024231,,,1,,0.0,
68,5,1,1,single_condition,integrated_gradients,attribution,wine_quality,888,testing,1,0,False,,,,,,,,,1.0,0.0,0,0.6666666666666666,0.0,True
68,6,1,2,single_condition,integrated_gradients,attribution,wine_quality,1590,testing,2,1,True,0.9409086365094018,1.0,0.06975155742541683,-0.012026648457833237,-0.02636160200577083,1.0,0.20078302919864655,0.11934235692024231,1.0,1.0,1,0.6666666666666666,0.0,True
68,7,1,3,single_condition,integrated_gradients,attribution,wine_quality,982,testing,3,0,True,0.2017446120069502,1.0,-0.3137157582502497,-0.021724352255200995,-0.009335712250079193,0.0,0.3614587187767029,0.11934235692024231,1.0,0.0,0,0.6666666666666666,0.0,True
68,8,1,4,single_condition,integrated_gradients,attribution,wine_quality,875,testing,4,1,False,,,,,,,,,1.0,1.0,1,0.6666666666666666,0.0,True
68,9,1,5,single_condition,integrated_gradients,attribution,wine_quality,672,testing,5,0,True,-0.26147733634530457,-0.39718933798854894,-0.6205374660435442,-1.0,-0.13755129207244784,0.0,0.04632003232836723,0.11934235692024231,1.0,0.0,0,0.6666666666666666,0.0,True
68,10,1,6,single_condition,integrated_gradients,attribution,wine_quality,491,testing,6,1,False,,,,,,,,,1.0,1.0,1,0.6666666666666666,0.0,True
69,1,1,1,single_condition,integrated_gradients,importance,wine_quality,465,training,1,0,,-1.0,0.8013381064136741,0.3505893489342518,-0.07522238953155105,-0.896894984962277,0.0,0.14074018597602844,0.11934235692024231,,,0,,0.0,
69,2,1,2,single_condition,integrated_gradients,importance,wine_quality,1228,training,2,1,,-0.403098553720733,0.4575656076748693,0.20872445896201958,-0.2565117083946103,1.0,1.0,0.44983750581741333,0.11934235692024231,,,1,,0.0,
69,3,1,3,single_condition,integrated_gradients,importance,wine_quality,1554,training,3,0,,0.6444308676744606,-0.5730871876962627,-0.17733749317358732,-1.0,0.1407088676400765,0.0,0.07020650804042816,0.11934235692024231,,,0,,0.0,
69,4,1,4,single_condition,integrated_gradients,importance,wine_quality,915,training,4,1,,0.8171700035348808,0.11809547327961284,1.0,0.1098139617559823,0.16883343011853022,1.0,0.22139614820480347,0.11934235692024231,,,1,,0.0,
69,5,1,1,single_condition,integrated_gradients,importance,wine_quality,1070,testing,1,1,False,,,,,,,,,0.0,0.0,1,0.6666666666666666,0.0,False
69,6,1,2,single_condition,integrated_gradients,importance,wine_quality,505,testing,2,1,True,1.0,0.6184109302774101,0.24577500544879233,0.062432778219648266,0.142355726563137,1.0,0.3041057586669922,0.11934235692024231,0.0,0.0,1,0.6666666666666666,0.0,False
69,7,1,3,single_condition,integrated_gradients,importance,wine_quality,738,testing,3,0,True,-0.6069902311743334,-0.6080428203517139,-1.0,0.08150370984980275,-0.23326456618154454,0.0,0.04947757348418236,0.11934235692024231,1.0,0.0,0,0.6666666666666666,0.0,True
69,8,1,4,single_condition,integrated_gradients,importance,wine_quality,1552,testing,4,0,True,1.0,0.07633627305247474,0.22292498116513876,0.9156957699303694,0.25203395103159104,0.0,0.061803486198186874,0.11934235692024231,1.0,0.0,0,0.6666666666666666,0.0,True
69,9,1,5,single_condition,integrated_gradients,importance,wine_quality,1590,testing,5,1,False,,,,,,,,,0.0,0.0,1,0.6666666666666666,0.0,False
69,10,1,6,single_condition,integrated_gradients,importance,wine_quality,660,testing,6,0,False,,,,,,,,,1.0,0.0,0,0.6666666666666666,0.0,True
70,1,1,1,single_condition,input_gradients,none,wine_quality,116,training,1,0,,-0.01822053985873132,1.0,0.180146973365788,0.17920907321494914,-0.23355320131236756,0.0,0.0951976552605629,0.0,,,0,,0.0,
70,2,1,2,single_condition,input_gradients,none,wine_quality,1298,training,2,0,,-1.0,0.8363471814713503,-0.12599218106961171,0.7302183264939353,-0.24196549096784004,0.0,0.14131930470466614,0.0,,,0,,0.0,
70,3,1,3,single_condition,input_gradients,none,wine_quality,1477,training,3,1,,-0.36123518877316974,1.0,0.32761239989996,0.24252429964344374,0.545538201802379,1.0,0.6827959418296814,0.0,,,1,,0.0,
70,4,1,4,single_condition,input_gradients,none,wine_quality,1584,training,4,1,,0.8798564071913222,1.0,-0.4103435416407877,-0.0942625269483221,-0.5659950097638389,1.0,0.44696590304374695,0.0,,,1,,0.0,
70,5,1,1,single_condition,input_gradients,none,wine_quality,588,testing,1,1,True,0.25341388247695473,1.0,-0.049242490467784714,0.5327016755303139,0.9568253249822583,1.0,0.5020039677619934,0.0,0.0,0.0,1,0.6666666666666666,0.0,False
70,6,1,2,single_condition,input_gradients,none,wine_quality,845,testing,2,0,True,0.2349936353755671,0.02145638802163245,-0.1683597841270489,-0.12157362096276193,-1.0,0.0,0.017159881070256233,0.0,1.0,0.0,0,0.6666666666666666,0.0,True
70,7,1,3,single_condition,input_gradients,none,wine_quality,486,testing,3,0,False,,,,,,,,,1.0,0.0,0,0.6666666666666666,0.0,True
70,8,1,4,single_condition,input_gradients,none,wine_quality,15,testing,4,0,False,,,,,,,,,0.0,1.0,0,0.6666666666666666,0.0,False
70,9,1,5,single_condition,input_gradients,none,wine_quality,1016,testing,5,1,False,,,,,,,,,0.0,0.0,1,0.6666666666666666,0.0,False
70,10,1,6,single_condition,input_gradients,none,wine_quality,1070,testing,6,1,True,1.0,-0.5489506351051219,-0.11454849671491638,-0.07005530919384355,-0.2950553713250431,1.0,0.5756011009216309,0.0,0.0,0.0,1,0.6666666666666666,0.0,False
71,1,1,1,single_condition,input_gradients,attribution,wine_quality,148,training,1,0,,0.49772239191287215,0.8228827379324515,-0.24250716770791492,0.1821003153059537,-1.0,0.0,0.050386760383844376,0.0,,,0,,0.0,
71,2,1,2,single_condition,input_gradients,attribution,wine_quality,630,training,2,0,,0.07034972635463849,1.0,0.03930504767578537,-0.5909775905572756,0.07022551090463103,0.0,0.033604416996240616,0.0,,,0,,0.0,
71,3,1,3,single_condition,input_gradients,attribution,wine_quality,1422,training,3,1,,0.2026586714230376,1.0,0.5000341289064948,0.576587311755395,0.4676077380674254,1.0,0.5536266565322876,0.0,,,1,,0.0,
71,4,1,4,single_condition,input_gradients,attribution,wine_quality,898,training,4,1,,0.7716817656355601,1.0,-0.5272509052505968,-0.06074705703018095,-0.3310539467808316,1.0,0.8105798363685608,0.0,,,1,,0.0,
71,5,1,1,single_condition,input_gradients,attribution,wine_quality,1328,testing,1,0,False,,,,,,,,,1.0,0.0,0,0.6666666666666666,0.0,True
71,6,1,2,single_condition,input_gradients,attribution,wine_quality,1018,testing,2,1,True,-1.0,0.09363786336312607,-0.24391690325119011,0.3573157119007806,-0.11497756401063845,1.0,0.03870660811662674,0.0,1.0,1.0,1,0.6666666666666666,0.0,True
71,7,1,3,single_condition,input_gradients,attribution,wine_quality,1461,testing,3,0,False,,,,,,,,,1.0,0.0,0,0.6666666666666666,0.0,True
71,8,1,4,single_condition,input_gradients,attribution,wine_quality,1586,testing,4,1,True,-0.04085306823282713,1.0,-0.13893230776097676,0.000744093249845314,0.2086330827997025,1.0,1.3193578720092773,0.0,1.0,1.0,1,0.6666666666666666,0.0,True
71,9,1,5,single_condition,input_gradients,attribution,wine_quality,1172,testing,5,1,True,0.320615655700084,1.0,-0.060591170399503916,0.02444917991714029,-0.7756689322474171,1.0,0.24414539337158203,0.0,0.0,0.0,1,0.6666666666666666,0.0,False
71,10,1,6,single_condition,input_gradients,attribution,wine_quality,1478,testing,6,0,False,,,,,,,,,1.0,0.0,0,0.6666666666666666,0.0,True
72,1,1,1,single_condition,input_gradients,importance,wine_quality,1015,training,1,1,,1.0,0.10482924847637327,-0.11051772983531616,-0.10543563140290159,-0.0,1.0,0.2854897379875183,0.0,,,1,,0.0,
72,2,1,2,single_condition,input_gradients,importance,wine_quality,408,training,2,1,,1.0,0.8164811913039873,-0.047315186719912895,-0.011117727166743158,-0.41432662583713437,1.0,0.3069511353969574,0.0,,,1,,0.0,
72,3,1,3,single_condition,input_gradients,importance,wine_quality,1084,training,3,0,,0.14433434153602473,-0.08063044472007733,-1.0,-0.035417381972086125,-0.5555126838908853,0.0,0.0020791199058294296,0.0,,,0,,0.0,
72,4,1,4,single_condition,input_gradients,importance,wine_quality,1225,training,4,0,,0.05228875560892206,0.012392729688334774,-1.0,-0.2608750084249997,0.06559719652306129,0.0,0.007440908346325159,0.0,,,0,,0.0,
72,5,1,1,single_condition,input_gradients,importance,wine_quality,725,testing,1,0,True,0.5085758816328501,0.48445412349290695,-0.00243613648122936,-1.0,0.19907830022435666,0.0,0.04932646080851555,0.0,0.0,1.0,0,0.6666666666666666,0.0,False
72,6,1,2,single_condition,input_gradients,importance,wine_quality,1016,testing,2,1,False,,,,,,,,,1.0,1.0,1,0.6666666666666666,0.0,True
72,7,1,3,single_condition,input_gradients,importance,wine_quality,1070,testing,3,1,True,1.0,-0.5489506351051219,-0.11454849671491638,-0.07005530919384355,-0.2950553713250431,1.0,0.5756011009216309,0.0,1.0,1.0,1,0.6666666666666666,0.0,True
72,8,1,4,single_condition,input_gradients,importance,wine_quality,265,testing,4,0,True,1.0,0.2542163566470177,0.00936999471820187,0.02305097204157478,-0.7154033315323314,0.0,0.4265980124473572,0.0,0.0,1.0,0,0.6666666666666666,0.0,False
72,9,1,5,single_condition,input_gradients,importance,wine_quality,947,testing,5,1,False,,,,,,,,,1.0,1.0,1,0.6666666666666666,0.0,True
72,10,1,6,single_condition,input_gradients,importance,wine_quality,800,testing,6,0,False,,,,,,,,,1.0,0.0,0,0.6666666666666666,0.0,True
73,1,1,1,single_condition,lime,none,wine_quality,966,training,1,1,,1.0,-0.20338041651174552,0.22251729015876337,0.5171965462938465,0.35097622425775515,1.0,0.18005282788591215,0.003886094851341393,,,1,,0.0,
73,2,1,2,single_condition,lime,none,wine_quality,205,training,2,1,,0.08348906082336142,0.8591407239210249,0.18012149839057862,1.0,0.5764206883809279,1.0,0.10069238415739509,0.028207571436005538,,,1,,0.0,
73,3,1,3,single_condition,lime,none,wine_quality,137,training,3,0,,-1.0,0.188628605919787,0.014403159980980268,-0.007998710675557406,-0.24435250658195073,0.0,0.10358158851183637,0.11520249441047228,,,0,,0.0,
73,4,1,4,single_condition,lime,none,wine_quality,62,training,4,0,,-1.0,-0.29708365485948796,0.1683843283518112,0.09403413935039039,-0.07434520319689371,0.0,0.1119115392889105,0.13045404682506548,,,0,,0.0,
73,5,1,1,single_condition,lime,none,wine_quality,1016,testing,1,1,True,1.0,0.5521110310413974,0.16082424704795914,0.4559249206045227,0.004517175208741,1.0,0.18456715532761875,-0.0016061543787671828,0.0,0.0,1,0.6666666666666666,0.0,False
73,6,1,2,single_condition,lime,none,wine_quality,505,testing,2,1,True,1.0,0.4051535861380559,0.17204135239203427,-0.0834933557274308,0.21612077150628145,1.0,0.18890865406466728,0.013531556741824657,1.0,1.0,1,0.6666666666666666,0.0,True
73,7,1,3,single_condition,lime,none,wine_quality,1107,testing,3,1,False,,,,,,,,,1.0,1.0,1,0.6666666666666666,0.0,True
73,8,1,4,single_condition,lime,none,wine_quality,366,testing,4,0,True,-1.0,0.12068819379021561,0.09896294142203824,-0.03915830425697025,0.6283504882629357,0.0,0.08342449484962534,0.09467117640223778,1.0,0.0,0,0.6666666666666666,0.0,True
73,9,1,5,single_condition,lime,none,wine_quality,246,testing,5,0,False,,,,,,,,,1.0,0.0,0,0.6666666666666666,0.0,True
73,10,1,6,single_condition,lime,none,wine_quality,1447,testing,6,0,False,,,,,,,,,1.0,0.0,0,0.6666666666666666,0.0,True
74,1,1,1,single_condition,lime,attribution,wine_quality,1580,training,1,0,,1.0,-0.3022190596822901,0.21055332216295497,0.37744855832860597,-0.08038293540678929,0.0,0.16849030010056107,0.04065621336550129,,,0,,0.0,
74,2,1,2,single_condition,lime,attribution,wine_quality,326,training,2,1,,1.0,0.5312425176696414,0.27016618495717626,-0.17362599832458395,0.18355682204184084,1.0,0.19483162559991415,0.002467087724159059,,,1,,0.0,
74,3,1,3,single_condition,lime,attribution,wine_quality,257,training,3,0,,-1.0,0.19336838660696337,0.07641959479597273,-0.5921235821490166,-0.28237796174932295,0.0,0.11078941110999377,0.1417686842050629,,,0,,0.0,
74,4,1,4,single_condition,lime,attribution,wine_quality,606,training,4,1,,1.0,0.43028586379450634,0.27627784322275173,0.0037576533847622734,0.003696966447420358,1.0,0.2357330516829126,-0.002974541343282372,,,1,,0.0,
74,5,1,1,single_condition,lime,attribution,wine_quality,1405,testing,1,1,False,,,,,,,,,1.0,1.0,1,0.6666666666666666,0.0,True
74,6,1,2,single_condition,lime,attribution,wine_quality,377,testing,2,1,False,,,,,,,,,1.0,1.0,1,0.6666666666666666,0.0,True
74,7,1,3,single_condition,lime,attribution,wine_quality,559,testing,3,0,True,1.0,0.03735291842212669,0.012176622264048228,0.10380963177882752,0.0028624309271470536,0.0,0.19258008927583936,0.03083610635424898,1.0,0.0,0,0.6666666666666666,0.0,True
74,8,1,4,single_condition,lime,attribution,wine_quality,626,testing,4,0,True,-1.0,-0.7476497329553127,0.39340939183299894,-0.22315488484446033,-0.10872490417188824,0.0,0.09785739065097938,0.13172742418328137,0.0,1.0,0,0.6666666666666666,0.0,False
74,9,1,5,single_condition,lime,attribution,wine_quality,61,testing,5,0,True,-1.0,0.1360207874839431,-0.8981061567865541,-0.5941707685744166,0.5170393897325277,0.0,0.10821045787964512,0.1469327268956796,1.0,0.0,0,0.6666666666666666,0.0,True
74,10,1,6,single_condition,lime,attribution,wine_quality,940,testing,6,1,False,,,,,,,,,1.0,1.0,1,0.6666666666666666,0.0,True
75,1,1,1,single_condition,lime,importance,wine_quality,1053,training,1,1,,1.0,0.4647505617225745,0.26678572664693295,0.39832321088017225,-0.07290667158609135,1.0,0.2192681741502027,-0.024230160020394936,,,1,,0.0,
75,2,1,2,single_condition,lime,importance,wine_quality,365,training,2,1,,1.0,0.5495664678305577,0.24045017676470365,-0.07964901593187268,-0.025747557722755342,1.0,0.19247638101158007,0.013969452676098781,,,1,,0.0,
75,3,1,3,single_condition,lime,importance,wine_quality,859,training,3,0,,1.0,0.5573983970632024,0.18877275741641267,-0.09735928240875574,-0.010478406322572067,0.0,0.18721170133479112,0.009276781748653484,,,0,,0.0,
75,4,1,4,single_condition,lime,importance,wine_quality,56,training,4,0,,-1.0,0.22125688374732536,0.6561959508474986,0.04010904260402641,0.5647653562891708,0.0,0.07406068959117512,0.07867692181374228,,,0,,0.0,
75,5,1,1,single_condition,lime,importance,wine_quality,1267,testing,1,1,False,,,,,,,,,1.0,1.0,1,0.6666666666666666,0.0,True
75,6,1,2,single_condition,lime,importance,wine_quality,735,testing,2,0,True,-1.0,-0.47154549659459793,0.45728790724399815,-0.5047237129626109,0.09285680821241599,0.0,0.09741370605824302,0.12180105521284507,0.0,1.0,0,0.6666666666666666,0.0,False
75,7,1,3,single_condition,lime,importance,wine_quality,1205,testing,3,1,False,,,,,,,,,1.0,1.0,1,0.6666666666666666,0.0,True
75,8,1,4,single_condition,lime,importance,wine_quality,495,testing,4,1,True,-0.02569801234890744,0.23842511928573557,0.8068870692913274,1.0,0.34492681741217185,1.0,0.0664652202907216,0.0513565491700694,1.0,1.0,1,0.6666666666666666,0.0,True
75,9,1,5,single_condition,lime,importance,wine_quality,1176,testing,5,0,True,1.0,-0.5915116091978426,-0.025971871508932,-0.3269790823802598,-0.18125808378451724,0.0,0.1522135456416497,0.09511615621841435,0.0,1.0,0,0.6666666666666666,0.0,False
75,10,1,6,single_condition,lime,importance,wine_quality,382,testing,6,0,False,,,,,,,,,0.0,1.0,0,0.6666666666666666,0.0,False
76,1,1,1,single_condition,shap,none,wine_quality,1181,training,1,0,,0.4325415292138893,-1.0,0.25107131763621626,0.2079075869948817,0.2224448593863541,0.0,0.18749052686195253,0.13610758178750273,,,0,,0.0,
76,2,1,2,single_condition,shap,none,wine_quality,1167,training,2,1,,1.0,0.9401135996707607,0.008949599062441813,0.10625690021267863,0.0013710866862235698,1.0,0.2673896545638522,0.13610758178750273,,,1,,0.0,
76,3,1,3,single_condition,shap,none,wine_quality,1298,training,3,0,,0.8699666209360464,-1.0,0.2875905096203348,-0.20962045971297952,-0.3404143392288939,0.0,0.1099959126263575,0.13610758178750273,,,0,,0.0,
76,4,1,4,single_condition,shap,none,wine_quality,1090,training,4,1,,0.4129056074786999,0.020486880480497235,-0.09789270807541263,0.9969720557640184,1.0,1.0,0.3372669236909071,0.13610758178750273,,,1,,0.0,
76,5,1,1,single_condition,shap,none,wine_quality,1552,testing,1,0,False,,,,,,,,,0.0,1.0,0,0.6666666666666666,0.0,False
76,6,1,2,single_condition,shap,none,wine_quality,1371,testing,2,0,False,,,,,,,,,1.0,0.0,0,0.6666666666666666,0.0,True
76,7,1,3,single_condition,shap,none,wine_quality,505,testing,3,1,True,1.0,0.5724317791939819,0.32896360653459944,0.08334868068571177,0.20366260169782432,1.0,0.2803880314399939,0.13610758178750273,0.0,0.0,1,0.6666666666666666,0.0,False
76,8,1,4,single_condition,shap,none,wine_quality,925,testing,4,0,False,,,,,,,,,0.0,1.0,0,0.6666666666666666,0.0,False
76,9,1,5,single_condition,shap,none,wine_quality,1016,testing,5,1,True,1.0,0.5926475490470619,0.3293776010404835,0.1197407575851371,0.06806898846425626,1.0,0.23940431131082912,0.13610758178750273,0.0,0.0,1,0.6666666666666666,0.0,False
76,10,1,6,single_condition,shap,none,wine_quality,267,testing,6,1,True,1.0,0.8357202133390953,0.15969365768625093,0.11720599707574726,0.012499005780351076,1.0,0.2786232449726819,0.13610758178750273,0.0,0.0,1,0.6666666666666666,0.0,False
77,1,1,1,single_condition,shap,attribution,wine_quality,500,training,1,0,,-1.0,-0.0776647577582258,-0.020895318516352658,-0.054873849236663746,-0.2233352988434777,0.0,0.09829115322511255,0.13610758178750273,,,0,,0.0,
77,2,1,2,single_condition,shap,attribution,wine_quality,1544,training,2,1,,1.0,0.9298106369246343,0.5073492456979858,0.5742324832078702,0.4102379932707041,1.0,0.15493874799227328,0.13610758178750273,,,1,,0.0,
77,3,1,3,single_condition,shap,attribution,wine_quality,1175,training,3,0,,1.0,0.4863339648721428,-0.1977855557364992,-0.014907250058338484,-0.4675186079974167,0.0,0.09432126440232827,0.13610758178750273,,,0,,0.0,
77,4,1,4,single_condition,shap,attribution,wine_quality,874,training,4,1,,1.0,0.09695595716903596,0.46670944092125144,0.427376679608815,0.46769498466323167,1.0,0.2347870935669571,0.13610758178750273,,,1,,0.0,
77,5,1,1,single_condition,shap,attribution,wine_quality,1452,testing,1,0,True,1.0,0.9118403846557727,-0.08433021210586297,0.02720527450590064,-0.07305540484791576,0.0,0.14515509106869878,0.13610758178750273,1.0,0.0,0,0.6666666666666666,0.0,True
77,6,1,2,single_condition,shap,attribution,wine_quality,513,testing,2,1,False,,,,,,,,,1.0,1.0,1,0.6666666666666666,0.0,True
77,7,1,3,single_condition,shap,attribution,wine_quality,725,testing,3,0,False,,,,,,,,,0.0,1.0,0,0.6666666666666666,0.0,False
77,8,1,4,single_condition,shap,attribution,wine_quality,1120,testing,4,1,True,1.0,0.4098025739104728,0.44265207090394226,0.005360634630424298,0.18215998759135732,1.0,0.26739741241649956,0.13610758178750273,1.0,1.0,1,0.6666666666666666,0.0,True
77,9,1,5,single_condition,shap,attribution,wine_quality,267,testing,5,1,False,,,,,,,,,0.0,0.0,1,0.6666666666666666,0.0,False
77,10,1,6,single_condition,shap,attribution,wine_quality,456,testing,6,0,True,-0.6095408772594608,-1.0,0.2729423210820266,-0.2714627453696897,-0.15468412554355482,0.0,0.050728728386396305,0.13610758178750273,0.0,1.0,0,0.6666666666666666,0.0,False
78,1,1,1,single_condition,shap,importance,wine_quality,492,training,1,1,,1.0,0.7858941566927822,0.29464656589427446,0.1058054188200731,0.11989699953280637,1.0,0.2875305782866736,0.13610758178750273,,,1,,0.0,
78,2,1,2,single_condition,shap,importance,wine_quality,945,training,2,1,,0.8572166557772087,1.0,0.4756871136830291,0.31645783881155753,0.38045158799450846,1.0,0.1349438460631334,0.13610758178750273,,,1,,0.0,
78,3,1,3,single_condition,shap,importance,wine_quality,1400,training,3,0,,-0.5990723186992745,-0.6502321021123751,-1.0,-0.3403163687758463,-0.04226878159016786,0.0,0.051714776658906836,0.13610758178750273,,,0,,0.0,
78,4,1,4,single_condition,shap,importance,wine_quality,990,training,4,0,,-1.0,-0.8012000047416612,0.09910612327375991,0.07071823468942809,0.16954892984134556,0.0,0.08434937614626518,0.13610758178750273,,,0,,0.0,
78,5,1,1,single_condition,shap,importance,wine_quality,1070,testing,1,1,True,0.7253893439442038,1.0,0.23474572153881135,0.4187731442417863,0.16778030193523458,1.0,0.167810983964313,0.13610758178750273,1.0,1.0,1,0.6666666666666666,0.0,True
78,6,1,2,single_condition,shap,importance,wine_quality,376,testing,2,0,False,,,,,,,,,0.0,1.0,0,0.6666666666666666,0.0,False
78,7,1,3,single_condition,shap,importance,wine_quality,1319,testing,3,0,False,,,,,,,,,0.0,1.0,0,0.6666666666666666,0.0,False
78,8,1,4,single_condition,shap,importance,wine_quality,1405,testing,4,1,True,0.7800721411399479,1.0,0.1855970626737857,0.3140335832169237,-0.02837437816671922,1.0,0.19070509953216838,0.13610758178750273,1.0,1.0,1,0.6666666666666666,0.0,True
78,9,1,5,single_condition,shap,importance,wine_quality,1018,testing,5,1,False,,,,,,,,,0.0,0.0,1,0.6666666666666666,0.0,False
78,10,1,6,single_condition,shap,importance,wine_quality,1136,testing,6,0,True,1.0,0.8578115927918927,0.33237690414653087,-0.18238328422226593,0.08021557794617115,0.0,0.12858347160793407,0.13610758178750273,0.0,1.0,0,0.6666666666666666,0.0,False
79,1,1,1,single_condition,integrated_gradients,none,wine_quality,1422,training,1,1,,0.1506069139536278,1.0,0.015486997128438422,0.0017558705442141116,-0.004341436750711135,1.0,0.3529706597328186,0.11934235692024231,,,1,,0.0,
79,2,1,2,single_condition,integrated_gradients,none,wine_quality,430,training,2,1,,0.9213142148333581,0.7428775405582049,0.35025301594180513,0.4313510749849915,1.0,1.0,0.1522531807422638,0.11934235692024231,,,1,,0.0,
79,3,1,3,single_condition,integrated_gradients,none,wine_quality,33,training,3,0,,-0.5996255552850112,-1.0,-0.7249938629234541,0.03282720375858152,-0.3866312133540128,0.0,0.04485832154750824,0.11934235692024231,,,0,,0.0,
79,4,1,4,single_condition,integrated_gradients,none,wine_quality,809,training,4,0,,-0.1040333239686133,-1.0,-0.04531033845710015,0.10946153981908545,0.029351463681259207,0.0,0.07303617149591446,0.11934235692024231,,,0,,0.0,
79,5,1,1,single_condition,integrated_gradients,none,wine_quality,1590,testing,1,1,True,0.9409086365094018,1.0,0.06975155742541683,-0.012026648457833237,-0.02636160200577083,1.0,0.20078302919864655,0.11934235692024231,1.0,1.0,1,0.6666666666666666,0.0,True
79,6,1,2,single_condition,integrated_gradients,none,wine_quality,882,testing,2,1,False,,,,,,,,,1.0,1.0,1,0.6666666666666666,0.0,True
79,7,1,3,single_condition,integrated_gradients,none,wine_quality,696,testing,3,0,False,,,,,,,,,0.0,1.0,0,0.6666666666666666,0.0,False
79,8,1,4,single_condition,integrated_gradients,none,wine_quality,1197,testing,4,0,True,-0.5301243770497357,-1.0,-0.20770288043950427,-0.11261744103084118,0.036908388029291785,0.0,0.05552874878048897,0.11934235692024231,0.0,1.0,0,0.6666666666666666,0.0,False
79,9,1,5,single_condition,integrated_gradients,none,wine_quality,875,testing,5,1,False,,,,,,,,,1.0,1.0,1,0.6666666666666666,0.0,True
79,10,1,6,single_condition,integrated_gradients,none,wine_quality,1436,testing,6,0,True,-1.0,-0.02459590946794953,-0.717814689425203,0.1269196048181012,-0.023516160412007187,0.0,0.07719245553016663,0.11934235692024231,0.0,1.0,0,0.6666666666666666,0.0,False
80,1,1,1,single_condition,integrated_gradients,attribution,wine_quality,509,training,1,1,,0.3279986661857467,0.08470908253952818,0.037463715093551654,0.29012650846575044,1.0,1.0,0.38735008239746094,0.11934235692024231,,,1,,0.0,
80,2,1,2,single_condition,integrated_gradients,attribution,wine_quality,1257,training,2,0,,0.025808466779929238,1.0,-0.46852070747857366,0.26102655805319,-0.007588570035347289,0.0,0.06936000287532806,0.11934235692024231,,,0,,0.0,
80,3,1,3,single_condition,integrated_gradients,attribution,wine_quality,1464,training,3,0,,-1.0,0.10199586983490348,-0.20067819188232505,-0.04961875789108949,-0.6331536719242061,0.0,0.06429251283407211,0.11934235692024231,,,0,,0.0,
80,4,1,4,single_condition,integrated_gradients,attribution,wine_quality,1006,training,4,1,,1.0,0.8670743379692042,0.31407871655523184,0.22804987038564128,0.1677630240671715,1.0,0.23661020398139954,0.11934235692024231,,,1,,0.0,
80,5,1,1,single_condition,integrated_gradients,attribution,wine_quality,267,testing,1,1,True,0.4773586195545046,1.0,0.16283336825947853,0.010118779174943342,-0.06096933794964076,1.0,0.38711172342300415,0.11934235692024231,1.0,1.0,1,0.6666666666666666,0.0,True
80,6,1,2,single_condition,integrated_gradients,attribution,wine_quality,1344,testing,2,0,True,0.38149946756673514,-1.0,0.3711103937758257,0.3509821014362963,0.2294273859913802,0.0,0.1445104032754898,0.11934235692024231,0.0,1.0,0,0.6666666666666666,0.0,False
80,7,1,3,single_condition,integrated_gradients,attribution,wine_quality,1061,testing,3,1,False,,,,,,,,,1.0,1.0,1,0.6666666666666666,0.0,True
80,8,1,4,single_condition,integrated_gradients,attribution,wine_quality,588,testing,4,1,False,,,,,,,,,0.0,0.0,1,0.6666666666666666,0.0,False
80,9,1,5,single_condition,integrated_gradients,attribution,wine_quality,1438,testing,5,0,True,-0.06614974060095832,-1.0,0.009452849185755152,-0.08377830056108466,-0.03427649694863634,0.0,0.08658100664615631,0.11934235692024231,0.0,1.0,0,0.6666666666666666,0.0,False
80,10,1,6,single_condition,integrated_gradients,attribution,wine_quality,1552,testing,6,0,False,,,,,,,,,1.0,0.0,0,0.6666666666666666,0.0,True
81,1,1,1,single_condition,integrated_gradients,importance,wine_quality,381,training,1,0,,-1.0,0.7964425754896696,0.031113160804073423,0.4674498715886228,0.02260624284789068,0.0,0.08355341106653214,0.11934235692024231,,,0,,0.0,
81,2,1,2,single_condition,integrated_gradients,importance,wine_quality,457,training,2,0,,-1.0,-0.7590467793929125,-0.31768912490948303,-0.4511222160899602,-0.045210986976645634,0.0,0.046027522534132004,0.11934235692024231,,,0,,0.0,
81,3,1,3,single_condition,integrated_gradients,importance,wine_quality,802,training,3,1,,0.2961896528600307,1.0,0.23144985028851575,0.062204871238428265,0.23445096363133971,1.0,0.46108439564704895,0.11934235692024231,,,1,,0.0,
81,4,1,4,single_condition,integrated_gradients,importance,wine_quality,1007,training,4,1,,1.0,0.6104078640616557,0.21919064674583838,0.3281217918362851,0.1636634926540365,1.0,0.26867052912712097,0.11934235692024231,,,1,,0.0,
81,5,1,1,single_condition,integrated_gradients,importance,wine_quality,1070,testing,1,1,False,,,,,,,,,0.0,0.0,1,0.6666666666666666,0.0,False
81,6,1,2,single_condition,integrated_gradients,importance,wine_quality,940,testing,2,1,True,0.8349381680756318,1.0,0.7107517363051021,0.02288573180290761,-0.16444487487917717,1.0,0.231907919049263,0.11934235692024231,0.0,0.0,1,0.6666666666666666,0.0,False
81,7,1,3,single_condition,integrated_gradients,importance,wine_quality,410,testing,3,0,True,-0.473408232843954,-0.2168598524314293,-1.0,-0.09354898234223946,-0.1516595427876419,0.0,0.06125166639685631,0.11934235692024231,1.0,0.0,0,0.6666666666666666,0.0,True
81,8,1,4,single_condition,integrated_gradients,importance,wine_quality,1405,testing,4,1,True,0.9968398464414572,1.0,0.11538447491471589,0.1203017508382322,0.09498394222431711,1.0,0.1927814781665802,0.11934235692024231,0.0,0.0,1,0.6666666666666666,0.0,False
81,9,1,5,single_condition,integrated_gradients,importance,wine_quality,1436,testing,5,0,False,,,,,,,,,1.0,0.0,0,0.6666666666666666,0.0,True
81,10,1,6,single_condition,integrated_gradients,importance,wine_quality,122,testing,6,0,False,,,,,,,,,1.0,0.0,0,0.6666666666666666,0.0,True
82,1,1,1,single_condition,input_gradients,none,wine_quality,1198,training,1,0,,0.6678498676783183,-0.37465649093558817,-1.0,0.03139505183920279,-0.10651262941811515,0.0,1.0602753162384033,0.0,,,0,,0.0,
82,2,1,2,single_condition,input_gradients,none,wine_quality,346,training,2,1,,0.5092958531715653,1.0,0.29526304868970815,-0.2116003830942939,0.603567432240624,1.0,0.5753933191299438,0.0,,,1,,0.0,
82,3,1,3,single_condition,input_gradients,none,wine_quality,536,training,3,0,,0.12479476392437765,0.2828918823101661,-0.17784487768423407,-1.0,0.0078817138269843,0.0,0.03698769956827164,0.0,,,0,,0.0,
82,4,1,4,single_condition,input_gradients,none,wine_quality,210,training,4,1,,1.0,-0.024386842295981682,-0.020264609636498496,-0.054833700796621865,-0.3621440600738867,1.0,0.26647019386291504,0.0,,,1,,0.0,
82,5,1,1,single_condition,input_gradients,none,wine_quality,1018,testing,1,1,True,-1.0,0.09363786336312607,-0.24391690325119011,0.3573157119007806,-0.11497756401063845,1.0,0.03870660811662674,0.0,0.0,0.0,1,0.6666666666666666,0.0,False
82,6,1,2,single_condition,input_gradients,none,wine_quality,377,testing,2,1,False,,,,,,,,,1.0,1.0,1,0.6666666666666666,0.0,True
82,7,1,3,single_condition,input_gradients,none,wine_quality,1447,testing,3,0,False,,,,,,,,,0.0,1.0,0,0.6666666666666666,0.0,False
82,8,1,4,single_condition,input_gradients,none,wine_quality,39,testing,4,0,True,0.45646233491171756,-0.22727252848329843,-1.0,-0.03218664735180559,-0.30628127749992456,0.0,0.014693770557641983,0.0,1.0,0.0,0,0.6666666666666666,0.0,True
82,9,1,5,single_condition,input_gradients,none,wine_quality,495,testing,5,1,True,1.0,0.4889472887257124,-0.024893120268703706,-0.2078097914419521,-0.1059005821848105,1.0,0.606197714805603,0.0,1.0,1.0,1,0.6666666666666666,0.0,True
82,10,1,6,single_condition,input_gradients,none,wine_quality,1253,testing,6,0,False,,,,,,,,,0.0,1.0,0,0.6666666666666666,0.0,False
83,1,1,1,single_condition,input_gradients,attribution,wine_quality,449,training,1,0,,1.0,0.7468745629443533,-0.3294869014823644,-0.45221259755295884,-0.09513299108802103,0.0,0.3484024107456207,0.0,,,0,,0.0,
83,2,1,2,single_condition,input_gradients,attribution,wine_quality,922,training,2,1,,0.42472271563056607,0.9002899914819427,0.8313089420237534,1.0,0.7548527663263919,1.0,0.36628130078315735,0.0,,,1,,0.0,
83,3,1,3,single_condition,input_gradients,attribution,wine_quality,949,training,3,1,,1.0,0.4444027744038355,-0.09388860506990067,0.11623851617579144,-0.4188046078114697,1.0,0.4465615749359131,0.0,,,1,,0.0,
83,4,1,4,single_condition,input_gradients,attribution,wine_quality,1258,training,4,0,,0.6611469665245879,1.0,-0.11061935414725058,-0.3817728970419508,-0.2980373653439619,0.0,0.23302146792411804,0.0,,,0,,0.0,
83,5,1,1,single_condition,input_gradients,attribution,wine_quality,377,testing,1,1,False,,,,,,,,,0.0,0.0,1,0.6666666666666666,0.0,False
83,6,1,2,single_condition,input_gradients,attribution,wine_quality,46,testing,2,0,False,,,,,,,,,1.0,0.0,0,0.6666666666666666,0.0,True
83,7,1,3,single_condition,input_gradients,attribution,wine_quality,1120,testing,3,1,True,-1.0,0.6524639562331145,-0.08265311624952998,-0.05972207058984799,-0.30239680121648244,1.0,0.28089308738708496,0.0,0.0,0.0,1,0.6666666666666666,0.0,False
83,8,1,4,single_condition,input_gradients,attribution,wine_quality,800,testing,4,0,False,,,,,,,,,1.0,0.0,0,0.6666666666666666,0.0,True
83,9,1,5,single_condition,input_gradients,attribution,wine_quality,1590,testing,5,1,True,1.0,0.4195188846932975,0.035059870419058246,-0.22081305702240936,-0.3961229800533574,1.0,0.48332861065864563,0.0,0.0,0.0,1,0.6666666666666666,0.0,False
83,10,1,6,single_condition,input_gradients,attribution,wine_quality,725,testing,6,0,True,0.5085758816328501,0.48445412349290695,-0.00243613648122936,-1.0,0.19907830022435666,0.0,0.04932646080851555,0.0,1.0,0.0,0,0.6666666666666666,0.0,True
84,1,1,1,single_condition,input_gradients,importance,wine_quality,1047,training,1,0,,0.5640996118919882,0.06152531939814236,-0.42111939239394186,-0.013157055775246956,-1.0,0.0,0.2664799392223358,0.0,,,0,,0.0,
84,2,1,2,single_condition,input_gradients,importance,wine_quality,341,training,2,1,,1.0,-0.37654006046796634,-0.010760968351068382,-0.3010994009203962,-0.15546873662721572,1.0,0.8461640477180481,0.0,,,1,,0.0,
84,3,1,3,single_condition,input_gradients,importance,wine_quality,589,training,3,1,,1.0,0.8305366258919601,-0.008183528583077875,-0.03203582506297458,0.00663270504362265,1.0,0.32457417249679565,0.0,,,1,,0.0,
84,4,1,4,single_condition,input_gradients,importance,wine_quality,1187,training,4,0,,0.9393100919576962,-0.06770094902236615,-0.7486552862120096,-0.5448309875008772,-1.0,0.0,0.02847856469452381,0.0,,,0,,0.0,
84,5,1,1,single_condition,input_gradients,importance,wine_quality,1016,testing,1,1,True,0.6458825505602395,1.0,-0.31844753822205857,-0.17517633391636817,-0.22303524257318025,1.0,0.39883995056152344,0.0,1.0,1.0,1,0.6666666666666666,0.0,True
84,6,1,2,single_condition,input_gradients,importance,wine_quality,1511,testing,2,0,False,,,,,,,,,0.0,1.0,0,0.6666666666666666,0.0,False
84,7,1,3,single_condition,input_gradients,importance,wine_quality,136,testing,3,0,False,,,,,,,,,1.0,0.0,0,0.6666666666666666,0.0,True
84,8,1,4,single_condition,input_gradients,importance,wine_quality,377,testing,4,1,False,,,,,,,,,1.0,1.0,1,0.6666666666666666,0.0,True
84,9,1,5,single_condition,input_gradients,importance,wine_quality,947,testing,5,1,True,-0.04033526501517837,1.0,-0.017412164514265648,-0.0029845257007407667,-0.06223840393086152,1.0,0.30160921812057495,0.0,1.0,1.0,1,0.6666666666666666,0.0,True
84,10,1,6,single_condition,input_gradients,importance,wine_quality,1045,testing,6,0,True,-0.49728953638899537,1.0,-0.60495729021088,0.623136834159375,-0.6105444492458579,0.0,0.08881167322397232,0.0,1.0,0.0,0,0.6666666666666666,0.0,True
85,1,1,1,single_condition,lime,none,wine_quality,840,training,1,1,,1.0,0.4492753009794592,0.24726657550557699,-0.03838939816457262,0.10995071656631185,1.0,0.1928415634114095,0.009306086275608097,,,1,,0.0,
85,2,1,2,single_condition,lime,none,wine_quality,407,training,2,0,,0.2664182984715335,0.20953583237970796,0.2298246607615956,1.0,0.6380981952854494,0.0,0.10302263133576703,0.03547852065923275,,,0,,0.0,
85,3,1,3,single_condition,lime,none,wine_quality,991,training,3,0,,-1.0,-0.5418268506420384,-0.7237859714254181,0.6209599739645741,-0.35206123489928187,0.0,0.09706878777059752,0.1366441417147867,,,0,,0.0,
85,4,1,4,single_condition,lime,none,wine_quality,1162,training,4,1,,1.0,0.07078880210296017,0.20000913609363408,0.3810739584912361,0.3187128247806522,1.0,0.21944087027620443,-0.015648648092980597,,,1,,0.0,
85,5,1,1,single_condition,lime,none,wine_quality,875,testing,1,1,False,,,,,,,,,1.0,1.0,1,0.6666666666666666,0.0,True
85,6,1,2,single_condition,lime,none,wine_quality,856,testing,2,0,True,0.0186058468414414,0.3400567338440525,-0.13142359985952118,1.0,-0.2977113222580026,0.0,0.08378217949948126,0.06948132969781787,1.0,0.0,0,0.6666666666666666,0.0,True
85,7,1,3,single_condition,lime,none,wine_quality,505,testing,3,1,False,,,,,,,,,1.0,1.0,1,0.6666666666666666,0.0,True
85,8,1,4,single_condition,lime,none,wine_quality,1337,testing,4,0,True,-1.0,-0.47334006505106613,0.21015153930044264,-0.03861358899231559,-0.02258140070793312,0.0,0.1140214688117435,0.1412745585319839,0.0,1.0,0,0.6666666666666666,0.0,False
85,9,1,5,single_condition,lime,none,wine_quality,521,testing,5,0,True,-1.0,0.3459785374065282,0.1958561032156906,0.10560875980339982,-0.30986222130824864,0.0,0.10178361218014186,0.10900197381627835,0.0,1.0,0,0.6666666666666666,0.0,False
85,10,1,6,single_condition,lime,none,wine_quality,267,testing,6,1,False,,,,,,,,,1.0,1.0,1,0.6666666666666666,0.0,True
86,1,1,1,single_condition,lime,attribution,wine_quality,210,training,1,1,,1.0,0.5493646436794323,0.3142769390816859,-0.07735373230399568,-0.007878475689175208,1.0,0.2103294662287052,0.0027367212097919313,,,1,,0.0,
86,2,1,2,single_condition,lime,attribution,wine_quality,967,training,2,0,,-1.0,-0.5202808559951657,-0.7329551398595142,-0.4940455929641043,0.1995841369276045,0.0,0.10296206221832975,0.16149883293274958,,,0,,0.0,
86,3,1,3,single_condition,lime,attribution,wine_quality,375,training,3,1,,1.0,0.5071016959573811,0.2597694274732825,-0.17101067165905787,0.16625680107478275,1.0,0.20468559576858375,-0.0014587927505493453,,,1,,0.0,
86,4,1,4,single_condition,lime,attribution,wine_quality,333,training,4,0,,0.4595203601195017,-1.0,0.0733181992183685,-0.5604998225142179,0.9799155506793591,0.0,0.051901240166813065,0.09037982330580419,,,0,,0.0,
86,5,1,1,single_condition,lime,attribution,wine_quality,470,testing,1,1,False,,,,,,,,,1.0,1.0,1,0.6666666666666666,0.0,True
86,6,1,2,single_condition,lime,attribution,wine_quality,15,testing,2,0,False,,,,,,,,,1.0,0.0,0,0.6666666666666666,0.0,True
86,7,1,3,single_condition,lime,attribution,wine_quality,950,testing,3,1,True,0.9886124482973853,0.4970851880794143,0.3216388120415103,1.0,-0.1507104939222061,1.0,0.1916251281324874,0.010690257151644553,1.0,1.0,1,0.6666666666666666,0.0,True
86,8,1,4,single_condition,lime,attribution,wine_quality,1051,testing,4,0,True,-1.0,0.5919236675461418,-0.055576400135927406,-0.11500651145445648,0.3751364639973184,0.0,0.11398003450672116,0.10371905167539609,0.0,1.0,0,0.6666666666666666,0.0,False
86,9,1,5,single_condition,lime,attribution,wine_quality,1291,testing,5,0,True,-0.08606506025459038,1.0,-0.2710331472883861,-0.3793921023203107,0.059881864272899814,0.0,0.07361849318461537,0.08509347097284119,0.0,1.0,0,0.6666666666666666,0.0,False
86,10,1,6,single_condition,lime,attribution,wine_quality,1061,testing,6,1,False,,,,,,,,,1.0,1.0,1,0.6666666666666666,0.0,True
87,1,1,1,single_condition,lime,importance,wine_quality,915,training,1,1,,1.0,0.04332486171975244,0.7607977965266218,0.3779545409562248,-0.029783562311918577,1.0,0.1993916775487458,0.024059715577433027,,,1,,0.0,
87,2,1,2,single_condition,lime,importance,wine_quality,464,training,2,0,,-1.0,0.1787879012891799,0.2895003665958062,0.7980652454613096,0.557618157271108,0.0,0.12663456627634728,0.07150912189672357,,,0,,0.0,
87,3,1,3,single_condition,lime,importance,wine_quality,357,training,3,1,,1.0,0.5953208471939766,0.2639735694796925,0.026613935976911775,0.06817629805907202,1.0,0.2062885478486495,-0.007908311556336645,,,1,,0.0,
87,4,1,4,single_condition,lime,importance,wine_quality,649,training,4,0,,1.0,-0.29940326257709643,-0.6030301003688208,0.06214365583763292,0.37145134625877296,0.0,0.1538263664725451,0.06366014206525719,,,0,,0.0,
87,5,1,1,single_condition,lime,importance,wine_quality,197,testing,1,0,False,,,,,,,,,0.0,1.0,0,0.6666666666666666,0.0,False
87,6,1,2,single_condition,lime,importance,wine_quality,1426,testing,2,0,False,,,,,,,,,0.0,1.0,0,0.6666666666666666,0.0,False
87,7,1,3,single_condition,lime,importance,wine_quality,568,testing,3,0,True,0.1421740826454723,1.0,0.24710442242244143,0.00477853405987442,-0.06928095152373637,0.0,0.12705412569640634,0.05618642133020394,0.0,1.0,0,0.6666666666666666,0.0,False
87,8,1,4,single_condition,lime,importance,wine_quality,1107,testing,4,1,False,,,,,,,,,1.0,1.0,1,0.6666666666666666,0.0,True
87,9,1,5,single_condition,lime,importance,wine_quality,1405,testing,5,1,True,1.0,0.5541675656916563,0.16400854758341563,0.42388290179454413,-0.10538073174694468,1.0,0.17619665694788456,-0.0014464501722201845,1.0,1.0,1,0.6666666666666666,0.0,True
87,10,1,6,single_condition,lime,importance,wine_quality,1267,testing,6,1,True,1.0,0.4401129590747365,0.24579438530838507,0.043585168868210754,0.06390174128200123,1.0,0.20454861338025682,0.00389155920491481,1.0,1.0,1,0.6666666666666666,0.0,True
88,1,1,1,single_condition,shap,none,wine_quality,817,training,1,1,,1.0,0.5539884540160793,0.3437285580267903,0.29794174313852334,0.03150353222846778,1.0,0.20628891967291013,0.13610758178750273,,,1,,0.0,
88,2,1,2,single_condition,shap,none,wine_quality,321,training,2,0,,-0.7647255685756938,-0.22008410911871956,-1.0,-0.2244870976275589,-0.0434734084964187,0.0,0.0604064218112484,0.13610758178750273,,,0,,0.0,
88,3,1,3,single_condition,shap,none,wine_quality,648,training,3,0,,1.0,0.3479186066437357,0.5175635681493008,0.060529760244693656,-0.19587484694375235,0.0,0.06393109485497242,0.13610758178750273,,,0,,0.0,
88,4,1,4,single_condition,shap,none,wine_quality,1067,training,4,1,,0.7514552933892165,0.5189575308890918,0.3909021201986175,1.0,0.8919986438579467,1.0,0.15691586465628504,0.13610758178750273,,,1,,0.0,
88,5,1,1,single_condition,shap,none,wine_quality,284,testing,1,0,True,-1.0,0.20022243225137293,-0.7663487009630604,-0.0995710627925057,-0.04882631529885466,0.0,0.07894012980168903,0.13610758178750273,1.0,0.0,0,0.6666666666666666,0.0,True
88,6,1,2,single_condition,shap,none,wine_quality,1170,testing,2,0,True,-0.360207260478961,0.3898811108430152,0.9830141592554599,1.0,0.657364580577783,0.0,0.0567614835631503,0.13610758178750273,0.0,1.0,0,0.6666666666666666,0.0,False
88,7,1,3,single_condition,shap,none,wine_quality,495,testing,3,1,False,,,,,,,,,1.0,1.0,1,0.6666666666666666,0.0,True
88,8,1,4,single_condition,shap,none,wine_quality,1508,testing,4,0,False,,,,,,,,,0.0,1.0,0,0.6666666666666666,0.0,False
88,9,1,5,single_condition,shap,none,wine_quality,1205,testing,5,1,True,0.5953832247975698,1.0,0.23265244804294596,0.12085257094139507,0.005096358107544662,1.0,0.21276493113562484,0.13610758178750273,1.0,1.0,1,0.6666666666666666,0.0,True
88,10,1,6,single_condition,shap,none,wine_quality,377,testing,6,1,False,,,,,,,,,1.0,1.0,1,0.6666666666666666,0.0,True
89,1,1,1,single_condition,shap,attribution,wine_quality,750,training,1,0,,-1.0,-0.6888460137920983,-0.010754161466666277,-0.31070179999482234,-0.043671517253761956,0.0,0.06044667490482546,0.13610758178750273,,,0,,0.0,
89,2,1,2,single_condition,shap,attribution,wine_quality,120,training,2,0,,-1.0,-0.4984535727262949,-0.8840514004953373,-0.9966307797716506,-0.13241129567033014,0.0,0.03876000514020272,0.13610758178750273,,,0,,0.0,
89,3,1,3,single_condition,shap,attribution,wine_quality,430,training,3,1,,0.8487715261686855,0.8532151549600715,0.42139140553278776,1.0,0.610185681114739,1.0,0.13871676818660028,0.13610758178750273,,,1,,0.0,
89,4,1,4,single_condition,shap,attribution,wine_quality,898,training,4,1,,1.0,0.6682378549667616,0.023404438054561362,0.17283345952459436,0.01880575861831942,1.0,0.23592573844547934,0.13610758178750273,,,1,,0.0,
89,5,1,1,single_condition,shap,attribution,wine_quality,61,testing,1,0,False,,,,,,,,,1.0,0.0,0,0.6666666666666666,0.0,True
89,6,1,2,single_condition,shap,attribution,wine_quality,1496,testing,2,0,True,-0.5821109986290635,-0.3106455725231934,-1.0,-0.1000487260986895,-0.01569261561179787,0.0,0.06776585667508596,0.13610758178750273,1.0,0.0,0,0.6666666666666666,0.0,True
89,7,1,3,single_condition,shap,attribution,wine_quality,1172,testing,3,1,True,1.0,0.5288140565453666,0.4369586287378568,0.1422363344826388,0.0689169258977868,1.0,0.252999896751862,0.13610758178750273,1.0,1.0,1,0.6666666666666666,0.0,True
89,8,1,4,single_condition,shap,attribution,wine_quality,1132,testing,4,1,False,,,,,,,,,1.0,1.0,1,0.6666666666666666,0.0,True
89,9,1,5,single_condition,shap,attribution,wine_quality,267,testing,5,1,True,1.0,0.8357202133390953,0.15969365768625093,0.11720599707574726,0.012499005780351076,1.0,0.2786232449726819,0.13610758178750273,1.0,1.0,1,0.6666666666666666,0.0,True
89,10,1,6,single_condition,shap,attribution,wine_quality,1051,testing,6,0,False,,,,,,,,,0.0,1.0,0,0.6666666666666666,0.0,False
90,1,1,1,single_condition,shap,importance,wine_quality,936,training,1,0,,0.8684974175291547,0.31615227128489415,-1.0,-0.12323486920109084,-0.35146850105986743,0.0,0.12446263323547846,0.13610758178750273,,,0,,0.0,
90,2,1,2,single_condition,shap,importance,wine_quality,514,training,2,1,,1.0,0.20048815296811265,0.45201138184357537,0.024530834925284906,0.3809534335863236,1.0,0.20518300764262484,0.13610758178750273,,,1,,0.0,
90,3,1,3,single_condition,shap,importance,wine_quality,375,training,3,1,,1.0,0.6248761902703279,0.45240989152258004,-0.008529214754917,0.2503620617736732,1.0,0.24842167339506666,0.13610758178750273,,,1,,0.0,
90,4,1,4,single_condition,shap,importance,wine_quality,310,training,4,0,,-1.0,-0.2955815966018338,0.12750395364673142,-0.14186843306159605,0.11223903332858841,0.0,0.09545304559700639,0.13610758178750273,,,0,,0.0,
90,5,1,1,single_condition,shap,importance,wine_quality,1173,testing,1,0,True,-1.0,-0.27782702168687434,-0.5460302323601129,0.005456065013682823,-0.3655613191586709,0.0,0.06225741548785203,0.13610758178750273,1.0,0.0,0,0.6666666666666666,0.0,True
90,6,1,2,single_condition,shap,importance,wine_quality,738,testing,2,0,True,-1.0,-0.39046986078557716,-0.9816074546198165,-0.1301314254874035,0.1886629465995256,0.0,0.05882910278781677,0.13610758178750273,1.0,0.0,0,0.6666666666666666,0.0,True
90,7,1,3,single_condition,shap,importance,wine_quality,882,testing,3,1,False,,,,,,,,,1.0,1.0,1,0.6666666666666666,0.0,True
90,8,1,4,single_condition,shap,importance,wine_quality,57,testing,4,0,False,,,,,,,,,1.0,0.0,0,0.6666666666666666,0.0,True
90,9,1,5,single_condition,shap,importance,wine_quality,267,testing,5,1,True,1.0,0.8357202133390953,0.15969365768625093,0.11720599707574726,0.012499005780351076,1.0,0.2786232449726819,0.13610758178750273,1.0,1.0,1,0.6666666666666666,0.0,True
90,10,1,6,single_condition,shap,importance,wine_quality,1070,testing,6,1,False,,,,,,,,,1.0,1.0,1,0.6666666666666666,0.0,True
91,1,1,1,single_condition,integrated_gradients,none,wine_quality,1477,training,1,1,,-0.3137507931695989,1.0,0.13152279937066755,-0.09937831555963039,0.38749520038983626,1.0,0.6460798978805542,0.11934235692024231,,,1,,0.0,
91,2,1,2,single_condition,integrated_gradients,none,wine_quality,1097,training,2,0,,-0.6912794478290222,-1.0,-0.08052916272684854,0.015576180305787871,0.031234617728895724,0.0,0.060605738312006,0.11934235692024231,,,0,,0.0,
91,3,1,3,single_condition,integrated_gradients,none,wine_quality,455,training,3,1,,1.0,0.2671707032596204,0.4289389771654768,-0.21981583687896866,0.09182907602343472,1.0,0.29246431589126587,0.11934235692024231,,,1,,0.0,
91,4,1,4,single_condition,integrated_gradients,none,wine_quality,795,training,4,0,,-0.16301486606122584,0.6649558532647414,-0.19327258289026766,-1.0,-0.358564941124228,0.0,0.1190248653292656,0.11934235692024231,,,0,,0.0,
91,5,1,1,single_condition,integrated_gradients,none,wine_quality,588,testing,1,1,True,1.0,0.8799221408710425,-0.04083739368086621,-0.44755534639777483,0.6359231611936976,1.0,0.1940043419599533,0.11934235692024231,0.0,0.0,1,0.6666666666666666,0.0,False
91,6,1,2,single_condition,integrated_gradients,none,wine_quality,1478,testing,2,0,False,,,,,,,,,1.0,0.0,0,0.6666666666666666,0.0,True
91,7,1,3,single_condition,integrated_gradients,none,wine_quality,410,testing,3,0,True,-0.473408232843954,-0.2168598524314293,-1.0,-0.09354898234223946,-0.1516595427876419,0.0,0.06125166639685631,0.11934235692024231,0.0,1.0,0,0.6666666666666666,0.0,False
91,8,1,4,single_condition,integrated_gradients,none,wine_quality,1398,testing,4,0,False,,,,,,,,,1.0,0.0,0,0.6666666666666666,0.0,True
91,9,1,5,single_condition,integrated_gradients,none,wine_quality,875,testing,5,1,True,1.0,0.6396324430993644,0.35974969201963,0.2716429851159651,0.0036349340348602044,1.0,0.2582468092441559,0.11934235692024231,0.0,0.0,1,0.6666666666666666,0.0,False
91,10,1,6,single_condition,integrated_gradients,none,wine_quality,491,testing,6,1,False,,,,,,,,,0.0,0.0,1,0.6666666666666666,0.0,False
92,1,1,1,single_condition,integrated_gradients,attribution,wine_quality,1014,training,1,0,,1.0,-0.9888139123228156,-0.04792531752045756,-0.2676471667597624,-0.04712736344175437,0.0,0.07450921833515167,0.11934235692024231,,,0,,0.0,
92,2,1,2,single_condition,integrated_gradients,attribution,wine_quality,838,training,2,1,,1.0,0.9274471682582777,0.28124272344894896,0.2172280286199802,0.34764872739536096,1.0,0.1684342622756958,0.11934235692024231,,,1,,0.0,
92,3,1,3,single_condition,integrated_gradients,attribution,wine_quality,775,training,3,0,,-0.20762798625173337,-1.0,-0.07712381665494618,-0.9290480144373745,-0.02188345939912054,0.0,0.05276218056678772,0.11934235692024231,,,0,,0.0,
92,4,1,4,single_condition,integrated_gradients,attribution,wine_quality,408,training,4,1,,1.0,0.5169059042046302,0.9515475538349525,0.3608923921401084,0.8155133066706476,1.0,0.1431395709514618,0.11934235692024231,,,1,,0.0,
92,5,1,1,single_condition,integrated_gradients,attribution,wine_quality,588,testing,1,1,True,1.0,0.8799221408710425,-0.04083739368086621,-0.44755534639777483,0.6359231611936976,1.0,0.1940043419599533,0.11934235692024231,1.0,1.0,1,0.6666666666666666,0.0,True
92,6,1,2,single_condition,integrated_gradients,attribution,wine_quality,875,testing,2,1,False,,,,,,,,,0.0,0.0,1,0.6666666666666666,0.0,False
92,7,1,3,single_condition,integrated_gradients,attribution,wine_quality,1151,testing,3,0,True,1.0,-0.1614055795457753,-0.7245082638199152,0.5054784094885136,-0.09395621169381826,0.0,0.062423188239336014,0.11934235692024231,0.0,1.0,0,0.6666666666666666,0.0,False
92,8,1,4,single_condition,integrated_gradients,attribution,wine_quality,1357,testing,4,0,True,0.3569008985566664,-1.0,-0.4834929262962658,-0.2315131931779587,-0.6913746426839756,0.0,0.049248673021793365,0.11934235692024231,0.0,1.0,0,0.6666666666666666,0.0,False
92,9,1,5,single_condition,integrated_gradients,attribution,wine_quality,1061,testing,5,1,False,,,,,,,,,0.0,0.0,1,0.6666666666666666,0.0,False
92,10,1,6,single_condition,integrated_gradients,attribution,wine_quality,1124,testing,6,0,False,,,,,,,,,1.0,0.0,0,0.6666666666666666,0.0,True
93,1,1,1,single_condition,integrated_gradients,importance,wine_quality,931,training,1,0,,-0.5598912784437601,-0.061940609275287335,0.08581046906466792,0.004311650354038107,-1.0,0.0,0.06837276369333267,0.11934235692024231,,,0,,0.0,
93,2,1,2,single_condition,integrated_gradients,importance,wine_quality,922,training,2,1,,0.3122295834542099,1.0,-0.0006438789628159473,0.05454867704563902,0.015884868123472787,1.0,0.3567807972431183,0.11934235692024231,,,1,,0.0,
93,3,1,3,single_condition,integrated_gradients,importance,wine_quality,369,training,3,1,,1.0,0.23032966547428704,0.10111882517743159,0.30729929503685516,0.16714325499349228,1.0,0.3716522753238678,0.11934235692024231,,,1,,0.0,
93,4,1,4,single_condition,integrated_gradients,importance,wine_quality,858,training,4,0,,0.15973081280138227,0.1511823607443774,0.5083358614847546,0.18243170419535873,1.0,0.0,0.14185118675231934,0.11934235692024231,,,0,,0.0,
93,5,1,1,single_condition,integrated_gradients,importance,wine_quality,1324,testing,1,0,False,,,,,,,,,1.0,0.0,0,0.6666666666666666,0.0,True
93,6,1,2,single_condition,integrated_gradients,importance,wine_quality,1586,testing,2,1,True,-0.016391867023597195,1.0,-0.07624330092445353,-0.1529058246743496,0.0165503430386983,1.0,0.5283190608024597,0.11934235692024231,0.0,0.0,1,0.6666666666666666,0.0,False
93,7,1,3,single_condition,integrated_gradients,importance,wine_quality,1061,testing,3,1,True,1.0,0.3341073338133243,0.9004694859354115,0.06405742099327881,0.457882879556958,1.0,0.2068609744310379,0.11934235692024231,0.0,0.0,1,0.6666666666666666,0.0,False
93,8,1,4,single_condition,integrated_gradients,importance,wine_quality,1132,testing,4,1,True,0.4812888022961948,1.0,0.1393946635732305,0.05648213109086916,-0.0996204939500747,1.0,0.4302695691585541,0.11934235692024231,0.0,0.0,1,0.6666666666666666,0.0,False
93,9,1,5,single_condition,integrated_gradients,importance,wine_quality,1218,testing,5,0,False,,,,,,,,,1.0,0.0,0,0.6666666666666666,0.0,True
93,10,1,6,single_condition,integrated_gradients,importance,wine_quality,1344,testing,6,0,False,,,,,,,,,1.0,0.0,0,0.6666666666666666,0.0,True
94,1,1,1,single_condition,input_gradients,none,wine_quality,702,training,1,0,,0.12799455556722694,-0.1124264057799035,-0.09961471008283675,-0.38532603983998687,-1.0,0.0,0.032485589385032654,0.0,,,0,,0.0,
94,2,1,2,single_condition,input_gradients,none,wine_quality,840,training,2,1,,0.6156918361156493,1.0,-0.597014879986255,-0.14447507568906454,-0.8773135570661934,1.0,0.2744119465351105,0.0,,,1,,0.0,
94,3,1,3,single_condition,input_gradients,none,wine_quality,966,training,3,1,,1.0,0.6754059297512647,0.011003425029470246,-0.29349449691181984,-0.0615423123871295,1.0,0.33189821243286133,0.0,,,1,,0.0,
94,4,1,4,single_condition,input_gradients,none,wine_quality,609,training,4,0,,0.7373027841303416,0.6010045713615982,-1.0,0.1202754942809389,-0.30676063476178456,0.0,0.025491487234830856,0.0,,,0,,0.0,
94,5,1,1,single_condition,input_gradients,none,wine_quality,44,testing,1,0,True,0.1641025240543069,0.21391533646380378,0.0,-1.0,-0.13100744832420647,0.0,0.017590327188372612,0.0,0.0,1.0,0,0.6666666666666666,0.0,False
94,6,1,2,single_condition,input_gradients,none,wine_quality,1556,testing,2,0,False,,,,,,,,,0.0,1.0,0,0.6666666666666666,0.0,False
94,7,1,3,single_condition,input_gradients,none,wine_quality,1172,testing,3,1,False,,,,,,,,,1.0,1.0,1,0.6666666666666666,0.0,True
94,8,1,4,single_condition,input_gradients,none,wine_quality,270,testing,4,0,True,-0.14273424506049875,1.0,-0.08959903540104132,0.2632063963120565,0.05891520144723163,0.0,0.3398939073085785,0.0,1.0,0.0,0,0.6666666666666666,0.0,True
94,9,1,5,single_condition,input_gradients,none,wine_quality,1405,testing,5,1,True,1.0,0.28609986426541484,0.09328303860384891,-0.01825220038896428,-0.06582331271026788,1.0,0.7973657846450806,0.0,0.0,0.0,1,0.6666666666666666,0.0,False
94,10,1,6,single_condition,input_gradients,none,wine_quality,1132,testing,6,1,False,,,,,,,,,0.0,0.0,1,0.6666666666666666,0.0,False
95,1,1,1,single_condition,input_gradients,attribution,wine_quality,1138,training,1,0,,-0.04201033824417663,-0.08032374466680879,-1.0,-0.2331925746165796,-0.10170557449775633,0.0,0.0003176790487486869,0.0,,,0,,0.0,
95,2,1,2,single_condition,input_gradients,attribution,wine_quality,1475,training,2,1,,-0.358498413875108,1.0,0.3276122088320334,0.2425242072367564,0.5455380821335316,1.0,0.6773200035095215,0.0,,,1,,0.0,
95,3,1,3,single_condition,input_gradients,attribution,wine_quality,838,training,3,1,,1.0,-0.36038594618101427,-0.07934159977316725,-0.019945206650104998,-0.42812313139044345,1.0,0.6293846368789673,0.0,,,1,,0.0,
95,4,1,4,single_condition,input_gradients,attribution,wine_quality,437,training,4,0,,1.0,0.4181474906784708,-0.048126960555612455,-0.45941776002609647,-0.11698873830304547,0.0,0.7856994867324829,0.0,,,0,,0.0,
95,5,1,1,single_condition,input_gradients,attribution,wine_quality,1424,testing,1,0,True,0.39138757350199416,0.22884347396618931,-0.11001894511408253,0.022554658181959893,-1.0,0.0,0.13459336757659912,0.0,0.0,1.0,0,0.6666666666666666,0.0,False
95,6,1,2,single_condition,input_gradients,attribution,wine_quality,265,testing,2,0,True,1.0,0.2542163566470177,0.00936999471820187,0.02305097204157478,-0.7154033315323314,0.0,0.4265980124473572,0.0,0.0,1.0,0,0.6666666666666666,0.0,False
95,7,1,3,single_condition,input_gradients,attribution,wine_quality,647,testing,3,0,True,0.4736372807272224,0.26293744898828836,-0.0005533268610672993,-1.0,0.03326055759669513,0.0,0.08943208307027817,0.0,0.0,1.0,0,0.6666666666666666,0.0,False
95,8,1,4,single_condition,input_gradients,attribution,wine_quality,491,testing,4,1,False,,,,,,,,,1.0,1.0,1,0.6666666666666666,0.0,True
95,9,1,5,single_condition,input_gradients,attribution,wine_quality,1405,testing,5,1,False,,,,,,,,,1.0,1.0,1,0.6666666666666666,0.0,True
95,10,1,6,single_condition,input_gradients,attribution,wine_quality,588,testing,6,1,False,,,,,,,,,1.0,1.0,1,0.6666666666666666,0.0,True
96,1,1,1,single_condition,input_gradients,importance,wine_quality,1265,training,1,0,,0.40982359381196704,0.8422327140344616,-0.11516767607439993,0.1814347237557557,-1.0,0.0,0.0765744149684906,0.0,,,0,,0.0,
96,2,1,2,single_condition,input_gradients,importance,wine_quality,1100,training,2,1,,-1.0,-0.16127898983435285,-0.17390159022808205,-0.044029398223678025,-0.025204841433010952,1.0,0.846695601940155,0.0,,,1,,0.0,
96,3,1,3,single_condition,input_gradients,importance,wine_quality,336,training,3,1,,1.0,0.7852361973260645,-0.08214975087476364,-0.3524459901081232,-0.6341760195520145,1.0,0.5216134190559387,0.0,,,1,,0.0,
96,4,1,4,single_condition,input_gradients,importance,wine_quality,1234,training,4,0,,0.21315596527207029,-0.42282706662014513,-0.005857074377281951,1.0,0.1562392267701606,0.0,0.03396319970488548,0.0,,,0,,0.0,
96,5,1,1,single_condition,input_gradients,importance,wine_quality,888,testing,1,0,True,0.853791319245447,0.6667410366853083,-0.05306116477708106,1.0,0.2668987594385918,0.0,0.062179990112781525,0.0,1.0,0.0,0,0.6666666666666666,0.0,True
96,6,1,2,single_condition,input_gradients,importance,wine_quality,1496,testing,2,0,False,,,,,,,,,1.0,0.0,0,0.6666666666666666,0.0,True
96,7,1,3,single_condition,input_gradients,importance,wine_quality,947,testing,3,1,True,-0.04033526501517837,1.0,-0.017412164514265648,-0.0029845257007407667,-0.06223840393086152,1.0,0.30160921812057495,0.0,1.0,1.0,1,0.6666666666666666,0.0,True
96,8,1,4,single_condition,input_gradients,importance,wine_quality,40,testing,4,0,False,,,,,,,,,1.0,0.0,0,0.6666666666666666,0.0,True
96,9,1,5,single_condition,input_gradients,importance,wine_quality,940,testing,5,1,True,0.87099170948911,1.0,-0.237525396509819,-0.12569856572172314,-0.5338716337442961,1.0,0.5183559060096741,0.0,0.0,0.0,1,0.6666666666666666,0.0,False
96,10,1,6,single_condition,input_gradients,importance,wine_quality,1125,testing,6,1,False,,,,,,,,,0.0,0.0,1,0.6666666666666666,0.0,False
97,1,1,1,single_condition,lime,none,wine_quality,791,training,1,0,,-0.941785487184694,-0.8823690702832258,-1.0,-0.8562460643814221,0.04004438595200813,0.0,0.06366302064181148,0.1489969150033047,,,0,,0.0,
97,2,1,2,single_condition,lime,none,wine_quality,1358,training,2,0,,-1.0,-0.6137637458733771,-0.8164802268992006,-0.5331686895141718,0.03003134202564737,0.0,0.09001847162515013,0.15642875829926334,,,0,,0.0,
97,3,1,3,single_condition,lime,none,wine_quality,1007,training,3,1,,1.0,0.45936146073257966,0.18851444556252894,0.5231623834264499,-0.0704248674537481,1.0,0.19042092727050766,-0.009167845760927967,,,1,,0.0,
97,4,1,4,single_condition,lime,none,wine_quality,1209,training,4,1,,1.0,0.4029438931512427,0.19985213170428048,0.3650956108137791,-0.23693022914185435,1.0,0.20762570784731635,0.0017029526587463706,,,1,,0.0,
97,5,1,1,single_condition,lime,none,wine_quality,875,testing,1,1,False,,,,,,,,,1.0,1.0,1,0.6666666666666666,0.0,True
97,6,1,2,single_condition,lime,none,wine_quality,1132,testing,2,1,True,1.0,0.502801910431578,-0.10292170685655061,0.2934814378375174,-0.019962479611988635,1.0,0.2291874566251291,0.004867635142377022,1.0,1.0,1,0.6666666666666666,0.0,True
97,7,1,3,single_condition,lime,none,wine_quality,1405,testing,3,1,False,,,,,,,,,1.0,1.0,1,0.6666666666666666,0.0,True
97,8,1,4,single_condition,lime,none,wine_quality,1291,testing,4,0,True,-0.08606506025459038,1.0,-0.2710331472883861,-0.3793921023203107,0.059881864272899814,0.0,0.07361849318461537,0.08509347097284119,0.0,1.0,0,0.6666666666666666,0.0,False
97,9,1,5,single_condition,lime,none,wine_quality,1424,testing,5,0,True,-0.877037845395167,0.21197279193979499,0.3414537413324085,1.0,0.18620409778901778,0.0,0.08214312963876073,0.07114736067583163,0.0,1.0,0,0.6666666666666666,0.0,False
97,10,1,6,single_condition,lime,none,wine_quality,1494,testing,6,0,False,,,,,,,,,0.0,1.0,0,0.6666666666666666,0.0,False
98,1,1,1,single_condition,lime,attribution,wine_quality,611,training,1,0,,-1.0,-0.5774758480851984,0.5065676531372484,0.5139238053836488,0.33694645079580426,0.0,0.10886277445225812,0.09608853893209027,,,0,,0.0,
98,2,1,2,single_condition,lime,attribution,wine_quality,1068,training,2,1,,0.04387337497274132,0.7281272671104068,0.6011393030370707,1.0,0.7860721520718555,1.0,0.09400698977044004,0.01783952095904713,,,1,,0.0,
98,3,1,3,single_condition,lime,attribution,wine_quality,1007,training,3,1,,1.0,0.45936146073257966,0.18851444556252894,0.5231623834264499,-0.0704248674537481,1.0,0.19042092727050766,-0.009167845760927967,,,1,,0.0,
98,4,1,4,single_condition,lime,attribution,wine_quality,1307,training,4,0,,0.1936374886233295,-0.8587471323365876,0.40448433975483616,-1.0,-0.5540167757544111,0.0,0.068086337271803,0.12305493032807364,,,0,,0.0,
98,5,1,1,single_condition,lime,attribution,wine_quality,875,testing,1,1,False,,,,,,,,,1.0,1.0,1,0.6666666666666666,0.0,True
98,6,1,2,single_condition,lime,attribution,wine_quality,1016,testing,2,1,True,1.0,0.5521110310413974,0.16082424704795914,0.4559249206045227,0.004517175208741,1.0,0.18456715532761875,-0.0016061543787671828,0.0,0.0,1,0.6666666666666666,0.0,False
98,7,1,3,single_condition,lime,attribution,wine_quality,1125,testing,3,1,True,1.0,-0.2806394154489593,0.2608623812510313,0.47727941871952023,0.442996847669687,1.0,0.17317831176278134,0.00638068230414586,0.0,0.0,1,0.6666666666666666,0.0,False
98,8,1,4,single_condition,lime,attribution,wine_quality,448,testing,4,0,True,0.36109894891452804,-0.7955618527637484,1.0,-0.5626525118135738,0.9697240756035415,0.0,0.042495222135861245,0.07804556159653088,1.0,0.0,0,0.6666666666666666,0.0,True
98,9,1,5,single_condition,lime,attribution,wine_quality,1274,testing,5,0,False,,,,,,,,,1.0,0.0,0,0.6666666666666666,0.0,True
98,10,1,6,single_condition,lime,attribution,wine_quality,1476,testing,6,0,False,,,,,,,,,1.0,0.0,0,0.6666666666666666,0.0,True
99,1,1,1,single_condition,lime,importance,wine_quality,1361,training,1,0,,-0.868041692900806,-1.0,0.07635780713131321,-0.7483869427250427,-0.23209556167161155,0.0,0.08220588938034566,0.15888398871758533,,,0,,0.0,
99,2,1,2,single_condition,lime,importance,wine_quality,915,training,2,1,,1.0,0.04332486171975244,0.7607977965266218,0.3779545409562248,-0.029783562311918577,1.0,0.1993916775487458,0.024059715577433027,,,1,,0.0,
99,3,1,3,single_condition,lime,importance,wine_quality,802,training,3,1,,1.0,0.487935053082525,-0.5523402172026911,-0.03224067143936195,-0.12508586258652338,1.0,0.17801312220833565,0.05339344505439999,,,1,,0.0,
99,4,1,4,single_condition,lime,importance,wine_quality,1086,training,4,0,,1.0,0.11622639788275521,0.3397308444327183,0.3332998233905309,-0.00922840855544184,0.0,0.19011899137909694,0.0001022064299331521,,,0,,0.0,
99,5,1,1,single_condition,lime,importance,wine_quality,495,testing,1,1,True,-0.02569801234890744,0.23842511928573557,0.8068870692913274,1.0,0.34492681741217185,1.0,0.0664652202907216,0.0513565491700694,0.0,0.0,1,0.6666666666666666,0.0,False
99,6,1,2,single_condition,lime,importance,wine_quality,588,testing,2,1,False,,,,,,,,,0.0,0.0,1,0.6666666666666666,0.0,False
99,7,1,3,single_condition,lime,importance,wine_quality,451,testing,3,0,True,-1.0,0.42715072079673577,0.13923007370623802,0.5253034978718466,0.46551917267487036,0.0,0.11888515350698929,0.07626479701665181,1.0,0.0,0,0.6666666666666666,0.0,True
99,8,1,4,single_condition,lime,importance,wine_quality,688,testing,4,0,False,,,,,,,,,1.0,0.0,0,0.6666666666666666,0.0,True
99,9,1,5,single_condition,lime,importance,wine_quality,1188,testing,5,0,True,-0.06472935614779954,0.29200318644493733,-1.0,-0.732307401602202,-0.20735620827120238,0.0,0.07972256926708027,0.12280061533638052,1.0,0.0,0,0.6666666666666666,0.0,True
99,10,1,6,single_condition,lime,importance,wine_quality,1018,testing,6,1,False,,,,,,,,,0.0,0.0,1,0.6666666666666666,0.0,False
100,1,1,1,single_condition,shap,none,wine_quality,85,training,1,0,,-0.9689434245940488,-1.0,0.02438455406845799,-0.14061451869563021,-0.4223833238772428,0.0,0.03789756441431311,0.13610758178750273,,,0,,0.0,
100,2,1,2,single_condition,shap,none,wine_quality,874,training,2,1,,1.0,0.09695595716903596,0.46670944092125144,0.427376679608815,0.46769498466323167,1.0,0.2347870935669571,0.13610758178750273,,,1,,0.0,
100,3,1,3,single_condition,shap,none,wine_quality,275,training,3,0,,0.4524069671862272,0.3117129369256003,-1.0,-0.038967050976335876,-0.12003133809155801,0.0,0.03356306966111398,0.13610758178750273,,,0,,0.0,
100,4,1,4,single_condition,shap,none,wine_quality,375,training,4,1,,1.0,0.6248761902703279,0.45240989152258004,-0.008529214754917,0.2503620617736732,1.0,0.24842167339506666,0.13610758178750273,,,1,,0.0,
100,5,1,1,single_condition,shap,none,wine_quality,470,testing,1,1,True,0.2603463730219207,-0.08988218330043493,0.052513261193753796,0.7823160798493111,1.0,1.0,0.20912531416666952,0.13610758178750273,0.0,0.0,1,0.6666666666666666,0.0,False
100,6,1,2,single_condition,shap,none,wine_quality,870,testing,2,0,False,,,,,,,,,1.0,0.0,0,0.6666666666666666,0.0,True
100,7,1,3,single_condition,shap,none,wine_quality,738,testing,3,0,False,,,,,,,,,1.0,0.0,0,0.6666666666666666,0.0,True
100,8,1,4,single_condition,shap,none,wine_quality,1292,testing,4,0,True,1.0,0.09687535450570081,0.14105263143169583,-0.08467516007241828,-0.6336717367483327,0.0,0.16471099579310225,0.13610758178750273,0.0,1.0,0,0.6666666666666666,0.0,False
100,9,1,5,single_condition,shap,none,wine_quality,505,testing,5,1,True,1.0,0.5724317791939819,0.32896360653459944,0.08334868068571177,0.20366260169782432,1.0,0.2803880314399939,0.13610758178750273,1.0,1.0,1,0.6666666666666666,0.0,True
100,10,1,6,single_condition,shap,none,wine_quality,947,testing,6,1,False,,,,,,,,,1.0,1.0,1,0.6666666666666666,0.0,True
101,1,1,1,single_condition,shap,attribution,wine_quality,326,training,1,1,,1.0,0.6216416847293003,0.4361816596788452,-0.0513455831873346,0.4027381600667089,1.0,0.18292049544623298,0.13610758178750273,,,1,,0.0,
101,2,1,2,single_condition,shap,attribution,wine_quality,144,training,2,0,,1.0,0.6062293177643914,-0.27167466765863235,-0.29307217563795185,0.25748003217369514,0.0,0.23120316547855782,0.13610758178750273,,,0,,0.0,
101,3,1,3,single_condition,shap,attribution,wine_quality,317,training,3,0,,-0.4775785715862363,-0.19508137660658043,-1.0,-0.7236620856317494,-0.1439904849849074,0.0,0.05266349666537266,0.13610758178750273,,,0,,0.0,
101,4,1,4,single_condition,shap,attribution,wine_quality,948,training,4,1,,1.0,0.5209027360908555,0.3169998886609152,0.5320230520696715,-0.14107916496768264,1.0,0.2944526395122611,0.13610758178750273,,,1,,0.0,
101,5,1,1,single_condition,shap,attribution,wine_quality,1590,testing,1,1,True,0.937928656308142,1.0,0.17908990562138483,-0.04240333719110447,-0.008547993735671534,1.0,0.1823089148721628,0.13610758178750273,1.0,1.0,1,0.6666666666666666,0.0,True
101,6,1,2,single_condition,shap,attribution,wine_quality,1405,testing,2,1,True,0.7800721411399479,1.0,0.1855970626737857,0.3140335832169237,-0.02837437816671922,1.0,0.19070509953216838,0.13610758178750273,1.0,1.0,1,0.6666666666666666,0.0,True
101,7,1,3,single_condition,shap,attribution,wine_quality,29,testing,3,0,False,,,,,,,,,0.0,1.0,0,0.6666666666666666,0.0,False
101,8,1,4,single_condition,shap,attribution,wine_quality,800,testing,4,0,True,-0.9834458375710164,-0.6917208039937645,-1.0,-0.3251666077948627,-0.0416419636449611,0.0,0.04474313769342939,0.13610758178750273,1.0,0.0,0,0.6666666666666666,0.0,True
101,9,1,5,single_condition,shap,attribution,wine_quality,672,testing,5,0,False,,,,,,,,,1.0,0.0,0,0.6666666666666666,0.0,True
101,10,1,6,single_condition,shap,attribution,wine_quality,491,testing,6,1,False,,,,,,,,,1.0,1.0,1,0.6666666666666666,0.0,True
102,1,1,1,single_condition,shap,importance,wine_quality,1008,training,1,1,,1.0,0.41029917379918973,0.4153188869184187,0.27554098288081086,0.19005311288245202,1.0,0.21030389670597271,0.13610758178750273,,,1,,0.0,
102,2,1,2,single_condition,shap,importance,wine_quality,1002,training,2,1,,1.0,0.9198847167022935,0.31451173593177517,0.39623196742319844,0.08511247753407306,1.0,0.22219651650357394,0.13610758178750273,,,1,,0.0,
102,3,1,3,single_condition,shap,importance,wine_quality,615,training,3,0,,-1.0,-0.5653564083369328,-0.5741641629436522,-0.12489265848257233,-0.317923213619249,0.0,0.052684003609136026,0.13610758178750273,,,0,,0.0,
102,4,1,4,single_condition,shap,importance,wine_quality,787,training,4,0,,-0.8693646352972376,-1.0,-0.5704824106505504,-0.28818626676109765,0.09681962601027864,0.0,0.043411319224782786,0.13610758178750273,,,0,,0.0,
102,5,1,1,single_condition,shap,importance,wine_quality,377,testing,1,1,False,,,,,,,,,1.0,1.0,1,0.6666666666666666,0.0,True
102,6,1,2,single_condition,shap,importance,wine_quality,1132,testing,2,1,True,1.0,0.8523504812169814,0.16880267922762687,0.11349919770745927,0.19016962507416582,1.0,0.27722942397624234,0.13610758178750273,1.0,1.0,1,0.6666666666666666,0.0,True
102,7,1,3,single_condition,shap,importance,wine_quality,1120,testing,3,1,True,1.0,0.4098025739104728,0.44265207090394226,0.005360634630424298,0.18215998759135732,1.0,0.26739741241649956,0.13610758178750273,1.0,1.0,1,0.6666666666666666,0.0,True
102,8,1,4,single_condition,shap,importance,wine_quality,197,testing,4,0,False,,,,,,,,,0.0,1.0,0,0.6666666666666666,0.0,False
102,9,1,5,single_condition,shap,importance,wine_quality,270,testing,5,0,True,0.4524069671862272,0.3117129369256003,-1.0,-0.038967050976335876,-0.12003133809155801,0.0,0.03356306966111398,0.13610758178750273,1.0,0.0,0,0.6666666666666666,0.0,True
102,10,1,6,single_condition,shap,importance,wine_quality,66,testing,6,0,False,,,,,,,,,0.0,1.0,0,0.6666666666666666,0.0,False
103,1,1,1,single_condition,integrated_gradients,none,wine_quality,898,training,1,1,,0.7728131762861765,1.0,0.10774005441166104,0.023099886190201542,0.0029283641208912694,1.0,0.23864682018756866,0.11934235692024231,,,1,,0.0,
103,2,1,2,single_condition,integrated_gradients,none,wine_quality,391,training,2,0,,-1.0,0.7964425754896696,0.031113160804073423,0.4674498715886228,0.02260624284789068,0.0,0.08355341106653214,0.11934235692024231,,,0,,0.0,
103,3,1,3,single_condition,integrated_gradients,none,wine_quality,1193,training,3,0,,0.2583168241833133,-1.0,-0.08140991183281111,-0.8283626588922507,0.03337396784063968,0.0,0.06531064212322235,0.11934235692024231,,,0,,0.0,
103,4,1,4,single_condition,integrated_gradients,none,wine_quality,1475,training,4,1,,-0.3257577171559481,1.0,0.11836904629912849,-0.09900145165900304,0.38191313947793765,1.0,0.6418858766555786,0.11934235692024231,,,1,,0.0,
103,5,1,1,single_condition,integrated_gradients,none,wine_quality,505,testing,1,1,True,1.0,0.6184109302774101,0.24577500544879233,0.062432778219648266,0.142355726563137,1.0,0.3041057586669922,0.11934235692024231,0.0,0.0,1,0.6666666666666666,0.0,False
103,6,1,2,single_condition,integrated_gradients,none,wine_quality,1267,testing,2,1,False,,,,,,,,,0.0,0.0,1,0.6666666666666666,0.0,False
103,7,1,3,single_condition,integrated_gradients,none,wine_quality,461,testing,3,0,True,-1.0,-0.39543416737914094,-0.1873647031687969,-0.25868272191318276,0.013864816930755619,0.0,0.05507528781890869,0.11934235692024231,1.0,0.0,0,0.6666666666666666,0.0,True
103,8,1,4,single_condition,integrated_gradients,none,wine_quality,377,testing,4,1,True,1.0,0.23032966547428704,0.10111882517743159,0.30729929503685516,0.16714325499349228,1.0,0.3716522753238678,0.11934235692024231,0.0,0.0,1,0.6666666666666666,0.0,False
103,9,1,5,single_condition,integrated_gradients,none,wine_quality,1044,testing,5,0,False,,,,,,,,,0.0,1.0,0,0.6666666666666666,0.0,False
103,10,1,6,single_condition,integrated_gradients,none,wine_quality,1371,testing,6,0,False,,,,,,,,,1.0,0.0,0,0.6666666666666666,0.0,True
104,1,1,1,single_condition,integrated_gradients,attribution,wine_quality,1209,training,1,1,,0.22574994786086744,1.0,-0.15978608633288266,0.0847558790821904,-0.007114019526382155,1.0,0.3631039559841156,0.11934235692024231,,,1,,0.0,
104,2,1,2,single_condition,integrated_gradients,attribution,wine_quality,629,training,2,0,,-1.0,-0.28128643539939285,-0.6503171967903438,-0.5119469079050493,-0.13926660556500278,0.0,0.04772225022315979,0.11934235692024231,,,0,,0.0,
104,3,1,3,single_condition,integrated_gradients,attribution,wine_quality,506,training,3,0,,0.13902049382995985,1.0,-0.1628586032604328,0.04625745099830706,-0.0035448228780035327,0.0,0.35749995708465576,0.11934235692024231,,,0,,0.0,
104,4,1,4,single_condition,integrated_gradients,attribution,wine_quality,477,training,4,1,,0.37652484763123406,1.0,-0.10761534933372927,0.2679917098376738,0.1560410940557994,1.0,0.2601343095302582,0.11934235692024231,,,1,,0.0,
104,5,1,1,single_condition,integrated_gradients,attribution,wine_quality,1016,testing,1,1,True,0.838063118307523,1.0,0.7338129596445641,-0.10155046447784533,0.1951246532688046,1.0,0.19288219511508942,0.11934235692024231,1.0,1.0,1,0.6666666666666666,0.0,True
104,6,1,2,single_condition,integrated_gradients,attribution,wine_quality,1197,testing,2,0,False,,,,,,,,,0.0,1.0,0,0.6666666666666666,0.0,False
104,7,1,3,single_condition,integrated_gradients,attribution,wine_quality,1107,testing,3,1,False,,,,,,,,,1.0,1.0,1,0.6666666666666666,0.0,True
104,8,1,4,single_condition,integrated_gradients,attribution,wine_quality,267,testing,4,1,True,0.4773586195545046,1.0,0.16283336825947853,0.010118779174943342,-0.06096933794964076,1.0,0.38711172342300415,0.11934235692024231,1.0,1.0,1,0.6666666666666666,0.0,True
104,9,1,5,single_condition,integrated_gradients,attribution,wine_quality,382,testing,5,0,False,,,,,,,,,0.0,1.0,0,0.6666666666666666,0.0,False
104,10,1,6,single_condition,integrated_gradients,attribution,wine_quality,1473,testing,6,0,True,0.1296289023889815,-1.0,0.01549273982011226,0.11202695770542033,-0.1600564318156443,0.0,0.0924895852804184,0.11934235692024231,0.0,1.0,0,0.6666666666666666,0.0,False
105,1,1,1,single_condition,integrated_gradients,importance,wine_quality,1308,training,1,0,,-0.22426415448238377,-0.2678608751674334,-1.0,-0.39406561545190055,-0.03861491142760873,0.0,0.0618477389216423,0.11934235692024231,,,0,,0.0,
105,2,1,2,single_condition,integrated_gradients,importance,wine_quality,492,training,2,1,,0.795773739946809,1.0,0.2767758516463714,0.09092782880798861,-0.01739756808080748,1.0,0.3208439350128174,0.11934235692024231,,,1,,0.0,
105,3,1,3,single_condition,integrated_gradients,importance,wine_quality,526,training,3,0,,0.18265558010668284,0.31442128593552826,-1.0,-0.061126850087584485,-0.0360488836518997,0.0,0.20201796293258667,0.11934235692024231,,,0,,0.0,
105,4,1,4,single_condition,integrated_gradients,importance,wine_quality,952,training,4,1,,1.0,0.23016656912730374,0.7506391969369334,0.5854011347630289,0.005556488155166941,1.0,0.15022456645965576,0.11934235692024231,,,1,,0.0,
105,5,1,1,single_condition,integrated_gradients,importance,wine_quality,491,testing,1,1,True,0.6854436546754035,1.0,0.5795115050046027,0.018136779804774777,-0.0818414514497725,1.0,0.2656368911266327,0.11934235692024231,1.0,1.0,1,0.6666666666666666,0.0,True
105,6,1,2,single_condition,integrated_gradients,importance,wine_quality,999,testing,2,0,False,,,,,,,,,0.0,1.0,0,0.6666666666666666,0.0,False
105,7,1,3,single_condition,integrated_gradients,importance,wine_quality,1550,testing,3,0,True,-0.7440463386632489,-1.0,-0.03357244881182138,-0.39498249600906243,-0.11955967556862185,0.0,0.0485784150660038,0.11934235692024231,0.0,1.0,0,0.6666666666666666,0.0,False
105,8,1,4,single_condition,integrated_gradients,importance,wine_quality,163,testing,4,0,False,,,,,,,,,1.0,0.0,0,0.6666666666666666,0.0,True
105,9,1,5,single_condition,integrated_gradients,importance,wine_quality,1172,testing,5,1,True,1.0,0.6567458212961618,0.6419196250879587,0.060770374101252106,0.14322338121153724,1.0,0.2266080230474472,0.11934235692024231,1.0,1.0,1,0.6666666666666666,0.0,True
105,10,1,6,single_condition,integrated_gradients,importance,wine_quality,1125,testing,6,1,False,,,,,,,,,1.0,1.0,1,0.6666666666666666,0.0,True
106,1,1,1,single_condition,input_gradients,none,wine_quality,1100,training,1,1,,-1.0,-0.16127898983435285,-0.17390159022808205,-0.044029398223678025,-0.025204841433010952,1.0,0.846695601940155,0.0,,,1,,0.0,
106,2,1,2,single_condition,input_gradients,none,wine_quality,7,training,2,0,,0.28526224629830116,0.0,0.029759759035669284,-1.0,0.19706083378540046,0.0,0.018414238467812538,0.0,,,0,,0.0,
106,3,1,3,single_condition,input_gradients,none,wine_quality,963,training,3,1,,0.9837133626589112,1.0,-0.5132852889148303,0.0,-0.399059378908817,1.0,0.22961309552192688,0.0,,,1,,0.0,
106,4,1,4,single_condition,input_gradients,none,wine_quality,1580,training,4,0,,1.0,0.6419162042969695,-0.2971952017513707,-0.1713668467352243,-0.7390379079788996,0.0,0.3770599663257599,0.0,,,0,,0.0,
106,5,1,1,single_condition,input_gradients,none,wine_quality,588,testing,1,1,False,,,,,,,,,1.0,1.0,1,0.6666666666666666,0.0,True
106,6,1,2,single_condition,input_gradients,none,wine_quality,1472,testing,2,0,True,0.20331036843753966,1.0,-0.008237245302357074,-0.013778500812525707,0.21653114432927165,0.0,0.989625871181488,0.0,0.0,1.0,0,0.6666666666666666,0.0,False
106,7,1,3,single_condition,input_gradients,none,wine_quality,15,testing,3,0,True,0.0,-0.18277750922629285,-1.0,-0.10235786267103372,0.021963518700995808,0.0,4.198711690828194e-12,0.0,0.0,1.0,0,0.6666666666666666,0.0,False
106,8,1,4,single_condition,input_gradients,none,wine_quality,377,testing,4,1,True,0.6175956890865075,-1.0,-0.061832182461007655,-0.0,0.023701119974510024,1.0,0.6199449896812439,0.0,0.0,0.0,1,0.6666666666666666,0.0,False
106,9,1,5,single_condition,input_gradients,none,wine_quality,513,testing,5,1,False,,,,,,,,,0.0,0.0,1,0.6666666666666666,0.0,False
106,10,1,6,single_condition,input_gradients,none,wine_quality,242,testing,6,0,False,,,,,,,,,0.0,1.0,0,0.6666666666666666,0.0,False
107,1,1,1,single_condition,input_gradients,attribution,wine_quality,538,training,1,0,,0.17450488185546262,1.0,-0.6874250243695291,0.036194710709298666,-0.5056249031022435,0.0,0.3992573320865631,0.0,,,0,,0.0,
107,2,1,2,single_condition,input_gradients,attribution,wine_quality,1209,training,2,1,,0.35969793874267475,1.0,0.10146314923254188,-0.10127867933054213,0.437212107744765,1.0,0.6400063037872314,0.0,,,1,,0.0,
107,3,1,3,single_condition,input_gradients,attribution,wine_quality,514,training,3,1,,1.0,0.43671215118847,-0.014056055619933155,-0.7194641671061249,-0.027141514449440185,1.0,0.7987599968910217,0.0,,,1,,0.0,
107,4,1,4,single_condition,input_gradients,attribution,wine_quality,750,training,4,0,,0.17205398043924638,0.2121272853943612,-0.23782496051200136,-1.0,0.06075920770620484,0.0,0.03346233069896698,0.0,,,0,,0.0,
107,5,1,1,single_condition,input_gradients,attribution,wine_quality,1018,testing,1,1,True,-1.0,0.09363786336312607,-0.24391690325119011,0.3573157119007806,-0.11497756401063845,1.0,0.03870660811662674,0.0,0.0,0.0,1,0.6666666666666666,0.0,False
107,6,1,2,single_condition,input_gradients,attribution,wine_quality,1016,testing,2,1,False,,,,,,,,,0.0,0.0,1,0.6666666666666666,0.0,False
107,7,1,3,single_condition,input_gradients,attribution,wine_quality,194,testing,3,0,False,,,,,,,,,1.0,0.0,0,0.6666666666666666,0.0,True
107,8,1,4,single_condition,input_gradients,attribution,wine_quality,450,testing,4,0,False,,,,,,,,,1.0,0.0,0,0.6666666666666666,0.0,True
107,9,1,5,single_condition,input_gradients,attribution,wine_quality,947,testing,5,1,True,-0.04033526501517837,1.0,-0.017412164514265648,-0.0029845257007407667,-0.06223840393086152,1.0,0.30160921812057495,0.0,1.0,1.0,1,0.6666666666666666,0.0,True
107,10,1,6,single_condition,input_gradients,attribution,wine_quality,1555,testing,6,0,True,0.9283375328302993,1.0,0.06665129580508665,-0.24905805696139058,-0.4752622035835335,0.0,0.1689414530992508,0.0,0.0,1.0,0,0.6666666666666666,0.0,False
108,1,1,1,single_condition,input_gradients,importance,wine_quality,1155,training,1,0,,0.19937436382627344,0.8714162448448916,-0.22061559954952525,-1.0,0.22287203484658158,0.0,0.01650962606072426,0.0,,,0,,0.0,
108,2,1,2,single_condition,input_gradients,importance,wine_quality,467,training,2,1,,-0.24275883379203164,1.0,-0.04583920554363849,-0.45736885303664365,0.09136464328277133,1.0,0.3725791275501251,0.0,,,1,,0.0,
108,3,1,3,single_condition,input_gradients,importance,wine_quality,606,training,3,1,,1.0,0.3984479027210162,-0.07799520111183401,-0.36822733518298933,-0.7134309975204469,1.0,0.6426683068275452,0.0,,,1,,0.0,
108,4,1,4,single_condition,input_gradients,importance,wine_quality,716,training,4,0,,0.04888552517684255,-0.13876034337894372,-1.0,0.5944704227410396,-0.9096733976438569,0.0,0.005722858943045139,0.0,,,0,,0.0,
108,5,1,1,single_condition,input_gradients,importance,wine_quality,1388,testing,1,0,True,0.473505641847604,0.717554527191241,-0.07310381239359579,-1.0,0.2450559683451685,0.0,0.2635083496570587,0.0,1.0,0.0,0,0.6666666666666666,0.0,True
108,6,1,2,single_condition,input_gradients,importance,wine_quality,1107,testing,2,1,False,,,,,,,,,1.0,1.0,1,0.6666666666666666,0.0,True
108,7,1,3,single_condition,input_gradients,importance,wine_quality,1267,testing,3,1,True,1.0,-0.3594245946273875,-0.011739246737030327,-0.3065739846940555,-0.0395738575469766,1.0,0.7997472286224365,0.0,1.0,1.0,1,0.6666666666666666,0.0,True
108,8,1,4,single_condition,input_gradients,importance,wine_quality,930,testing,4,0,False,,,,,,,,,0.0,1.0,0,0.6666666666666666,0.0,False
108,9,1,5,single_condition,input_gradients,importance,wine_quality,1061,testing,5,1,False,,,,,,,,,1.0,1.0,1,0.6666666666666666,0.0,True
108,10,1,6,single_condition,input_gradients,importance,wine_quality,13,testing,6,0,True,-0.02473102340397708,-1.0,-0.10091820321860007,0.0911970739389447,-0.1566808636574928,0.0,1.2442555430425273e-08,0.0,0.0,1.0,0,0.6666666666666666,0.0,False
109,1,1,1,single_condition,lime,none,wine_quality,874,training,1,1,,1.0,0.12286301199744944,0.2733464047209166,0.4686635871427772,0.25488615069934084,1.0,0.19035868500542485,-0.014169434896342953,,,1,,0.0,
109,2,1,2,single_condition,lime,none,wine_quality,1069,training,2,0,,0.3250412233872007,-1.0,-0.039455639128836636,-0.7084532554114645,-0.04055128587298033,0.0,0.03225812863191179,0.09785384191259278,,,0,,0.0,
109,3,1,3,single_condition,lime,none,wine_quality,1294,training,3,0,,0.0005066997574952772,1.0,-0.15114068316074258,-0.5484681222791705,0.16770428926446068,0.0,0.06697824511268938,0.08663476344101781,,,0,,0.0,
109,4,1,4,single_condition,lime,none,wine_quality,1167,training,4,1,,1.0,0.452102442424616,-0.09575053650117206,0.4611558870507803,0.01711354094488716,1.0,0.19325636112797628,0.005861680759083637,,,1,,0.0,
109,5,1,1,single_condition,lime,none,wine_quality,1357,testing,1,0,True,0.10858294296146322,-0.7520679866768166,-1.0,-0.17209429055453168,-0.5991899221627289,0.0,0.05967990618908234,0.13137589692503104,1.0,0.0,0,0.6666666666666666,0.0,True
109,6,1,2,single_condition,lime,none,wine_quality,1016,testing,2,1,True,1.0,0.5521110310413974,0.16082424704795914,0.4559249206045227,0.004517175208741,1.0,0.18456715532761875,-0.0016061543787671828,1.0,1.0,1,0.6666666666666666,0.0,True
109,7,1,3,single_condition,lime,none,wine_quality,1151,testing,3,0,False,,,,,,,,,1.0,0.0,0,0.6666666666666666,0.0,True
109,8,1,4,single_condition,lime,none,wine_quality,950,testing,4,1,False,,,,,,,,,1.0,1.0,1,0.6666666666666666,0.0,True
109,9,1,5,single_condition,lime,none,wine_quality,1322,testing,5,0,False,,,,,,,,,0.0,1.0,0,0.6666666666666666,0.0,False
109,10,1,6,single_condition,lime,none,wine_quality,1172,testing,6,1,True,1.0,0.46127985874106386,0.20274420300258164,0.020190694469523925,0.0512281381465234,1.0,0.18802475743907032,0.017297977215855007,1.0,1.0,1,0.6666666666666666,0.0,True
110,1,1,1,single_condition,lime,attribution,wine_quality,1167,training,1,1,,1.0,0.452102442424616,-0.09575053650117206,0.4611558870507803,0.01711354094488716,1.0,0.19325636112797628,0.005861680759083637,,,1,,0.0,
110,2,1,2,single_condition,lime,attribution,wine_quality,430,training,2,1,,0.06668480690546637,0.9323136015586356,0.48140086129452453,1.0,0.726176836417107,1.0,0.08659935359142754,0.018761763073492685,,,1,,0.0,
110,3,1,3,single_condition,lime,attribution,wine_quality,53,training,3,0,,-1.0,-0.24995458803507448,-0.8030715184683779,0.6735660288230525,0.34352242018814333,0.0,0.10145222079049765,0.11292393731541325,,,0,,0.0,
110,4,1,4,single_condition,lime,attribution,wine_quality,275,training,4,0,,-0.30611778827982666,0.9122746304714313,-0.9908973312697602,-1.0,-0.08009023639435778,0.0,0.02243028032658754,0.09038543948686016,,,0,,0.0,
110,5,1,1,single_condition,lime,attribution,wine_quality,1590,testing,1,1,False,,,,,,,,,1.0,1.0,1,0.6666666666666666,0.0,True
110,6,1,2,single_condition,lime,attribution,wine_quality,1410,testing,2,0,True,1.0,-0.4016914753366916,0.2540538186110156,-0.3234291829026777,-0.16205306202781156,0.0,0.18700700233132875,0.07750551850923967,0.0,1.0,0,0.6666666666666666,0.0,False
110,7,1,3,single_condition,lime,attribution,wine_quality,505,testing,3,1,True,1.0,0.4051535861380559,0.17204135239203427,-0.0834933557274308,0.21612077150628145,1.0,0.18890865406466728,0.013531556741824657,1.0,1.0,1,0.6666666666666666,0.0,True
110,8,1,4,single_condition,lime,attribution,wine_quality,270,testing,4,0,False,,,,,,,,,0.0,1.0,0,0.6666666666666666,0.0,False
110,9,1,5,single_condition,lime,attribution,wine_quality,1405,testing,5,1,False,,,,,,,,,1.0,1.0,1,0.6666666666666666,0.0,True
110,10,1,6,single_condition,lime,attribution,wine_quality,194,testing,6,0,True,-0.9787718868912413,-1.0,0.4387740106774802,-0.652241605420429,0.02203780963984591,0.0,0.06732387203139997,0.12364594737488216,0.0,1.0,0,0.6666666666666666,0.0,False
111,1,1,1,single_condition,lime,importance,wine_quality,817,training,1,1,,1.0,0.06267136538316559,0.29123146540460976,0.3577651996183093,-0.05429749593370055,1.0,0.20622426757370887,0.009552288675543655,,,1,,0.0,
111,2,1,2,single_condition,lime,importance,wine_quality,759,training,2,0,,-1.0,-0.5593113946754315,-0.707549443198557,0.14110023922878803,0.25753048670528766,0.0,0.09289166970715865,0.12988958981957544,,,0,,0.0,
111,3,1,3,single_condition,lime,importance,wine_quality,671,training,3,0,,-1.0,-0.48340262092524167,0.5005671171372698,-0.6030687334397864,0.3883766491923889,0.0,0.1167482256387442,0.13583876664873265,,,0,,0.0,
111,4,1,4,single_condition,lime,importance,wine_quality,606,training,4,1,,1.0,0.43028586379450634,0.27627784322275173,0.0037576533847622734,0.003696966447420358,1.0,0.2357330516829126,-0.002974541343282372,,,1,,0.0,
111,5,1,1,single_condition,lime,importance,wine_quality,725,testing,1,0,True,0.08610331122150523,-0.8198720350158761,0.686639415739295,-1.0,-0.08012637664218566,0.0,0.06885308906469187,0.1019698120813164,0.0,1.0,0,0.6666666666666666,0.0,False
111,6,1,2,single_condition,lime,importance,wine_quality,1125,testing,2,1,True,1.0,-0.2806394154489593,0.2608623812510313,0.47727941871952023,0.442996847669687,1.0,0.17317831176278134,0.00638068230414586,1.0,1.0,1,0.6666666666666666,0.0,True
111,7,1,3,single_condition,lime,importance,wine_quality,1524,testing,3,0,False,,,,,,,,,0.0,1.0,0,0.6666666666666666,0.0,False
111,8,1,4,single_condition,lime,importance,wine_quality,960,testing,4,0,False,,,,,,,,,0.0,1.0,0,0.6666666666666666,0.0,False
111,9,1,5,single_condition,lime,importance,wine_quality,1132,testing,5,1,False,,,,,,,,,1.0,1.0,1,0.6666666666666666,0.0,True
111,10,1,6,single_condition,lime,importance,wine_quality,1016,testing,6,1,True,1.0,0.5521110310413974,0.16082424704795914,0.4559249206045227,0.004517175208741,1.0,0.18456715532761875,-0.0016061543787671828,1.0,1.0,1,0.6666666666666666,0.0,True
112,1,1,1,single_condition,shap,none,wine_quality,837,training,1,1,,0.7097987718317879,0.5557241605708166,0.4343379130509444,1.0,0.232242583958394,1.0,0.2869300270553747,0.13610758178750273,,,1,,0.0,
112,2,1,2,single_condition,shap,none,wine_quality,1216,training,2,0,,-1.0,0.11972005574947414,-0.9125781266511326,-0.10117880947098408,-0.07023042846924088,0.0,0.06927227034698716,0.13610758178750273,,,0,,0.0,
112,3,1,3,single_condition,shap,none,wine_quality,1585,training,3,1,,0.778797370089921,1.0,0.03439837362175469,0.05203724763078295,-0.07990014303787617,1.0,0.2074960896735168,0.13610758178750273,,,1,,0.0,
112,4,1,4,single_condition,shap,none,wine_quality,1117,training,4,0,,0.8082148212340945,-1.0,0.319717813343499,-0.7735655804945242,-0.21994645102056698,0.0,0.05452606334513413,0.13610758178750273,,,0,,0.0,
112,5,1,1,single_condition,shap,none,wine_quality,495,testing,1,1,False,,,,,,,,,0.0,0.0,1,0.6666666666666666,0.0,False
112,6,1,2,single_condition,shap,none,wine_quality,1120,testing,2,1,True,1.0,0.4098025739104728,0.44265207090394226,0.005360634630424298,0.18215998759135732,1.0,0.26739741241649956,0.13610758178750273,0.0,0.0,1,0.6666666666666666,0.0,False
112,7,1,3,single_condition,shap,none,wine_quality,163,testing,3,0,False,,,,,,,,,0.0,1.0,0,0.6666666666666666,0.0,False
112,8,1,4,single_condition,shap,none,wine_quality,366,testing,4,0,True,-1.0,0.6369552508419856,0.15790995096139526,-0.6376123785913705,0.09364826276159612,0.0,0.06923776989705198,0.13610758178750273,1.0,0.0,0,0.6666666666666666,0.0,True
112,9,1,5,single_condition,shap,none,wine_quality,810,testing,5,0,True,-0.17332216860824787,-1.0,0.1583010105485662,-0.04901644717230098,-0.03263796180847388,0.0,0.10263541096748578,0.13610758178750273,1.0,0.0,0,0.6666666666666666,0.0,True
112,10,1,6,single_condition,shap,none,wine_quality,1107,testing,6,1,False,,,,,,,,,0.0,0.0,1,0.6666666666666666,0.0,False
113,1,1,1,single_condition,shap,attribution,wine_quality,1450,training,1,1,,1.0,0.8666478755079007,0.4626894281506207,0.46350623150137327,0.2744318785637402,1.0,0.14047605203223987,0.13610758178750273,,,1,,0.0,
113,2,1,2,single_condition,shap,attribution,wine_quality,1486,training,2,0,,-0.935841260552387,-1.0,0.35441280997573155,-0.8181601403675274,-0.26102100006182827,0.0,0.03561509853751504,0.13610758178750273,,,0,,0.0,
113,3,1,3,single_condition,shap,attribution,wine_quality,365,training,3,1,,1.0,0.867662003265608,0.27391297570448,0.10021214207315607,-0.02024526609417847,1.0,0.20907023107059888,0.13610758178750273,,,1,,0.0,
113,4,1,4,single_condition,shap,attribution,wine_quality,980,training,4,0,,-0.7093035570406812,1.0,0.5636858201763457,-0.007562292535616288,-0.070826152085725,0.0,0.04000067707100743,0.13610758178750273,,,0,,0.0,
113,5,1,1,single_condition,shap,attribution,wine_quality,1253,testing,1,0,True,-1.0,-0.42773446861536507,0.19914441300619198,-0.2964567640151605,-0.20790256657344566,0.0,0.06985359949516029,0.13610758178750273,1.0,0.0,0,0.6666666666666666,0.0,True
113,6,1,2,single_condition,shap,attribution,wine_quality,882,testing,2,1,False,,,,,,,,,1.0,1.0,1,0.6666666666666666,0.0,True
113,7,1,3,single_condition,shap,attribution,wine_quality,513,testing,3,1,False,,,,,,,,,0.0,0.0,1,0.6666666666666666,0.0,False
113,8,1,4,single_condition,shap,attribution,wine_quality,69,testing,4,0,False,,,,,,,,,1.0,0.0,0,0.6666666666666666,0.0,True
113,9,1,5,single_condition,shap,attribution,wine_quality,940,testing,5,1,True,1.0,0.6381160802928669,0.3388517189318534,0.19169429923146297,-0.05185867282523297,1.0,0.2549338370442099,0.13610758178750273,1.0,1.0,1,0.6666666666666666,0.0,True
113,10,1,6,single_condition,shap,attribution,wine_quality,289,testing,6,0,True,-0.9880210488712762,0.34162627661769335,-1.0,0.007473018904060219,-0.0038526444601406627,0.0,0.08285222719832838,0.13610758178750273,0.0,1.0,0,0.6666666666666666,0.0,False
114,1,1,1,single_condition,shap,importance,wine_quality,821,training,1,1,,1.0,0.5156617984092522,-0.024960528447469352,-0.12222812864007215,0.16490541226129785,1.0,0.24208930660502725,0.13610758178750273,,,1,,0.0,
114,2,1,2,single_condition,shap,importance,wine_quality,946,training,2,1,,1.0,0.8531720162028547,0.19800031447698732,0.044698414306870354,-0.036192182392797076,1.0,0.24229031541779597,0.13610758178750273,,,1,,0.0,
114,3,1,3,single_condition,shap,importance,wine_quality,493,training,3,0,,1.0,0.7596394890394973,-0.9641369925281829,-0.24908511361622443,0.22784214989872711,0.0,0.10880733014770094,0.13610758178750273,,,0,,0.0,
114,4,1,4,single_condition,shap,importance,wine_quality,1217,training,4,0,,0.7560494228025153,0.5036062880343417,-1.0,-0.017552645641525654,-0.16400886278177884,0.0,0.1917295588279674,0.13610758178750273,,,0,,0.0,
114,5,1,1,single_condition,shap,importance,wine_quality,940,testing,1,1,True,1.0,0.6381160802928669,0.3388517189318534,0.19169429923146297,-0.05185867282523297,1.0,0.2549338370442099,0.13610758178750273,1.0,1.0,1,0.6666666666666666,0.0,True
114,6,1,2,single_condition,shap,importance,wine_quality,456,testing,2,0,True,-0.6095408772594608,-1.0,0.2729423210820266,-0.2714627453696897,-0.15468412554355482,0.0,0.050728728386396305,0.13610758178750273,0.0,1.0,0,0.6666666666666666,0.0,False
114,7,1,3,single_condition,shap,importance,wine_quality,739,testing,3,0,False,,,,,,,,,0.0,1.0,0,0.6666666666666666,0.0,False
114,8,1,4,single_condition,shap,importance,wine_quality,568,testing,4,0,True,0.07876274983839553,1.0,0.27533152946164213,0.048450444878876446,0.029105731759978503,0.0,0.10403977548851978,0.13610758178750273,0.0,1.0,0,0.6666666666666666,0.0,False
114,9,1,5,single_condition,shap,importance,wine_quality,1405,testing,5,1,False,,,,,,,,,1.0,1.0,1,0.6666666666666666,0.0,True
114,10,1,6,single_condition,shap,importance,wine_quality,1267,testing,6,1,False,,,,,,,,,1.0,1.0,1,0.6666666666666666,0.0,True
115,1,1,1,single_condition,integrated_gradients,none,wine_quality,504,training,1,1,,0.14320449928441054,1.0,-0.14163108282476317,0.09680519911161267,0.013979458663076004,1.0,0.35545915365219116,0.11934235692024231,,,1,,0.0,
115,2,1,2,single_condition,integrated_gradients,none,wine_quality,983,training,2,0,,0.17726150873980856,1.0,-0.45480449504522125,0.20078039377490103,0.004179298784997557,0.0,0.05200602114200592,0.11934235692024231,,,0,,0.0,
115,3,1,3,single_condition,integrated_gradients,none,wine_quality,1585,training,3,1,,0.35810757182415565,1.0,-0.026457227822271362,-0.10749239457936079,0.01535352777607858,1.0,0.3127797245979309,0.11934235692024231,,,1,,0.0,
115,4,1,4,single_condition,integrated_gradients,none,wine_quality,99,training,4,0,,-1.0,-0.5454645946540327,-0.044708724243146966,-0.044267198096554945,-0.000676799588618681,0.0,0.06416569650173187,0.11934235692024231,,,0,,0.0,
115,5,1,1,single_condition,integrated_gradients,none,wine_quality,1016,testing,1,1,False,,,,,,,,,0.0,0.0,1,0.6666666666666666,0.0,False
115,6,1,2,single_condition,integrated_gradients,none,wine_quality,216,testing,2,0,True,0.2671746053760343,-1.0,-0.02988556936269001,-0.22316201899639762,-0.23732738416502586,0.0,0.0753169059753418,0.11934235692024231,0.0,1.0,0,0.6666666666666666,0.0,False
115,7,1,3,single_condition,integrated_gradients,none,wine_quality,470,testing,3,1,False,,,,,,,,,1.0,1.0,1,0.6666666666666666,0.0,True
115,8,1,4,single_condition,integrated_gradients,none,wine_quality,214,testing,4,0,True,-0.7399416478753419,0.3979354667032753,0.034989658694330926,-1.0,-0.03400662014910737,0.0,0.07305005937814713,0.11934235692024231,0.0,1.0,0,0.6666666666666666,0.0,False
115,9,1,5,single_condition,integrated_gradients,none,wine_quality,1369,testing,5,0,True,-0.0074868932959754,-1.0,0.01474700249695624,-0.0598327275899921,0.000574070611171886,0.0,0.10896478593349457,0.11934235692024231,1.0,0.0,0,0.6666666666666666,0.0,True
115,10,1,6,single_condition,integrated_gradients,none,wine_quality,1267,testing,6,1,False,,,,,,,,,0.0,0.0,1,0.6666666666666666,0.0,False
116,1,1,1,single_condition,integrated_gradients,attribution,wine_quality,913,training,1,1,,0.801719322099025,-0.15709642945551414,1.0,0.058249898857972576,0.16478765716270288,1.0,0.24198800325393677,0.11934235692024231,,,1,,0.0,
116,2,1,2,single_condition,integrated_gradients,attribution,wine_quality,440,training,2,1,,-0.37570983787293083,0.023590255232283846,-0.10776658838090082,0.6606254267136114,1.0,1.0,0.4667595326900482,0.11934235692024231,,,1,,0.0,
116,3,1,3,single_condition,integrated_gradients,attribution,wine_quality,256,training,3,0,,-1.0,-0.24363080792813563,-0.27692480099144073,0.3668340099577263,0.008413669237085985,0.0,0.07911689579486847,0.11934235692024231,,,0,,0.0,
116,4,1,4,single_condition,integrated_gradients,attribution,wine_quality,247,training,4,0,,-0.4069401590799744,-1.0,-0.232980169856843,-0.07274640328619592,-0.041128777851992974,0.0,0.06764161586761475,0.11934235692024231,,,0,,0.0,
116,5,1,1,single_condition,integrated_gradients,attribution,wine_quality,989,testing,1,0,True,0.21758892978517214,-1.0,0.5336493404482341,0.1718425685784057,0.6349681348980902,0.0,0.1783808022737503,0.11934235692024231,0.0,1.0,0,0.6666666666666666,0.0,False
116,6,1,2,single_condition,integrated_gradients,attribution,wine_quality,244,testing,2,0,False,,,,,,,,,0.0,1.0,0,0.6666666666666666,0.0,False
116,7,1,3,single_condition,integrated_gradients,attribution,wine_quality,1205,testing,3,1,True,0.11134655934821337,1.0,-0.0067203968618334406,0.014735652935856032,0.01951328295312185,1.0,0.37991195917129517,0.11934235692024231,0.0,0.0,1,0.6666666666666666,0.0,False
116,8,1,4,single_condition,integrated_gradients,attribution,wine_quality,1267,testing,4,1,False,,,,,,,,,1.0,1.0,1,0.6666666666666666,0.0,True
116,9,1,5,single_condition,integrated_gradients,attribution,wine_quality,1389,testing,5,0,True,-0.2176146741550918,-0.5786441435655868,-1.0,0.01254558115917129,0.009037383535472995,0.0,0.06699968129396439,0.11934235692024231,1.0,0.0,0,0.6666666666666666,0.0,True
116,10,1,6,single_condition,integrated_gradients,attribution,wine_quality,1405,testing,6,1,False,,,,,,,,,1.0,1.0,1,0.6666666666666666,0.0,True
117,1,1,1,single_condition,integrated_gradients,importance,wine_quality,1098,training,1,1,,1.0,0.9858193387688852,0.6990772555232383,0.16283559677114284,0.5447793914642394,1.0,0.20703977346420288,0.11934235692024231,,,1,,0.0,
117,2,1,2,single_condition,integrated_gradients,importance,wine_quality,335,training,2,0,,1.0,0.6283017842797082,-0.14710110019729478,-0.4359279303790407,-0.043967345163830975,0.0,0.35928383469581604,0.11934235692024231,,,0,,0.0,
117,3,1,3,single_condition,integrated_gradients,importance,wine_quality,753,training,3,0,,-0.9290299692002381,-1.0,0.001261586131815265,-0.4217101320833921,0.007290567707642262,0.0,0.04596051946282387,0.11934235692024231,,,0,,0.0,
117,4,1,4,single_condition,integrated_gradients,importance,wine_quality,1008,training,4,1,,1.0,0.5514639127441935,0.956912433787159,-0.02183790600048932,0.48416222433471007,1.0,0.16590642929077148,0.11934235692024231,,,1,,0.0,
117,5,1,1,single_condition,integrated_gradients,importance,wine_quality,875,testing,1,1,False,,,,,,,,,1.0,1.0,1,0.6666666666666666,0.0,True
117,6,1,2,single_condition,integrated_gradients,importance,wine_quality,1120,testing,2,1,True,1.0,0.6741778450762242,0.7798122096424384,-0.016080387097903215,0.4281229002621896,1.0,0.1937171071767807,0.11934235692024231,1.0,1.0,1,0.6666666666666666,0.0,True
117,7,1,3,single_condition,integrated_gradients,importance,wine_quality,1173,testing,3,0,False,,,,,,,,,1.0,0.0,0,0.6666666666666666,0.0,True
117,8,1,4,single_condition,integrated_gradients,importance,wine_quality,544,testing,4,0,True,-1.0,0.15819268344588747,-0.010471082249134546,0.3080379657184931,0.12129980169306767,0.0,0.21776124835014343,0.11934235692024231,0.0,1.0,0,0.6666666666666666,0.0,False
117,9,1,5,single_condition,integrated_gradients,importance,wine_quality,947,testing,5,1,True,0.8770849772974707,-0.33767035468482304,1.0,0.20290609782342664,0.19467849138422133,1.0,0.2259998321533203,0.11934235692024231,1.0,1.0,1,0.6666666666666666,0.0,True
117,10,1,6,single_condition,integrated_gradients,importance,wine_quality,507,testing,6,0,False,,,,,,,,,0.0,1.0,0,0.6666666666666666,0.0,False
118,1,1,1,single_condition,input_gradients,none,wine_quality,840,training,1,1,,0.6156918361156493,1.0,-0.597014879986255,-0.14447507568906454,-0.8773135570661934,1.0,0.2744119465351105,0.0,,,1,,0.0,
118,2,1,2,single_condition,input_gradients,none,wine_quality,1006,training,2,1,,1.0,0.6295500360665743,-0.16536162007746635,-0.014472560580986353,-0.3460103282694196,1.0,0.34444907307624817,0.0,,,1,,0.0,
118,3,1,3,single_condition,input_gradients,none,wine_quality,293,training,3,0,,0.5168209679641133,1.0,-0.04877287272596863,0.014588650661143945,-0.6412906582044443,0.0,0.0718824490904808,0.0,,,0,,0.0,
118,4,1,4,single_condition,input_gradients,none,wine_quality,1005,training,4,0,,1.0,0.5405891175572191,0.06443346480413303,-0.2486522793868306,-0.7035032323734014,0.0,0.4215868413448334,0.0,,,0,,0.0,
118,5,1,1,single_condition,input_gradients,none,wine_quality,1357,testing,1,0,False,,,,,,,,,0.0,1.0,0,0.6666666666666666,0.0,False
118,6,1,2,single_condition,input_gradients,none,wine_quality,377,testing,2,1,False,,,,,,,,,0.0,0.0,1,0.6666666666666666,0.0,False
118,7,1,3,single_condition,input_gradients,none,wine_quality,1205,testing,3,1,False,,,,,,,,,1.0,1.0,1,0.6666666666666666,0.0,True
118,8,1,4,single_condition,input_gradients,none,wine_quality,1267,testing,4,1,True,1.0,-0.3594245946273875,-0.011739246737030327,-0.3065739846940555,-0.0395738575469766,1.0,0.7997472286224365,0.0,0.0,0.0,1,0.6666666666666666,0.0,False
118,9,1,5,single_condition,input_gradients,none,wine_quality,1274,testing,5,0,True,0.9854508341495324,0.8296768969830537,-0.3167914049280974,-1.0,0.5141397024477841,0.0,0.03664666786789894,0.0,0.0,1.0,0,0.6666666666666666,0.0,False
118,10,1,6,single_condition,input_gradients,none,wine_quality,1075,testing,6,0,True,0.6375268492614522,-0.7204127939421358,-0.8771979552172938,-0.02253770063162615,-1.0,0.0,0.0008815939072519541,0.0,0.0,1.0,0,0.6666666666666666,0.0,False
119,1,1,1,single_condition,input_gradients,attribution,wine_quality,1331,training,1,0,,0.0,0.006705878970199194,-1.0,-0.9069848615558928,-0.1154975429554169,0.0,4.56197521998547e-05,0.0,,,0,,0.0,
119,2,1,2,single_condition,input_gradients,attribution,wine_quality,1446,training,2,0,,0.44003029532580257,-0.2671620638095059,-0.19501082723630322,-0.40211467462194583,-1.0,0.0,0.23203162848949432,0.0,,,0,,0.0,
119,3,1,3,single_condition,input_gradients,attribution,wine_quality,896,training,3,1,,0.7716817656355601,1.0,-0.5272509052505968,-0.06074705703018095,-0.3310539467808316,1.0,0.8105798363685608,0.0,,,1,,0.0,
119,4,1,4,single_condition,input_gradients,attribution,wine_quality,1209,training,4,1,,0.35969793874267475,1.0,0.10146314923254188,-0.10127867933054213,0.437212107744765,1.0,0.6400063037872314,0.0,,,1,,0.0,
119,5,1,1,single_condition,input_gradients,attribution,wine_quality,1151,testing,1,0,True,0.11260974572099225,1.0,-0.06433991185451325,0.6912549936073126,0.6114877405203695,0.0,0.3356829583644867,0.0,1.0,0.0,0,0.6666666666666666,0.0,True
119,6,1,2,single_condition,input_gradients,attribution,wine_quality,1125,testing,2,1,False,,,,,,,,,1.0,1.0,1,0.6666666666666666,0.0,True
119,7,1,3,single_condition,input_gradients,attribution,wine_quality,681,testing,3,0,True,1.0,0.37952857422558517,-0.2612642591144483,-0.3329326950605945,0.3496341220599863,0.0,0.01179190631955862,0.0,0.0,1.0,0,0.6666666666666666,0.0,False
119,8,1,4,single_condition,input_gradients,attribution,wine_quality,1586,testing,4,1,False,,,,,,,,,0.0,0.0,1,0.6666666666666666,0.0,False
119,9,1,5,single_condition,input_gradients,attribution,wine_quality,1590,testing,5,1,True,1.0,0.4195188846932975,0.035059870419058246,-0.22081305702240936,-0.3961229800533574,1.0,0.48332861065864563,0.0,1.0,1.0,1,0.6666666666666666,0.0,True
119,10,1,6,single_condition,input_gradients,attribution,wine_quality,566,testing,6,0,False,,,,,,,,,0.0,1.0,0,0.6666666666666666,0.0,False
120,1,1,1,single_condition,input_gradients,importance,wine_quality,86,training,1,0,,0.07460980384520605,-1.0,-0.6839613424715114,0.011751901963898064,-0.005740751694775271,0.0,2.406066453525021e-20,0.0,,,0,,0.0,
120,2,1,2,single_condition,input_gradients,importance,wine_quality,346,training,2,1,,0.5092958531715653,1.0,0.29526304868970815,-0.2116003830942939,0.603567432240624,1.0,0.5753933191299438,0.0,,,1,,0.0,
120,3,1,3,single_condition,input_gradients,importance,wine_quality,154,training,3,0,,0.29110638663200306,-0.11989564041834841,-1.0,0.04430847066862849,-0.24860361493261174,0.0,2.02870160137536e-06,0.0,,,0,,0.0,
120,4,1,4,single_condition,input_gradients,importance,wine_quality,922,training,4,1,,0.42472271563056607,0.9002899914819427,0.8313089420237534,1.0,0.7548527663263919,1.0,0.36628130078315735,0.0,,,1,,0.0,
120,5,1,1,single_condition,input_gradients,importance,wine_quality,1132,testing,1,1,True,0.7821293026915426,1.0,-0.3970982468543644,-0.2070399294049447,-0.5174785383504684,1.0,0.3793012201786041,0.0,1.0,1.0,1,0.6666666666666666,0.0,True
120,6,1,2,single_condition,input_gradients,importance,wine_quality,1370,testing,2,0,False,,,,,,,,,0.0,1.0,0,0.6666666666666666,0.0,False
120,7,1,3,single_condition,input_gradients,importance,wine_quality,1324,testing,3,0,False,,,,,,,,,0.0,1.0,0,0.6666666666666666,0.0,False
120,8,1,4,single_condition,input_gradients,importance,wine_quality,1205,testing,4,1,True,0.3356580125302575,1.0,0.2361903698358597,-0.06403561047426455,0.3697019963479949,1.0,0.6439642906188965,0.0,1.0,1.0,1,0.6666666666666666,0.0,True
120,9,1,5,single_condition,input_gradients,importance,wine_quality,1120,testing,5,1,True,-1.0,0.6524639562331145,-0.08265311624952998,-0.05972207058984799,-0.30239680121648244,1.0,0.28089308738708496,0.0,1.0,1.0,1,0.6666666666666666,0.0,True
120,10,1,6,single_condition,input_gradients,importance,wine_quality,376,testing,6,0,False,,,,,,,,,0.0,1.0,0,0.6666666666666666,0.0,False
121,1,1,1,single_condition,lime,none,wine_quality,141,training,1,0,,-1.0,0.7493726019225715,-0.023346658857596396,-0.4445898199179436,-0.07026401097394522,0.0,0.09482207341076905,0.10914658814574305,,,0,,0.0,
121,2,1,2,single_condition,lime,none,wine_quality,1359,training,2,0,,-1.0,0.14731924894875884,0.2569626957523153,0.07142517266004371,0.3251348424442337,0.0,0.07463354507343069,0.09274279384776905,,,0,,0.0,
121,3,1,3,single_condition,lime,none,wine_quality,1093,training,3,1,,1.0,0.4813089403125346,0.20850688230512793,0.42870969182635166,0.0795016336751305,1.0,0.1713264237429121,-0.008429402743628217,,,1,,0.0,
121,4,1,4,single_condition,lime,none,wine_quality,1209,training,4,1,,1.0,0.4029438931512427,0.19985213170428048,0.3650956108137791,-0.23693022914185435,1.0,0.20762570784731635,0.0017029526587463706,,,1,,0.0,
121,5,1,1,single_condition,lime,none,wine_quality,491,testing,1,1,False,,,,,,,,,1.0,1.0,1,0.6666666666666666,0.0,True
121,6,1,2,single_condition,lime,none,wine_quality,1289,testing,2,0,True,0.008900207807761762,1.0,-0.836118350147985,-0.1452557070318958,-0.34667470698423575,0.0,0.06448367607014618,0.08610356186608704,1.0,0.0,0,0.6666666666666666,0.0,True
121,7,1,3,single_condition,lime,none,wine_quality,1172,testing,3,1,True,1.0,0.46127985874106386,0.20274420300258164,0.020190694469523925,0.0512281381465234,1.0,0.18802475743907032,0.017297977215855007,1.0,1.0,1,0.6666666666666666,0.0,True
121,8,1,4,single_condition,lime,none,wine_quality,882,testing,4,1,False,,,,,,,,,1.0,1.0,1,0.6666666666666666,0.0,True
121,9,1,5,single_condition,lime,none,wine_quality,191,testing,5,0,True,-1.0,-0.35989995720374757,-0.24899627775097571,0.7245726750653175,-0.34460985328154625,0.0,0.0858234111431216,0.11348043714828326,1.0,0.0,0,0.6666666666666666,0.0,True
121,10,1,6,single_condition,lime,none,wine_quality,69,testing,6,0,False,,,,,,,,,0.0,1.0,0,0.6666666666666666,0.0,False
122,1,1,1,single_condition,lime,attribution,wine_quality,952,training,1,1,,1.0,0.1337105821587114,0.31147349266822766,0.2966718929496695,-0.055963252989261705,1.0,0.20062978904821474,0.006981443631867548,,,1,,0.0,
122,2,1,2,single_condition,lime,attribution,wine_quality,371,training,2,0,,-1.0,0.6249136369660466,0.2617435403552608,0.4775938465668095,-0.047961322842715606,0.0,0.13710002649320657,0.08793716993379087,,,0,,0.0,
122,3,1,3,single_condition,lime,attribution,wine_quality,375,training,3,1,,1.0,0.5071016959573811,0.2597694274732825,-0.17101067165905787,0.16625680107478275,1.0,0.20468559576858375,-0.0014587927505493453,,,1,,0.0,
122,4,1,4,single_condition,lime,attribution,wine_quality,435,training,4,0,,-1.0,-0.5198389488817334,0.40795557770493474,0.7512105440141771,0.25912818874604,0.0,0.11658966593500063,0.09888796898606711,,,0,,0.0,
122,5,1,1,single_condition,lime,attribution,wine_quality,819,testing,1,0,True,-1.0,-0.7899857660411184,0.16735237230899733,-0.7820137725954741,0.12099367271119787,0.0,0.08200162649628408,0.1404841396352572,1.0,0.0,0,0.6666666666666666,0.0,True
122,6,1,2,single_condition,lime,attribution,wine_quality,448,testing,2,0,True,0.36109894891452804,-0.7955618527637484,1.0,-0.5626525118135738,0.9697240756035415,0.0,0.042495222135861245,0.07804556159653088,1.0,0.0,0,0.6666666666666666,0.0,True
122,7,1,3,single_condition,lime,attribution,wine_quality,989,testing,3,0,False,,,,,,,,,1.0,0.0,0,0.6666666666666666,0.0,True
122,8,1,4,single_condition,lime,attribution,wine_quality,947,testing,4,1,True,1.0,-0.1444154861863504,0.38781920232442907,0.41392951996518634,0.0019988458528726496,1.0,0.1880395238398048,0.012598539015541865,1.0,1.0,1,0.6666666666666666,0.0,True
122,9,1,5,single_condition,lime,attribution,wine_quality,1267,testing,5,1,False,,,,,,,,,0.0,0.0,1,0.6666666666666666,0.0,False
122,10,1,6,single_condition,lime,attribution,wine_quality,267,testing,6,1,False,,,,,,,,,0.0,0.0,1,0.6666666666666666,0.0,False
123,1,1,1,single_condition,lime,importance,wine_quality,807,training,1,1,,1.0,0.1872583376777012,0.38368573619264285,0.3123432255579678,-0.05920927026057697,1.0,0.1926733871286075,-0.0014466453182310074,,,1,,0.0,
123,2,1,2,single_condition,lime,importance,wine_quality,1030,training,2,0,,1.0,-0.45750760530568046,0.1963621516382126,-0.18016337756730186,-0.25289381186671844,0.0,0.17323798735256743,0.07770994335944656,,,0,,0.0,
123,3,1,3,single_condition,lime,importance,wine_quality,832,training,3,0,,-1.0,0.9181564444027438,-0.1432399946052652,0.16584772772043452,0.07421860911970228,0.0,0.08108608253779263,0.08850244307796944,,,0,,0.0,
123,4,1,4,single_condition,lime,importance,wine_quality,1098,training,4,1,,1.0,0.39059460381907046,0.3832939592446497,0.39842083904567965,0.214866930291632,1.0,0.18403388012987332,-0.021602753787756487,,,1,,0.0,
123,5,1,1,single_condition,lime,importance,wine_quality,294,testing,1,0,False,,,,,,,,,1.0,0.0,0,0.6666666666666666,0.0,True
123,6,1,2,single_condition,lime,importance,wine_quality,1070,testing,2,1,False,,,,,,,,,0.0,0.0,1,0.6666666666666666,0.0,False
123,7,1,3,single_condition,lime,importance,wine_quality,1211,testing,3,0,True,-1.0,-0.38196098759067376,-0.2149541630194553,0.24537512210688875,0.03643810003366789,0.0,0.10046387224665114,0.12433546260791811,1.0,0.0,0,0.6666666666666666,0.0,True
123,8,1,4,single_condition,lime,importance,wine_quality,243,testing,4,0,True,-1.0,0.6487134557260975,0.35004525235219996,0.6236838243542728,0.16249675415032025,0.0,0.1139936538577969,0.06899476332911064,0.0,1.0,0,0.6666666666666666,0.0,False
123,9,1,5,single_condition,lime,importance,wine_quality,1405,testing,5,1,False,,,,,,,,,0.0,0.0,1,0.6666666666666666,0.0,False
123,10,1,6,single_condition,lime,importance,wine_quality,1205,testing,6,1,True,-0.14327925566810423,1.0,0.23269030741760424,0.9795780444728103,-0.14519136107405017,1.0,0.08394370104194915,0.0503654511693018,0.0,0.0,1,0.6666666666666666,0.0,False
124,1,1,1,single_condition,shap,none,wine_quality,1549,training,1,1,,1.0,0.5903791728179149,0.530139309716641,0.46314871721605955,0.263411576622582,1.0,0.15207332089356362,0.13610758178750273,,,1,,0.0,
124,2,1,2,single_condition,shap,none,wine_quality,1243,training,2,0,,-0.9608309950653932,-0.25076417139542345,-1.0,-0.10384757849438699,-0.14922465288600448,0.0,0.055221408856667625,0.13610758178750273,,,0,,0.0,
124,3,1,3,single_condition,shap,none,wine_quality,411,training,3,0,,-1.0,-0.2722490191639972,-0.9420341368159193,-0.03810936611890268,-0.18041920907205009,0.0,0.05592842691096485,0.13610758178750273,,,0,,0.0,
124,4,1,4,single_condition,shap,none,wine_quality,498,training,4,1,,0.9596685955011035,0.22154991418180783,0.7921837660034653,1.0,0.8942901702986531,1.0,0.10286238380804455,0.13610758178750273,,,1,,0.0,
124,5,1,1,single_condition,shap,none,wine_quality,1555,testing,1,0,True,-0.4700497592332444,0.750076257644557,1.0,-0.2932536857495353,-0.9116462698076795,0.0,0.02384688321975408,0.13610758178750273,0.0,1.0,0,0.6666666666666666,0.0,False
124,6,1,2,single_condition,shap,none,wine_quality,875,testing,2,1,True,1.0,0.7373813335087982,0.4256848518468992,0.34142055007393557,-0.0023743278422377195,1.0,0.22823591107751098,0.13610758178750273,1.0,1.0,1,0.6666666666666666,0.0,True
124,7,1,3,single_condition,shap,none,wine_quality,1301,testing,3,0,True,1.0,0.6197135789585044,0.06367588320452734,-0.2545422069220141,0.3766332271807835,0.0,0.16950229582797618,0.13610758178750273,1.0,0.0,0,0.6666666666666666,0.0,True
124,8,1,4,single_condition,shap,none,wine_quality,882,testing,4,1,False,,,,,,,,,1.0,1.0,1,0.6666666666666666,0.0,True
124,9,1,5,single_condition,shap,none,wine_quality,1590,testing,5,1,False,,,,,,,,,1.0,1.0,1,0.6666666666666666,0.0,True
124,10,1,6,single_condition,shap,none,wine_quality,772,testing,6,0,False,,,,,,,,,1.0,0.0,0,0.6666666666666666,0.0,True
125,1,1,1,single_condition,shap,attribution,wine_quality,671,training,1,0,,-1.0,-0.762856016024935,0.18573847438338667,-0.619926793356819,0.020200764864861425,0.0,0.05986532265921669,0.13610758178750273,,,0,,0.0,
125,2,1,2,single_condition,shap,attribution,wine_quality,1585,training,2,1,,0.778797370089921,1.0,0.03439837362175469,0.05203724763078295,-0.07990014303787617,1.0,0.2074960896735168,0.13610758178750273,,,1,,0.0,
125,3,1,3,single_condition,shap,attribution,wine_quality,455,training,3,1,,1.0,0.3385149264933421,0.49254420323085996,-0.10754623835140806,0.17730243726876285,1.0,0.23201854392963217,0.13610758178750273,,,1,,0.0,
125,4,1,4,single_condition,shap,attribution,wine_quality,435,training,4,0,,-1.0,-0.7723141878783886,0.17659578818746452,0.08984066699155527,0.17378795987344903,0.0,0.08865309342588353,0.13610758178750273,,,0,,0.0,
125,5,1,1,single_condition,shap,attribution,wine_quality,875,testing,1,1,True,1.0,0.7373813335087982,0.4256848518468992,0.34142055007393557,-0.0023743278422377195,1.0,0.22823591107751098,0.13610758178750273,0.0,0.0,1,0.6666666666666666,0.0,False
125,6,1,2,single_condition,shap,attribution,wine_quality,521,testing,2,0,False,,,,,,,,,0.0,1.0,0,0.6666666666666666,0.0,False
125,7,1,3,single_condition,shap,attribution,wine_quality,820,testing,3,0,False,,,,,,,,,1.0,0.0,0,0.6666666666666666,0.0,True
125,8,1,4,single_condition,shap,attribution,wine_quality,1125,testing,4,1,False,,,,,,,,,0.0,0.0,1,0.6666666666666666,0.0,False
125,9,1,5,single_condition,shap,attribution,wine_quality,1291,testing,5,0,True,0.5514386857713083,1.0,-0.059321069501997725,-0.12269205503335681,0.063748318801014,0.0,0.08876355553010767,0.13610758178750273,0.0,1.0,0,0.6666666666666666,0.0,False
125,10,1,6,single_condition,shap,attribution,wine_quality,1590,testing,6,1,True,0.937928656308142,1.0,0.17908990562138483,-0.04240333719110447,-0.008547993735671534,1.0,0.1823089148721628,0.13610758178750273,1.0,1.0,1,0.6666666666666666,0.0,True
126,1,1,1,single_condition,shap,importance,wine_quality,821,training,1,1,,1.0,0.5156617984092522,-0.024960528447469352,-0.12222812864007215,0.16490541226129785,1.0,0.24208930660502725,0.13610758178750273,,,1,,0.0,
126,2,1,2,single_condition,shap,importance,wine_quality,1090,training,2,1,,0.4129056074786999,0.020486880480497235,-0.09789270807541263,0.9969720557640184,1.0,1.0,0.3372669236909071,0.13610758178750273,,,1,,0.0,
126,3,1,3,single_condition,shap,importance,wine_quality,1460,training,3,0,,-0.395569401052445,0.1924269537284387,-1.0,0.022556916795077108,-0.48044152895521613,0.0,0.055562424882243486,0.13610758178750273,,,0,,0.0,
126,4,1,4,single_condition,shap,importance,wine_quality,169,training,4,0,,-0.8481846121588458,-1.0,-0.3695186695785305,-0.47275039522754886,0.13506420774137268,0.0,0.05326295009522412,0.13610758178750273,,,0,,0.0,
126,5,1,1,single_condition,shap,importance,wine_quality,1424,testing,1,0,False,,,,,,,,,1.0,0.0,0,0.6666666666666666,0.0,True
126,6,1,2,single_condition,shap,importance,wine_quality,1018,testing,2,1,True,0.18571614788834215,0.24302249668734477,-0.06426219896667797,1.0,0.3313098542437721,1.0,0.5038016520692397,0.13610758178750273,0.0,0.0,1,0.6666666666666666,0.0,False
126,7,1,3,single_condition,shap,importance,wine_quality,1125,testing,3,1,False,,,,,,,,,0.0,0.0,1,0.6666666666666666,0.0,False
126,8,1,4,single_condition,shap,importance,wine_quality,1152,testing,4,0,True,-0.9954867161516499,-1.0,0.03956952190730937,-0.3875917572042191,0.10903297135863368,0.0,0.053412974191063015,0.13610758178750273,1.0,0.0,0,0.6666666666666666,0.0,True
126,9,1,5,single_condition,shap,importance,wine_quality,1070,testing,5,1,True,0.7253893439442038,1.0,0.23474572153881135,0.4187731442417863,0.16778030193523458,1.0,0.167810983964313,0.13610758178750273,0.0,0.0,1,0.6666666666666666,0.0,False
126,10,1,6,single_condition,shap,importance,wine_quality,1556,testing,6,0,False,,,,,,,,,1.0,0.0,0,0.6666666666666666,0.0,True
127,1,1,1,single_condition,integrated_gradients,none,wine_quality,807,training,1,1,,0.9319614795110971,0.3581201989484964,1.0,0.18440140280784115,-0.05673348279975602,1.0,0.2597937285900116,0.11934235692024231,,,1,,0.0,
127,2,1,2,single_condition,integrated_gradients,none,wine_quality,1249,training,2,0,,0.7213951622145233,-1.0,0.2269147505992577,0.09033103306954628,-0.7640384954052462,0.0,0.04118591919541359,0.11934235692024231,,,0,,0.0,
127,3,1,3,single_condition,integrated_gradients,none,wine_quality,408,training,3,1,,1.0,0.5169059042046302,0.9515475538349525,0.3608923921401084,0.8155133066706476,1.0,0.1431395709514618,0.11934235692024231,,,1,,0.0,
127,4,1,4,single_condition,integrated_gradients,none,wine_quality,920,training,4,0,,0.03674767742533996,-1.0,0.31035212229019454,0.058611568655967276,0.06218469071565642,0.0,0.09195838123559952,0.11934235692024231,,,0,,0.0,
127,5,1,1,single_condition,integrated_gradients,none,wine_quality,818,testing,1,0,True,-0.5360112109939577,-1.0,-0.0010224510041742312,-0.3546676385794784,0.002996141720285079,0.0,0.0623134970664978,0.11934235692024231,1.0,0.0,0,0.6666666666666666,0.0,True
127,6,1,2,single_condition,integrated_gradients,none,wine_quality,491,testing,2,1,False,,,,,,,,,0.0,0.0,1,0.6666666666666666,0.0,False
127,7,1,3,single_condition,integrated_gradients,none,wine_quality,739,testing,3,0,True,-1.0,-0.43338125651797227,0.005345211525271614,-0.5556953799985506,-0.00997773828213162,0.0,0.05762207880616188,0.11934235692024231,1.0,0.0,0,0.6666666666666666,0.0,True
127,8,1,4,single_condition,integrated_gradients,none,wine_quality,4,testing,4,0,False,,,,,,,,,1.0,0.0,0,0.6666666666666666,0.0,True
127,9,1,5,single_condition,integrated_gradients,none,wine_quality,1405,testing,5,1,True,0.9968398464414572,1.0,0.11538447491471589,0.1203017508382322,0.09498394222431711,1.0,0.1927814781665802,0.11934235692024231,0.0,0.0,1,0.6666666666666666,0.0,False
127,10,1,6,single_condition,integrated_gradients,none,wine_quality,950,testing,6,1,False,,,,,,,,,1.0,1.0,1,0.6666666666666666,0.0,True
128,1,1,1,single_condition,integrated_gradients,attribution,wine_quality,314,training,1,0,,-0.0663482479757233,0.8230047475531893,-0.7095904061380393,-1.0,-0.0015677746010146316,0.0,0.03589656576514244,0.11934235692024231,,,0,,0.0,
128,2,1,2,single_condition,integrated_gradients,attribution,wine_quality,1162,training,2,1,,1.0,0.48975948190494706,0.7678143573729924,0.21019311110166075,0.8646340589175167,1.0,0.18395818769931793,0.11934235692024231,,,1,,0.0,
128,3,1,3,single_condition,integrated_gradients,attribution,wine_quality,352,training,3,0,,-1.0,0.5478925071908368,-0.3166920240935037,-0.4919706931526286,-0.021246759596879005,0.0,0.0713939517736435,0.11934235692024231,,,0,,0.0,
128,4,1,4,single_condition,integrated_gradients,attribution,wine_quality,430,training,4,1,,0.9213142148333581,0.7428775405582049,0.35025301594180513,0.4313510749849915,1.0,1.0,0.1522531807422638,0.11934235692024231,,,1,,0.0,
128,5,1,1,single_condition,integrated_gradients,attribution,wine_quality,1355,testing,1,0,False,,,,,,,,,0.0,1.0,0,0.6666666666666666,0.0,False
128,6,1,2,single_condition,integrated_gradients,attribution,wine_quality,1172,testing,2,1,False,,,,,,,,,1.0,1.0,1,0.6666666666666666,0.0,True
128,7,1,3,single_condition,integrated_gradients,attribution,wine_quality,1405,testing,3,1,True,0.9968398464414572,1.0,0.11538447491471589,0.1203017508382322,0.09498394222431711,1.0,0.1927814781665802,0.11934235692024231,1.0,1.0,1,0.6666666666666666,0.0,True
128,8,1,4,single_condition,integrated_gradients,attribution,wine_quality,511,testing,4,0,True,-0.5072013881042989,-0.7634091408027527,-1.0,-0.5123120379311599,-0.54421951479073,0.0,0.028389517217874527,0.11934235692024231,1.0,0.0,0,0.6666666666666666,0.0,True
128,9,1,5,single_condition,integrated_gradients,attribution,wine_quality,1061,testing,5,1,True,1.0,0.3341073338133243,0.9004694859354115,0.06405742099327881,0.457882879556958,1.0,0.2068609744310379,0.11934235692024231,1.0,1.0,1,0.6666666666666666,0.0,True
128,10,1,6,single_condition,integrated_gradients,attribution,wine_quality,194,testing,6,0,False,,,,,,,,,0.0,1.0,0,0.6666666666666666,0.0,False
129,1,1,1,single_condition,integrated_gradients,importance,wine_quality,348,training,1,0,,-1.0,0.845635957087084,0.0021865254114622015,-0.2103078129845457,-0.7034411250638731,0.0,0.0787801519036293,0.11934235692024231,,,0,,0.0,
129,2,1,2,single_condition,integrated_gradients,importance,wine_quality,365,training,2,1,,1.0,0.7877517624079585,0.1101461593372358,0.04851648617834103,0.11851442946849773,1.0,0.23314876854419708,0.11934235692024231,,,1,,0.0,
129,3,1,3,single_condition,integrated_gradients,importance,wine_quality,457,training,3,0,,-1.0,-0.7590467793929125,-0.31768912490948303,-0.4511222160899602,-0.045210986976645634,0.0,0.046027522534132004,0.11934235692024231,,,0,,0.0,
129,4,1,4,single_condition,integrated_gradients,importance,wine_quality,326,training,4,1,,1.0,0.31742717701080925,-0.0427124036020561,-0.011160287873504864,0.34363454313039843,1.0,0.28564774990081787,0.11934235692024231,,,1,,0.0,
129,5,1,1,single_condition,integrated_gradients,importance,wine_quality,713,testing,1,0,False,,,,,,,,,1.0,0.0,0,0.6666666666666666,0.0,True
129,6,1,2,single_condition,integrated_gradients,importance,wine_quality,480,testing,2,0,True,-1.0,0.014564036066013773,-0.13546088297212594,0.6067019507391213,0.14966205432967672,0.0,0.12030763924121857,0.11934235692024231,0.0,1.0,0,0.6666666666666666,0.0,False
129,7,1,3,single_condition,integrated_gradients,importance,wine_quality,470,testing,3,1,False,,,,,,,,,0.0,0.0,1,0.6666666666666666,0.0,False
129,8,1,4,single_condition,integrated_gradients,importance,wine_quality,950,testing,4,1,True,0.9292463754867129,1.0,0.8713253344314483,0.691984394022342,-0.3251052284783838,1.0,0.21418516337871552,0.11934235692024231,1.0,1.0,1,0.6666666666666666,0.0,True
129,9,1,5,single_condition,integrated_gradients,importance,wine_quality,1172,testing,5,1,True,1.0,0.6567458212961618,0.6419196250879587,0.060770374101252106,0.14322338121153724,1.0,0.2266080230474472,0.11934235692024231,1.0,1.0,1,0.6666666666666666,0.0,True
129,10,1,6,single_condition,integrated_gradients,importance,wine_quality,1519,testing,6,0,False,,,,,,,,,0.0,1.0,0,0.6666666666666666,0.0,False
130,1,1,1,single_condition,input_gradients,none,wine_quality,949,training,1,1,,1.0,0.4444027744038355,-0.09388860506990067,0.11623851617579144,-0.4188046078114697,1.0,0.4465615749359131,0.0,,,1,,0.0,
130,2,1,2,single_condition,input_gradients,none,wine_quality,444,training,2,1,,0.812255869521186,1.0,0.1913654994993261,0.3747812422487411,0.7693525011166188,1.0,0.5450055599212646,0.0,,,1,,0.0,
130,3,1,3,single_condition,input_gradients,none,wine_quality,1523,training,3,0,,-0.20806622858857673,1.0,-0.04679112235031362,0.28947692662250457,0.011756695270917437,0.0,0.08496002852916718,0.0,,,0,,0.0,
130,4,1,4,single_condition,input_gradients,none,wine_quality,571,training,4,0,,0.031196891139185504,1.0,-0.7849919889189858,0.1786521441188582,0.15291256611152693,0.0,0.04492530971765518,0.0,,,0,,0.0,
130,5,1,1,single_condition,input_gradients,none,wine_quality,800,testing,1,0,False,,,,,,,,,1.0,0.0,0,0.6666666666666666,0.0,True
130,6,1,2,single_condition,input_gradients,none,wine_quality,1205,testing,2,1,False,,,,,,,,,0.0,0.0,1,0.6666666666666666,0.0,False
130,7,1,3,single_condition,input_gradients,none,wine_quality,267,testing,3,1,True,1.0,0.5855840803383696,-0.2841847248012962,-0.21490503309610104,-0.49491594083852786,1.0,0.4088216722011566,0.0,1.0,1.0,1,0.6666666666666666,0.0,True
130,8,1,4,single_condition,input_gradients,none,wine_quality,1107,testing,4,1,False,,,,,,,,,1.0,1.0,1,0.6666666666666666,0.0,True
130,9,1,5,single_condition,input_gradients,none,wine_quality,1511,testing,5,0,True,0.4102375959422745,-0.12690284650269104,-0.14091307862359637,-0.47766179767155975,-1.0,0.0,0.14424771070480347,0.0,0.0,1.0,0,0.6666666666666666,0.0,False
130,10,1,6,single_condition,input_gradients,none,wine_quality,269,testing,6,0,True,0.5695806693464335,-0.9234594547993331,-0.10082746524950005,-0.3613085570363893,-1.0,0.0,0.3871673345565796,0.0,0.0,1.0,0,0.6666666666666666,0.0,False
131,1,1,1,single_condition,input_gradients,attribution,wine_quality,1103,training,1,0,,-0.30748449788112614,1.0,-0.1990280643851961,0.1505129184546039,-0.2702208473949751,0.0,0.4473005533218384,0.0,,,0,,0.0,
131,2,1,2,single_condition,input_gradients,attribution,wine_quality,75,training,2,0,,0.5474509159340245,0.061600777078769486,-0.2923709200671676,-0.010313221105799287,-1.0,0.0,0.3735075891017914,0.0,,,0,,0.0,
131,3,1,3,single_condition,input_gradients,attribution,wine_quality,821,training,3,1,,0.2534140576799544,1.0,-0.03914143021750747,0.5327019197882681,0.9423282369842112,1.0,0.5020785927772522,0.0,,,1,,0.0,
131,4,1,4,single_condition,input_gradients,attribution,wine_quality,1053,training,4,1,,1.0,0.8640095487484365,-0.09398625651968762,-0.20621668416858152,-0.3333684058953521,1.0,0.26015999913215637,0.0,,,1,,0.0,
131,5,1,1,single_condition,input_gradients,attribution,wine_quality,875,testing,1,1,True,0.9475219901438725,1.0,-0.05187046096741543,-0.09161726517862172,-0.7112800053170517,1.0,0.258728951215744,0.0,0.0,0.0,1,0.6666666666666666,0.0,False
131,6,1,2,single_condition,input_gradients,attribution,wine_quality,513,testing,2,1,True,1.0,0.43671215118847,-0.014056055619933155,-0.7194641671061249,-0.027141514449440185,1.0,0.7987599968910217,0.0,0.0,0.0,1,0.6666666666666666,0.0,False
131,7,1,3,single_condition,input_gradients,attribution,wine_quality,505,testing,3,1,False,,,,,,,,,1.0,1.0,1,0.6666666666666666,0.0,True
131,8,1,4,single_condition,input_gradients,attribution,wine_quality,1469,testing,4,0,True,0.07989580171522351,0.08118015483774599,-0.2012789579013978,-1.0,0.2579802483016917,0.0,0.0013124507386237383,0.0,1.0,0.0,0,0.6666666666666666,0.0,True
131,9,1,5,single_condition,input_gradients,attribution,wine_quality,764,testing,5,0,False,,,,,,,,,1.0,0.0,0,0.6666666666666666,0.0,True
131,10,1,6,single_condition,input_gradients,attribution,wine_quality,992,testing,6,0,False,,,,,,,,,1.0,0.0,0,0.6666666666666666,0.0,True
132,1,1,1,single_condition,input_gradients,importance,wine_quality,919,training,1,1,,0.42472271563056607,0.9002899914819427,0.8313089420237534,1.0,0.7548527663263919,1.0,0.36628130078315735,0.0,,,1,,0.0,
132,2,1,2,single_condition,input_gradients,importance,wine_quality,413,training,2,1,,1.0,-0.2637954898054962,-0.040411593939877866,-0.2360729197909942,-0.4790504292105254,1.0,0.6770557761192322,0.0,,,1,,0.0,
132,3,1,3,single_condition,input_gradients,importance,wine_quality,175,training,3,0,,0.35341968581841887,-0.8488164830655281,-1.0,-0.39017679039269054,-0.7509765073387535,0.0,0.013932299800217152,0.0,,,0,,0.0,
132,4,1,4,single_condition,input_gradients,importance,wine_quality,791,training,4,0,,0.08366194361261473,-0.01796369270748125,-1.0,-0.1158030377393832,-0.06801526219825921,0.0,3.745990184711445e-08,0.0,,,0,,0.0,
132,5,1,1,single_condition,input_gradients,importance,wine_quality,1029,testing,1,0,False,,,,,,,,,0.0,1.0,0,0.6666666666666666,0.0,False
132,6,1,2,single_condition,input_gradients,importance,wine_quality,495,testing,2,1,True,1.0,0.4889472887257124,-0.024893120268703706,-0.2078097914419521,-0.1059005821848105,1.0,0.606197714805603,0.0,1.0,1.0,1,0.6666666666666666,0.0,True
132,7,1,3,single_condition,input_gradients,importance,wine_quality,1018,testing,3,1,False,,,,,,,,,0.0,0.0,1,0.6666666666666666,0.0,False
132,8,1,4,single_condition,input_gradients,importance,wine_quality,632,testing,4,0,False,,,,,,,,,0.0,1.0,0,0.6666666666666666,0.0,False
132,9,1,5,single_condition,input_gradients,importance,wine_quality,461,testing,5,0,True,0.069099746000334,0.4436841793630014,0.07110999031995034,-1.0,0.030668950094058893,0.0,0.035736434161663055,0.0,0.0,1.0,0,0.6666666666666666,0.0,False
132,10,1,6,single_condition,input_gradients,importance,wine_quality,1586,testing,6,1,True,-0.04085306823282713,1.0,-0.13893230776097676,0.000744093249845314,0.2086330827997025,1.0,1.3193578720092773,0.0,1.0,1.0,1,0.6666666666666666,0.0,True
133,1,1,1,single_condition,lime,none,wine_quality,1209,training,1,1,,1.0,0.4029438931512427,0.19985213170428048,0.3650956108137791,-0.23693022914185435,1.0,0.20762570784731635,0.0017029526587463706,,,1,,0.0,
133,2,1,2,single_condition,lime,none,wine_quality,585,training,2,0,,-1.0,-0.03441042076428062,0.03307110694965136,0.1619985629228842,-0.5987379422015663,0.0,0.07688941762557085,0.12055156478003236,,,0,,0.0,
133,3,1,3,single_condition,lime,none,wine_quality,154,training,3,0,,-0.10032348807278141,0.19033215132036144,-1.0,0.3061950279202144,-0.4142079091637178,0.0,0.08392656943234758,0.10804367777522826,,,0,,0.0,
133,4,1,4,single_condition,lime,none,wine_quality,1063,training,4,1,,1.0,0.03798195178002869,0.26895296712570393,0.34478012447438156,0.007041830704396541,1.0,0.186790645043529,0.012648709337684486,,,1,,0.0,
133,5,1,1,single_condition,lime,none,wine_quality,1330,testing,1,0,True,-0.9013055258913035,-0.3787749044211534,-1.0,-0.5547138928284923,-0.2555120552891832,0.0,0.07026541831765146,0.14323297988892458,1.0,0.0,0,0.6666666666666666,0.0,True
133,6,1,2,single_condition,lime,none,wine_quality,410,testing,2,0,False,,,,,,,,,1.0,0.0,0,0.6666666666666666,0.0,True
133,7,1,3,single_condition,lime,none,wine_quality,1447,testing,3,0,True,-1.0,0.831894682874177,-0.22821638584131346,-0.79308329936898,-0.4881647932668746,0.0,0.08427682698274319,0.1275765209243739,0.0,1.0,0,0.6666666666666666,0.0,False
133,8,1,4,single_condition,lime,none,wine_quality,1267,testing,4,1,True,1.0,0.4401129590747365,0.24579438530838507,0.043585168868210754,0.06390174128200123,1.0,0.20454861338025682,0.00389155920491481,1.0,1.0,1,0.6666666666666666,0.0,True
133,9,1,5,single_condition,lime,none,wine_quality,1205,testing,5,1,False,,,,,,,,,1.0,1.0,1,0.6666666666666666,0.0,True
133,10,1,6,single_condition,lime,none,wine_quality,1590,testing,6,1,False,,,,,,,,,1.0,1.0,1,0.6666666666666666,0.0,True
134,1,1,1,single_condition,lime,attribution,wine_quality,1598,training,1,0,,0.09250280870376573,0.24212335593508688,-0.3887439876985221,1.0,-0.4070833026150564,0.0,0.06575896173582887,0.07963069258033166,,,0,,0.0,
134,2,1,2,single_condition,lime,attribution,wine_quality,1167,training,2,1,,1.0,0.452102442424616,-0.09575053650117206,0.4611558870507803,0.01711354094488716,1.0,0.19325636112797628,0.005861680759083637,,,1,,0.0,
134,3,1,3,single_condition,lime,attribution,wine_quality,1593,training,3,0,,-1.0,0.7198147010740749,0.11904541853349233,-0.20507551500552923,-0.14589622401051897,0.0,0.11069062282168006,0.10986424369915433,,,0,,0.0,
134,4,1,4,single_condition,lime,attribution,wine_quality,1098,training,4,1,,1.0,0.39059460381907046,0.3832939592446497,0.39842083904567965,0.214866930291632,1.0,0.18403388012987332,-0.021602753787756487,,,1,,0.0,
134,5,1,1,single_condition,lime,attribution,wine_quality,1128,testing,1,0,True,-0.9005436662061957,0.5885912453572538,-1.0,-0.0991559222163215,0.15670639759050395,0.0,0.07315303656877063,0.10273854588298947,1.0,0.0,0,0.6666666666666666,0.0,True
134,6,1,2,single_condition,lime,attribution,wine_quality,1070,testing,2,1,False,,,,,,,,,0.0,0.0,1,0.6666666666666666,0.0,False
134,7,1,3,single_condition,lime,attribution,wine_quality,122,testing,3,0,True,-1.0,-0.6512087125117849,0.33388733034095186,-0.5564423072774929,-0.14828153913311243,0.0,0.0910858159673164,0.12927230689311628,1.0,0.0,0,0.6666666666666666,0.0,True
134,8,1,4,single_condition,lime,attribution,wine_quality,950,testing,4,1,False,,,,,,,,,0.0,0.0,1,0.6666666666666666,0.0,False
134,9,1,5,single_condition,lime,attribution,wine_quality,1590,testing,5,1,True,1.0,0.5213958596027459,0.2185399290899976,-0.04807686697483809,-0.05032220643573048,1.0,0.22480800857630345,0.0008565367818279823,0.0,0.0,1,0.6666666666666666,0.0,False
134,10,1,6,single_condition,lime,attribution,wine_quality,274,testing,6,0,False,,,,,,,,,1.0,0.0,0,0.6666666666666666,0.0,True
135,1,1,1,single_condition,lime,importance,wine_quality,1008,training,1,1,,1.0,0.1545560557436348,0.28701571138287213,0.480807578550898,-0.015440717623957219,1.0,0.18360713890403926,-0.001104894443359164,,,1,,0.0,
135,2,1,2,single_condition,lime,importance,wine_quality,488,training,2,0,,0.16339651590029053,0.7402410878260136,-1.0,0.9548068543637371,-0.07326832150744088,0.0,0.08788522330645844,0.07345496896019958,,,0,,0.0,
135,3,1,3,single_condition,lime,importance,wine_quality,353,training,3,0,,1.0,0.3245713434273306,-0.3178074577295306,-0.1189137051458305,0.19584258132412735,0.0,0.1944318756451667,0.03933157279629231,,,0,,0.0,
135,4,1,4,single_condition,lime,importance,wine_quality,836,training,4,1,,1.0,-0.2035413661893854,-0.5082984894821113,0.551298037378123,-0.025064719130698118,1.0,0.16443293094257416,0.056351057718849455,,,1,,0.0,
135,5,1,1,single_condition,lime,importance,wine_quality,1485,testing,1,0,True,-1.0,-0.9164045531058661,0.37604723824104236,-0.6222009433073941,-0.06883168907387681,0.0,0.07598376453407708,0.127598158154879,1.0,0.0,0,0.6666666666666666,0.0,True
135,6,1,2,single_condition,lime,importance,wine_quality,39,testing,2,0,True,0.09194534424646994,1.0,-0.8755275376927457,-0.07358874097642425,0.08057702927236089,0.0,0.07991416595756791,0.08239213018520189,1.0,0.0,0,0.6666666666666666,0.0,True
135,7,1,3,single_condition,lime,importance,wine_quality,1453,testing,3,0,False,,,,,,,,,1.0,0.0,0,0.6666666666666666,0.0,True
135,8,1,4,single_condition,lime,importance,wine_quality,377,testing,4,1,True,1.0,0.6119236759242317,0.32084298235388936,0.32026852183621,0.0897697182276162,1.0,0.19935884867613213,-0.0244822267496725,0.0,0.0,1,0.6666666666666666,0.0,False
135,9,1,5,single_condition,lime,importance,wine_quality,470,testing,5,1,False,,,,,,,,,0.0,0.0,1,0.6666666666666666,0.0,False
135,10,1,6,single_condition,lime,importance,wine_quality,1132,testing,6,1,False,,,,,,,,,0.0,0.0,1,0.6666666666666666,0.0,False
136,1,1,1,single_condition,shap,none,wine_quality,374,training,1,0,,1.0,0.849054812250193,0.0015115491070900595,0.6032128947806116,0.6507801255501855,0.0,0.08139264533524729,0.13610758178750273,,,0,,0.0,
136,2,1,2,single_condition,shap,none,wine_quality,341,training,2,1,,0.9600957727019326,1.0,0.4184749093288789,0.26549648569979994,0.13991700622135267,1.0,0.14857894626142878,0.13610758178750273,,,1,,0.0,
136,3,1,3,single_condition,shap,none,wine_quality,492,training,3,1,,1.0,0.7858941566927822,0.29464656589427446,0.1058054188200731,0.11989699953280637,1.0,0.2875305782866736,0.13610758178750273,,,1,,0.0,
136,4,1,4,single_condition,shap,none,wine_quality,866,training,4,0,,0.7760611981720132,1.0,0.18843965745649024,-0.006782997658105332,-0.2281005844902922,0.0,0.15535867188113475,0.13610758178750273,,,0,,0.0,
136,5,1,1,single_condition,shap,none,wine_quality,1061,testing,1,1,True,1.0,0.3019782343214257,0.4713963318296485,0.197539540550356,0.19353658018787556,1.0,0.2552356493871182,0.13610758178750273,1.0,1.0,1,0.6666666666666666,0.0,True
136,6,1,2,single_condition,shap,none,wine_quality,819,testing,2,0,False,,,,,,,,,1.0,0.0,0,0.6666666666666666,0.0,True
136,7,1,3,single_condition,shap,none,wine_quality,882,testing,3,1,True,1.0,0.6729025071690822,0.3317376331236554,0.299731531530335,0.12839001321668217,1.0,0.2362039004460372,0.13610758178750273,1.0,1.0,1,0.6666666666666666,0.0,True
136,8,1,4,single_condition,shap,none,wine_quality,1586,testing,4,1,True,0.8163106692018297,1.0,-0.07887229914606086,0.053605601531774065,-0.0007154572343069731,1.0,0.21871768649991233,0.13610758178750273,0.0,0.0,1,0.6666666666666666,0.0,False
136,9,1,5,single_condition,shap,none,wine_quality,284,testing,5,0,False,,,,,,,,,1.0,0.0,0,0.6666666666666666,0.0,True
136,10,1,6,single_condition,shap,none,wine_quality,57,testing,6,0,False,,,,,,,,,1.0,0.0,0,0.6666666666666666,0.0,True
137,1,1,1,single_condition,shap,attribution,wine_quality,611,training,1,0,,-1.0,-0.26862749935903607,0.05381161699883825,0.17487701332791722,0.4521450827634704,0.0,0.15113341681675393,0.13610758178750273,,,0,,0.0,
137,2,1,2,single_condition,shap,attribution,wine_quality,838,training,2,1,,0.746141503538425,1.0,0.34699468932610955,0.4519840301391949,0.1271987233553609,1.0,0.16869444002500067,0.13610758178750273,,,1,,0.0,
137,3,1,3,single_condition,shap,attribution,wine_quality,1575,training,3,0,,1.0,-0.033199177137870996,0.4741956000696038,-0.06525102178102095,0.04252712726480191,0.0,0.1398809255439189,0.13610758178750273,,,0,,0.0,
137,4,1,4,single_condition,shap,attribution,wine_quality,1007,training,4,1,,1.0,0.9154651549332539,0.3400326330690544,0.3909564630401865,0.09001988094811218,1.0,0.22130242403077588,0.13610758178750273,,,1,,0.0,
137,5,1,1,single_condition,shap,attribution,wine_quality,1029,testing,1,0,True,-0.3042516615507396,-1.0,0.2510628809773706,-0.2573146171302366,-0.0754095054350795,0.0,0.06362569878216395,0.13610758178750273,1.0,0.0,0,0.6666666666666666,0.0,True
137,6,1,2,single_condition,shap,attribution,wine_quality,1205,testing,2,1,False,,,,,,,,,1.0,1.0,1,0.6666666666666666,0.0,True
137,7,1,3,single_condition,shap,attribution,wine_quality,1275,testing,3,0,False,,,,,,,,,0.0,1.0,0,0.6666666666666666,0.0,False
137,8,1,4,single_condition,shap,attribution,wine_quality,80,testing,4,0,True,-1.0,-0.49539589087312497,0.23404853906862771,-0.010360503306546708,-0.19849049772204191,0.0,0.07693194827492869,0.13610758178750273,1.0,0.0,0,0.6666666666666666,0.0,True
137,9,1,5,single_condition,shap,attribution,wine_quality,1586,testing,5,1,False,,,,,,,,,1.0,1.0,1,0.6666666666666666,0.0,True
137,10,1,6,single_condition,shap,attribution,wine_quality,505,testing,6,1,True,1.0,0.5724317791939819,0.32896360653459944,0.08334868068571177,0.20366260169782432,1.0,0.2803880314399939,0.13610758178750273,1.0,1.0,1,0.6666666666666666,0.0,True
138,1,1,1,single_condition,shap,importance,wine_quality,498,training,1,1,,0.9596685955011035,0.22154991418180783,0.7921837660034653,1.0,0.8942901702986531,1.0,0.10286238380804455,0.13610758178750273,,,1,,0.0,
138,2,1,2,single_condition,shap,importance,wine_quality,492,training,2,1,,1.0,0.7858941566927822,0.29464656589427446,0.1058054188200731,0.11989699953280637,1.0,0.2875305782866736,0.13610758178750273,,,1,,0.0,
138,3,1,3,single_condition,shap,importance,wine_quality,348,training,3,0,,-1.0,0.37185978439777984,-0.14759590674836384,-0.20429629579323821,-0.0024341373979102354,0.0,0.10650063482645461,0.13610758178750273,,,0,,0.0,
138,4,1,4,single_condition,shap,importance,wine_quality,298,training,4,0,,-1.0,0.3449995543746948,0.06761840745594415,-0.14216800636253762,-0.5432663807156141,0.0,0.10687670937766343,0.13610758178750273,,,0,,0.0,
138,5,1,1,single_condition,shap,importance,wine_quality,1297,testing,1,0,True,1.0,-0.6765299800085919,0.24480501248764786,-0.20613550378583026,-0.3278514855430658,0.0,0.09869217008003739,0.13610758178750273,0.0,1.0,0,0.6666666666666666,0.0,False
138,6,1,2,single_condition,shap,importance,wine_quality,950,testing,2,1,True,1.0,0.5209027360908555,0.3169998886609152,0.5320230520696715,-0.14107916496768264,1.0,0.2944526395122611,0.13610758178750273,1.0,1.0,1,0.6666666666666666,0.0,True
138,7,1,3,single_condition,shap,importance,wine_quality,1136,testing,3,0,False,,,,,,,,,0.0,1.0,0,0.6666666666666666,0.0,False
138,8,1,4,single_condition,shap,importance,wine_quality,964,testing,4,0,True,0.6373736497854048,1.0,0.23360050380761008,0.057703988348273005,0.04837807205078087,0.0,0.16054676248283015,0.13610758178750273,1.0,0.0,0,0.6666666666666666,0.0,True
138,9,1,5,single_condition,shap,importance,wine_quality,505,testing,5,1,False,,,,,,,,,1.0,1.0,1,0.6666666666666666,0.0,True
138,10,1,6,single_condition,shap,importance,wine_quality,882,testing,6,1,False,,,,,,,,,1.0,1.0,1,0.6666666666666666,0.0,True
139,1,1,1,single_condition,integrated_gradients,none,wine_quality,1093,training,1,1,,1.0,0.8829957261209656,0.19675077737259347,0.23962371943914867,-0.05615739418800509,1.0,0.26541832089424133,0.11934235692024231,,,1,,0.0,
139,2,1,2,single_condition,integrated_gradients,none,wine_quality,1033,training,2,0,,-0.04544872464229734,-1.0,-0.1343927808442736,-0.18036031881131886,0.012311874183638665,0.0,0.046057816594839096,0.11934235692024231,,,0,,0.0,
139,3,1,3,single_condition,integrated_gradients,none,wine_quality,966,training,3,1,,1.0,-0.5573334859976427,0.5989359866302809,0.48585230537323687,0.2809954751873473,1.0,0.2725197672843933,0.11934235692024231,,,1,,0.0,
139,4,1,4,single_condition,integrated_gradients,none,wine_quality,398,training,4,0,,1.0,-0.25700922163519274,-0.06440791574845472,-0.2755190243299334,-0.30367885100737524,0.0,0.0347711555659771,0.11934235692024231,,,0,,0.0,
139,5,1,1,single_condition,integrated_gradients,none,wine_quality,505,testing,1,1,False,,,,,,,,,1.0,1.0,1,0.6666666666666666,0.0,True
139,6,1,2,single_condition,integrated_gradients,none,wine_quality,1125,testing,2,1,True,0.48168286924611026,-0.47825746617772197,0.40546062879065586,0.5104810022219546,1.0,1.0,0.22519856691360474,0.11934235692024231,1.0,1.0,1,0.6666666666666666,0.0,True
139,7,1,3,single_condition,integrated_gradients,none,wine_quality,1469,testing,3,0,False,,,,,,,,,1.0,0.0,0,0.6666666666666666,0.0,True
139,8,1,4,single_condition,integrated_gradients,none,wine_quality,377,testing,4,1,True,1.0,0.23032966547428704,0.10111882517743159,0.30729929503685516,0.16714325499349228,1.0,0.3716522753238678,0.11934235692024231,1.0,1.0,1,0.6666666666666666,0.0,True
139,9,1,5,single_condition,integrated_gradients,none,wine_quality,228,testing,5,0,True,0.003571761410989212,-1.0,-0.25404193969080946,-0.28230571499229906,-0.15154787533457406,0.0,0.05618710070848465,0.11934235692024231,1.0,0.0,0,0.6666666666666666,0.0,True
139,10,1,6,single_condition,integrated_gradients,none,wine_quality,160,testing,6,0,False,,,,,,,,,0.0,1.0,0,0.6666666666666666,0.0,False
140,1,1,1,single_condition,integrated_gradients,attribution,wine_quality,1425,training,1,0,,-1.0,0.5037788706059733,0.15370944467040798,-0.8001918187800203,0.4004511331159342,0.0,0.0549999438226223,0.11934235692024231,,,0,,0.0,
140,2,1,2,single_condition,integrated_gradients,attribution,wine_quality,919,training,2,1,,0.3122295834542099,1.0,-0.0006438789628159473,0.05454867704563902,0.015884868123472787,1.0,0.3567807972431183,0.11934235692024231,,,1,,0.0,
140,3,1,3,single_condition,integrated_gradients,attribution,wine_quality,787,training,3,0,,-0.19428690942129168,-1.0,-0.13101349648321023,-0.04789942820886826,-0.11359710586964994,0.0,0.06580080091953278,0.11934235692024231,,,0,,0.0,
140,4,1,4,single_condition,integrated_gradients,attribution,wine_quality,922,training,4,1,,0.3122295834542099,1.0,-0.0006438789628159473,0.05454867704563902,0.015884868123472787,1.0,0.3567807972431183,0.11934235692024231,,,1,,0.0,
140,5,1,1,single_condition,integrated_gradients,attribution,wine_quality,1473,testing,1,0,False,,,,,,,,,0.0,1.0,0,0.6666666666666666,0.0,False
140,6,1,2,single_condition,integrated_gradients,attribution,wine_quality,1586,testing,2,1,False,,,,,,,,,1.0,1.0,1,0.6666666666666666,0.0,True
140,7,1,3,single_condition,integrated_gradients,attribution,wine_quality,1070,testing,3,1,True,0.8719847101938584,1.0,0.1275301113870861,0.17474285753089092,0.57943996043225,1.0,0.16019000113010406,0.11934235692024231,1.0,1.0,1,0.6666666666666666,0.0,True
140,8,1,4,single_condition,integrated_gradients,attribution,wine_quality,1476,testing,4,0,True,-1.0,0.19917108418779053,-0.41054712746313127,0.04469264802250121,0.002259772833170845,0.0,0.09939400851726532,0.11934235692024231,0.0,1.0,0,0.6666666666666666,0.0,False
140,9,1,5,single_condition,integrated_gradients,attribution,wine_quality,380,testing,5,0,False,,,,,,,,,0.0,1.0,0,0.6666666666666666,0.0,False
140,10,1,6,single_condition,integrated_gradients,attribution,wine_quality,1205,testing,6,1,True,0.11134655934821337,1.0,-0.0067203968618334406,0.014735652935856032,0.01951328295312185,1.0,0.37991195917129517,0.11934235692024231,1.0,1.0,1,0.6666666666666666,0.0,True
141,1,1,1,single_condition,integrated_gradients,importance,wine_quality,602,training,1,0,,-0.8124134925822489,-1.0,-0.09526546987893474,-0.8695366684052881,0.003537846238745728,0.0,0.0423177145421505,0.11934235692024231,,,0,,0.0,
141,2,1,2,single_condition,integrated_gradients,importance,wine_quality,455,training,2,1,,1.0,0.2671707032596204,0.4289389771654768,-0.21981583687896866,0.09182907602343472,1.0,0.29246431589126587,0.11934235692024231,,,1,,0.0,
141,3,1,3,single_condition,integrated_gradients,importance,wine_quality,205,training,3,1,,0.5290017448058012,1.0,0.483626647308442,0.23271728531181385,0.6783802642002315,1.0,0.14171770215034485,0.11934235692024231,,,1,,0.0,
141,4,1,4,single_condition,integrated_gradients,importance,wine_quality,148,training,4,0,,-0.18337023893214724,-1.0,0.2242207043150992,-0.05254884908374578,-0.637552787153318,0.0,0.0489160381257534,0.11934235692024231,,,0,,0.0,
141,5,1,1,single_condition,integrated_gradients,importance,wine_quality,228,testing,1,0,True,0.003571761410989212,-1.0,-0.25404193969080946,-0.28230571499229906,-0.15154787533457406,0.0,0.05618710070848465,0.11934235692024231,0.0,1.0,0,0.6666666666666666,0.0,False
141,6,1,2,single_condition,integrated_gradients,importance,wine_quality,1172,testing,2,1,False,,,,,,,,,1.0,1.0,1,0.6666666666666666,0.0,True
141,7,1,3,single_condition,integrated_gradients,importance,wine_quality,820,testing,3,0,False,,,,,,,,,0.0,1.0,0,0.6666666666666666,0.0,False
141,8,1,4,single_condition,integrated_gradients,importance,wine_quality,1205,testing,4,1,True,0.11134655934821337,1.0,-0.0067203968618334406,0.014735652935856032,0.01951328295312185,1.0,0.37991195917129517,0.11934235692024231,1.0,1.0,1,0.6666666666666666,0.0,True
141,9,1,5,single_condition,integrated_gradients,importance,wine_quality,735,testing,5,0,False,,,,,,,,,0.0,1.0,0,0.6666666666666666,0.0,False
141,10,1,6,single_condition,integrated_gradients,importance,wine_quality,267,testing,6,1,True,0.4773586195545046,1.0,0.16283336825947853,0.010118779174943342,-0.06096933794964076,1.0,0.38711172342300415,0.11934235692024231,1.0,1.0,1,0.6666666666666666,0.0,True
142,1,1,1,single_condition,input_gradients,none,wine_quality,444,training,1,1,,0.812255869521186,1.0,0.1913654994993261,0.3747812422487411,0.7693525011166188,1.0,0.5450055599212646,0.0,,,1,,0.0,
142,2,1,2,single_condition,input_gradients,none,wine_quality,364,training,2,0,,0.5350003066273202,0.4227212316115596,0.16723094679157438,-1.0,0.009600965937384248,0.0,0.15186555683612823,0.0,,,0,,0.0,
142,3,1,3,single_condition,input_gradients,none,wine_quality,698,training,3,0,,0.20257708821999373,-0.025109911949129017,-1.0,-0.4005568919662411,-0.13674429067990915,0.0,0.013051079586148262,0.0,,,0,,0.0,
142,4,1,4,single_condition,input_gradients,none,wine_quality,583,training,4,1,,1.0,0.10529363107250952,0.25698114643020936,-0.11295898919092026,0.8356253299798821,1.0,0.4022994339466095,0.0,,,1,,0.0,
142,5,1,1,single_condition,input_gradients,none,wine_quality,672,testing,1,0,False,,,,,,,,,1.0,0.0,0,0.6666666666666666,0.0,True
142,6,1,2,single_condition,input_gradients,none,wine_quality,452,testing,2,0,True,-0.00899862431517623,1.0,0.1181279884554083,0.14605584258941381,-0.2335547493515631,0.0,0.11415377259254456,0.0,0.0,1.0,0,0.6666666666666666,0.0,False
142,7,1,3,single_condition,input_gradients,none,wine_quality,940,testing,3,1,False,,,,,,,,,1.0,1.0,1,0.6666666666666666,0.0,True
142,8,1,4,single_condition,input_gradients,none,wine_quality,1120,testing,4,1,True,-1.0,0.6524639562331145,-0.08265311624952998,-0.05972207058984799,-0.30239680121648244,1.0,0.28089308738708496,0.0,1.0,1.0,1,0.6666666666666666,0.0,True
142,9,1,5,single_condition,input_gradients,none,wine_quality,1329,testing,5,0,True,0.19301788970260353,-0.02331904925597796,-1.0,-0.15360013971906344,-0.1289191985238017,0.0,0.00043585215462371707,0.0,1.0,0.0,0,0.6666666666666666,0.0,True
142,10,1,6,single_condition,input_gradients,none,wine_quality,1205,testing,6,1,False,,,,,,,,,1.0,1.0,1,0.6666666666666666,0.0,True
143,1,1,1,single_condition,input_gradients,attribution,wine_quality,408,training,1,1,,1.0,0.8164811913039873,-0.047315186719912895,-0.011117727166743158,-0.41432662583713437,1.0,0.3069511353969574,0.0,,,1,,0.0,
143,2,1,2,single_condition,input_gradients,attribution,wine_quality,757,training,2,0,,0.07634325982696907,0.027781860810658678,-0.14528254376935493,-1.0,0.13309514344846185,0.0,0.008537355810403824,0.0,,,0,,0.0,
143,3,1,3,single_condition,input_gradients,attribution,wine_quality,1007,training,3,1,,1.0,0.21173387548402983,-0.07046239467721713,-0.03797358861770359,-0.3374784112764591,1.0,0.4156213402748108,0.0,,,1,,0.0,
143,4,1,4,single_condition,input_gradients,attribution,wine_quality,832,training,4,0,,0.7309895874540908,-1.0,-0.9694177502724133,-0.15974146379126236,-0.9841849535083071,0.0,0.054618507623672485,0.0,,,0,,0.0,
143,5,1,1,single_condition,input_gradients,attribution,wine_quality,647,testing,1,0,False,,,,,,,,,0.0,1.0,0,0.6666666666666666,0.0,False
143,6,1,2,single_condition,input_gradients,attribution,wine_quality,1070,testing,2,1,False,,,,,,,,,0.0,0.0,1,0.6666666666666666,0.0,False
143,7,1,3,single_condition,input_gradients,attribution,wine_quality,495,testing,3,1,True,1.0,0.4889472887257124,-0.024893120268703706,-0.2078097914419521,-0.1059005821848105,1.0,0.606197714805603,0.0,1.0,1.0,1,0.6666666666666666,0.0,True
143,8,1,4,single_condition,input_gradients,attribution,wine_quality,1547,testing,4,0,True,-0.7705949028237165,0.8355627187208278,-0.5500051960762976,0.2855603268172283,1.0,0.0,0.02507507987320423,0.0,0.0,1.0,0,0.6666666666666666,0.0,False
143,9,1,5,single_condition,input_gradients,attribution,wine_quality,79,testing,5,0,True,-0.022310431973471635,-0.5635150151565126,-1.0,-0.1805771911139563,0.027109728432501933,0.0,5.124792257227284e-11,0.0,1.0,0.0,0,0.6666666666666666,0.0,True
143,10,1,6,single_condition,input_gradients,attribution,wine_quality,1125,testing,6,1,False,,,,,,,,,1.0,1.0,1,0.6666666666666666,0.0,True
144,1,1,1,single_condition,input_gradients,importance,wine_quality,1429,training,1,0,,1.0,-0.5144535308117067,-0.8558251265380621,-0.18472083108959966,-0.5745508859633938,0.0,1.1197121143341064,0.0,,,0,,0.0,
144,2,1,2,single_condition,input_gradients,importance,wine_quality,408,training,2,1,,1.0,0.8164811913039873,-0.047315186719912895,-0.011117727166743158,-0.41432662583713437,1.0,0.3069511353969574,0.0,,,1,,0.0,
144,3,1,3,single_condition,input_gradients,importance,wine_quality,1228,training,3,1,,-0.49093956282360807,0.66035589813951,0.3012468186795784,0.2158983548455238,1.0,1.0,1.3673869371414185,0.0,,,1,,0.0,
144,4,1,4,single_condition,input_gradients,importance,wine_quality,1105,training,4,0,,0.1930293278713009,1.0,0.005390700098487341,0.7920980164810137,0.759481224011416,0.0,0.12810593843460083,0.0,,,0,,0.0,
144,5,1,1,single_condition,input_gradients,importance,wine_quality,377,testing,1,1,True,0.6175956890865075,-1.0,-0.061832182461007655,-0.0,0.023701119974510024,1.0,0.6199449896812439,0.0,0.0,0.0,1,0.6666666666666666,0.0,False
144,6,1,2,single_condition,input_gradients,importance,wine_quality,1018,testing,2,1,False,,,,,,,,,0.0,0.0,1,0.6666666666666666,0.0,False
144,7,1,3,single_condition,input_gradients,importance,wine_quality,599,testing,3,0,False,,,,,,,,,1.0,0.0,0,0.6666666666666666,0.0,True
144,8,1,4,single_condition,input_gradients,importance,wine_quality,1120,testing,4,1,False,,,,,,,,,0.0,0.0,1,0.6666666666666666,0.0,False
144,9,1,5,single_condition,input_gradients,importance,wine_quality,152,testing,5,0,True,0.2632062157853543,-0.01648822345475629,-1.0,-0.1396364960655236,-0.1477730270524353,0.0,0.00026252411771565676,0.0,1.0,0.0,0,0.6666666666666666,0.0,True
144,10,1,6,single_condition,input_gradients,importance,wine_quality,23,testing,6,0,True,0.06162602375002279,0.02190856594003196,-1.0,-0.35600607280334884,0.09449118900474043,0.0,0.0281948521733284,0.0,1.0,0.0,0,0.6666666666666666,0.0,True
145,1,1,1,single_condition,lime,none,wine_quality,1123,training,1,0,,1.0,0.14773128120927934,0.16582253327180235,0.01784671134179223,0.33477163657652,0.0,0.18408814964813094,0.013861608177351464,,,0,,0.0,
145,2,1,2,single_condition,lime,none,wine_quality,1223,training,2,1,,1.0,0.3967170737062052,0.14096325939457252,0.3562938275671437,0.07281613730268495,1.0,0.21708518268945637,-0.010642784624469603,,,1,,0.0,
145,3,1,3,single_condition,lime,none,wine_quality,1581,training,3,0,,1.0,-0.2809119819496248,0.23340818064142194,-0.17876659380723098,-0.18477271606236595,0.0,0.18271093682295922,0.06312766221386121,,,0,,0.0,
145,4,1,4,single_condition,lime,none,wine_quality,1067,training,4,1,,0.014887645895505376,0.5015464061453917,0.43908780845200945,1.0,0.4462005369322016,1.0,0.11966760214935197,0.018377518003475132,,,1,,0.0,
145,5,1,1,single_condition,lime,none,wine_quality,588,testing,1,1,False,,,,,,,,,0.0,0.0,1,0.6666666666666666,0.0,False
145,6,1,2,single_condition,lime,none,wine_quality,507,testing,2,0,True,-1.0,0.06014982028385633,0.39574930061162095,-0.6707190918030411,0.28993000359840887,0.0,0.09891231065674327,0.11337069277954001,0.0,1.0,0,0.6666666666666666,0.0,False
145,7,1,3,single_condition,lime,none,wine_quality,216,testing,3,0,False,,,,,,,,,1.0,0.0,0,0.6666666666666666,0.0,True
145,8,1,4,single_condition,lime,none,wine_quality,267,testing,4,1,True,1.0,0.6268638695715815,0.282814533807112,0.4459883900182377,-0.11328485905689013,1.0,0.21450016488554297,-0.013680712912414239,0.0,0.0,1,0.6666666666666666,0.0,False
145,9,1,5,single_condition,lime,none,wine_quality,940,testing,5,1,False,,,,,,,,,0.0,0.0,1,0.6666666666666666,0.0,False
145,10,1,6,single_condition,lime,none,wine_quality,23,testing,6,0,True,-1.0,-0.3445140714904979,-0.7393340453700169,0.10995859195038664,0.44958331756994896,0.0,0.10299666708095091,0.12793554607764637,1.0,0.0,0,0.6666666666666666,0.0,True
146,1,1,1,single_condition,lime,attribution,wine_quality,1254,training,1,0,,0.04551790373366648,0.3774471975939536,0.4093922859770463,-1.0,-0.17708782388733815,0.0,0.0727938630773581,0.09157048613022885,,,0,,0.0,
146,2,1,2,single_condition,lime,attribution,wine_quality,1093,training,2,1,,1.0,0.4813089403125346,0.20850688230512793,0.42870969182635166,0.0795016336751305,1.0,0.1713264237429121,-0.008429402743628217,,,1,,0.0,
146,3,1,3,single_condition,lime,attribution,wine_quality,467,training,3,1,,1.0,0.5167657983871718,0.25785518554470566,0.08197823065179287,-0.043356202034943274,1.0,0.19471707388058238,0.006799269848516712,,,1,,0.0,
146,4,1,4,single_condition,lime,attribution,wine_quality,724,training,4,0,,1.0,-0.2548817478768075,0.4846923726406931,-0.37104555997754507,-0.21049910073189634,0.0,0.15999858683590948,0.05992756558649803,,,0,,0.0,
146,5,1,1,single_condition,lime,attribution,wine_quality,789,testing,1,0,True,-1.0,-0.6300078067036333,-0.8670410907854499,-0.16891151823433834,0.2777931613521859,0.0,0.0822129874727227,0.13090966376293228,0.0,1.0,0,0.6666666666666666,0.0,False
146,6,1,2,single_condition,lime,attribution,wine_quality,992,testing,2,0,True,-1.0,-0.6493803703933058,0.00872911732704963,-0.005606126946761334,-0.2115843491544277,0.0,0.09773261304163107,0.13189269589603694,0.0,1.0,0,0.6666666666666666,0.0,False
146,7,1,3,single_condition,lime,attribution,wine_quality,1250,testing,3,0,True,0.31918836979094034,-1.0,0.2728677625546818,-0.7039590375259228,-0.41757066323867753,0.0,0.02887768400106486,0.09897092766910247,0.0,1.0,0,0.6666666666666666,0.0,False
146,8,1,4,single_condition,lime,attribution,wine_quality,377,testing,4,1,False,,,,,,,,,1.0,1.0,1,0.6666666666666666,0.0,True
146,9,1,5,single_condition,lime,attribution,wine_quality,513,testing,5,1,False,,,,,,,,,1.0,1.0,1,0.6666666666666666,0.0,True
146,10,1,6,single_condition,lime,attribution,wine_quality,1132,testing,6,1,False,,,,,,,,,1.0,1.0,1,0.6666666666666666,0.0,True
147,1,1,1,single_condition,lime,importance,wine_quality,268,training,1,0,,-1.0,0.6866780763550483,0.24587698103781824,-0.3538185095229749,-0.24698758665204798,0.0,0.10918710845925643,0.10832744039459119,,,0,,0.0,
147,2,1,2,single_condition,lime,importance,wine_quality,1584,training,2,1,,1.0,0.5671952035829904,0.25061739787276044,0.5503117151646011,-0.0026825831522976564,1.0,0.18663356841177448,-0.01721719982454553,,,1,,0.0,
147,3,1,3,single_condition,lime,importance,wine_quality,1008,training,3,1,,1.0,0.1545560557436348,0.28701571138287213,0.480807578550898,-0.015440717623957219,1.0,0.18360713890403926,-0.001104894443359164,,,1,,0.0,
147,4,1,4,single_condition,lime,importance,wine_quality,794,training,4,0,,1.0,-0.3846446127538128,0.2727796741563378,0.5788578535241498,0.19683895629440037,0.0,0.20722840758504799,0.006516297007866462,,,0,,0.0,
147,5,1,1,single_condition,lime,importance,wine_quality,1125,testing,1,1,False,,,,,,,,,0.0,0.0,1,0.6666666666666666,0.0,False
147,6,1,2,single_condition,lime,importance,wine_quality,1132,testing,2,1,False,,,,,,,,,0.0,0.0,1,0.6666666666666666,0.0,False
147,7,1,3,single_condition,lime,importance,wine_quality,580,testing,3,0,True,-1.0,-0.7377115786375209,0.5144929033241552,0.08394469143672338,0.609708102466301,0.0,0.06824784278895715,0.08475014818094594,1.0,0.0,0,0.6666666666666666,0.0,True
147,8,1,4,single_condition,lime,importance,wine_quality,1107,testing,4,1,False,,,,,,,,,0.0,0.0,1,0.6666666666666666,0.0,False
147,9,1,5,single_condition,lime,importance,wine_quality,456,testing,5,0,True,0.1427531281640881,-0.9894831656039077,1.0,-0.8228789408006625,-0.3831340134509631,0.0,0.046837113762920525,0.10637104128416948,1.0,0.0,0,0.6666666666666666,0.0,True
147,10,1,6,single_condition,lime,importance,wine_quality,856,testing,6,0,True,0.0186058468414414,0.3400567338440525,-0.13142359985952118,1.0,-0.2977113222580026,0.0,0.08378217949948126,0.06948132969781787,1.0,0.0,0,0.6666666666666666,0.0,True
148,1,1,1,single_condition,shap,none,wine_quality,1015,training,1,1,,1.0,0.6729252448022365,0.33474735655680077,0.4116975834050974,0.4134171263847083,1.0,0.20578428932914675,0.13610758178750273,,,1,,0.0,
148,2,1,2,single_condition,shap,none,wine_quality,387,training,2,0,,-1.0,-0.7883036499031143,-0.0382295751919861,-0.32670112241145005,-0.06137583541147743,0.0,0.056160973401330534,0.13610758178750273,,,0,,0.0,
148,3,1,3,single_condition,shap,none,wine_quality,874,training,3,1,,1.0,0.09695595716903596,0.46670944092125144,0.427376679608815,0.46769498466323167,1.0,0.2347870935669571,0.13610758178750273,,,1,,0.0,
148,4,1,4,single_condition,shap,none,wine_quality,1591,training,4,0,,0.8081414305847303,-1.0,0.17401642896652053,-0.23838824981357953,-0.40628920273914654,0.0,0.07862993698901316,0.13610758178750273,,,0,,0.0,
148,5,1,1,single_condition,shap,none,wine_quality,1292,testing,1,0,True,1.0,0.09687535450570081,0.14105263143169583,-0.08467516007241828,-0.6336717367483327,0.0,0.16471099579310225,0.13610758178750273,1.0,0.0,0,0.6666666666666666,0.0,True
148,6,1,2,single_condition,shap,none,wine_quality,1070,testing,2,1,False,,,,,,,,,0.0,0.0,1,0.6666666666666666,0.0,False
148,7,1,3,single_condition,shap,none,wine_quality,1405,testing,3,1,False,,,,,,,,,0.0,0.0,1,0.6666666666666666,0.0,False
148,8,1,4,single_condition,shap,none,wine_quality,456,testing,4,0,False,,,,,,,,,0.0,1.0,0,0.6666666666666666,0.0,False
148,9,1,5,single_condition,shap,none,wine_quality,1529,testing,5,0,True,-1.0,-0.6530839669194464,-0.24874506635452348,-0.4436826707549403,-0.23569204078128772,0.0,0.03898080525132569,0.13610758178750273,1.0,0.0,0,0.6666666666666666,0.0,True
148,10,1,6,single_condition,shap,none,wine_quality,947,testing,6,1,True,1.0,-0.1426016649268509,0.4420024933252342,0.4247200618201353,0.09372272918436834,1.0,0.22532522453366668,0.13610758178750273,1.0,1.0,1,0.6666666666666666,0.0,True
149,1,1,1,single_condition,shap,attribution,wine_quality,375,training,1,1,,1.0,0.6248761902703279,0.45240989152258004,-0.008529214754917,0.2503620617736732,1.0,0.24842167339506666,0.13610758178750273,,,1,,0.0,
149,2,1,2,single_condition,shap,attribution,wine_quality,697,training,2,0,,-1.0,0.025116370305589324,0.09392031459912646,-0.18686623906307884,-0.2886301499876079,0.0,0.0958610245590999,0.13610758178750273,,,0,,0.0,
149,3,1,3,single_condition,shap,attribution,wine_quality,1422,training,3,1,,0.8534559920602693,1.0,0.10737635593282563,-0.05833674139889859,0.008114675440290393,1.0,0.20668242970453785,0.13610758178750273,,,1,,0.0,
149,4,1,4,single_condition,shap,attribution,wine_quality,1501,training,4,0,,-1.0,-0.6222831688777453,-0.47284257776892397,-0.7421023677933135,0.03365220456837931,0.0,0.04854125717308993,0.13610758178750273,,,0,,0.0,
149,5,1,1,single_condition,shap,attribution,wine_quality,1205,testing,1,1,True,0.5953832247975698,1.0,0.23265244804294596,0.12085257094139507,0.005096358107544662,1.0,0.21276493113562484,0.13610758178750273,0.0,0.0,1,0.6666666666666666,0.0,False
149,6,1,2,single_condition,shap,attribution,wine_quality,1275,testing,2,0,False,,,,,,,,,1.0,0.0,0,0.6666666666666666,0.0,True
149,7,1,3,single_condition,shap,attribution,wine_quality,1586,testing,3,1,True,0.8163106692018297,1.0,-0.07887229914606086,0.053605601531774065,-0.0007154572343069731,1.0,0.21871768649991233,0.13610758178750273,0.0,0.0,1,0.6666666666666666,0.0,False
149,8,1,4,single_condition,shap,attribution,wine_quality,1392,testing,4,0,False,,,,,,,,,0.0,1.0,0,0.6666666666666666,0.0,False
149,9,1,5,single_condition,shap,attribution,wine_quality,1442,testing,5,0,True,-1.0,0.3806724258736001,0.1312037905515105,-0.24753273664729053,-0.17153700873082767,0.0,0.10382998841865763,0.13610758178750273,0.0,1.0,0,0.6666666666666666,0.0,False
149,10,1,6,single_condition,shap,attribution,wine_quality,1018,testing,6,1,False,,,,,,,,,0.0,0.0,1,0.6666666666666666,0.0,False
150,1,1,1,single_condition,shap,importance,wine_quality,1244,training,1,0,,-0.28987899903554204,-0.48846085543710854,-1.0,0.11233119693648722,-0.11863171808292299,0.0,0.07626581797561142,0.13610758178750273,,,0,,0.0,
150,2,1,2,single_condition,shap,importance,wine_quality,336,training,2,1,,1.0,0.4077722440004226,0.4952614394842244,0.06739818477132385,-0.10325540998206863,1.0,0.22702344813251404,0.13610758178750273,,,1,,0.0,
150,3,1,3,single_condition,shap,importance,wine_quality,896,training,3,1,,1.0,0.6682378549667616,0.023404438054561362,0.17283345952459436,0.01880575861831942,1.0,0.23592573844547934,0.13610758178750273,,,1,,0.0,
150,4,1,4,single_condition,shap,importance,wine_quality,796,training,4,0,,-1.0,0.2535204159715822,-0.5426453395853192,-0.01671818186453341,0.11869465773952036,0.0,0.10328493522246888,0.13610758178750273,,,0,,0.0,
150,5,1,1,single_condition,shap,importance,wine_quality,491,testing,1,1,False,,,,,,,,,1.0,1.0,1,0.6666666666666666,0.0,True
150,6,1,2,single_condition,shap,importance,wine_quality,882,testing,2,1,True,1.0,0.6729025071690822,0.3317376331236554,0.299731531530335,0.12839001321668217,1.0,0.2362039004460372,0.13610758178750273,1.0,1.0,1,0.6666666666666666,0.0,True
150,7,1,3,single_condition,shap,importance,wine_quality,772,testing,3,0,True,-0.7419585523773623,-0.4952926322133079,-1.0,-0.1448968280258976,-0.04176352541041832,0.0,0.0561520417012478,0.13610758178750273,1.0,0.0,0,0.6666666666666666,0.0,True
150,8,1,4,single_condition,shap,importance,wine_quality,1125,testing,4,1,False,,,,,,,,,1.0,1.0,1,0.6666666666666666,0.0,True
150,9,1,5,single_condition,shap,importance,wine_quality,1370,testing,5,0,False,,,,,,,,,0.0,1.0,0,0.6666666666666666,0.0,False
150,10,1,6,single_condition,shap,importance,wine_quality,410,testing,6,0,True,-0.8868062666112738,-0.23395774022975893,-1.0,-0.021383901679938404,-0.1777374947962637,0.0,0.058666021811929675,0.13610758178750273,0.0,1.0,0,0.6666666666666666,0.0,False
151,1,1,1,single_condition,integrated_gradients,none,wine_quality,1544,training,1,1,,1.0,0.5717290126953843,0.04537595569108179,0.6966857444606834,0.23279410398188474,1.0,0.212316632270813,0.11934235692024231,,,1,,0.0,
151,2,1,2,single_condition,integrated_gradients,none,wine_quality,919,training,2,1,,0.3122295834542099,1.0,-0.0006438789628159473,0.05454867704563902,0.015884868123472787,1.0,0.3567807972431183,0.11934235692024231,,,1,,0.0,
151,3,1,3,single_condition,integrated_gradients,none,wine_quality,1575,training,3,0,,1.0,-0.22300321752759736,0.5670340633759323,0.010319871224727193,0.07850327084903158,0.0,0.14867225289344788,0.11934235692024231,,,0,,0.0,
151,4,1,4,single_condition,integrated_gradients,none,wine_quality,123,training,4,0,,-0.7722659148403905,-1.0,-0.018942595643129015,-0.4858441464879803,-0.12960417931187956,0.0,0.04767623543739319,0.11934235692024231,,,0,,0.0,
151,5,1,1,single_condition,integrated_gradients,none,wine_quality,1550,testing,1,0,False,,,,,,,,,1.0,0.0,0,0.6666666666666666,0.0,True
151,6,1,2,single_condition,integrated_gradients,none,wine_quality,1205,testing,2,1,False,,,,,,,,,0.0,0.0,1,0.6666666666666666,0.0,False
151,7,1,3,single_condition,integrated_gradients,none,wine_quality,1125,testing,3,1,True,0.48168286924611026,-0.47825746617772197,0.40546062879065586,0.5104810022219546,1.0,1.0,0.22519856691360474,0.11934235692024231,0.0,0.0,1,0.6666666666666666,0.0,False
151,8,1,4,single_condition,integrated_gradients,none,wine_quality,957,testing,4,0,False,,,,,,,,,1.0,0.0,0,0.6666666666666666,0.0,True
151,9,1,5,single_condition,integrated_gradients,none,wine_quality,578,testing,5,0,True,-0.16062388212283837,-0.20648728554695478,-1.0,-0.02687244822580981,0.015917122025380082,0.0,0.08774805814027786,0.11934235692024231,1.0,0.0,0,0.6666666666666666,0.0,True
151,10,1,6,single_condition,integrated_gradients,none,wine_quality,1018,testing,6,1,True,0.06827079137918406,0.24646154343427634,0.052530164174598847,0.8251175852914078,1.0,1.0,0.4020015001296997,0.11934235692024231,0.0,0.0,1,0.6666666666666666,0.0,False
152,1,1,1,single_condition,integrated_gradients,attribution,wine_quality,862,training,1,0,,-0.0062140564815950025,-1.0,0.11715201710276625,-0.009488079953754103,0.04432256189965838,0.0,0.11898787319660187,0.11934235692024231,,,0,,0.0,
152,2,1,2,single_condition,integrated_gradients,attribution,wine_quality,817,training,2,1,,1.0,0.9529327934215506,0.9375897335354842,-0.0016655358033014357,0.18373474672105225,1.0,0.15717589855194092,0.11934235692024231,,,1,,0.0,
152,3,1,3,single_condition,integrated_gradients,attribution,wine_quality,1422,training,3,1,,0.1506069139536278,1.0,0.015486997128438422,0.0017558705442141116,-0.004341436750711135,1.0,0.3529706597328186,0.11934235692024231,,,1,,0.0,
152,4,1,4,single_condition,integrated_gradients,attribution,wine_quality,288,training,4,0,,0.08548212857933403,1.0,-0.010586567989700075,0.002975897818874073,-0.003998776191614697,0.0,0.2900626063346863,0.11934235692024231,,,0,,0.0,
152,5,1,1,single_condition,integrated_gradients,attribution,wine_quality,1559,testing,1,0,False,,,,,,,,,0.0,1.0,0,0.6666666666666666,0.0,False
152,6,1,2,single_condition,integrated_gradients,attribution,wine_quality,1211,testing,2,0,False,,,,,,,,,0.0,1.0,0,0.6666666666666666,0.0,False
152,7,1,3,single_condition,integrated_gradients,attribution,wine_quality,882,testing,3,1,True,0.8238478385532476,1.0,0.5979322677793621,-0.024658601932580595,0.3480170457043409,1.0,0.2175995409488678,0.11934235692024231,0.0,0.0,1,0.6666666666666666,0.0,False
152,8,1,4,single_condition,integrated_gradients,attribution,wine_quality,928,testing,4,0,True,1.0,0.9553327982599449,-0.07741453692992657,0.22689291708656484,-0.02722282391190664,0.0,0.16997061669826508,0.11934235692024231,1.0,0.0,0,0.6666666666666666,0.0,True
152,9,1,5,single_condition,integrated_gradients,attribution,wine_quality,1132,testing,5,1,True,0.4812888022961948,1.0,0.1393946635732305,0.05648213109086916,-0.0996204939500747,1.0,0.4302695691585541,0.11934235692024231,0.0,0.0,1,0.6666666666666666,0.0,False
152,10,1,6,single_condition,integrated_gradients,attribution,wine_quality,1590,testing,6,1,False,,,,,,,,,0.0,0.0,1,0.6666666666666666,0.0,False
153,1,1,1,single_condition,integrated_gradients,importance,wine_quality,966,training,1,1,,1.0,-0.5573334859976427,0.5989359866302809,0.48585230537323687,0.2809954751873473,1.0,0.2725197672843933,0.11934235692024231,,,1,,0.0,
153,2,1,2,single_condition,integrated_gradients,importance,wine_quality,283,training,2,0,,0.014641720895341664,1.0,0.0005561324233570679,-0.06947561260772961,-0.03272354560073974,0.0,0.2180684208869934,0.11934235692024231,,,0,,0.0,
153,3,1,3,single_condition,integrated_gradients,importance,wine_quality,668,training,3,0,,0.3453031297140582,-1.0,0.0465822587383568,-0.6575592043651127,-0.1446832853866299,0.0,0.06643049418926239,0.11934235692024231,,,0,,0.0,
153,4,1,4,single_condition,integrated_gradients,importance,wine_quality,509,training,4,1,,0.3279986661857467,0.08470908253952818,0.037463715093551654,0.29012650846575044,1.0,1.0,0.38735008239746094,0.11934235692024231,,,1,,0.0,
153,5,1,1,single_condition,integrated_gradients,importance,wine_quality,1125,testing,1,1,True,0.48168286924611026,-0.47825746617772197,0.40546062879065586,0.5104810022219546,1.0,1.0,0.22519856691360474,0.11934235692024231,1.0,1.0,1,0.6666666666666666,0.0,True
153,6,1,2,single_condition,integrated_gradients,importance,wine_quality,1337,testing,2,0,True,-0.37104556922803905,-1.0,-0.00630307940398076,0.02405444092267906,-0.03507523954610402,0.0,0.0790146067738533,0.11934235692024231,0.0,1.0,0,0.6666666666666666,0.0,False
153,7,1,3,single_condition,integrated_gradients,importance,wine_quality,566,testing,3,0,False,,,,,,,,,0.0,1.0,0,0.6666666666666666,0.0,False
153,8,1,4,single_condition,integrated_gradients,importance,wine_quality,1297,testing,4,0,False,,,,,,,,,1.0,0.0,0,0.6666666666666666,0.0,True
153,9,1,5,single_condition,integrated_gradients,importance,wine_quality,1016,testing,5,1,False,,,,,,,,,1.0,1.0,1,0.6666666666666666,0.0,True
153,10,1,6,single_condition,integrated_gradients,importance,wine_quality,940,testing,6,1,True,0.8349381680756318,1.0,0.7107517363051021,0.02288573180290761,-0.16444487487917717,1.0,0.231907919049263,0.11934235692024231,1.0,1.0,1,0.6666666666666666,0.0,True
154,1,1,1,single_condition,input_gradients,none,wine_quality,440,training,1,1,,0.16687537678079953,-1.0,0.04092131184112665,-0.13342114947910227,0.2681426628325991,1.0,0.8122298121452332,0.0,,,1,,0.0,
154,2,1,2,single_condition,input_gradients,none,wine_quality,802,training,2,1,,1.0,-0.19467901062181567,-0.3348889856208392,0.06822208273089221,-0.24230727262995488,1.0,0.43262937664985657,0.0,,,1,,0.0,
154,3,1,3,single_condition,input_gradients,none,wine_quality,1465,training,3,0,,0.38078227795835634,-0.32415000120323173,-1.0,-0.2215804048009369,-0.9689791655144491,0.0,0.022059502080082893,0.0,,,0,,0.0,
154,4,1,4,single_condition,input_gradients,none,wine_quality,437,training,4,0,,1.0,0.4181474906784708,-0.048126960555612455,-0.45941776002609647,-0.11698873830304547,0.0,0.7856994867324829,0.0,,,0,,0.0,
154,5,1,1,single_condition,input_gradients,none,wine_quality,588,testing,1,1,False,,,,,,,,,0.0,0.0,1,0.6666666666666666,0.0,False
154,6,1,2,single_condition,input_gradients,none,wine_quality,1496,testing,2,0,True,0.12187750349966789,-0.0529960628428579,-1.0,-0.1971895931226787,-0.18137273149385963,0.0,2.254759712272403e-09,0.0,0.0,1.0,0,0.6666666666666666,0.0,False
154,7,1,3,single_condition,input_gradients,none,wine_quality,1120,testing,3,1,True,-1.0,0.6524639562331145,-0.08265311624952998,-0.05972207058984799,-0.30239680121648244,1.0,0.28089308738708496,0.0,0.0,0.0,1,0.6666666666666666,0.0,False
154,8,1,4,single_condition,input_gradients,none,wine_quality,192,testing,4,0,False,,,,,,,,,0.0,1.0,0,0.6666666666666666,0.0,False
154,9,1,5,single_condition,input_gradients,none,wine_quality,1560,testing,5,0,True,0.19527638149744303,-0.025676790577759713,-1.0,-0.2745573865892333,-0.15510592346637084,0.0,2.668580236786511e-07,0.0,0.0,1.0,0,0.6666666666666666,0.0,False
154,10,1,6,single_condition,input_gradients,none,wine_quality,377,testing,6,1,False,,,,,,,,,0.0,0.0,1,0.6666666666666666,0.0,False
155,1,1,1,single_condition,input_gradients,attribution,wine_quality,1450,training,1,1,,1.0,0.5578206567383106,-0.17049858692114406,-0.1509122358911701,-0.41192838465654746,1.0,0.6982802748680115,0.0,,,1,,0.0,
155,2,1,2,single_condition,input_gradients,attribution,wine_quality,1532,training,2,0,,0.8864453614827217,1.0,0.3075825263075752,-0.6471930285916941,0.15523331448008656,0.0,0.05871837958693504,0.0,,,0,,0.0,
155,3,1,3,single_condition,input_gradients,attribution,wine_quality,151,training,3,0,,0.01935124612879989,-1.0,-0.38644821197262047,-0.10948499498550088,-0.11588932877925014,0.0,1.3723642210974277e-14,0.0,,,0,,0.0,
155,4,1,4,single_condition,input_gradients,attribution,wine_quality,1402,training,4,1,,0.9993927133692164,1.0,-0.07094907570417011,-0.030194423320336516,-0.25569207458177057,1.0,0.4274393916130066,0.0,,,1,,0.0,
155,5,1,1,single_condition,input_gradients,attribution,wine_quality,439,testing,1,0,True,0.05383829592985027,0.002111686385965657,-0.9705587969652858,-1.0,0.020521416066178157,0.0,0.020928405225276947,0.0,0.0,1.0,0,0.6666666666666666,0.0,False
155,6,1,2,single_condition,input_gradients,attribution,wine_quality,267,testing,2,1,False,,,,,,,,,1.0,1.0,1,0.6666666666666666,0.0,True
155,7,1,3,single_condition,input_gradients,attribution,wine_quality,588,testing,3,1,True,0.25341388247695473,1.0,-0.049242490467784714,0.5327016755303139,0.9568253249822583,1.0,0.5020039677619934,0.0,1.0,1.0,1,0.6666666666666666,0.0,True
155,8,1,4,single_condition,input_gradients,attribution,wine_quality,1016,testing,4,1,True,0.6458825505602395,1.0,-0.31844753822205857,-0.17517633391636817,-0.22303524257318025,1.0,0.39883995056152344,0.0,1.0,1.0,1,0.6666666666666666,0.0,True
155,9,1,5,single_condition,input_gradients,attribution,wine_quality,981,testing,5,0,False,,,,,,,,,0.0,1.0,0,0.6666666666666666,0.0,False
155,10,1,6,single_condition,input_gradients,attribution,wine_quality,877,testing,6,0,False,,,,,,,,,0.0,1.0,0,0.6666666666666666,0.0,False
156,1,1,1,single_condition,input_gradients,importance,wine_quality,336,training,1,1,,1.0,0.7852361973260645,-0.08214975087476364,-0.3524459901081232,-0.6341760195520145,1.0,0.5216134190559387,0.0,,,1,,0.0,
156,2,1,2,single_condition,input_gradients,importance,wine_quality,1321,training,2,0,,0.5737201989871432,-0.005040127784620847,-0.006846765418483144,0.022896966892063265,-1.0,0.0,0.2807110846042633,0.0,,,0,,0.0,
156,3,1,3,single_condition,input_gradients,importance,wine_quality,326,training,3,1,,1.0,0.302404470857579,0.0012915326996010474,-0.8021459133750223,0.009756860920445141,1.0,0.9171541929244995,0.0,,,1,,0.0,
156,4,1,4,single_condition,input_gradients,importance,wine_quality,1129,training,4,0,,0.35201833801024546,0.2731061562648284,-1.0,0.03469615119993717,-0.009839231733119264,0.0,0.3168587386608124,0.0,,,0,,0.0,
156,5,1,1,single_condition,input_gradients,importance,wine_quality,947,testing,1,1,True,-0.04033526501517837,1.0,-0.017412164514265648,-0.0029845257007407667,-0.06223840393086152,1.0,0.30160921812057495,0.0,1.0,1.0,1,0.6666666666666666,0.0,True
156,6,1,2,single_condition,input_gradients,importance,wine_quality,92,testing,2,0,False,,,,,,,,,1.0,0.0,0,0.6666666666666666,0.0,True
156,7,1,3,single_condition,input_gradients,importance,wine_quality,1107,testing,3,1,False,,,,,,,,,1.0,1.0,1,0.6666666666666666,0.0,True
156,8,1,4,single_condition,input_gradients,importance,wine_quality,588,testing,4,1,True,0.25341388247695473,1.0,-0.049242490467784714,0.5327016755303139,0.9568253249822583,1.0,0.5020039677619934,0.0,0.0,0.0,1,0.6666666666666666,0.0,False
156,9,1,5,single_condition,input_gradients,importance,wine_quality,4,testing,5,0,False,,,,,,,,,0.0,1.0,0,0.6666666666666666,0.0,False
156,10,1,6,single_condition,input_gradients,importance,wine_quality,1051,testing,6,0,True,0.0,-1.0,-0.28300262953952937,-0.053013286901959375,0.0015630446438895482,0.0,1.2152354429417755e-05,0.0,1.0,0.0,0,0.6666666666666666,0.0,True
157,1,1,1,single_condition,lime,none,wine_quality,1402,training,1,1,,1.0,0.4026255022622352,0.1326726397166037,0.3570394905317109,-0.26276021695754753,1.0,0.18485010283042655,0.013074343680362518,,,1,,0.0,
157,2,1,2,single_condition,lime,none,wine_quality,1381,training,2,0,,-1.0,-0.8072580035031095,0.33410966143578774,-0.7378534696214368,-0.179032376861117,0.0,0.08189792730202204,0.1420317270981176,,,0,,0.0,
157,3,1,3,single_condition,lime,none,wine_quality,807,training,3,1,,1.0,0.1872583376777012,0.38368573619264285,0.3123432255579678,-0.05920927026057697,1.0,0.1926733871286075,-0.0014466453182310074,,,1,,0.0,
157,4,1,4,single_condition,lime,none,wine_quality,697,training,4,0,,-1.0,0.24246871658363012,0.4264728563970915,-0.4614677777928044,-0.24134283353383676,0.0,0.10519503199106908,0.1203140556072327,,,0,,0.0,
157,5,1,1,single_condition,lime,none,wine_quality,470,testing,1,1,False,,,,,,,,,0.0,0.0,1,0.6666666666666666,0.0,False
157,6,1,2,single_condition,lime,none,wine_quality,875,testing,2,1,True,1.0,0.40499078936461524,0.10605563949607617,0.5013550669287529,-0.022932473596523086,1.0,0.21873424422985985,-0.015619859627303959,1.0,1.0,1,0.6666666666666666,0.0,True
157,7,1,3,single_condition,lime,none,wine_quality,439,testing,3,0,False,,,,,,,,,1.0,0.0,0,0.6666666666666666,0.0,True
157,8,1,4,single_condition,lime,none,wine_quality,1095,testing,4,0,True,0.14090773853809985,-1.0,0.8744935469926204,-0.0035797504776906466,0.9225725249061452,0.0,0.0548976938342206,0.07809839740305237,1.0,0.0,0,0.6666666666666666,0.0,True
157,9,1,5,single_condition,lime,none,wine_quality,157,testing,5,0,True,-0.22164690813677707,0.2723625923123557,-1.0,0.17927148903755702,-0.5353106945112655,0.0,0.07179805551135296,0.11180462648937194,1.0,0.0,0,0.6666666666666666,0.0,True
157,10,1,6,single_condition,lime,none,wine_quality,1405,testing,6,1,False,,,,,,,,,0.0,0.0,1,0.6666666666666666,0.0,False
158,1,1,1,single_condition,lime,attribution,wine_quality,1063,training,1,1,,1.0,0.03798195178002869,0.26895296712570393,0.34478012447438156,0.007041830704396541,1.0,0.186790645043529,0.012648709337684486,,,1,,0.0,
158,2,1,2,single_condition,lime,attribution,wine_quality,1228,training,2,1,,1.0,0.1399986041262456,-0.5662006060877364,0.12460968189753531,-0.10595364892421716,1.0,0.1727863198798479,0.06712926497048044,,,1,,0.0,
158,3,1,3,single_condition,lime,attribution,wine_quality,1390,training,3,0,,1.0,-0.20858154323605804,0.08668981319419677,0.005674808536152932,-0.2136014175020878,0.0,0.19630625719531583,0.062198023971624924,,,0,,0.0,
158,4,1,4,single_condition,lime,attribution,wine_quality,1431,training,4,0,,-0.7599519200481262,-0.7012724771703204,-1.0,-0.06527219510210014,0.19951751537601325,0.0,0.08749771052491573,0.13512493367842354,,,0,,0.0,
158,5,1,1,single_condition,lime,attribution,wine_quality,1016,testing,1,1,True,1.0,0.5521110310413974,0.16082424704795914,0.4559249206045227,0.004517175208741,1.0,0.18456715532761875,-0.0016061543787671828,0.0,0.0,1,0.6666666666666666,0.0,False
158,6,1,2,single_condition,lime,attribution,wine_quality,1586,testing,2,1,True,1.0,0.39932060006136016,-0.013116758527132549,0.2350410654309782,-0.08281884510700928,1.0,0.2073097764835508,0.010564833325351575,0.0,0.0,1,0.6666666666666666,0.0,False
158,7,1,3,single_condition,lime,attribution,wine_quality,544,testing,3,0,True,-1.0,0.39303994222557004,0.34689811499951684,0.6925144860924856,0.6223122840545275,0.0,0.1225024994189991,0.021295682094843282,1.0,0.0,0,0.6666666666666666,0.0,True
158,8,1,4,single_condition,lime,attribution,wine_quality,789,testing,4,0,False,,,,,,,,,1.0,0.0,0,0.6666666666666666,0.0,True
158,9,1,5,single_condition,lime,attribution,wine_quality,559,testing,5,0,False,,,,,,,,,1.0,0.0,0,0.6666666666666666,0.0,True
158,10,1,6,single_condition,lime,attribution,wine_quality,875,testing,6,1,False,,,,,,,,,0.0,0.0,1,0.6666666666666666,0.0,False
159,1,1,1,single_condition,lime,importance,wine_quality,838,training,1,1,,1.0,0.6470414615806868,0.2168127506442514,0.29122700170663746,-0.01160509775804702,1.0,0.18972126381717686,-0.012230223268592189,,,1,,0.0,
159,2,1,2,single_condition,lime,importance,wine_quality,408,training,2,1,,1.0,0.12492307156630394,0.21520179434735134,0.5350458941702779,0.38626360817184646,1.0,0.17948627304836703,-0.01844557922097856,,,1,,0.0,
159,3,1,3,single_condition,lime,importance,wine_quality,1583,training,3,0,,-1.0,-0.5747313964639171,-0.8022996313356864,0.015883765170137537,-0.15475832776234877,0.0,0.07363312896071307,0.13585654446809436,,,0,,0.0,
159,4,1,4,single_condition,lime,importance,wine_quality,1444,training,4,0,,-0.2209102494578184,0.25834087028894387,-1.0,-0.7030672405045499,0.007633213325992162,0.0,0.06912652189731566,0.11931859115616386,,,0,,0.0,
159,5,1,1,single_condition,lime,importance,wine_quality,1370,testing,1,0,True,-1.0,0.6533738542416173,-0.7680672090320102,-0.5926507757792313,0.14734840992269732,0.0,0.09800251575955969,0.12811407264525576,1.0,0.0,0,0.6666666666666666,0.0,True
159,6,1,2,single_condition,lime,importance,wine_quality,1473,testing,2,0,False,,,,,,,,,0.0,1.0,0,0.6666666666666666,0.0,False
159,7,1,3,single_condition,lime,importance,wine_quality,1405,testing,3,1,True,1.0,0.5541675656916563,0.16400854758341563,0.42388290179454413,-0.10538073174694468,1.0,0.17619665694788456,-0.0014464501722201845,1.0,1.0,1,0.6666666666666666,0.0,True
159,8,1,4,single_condition,lime,importance,wine_quality,267,testing,4,1,False,,,,,,,,,1.0,1.0,1,0.6666666666666666,0.0,True
159,9,1,5,single_condition,lime,importance,wine_quality,1388,testing,5,0,False,,,,,,,,,0.0,1.0,0,0.6666666666666666,0.0,False
159,10,1,6,single_condition,lime,importance,wine_quality,1061,testing,6,1,True,1.0,0.21917493112157374,0.2981315295042141,0.1307261274741776,0.28164921659227315,1.0,0.1940081476779014,-0.005455033785936272,1.0,1.0,1,0.6666666666666666,0.0,True
160,1,1,1,single_condition,shap,none,wine_quality,565,training,1,0,,0.6944247329954917,-1.0,0.399652679044294,-0.9441307550836642,0.14050980578396216,0.0,0.07844026937594005,0.13610758178750273,,,0,,0.0,
160,2,1,2,single_condition,shap,none,wine_quality,1584,training,2,1,,0.9510981631597594,1.0,0.2517804212608261,0.26693852948725993,-0.0020856355035633084,1.0,0.1896271293087106,0.13610758178750273,,,1,,0.0,
160,3,1,3,single_condition,shap,none,wine_quality,1154,training,3,0,,1.0,0.3089344655464823,-0.4841268100561227,-0.046160183057825044,-0.6069737199959958,0.0,0.06799820587053534,0.13610758178750273,,,0,,0.0,
160,4,1,4,single_condition,shap,none,wine_quality,430,training,4,1,,0.8487715261686855,0.8532151549600715,0.42139140553278776,1.0,0.610185681114739,1.0,0.13871676818660028,0.13610758178750273,,,1,,0.0,
160,5,1,1,single_condition,shap,none,wine_quality,90,testing,1,0,True,-0.7072520913310969,-0.5194147085373854,-1.0,-0.1063034845443851,0.010582842315861662,0.0,0.0586067503195449,0.13610758178750273,0.0,1.0,0,0.6666666666666666,0.0,False
160,6,1,2,single_condition,shap,none,wine_quality,513,testing,2,1,True,1.0,0.20048815296811265,0.45201138184357537,0.024530834925284906,0.3809534335863236,1.0,0.20518300764262484,0.13610758178750273,1.0,1.0,1,0.6666666666666666,0.0,True
160,7,1,3,single_condition,shap,none,wine_quality,1120,testing,3,1,False,,,,,,,,,1.0,1.0,1,0.6666666666666666,0.0,True
160,8,1,4,single_condition,shap,none,wine_quality,1061,testing,4,1,True,1.0,0.3019782343214257,0.4713963318296485,0.197539540550356,0.19353658018787556,1.0,0.2552356493871182,0.13610758178750273,1.0,1.0,1,0.6666666666666666,0.0,True
160,9,1,5,single_condition,shap,none,wine_quality,1495,testing,5,0,False,,,,,,,,,0.0,1.0,0,0.6666666666666666,0.0,False
160,10,1,6,single_condition,shap,none,wine_quality,1388,testing,6,0,False,,,,,,,,,0.0,1.0,0,0.6666666666666666,0.0,False
161,1,1,1,single_condition,shap,attribution,wine_quality,514,training,1,1,,1.0,0.20048815296811265,0.45201138184357537,0.024530834925284906,0.3809534335863236,1.0,0.20518300764262484,0.13610758178750273,,,1,,0.0,
161,2,1,2,single_condition,shap,attribution,wine_quality,48,training,2,0,,-1.0,-0.46684392094317156,0.22801569277465436,0.04450377645306454,-0.07551427726329504,0.0,0.0886869891604706,0.13610758178750273,,,0,,0.0,
161,3,1,3,single_condition,shap,attribution,wine_quality,1402,training,3,1,,1.0,0.867261353608525,0.22696189600872152,0.19638778702731982,-0.29364428182860414,1.0,0.22651549998463597,0.13610758178750273,,,1,,0.0,
161,4,1,4,single_condition,shap,attribution,wine_quality,1054,training,4,0,,-1.0,-0.19333291453218227,-0.6846022951348287,-0.34830031350120905,0.027541878849694536,0.0,0.06189873284738428,0.13610758178750273,,,0,,0.0,
161,5,1,1,single_condition,shap,attribution,wine_quality,470,testing,1,1,False,,,,,,,,,1.0,1.0,1,0.6666666666666666,0.0,True
161,6,1,2,single_condition,shap,attribution,wine_quality,157,testing,2,0,True,-0.10376450796484764,0.13952156205819616,-1.0,-0.0041814784246301685,-0.14417475726347967,0.0,0.12233289907642336,0.13610758178750273,0.0,1.0,0,0.6666666666666666,0.0,False
161,7,1,3,single_condition,shap,attribution,wine_quality,810,testing,3,0,False,,,,,,,,,0.0,1.0,0,0.6666666666666666,0.0,False
161,8,1,4,single_condition,shap,attribution,wine_quality,1070,testing,4,1,True,0.7253893439442038,1.0,0.23474572153881135,0.4187731442417863,0.16778030193523458,1.0,0.167810983964313,0.13610758178750273,1.0,1.0,1,0.6666666666666666,0.0,True
161,9,1,5,single_condition,shap,attribution,wine_quality,214,testing,5,0,False,,,,,,,,,0.0,1.0,0,0.6666666666666666,0.0,False
161,10,1,6,single_condition,shap,attribution,wine_quality,1586,testing,6,1,True,0.8163106692018297,1.0,-0.07887229914606086,0.053605601531774065,-0.0007154572343069731,1.0,0.21871768649991233,0.13610758178750273,1.0,1.0,1,0.6666666666666666,0.0,True
162,1,1,1,single_condition,shap,importance,wine_quality,821,training,1,1,,1.0,0.5156617984092522,-0.024960528447469352,-0.12222812864007215,0.16490541226129785,1.0,0.24208930660502725,0.13610758178750273,,,1,,0.0,
162,2,1,2,single_condition,shap,importance,wine_quality,611,training,2,0,,-1.0,-0.26862749935903607,0.05381161699883825,0.17487701332791722,0.4521450827634704,0.0,0.15113341681675393,0.13610758178750273,,,0,,0.0,
162,3,1,3,single_condition,shap,importance,wine_quality,1189,training,3,0,,-0.8507774435587165,-1.0,0.16413010195719618,-0.9494742228286915,-0.08118394452120108,0.0,0.049994591724380484,0.13610758178750273,,,0,,0.0,
162,4,1,4,single_condition,shap,importance,wine_quality,948,training,4,1,,1.0,0.5209027360908555,0.3169998886609152,0.5320230520696715,-0.14107916496768264,1.0,0.2944526395122611,0.13610758178750273,,,1,,0.0,
162,5,1,1,single_condition,shap,importance,wine_quality,140,testing,1,0,False,,,,,,,,,0.0,1.0,0,0.6666666666666666,0.0,False
162,6,1,2,single_condition,shap,importance,wine_quality,939,testing,2,0,False,,,,,,,,,1.0,0.0,0,0.6666666666666666,0.0,True
162,7,1,3,single_condition,shap,importance,wine_quality,1152,testing,3,0,True,-0.9954867161516499,-1.0,0.03956952190730937,-0.3875917572042191,0.10903297135863368,0.0,0.053412974191063015,0.13610758178750273,0.0,1.0,0,0.6666666666666666,0.0,False
162,8,1,4,single_condition,shap,importance,wine_quality,882,testing,4,1,False,,,,,,,,,0.0,0.0,1,0.6666666666666666,0.0,False
162,9,1,5,single_condition,shap,importance,wine_quality,1018,testing,5,1,True,0.18571614788834215,0.24302249668734477,-0.06426219896667797,1.0,0.3313098542437721,1.0,0.5038016520692397,0.13610758178750273,1.0,1.0,1,0.6666666666666666,0.0,True
162,10,1,6,single_condition,shap,importance,wine_quality,1070,testing,6,1,True,0.7253893439442038,1.0,0.23474572153881135,0.4187731442417863,0.16778030193523458,1.0,0.167810983964313,0.13610758178750273,1.0,1.0,1,0.6666666666666666,0.0,True
163,1,1,1,single_condition,integrated_gradients,none,wine_quality,747,training,1,0,,-0.06644130642110703,-1.0,-0.1549526017553558,-0.22480618878134667,0.011807162999459624,0.0,0.08028612285852432,0.11934235692024231,,,0,,0.0,
163,2,1,2,single_condition,integrated_gradients,none,wine_quality,1006,training,2,1,,1.0,0.8670743379692042,0.31407871655523184,0.22804987038564128,0.1677630240671715,1.0,0.23661020398139954,0.11934235692024231,,,1,,0.0,
163,3,1,3,single_condition,integrated_gradients,none,wine_quality,541,training,3,0,,1.0,0.7498020340639446,-0.24097227375194297,0.4068571810000658,0.01888535732535529,0.0,0.11496756225824356,0.11934235692024231,,,0,,0.0,
163,4,1,4,single_condition,integrated_gradients,none,wine_quality,408,training,4,1,,1.0,0.5169059042046302,0.9515475538349525,0.3608923921401084,0.8155133066706476,1.0,0.1431395709514618,0.11934235692024231,,,1,,0.0,
163,5,1,1,single_condition,integrated_gradients,none,wine_quality,888,testing,1,0,False,,,,,,,,,1.0,0.0,0,0.6666666666666666,0.0,True
163,6,1,2,single_condition,integrated_gradients,none,wine_quality,959,testing,2,0,True,-0.8342665960558865,-1.0,-0.12210034979798222,-0.35990426975731343,-0.08785740856148427,0.0,0.029843496158719063,0.11934235692024231,0.0,1.0,0,0.6666666666666666,0.0,False
163,7,1,3,single_condition,integrated_gradients,none,wine_quality,1120,testing,3,1,False,,,,,,,,,1.0,1.0,1,0.6666666666666666,0.0,True
163,8,1,4,single_condition,integrated_gradients,none,wine_quality,513,testing,4,1,True,1.0,0.01938980953287353,0.30362235964981,0.07252465517393934,0.19496658241457768,1.0,0.2761908173561096,0.11934235692024231,1.0,1.0,1,0.6666666666666666,0.0,True
163,9,1,5,single_condition,integrated_gradients,none,wine_quality,294,testing,5,0,True,-1.0,0.398519067461746,-0.10526936786378735,0.3765038474466732,-0.3402095720945728,0.0,0.13990825414657593,0.11934235692024231,1.0,0.0,0,0.6666666666666666,0.0,True
163,10,1,6,single_condition,integrated_gradients,none,wine_quality,1590,testing,6,1,False,,,,,,,,,1.0,1.0,1,0.6666666666666666,0.0,True
164,1,1,1,single_condition,integrated_gradients,attribution,wine_quality,619,training,1,0,,-1.0,0.7013463618221446,-0.43065330643624383,0.3214998398521123,-0.06670466778085314,0.0,0.1191224679350853,0.11934235692024231,,,0,,0.0,
164,2,1,2,single_condition,integrated_gradients,attribution,wine_quality,205,training,2,1,,0.5290017448058012,1.0,0.483626647308442,0.23271728531181385,0.6783802642002315,1.0,0.14171770215034485,0.11934235692024231,,,1,,0.0,
164,3,1,3,single_condition,integrated_gradients,attribution,wine_quality,1098,training,3,1,,1.0,0.9858193387688852,0.6990772555232383,0.16283559677114284,0.5447793914642394,1.0,0.20703977346420288,0.11934235692024231,,,1,,0.0,
164,4,1,4,single_condition,integrated_gradients,attribution,wine_quality,298,training,4,0,,-0.4007807983340525,0.4151852073835975,0.14148105488784785,-0.021882923091264606,-1.0,0.0,0.12356367707252502,0.11934235692024231,,,0,,0.0,
164,5,1,1,single_condition,integrated_gradients,attribution,wine_quality,1016,testing,1,1,False,,,,,,,,,1.0,1.0,1,0.6666666666666666,0.0,True
164,6,1,2,single_condition,integrated_gradients,attribution,wine_quality,1132,testing,2,1,True,0.4812888022961948,1.0,0.1393946635732305,0.05648213109086916,-0.0996204939500747,1.0,0.4302695691585541,0.11934235692024231,1.0,1.0,1,0.6666666666666666,0.0,True
164,7,1,3,single_condition,integrated_gradients,attribution,wine_quality,505,testing,3,1,True,1.0,0.6184109302774101,0.24577500544879233,0.062432778219648266,0.142355726563137,1.0,0.3041057586669922,0.11934235692024231,1.0,1.0,1,0.6666666666666666,0.0,True
164,8,1,4,single_condition,integrated_gradients,attribution,wine_quality,632,testing,4,0,False,,,,,,,,,1.0,0.0,0,0.6666666666666666,0.0,True
164,9,1,5,single_condition,integrated_gradients,attribution,wine_quality,925,testing,5,0,True,0.5208424197169561,0.7076197835109541,-1.0,-0.28987512053024456,-0.4428215126817933,0.0,0.237416073679924,0.11934235692024231,1.0,0.0,0,0.6666666666666666,0.0,True
164,10,1,6,single_condition,integrated_gradients,attribution,wine_quality,939,testing,6,0,False,,,,,,,,,0.0,1.0,0,0.6666666666666666,0.0,False
165,1,1,1,single_condition,integrated_gradients,importance,wine_quality,664,training,1,0,,-0.35097683810811947,0.04957333575306062,-0.1051656382635067,0.8804580559760019,1.0,0.0,0.06513321399688721,0.11934235692024231,,,0,,0.0,
165,2,1,2,single_condition,integrated_gradients,importance,wine_quality,1076,training,2,1,,1.0,0.5466024597654251,0.5331180722607561,0.5791491724882376,0.5509034552422364,1.0,0.1921718269586563,0.11934235692024231,,,1,,0.0,
165,3,1,3,single_condition,integrated_gradients,importance,wine_quality,477,training,3,1,,0.37652484763123406,1.0,-0.10761534933372927,0.2679917098376738,0.1560410940557994,1.0,0.2601343095302582,0.11934235692024231,,,1,,0.0,
165,4,1,4,single_condition,integrated_gradients,importance,wine_quality,1266,training,4,0,,-0.13414838277649435,-1.0,0.1258233717123175,0.06951198290903277,-0.5845570506032584,0.0,0.04019336774945259,0.11934235692024231,,,0,,0.0,
165,5,1,1,single_condition,integrated_gradients,importance,wine_quality,875,testing,1,1,True,1.0,0.6396324430993644,0.35974969201963,0.2716429851159651,0.0036349340348602044,1.0,0.2582468092441559,0.11934235692024231,1.0,1.0,1,0.6666666666666666,0.0,True
165,6,1,2,single_condition,integrated_gradients,importance,wine_quality,1060,testing,2,0,True,-0.4978996657472003,0.1291652096982411,-0.048422936124932744,1.0,0.2502730917469834,0.0,0.2591821849346161,0.11934235692024231,0.0,1.0,0,0.6666666666666666,0.0,False
165,7,1,3,single_condition,integrated_gradients,importance,wine_quality,216,testing,3,0,False,,,,,,,,,1.0,0.0,0,0.6666666666666666,0.0,True
165,8,1,4,single_condition,integrated_gradients,importance,wine_quality,1125,testing,4,1,True,0.48168286924611026,-0.47825746617772197,0.40546062879065586,0.5104810022219546,1.0,1.0,0.22519856691360474,0.11934235692024231,1.0,1.0,1,0.6666666666666666,0.0,True
165,9,1,5,single_condition,integrated_gradients,importance,wine_quality,1472,testing,5,0,False,,,,,,,,,1.0,0.0,0,0.6666666666666666,0.0,True
165,10,1,6,single_condition,integrated_gradients,importance,wine_quality,1172,testing,6,1,False,,,,,,,,,1.0,1.0,1,0.6666666666666666,0.0,True
166,1,1,1,single_condition,input_gradients,none,wine_quality,952,training,1,1,,1.0,0.5250396554145793,0.011173380512898543,-0.0363837814270331,-0.6769604850414346,1.0,0.6365478038787842,0.0,,,1,,0.0,
166,2,1,2,single_condition,input_gradients,none,wine_quality,1161,training,2,0,,1.0,0.9260486404368056,0.09361498003083166,-0.45033050460107127,0.10836822724288703,0.0,0.19697663187980652,0.0,,,0,,0.0,
166,3,1,3,single_condition,input_gradients,none,wine_quality,946,training,3,1,,1.0,-0.05563885507730028,0.016430555786387902,-0.02387725912714774,0.006551914752724072,1.0,0.5415366888046265,0.0,,,1,,0.0,
166,4,1,4,single_condition,input_gradients,none,wine_quality,551,training,4,0,,0.49897737898947214,1.0,0.06975675574569092,-0.1273122100929374,-0.02785159856563736,0.0,0.23182588815689087,0.0,,,0,,0.0,
166,5,1,1,single_condition,input_gradients,none,wine_quality,1485,testing,1,0,True,0.28416019834299205,0.3555995553826251,0.003647968399351416,-1.0,-0.10046323037267295,0.0,0.03148023784160614,0.0,0.0,1.0,0,0.6666666666666666,0.0,False
166,6,1,2,single_condition,input_gradients,none,wine_quality,1574,testing,2,0,True,1.0,-0.04899739292129752,-0.28210516681237435,-0.20370477854425467,-0.9356008917071,0.0,0.024919182062149048,0.0,1.0,0.0,0,0.6666666666666666,0.0,True
166,7,1,3,single_condition,input_gradients,none,wine_quality,491,testing,3,1,False,,,,,,,,,1.0,1.0,1,0.6666666666666666,0.0,True
166,8,1,4,single_condition,input_gradients,none,wine_quality,1061,testing,4,1,False,,,,,,,,,1.0,1.0,1,0.6666666666666666,0.0,True
166,9,1,5,single_condition,input_gradients,none,wine_quality,1511,testing,5,0,False,,,,,,,,,0.0,1.0,0,0.6666666666666666,0.0,False
166,10,1,6,single_condition,input_gradients,none,wine_quality,1070,testing,6,1,True,1.0,-0.5489506351051219,-0.11454849671491638,-0.07005530919384355,-0.2950553713250431,1.0,0.5756011009216309,0.0,0.0,0.0,1,0.6666666666666666,0.0,False
167,1,1,1,single_condition,input_gradients,attribution,wine_quality,198,training,1,1,,1.0,-0.14396056641210012,-0.762437386417504,-0.3236453368347691,-0.16489718641699078,1.0,2.601283073425293,0.0,,,1,,0.0,
167,2,1,2,single_condition,input_gradients,attribution,wine_quality,899,training,2,0,,1.0,0.081148983761511,0.0,-0.928781825241249,0.5331311333447134,0.0,0.01732788234949112,0.0,,,0,,0.0,
167,3,1,3,single_condition,input_gradients,attribution,wine_quality,569,training,3,0,,0.031196891139185504,1.0,-0.7849919889189858,0.1786521441188582,0.15291256611152693,0.0,0.04492530971765518,0.0,,,0,,0.0,
167,4,1,4,single_condition,input_gradients,attribution,wine_quality,606,training,4,1,,1.0,0.3984479027210162,-0.07799520111183401,-0.36822733518298933,-0.7134309975204469,1.0,0.6426683068275452,0.0,,,1,,0.0,
167,5,1,1,single_condition,input_gradients,attribution,wine_quality,1021,testing,1,0,False,,,,,,,,,1.0,0.0,0,0.6666666666666666,0.0,True
167,6,1,2,single_condition,input_gradients,attribution,wine_quality,1555,testing,2,0,False,,,,,,,,,1.0,0.0,0,0.6666666666666666,0.0,True
167,7,1,3,single_condition,input_gradients,attribution,wine_quality,982,testing,3,0,False,,,,,,,,,0.0,1.0,0,0.6666666666666666,0.0,False
167,8,1,4,single_condition,input_gradients,attribution,wine_quality,513,testing,4,1,True,1.0,0.43671215118847,-0.014056055619933155,-0.7194641671061249,-0.027141514449440185,1.0,0.7987599968910217,0.0,0.0,0.0,1,0.6666666666666666,0.0,False
167,9,1,5,single_condition,input_gradients,attribution,wine_quality,1016,testing,5,1,True,0.6458825505602395,1.0,-0.31844753822205857,-0.17517633391636817,-0.22303524257318025,1.0,0.39883995056152344,0.0,0.0,0.0,1,0.6666666666666666,0.0,False
167,10,1,6,single_condition,input_gradients,attribution,wine_quality,1172,testing,6,1,True,0.320615655700084,1.0,-0.060591170399503916,0.02444917991714029,-0.7756689322474171,1.0,0.24414539337158203,0.0,0.0,0.0,1,0.6666666666666666,0.0,False
168,1,1,1,single_condition,input_gradients,importance,wine_quality,1409,training,1,0,,1.0,-0.6271939127655023,-0.5270266988086109,-0.006625087188569369,-0.7290500671257251,0.0,0.08159754425287247,0.0,,,0,,0.0,
168,2,1,2,single_condition,input_gradients,importance,wine_quality,210,training,2,1,,1.0,-0.024386842295981682,-0.020264609636498496,-0.054833700796621865,-0.3621440600738867,1.0,0.26647019386291504,0.0,,,1,,0.0,
168,3,1,3,single_condition,input_gradients,importance,wine_quality,467,training,3,1,,-0.24275883379203164,1.0,-0.04583920554363849,-0.45736885303664365,0.09136464328277133,1.0,0.3725791275501251,0.0,,,1,,0.0,
168,4,1,4,single_condition,input_gradients,importance,wine_quality,1558,training,4,0,,0.08336311671913466,-0.022680865023441826,-1.0,-0.2202512232840832,-0.04119880820514494,0.0,4.0417762647848576e-07,0.0,,,0,,0.0,
168,5,1,1,single_condition,input_gradients,importance,wine_quality,1260,testing,1,0,True,0.046230629411506935,-1.0,-0.6701767543681842,-0.4515365184488602,0.02378777805924041,0.0,3.1049356039147824e-05,0.0,0.0,1.0,0,0.6666666666666666,0.0,False
168,6,1,2,single_condition,input_gradients,importance,wine_quality,1495,testing,2,0,False,,,,,,,,,0.0,1.0,0,0.6666666666666666,0.0,False
168,7,1,3,single_condition,input_gradients,importance,wine_quality,588,testing,3,1,False,,,,,,,,,1.0,1.0,1,0.6666666666666666,0.0,True
168,8,1,4,single_condition,input_gradients,importance,wine_quality,40,testing,4,0,True,0.45646233491171756,-0.22727252848329843,-1.0,-0.03218664735180559,-0.30628127749992456,0.0,0.014693770557641983,0.0,1.0,0.0,0,0.6666666666666666,0.0,True
168,9,1,5,single_condition,input_gradients,importance,wine_quality,1267,testing,5,1,True,1.0,-0.3594245946273875,-0.011739246737030327,-0.3065739846940555,-0.0395738575469766,1.0,0.7997472286224365,0.0,1.0,1.0,1,0.6666666666666666,0.0,True
168,10,1,6,single_condition,input_gradients,importance,wine_quality,495,testing,6,1,False,,,,,,,,,1.0,1.0,1,0.6666666666666666,0.0,True
169,1,1,1,single_condition,lime,none,wine_quality,1033,training,1,0,,0.12132073866655488,-1.0,0.6878054011302442,-0.7156308465292696,0.22785562828977823,0.0,0.038488043350715706,0.09731161230646079,,,0,,0.0,
169,2,1,2,single_condition,lime,none,wine_quality,1007,training,2,1,,1.0,0.45936146073257966,0.18851444556252894,0.5231623834264499,-0.0704248674537481,1.0,0.19042092727050766,-0.009167845760927967,,,1,,0.0,
169,3,1,3,single_condition,lime,none,wine_quality,922,training,3,1,,1.0,0.5334248806133072,0.041629244047615865,-0.0758267299987601,0.049722996757301456,1.0,0.2089994268747168,0.012579541135799968,,,1,,0.0,
169,4,1,4,single_condition,lime,none,wine_quality,550,training,4,0,,-1.0,-0.48475576791945796,0.27850687033285704,0.04399742131813757,-0.002486346176943997,0.0,0.1079524943042753,0.13509365200387502,,,0,,0.0,
169,5,1,1,single_condition,lime,none,wine_quality,1205,testing,1,1,False,,,,,,,,,1.0,1.0,1,0.6666666666666666,0.0,True
169,6,1,2,single_condition,lime,none,wine_quality,377,testing,2,1,True,1.0,0.6119236759242317,0.32084298235388936,0.32026852183621,0.0897697182276162,1.0,0.19935884867613213,-0.0244822267496725,0.0,0.0,1,0.6666666666666666,0.0,False
169,7,1,3,single_condition,lime,none,wine_quality,940,testing,3,1,False,,,,,,,,,0.0,0.0,1,0.6666666666666666,0.0,False
169,8,1,4,single_condition,lime,none,wine_quality,1059,testing,4,0,True,1.0,-0.1336974476155696,0.4311309438145565,-0.032692738838963946,0.39319048224855874,0.0,0.1706758818000121,0.01769889968410078,1.0,0.0,0,0.6666666666666666,0.0,True
169,9,1,5,single_condition,lime,none,wine_quality,1292,testing,5,0,False,,,,,,,,,1.0,0.0,0,0.6666666666666666,0.0,True
169,10,1,6,single_condition,lime,none,wine_quality,1398,testing,6,0,True,0.24622893187092645,-0.8560401866856446,0.563373231400771,-0.6555222275706603,-1.0,0.0,0.0523660333663459,0.11558921519706837,1.0,0.0,0,0.6666666666666666,0.0,True
170,1,1,1,single_condition,lime,attribution,wine_quality,1169,training,1,0,,1.0,-0.22451979366081581,0.4319232716530111,0.05928131649418117,-0.0043141069776204315,0.0,0.17721070565823427,0.0317054810613777,,,0,,0.0,
170,2,1,2,single_condition,lime,attribution,wine_quality,1584,training,2,1,,1.0,0.5671952035829904,0.25061739787276044,0.5503117151646011,-0.0026825831522976564,1.0,0.18663356841177448,-0.01721719982454553,,,1,,0.0,
170,3,1,3,single_condition,lime,attribution,wine_quality,583,training,3,1,,-1.0,0.3579912891421478,0.9871360425717729,0.9733949905735533,0.5472354992630671,1.0,0.07607081640140927,0.05350716458210247,,,1,,0.0,
170,4,1,4,single_condition,lime,attribution,wine_quality,1471,training,4,0,,1.0,-0.38890216379579307,0.3269271884885103,-0.39152683053532783,-0.13633339355548396,0.0,0.1687792154763906,0.06623875694919186,,,0,,0.0,
170,5,1,1,single_condition,lime,attribution,wine_quality,157,testing,1,0,True,-0.22164690813677707,0.2723625923123557,-1.0,0.17927148903755702,-0.5353106945112655,0.0,0.07179805551135296,0.11180462648937194,0.0,1.0,0,0.6666666666666666,0.0,False
170,6,1,2,single_condition,lime,attribution,wine_quality,1113,testing,2,0,True,-1.0,-0.3454268804103972,0.35963217911252077,0.7438214093189554,0.5617881577828264,0.0,0.11075154890545368,0.08284587358957872,1.0,0.0,0,0.6666666666666666,0.0,True
170,7,1,3,single_condition,lime,attribution,wine_quality,1132,testing,3,1,True,1.0,0.502801910431578,-0.10292170685655061,0.2934814378375174,-0.019962479611988635,1.0,0.2291874566251291,0.004867635142377022,1.0,1.0,1,0.6666666666666666,0.0,True
170,8,1,4,single_condition,lime,attribution,wine_quality,1267,testing,4,1,False,,,,,,,,,0.0,0.0,1,0.6666666666666666,0.0,False
170,9,1,5,single_condition,lime,attribution,wine_quality,197,testing,5,0,False,,,,,,,,,0.0,1.0,0,0.6666666666666666,0.0,False
170,10,1,6,single_condition,lime,attribution,wine_quality,495,testing,6,1,False,,,,,,,,,0.0,0.0,1,0.6666666666666666,0.0,False
171,1,1,1,single_condition,lime,importance,wine_quality,898,training,1,1,,1.0,0.4056602670558412,-0.024414388141638203,0.36493314497442025,0.008124589913259771,1.0,0.18726133978108836,0.004328339043370308,,,1,,0.0,
171,2,1,2,single_condition,lime,importance,wine_quality,913,training,2,1,,1.0,0.13835991634241918,0.27982468796400906,0.03164117859251876,0.13309019437530822,1.0,0.16624146292368996,0.01657179404435974,,,1,,0.0,
171,3,1,3,single_condition,lime,importance,wine_quality,485,training,3,0,,-1.0,-0.7399980931818848,0.4712677592437139,-0.8610954278985092,0.6344776214586145,0.0,0.06630240590679717,0.10626686306701387,,,0,,0.0,
171,4,1,4,single_condition,lime,importance,wine_quality,825,training,4,0,,0.06933894020844085,-1.0,0.28287901307223695,-0.07979807856472396,-0.4283557501546639,0.0,0.0635669931151289,0.10457954729581294,,,0,,0.0,
171,5,1,1,single_condition,lime,importance,wine_quality,925,testing,1,0,False,,,,,,,,,1.0,0.0,0,0.6666666666666666,0.0,True
171,6,1,2,single_condition,lime,importance,wine_quality,486,testing,2,0,True,-1.0,-0.9041811780579816,0.4835346162252545,-0.9144414307821079,0.367681265857973,0.0,0.050856029858573445,0.1056702149342979,1.0,0.0,0,0.6666666666666666,0.0,True
171,7,1,3,single_condition,lime,importance,wine_quality,124,testing,3,0,True,-1.0,-0.4524347717961271,-0.7932657064989589,0.13971424083518044,-0.10840379815006525,0.0,0.10751529731082674,0.15932820294742098,1.0,0.0,0,0.6666666666666666,0.0,True
171,8,1,4,single_condition,lime,importance,wine_quality,1061,testing,4,1,False,,,,,,,,,0.0,0.0,1,0.6666666666666666,0.0,False
171,9,1,5,single_condition,lime,importance,wine_quality,1107,testing,5,1,False,,,,,,,,,0.0,0.0,1,0.6666666666666666,0.0,False
171,10,1,6,single_condition,lime,importance,wine_quality,513,testing,6,1,True,1.0,0.1526223855026205,0.27849940058294276,0.02955205245831369,0.3510378818650128,1.0,0.22746347066193856,-0.0054953580451595485,0.0,0.0,1,0.6666666666666666,0.0,False
172,1,1,1,single_condition,shap,none,wine_quality,837,training,1,1,,0.7097987718317879,0.5557241605708166,0.4343379130509444,1.0,0.232242583958394,1.0,0.2869300270553747,0.13610758178750273,,,1,,0.0,
172,2,1,2,single_condition,shap,none,wine_quality,773,training,2,0,,-1.0,0.26316771930229677,-0.055501805686401146,0.02495496184788976,-0.019606560656534013,0.0,0.16989336750117412,0.13610758178750273,,,0,,0.0,
172,3,1,3,single_condition,shap,none,wine_quality,583,training,3,1,,-0.3257759197744599,0.062023494660410725,0.044056864755618666,0.8921450118869673,1.0,1.0,0.22812738430772986,0.13610758178750273,,,1,,0.0,
172,4,1,4,single_condition,shap,none,wine_quality,602,training,4,0,,-1.0,-0.7254020238988765,0.1701894760990401,-0.708006090974503,-0.08321528778203607,0.0,0.05695732037448658,0.13610758178750273,,,0,,0.0,
172,5,1,1,single_condition,shap,none,wine_quality,959,testing,1,0,True,-1.0,-0.6028454214940138,0.20220723276693425,-0.2308327782724444,-0.11595258594854642,0.0,0.05070325444163771,0.13610758178750273,1.0,0.0,0,0.6666666666666666,0.0,True
172,6,1,2,single_condition,shap,none,wine_quality,470,testing,2,1,False,,,,,,,,,0.0,0.0,1,0.6666666666666666,0.0,False
172,7,1,3,single_condition,shap,none,wine_quality,882,testing,3,1,False,,,,,,,,,0.0,0.0,1,0.6666666666666666,0.0,False
172,8,1,4,single_condition,shap,none,wine_quality,1120,testing,4,1,True,1.0,0.4098025739104728,0.44265207090394226,0.005360634630424298,0.18215998759135732,1.0,0.26739741241649956,0.13610758178750273,0.0,0.0,1,0.6666666666666666,0.0,False
172,9,1,5,single_condition,shap,none,wine_quality,554,testing,5,0,False,,,,,,,,,1.0,0.0,0,0.6666666666666666,0.0,True
172,10,1,6,single_condition,shap,none,wine_quality,1495,testing,6,0,True,0.08143655463798948,1.0,0.2956202558083689,0.16754003203275353,-0.025711029168388792,0.0,0.1269980547261781,0.13610758178750273,1.0,0.0,0,0.6666666666666666,0.0,True
173,1,1,1,single_condition,shap,attribution,wine_quality,987,training,1,0,,-1.0,-0.759647403743138,-0.5485546495081918,0.031119474161193716,-0.3778577494552871,0.0,0.051206501815356756,0.13610758178750273,,,0,,0.0,
173,2,1,2,single_condition,shap,attribution,wine_quality,847,training,2,0,,-1.0,0.16189447497612192,0.009383544645494303,-0.2043075175511633,-0.3818637251709132,0.0,0.09166551270459851,0.13610758178750273,,,0,,0.0,
173,3,1,3,single_condition,shap,attribution,wine_quality,514,training,3,1,,1.0,0.20048815296811265,0.45201138184357537,0.024530834925284906,0.3809534335863236,1.0,0.20518300764262484,0.13610758178750273,,,1,,0.0,
173,4,1,4,single_condition,shap,attribution,wine_quality,498,training,4,1,,0.9596685955011035,0.22154991418180783,0.7921837660034653,1.0,0.8942901702986531,1.0,0.10286238380804455,0.13610758178750273,,,1,,0.0,
173,5,1,1,single_condition,shap,attribution,wine_quality,470,testing,1,1,True,0.2603463730219207,-0.08988218330043493,0.052513261193753796,0.7823160798493111,1.0,1.0,0.20912531416666952,0.13610758178750273,0.0,0.0,1,0.6666666666666666,0.0,False
173,6,1,2,single_condition,shap,attribution,wine_quality,588,testing,2,1,False,,,,,,,,,0.0,0.0,1,0.6666666666666666,0.0,False
173,7,1,3,single_condition,shap,attribution,wine_quality,1301,testing,3,0,True,1.0,0.6197135789585044,0.06367588320452734,-0.2545422069220141,0.3766332271807835,0.0,0.16950229582797618,0.13610758178750273,1.0,0.0,0,0.6666666666666666,0.0,True
173,8,1,4,single_condition,shap,attribution,wine_quality,819,testing,4,0,True,-1.0,-0.7537916266018919,-0.4233752798719199,-0.3116001977293088,-0.061651132566239504,0.0,0.051870920028301966,0.13610758178750273,1.0,0.0,0,0.6666666666666666,0.0,True
173,9,1,5,single_condition,shap,attribution,wine_quality,1132,testing,5,1,False,,,,,,,,,1.0,1.0,1,0.6666666666666666,0.0,True
173,10,1,6,single_condition,shap,attribution,wine_quality,1496,testing,6,0,False,,,,,,,,,1.0,0.0,0,0.6666666666666666,0.0,True
174,1,1,1,single_condition,shap,importance,wine_quality,966,training,1,1,,1.0,-0.2770211759304984,0.5146662703479798,0.44780212216677673,0.545081402428618,1.0,0.2160406083218776,0.13610758178750273,,,1,,0.0,
174,2,1,2,single_condition,shap,importance,wine_quality,1076,training,2,1,,1.0,0.4365020164775788,0.5122595520568929,0.6673495009353941,0.4556062397689532,1.0,0.1929863160021682,0.13610758178750273,,,1,,0.0,
174,3,1,3,single_condition,shap,importance,wine_quality,787,training,3,0,,-0.8693646352972376,-1.0,-0.5704824106505504,-0.28818626676109765,0.09681962601027864,0.0,0.043411319224782786,0.13610758178750273,,,0,,0.0,
174,4,1,4,single_condition,shap,importance,wine_quality,932,training,4,0,,-1.0,-0.4537587165173408,-0.5757355013051862,-0.02692040916330241,-0.3390811611543047,0.0,0.05673165782809982,0.13610758178750273,,,0,,0.0,
174,5,1,1,single_condition,shap,importance,wine_quality,431,testing,1,0,True,-1.0,-0.5369602572758326,-0.5206522001124987,-0.10809308182397652,-0.030585842532106663,0.0,0.06162629517628809,0.13610758178750273,1.0,0.0,0,0.6666666666666666,0.0,True
174,6,1,2,single_condition,shap,importance,wine_quality,157,testing,2,0,True,-0.10376450796484764,0.13952156205819616,-1.0,-0.0041814784246301685,-0.14417475726347967,0.0,0.12233289907642336,0.13610758178750273,1.0,0.0,0,0.6666666666666666,0.0,True
174,7,1,3,single_condition,shap,importance,wine_quality,1132,testing,3,1,False,,,,,,,,,0.0,0.0,1,0.6666666666666666,0.0,False
174,8,1,4,single_condition,shap,importance,wine_quality,1021,testing,4,0,True,1.0,-0.7787914659856131,0.6393683547334233,0.4605879053576171,0.3642087945586745,0.0,0.16708423384843055,0.13610758178750273,0.0,1.0,0,0.6666666666666666,0.0,False
174,9,1,5,single_condition,shap,importance,wine_quality,950,testing,5,1,False,,,,,,,,,1.0,1.0,1,0.6666666666666666,0.0,True
174,10,1,6,single_condition,shap,importance,wine_quality,1172,testing,6,1,False,,,,,,,,,1.0,1.0,1,0.6666666666666666,0.0,True
175,1,1,1,single_condition,integrated_gradients,none,wine_quality,802,training,1,1,,0.2961896528600307,1.0,0.23144985028851575,0.062204871238428265,0.23445096363133971,1.0,0.46108439564704895,0.11934235692024231,,,1,,0.0,
175,2,1,2,single_condition,integrated_gradients,none,wine_quality,411,training,2,0,,-0.6762733364099693,-0.2861060884608498,-1.0,-0.08473171662237247,-0.23241807015666707,0.0,0.05170254036784172,0.11934235692024231,,,0,,0.0,
175,3,1,3,single_condition,integrated_gradients,none,wine_quality,583,training,3,1,,-0.4101196455327458,0.010871105288943377,-0.052434385542995204,1.0,0.9218584316248286,1.0,0.2623922824859619,0.11934235692024231,,,1,,0.0,
175,4,1,4,single_condition,integrated_gradients,none,wine_quality,574,training,4,0,,-0.18351779301085908,0.28694428187160387,-1.0,-0.26370413502023876,0.10507163142379831,0.0,0.10109154134988785,0.11934235692024231,,,0,,0.0,
175,5,1,1,single_condition,integrated_gradients,none,wine_quality,66,testing,1,0,False,,,,,,,,,1.0,0.0,0,0.6666666666666666,0.0,True
175,6,1,2,single_condition,integrated_gradients,none,wine_quality,882,testing,2,1,False,,,,,,,,,0.0,0.0,1,0.6666666666666666,0.0,False
175,7,1,3,single_condition,integrated_gradients,none,wine_quality,1172,testing,3,1,True,1.0,0.6567458212961618,0.6419196250879587,0.060770374101252106,0.14322338121153724,1.0,0.2266080230474472,0.11934235692024231,0.0,0.0,1,0.6666666666666666,0.0,False
175,8,1,4,single_condition,integrated_gradients,none,wine_quality,940,testing,4,1,True,0.8349381680756318,1.0,0.7107517363051021,0.02288573180290761,-0.16444487487917717,1.0,0.231907919049263,0.11934235692024231,0.0,0.0,1,0.6666666666666666,0.0,False
175,9,1,5,single_condition,integrated_gradients,none,wine_quality,578,testing,5,0,True,-0.16062388212283837,-0.20648728554695478,-1.0,-0.02687244822580981,0.015917122025380082,0.0,0.08774805814027786,0.11934235692024231,1.0,0.0,0,0.6666666666666666,0.0,True
175,10,1,6,single_condition,integrated_gradients,none,wine_quality,13,testing,6,0,False,,,,,,,,,1.0,0.0,0,0.6666666666666666,0.0,True
176,1,1,1,single_condition,integrated_gradients,attribution,wine_quality,946,training,1,1,,1.0,0.8790805122201977,0.06954687628563647,0.055413550046937154,0.03586749482786093,1.0,0.25680187344551086,0.11934235692024231,,,1,,0.0,
176,2,1,2,single_condition,integrated_gradients,attribution,wine_quality,1208,training,2,1,,0.11134655934821337,1.0,-0.0067203968618334406,0.014735652935856032,0.01951328295312185,1.0,0.37991195917129517,0.11934235692024231,,,1,,0.0,
176,3,1,3,single_condition,integrated_gradients,attribution,wine_quality,367,training,3,0,,-1.0,0.16358061622629294,-0.11865101218846116,-0.0998770296538991,-0.024178277229098946,0.0,0.0920913890004158,0.11934235692024231,,,0,,0.0,
176,4,1,4,single_condition,integrated_gradients,attribution,wine_quality,1202,training,4,0,,1.0,0.2647821459336773,0.3090073733529146,0.10080951642212588,-0.11264375969247672,0.0,0.21390923857688904,0.11934235692024231,,,0,,0.0,
176,5,1,1,single_condition,integrated_gradients,attribution,wine_quality,124,testing,1,0,True,-0.23547696776963697,-1.0,-0.8213833461002858,-0.019691459311782122,-0.08757221501557537,0.0,0.05499786511063576,0.11934235692024231,0.0,1.0,0,0.6666666666666666,0.0,False
176,6,1,2,single_condition,integrated_gradients,attribution,wine_quality,491,testing,2,1,False,,,,,,,,,0.0,0.0,1,0.6666666666666666,0.0,False
176,7,1,3,single_condition,integrated_gradients,attribution,wine_quality,940,testing,3,1,False,,,,,,,,,0.0,0.0,1,0.6666666666666666,0.0,False
176,8,1,4,single_condition,integrated_gradients,attribution,wine_quality,1398,testing,4,0,True,-0.23280026346171218,-0.7964583062409851,0.10479653687818717,0.027614663917558523,-1.0,0.0,0.037526972591876984,0.11934235692024231,0.0,1.0,0,0.6666666666666666,0.0,False
176,9,1,5,single_condition,integrated_gradients,attribution,wine_quality,1547,testing,5,0,False,,,,,,,,,1.0,0.0,0,0.6666666666666666,0.0,True
176,10,1,6,single_condition,integrated_gradients,attribution,wine_quality,377,testing,6,1,True,1.0,0.23032966547428704,0.10111882517743159,0.30729929503685516,0.16714325499349228,1.0,0.3716522753238678,0.11934235692024231,0.0,0.0,1,0.6666666666666666,0.0,False
177,1,1,1,single_condition,integrated_gradients,importance,wine_quality,420,training,1,0,,0.6567096550666962,1.0,-0.6760593781039492,0.13219780993356917,0.07626508602395764,0.0,0.13113440573215485,0.11934235692024231,,,0,,0.0,
177,2,1,2,single_condition,integrated_gradients,importance,wine_quality,1422,training,2,1,,0.1506069139536278,1.0,0.015486997128438422,0.0017558705442141116,-0.004341436750711135,1.0,0.3529706597328186,0.11934235692024231,,,1,,0.0,
177,3,1,3,single_condition,integrated_gradients,importance,wine_quality,607,training,3,0,,0.010610238776555068,-1.0,-0.0775301483075862,-0.08422339423602815,0.0021264091806748866,0.0,0.08443291485309601,0.11934235692024231,,,0,,0.0,
177,4,1,4,single_condition,integrated_gradients,importance,wine_quality,1209,training,4,1,,0.22574994786086744,1.0,-0.15978608633288266,0.0847558790821904,-0.007114019526382155,1.0,0.3631039559841156,0.11934235692024231,,,1,,0.0,
177,5,1,1,single_condition,integrated_gradients,importance,wine_quality,733,testing,1,0,True,-0.6002430865624349,-0.2813215443427308,-0.33123307383754336,-0.037246464165298865,-1.0,0.0,0.05615063011646271,0.11934235692024231,1.0,0.0,0,0.6666666666666666,0.0,True
177,6,1,2,single_condition,integrated_gradients,importance,wine_quality,559,testing,2,0,True,1.0,0.5571109381624554,-0.06821191736841896,-0.20563570599605258,0.08130557094418532,0.0,0.07667233794927597,0.11934235692024231,1.0,0.0,0,0.6666666666666666,0.0,True
177,7,1,3,single_condition,integrated_gradients,importance,wine_quality,1107,testing,3,1,False,,,,,,,,,1.0,1.0,1,0.6666666666666666,0.0,True
177,8,1,4,single_condition,integrated_gradients,importance,wine_quality,255,testing,4,0,False,,,,,,,,,1.0,0.0,0,0.6666666666666666,0.0,True
177,9,1,5,single_condition,integrated_gradients,importance,wine_quality,1172,testing,5,1,True,1.0,0.6567458212961618,0.6419196250879587,0.060770374101252106,0.14322338121153724,1.0,0.2266080230474472,0.11934235692024231,1.0,1.0,1,0.6666666666666666,0.0,True
177,10,1,6,single_condition,integrated_gradients,importance,wine_quality,1120,testing,6,1,False,,,,,,,,,1.0,1.0,1,0.6666666666666666,0.0,True
178,1,1,1,single_condition,input_gradients,none,wine_quality,915,training,1,1,,0.21482359224806946,1.0,0.07312988856809137,0.06129119481822482,-0.7306941803140442,1.0,0.31682243943214417,0.0,,,1,,0.0,
178,2,1,2,single_condition,input_gradients,none,wine_quality,600,training,2,0,,0.09468929412309333,0.0,-0.08108790275694026,-1.0,0.13032569902165453,0.0,0.008027012459933758,0.0,,,0,,0.0,
178,3,1,3,single_condition,input_gradients,none,wine_quality,1258,training,3,0,,0.6611469665245879,1.0,-0.11061935414725058,-0.3817728970419508,-0.2980373653439619,0.0,0.23302146792411804,0.0,,,0,,0.0,
178,4,1,4,single_condition,input_gradients,none,wine_quality,336,training,4,1,,1.0,0.7852361973260645,-0.08214975087476364,-0.3524459901081232,-0.6341760195520145,1.0,0.5216134190559387,0.0,,,1,,0.0,
178,5,1,1,single_condition,input_gradients,none,wine_quality,362,testing,1,0,True,0.208060906843856,1.0,-0.1634650839401389,-0.7377719242133423,-0.017991558370955837,0.0,0.02994539961218834,0.0,1.0,0.0,0,0.6666666666666666,0.0,True
178,6,1,2,single_condition,input_gradients,none,wine_quality,231,testing,2,0,True,0.19850838853105005,0.671929151418517,-0.9230645971327625,0.3726759449170103,-1.0,0.0,0.010607168078422546,0.0,1.0,0.0,0,0.6666666666666666,0.0,True
178,7,1,3,single_condition,input_gradients,none,wine_quality,1125,testing,3,1,False,,,,,,,,,0.0,0.0,1,0.6666666666666666,0.0,False
178,8,1,4,single_condition,input_gradients,none,wine_quality,1016,testing,4,1,False,,,,,,,,,0.0,0.0,1,0.6666666666666666,0.0,False
178,9,1,5,single_condition,input_gradients,none,wine_quality,491,testing,5,1,False,,,,,,,,,0.0,0.0,1,0.6666666666666666,0.0,False
178,10,1,6,single_condition,input_gradients,none,wine_quality,228,testing,6,0,True,-0.283645769146348,1.0,-0.2214244628942266,0.37989711021691513,-0.12640933400005896,0.0,0.03752525523304939,0.0,1.0,0.0,0,0.6666666666666666,0.0,True
179,1,1,1,single_condition,input_gradients,attribution,wine_quality,1178,training,1,0,,0.9009662796246223,-0.12960580359092824,-1.0,-0.5295893903943576,-0.46333709620394414,0.0,0.018080934882164,0.0,,,0,,0.0,
179,2,1,2,single_condition,input_gradients,attribution,wine_quality,514,training,2,1,,1.0,0.43671215118847,-0.014056055619933155,-0.7194641671061249,-0.027141514449440185,1.0,0.7987599968910217,0.0,,,1,,0.0,
179,3,1,3,single_condition,input_gradients,attribution,wine_quality,1393,training,3,0,,0.243215427475064,0.11525606821377413,-1.0,0.7264219275998339,-0.663987686765027,0.0,0.012420624494552612,0.0,,,0,,0.0,
179,4,1,4,single_condition,input_gradients,attribution,wine_quality,1008,training,4,1,,-0.1515645440616939,1.0,-0.273149802681798,0.12847713484811601,-0.46346167653312453,1.0,0.4080336391925812,0.0,,,1,,0.0,
179,5,1,1,single_condition,input_gradients,attribution,wine_quality,1107,testing,1,1,False,,,,,,,,,1.0,1.0,1,0.6666666666666666,0.0,True
179,6,1,2,single_condition,input_gradients,attribution,wine_quality,491,testing,2,1,False,,,,,,,,,1.0,1.0,1,0.6666666666666666,0.0,True
179,7,1,3,single_condition,input_gradients,attribution,wine_quality,380,testing,3,0,False,,,,,,,,,0.0,1.0,0,0.6666666666666666,0.0,False
179,8,1,4,single_condition,input_gradients,attribution,wine_quality,244,testing,4,0,True,0.0,-1.0,-0.24191354993737083,0.19586728148281615,-0.004428086727206876,0.0,0.26117226481437683,0.0,0.0,1.0,0,0.6666666666666666,0.0,False
179,9,1,5,single_condition,input_gradients,attribution,wine_quality,588,testing,5,1,True,0.25341388247695473,1.0,-0.049242490467784714,0.5327016755303139,0.9568253249822583,1.0,0.5020039677619934,0.0,0.0,0.0,1,0.6666666666666666,0.0,False
179,10,1,6,single_condition,input_gradients,attribution,wine_quality,163,testing,6,0,True,0.045364579239989204,-0.00447974275404931,-1.0,-0.12352036931648748,-0.12733773496143685,0.0,3.824292349463576e-08,0.0,1.0,0.0,0,0.6666666666666666,0.0,True
180,1,1,1,single_condition,input_gradients,importance,wine_quality,952,training,1,1,,1.0,0.5250396554145793,0.011173380512898543,-0.0363837814270331,-0.6769604850414346,1.0,0.6365478038787842,0.0,,,1,,0.0,
180,2,1,2,single_condition,input_gradients,importance,wine_quality,689,training,2,0,,0.1090201232337573,-1.0,-0.06735189481791407,-0.05910658995500414,-0.2761587067908169,0.0,0.06818073987960815,0.0,,,0,,0.0,
180,3,1,3,single_condition,input_gradients,importance,wine_quality,693,training,3,0,,0.0433813652003663,-0.04060044874998992,-1.0,-0.07226406614048807,-0.1104356839499721,0.0,5.9931807072644e-08,0.0,,,0,,0.0,
180,4,1,4,single_condition,input_gradients,importance,wine_quality,945,training,4,1,,1.0,-0.25109508685255016,-0.02125240441468755,-0.37301490306388246,-0.09244021853643258,1.0,0.813008189201355,0.0,,,1,,0.0,
180,5,1,1,single_condition,input_gradients,importance,wine_quality,1405,testing,1,1,True,1.0,0.28609986426541484,0.09328303860384891,-0.01825220038896428,-0.06582331271026788,1.0,0.7973657846450806,0.0,1.0,1.0,1,0.6666666666666666,0.0,True
180,6,1,2,single_condition,input_gradients,importance,wine_quality,578,testing,2,0,False,,,,,,,,,1.0,0.0,0,0.6666666666666666,0.0,True
180,7,1,3,single_condition,input_gradients,importance,wine_quality,1107,testing,3,1,True,1.0,0.04873838172286481,-0.06584735452135256,-0.038751175396224136,-0.3745662505932348,1.0,0.504630446434021,0.0,1.0,1.0,1,0.6666666666666666,0.0,True
180,8,1,4,single_condition,input_gradients,importance,wine_quality,1188,testing,4,0,False,,,,,,,,,1.0,0.0,0,0.6666666666666666,0.0,True
180,9,1,5,single_condition,input_gradients,importance,wine_quality,501,testing,5,0,False,,,,,,,,,1.0,0.0,0,0.6666666666666666,0.0,True
180,10,1,6,single_condition,input_gradients,importance,wine_quality,1586,testing,6,1,True,-0.04085306823282713,1.0,-0.13893230776097676,0.000744093249845314,0.2086330827997025,1.0,1.3193578720092773,0.0,1.0,1.0,1,0.6666666666666666,0.0,True
181,1,1,1,single_condition,lime,none,wine_quality,153,training,1,0,,-1.0,-0.6681972251432388,-0.9903959680648482,-0.2903502835789321,-0.273042521626241,0.0,0.0760814541615078,0.15517551437355614,,,0,,0.0,
181,2,1,2,single_condition,lime,none,wine_quality,1549,training,2,1,,1.0,0.24486189935293845,0.15210772046179452,0.4814812609074868,0.01603193319101684,1.0,0.16869799119150392,0.0056346088697930286,,,1,,0.0,
181,3,1,3,single_condition,lime,none,wine_quality,413,training,3,1,,1.0,0.5089348263020503,0.20991458406356417,-0.020005452589219503,0.02577181678422287,1.0,0.221105684965299,-0.00265716793608467,,,1,,0.0,
181,4,1,4,single_condition,lime,none,wine_quality,1435,training,4,0,,-1.0,0.6089943872522512,-0.7104488396282611,-0.4191175476768179,0.21561792506194383,0.0,0.11713887137935867,0.13278475833415804,,,0,,0.0,
181,5,1,1,single_condition,lime,none,wine_quality,1016,testing,1,1,True,1.0,0.5521110310413974,0.16082424704795914,0.4559249206045227,0.004517175208741,1.0,0.18456715532761875,-0.0016061543787671828,1.0,1.0,1,0.6666666666666666,0.0,True
181,6,1,2,single_condition,lime,none,wine_quality,417,testing,2,0,True,0.06351933023569838,-0.6788333821693309,-1.0,-0.3267069707027075,-0.48171237617932033,0.0,0.0780140865761496,0.13445956073794602,1.0,0.0,0,0.6666666666666666,0.0,True
181,7,1,3,single_condition,lime,none,wine_quality,193,testing,3,0,False,,,,,,,,,0.0,1.0,0,0.6666666666666666,0.0,False
181,8,1,4,single_condition,lime,none,wine_quality,267,testing,4,1,True,1.0,0.6268638695715815,0.282814533807112,0.4459883900182377,-0.11328485905689013,1.0,0.21450016488554297,-0.013680712912414239,1.0,1.0,1,0.6666666666666666,0.0,True
181,9,1,5,single_condition,lime,none,wine_quality,1051,testing,5,0,False,,,,,,,,,0.0,1.0,0,0.6666666666666666,0.0,False
181,10,1,6,single_condition,lime,none,wine_quality,588,testing,6,1,False,,,,,,,,,1.0,1.0,1,0.6666666666666666,0.0,True
182,1,1,1,single_condition,lime,attribution,wine_quality,922,training,1,1,,1.0,0.5334248806133072,0.041629244047615865,-0.0758267299987601,0.049722996757301456,1.0,0.2089994268747168,0.012579541135799968,,,1,,0.0,
182,2,1,2,single_condition,lime,attribution,wine_quality,924,training,2,0,,1.0,0.4303495159379344,0.0862054733229429,-0.03758626527236339,0.20019173889943387,0.0,0.1916086323245854,0.011054204906149362,,,0,,0.0,
182,3,1,3,single_condition,lime,attribution,wine_quality,404,training,3,0,,-1.0,-0.1705880373508949,0.2997567529870544,-0.6524775170905054,0.15101880248539817,0.0,0.10086174930022151,0.12379814987765231,,,0,,0.0,
182,4,1,4,single_condition,lime,attribution,wine_quality,1208,training,4,1,,0.05751308933637872,1.0,-0.1400849947942867,0.35374619137303304,-0.13224393930645306,1.0,0.11152780802297002,0.05932147157642913,,,1,,0.0,
182,5,1,1,single_condition,lime,attribution,wine_quality,568,testing,1,0,False,,,,,,,,,1.0,0.0,0,0.6666666666666666,0.0,True
182,6,1,2,single_condition,lime,attribution,wine_quality,491,testing,2,1,False,,,,,,,,,0.0,0.0,1,0.6666666666666666,0.0,False
182,7,1,3,single_condition,lime,attribution,wine_quality,1278,testing,3,0,True,-1.0,-0.5274453870267122,-0.6895174262077732,-0.5633529008371363,0.0102070557755823,0.0,0.09631467300158088,0.16068708667774895,0.0,1.0,0,0.6666666666666666,0.0,False
182,8,1,4,single_condition,lime,attribution,wine_quality,505,testing,4,1,True,1.0,0.4051535861380559,0.17204135239203427,-0.0834933557274308,0.21612077150628145,1.0,0.18890865406466728,0.013531556741824657,0.0,0.0,1,0.6666666666666666,0.0,False
182,9,1,5,single_condition,lime,attribution,wine_quality,1586,testing,5,1,False,,,,,,,,,1.0,1.0,1,0.6666666666666666,0.0,True
182,10,1,6,single_condition,lime,attribution,wine_quality,501,testing,6,0,True,1.0,0.4560983350792636,-0.5965857948887121,0.019126469459277557,0.21035980771931004,0.0,0.20396470717275322,0.03706851506291507,0.0,1.0,0,0.6666666666666666,0.0,False
183,1,1,1,single_condition,lime,importance,wine_quality,478,training,1,0,,-0.1715393058316654,-0.5035489634987625,0.6579895826833538,-1.0,0.64185242790967,0.0,0.06507950752131372,0.09052876456504053,,,0,,0.0,
183,2,1,2,single_condition,lime,importance,wine_quality,608,training,2,0,,0.07135561100783558,0.2951972758702312,-1.0,-0.9534687935678636,-0.2550561865091541,0.0,0.056871122362350104,0.1162049529315036,,,0,,0.0,
183,3,1,3,single_condition,lime,importance,wine_quality,1477,training,3,1,,1.0,0.4436996440677451,-0.35451580531118093,0.09967238374328449,-0.1530846784957922,1.0,0.2090441890977976,0.040864616924671374,,,1,,0.0,
183,4,1,4,single_condition,lime,importance,wine_quality,922,training,4,1,,1.0,0.5334248806133072,0.041629244047615865,-0.0758267299987601,0.049722996757301456,1.0,0.2089994268747168,0.012579541135799968,,,1,,0.0,
183,5,1,1,single_condition,lime,importance,wine_quality,470,testing,1,1,True,-0.037628372865173725,-0.36309182896934317,-0.0687569208583303,1.0,0.6093705513643886,1.0,0.06939580321887695,0.06758869469889389,0.0,0.0,1,0.6666666666666666,0.0,False
183,6,1,2,single_condition,lime,importance,wine_quality,197,testing,2,0,False,,,,,,,,,1.0,0.0,0,0.6666666666666666,0.0,True
183,7,1,3,single_condition,lime,importance,wine_quality,157,testing,3,0,False,,,,,,,,,0.0,1.0,0,0.6666666666666666,0.0,False
183,8,1,4,single_condition,lime,importance,wine_quality,491,testing,4,1,True,1.0,0.4503729751533557,0.16373849032567497,0.06880469378211282,0.010460081144122115,1.0,0.21492264107364406,0.004858931905508512,0.0,0.0,1,0.6666666666666666,0.0,False
183,9,1,5,single_condition,lime,importance,wine_quality,1107,testing,5,1,True,1.0,0.6068825751078137,0.15733008613084135,0.49394651828124486,-0.08067411448622328,1.0,0.2051530290669605,-0.009036405288586916,0.0,0.0,1,0.6666666666666666,0.0,False
183,10,1,6,single_condition,lime,importance,wine_quality,1330,testing,6,0,False,,,,,,,,,0.0,1.0,0,0.6666666666666666,0.0,False
184,1,1,1,single_condition,shap,none,wine_quality,1513,training,1,0,,-0.2855292156895808,-0.8261344014061436,-1.0,-0.1022037530645195,-0.08504527426200682,0.0,0.03892656392075209,0.13610758178750273,,,0,,0.0,
184,2,1,2,single_condition,shap,none,wine_quality,963,training,2,1,,1.0,0.40404584323814563,0.32584994026937,0.9526779162213106,0.7186348202157535,1.0,0.1367163955138701,0.13610758178750273,,,1,,0.0,
184,3,1,3,single_condition,shap,none,wine_quality,1228,training,3,1,,1.0,0.4517611646976296,-0.1885096097131259,-0.11745090037134881,0.5134412672341574,1.0,0.26468764282346224,0.13610758178750273,,,1,,0.0,
184,4,1,4,single_condition,shap,none,wine_quality,1030,training,4,0,,0.5959612482506534,-1.0,0.29158056882409833,-0.19590431033441508,-0.20751689460285072,0.0,0.09886956434353468,0.13610758178750273,,,0,,0.0,
184,5,1,1,single_condition,shap,none,wine_quality,632,testing,1,0,True,-0.19022836933461218,-1.0,-0.06727819779530872,-0.007224402689992566,-0.1253051599462625,0.0,0.07299178064365884,0.13610758178750273,1.0,0.0,0,0.6666666666666666,0.0,True
184,6,1,2,single_condition,shap,none,wine_quality,1405,testing,2,1,False,,,,,,,,,0.0,0.0,1,0.6666666666666666,0.0,False
184,7,1,3,single_condition,shap,none,wine_quality,1263,testing,3,0,True,-0.9072101349156849,-1.0,0.10627208235503648,-0.5069651640971599,-0.13106258686650848,0.0,0.0546580239415003,0.13610758178750273,1.0,0.0,0,0.6666666666666666,0.0,True
184,8,1,4,single_condition,shap,none,wine_quality,377,testing,4,1,False,,,,,,,,,0.0,0.0,1,0.6666666666666666,0.0,False
184,9,1,5,single_condition,shap,none,wine_quality,1016,testing,5,1,False,,,,,,,,,0.0,0.0,1,0.6666666666666666,0.0,False
184,10,1,6,single_condition,shap,none,wine_quality,1556,testing,6,0,True,-1.0,-0.6432660317742855,0.1726386944556639,-0.7315735702596818,-0.35740637602969594,0.0,0.05116225730508607,0.13610758178750273,1.0,0.0,0,0.6666666666666666,0.0,True
185,1,1,1,single_condition,shap,attribution,wine_quality,840,training,1,1,,1.0,0.7870883108142714,0.26064095264604986,0.11355293174980008,0.13533247039108606,1.0,0.22122031288599592,0.13610758178750273,,,1,,0.0,
185,2,1,2,single_condition,shap,attribution,wine_quality,475,training,2,0,,-0.8176400908503982,-0.6254068630077119,0.2465290538325786,-1.0,0.0949770209386506,0.0,0.04838406303037486,0.13610758178750273,,,0,,0.0,
185,3,1,3,single_condition,shap,attribution,wine_quality,504,training,3,1,,0.7922316040938221,1.0,0.7815540076466797,0.9824024977532988,0.6226170156477459,1.0,0.08894163291701487,0.13610758178750273,,,1,,0.0,
185,4,1,4,single_condition,shap,attribution,wine_quality,697,training,4,0,,-1.0,0.025116370305589324,0.09392031459912646,-0.18686623906307884,-0.2886301499876079,0.0,0.0958610245590999,0.13610758178750273,,,0,,0.0,
185,5,1,1,single_condition,shap,attribution,wine_quality,707,testing,1,0,True,-0.1202758593718227,-1.0,0.026370153556892557,-0.03764813748271409,-0.10517222147088764,0.0,0.092990370367794,0.13610758178750273,1.0,0.0,0,0.6666666666666666,0.0,True
185,6,1,2,single_condition,shap,attribution,wine_quality,1075,testing,2,0,True,-1.0,0.5408518619548521,-0.752516304866921,0.10237965887882289,-0.5143758967321439,0.0,0.08378506647029638,0.13610758178750273,1.0,0.0,0,0.6666666666666666,0.0,True
185,7,1,3,single_condition,shap,attribution,wine_quality,513,testing,3,1,False,,,,,,,,,0.0,0.0,1,0.6666666666666666,0.0,False
185,8,1,4,single_condition,shap,attribution,wine_quality,1107,testing,4,1,False,,,,,,,,,0.0,0.0,1,0.6666666666666666,0.0,False
185,9,1,5,single_condition,shap,attribution,wine_quality,947,testing,5,1,True,1.0,-0.1426016649268509,0.4420024933252342,0.4247200618201353,0.09372272918436834,1.0,0.22532522453366668,0.13610758178750273,0.0,0.0,1,0.6666666666666666,0.0,False
185,10,1,6,single_condition,shap,attribution,wine_quality,1559,testing,6,0,False,,,,,,,,,1.0,0.0,0,0.6666666666666666,0.0,True
186,1,1,1,single_condition,shap,importance,wine_quality,799,training,1,0,,-0.06418421932219112,-1.0,0.23385511196353173,-0.07772654187870896,-0.031713638996265676,0.0,0.09397659398113627,0.13610758178750273,,,0,,0.0,
186,2,1,2,single_condition,shap,importance,wine_quality,896,training,2,1,,1.0,0.6682378549667616,0.023404438054561362,0.17283345952459436,0.01880575861831942,1.0,0.23592573844547934,0.13610758178750273,,,1,,0.0,
186,3,1,3,single_condition,shap,importance,wine_quality,137,training,3,0,,-1.0,-0.14598231069436132,-0.1085880295845471,-0.02057945727613846,-0.37356732170882245,0.0,0.08229282831799414,0.13610758178750273,,,0,,0.0,
186,4,1,4,single_condition,shap,importance,wine_quality,1098,training,4,1,,1.0,0.5520888893629563,0.39338384382385705,0.29015208690606953,0.15744647821983748,1.0,0.2831461736781976,0.13610758178750273,,,1,,0.0,
186,5,1,1,single_condition,shap,importance,wine_quality,596,testing,1,0,True,-1.0,-0.14785265911407727,0.10880859851214429,0.09418866982384033,0.2671163545673193,0.0,0.1422639993925865,0.13610758178750273,0.0,1.0,0,0.6666666666666666,0.0,False
186,6,1,2,single_condition,shap,importance,wine_quality,1107,testing,2,1,False,,,,,,,,,1.0,1.0,1,0.6666666666666666,0.0,True
186,7,1,3,single_condition,shap,importance,wine_quality,981,testing,3,0,True,-0.6919724175483298,-0.266862449240635,0.12185608135196596,-1.0,-0.06003327803559914,0.0,0.06906758786315761,0.13610758178750273,0.0,1.0,0,0.6666666666666666,0.0,False
186,8,1,4,single_condition,shap,importance,wine_quality,875,testing,4,1,True,1.0,0.7373813335087982,0.4256848518468992,0.34142055007393557,-0.0023743278422377195,1.0,0.22823591107751098,0.13610758178750273,1.0,1.0,1,0.6666666666666666,0.0,True
186,9,1,5,single_condition,shap,importance,wine_quality,1205,testing,5,1,False,,,,,,,,,1.0,1.0,1,0.6666666666666666,0.0,True
186,10,1,6,single_condition,shap,importance,wine_quality,1555,testing,6,0,False,,,,,,,,,0.0,1.0,0,0.6666666666666666,0.0,False
187,1,1,1,single_condition,integrated_gradients,none,wine_quality,874,training,1,1,,1.0,-0.04240971004543237,0.4477300762612104,0.4481159383258433,0.27709758451086636,1.0,0.2822578251361847,0.11934235692024231,,,1,,0.0,
187,2,1,2,single_condition,integrated_gradients,none,wine_quality,1067,training,2,1,,0.6350686426831175,0.35426970909005384,0.03948115560161095,1.0,0.5983664245068836,1.0,0.2154114842414856,0.11934235692024231,,,1,,0.0,
187,3,1,3,single_condition,integrated_gradients,none,wine_quality,619,training,3,0,,-1.0,0.7013463618221446,-0.43065330643624383,0.3214998398521123,-0.06670466778085314,0.0,0.1191224679350853,0.11934235692024231,,,0,,0.0,
187,4,1,4,single_condition,integrated_gradients,none,wine_quality,1084,training,4,0,,-0.8312768470773916,-1.0,-0.9204449988825055,-0.4388282587228187,-0.6918899330760285,0.0,0.030377516523003578,0.11934235692024231,,,0,,0.0,
187,5,1,1,single_condition,integrated_gradients,none,wine_quality,1267,testing,1,1,True,1.0,0.40648223399424066,0.004126733837811693,0.3680074471252802,0.2081709769962038,1.0,0.27443927526474,0.11934235692024231,1.0,1.0,1,0.6666666666666666,0.0,True
187,6,1,2,single_condition,integrated_gradients,none,wine_quality,429,testing,2,0,True,-0.01715679134138929,-0.30830538225196547,0.057907166556434,-1.0,-0.12158673808691962,0.0,0.0859626904129982,0.11934235692024231,0.0,1.0,0,0.6666666666666666,0.0,False
187,7,1,3,single_condition,integrated_gradients,none,wine_quality,1550,testing,3,0,False,,,,,,,,,0.0,1.0,0,0.6666666666666666,0.0,False
187,8,1,4,single_condition,integrated_gradients,none,wine_quality,274,testing,4,0,True,-0.7232108388462644,0.2596732492585633,-1.0,-0.061647183116561345,-0.16127073625512503,0.0,0.07241195440292358,0.11934235692024231,1.0,0.0,0,0.6666666666666666,0.0,True
187,9,1,5,single_condition,integrated_gradients,none,wine_quality,495,testing,5,1,False,,,,,,,,,1.0,1.0,1,0.6666666666666666,0.0,True
187,10,1,6,single_condition,integrated_gradients,none,wine_quality,1125,testing,6,1,False,,,,,,,,,1.0,1.0,1,0.6666666666666666,0.0,True
188,1,1,1,single_condition,integrated_gradients,attribution,wine_quality,1233,training,1,0,,-0.19101560714297786,-1.0,0.10581875110838607,-0.3497519438667941,0.15824411103480257,0.0,0.08377303183078766,0.11934235692024231,,,0,,0.0,
188,2,1,2,single_condition,integrated_gradients,attribution,wine_quality,697,training,2,0,,-1.0,0.09234311828980284,0.027987440195644225,-0.36907512899317607,-0.3523523538026501,0.0,0.073279470205307,0.11934235692024231,,,0,,0.0,
188,3,1,3,single_condition,integrated_gradients,attribution,wine_quality,922,training,3,1,,0.3122295834542099,1.0,-0.0006438789628159473,0.05454867704563902,0.015884868123472787,1.0,0.3567807972431183,0.11934235692024231,,,1,,0.0,
188,4,1,4,single_condition,integrated_gradients,attribution,wine_quality,1570,training,4,1,,0.8891662489455088,1.0,0.08361892470423304,0.07035545650809565,-0.09140680717380052,1.0,0.2925145626068115,0.11934235692024231,,,1,,0.0,
188,5,1,1,single_condition,integrated_gradients,attribution,wine_quality,1229,testing,1,0,True,-1.0,-0.11914697792453138,-0.5321025195756526,-0.05561099855177606,-0.5140596799620861,0.0,0.053090039640665054,0.11934235692024231,0.0,1.0,0,0.6666666666666666,0.0,False
188,6,1,2,single_condition,integrated_gradients,attribution,wine_quality,505,testing,2,1,False,,,,,,,,,0.0,0.0,1,0.6666666666666666,0.0,False
188,7,1,3,single_condition,integrated_gradients,attribution,wine_quality,882,testing,3,1,True,0.8238478385532476,1.0,0.5979322677793621,-0.024658601932580595,0.3480170457043409,1.0,0.2175995409488678,0.11934235692024231,0.0,0.0,1,0.6666666666666666,0.0,False
188,8,1,4,single_condition,integrated_gradients,attribution,wine_quality,1452,testing,4,0,True,1.0,0.9896460806089155,-0.10385548007909101,0.02414924302593686,-0.1342185796768098,0.0,0.15498968958854675,0.11934235692024231,0.0,1.0,0,0.6666666666666666,0.0,False
188,9,1,5,single_condition,integrated_gradients,attribution,wine_quality,470,testing,5,1,False,,,,,,,,,1.0,1.0,1,0.6666666666666666,0.0,True
188,10,1,6,single_condition,integrated_gradients,attribution,wine_quality,366,testing,6,0,False,,,,,,,,,0.0,1.0,0,0.6666666666666666,0.0,False
189,1,1,1,single_condition,integrated_gradients,importance,wine_quality,336,training,1,1,,0.8512939480458775,0.4767201891362189,1.0,-0.03872642245980264,-0.16114278651146985,1.0,0.20536501705646515,0.11934235692024231,,,1,,0.0,
189,2,1,2,single_condition,integrated_gradients,importance,wine_quality,633,training,2,0,,0.36262054764866675,-0.06937377068995117,-0.2336563587406274,-1.0,0.2447807186840433,0.0,0.16630786657333374,0.11934235692024231,,,0,,0.0,
189,3,1,3,single_condition,integrated_gradients,importance,wine_quality,375,training,3,1,,1.0,0.3872617535603315,-0.028084910733607183,-0.042935300418390235,0.26731031811188755,1.0,0.3726659417152405,0.11934235692024231,,,1,,0.0,
189,4,1,4,single_condition,integrated_gradients,importance,wine_quality,1304,training,4,0,,-0.46342872441984195,-1.0,-0.1598639329837237,-0.3945481457819238,-0.08463339457273095,0.0,0.055837322026491165,0.11934235692024231,,,0,,0.0,
189,5,1,1,single_condition,integrated_gradients,importance,wine_quality,1405,testing,1,1,False,,,,,,,,,1.0,1.0,1,0.6666666666666666,0.0,True
189,6,1,2,single_condition,integrated_gradients,importance,wine_quality,513,testing,2,1,True,1.0,0.01938980953287353,0.30362235964981,0.07252465517393934,0.19496658241457768,1.0,0.2761908173561096,0.11934235692024231,1.0,1.0,1,0.6666666666666666,0.0,True
189,7,1,3,single_condition,integrated_gradients,importance,wine_quality,959,testing,3,0,True,-0.8342665960558865,-1.0,-0.12210034979798222,-0.35990426975731343,-0.08785740856148427,0.0,0.029843496158719063,0.11934235692024231,0.0,1.0,0,0.6666666666666666,0.0,False
189,8,1,4,single_condition,integrated_gradients,importance,wine_quality,1061,testing,4,1,False,,,,,,,,,1.0,1.0,1,0.6666666666666666,0.0,True
189,9,1,5,single_condition,integrated_gradients,importance,wine_quality,140,testing,5,0,False,,,,,,,,,1.0,0.0,0,0.6666666666666666,0.0,True
189,10,1,6,single_condition,integrated_gradients,importance,wine_quality,616,testing,6,0,True,-0.6801809312342021,-0.7532757129572646,-0.4224963919486911,-0.0024332136669572087,-1.0,0.0,0.041222311556339264,0.11934235692024231,1.0,0.0,0,0.6666666666666666,0.0,True
190,1,1,1,single_condition,input_gradients,none,wine_quality,430,training,1,1,,1.0,-0.38434409386177415,-0.05212068348671083,0.033072535685891545,-0.18421409162825747,1.0,0.7010532021522522,0.0,,,1,,0.0,
190,2,1,2,single_condition,input_gradients,none,wine_quality,649,training,2,0,,0.26738912773843615,-0.24913332924172035,-1.0,-0.4220983689660204,-0.024367201254099052,0.0,0.0015781477559357882,0.0,,,0,,0.0,
190,3,1,3,single_condition,input_gradients,none,wine_quality,222,training,3,0,,0.19633280156255747,0.3862277961660358,-0.008753157388981697,-1.0,-0.0426244755281845,0.0,0.037577200680971146,0.0,,,0,,0.0,
190,4,1,4,single_condition,input_gradients,none,wine_quality,210,training,4,1,,1.0,-0.024386842295981682,-0.020264609636498496,-0.054833700796621865,-0.3621440600738867,1.0,0.26647019386291504,0.0,,,1,,0.0,
190,5,1,1,single_condition,input_gradients,none,wine_quality,588,testing,1,1,False,,,,,,,,,1.0,1.0,1,0.6666666666666666,0.0,True
190,6,1,2,single_condition,input_gradients,none,wine_quality,160,testing,2,0,True,0.046842969330383226,0.047091982435725994,-0.0430108122756811,-1.0,0.09430527877875022,0.0,0.0043984209187328815,0.0,0.0,1.0,0,0.6666666666666666,0.0,False
190,7,1,3,single_condition,input_gradients,none,wine_quality,377,testing,3,1,True,0.6175956890865075,-1.0,-0.061832182461007655,-0.0,0.023701119974510024,1.0,0.6199449896812439,0.0,1.0,1.0,1,0.6666666666666666,0.0,True
190,8,1,4,single_condition,input_gradients,none,wine_quality,1253,testing,4,0,False,,,,,,,,,0.0,1.0,0,0.6666666666666666,0.0,False
190,9,1,5,single_condition,input_gradients,none,wine_quality,1586,testing,5,1,True,-0.04085306823282713,1.0,-0.13893230776097676,0.000744093249845314,0.2086330827997025,1.0,1.3193578720092773,0.0,1.0,1.0,1,0.6666666666666666,0.0,True
190,10,1,6,single_condition,input_gradients,none,wine_quality,707,testing,6,0,False,,,,,,,,,0.0,1.0,0,0.6666666666666666,0.0,False
191,1,1,1,single_condition,input_gradients,attribution,wine_quality,946,training,1,1,,1.0,-0.05563885507730028,0.016430555786387902,-0.02387725912714774,0.006551914752724072,1.0,0.5415366888046265,0.0,,,1,,0.0,
191,2,1,2,single_condition,input_gradients,attribution,wine_quality,1063,training,2,1,,-0.03000277049189168,1.0,-0.13484960423914816,0.029207909471753325,-0.5753852969689377,1.0,0.3592182695865631,0.0,,,1,,0.0,
191,3,1,3,single_condition,input_gradients,attribution,wine_quality,617,training,3,0,,0.333943859349587,-1.0,-0.17221558607503704,-0.059080522542808316,0.02202708022435457,0.0,0.6968141794204712,0.0,,,0,,0.0,
191,4,1,4,single_condition,input_gradients,attribution,wine_quality,634,training,4,0,,0.09494297942586662,-0.06817877549851438,-1.0,-0.0929544176633127,-0.28369494171837256,0.0,0.00011279853788437322,0.0,,,0,,0.0,
191,5,1,1,single_condition,input_gradients,attribution,wine_quality,1061,testing,1,1,False,,,,,,,,,1.0,1.0,1,0.6666666666666666,0.0,True
191,6,1,2,single_condition,input_gradients,attribution,wine_quality,765,testing,2,0,False,,,,,,,,,0.0,1.0,0,0.6666666666666666,0.0,False
191,7,1,3,single_condition,input_gradients,attribution,wine_quality,960,testing,3,0,True,1.0,0.06686595756259082,0.07467661669739044,-0.1954553674393154,0.12041180102440763,0.0,0.5542306303977966,0.0,0.0,1.0,0,0.6666666666666666,0.0,False
191,8,1,4,single_condition,input_gradients,attribution,wine_quality,1018,testing,4,1,True,-1.0,0.09363786336312607,-0.24391690325119011,0.3573157119007806,-0.11497756401063845,1.0,0.03870660811662674,0.0,0.0,0.0,1,0.6666666666666666,0.0,False
191,9,1,5,single_condition,input_gradients,attribution,wine_quality,647,testing,5,0,True,0.4736372807272224,0.26293744898828836,-0.0005533268610672993,-1.0,0.03326055759669513,0.0,0.08943208307027817,0.0,0.0,1.0,0,0.6666666666666666,0.0,False
191,10,1,6,single_condition,input_gradients,attribution,wine_quality,1172,testing,6,1,False,,,,,,,,,1.0,1.0,1,0.6666666666666666,0.0,True
192,1,1,1,single_condition,input_gradients,importance,wine_quality,1067,training,1,1,,1.0,-0.13932209825098185,0.0012294441015732209,-0.04490839383788369,0.04614112812404621,1.0,0.34878408908843994,0.0,,,1,,0.0,
192,2,1,2,single_condition,input_gradients,importance,wine_quality,1053,training,2,1,,1.0,0.8640095487484365,-0.09398625651968762,-0.20621668416858152,-0.3333684058953521,1.0,0.26015999913215637,0.0,,,1,,0.0,
192,3,1,3,single_condition,input_gradients,importance,wine_quality,1106,training,3,0,,0.5789123701259857,0.34085145339933903,0.04848108889631759,0.22594251475926444,-1.0,0.0,0.26379701495170593,0.0,,,0,,0.0,
192,4,1,4,single_condition,input_gradients,importance,wine_quality,746,training,4,0,,-0.12829959334547517,-0.0,-1.0,0.006625580904882725,-0.599646990844321,0.0,0.022062011063098907,0.0,,,0,,0.0,
192,5,1,1,single_condition,input_gradients,importance,wine_quality,1388,testing,1,0,True,0.473505641847604,0.717554527191241,-0.07310381239359579,-1.0,0.2450559683451685,0.0,0.2635083496570587,0.0,1.0,0.0,0,0.6666666666666666,0.0,True
192,6,1,2,single_condition,input_gradients,importance,wine_quality,451,testing,2,0,True,-0.05074219696837366,-1.0,-0.16846457499253795,-0.06386353279747642,-0.0,0.0,0.053530123084783554,0.0,0.0,1.0,0,0.6666666666666666,0.0,False
192,7,1,3,single_condition,input_gradients,importance,wine_quality,505,testing,3,1,False,,,,,,,,,1.0,1.0,1,0.6666666666666666,0.0,True
192,8,1,4,single_condition,input_gradients,importance,wine_quality,495,testing,4,1,True,1.0,0.4889472887257124,-0.024893120268703706,-0.2078097914419521,-0.1059005821848105,1.0,0.606197714805603,0.0,1.0,1.0,1,0.6666666666666666,0.0,True
192,9,1,5,single_condition,input_gradients,importance,wine_quality,1018,testing,5,1,False,,,,,,,,,0.0,0.0,1,0.6666666666666666,0.0,False
192,10,1,6,single_condition,input_gradients,importance,wine_quality,810,testing,6,0,False,,,,,,,,,0.0,1.0,0,0.6666666666666666,0.0,False
193,1,1,1,single_condition,lime,none,wine_quality,649,training,1,0,,1.0,-0.29940326257709643,-0.6030301003688208,0.06214365583763292,0.37145134625877296,0.0,0.1538263664725451,0.06366014206525719,,,0,,0.0,
193,2,1,2,single_condition,lime,none,wine_quality,198,training,2,1,,1.0,0.6632590555912746,-0.47047024455868797,-0.2891118354121798,-0.12908098786565048,1.0,0.17880693528006153,0.06291081801409096,,,1,,0.0,
193,3,1,3,single_condition,lime,none,wine_quality,787,training,3,0,,-1.0,-0.2579969837312983,-0.10537469912073592,-0.4455357871923114,0.6739625981519747,0.0,0.07217283258731533,0.1113975801896316,,,0,,0.0,
193,4,1,4,single_condition,lime,none,wine_quality,498,training,4,1,,0.43376451356032175,-0.18984384629855675,0.7664413815893611,1.0,0.789295250708092,1.0,0.07938570138715213,0.033915159775607315,,,1,,0.0,
193,5,1,1,single_condition,lime,none,wine_quality,44,testing,1,0,True,-1.0,-0.644343933059617,0.4571719356207333,-0.6985931308557033,-0.34911950265916797,0.0,0.10000628122805168,0.14745712507220426,0.0,1.0,0,0.6666666666666666,0.0,False
193,6,1,2,single_condition,lime,none,wine_quality,267,testing,2,1,False,,,,,,,,,1.0,1.0,1,0.6666666666666666,0.0,True
193,7,1,3,single_condition,lime,none,wine_quality,947,testing,3,1,False,,,,,,,,,1.0,1.0,1,0.6666666666666666,0.0,True
193,8,1,4,single_condition,lime,none,wine_quality,1297,testing,4,0,False,,,,,,,,,0.0,1.0,0,0.6666666666666666,0.0,False
193,9,1,5,single_condition,lime,none,wine_quality,882,testing,5,1,True,1.0,0.5745042453255197,0.19713945070296143,0.3355728862610372,0.08828378119245814,1.0,0.19545982193841788,-0.016391172883531507,1.0,1.0,1,0.6666666666666666,0.0,True
193,10,1,6,single_condition,lime,none,wine_quality,1255,testing,6,0,True,-0.12400022191645337,-0.7853477281540338,0.23363760327865943,-0.9167430883288651,-1.0,0.0,0.061773491729340164,0.1271041778101846,0.0,1.0,0,0.6666666666666666,0.0,False
194,1,1,1,single_condition,lime,attribution,wine_quality,1587,training,1,0,,0.3950219938042395,0.32492829602078027,0.8930978604118991,-0.6887849597681852,-1.0,0.0,0.04796895687061311,0.10119934211029005,,,0,,0.0,
194,2,1,2,single_condition,lime,attribution,wine_quality,650,training,2,0,,-1.0,-0.8783864284632881,0.4749964372449154,0.0940631276865741,0.43294675959264245,0.0,0.07390109097836053,0.10329084130959204,,,0,,0.0,
194,3,1,3,single_condition,lime,attribution,wine_quality,375,training,3,1,,1.0,0.5071016959573811,0.2597694274732825,-0.17101067165905787,0.16625680107478275,1.0,0.20468559576858375,-0.0014587927505493453,,,1,,0.0,
194,4,1,4,single_condition,lime,attribution,wine_quality,966,training,4,1,,1.0,-0.20338041651174552,0.22251729015876337,0.5171965462938465,0.35097622425775515,1.0,0.18005282788591215,0.003886094851341393,,,1,,0.0,
194,5,1,1,single_condition,lime,attribution,wine_quality,733,testing,1,0,True,-1.0,-0.34370188747511843,-0.7024218242389897,0.09634454858256968,-0.41295036738685775,0.0,0.1024032055644217,0.1550350687814756,1.0,0.0,0,0.6666666666666666,0.0,True
194,6,1,2,single_condition,lime,attribution,wine_quality,870,testing,2,0,False,,,,,,,,,1.0,0.0,0,0.6666666666666666,0.0,True
194,7,1,3,single_condition,lime,attribution,wine_quality,1205,testing,3,1,True,-0.14327925566810423,1.0,0.23269030741760424,0.9795780444728103,-0.14519136107405017,1.0,0.08394370104194915,0.0503654511693018,0.0,0.0,1,0.6666666666666666,0.0,False
194,8,1,4,single_condition,lime,attribution,wine_quality,1574,testing,4,0,True,-0.03039369841775292,-0.4130070142579798,-0.6733111370492638,1.0,-0.17707599652045816,0.0,0.08550906942543594,0.09545185211929746,1.0,0.0,0,0.6666666666666666,0.0,True
194,9,1,5,single_condition,lime,attribution,wine_quality,940,testing,5,1,False,,,,,,,,,0.0,0.0,1,0.6666666666666666,0.0,False
194,10,1,6,single_condition,lime,attribution,wine_quality,1590,testing,6,1,False,,,,,,,,,0.0,0.0,1,0.6666666666666666,0.0,False
195,1,1,1,single_condition,lime,importance,wine_quality,1098,training,1,1,,1.0,0.39059460381907046,0.3832939592446497,0.39842083904567965,0.214866930291632,1.0,0.18403388012987332,-0.021602753787756487,,,1,,0.0,
195,2,1,2,single_condition,lime,importance,wine_quality,998,training,2,0,,-1.0,-0.7307854862128117,0.3258918362888138,-0.5696722460924417,0.19199740026620582,0.0,0.10781080656229272,0.14563409683859235,,,0,,0.0,
195,3,1,3,single_condition,lime,importance,wine_quality,1050,training,3,0,,0.13758975304868726,0.2189652508282347,-0.2320111303467762,0.2805008328012781,-1.0,0.0,0.03659810591407899,0.08478991037774285,,,0,,0.0,
195,4,1,4,single_condition,lime,importance,wine_quality,922,training,4,1,,1.0,0.5334248806133072,0.041629244047615865,-0.0758267299987601,0.049722996757301456,1.0,0.2089994268747168,0.012579541135799968,,,1,,0.0,
195,5,1,1,single_condition,lime,importance,wine_quality,1550,testing,1,0,False,,,,,,,,,0.0,1.0,0,0.6666666666666666,0.0,False
195,6,1,2,single_condition,lime,importance,wine_quality,875,testing,2,1,True,1.0,0.40499078936461524,0.10605563949607617,0.5013550669287529,-0.022932473596523086,1.0,0.21873424422985985,-0.015619859627303959,1.0,1.0,1,0.6666666666666666,0.0,True
195,7,1,3,single_condition,lime,importance,wine_quality,725,testing,3,0,True,0.08610331122150523,-0.8198720350158761,0.686639415739295,-1.0,-0.08012637664218566,0.0,0.06885308906469187,0.1019698120813164,0.0,1.0,0,0.6666666666666666,0.0,False
195,8,1,4,single_condition,lime,importance,wine_quality,1476,testing,4,0,True,-1.0,0.6791593626408495,-0.760328282007448,-0.01839628743843647,0.2266462773739676,0.0,0.12350173056248917,0.1242460433626755,0.0,1.0,0,0.6666666666666666,0.0,False
195,9,1,5,single_condition,lime,importance,wine_quality,470,testing,5,1,False,,,,,,,,,1.0,1.0,1,0.6666666666666666,0.0,True
195,10,1,6,single_condition,lime,importance,wine_quality,267,testing,6,1,False,,,,,,,,,1.0,1.0,1,0.6666666666666666,0.0,True
196,1,1,1,single_condition,shap,none,wine_quality,1186,training,1,0,,0.6746953390958168,-1.0,0.10858156255244884,-0.2408579618837834,-0.07695752234410118,0.0,0.13636183981138153,0.13610758178750273,,,0,,0.0,
196,2,1,2,single_condition,shap,none,wine_quality,1541,training,2,0,,0.6669109374015837,1.0,0.040721571482261056,0.19802554301891087,-0.2474770800587895,0.0,0.11175861473653037,0.13610758178750273,,,0,,0.0,
196,3,1,3,single_condition,shap,none,wine_quality,336,training,3,1,,1.0,0.4077722440004226,0.4952614394842244,0.06739818477132385,-0.10325540998206863,1.0,0.22702344813251404,0.13610758178750273,,,1,,0.0,
196,4,1,4,single_condition,shap,none,wine_quality,1015,training,4,1,,1.0,0.6729252448022365,0.33474735655680077,0.4116975834050974,0.4134171263847083,1.0,0.20578428932914675,0.13610758178750273,,,1,,0.0,
196,5,1,1,single_condition,shap,none,wine_quality,1267,testing,1,1,False,,,,,,,,,1.0,1.0,1,0.6666666666666666,0.0,True
196,6,1,2,single_condition,shap,none,wine_quality,267,testing,2,1,True,1.0,0.8357202133390953,0.15969365768625093,0.11720599707574726,0.012499005780351076,1.0,0.2786232449726819,0.13610758178750273,1.0,1.0,1,0.6666666666666666,0.0,True
196,7,1,3,single_condition,shap,none,wine_quality,1136,testing,3,0,True,1.0,0.8578115927918927,0.33237690414653087,-0.18238328422226593,0.08021557794617115,0.0,0.12858347160793407,0.13610758178750273,0.0,1.0,0,0.6666666666666666,0.0,False
196,8,1,4,single_condition,shap,none,wine_quality,940,testing,4,1,True,1.0,0.6381160802928669,0.3388517189318534,0.19169429923146297,-0.05185867282523297,1.0,0.2549338370442099,0.13610758178750273,1.0,1.0,1,0.6666666666666666,0.0,True
196,9,1,5,single_condition,shap,none,wine_quality,1392,testing,5,0,False,,,,,,,,,0.0,1.0,0,0.6666666666666666,0.0,False
196,10,1,6,single_condition,shap,none,wine_quality,431,testing,6,0,False,,,,,,,,,0.0,1.0,0,0.6666666666666666,0.0,False
197,1,1,1,single_condition,shap,attribution,wine_quality,606,training,1,1,,1.0,0.7738308451798014,0.37247650601739696,0.06017507970456895,-0.08850474531139949,1.0,0.22752384288592273,0.13610758178750273,,,1,,0.0,
197,2,1,2,single_condition,shap,attribution,wine_quality,168,training,2,0,,-0.3863868050333699,-1.0,-0.06339619760645966,-0.21260756142896636,-0.4065020853833281,0.0,0.05273811105052747,0.13610758178750273,,,0,,0.0,
197,3,1,3,single_condition,shap,attribution,wine_quality,1067,training,3,1,,0.7514552933892165,0.5189575308890918,0.3909021201986175,1.0,0.8919986438579467,1.0,0.15691586465628504,0.13610758178750273,,,1,,0.0,
197,4,1,4,single_condition,shap,attribution,wine_quality,308,training,4,0,,-1.0,-0.09942650606295521,0.16001992717993024,0.03740096379637536,0.09593458523226674,0.0,0.12718288424285118,0.13610758178750273,,,0,,0.0,
197,5,1,1,single_condition,shap,attribution,wine_quality,810,testing,1,0,True,-0.17332216860824787,-1.0,0.1583010105485662,-0.04901644717230098,-0.03263796180847388,0.0,0.10263541096748578,0.13610758178750273,0.0,1.0,0,0.6666666666666666,0.0,False
197,6,1,2,single_condition,shap,attribution,wine_quality,1132,testing,2,1,False,,,,,,,,,0.0,0.0,1,0.6666666666666666,0.0,False
197,7,1,3,single_condition,shap,attribution,wine_quality,267,testing,3,1,True,1.0,0.8357202133390953,0.15969365768625093,0.11720599707574726,0.012499005780351076,1.0,0.2786232449726819,0.13610758178750273,0.0,0.0,1,0.6666666666666666,0.0,False
197,8,1,4,single_condition,shap,attribution,wine_quality,1365,testing,4,0,False,,,,,,,,,1.0,0.0,0,0.6666666666666666,0.0,True
197,9,1,5,single_condition,shap,attribution,wine_quality,523,testing,5,0,True,-0.7211475663806143,-0.45330833912426993,-1.0,0.010740981262894715,0.0434765038407887,0.0,0.06419446410633517,0.13610758178750273,1.0,0.0,0,0.6666666666666666,0.0,True
197,10,1,6,single_condition,shap,attribution,wine_quality,1586,testing,6,1,False,,,,,,,,,0.0,0.0,1,0.6666666666666666,0.0,False
198,1,1,1,single_condition,shap,importance,wine_quality,343,training,1,0,,-1.0,0.4061589969623679,0.1926247131883917,0.14932666339374343,0.02012598638194269,0.0,0.11929493483864696,0.13610758178750273,,,0,,0.0,
198,2,1,2,single_condition,shap,importance,wine_quality,346,training,2,1,,1.0,0.735652507741845,0.12903793863722857,-0.05948731346080159,0.14654899671065788,1.0,0.33468201943690085,0.13610758178750273,,,1,,0.0,
198,3,1,3,single_condition,shap,importance,wine_quality,945,training,3,1,,0.8572166557772087,1.0,0.4756871136830291,0.31645783881155753,0.38045158799450846,1.0,0.1349438460631334,0.13610758178750273,,,1,,0.0,
198,4,1,4,single_condition,shap,importance,wine_quality,462,training,4,0,,1.0,-0.30800270776627864,0.09920530630170724,0.6404942199931559,0.39522682688335453,0.0,0.16506510194507554,0.13610758178750273,,,0,,0.0,
198,5,1,1,single_condition,shap,importance,wine_quality,1511,testing,1,0,True,-1.0,0.06645209086672059,0.14157470538987912,-0.3756611837757347,-0.2523835051269161,0.0,0.07917000066604767,0.13610758178750273,0.0,1.0,0,0.6666666666666666,0.0,False
198,6,1,2,single_condition,shap,importance,wine_quality,1016,testing,2,1,True,1.0,0.5926475490470619,0.3293776010404835,0.1197407575851371,0.06806898846425626,1.0,0.23940431131082912,0.13610758178750273,1.0,1.0,1,0.6666666666666666,0.0,True
198,7,1,3,single_condition,shap,importance,wine_quality,1060,testing,3,0,True,-0.8311808499743455,0.30460938848391167,0.40434049127798416,1.0,0.6420841177509048,0.0,0.12844462378348204,0.13610758178750273,1.0,0.0,0,0.6666666666666666,0.0,True
198,8,1,4,single_condition,shap,importance,wine_quality,1267,testing,4,1,False,,,,,,,,,0.0,0.0,1,0.6666666666666666,0.0,False
198,9,1,5,single_condition,shap,importance,wine_quality,1341,testing,5,0,False,,,,,,,,,0.0,1.0,0,0.6666666666666666,0.0,False
198,10,1,6,single_condition,shap,importance,wine_quality,1172,testing,6,1,False,,,,,,,,,0.0,0.0,1,0.6666666666666666,0.0,False
199,1,1,1,single_condition,integrated_gradients,none,wine_quality,837,training,1,1,,0.3188363895001028,0.45075904217952756,0.5289532488214808,1.0,0.2324867686377383,1.0,0.34002795815467834,0.11934235692024231,,,1,,0.0,
199,2,1,2,single_condition,integrated_gradients,none,wine_quality,836,training,2,1,,0.3188363895001028,0.45075904217952756,0.5289532488214808,1.0,0.2324867686377383,1.0,0.34002795815467834,0.11934235692024231,,,1,,0.0,
199,3,1,3,single_condition,integrated_gradients,none,wine_quality,1598,training,3,0,,0.5454928873680004,0.07417556187966658,0.24401388077836023,-1.0,-0.3919523436858792,0.0,0.04579756781458855,0.11934235692024231,,,0,,0.0,
199,4,1,4,single_condition,integrated_gradients,none,wine_quality,1240,training,4,0,,-0.26868336782471564,-1.0,-0.0652632138822969,-0.060444052323670325,-0.07991829156390659,0.0,0.08112361282110214,0.11934235692024231,,,0,,0.0,
199,5,1,1,single_condition,integrated_gradients,none,wine_quality,1107,testing,1,1,True,1.0,0.5650285667751683,0.21197513945137286,0.3375039206284542,0.125112714754478,1.0,0.2810623049736023,0.11934235692024231,0.0,0.0,1,0.6666666666666666,0.0,False
199,6,1,2,single_condition,integrated_gradients,none,wine_quality,1127,testing,2,0,False,,,,,,,,,1.0,0.0,0,0.6666666666666666,0.0,True
199,7,1,3,single_condition,integrated_gradients,none,wine_quality,950,testing,3,1,False,,,,,,,,,0.0,0.0,1,0.6666666666666666,0.0,False
199,8,1,4,single_condition,integrated_gradients,none,wine_quality,961,testing,4,0,False,,,,,,,,,1.0,0.0,0,0.6666666666666666,0.0,True
199,9,1,5,single_condition,integrated_gradients,none,wine_quality,491,testing,5,1,True,0.6854436546754035,1.0,0.5795115050046027,0.018136779804774777,-0.0818414514497725,1.0,0.2656368911266327,0.11934235692024231,0.0,0.0,1,0.6666666666666666,0.0,False
199,10,1,6,single_condition,integrated_gradients,none,wine_quality,1453,testing,6,0,True,-1.0,-0.4454400918187023,-0.8539271093353694,-0.006958799096857765,-0.2918219810942393,0.0,0.047492239624261856,0.11934235692024231,0.0,1.0,0,0.6666666666666666,0.0,False
200,1,1,1,single_condition,integrated_gradients,attribution,wine_quality,229,training,1,0,,0.13133490138705534,-1.0,0.10578656070444348,-0.008985679534261867,-0.2577961245477228,0.0,0.0964851975440979,0.11934235692024231,,,0,,0.0,
200,2,1,2,single_condition,integrated_gradients,attribution,wine_quality,408,training,2,1,,1.0,0.5169059042046302,0.9515475538349525,0.3608923921401084,0.8155133066706476,1.0,0.1431395709514618,0.11934235692024231,,,1,,0.0,
200,3,1,3,single_condition,integrated_gradients,attribution,wine_quality,1031,training,3,0,,0.7357546850777649,-1.0,0.18842971168195352,-0.060686487605912595,-0.054355724890454864,0.0,0.07204361259937286,0.11934235692024231,,,0,,0.0,
200,4,1,4,single_condition,integrated_gradients,attribution,wine_quality,413,training,4,1,,1.0,0.6467236239641865,0.18796492194470615,0.1573579394620073,0.1265659565130059,1.0,0.2462209314107895,0.11934235692024231,,,1,,0.0,
200,5,1,1,single_condition,integrated_gradients,attribution,wine_quality,521,testing,1,0,False,,,,,,,,,0.0,1.0,0,0.6666666666666666,0.0,False
200,6,1,2,single_condition,integrated_gradients,attribution,wine_quality,1,testing,2,0,False,,,,,,,,,0.0,1.0,0,0.6666666666666666,0.0,False
200,7,1,3,single_condition,integrated_gradients,attribution,wine_quality,377,testing,3,1,False,,,,,,,,,1.0,1.0,1,0.6666666666666666,0.0,True
200,8,1,4,single_condition,integrated_gradients,attribution,wine_quality,1070,testing,4,1,True,0.8719847101938584,1.0,0.1275301113870861,0.17474285753089092,0.57943996043225,1.0,0.16019000113010406,0.11934235692024231,1.0,1.0,1,0.6666666666666666,0.0,True
200,9,1,5,single_condition,integrated_gradients,attribution,wine_quality,940,testing,5,1,True,0.8349381680756318,1.0,0.7107517363051021,0.02288573180290761,-0.16444487487917717,1.0,0.231907919049263,0.11934235692024231,1.0,1.0,1,0.6666666666666666,0.0,True
200,10,1,6,single_condition,integrated_gradients,attribution,wine_quality,626,testing,6,0,True,-0.7409365591808322,-1.0,-0.06383280713858773,-0.12862176549076254,-0.014518982041506659,0.0,0.05816192924976349,0.11934235692024231,0.0,1.0,0,0.6666666666666666,0.0,False
201,1,1,1,single_condition,integrated_gradients,importance,wine_quality,1422,training,1,1,,0.1506069139536278,1.0,0.015486997128438422,0.0017558705442141116,-0.004341436750711135,1.0,0.3529706597328186,0.11934235692024231,,,1,,0.0,
201,2,1,2,single_condition,integrated_gradients,importance,wine_quality,1463,training,2,0,,0.14481118284099356,-1.0,0.028159194576955815,-0.09706081180072912,-0.0009095431463948954,0.0,0.09331793338060379,0.11934235692024231,,,0,,0.0,
201,3,1,3,single_condition,integrated_gradients,importance,wine_quality,606,training,3,1,,1.0,0.670441627762537,0.27515346791068207,0.06747563191995032,-0.091280361264092,1.0,0.26007235050201416,0.11934235692024231,,,1,,0.0,
201,4,1,4,single_condition,integrated_gradients,importance,wine_quality,602,training,4,0,,-0.8124134925822489,-1.0,-0.09526546987893474,-0.8695366684052881,0.003537846238745728,0.0,0.0423177145421505,0.11934235692024231,,,0,,0.0,
201,5,1,1,single_condition,integrated_gradients,importance,wine_quality,1125,testing,1,1,True,0.48168286924611026,-0.47825746617772197,0.40546062879065586,0.5104810022219546,1.0,1.0,0.22519856691360474,0.11934235692024231,0.0,0.0,1,0.6666666666666666,0.0,False
201,6,1,2,single_condition,integrated_gradients,importance,wine_quality,1107,testing,2,1,False,,,,,,,,,0.0,0.0,1,0.6666666666666666,0.0,False
201,7,1,3,single_condition,integrated_gradients,importance,wine_quality,1389,testing,3,0,True,-0.2176146741550918,-0.5786441435655868,-1.0,0.01254558115917129,0.009037383535472995,0.0,0.06699968129396439,0.11934235692024231,0.0,1.0,0,0.6666666666666666,0.0,False
201,8,1,4,single_condition,integrated_gradients,importance,wine_quality,470,testing,4,1,False,,,,,,,,,1.0,1.0,1,0.6666666666666666,0.0,True
201,9,1,5,single_condition,integrated_gradients,importance,wine_quality,1416,testing,5,0,True,-1.0,0.6960766699672765,-0.3283536127607455,0.4767719098405921,-0.0023673675604463677,0.0,0.10802850872278214,0.11934235692024231,1.0,0.0,0,0.6666666666666666,0.0,True
201,10,1,6,single_condition,integrated_gradients,importance,wine_quality,599,testing,6,0,False,,,,,,,,,1.0,0.0,0,0.6666666666666666,0.0,True
202,1,1,1,single_condition,input_gradients,none,wine_quality,375,training,1,1,,0.40723040045862113,-0.4053387207079629,-0.060613976813407716,-1.0,-0.1130523232858204,1.0,0.38230469822883606,0.0,,,1,,0.0,
202,2,1,2,single_condition,input_gradients,none,wine_quality,220,training,2,0,,0.12975656970814858,-0.11757941116154176,-1.0,-0.00038124440133414337,-0.688638713242566,0.0,0.05115385353565216,0.0,,,0,,0.0,
202,3,1,3,single_condition,input_gradients,none,wine_quality,677,training,3,0,,0.18714163657133162,0.02743682815719876,0.016947083609131882,-1.0,0.04996180385322223,0.0,0.015105649828910828,0.0,,,0,,0.0,
202,4,1,4,single_condition,input_gradients,none,wine_quality,946,training,4,1,,1.0,-0.05563885507730028,0.016430555786387902,-0.02387725912714774,0.006551914752724072,1.0,0.5415366888046265,0.0,,,1,,0.0,
202,5,1,1,single_condition,input_gradients,none,wine_quality,513,testing,1,1,False,,,,,,,,,1.0,1.0,1,0.6666666666666666,0.0,True
202,6,1,2,single_condition,input_gradients,none,wine_quality,599,testing,2,0,True,0.10693606290931212,0.4241878875590013,0.1010732030695202,-1.0,-0.11520709664998356,0.0,0.027989191934466362,0.0,0.0,1.0,0,0.6666666666666666,0.0,False
202,7,1,3,single_condition,input_gradients,none,wine_quality,362,testing,3,0,False,,,,,,,,,1.0,0.0,0,0.6666666666666666,0.0,True
202,8,1,4,single_condition,input_gradients,none,wine_quality,820,testing,4,0,True,0.2572977152026243,0.5018532087895281,0.00808613071425958,-1.0,-0.10366408812799295,0.0,0.04520702362060547,0.0,0.0,1.0,0,0.6666666666666666,0.0,False
202,9,1,5,single_condition,input_gradients,none,wine_quality,1205,testing,5,1,False,,,,,,,,,0.0,0.0,1,0.6666666666666666,0.0,False
202,10,1,6,single_condition,input_gradients,none,wine_quality,267,testing,6,1,True,1.0,0.5855840803383696,-0.2841847248012962,-0.21490503309610104,-0.49491594083852786,1.0,0.4088216722011566,0.0,0.0,0.0,1,0.6666666666666666,0.0,False
203,1,1,1,single_condition,input_gradients,attribution,wine_quality,802,training,1,1,,1.0,-0.19467901062181567,-0.3348889856208392,0.06822208273089221,-0.24230727262995488,1.0,0.43262937664985657,0.0,,,1,,0.0,
203,2,1,2,single_condition,input_gradients,attribution,wine_quality,53,training,2,0,,0.07966191988580495,-0.17245825624018243,-1.0,-0.23772380926505768,-0.2943595593014101,0.0,1.787593100743834e-05,0.0,,,0,,0.0,
203,3,1,3,single_condition,input_gradients,attribution,wine_quality,109,training,3,0,,0.019666136354211567,-0.05113711242834908,-1.0,-0.21478866875458055,-0.031478004734907535,0.0,4.319124485147041e-12,0.0,,,0,,0.0,
203,4,1,4,single_condition,input_gradients,attribution,wine_quality,837,training,4,1,,0.6150291032431517,0.17764085977347202,1.0,-0.040137680137850615,-0.7518521185950454,1.0,0.09724356234073639,0.0,,,1,,0.0,
203,5,1,1,single_condition,input_gradients,attribution,wine_quality,1018,testing,1,1,False,,,,,,,,,1.0,1.0,1,0.6666666666666666,0.0,True
203,6,1,2,single_condition,input_gradients,attribution,wine_quality,1070,testing,2,1,True,1.0,-0.5489506351051219,-0.11454849671491638,-0.07005530919384355,-0.2950553713250431,1.0,0.5756011009216309,0.0,1.0,1.0,1,0.6666666666666666,0.0,True
203,7,1,3,single_condition,input_gradients,attribution,wine_quality,44,testing,3,0,True,0.1641025240543069,0.21391533646380378,0.0,-1.0,-0.13100744832420647,0.0,0.017590327188372612,0.0,0.0,1.0,0,0.6666666666666666,0.0,False
203,8,1,4,single_condition,input_gradients,attribution,wine_quality,470,testing,4,1,False,,,,,,,,,1.0,1.0,1,0.6666666666666666,0.0,True
203,9,1,5,single_condition,input_gradients,attribution,wine_quality,244,testing,5,0,True,0.0,-1.0,-0.24191354993737083,0.19586728148281615,-0.004428086727206876,0.0,0.26117226481437683,0.0,0.0,1.0,0,0.6666666666666666,0.0,False
203,10,1,6,single_condition,input_gradients,attribution,wine_quality,849,testing,6,0,False,,,,,,,,,0.0,1.0,0,0.6666666666666666,0.0,False
204,1,1,1,single_condition,input_gradients,importance,wine_quality,805,training,1,1,,-0.017844834921025787,1.0,0.011771023792008554,-0.014661400977722788,0.040201282317382826,1.0,0.4136686623096466,0.0,,,1,,0.0,
204,2,1,2,single_condition,input_gradients,importance,wine_quality,887,training,2,0,,-0.05442319593718322,0.16062485353124842,-1.0,-0.1593785313718915,0.03616566023997001,0.0,0.8688263893127441,0.0,,,0,,0.0,
204,3,1,3,single_condition,input_gradients,importance,wine_quality,966,training,3,1,,1.0,0.6754059297512647,0.011003425029470246,-0.29349449691181984,-0.0615423123871295,1.0,0.33189821243286133,0.0,,,1,,0.0,
204,4,1,4,single_condition,input_gradients,importance,wine_quality,1286,training,4,0,,1.0,0.3189611676810729,-0.28511202328082275,0.17430424685640644,-0.4761440122773999,0.0,0.4847058653831482,0.0,,,0,,0.0,
204,5,1,1,single_condition,input_gradients,importance,wine_quality,999,testing,1,0,True,-0.04696341963220971,0.34346367828080365,-0.0038831245710410456,1.0,0.13136467787811582,0.0,0.19164501130580902,0.0,0.0,1.0,0,0.6666666666666666,0.0,False
204,6,1,2,single_condition,input_gradients,importance,wine_quality,1398,testing,2,0,False,,,,,,,,,0.0,1.0,0,0.6666666666666666,0.0,False
204,7,1,3,single_condition,input_gradients,importance,wine_quality,1132,testing,3,1,True,0.7821293026915426,1.0,-0.3970982468543644,-0.2070399294049447,-0.5174785383504684,1.0,0.3793012201786041,0.0,0.0,0.0,1,0.6666666666666666,0.0,False
204,8,1,4,single_condition,input_gradients,importance,wine_quality,1172,testing,4,1,False,,,,,,,,,1.0,1.0,1,0.6666666666666666,0.0,True
204,9,1,5,single_condition,input_gradients,importance,wine_quality,581,testing,5,0,True,0.6614471633252433,-1.0,-0.08612073563618063,-0.6571820508577625,0.6870651744812125,0.0,0.0027212626300752163,0.0,0.0,1.0,0,0.6666666666666666,0.0,False
204,10,1,6,single_condition,input_gradients,importance,wine_quality,1405,testing,6,1,False,,,,,,,,,0.0,0.0,1,0.6666666666666666,0.0,False
205,1,1,1,single_condition,lime,none,wine_quality,919,training,1,1,,1.0,0.4975337375955829,0.03848501717905436,-0.06375643770752637,0.012368040498595802,1.0,0.19584739314674096,0.02136875364039592,,,1,,0.0,
205,2,1,2,single_condition,lime,none,wine_quality,1554,training,2,0,,0.31102735821668087,-0.7913306220818801,0.8103296549375936,-1.0,-0.5229261028327326,0.0,0.05274157850385782,0.10754094152346845,,,0,,0.0,
205,3,1,3,single_condition,lime,none,wine_quality,335,training,3,0,,1.0,0.36670298366367193,0.3625951558085424,-0.4130506161677684,0.19038094908284312,0.0,0.18320861152356763,0.02008318986275269,,,0,,0.0,
205,4,1,4,single_condition,lime,none,wine_quality,1015,training,4,1,,1.0,0.46102098535933284,0.23014552753876097,0.4952888452893088,0.22031698755983045,1.0,0.18748969889712291,-0.028206510239486032,,,1,,0.0,
205,5,1,1,single_condition,lime,none,wine_quality,1172,testing,1,1,True,1.0,0.46127985874106386,0.20274420300258164,0.020190694469523925,0.0512281381465234,1.0,0.18802475743907032,0.017297977215855007,0.0,0.0,1,0.6666666666666666,0.0,False
205,6,1,2,single_condition,lime,none,wine_quality,1586,testing,2,1,False,,,,,,,,,1.0,1.0,1,0.6666666666666666,0.0,True
205,7,1,3,single_condition,lime,none,wine_quality,1188,testing,3,0,True,-0.06472935614779954,0.29200318644493733,-1.0,-0.732307401602202,-0.20735620827120238,0.0,0.07972256926708027,0.12280061533638052,0.0,1.0,0,0.6666666666666666,0.0,False
205,8,1,4,single_condition,lime,none,wine_quality,957,testing,4,0,True,-0.042913679960485694,-0.6551031799282918,0.026906957534922483,1.0,0.005161259296761118,0.0,0.07569740495462551,0.08471534797742246,0.0,1.0,0,0.6666666666666666,0.0,False
205,9,1,5,single_condition,lime,none,wine_quality,1571,testing,5,0,False,,,,,,,,,1.0,0.0,0,0.6666666666666666,0.0,True
205,10,1,6,single_condition,lime,none,wine_quality,267,testing,6,1,False,,,,,,,,,1.0,1.0,1,0.6666666666666666,0.0,True
206,1,1,1,single_condition,lime,attribution,wine_quality,205,training,1,1,,0.08348906082336142,0.8591407239210249,0.18012149839057862,1.0,0.5764206883809279,1.0,0.10069238415739509,0.028207571436005538,,,1,,0.0,
206,2,1,2,single_condition,lime,attribution,wine_quality,1579,training,2,0,,1.0,-0.2711425539150484,0.12490812432029809,-0.1478482050131757,-0.34896013645424967,0.0,0.18369171982287266,0.07762951117785336,,,0,,0.0,
206,3,1,3,single_condition,lime,attribution,wine_quality,1208,training,3,1,,0.05751308933637872,1.0,-0.1400849947942867,0.35374619137303304,-0.13224393930645306,1.0,0.11152780802297002,0.05932147157642913,,,1,,0.0,
206,4,1,4,single_condition,lime,attribution,wine_quality,1536,training,4,0,,0.007005173478636734,1.0,-0.5093543795823975,-0.012357120199882363,-0.9983404355214078,0.0,0.042788824098305894,0.09362696388271505,,,0,,0.0,
206,5,1,1,single_condition,lime,attribution,wine_quality,875,testing,1,1,True,1.0,0.40499078936461524,0.10605563949607617,0.5013550669287529,-0.022932473596523086,1.0,0.21873424422985985,-0.015619859627303959,1.0,1.0,1,0.6666666666666666,0.0,True
206,6,1,2,single_condition,lime,attribution,wine_quality,521,testing,2,0,False,,,,,,,,,1.0,0.0,0,0.6666666666666666,0.0,True
206,7,1,3,single_condition,lime,attribution,wine_quality,267,testing,3,1,True,1.0,0.6268638695715815,0.282814533807112,0.4459883900182377,-0.11328485905689013,1.0,0.21450016488554297,-0.013680712912414239,0.0,0.0,1,0.6666666666666666,0.0,False
206,8,1,4,single_condition,lime,attribution,wine_quality,849,testing,4,0,False,,,,,,,,,0.0,1.0,0,0.6666666666666666,0.0,False
206,9,1,5,single_condition,lime,attribution,wine_quality,1586,testing,5,1,True,1.0,0.39932060006136016,-0.013116758527132549,0.2350410654309782,-0.08281884510700928,1.0,0.2073097764835508,0.010564833325351575,0.0,0.0,1,0.6666666666666666,0.0,False
206,10,1,6,single_condition,lime,attribution,wine_quality,1324,testing,6,0,False,,,,,,,,,0.0,1.0,0,0.6666666666666666,0.0,False
207,1,1,1,single_condition,lime,importance,wine_quality,548,training,1,0,,0.1433351639231967,0.7739804822533428,-0.7954045602261189,1.0,0.5392276940055257,0.0,0.10927617764547755,0.04421163149680117,,,0,,0.0,
207,2,1,2,single_condition,lime,importance,wine_quality,1584,training,2,1,,1.0,0.5671952035829904,0.25061739787276044,0.5503117151646011,-0.0026825831522976564,1.0,0.18663356841177448,-0.01721719982454553,,,1,,0.0,
207,3,1,3,single_condition,lime,importance,wine_quality,504,training,3,1,,0.1084655248478485,0.9614606415087671,0.8708669614814765,1.0,0.750867319590105,1.0,0.07709396906855186,0.023489654338617494,,,1,,0.0,
207,4,1,4,single_condition,lime,importance,wine_quality,1043,training,4,0,,0.3853104661309714,0.7977834902135056,0.021715755281092965,1.0,0.10252857806956597,0.0,0.08378602738206069,0.04071701281194208,,,0,,0.0,
207,5,1,1,single_condition,lime,importance,wine_quality,1586,testing,1,1,False,,,,,,,,,0.0,0.0,1,0.6666666666666666,0.0,False
207,6,1,2,single_condition,lime,importance,wine_quality,1061,testing,2,1,False,,,,,,,,,1.0,1.0,1,0.6666666666666666,0.0,True
207,7,1,3,single_condition,lime,importance,wine_quality,79,testing,3,0,False,,,,,,,,,1.0,0.0,0,0.6666666666666666,0.0,True
207,8,1,4,single_condition,lime,importance,wine_quality,39,testing,4,0,True,0.09194534424646994,1.0,-0.8755275376927457,-0.07358874097642425,0.08057702927236089,0.0,0.07991416595756791,0.08239213018520189,1.0,0.0,0,0.6666666666666666,0.0,True
207,9,1,5,single_condition,lime,importance,wine_quality,505,testing,5,1,True,1.0,0.4051535861380559,0.17204135239203427,-0.0834933557274308,0.21612077150628145,1.0,0.18890865406466728,0.013531556741824657,1.0,1.0,1,0.6666666666666666,0.0,True
207,10,1,6,single_condition,lime,importance,wine_quality,382,testing,6,0,True,-1.0,0.4988234052184527,0.37182637012854797,0.6297258992795322,0.3357638309285251,0.0,0.11605731749210785,0.06682339493944849,0.0,1.0,0,0.6666666666666666,0.0,False
208,1,1,1,single_condition,shap,none,wine_quality,509,training,1,1,,0.7051964294359381,0.08347055375874884,0.06288648363197065,0.7987040215655308,1.0,1.0,0.25182012912629764,0.13610758178750273,,,1,,0.0,
208,2,1,2,single_condition,shap,none,wine_quality,923,training,2,0,,-1.0,-0.2929278006653841,-0.12375916718934404,0.05095613443898196,-0.43688676476860555,0.0,0.03661177905487945,0.13610758178750273,,,0,,0.0,
208,3,1,3,single_condition,shap,none,wine_quality,1002,training,3,1,,1.0,0.9198847167022935,0.31451173593177517,0.39623196742319844,0.08511247753407306,1.0,0.22219651650357394,0.13610758178750273,,,1,,0.0,
208,4,1,4,single_condition,shap,none,wine_quality,1395,training,4,0,,-1.0,-0.06595255007382728,0.1556750598373089,-0.41469915120902967,-0.04639295501508359,0.0,0.08425839525554882,0.13610758178750273,,,0,,0.0,
208,5,1,1,single_condition,shap,none,wine_quality,267,testing,1,1,False,,,,,,,,,1.0,1.0,1,0.6666666666666666,0.0,True
208,6,1,2,single_condition,shap,none,wine_quality,172,testing,2,0,False,,,,,,,,,0.0,1.0,0,0.6666666666666666,0.0,False
208,7,1,3,single_condition,shap,none,wine_quality,505,testing,3,1,True,1.0,0.5724317791939819,0.32896360653459944,0.08334868068571177,0.20366260169782432,1.0,0.2803880314399939,0.13610758178750273,1.0,1.0,1,0.6666666666666666,0.0,True
208,8,1,4,single_condition,shap,none,wine_quality,1,testing,4,0,True,-0.9189131866815935,0.06831543813370229,-0.683199093794803,-1.0,-0.054907251278507006,0.0,0.05255993240118927,0.13610758178750273,0.0,1.0,0,0.6666666666666666,0.0,False
208,9,1,5,single_condition,shap,none,wine_quality,1107,testing,5,1,True,1.0,0.9252084416886679,0.3374814598862187,0.3893886822308751,0.06840087338313483,1.0,0.22146336426134228,0.13610758178750273,1.0,1.0,1,0.6666666666666666,0.0,True
208,10,1,6,single_condition,shap,none,wine_quality,1398,testing,6,0,False,,,,,,,,,0.0,1.0,0,0.6666666666666666,0.0,False
209,1,1,1,single_condition,shap,attribution,wine_quality,517,training,1,0,,-1.0,-0.10156767502448767,0.11413613124379768,-0.21826888028638608,0.04287498558322161,0.0,0.11365957620443444,0.13610758178750273,,,0,,0.0,
209,2,1,2,single_condition,shap,attribution,wine_quality,1162,training,2,1,,1.0,0.3486752276389022,0.3849943380873136,0.4601363744237882,0.40470297247842235,1.0,0.22628849746860702,0.13610758178750273,,,1,,0.0,
209,3,1,3,single_condition,shap,attribution,wine_quality,408,training,3,1,,1.0,0.47980452806562374,0.5982481745621604,0.6533092026448606,0.4381226291221781,1.0,0.15903188643093963,0.13610758178750273,,,1,,0.0,
209,4,1,4,single_condition,shap,attribution,wine_quality,621,training,4,0,,-0.7863757761297677,-0.2021408936373832,-1.0,-0.12759160963531446,-0.05730143448905612,0.0,0.06262393780691758,0.13610758178750273,,,0,,0.0,
209,5,1,1,single_condition,shap,attribution,wine_quality,1472,testing,1,0,True,0.6681936102398653,1.0,0.1571932239801907,0.10164149814369842,-0.15620516873332807,0.0,0.1604374013170651,0.13610758178750273,0.0,1.0,0,0.6666666666666666,0.0,False
209,6,1,2,single_condition,shap,attribution,wine_quality,1172,testing,2,1,False,,,,,,,,,1.0,1.0,1,0.6666666666666666,0.0,True
209,7,1,3,single_condition,shap,attribution,wine_quality,1016,testing,3,1,True,1.0,0.5926475490470619,0.3293776010404835,0.1197407575851371,0.06806898846425626,1.0,0.23940431131082912,0.13610758178750273,1.0,1.0,1,0.6666666666666666,0.0,True
209,8,1,4,single_condition,shap,attribution,wine_quality,1278,testing,4,0,False,,,,,,,,,1.0,0.0,0,0.6666666666666666,0.0,True
209,9,1,5,single_condition,shap,attribution,wine_quality,1482,testing,5,0,True,-0.7108153793884445,-1.0,0.3456249791481731,-0.3795967805637132,-0.0985905520089861,0.0,0.05007955425396711,0.13610758178750273,0.0,1.0,0,0.6666666666666666,0.0,False
209,10,1,6,single_condition,shap,attribution,wine_quality,505,testing,6,1,False,,,,,,,,,1.0,1.0,1,0.6666666666666666,0.0,True
210,1,1,1,single_condition,shap,importance,wine_quality,1063,training,1,1,,1.0,-0.10688508068073027,0.5060865059808157,0.49672890674467035,0.22608944809577775,1.0,0.1732098118201542,0.13610758178750273,,,1,,0.0,
210,2,1,2,single_condition,shap,importance,wine_quality,164,training,2,0,,-0.972475343074441,-0.7508539590697866,-1.0,-0.2397402383094139,-0.17055725812363462,0.0,0.04343452133660571,0.13610758178750273,,,0,,0.0,
210,3,1,3,single_condition,shap,importance,wine_quality,952,training,3,1,,1.0,0.4812403589084015,0.9379928783481478,0.7498230793400092,-0.029116888396864223,1.0,0.11832366598487964,0.13610758178750273,,,1,,0.0,
210,4,1,4,single_condition,shap,importance,wine_quality,317,training,4,0,,-0.4775785715862363,-0.19508137660658043,-1.0,-0.7236620856317494,-0.1439904849849074,0.0,0.05266349666537266,0.13610758178750273,,,0,,0.0,
210,5,1,1,single_condition,shap,importance,wine_quality,849,testing,1,0,False,,,,,,,,,0.0,1.0,0,0.6666666666666666,0.0,False
210,6,1,2,single_condition,shap,importance,wine_quality,599,testing,2,0,True,-1.0,0.1336854681021907,0.11738147723978426,-0.28098531206653776,0.10296197750811682,0.0,0.12671048362689055,0.13610758178750273,0.0,1.0,0,0.6666666666666666,0.0,False
210,7,1,3,single_condition,shap,importance,wine_quality,772,testing,3,0,False,,,,,,,,,1.0,0.0,0,0.6666666666666666,0.0,True
210,8,1,4,single_condition,shap,importance,wine_quality,1061,testing,4,1,False,,,,,,,,,1.0,1.0,1,0.6666666666666666,0.0,True
210,9,1,5,single_condition,shap,importance,wine_quality,1267,testing,5,1,True,1.0,0.7718320393946627,0.41625986111964375,0.2834827402136095,0.30448224013742203,1.0,0.18992911522411982,0.13610758178750273,1.0,1.0,1,0.6666666666666666,0.0,True
210,10,1,6,single_condition,shap,importance,wine_quality,1107,testing,6,1,True,1.0,0.9252084416886679,0.3374814598862187,0.3893886822308751,0.06840087338313483,1.0,0.22146336426134228,0.13610758178750273,1.0,1.0,1,0.6666666666666666,0.0,True
211,1,1,1,single_condition,integrated_gradients,none,wine_quality,326,training,1,1,,1.0,0.31742717701080925,-0.0427124036020561,-0.011160287873504864,0.34363454313039843,1.0,0.28564774990081787,0.11934235692024231,,,1,,0.0,
211,2,1,2,single_condition,integrated_gradients,none,wine_quality,817,training,2,1,,1.0,0.9529327934215506,0.9375897335354842,-0.0016655358033014357,0.18373474672105225,1.0,0.15717589855194092,0.11934235692024231,,,1,,0.0,
211,3,1,3,single_condition,integrated_gradients,none,wine_quality,109,training,3,0,,-0.32831916494265534,0.07410879869997952,-1.0,-0.21496757966713045,-0.045538195897926986,0.0,0.07573338598012924,0.11934235692024231,,,0,,0.0,
211,4,1,4,single_condition,integrated_gradients,none,wine_quality,232,training,4,0,,-1.0,0.27799073324933815,-0.37725856876490277,-0.11364998506381924,-0.16481221240075314,0.0,0.07664487510919571,0.11934235692024231,,,0,,0.0,
211,5,1,1,single_condition,integrated_gradients,none,wine_quality,1590,testing,1,1,True,0.9409086365094018,1.0,0.06975155742541683,-0.012026648457833237,-0.02636160200577083,1.0,0.20078302919864655,0.11934235692024231,1.0,1.0,1,0.6666666666666666,0.0,True
211,6,1,2,single_condition,integrated_gradients,none,wine_quality,947,testing,2,1,True,0.8770849772974707,-0.33767035468482304,1.0,0.20290609782342664,0.19467849138422133,1.0,0.2259998321533203,0.11934235692024231,1.0,1.0,1,0.6666666666666666,0.0,True
211,7,1,3,single_condition,integrated_gradients,none,wine_quality,733,testing,3,0,False,,,,,,,,,0.0,1.0,0,0.6666666666666666,0.0,False
211,8,1,4,single_condition,integrated_gradients,none,wine_quality,940,testing,4,1,False,,,,,,,,,1.0,1.0,1,0.6666666666666666,0.0,True
211,9,1,5,single_condition,integrated_gradients,none,wine_quality,29,testing,5,0,False,,,,,,,,,0.0,1.0,0,0.6666666666666666,0.0,False
211,10,1,6,single_condition,integrated_gradients,none,wine_quality,1529,testing,6,0,True,-0.3421100101351276,-1.0,0.05599050875879366,-0.8021124730680799,0.012476722976349131,0.0,0.03996136784553528,0.11934235692024231,0.0,1.0,0,0.6666666666666666,0.0,False
212,1,1,1,single_condition,integrated_gradients,attribution,wine_quality,654,training,1,0,,-0.2590222564599163,-1.0,0.052993990341745116,0.038839153752710465,-0.06017766076558417,0.0,0.09086567908525467,0.11934235692024231,,,0,,0.0,
212,2,1,2,single_condition,integrated_gradients,attribution,wine_quality,1477,training,2,1,,-0.3137507931695989,1.0,0.13152279937066755,-0.09937831555963039,0.38749520038983626,1.0,0.6460798978805542,0.11934235692024231,,,1,,0.0,
212,3,1,3,single_condition,integrated_gradients,attribution,wine_quality,408,training,3,1,,1.0,0.5169059042046302,0.9515475538349525,0.3608923921401084,0.8155133066706476,1.0,0.1431395709514618,0.11934235692024231,,,1,,0.0,
212,4,1,4,single_condition,integrated_gradients,attribution,wine_quality,1364,training,4,0,,0.3425619236962306,-1.0,0.21734983484134715,0.07178020276101962,-0.23032866489204262,0.0,0.12160523980855942,0.11934235692024231,,,0,,0.0,
212,5,1,1,single_condition,integrated_gradients,attribution,wine_quality,1173,testing,1,0,False,,,,,,,,,1.0,0.0,0,0.6666666666666666,0.0,True
212,6,1,2,single_condition,integrated_gradients,attribution,wine_quality,1016,testing,2,1,True,0.838063118307523,1.0,0.7338129596445641,-0.10155046447784533,0.1951246532688046,1.0,0.19288219511508942,0.11934235692024231,0.0,0.0,1,0.6666666666666666,0.0,False
212,7,1,3,single_condition,integrated_gradients,attribution,wine_quality,1301,testing,3,0,True,1.0,0.34657036440767897,-0.005567507417722588,0.07951151840900679,-0.5368910119113868,0.0,0.3684549331665039,0.11934235692024231,1.0,0.0,0,0.6666666666666666,0.0,True
212,8,1,4,single_condition,integrated_gradients,attribution,wine_quality,1125,testing,4,1,False,,,,,,,,,0.0,0.0,1,0.6666666666666666,0.0,False
212,9,1,5,single_condition,integrated_gradients,attribution,wine_quality,377,testing,5,1,False,,,,,,,,,0.0,0.0,1,0.6666666666666666,0.0,False
212,10,1,6,single_condition,integrated_gradients,attribution,wine_quality,1476,testing,6,0,True,-1.0,0.19917108418779053,-0.41054712746313127,0.04469264802250121,0.002259772833170845,0.0,0.09939400851726532,0.11934235692024231,1.0,0.0,0,0.6666666666666666,0.0,True
213,1,1,1,single_condition,integrated_gradients,importance,wine_quality,275,training,1,0,,-0.1496566489371531,1.0,-0.523069395174884,0.2644023896039049,-0.38575494220627526,0.0,0.018144391477108,0.11934235692024231,,,0,,0.0,
213,2,1,2,single_condition,integrated_gradients,importance,wine_quality,492,training,2,1,,0.795773739946809,1.0,0.2767758516463714,0.09092782880798861,-0.01739756808080748,1.0,0.3208439350128174,0.11934235692024231,,,1,,0.0,
213,3,1,3,single_condition,integrated_gradients,importance,wine_quality,184,training,3,0,,-0.949304651409265,-0.5121064398511478,-0.22512867653421642,-0.019524542946323834,-1.0,0.0,0.0452023521065712,0.11934235692024231,,,0,,0.0,
213,4,1,4,single_condition,integrated_gradients,importance,wine_quality,1162,training,4,1,,1.0,0.48975948190494706,0.7678143573729924,0.21019311110166075,0.8646340589175167,1.0,0.18395818769931793,0.11934235692024231,,,1,,0.0,
213,5,1,1,single_condition,integrated_gradients,importance,wine_quality,1289,testing,1,0,False,,,,,,,,,1.0,0.0,0,0.6666666666666666,0.0,True
213,6,1,2,single_condition,integrated_gradients,importance,wine_quality,491,testing,2,1,True,0.6854436546754035,1.0,0.5795115050046027,0.018136779804774777,-0.0818414514497725,1.0,0.2656368911266327,0.11934235692024231,1.0,1.0,1,0.6666666666666666,0.0,True
213,7,1,3,single_condition,integrated_gradients,importance,wine_quality,1021,testing,3,0,False,,,,,,,,,0.0,1.0,0,0.6666666666666666,0.0,False
213,8,1,4,single_condition,integrated_gradients,importance,wine_quality,875,testing,4,1,True,1.0,0.6396324430993644,0.35974969201963,0.2716429851159651,0.0036349340348602044,1.0,0.2582468092441559,0.11934235692024231,1.0,1.0,1,0.6666666666666666,0.0,True
213,9,1,5,single_condition,integrated_gradients,importance,wine_quality,1107,testing,5,1,False,,,,,,,,,1.0,1.0,1,0.6666666666666666,0.0,True
213,10,1,6,single_condition,integrated_gradients,importance,wine_quality,841,testing,6,0,True,-0.36715181213712134,-0.7851313934177007,0.014833024713603718,-1.0,-0.3958822168410826,0.0,0.02460232377052307,0.11934235692024231,0.0,1.0,0,0.6666666666666666,0.0,False
214,1,1,1,single_condition,input_gradients,none,wine_quality,1544,training,1,1,,1.0,-0.24747444512039837,-0.018810340991819167,-0.21049355191727442,-0.10633214288561142,1.0,0.725317656993866,0.0,,,1,,0.0,
214,2,1,2,single_condition,input_gradients,none,wine_quality,125,training,2,0,,0.06114130607794313,-0.08517679611478357,-1.0,-0.29425322022054506,-0.04739288199098829,0.0,3.714071135618724e-05,0.0,,,0,,0.0,
214,3,1,3,single_condition,input_gradients,none,wine_quality,630,training,3,0,,0.07034972635463849,1.0,0.03930504767578537,-0.5909775905572756,0.07022551090463103,0.0,0.033604416996240616,0.0,,,0,,0.0,
214,4,1,4,single_condition,input_gradients,none,wine_quality,1584,training,4,1,,0.8798564071913222,1.0,-0.4103435416407877,-0.0942625269483221,-0.5659950097638389,1.0,0.44696590304374695,0.0,,,1,,0.0,
214,5,1,1,single_condition,input_gradients,none,wine_quality,588,testing,1,1,False,,,,,,,,,1.0,1.0,1,0.6666666666666666,0.0,True
214,6,1,2,single_condition,input_gradients,none,wine_quality,580,testing,2,0,False,,,,,,,,,0.0,1.0,0,0.6666666666666666,0.0,False
214,7,1,3,single_condition,input_gradients,none,wine_quality,1061,testing,3,1,True,-0.9290939274921723,1.0,-0.053348223632878965,0.20879173375625718,-0.27828716340230897,1.0,0.29819902777671814,0.0,1.0,1.0,1,0.6666666666666666,0.0,True
214,8,1,4,single_condition,input_gradients,none,wine_quality,660,testing,4,0,True,0.19038830119026381,1.0,0.18750143691880305,-0.3447336443398992,0.5321605083193613,0.0,0.17758998274803162,0.0,0.0,1.0,0,0.6666666666666666,0.0,False
214,9,1,5,single_condition,input_gradients,none,wine_quality,735,testing,5,0,True,0.03219205282560568,0.022474396229031315,-0.06564299096335523,-1.0,0.12452635784684016,0.0,0.0024297323543578386,0.0,0.0,1.0,0,0.6666666666666666,0.0,False
214,10,1,6,single_condition,input_gradients,none,wine_quality,1267,testing,6,1,False,,,,,,,,,1.0,1.0,1,0.6666666666666666,0.0,True
215,1,1,1,single_condition,input_gradients,attribution,wine_quality,837,training,1,1,,0.6150291032431517,0.17764085977347202,1.0,-0.040137680137850615,-0.7518521185950454,1.0,0.09724356234073639,0.0,,,1,,0.0,
215,2,1,2,single_condition,input_gradients,attribution,wine_quality,336,training,2,1,,1.0,0.7852361973260645,-0.08214975087476364,-0.3524459901081232,-0.6341760195520145,1.0,0.5216134190559387,0.0,,,1,,0.0,
215,3,1,3,single_condition,input_gradients,attribution,wine_quality,1106,training,3,0,,0.5789123701259857,0.34085145339933903,0.04848108889631759,0.22594251475926444,-1.0,0.0,0.26379701495170593,0.0,,,0,,0.0,
215,4,1,4,single_condition,input_gradients,attribution,wine_quality,1283,training,4,0,,0.27292843009739315,0.11689659400446696,-1.0,-0.6239832861714225,0.2260812178591778,0.0,0.0774754211306572,0.0,,,0,,0.0,
215,5,1,1,single_condition,input_gradients,attribution,wine_quality,882,testing,1,1,False,,,,,,,,,0.0,0.0,1,0.6666666666666666,0.0,False
215,6,1,2,single_condition,input_gradients,attribution,wine_quality,513,testing,2,1,True,1.0,0.43671215118847,-0.014056055619933155,-0.7194641671061249,-0.027141514449440185,1.0,0.7987599968910217,0.0,0.0,0.0,1,0.6666666666666666,0.0,False
215,7,1,3,single_condition,input_gradients,attribution,wine_quality,939,testing,3,0,True,1.0,0.39276242148640816,-0.0,-0.12970778524689952,-0.48657253630150116,0.0,0.10633981227874756,0.0,1.0,0.0,0,0.6666666666666666,0.0,True
215,8,1,4,single_condition,input_gradients,attribution,wine_quality,820,testing,4,0,True,0.2572977152026243,0.5018532087895281,0.00808613071425958,-1.0,-0.10366408812799295,0.0,0.04520702362060547,0.0,1.0,0.0,0,0.6666666666666666,0.0,True
215,9,1,5,single_condition,input_gradients,attribution,wine_quality,1329,testing,5,0,False,,,,,,,,,1.0,0.0,0,0.6666666666666666,0.0,True
215,10,1,6,single_condition,input_gradients,attribution,wine_quality,1018,testing,6,1,False,,,,,,,,,0.0,0.0,1,0.6666666666666666,0.0,False
216,1,1,1,single_condition,input_gradients,importance,wine_quality,1544,training,1,1,,1.0,-0.24747444512039837,-0.018810340991819167,-0.21049355191727442,-0.10633214288561142,1.0,0.725317656993866,0.0,,,1,,0.0,
216,2,1,2,single_condition,input_gradients,importance,wine_quality,430,training,2,1,,1.0,-0.38434409386177415,-0.05212068348671083,0.033072535685891545,-0.18421409162825747,1.0,0.7010532021522522,0.0,,,1,,0.0,
216,3,1,3,single_condition,input_gradients,importance,wine_quality,1401,training,3,0,,0.13402000113571025,-0.009396398044806529,-1.0,-0.12032917370978885,-0.06958487321072988,0.0,1.223120982274395e-08,0.0,,,0,,0.0,
216,4,1,4,single_condition,input_gradients,importance,wine_quality,601,training,4,0,,-0.2175529712621371,1.0,-0.5332125053554676,-0.29669173868333487,0.11523460250521804,0.0,0.013959923759102821,0.0,,,0,,0.0,
216,5,1,1,single_condition,input_gradients,importance,wine_quality,1172,testing,1,1,False,,,,,,,,,1.0,1.0,1,0.6666666666666666,0.0,True
216,6,1,2,single_condition,input_gradients,importance,wine_quality,513,testing,2,1,True,1.0,0.43671215118847,-0.014056055619933155,-0.7194641671061249,-0.027141514449440185,1.0,0.7987599968910217,0.0,1.0,1.0,1,0.6666666666666666,0.0,True
216,7,1,3,single_condition,input_gradients,importance,wine_quality,933,testing,3,0,True,0.25162707471273343,-0.011676430928189983,-0.25024588505547046,-0.09204874849990376,-1.0,0.0,0.08491875231266022,0.0,0.0,1.0,0,0.6666666666666666,0.0,False
216,8,1,4,single_condition,input_gradients,importance,wine_quality,960,testing,4,0,True,1.0,0.06686595756259082,0.07467661669739044,-0.1954553674393154,0.12041180102440763,0.0,0.5542306303977966,0.0,0.0,1.0,0,0.6666666666666666,0.0,False
216,9,1,5,single_condition,input_gradients,importance,wine_quality,1070,testing,5,1,False,,,,,,,,,1.0,1.0,1,0.6666666666666666,0.0,True
216,10,1,6,single_condition,input_gradients,importance,wine_quality,182,testing,6,0,False,,,,,,,,,0.0,1.0,0,0.6666666666666666,0.0,False
217,1,1,1,single_condition,lime,none,wine_quality,1090,training,1,1,,1.0,0.08943010933534214,-0.38673729252549605,0.47428193369970945,0.264406354708804,1.0,0.20050611223297274,0.01734572249121233,,,1,,0.0,
217,2,1,2,single_condition,lime,none,wine_quality,898,training,2,1,,1.0,0.4056602670558412,-0.024414388141638203,0.36493314497442025,0.008124589913259771,1.0,0.18726133978108836,0.004328339043370308,,,1,,0.0,
217,3,1,3,single_condition,lime,none,wine_quality,355,training,3,0,,1.0,-0.2078977919431576,0.2106282732694908,-0.2880530753404079,-0.1224346825578044,0.0,0.19094876173137126,0.06803143430803427,,,0,,0.0,
217,4,1,4,single_condition,lime,none,wine_quality,517,training,4,0,,-1.0,-0.035954482091470875,0.6843258758489481,-0.16739196357985678,0.6429944655546156,0.0,0.06880335065265117,0.06572749937236325,,,0,,0.0,
217,5,1,1,single_condition,lime,none,wine_quality,1571,testing,1,0,False,,,,,,,,,1.0,0.0,0,0.6666666666666666,0.0,True
217,6,1,2,single_condition,lime,none,wine_quality,267,testing,2,1,False,,,,,,,,,0.0,0.0,1,0.6666666666666666,0.0,False
217,7,1,3,single_condition,lime,none,wine_quality,505,testing,3,1,True,1.0,0.4051535861380559,0.17204135239203427,-0.0834933557274308,0.21612077150628145,1.0,0.18890865406466728,0.013531556741824657,0.0,0.0,1,0.6666666666666666,0.0,False
217,8,1,4,single_condition,lime,none,wine_quality,1172,testing,4,1,False,,,,,,,,,0.0,0.0,1,0.6666666666666666,0.0,False
217,9,1,5,single_condition,lime,none,wine_quality,1087,testing,5,0,True,1.0,0.1340067920704309,0.3308207288074866,0.3455059693735042,0.04669507047078556,0.0,0.19373987226057732,-0.003232574422454962,1.0,0.0,0,0.6666666666666666,0.0,True
217,10,1,6,single_condition,lime,none,wine_quality,1127,testing,6,0,True,1.0,-0.1978474115609187,-0.074114791971421,-0.3987007124669526,-0.18718461683378382,0.0,0.18055623252681655,0.08645360980788731,0.0,1.0,0,0.6666666666666666,0.0,False
218,1,1,1,single_condition,lime,attribution,wine_quality,1167,training,1,1,,1.0,0.452102442424616,-0.09575053650117206,0.4611558870507803,0.01711354094488716,1.0,0.19325636112797628,0.005861680759083637,,,1,,0.0,
218,2,1,2,single_condition,lime,attribution,wine_quality,1004,training,2,0,,0.02381627384979485,-1.0,-0.020813666569406034,0.23389780824920756,0.1351495726691424,0.0,0.051700738889156064,0.09117472334390089,,,0,,0.0,
218,3,1,3,single_condition,lime,attribution,wine_quality,1053,training,3,1,,1.0,0.4647505617225745,0.26678572664693295,0.39832321088017225,-0.07290667158609135,1.0,0.2192681741502027,-0.024230160020394936,,,1,,0.0,
218,4,1,4,single_condition,lime,attribution,wine_quality,1187,training,4,0,,1.0,-0.36281071555845523,-0.02818494122220519,-0.13566948547554086,-0.10090608756305292,0.0,0.1702947216049974,0.07532508365136102,,,0,,0.0,
218,5,1,1,single_condition,lime,attribution,wine_quality,1586,testing,1,1,True,1.0,0.39932060006136016,-0.013116758527132549,0.2350410654309782,-0.08281884510700928,1.0,0.2073097764835508,0.010564833325351575,0.0,0.0,1,0.6666666666666666,0.0,False
218,6,1,2,single_condition,lime,attribution,wine_quality,554,testing,2,0,True,0.20911636782009418,1.0,0.7891014856892532,-0.8774453003674321,0.5409846536032599,0.0,0.07177874544274077,0.0619059712173931,1.0,0.0,0,0.6666666666666666,0.0,True
218,7,1,3,single_condition,lime,attribution,wine_quality,925,testing,3,0,False,,,,,,,,,1.0,0.0,0,0.6666666666666666,0.0,True
218,8,1,4,single_condition,lime,attribution,wine_quality,513,testing,4,1,True,1.0,0.1526223855026205,0.27849940058294276,0.02955205245831369,0.3510378818650128,1.0,0.22746347066193856,-0.0054953580451595485,0.0,0.0,1,0.6666666666666666,0.0,False
218,9,1,5,single_condition,lime,attribution,wine_quality,882,testing,5,1,False,,,,,,,,,0.0,0.0,1,0.6666666666666666,0.0,False
218,10,1,6,single_condition,lime,attribution,wine_quality,540,testing,6,0,False,,,,,,,,,1.0,0.0,0,0.6666666666666666,0.0,True
219,1,1,1,single_condition,lime,importance,wine_quality,1484,training,1,0,,-0.26454736445840404,0.022552800209946513,0.6015828366827943,-1.0,-0.803166639542872,0.0,0.05359072233379614,0.12083075032749944,,,0,,0.0,
219,2,1,2,single_condition,lime,importance,wine_quality,583,training,2,1,,-1.0,0.3579912891421478,0.9871360425717729,0.9733949905735533,0.5472354992630671,1.0,0.07607081640140927,0.05350716458210247,,,1,,0.0,
219,3,1,3,single_condition,lime,importance,wine_quality,1585,training,3,1,,1.0,0.39899355775723383,-0.05771368672889586,0.39958288684290977,0.032939965325603754,1.0,0.17761485687583833,0.012768242314277436,,,1,,0.0,
219,4,1,4,single_condition,lime,importance,wine_quality,834,training,4,0,,-1.0,-0.6461066307378424,0.12293997215568082,-0.3678180021728604,0.1355086668678621,0.0,0.11302385963292821,0.15028050657540215,,,0,,0.0,
219,5,1,1,single_condition,lime,importance,wine_quality,191,testing,1,0,True,-1.0,-0.35989995720374757,-0.24899627775097571,0.7245726750653175,-0.34460985328154625,0.0,0.0858234111431216,0.11348043714828326,0.0,1.0,0,0.6666666666666666,0.0,False
219,6,1,2,single_condition,lime,importance,wine_quality,1494,testing,2,0,False,,,,,,,,,1.0,0.0,0,0.6666666666666666,0.0,True
219,7,1,3,single_condition,lime,importance,wine_quality,470,testing,3,1,True,-0.037628372865173725,-0.36309182896934317,-0.0687569208583303,1.0,0.6093705513643886,1.0,0.06939580321887695,0.06758869469889389,1.0,1.0,1,0.6666666666666666,0.0,True
219,8,1,4,single_condition,lime,importance,wine_quality,377,testing,4,1,False,,,,,,,,,0.0,0.0,1,0.6666666666666666,0.0,False
219,9,1,5,single_condition,lime,importance,wine_quality,909,testing,5,0,True,1.0,-0.39983599662214697,0.3605717557851927,0.5354599709125116,-0.004783895583585055,0.0,0.17080462984395559,0.0233590312166283,1.0,0.0,0,0.6666666666666666,0.0,True
219,10,1,6,single_condition,lime,importance,wine_quality,1586,testing,6,1,False,,,,,,,,,1.0,1.0,1,0.6666666666666666,0.0,True
220,1,1,1,single_condition,shap,none,wine_quality,966,training,1,1,,1.0,-0.2770211759304984,0.5146662703479798,0.44780212216677673,0.545081402428618,1.0,0.2160406083218776,0.13610758178750273,,,1,,0.0,
220,2,1,2,single_condition,shap,none,wine_quality,876,training,2,0,,0.21390720213818068,-1.0,0.48214657684456147,-0.04401411896507248,-0.42326741040556703,0.0,0.06578182898684289,0.13610758178750273,,,0,,0.0,
220,3,1,3,single_condition,shap,none,wine_quality,1030,training,3,0,,0.5959612482506534,-1.0,0.29158056882409833,-0.19590431033441508,-0.20751689460285072,0.0,0.09886956434353468,0.13610758178750273,,,0,,0.0,
220,4,1,4,single_condition,shap,none,wine_quality,945,training,4,1,,0.8572166557772087,1.0,0.4756871136830291,0.31645783881155753,0.38045158799450846,1.0,0.1349438460631334,0.13610758178750273,,,1,,0.0,
220,5,1,1,single_condition,shap,none,wine_quality,470,testing,1,1,False,,,,,,,,,0.0,0.0,1,0.6666666666666666,0.0,False
220,6,1,2,single_condition,shap,none,wine_quality,1324,testing,2,0,True,-0.10679985522154908,-1.0,0.14469815211566042,-0.026274381516425662,-0.34873694226504887,0.0,0.05439961532443882,0.13610758178750273,1.0,0.0,0,0.6666666666666666,0.0,True
220,7,1,3,single_condition,shap,none,wine_quality,810,testing,3,0,True,-0.17332216860824787,-1.0,0.1583010105485662,-0.04901644717230098,-0.03263796180847388,0.0,0.10263541096748578,0.13610758178750273,1.0,0.0,0,0.6666666666666666,0.0,True
220,8,1,4,single_condition,shap,none,wine_quality,311,testing,4,0,True,-0.8746491179104974,-0.5698190390650344,-1.0,-0.15721309913536896,-0.04802381849644457,0.0,0.051366990157566926,0.13610758178750273,1.0,0.0,0,0.6666666666666666,0.0,True
220,9,1,5,single_condition,shap,none,wine_quality,1132,testing,5,1,False,,,,,,,,,0.0,0.0,1,0.6666666666666666,0.0,False
220,10,1,6,single_condition,shap,none,wine_quality,1405,testing,6,1,False,,,,,,,,,0.0,0.0,1,0.6666666666666666,0.0,False
221,1,1,1,single_condition,shap,attribution,wine_quality,364,training,1,0,,-1.0,0.6369552508419856,0.15790995096139526,-0.6376123785913705,0.09364826276159612,0.0,0.06923776989705198,0.13610758178750273,,,0,,0.0,
221,2,1,2,single_condition,shap,attribution,wine_quality,514,training,2,1,,1.0,0.20048815296811265,0.45201138184357537,0.024530834925284906,0.3809534335863236,1.0,0.20518300764262484,0.13610758178750273,,,1,,0.0,
221,3,1,3,single_condition,shap,attribution,wine_quality,1053,training,3,1,,1.0,0.5810628747624672,0.3530172604109273,0.20578365377523275,-0.0472705620392918,1.0,0.2832037785997007,0.13610758178750273,,,1,,0.0,
221,4,1,4,single_condition,shap,attribution,wine_quality,363,training,4,0,,-1.0,0.9157239574213208,0.6142626265736184,0.06915298858113027,0.331424890484964,0.0,0.0726205831939536,0.13610758178750273,,,0,,0.0,
221,5,1,1,single_condition,shap,attribution,wine_quality,882,testing,1,1,True,1.0,0.6729025071690822,0.3317376331236554,0.299731531530335,0.12839001321668217,1.0,0.2362039004460372,0.13610758178750273,1.0,1.0,1,0.6666666666666666,0.0,True
221,6,1,2,single_condition,shap,attribution,wine_quality,1319,testing,2,0,True,-1.0,-0.5839236582992415,-0.45313454015162846,-0.5649000797881485,0.12437904469448892,0.0,0.054935712955302626,0.13610758178750273,1.0,0.0,0,0.6666666666666666,0.0,True
221,7,1,3,single_condition,shap,attribution,wine_quality,1205,testing,3,1,False,,,,,,,,,1.0,1.0,1,0.6666666666666666,0.0,True
221,8,1,4,single_condition,shap,attribution,wine_quality,4,testing,4,0,True,-1.0,-0.5425189726362755,0.023676281290682975,-0.2247166048470438,-0.3119747385545574,0.0,0.06577165649843963,0.13610758178750273,1.0,0.0,0,0.6666666666666666,0.0,True
221,9,1,5,single_condition,shap,attribution,wine_quality,588,testing,5,1,False,,,,,,,,,1.0,1.0,1,0.6666666666666666,0.0,True
221,10,1,6,single_condition,shap,attribution,wine_quality,362,testing,6,0,False,,,,,,,,,1.0,0.0,0,0.6666666666666666,0.0,True
222,1,1,1,single_condition,shap,importance,wine_quality,1097,training,1,0,,-1.0,-0.7361116470381954,0.174325303471674,-0.12971268531002358,0.07591990506098607,0.0,0.07521511517104021,0.13610758178750273,,,0,,0.0,
222,2,1,2,single_condition,shap,importance,wine_quality,1098,training,2,1,,1.0,0.5520888893629563,0.39338384382385705,0.29015208690606953,0.15744647821983748,1.0,0.2831461736781976,0.13610758178750273,,,1,,0.0,
222,3,1,3,single_condition,shap,importance,wine_quality,1006,training,3,1,,1.0,0.9198847167022935,0.31451173593177517,0.39623196742319844,0.08511247753407306,1.0,0.22219651650357394,0.13610758178750273,,,1,,0.0,
222,4,1,4,single_condition,shap,importance,wine_quality,880,training,4,0,,-0.7748314274056509,-1.0,0.16475872680020007,-0.2711765524556352,0.09770852670294813,0.0,0.0691730075921284,0.13610758178750273,,,0,,0.0,
222,5,1,1,single_condition,shap,importance,wine_quality,1125,testing,1,1,False,,,,,,,,,0.0,0.0,1,0.6666666666666666,0.0,False
222,6,1,2,single_condition,shap,importance,wine_quality,1388,testing,2,0,False,,,,,,,,,1.0,0.0,0,0.6666666666666666,0.0,True
222,7,1,3,single_condition,shap,importance,wine_quality,1267,testing,3,1,True,1.0,0.7718320393946627,0.41625986111964375,0.2834827402136095,0.30448224013742203,1.0,0.18992911522411982,0.13610758178750273,0.0,0.0,1,0.6666666666666666,0.0,False
222,8,1,4,single_condition,shap,importance,wine_quality,452,testing,4,0,False,,,,,,,,,1.0,0.0,0,0.6666666666666666,0.0,True
222,9,1,5,single_condition,shap,importance,wine_quality,588,testing,5,1,True,1.0,0.5071822801871735,-0.08468510940404579,-0.13944118547200982,0.27339155222884043,1.0,0.23991927860981366,0.13610758178750273,0.0,0.0,1,0.6666666666666666,0.0,False
222,10,1,6,single_condition,shap,importance,wine_quality,1341,testing,6,0,True,-0.1496212465281192,-1.0,0.10472371221236637,-0.04404707260122854,-0.09263590498857689,0.0,0.08299814359983654,0.13610758178750273,1.0,0.0,0,0.6666666666666666,0.0,True
223,1,1,1,single_condition,integrated_gradients,none,wine_quality,659,training,1,0,,0.42391260374252765,-0.6681767548571688,-0.027794348678397657,-1.0,0.019712833292346604,0.0,0.07716574519872665,0.11934235692024231,,,0,,0.0,
223,2,1,2,single_condition,integrated_gradients,none,wine_quality,1098,training,2,1,,1.0,0.9858193387688852,0.6990772555232383,0.16283559677114284,0.5447793914642394,1.0,0.20703977346420288,0.11934235692024231,,,1,,0.0,
223,3,1,3,single_condition,integrated_gradients,none,wine_quality,896,training,3,1,,0.7728131762861765,1.0,0.10774005441166104,0.023099886190201542,0.0029283641208912694,1.0,0.23864682018756866,0.11934235692024231,,,1,,0.0,
223,4,1,4,single_condition,integrated_gradients,none,wine_quality,900,training,4,0,,1.0,0.7044110669549843,0.42727742168478683,-0.4285575586882998,-0.44669227834589437,0.0,0.07501291483640671,0.11934235692024231,,,0,,0.0,
223,5,1,1,single_condition,integrated_gradients,none,wine_quality,124,testing,1,0,True,-0.23547696776963697,-1.0,-0.8213833461002858,-0.019691459311782122,-0.08757221501557537,0.0,0.05499786511063576,0.11934235692024231,0.0,1.0,0,0.6666666666666666,0.0,False
223,6,1,2,single_condition,integrated_gradients,none,wine_quality,1469,testing,2,0,True,-0.3593052235477119,-0.4230132904804932,-0.011246934189532317,-1.0,-0.00014232120085678278,0.0,0.06514117121696472,0.11934235692024231,0.0,1.0,0,0.6666666666666666,0.0,False
223,7,1,3,single_condition,integrated_gradients,none,wine_quality,1405,testing,3,1,False,,,,,,,,,1.0,1.0,1,0.6666666666666666,0.0,True
223,8,1,4,single_condition,integrated_gradients,none,wine_quality,513,testing,4,1,True,1.0,0.01938980953287353,0.30362235964981,0.07252465517393934,0.19496658241457768,1.0,0.2761908173561096,0.11934235692024231,0.0,0.0,1,0.6666666666666666,0.0,False
223,9,1,5,single_condition,integrated_gradients,none,wine_quality,1355,testing,5,0,False,,,,,,,,,0.0,1.0,0,0.6666666666666666,0.0,False
223,10,1,6,single_condition,integrated_gradients,none,wine_quality,1120,testing,6,1,False,,,,,,,,,0.0,0.0,1,0.6666666666666666,0.0,False
224,1,1,1,single_condition,integrated_gradients,attribution,wine_quality,1162,training,1,1,,1.0,0.48975948190494706,0.7678143573729924,0.21019311110166075,0.8646340589175167,1.0,0.18395818769931793,0.11934235692024231,,,1,,0.0,
224,2,1,2,single_condition,integrated_gradients,attribution,wine_quality,618,training,2,0,,-0.7125254492160507,0.8574283028777665,-1.0,0.6025861128194309,0.025202446935922735,0.0,0.03792557492852211,0.11934235692024231,,,0,,0.0,
224,3,1,3,single_condition,integrated_gradients,attribution,wine_quality,884,training,3,0,,-0.1694098619128626,-1.0,-0.2425668566683329,-0.11206881782414499,-0.06011084284349453,0.0,0.07393002510070801,0.11934235692024231,,,0,,0.0,
224,4,1,4,single_condition,integrated_gradients,attribution,wine_quality,1475,training,4,1,,-0.3257577171559481,1.0,0.11836904629912849,-0.09900145165900304,0.38191313947793765,1.0,0.6418858766555786,0.11934235692024231,,,1,,0.0,
224,5,1,1,single_condition,integrated_gradients,attribution,wine_quality,888,testing,1,0,False,,,,,,,,,0.0,1.0,0,0.6666666666666666,0.0,False
224,6,1,2,single_condition,integrated_gradients,attribution,wine_quality,772,testing,2,0,False,,,,,,,,,0.0,1.0,0,0.6666666666666666,0.0,False
224,7,1,3,single_condition,integrated_gradients,attribution,wine_quality,470,testing,3,1,True,0.10330122180883333,-0.22332678974643477,-0.001393314764020058,0.8867716044136837,1.0,1.0,0.24302449822425842,0.11934235692024231,0.0,0.0,1,0.6666666666666666,0.0,False
224,8,1,4,single_condition,integrated_gradients,attribution,wine_quality,491,testing,4,1,True,0.6854436546754035,1.0,0.5795115050046027,0.018136779804774777,-0.0818414514497725,1.0,0.2656368911266327,0.11934235692024231,0.0,0.0,1,0.6666666666666666,0.0,False
224,9,1,5,single_condition,integrated_gradients,attribution,wine_quality,940,testing,5,1,True,0.8349381680756318,1.0,0.7107517363051021,0.02288573180290761,-0.16444487487917717,1.0,0.231907919049263,0.11934235692024231,0.0,0.0,1,0.6666666666666666,0.0,False
224,10,1,6,single_condition,integrated_gradients,attribution,wine_quality,1021,testing,6,0,False,,,,,,,,,1.0,0.0,0,0.6666666666666666,0.0,True
225,1,1,1,single_condition,integrated_gradients,importance,wine_quality,12,training,1,0,,-0.2716021518301176,-0.8730895434317721,-0.08233774223438943,0.03832762812216602,-1.0,0.0,0.05587891861796379,0.11934235692024231,,,0,,0.0,
225,2,1,2,single_condition,integrated_gradients,importance,wine_quality,805,training,2,1,,0.9319614795110971,0.3581201989484964,1.0,0.18440140280784115,-0.05673348279975602,1.0,0.2597937285900116,0.11934235692024231,,,1,,0.0,
225,3,1,3,single_condition,integrated_gradients,importance,wine_quality,802,training,3,1,,0.2961896528600307,1.0,0.23144985028851575,0.062204871238428265,0.23445096363133971,1.0,0.46108439564704895,0.11934235692024231,,,1,,0.0,
225,4,1,4,single_condition,integrated_gradients,importance,wine_quality,1202,training,4,0,,1.0,0.2647821459336773,0.3090073733529146,0.10080951642212588,-0.11264375969247672,0.0,0.21390923857688904,0.11934235692024231,,,0,,0.0,
225,5,1,1,single_condition,integrated_gradients,importance,wine_quality,588,testing,1,1,True,1.0,0.8799221408710425,-0.04083739368086621,-0.44755534639777483,0.6359231611936976,1.0,0.1940043419599533,0.11934235692024231,0.0,0.0,1,0.6666666666666666,0.0,False
225,6,1,2,single_condition,integrated_gradients,importance,wine_quality,1267,testing,2,1,False,,,,,,,,,0.0,0.0,1,0.6666666666666666,0.0,False
225,7,1,3,single_condition,integrated_gradients,importance,wine_quality,470,testing,3,1,True,0.10330122180883333,-0.22332678974643477,-0.001393314764020058,0.8867716044136837,1.0,1.0,0.24302449822425842,0.11934235692024231,0.0,0.0,1,0.6666666666666666,0.0,False
225,8,1,4,single_condition,integrated_gradients,importance,wine_quality,163,testing,4,0,True,-0.25295591553368196,-0.6934431150880163,-1.0,0.023424660396496252,-0.04606267650793973,0.0,0.06061898544430733,0.11934235692024231,1.0,0.0,0,0.6666666666666666,0.0,True
225,9,1,5,single_condition,integrated_gradients,importance,wine_quality,1490,testing,5,0,False,,,,,,,,,1.0,0.0,0,0.6666666666666666,0.0,True
225,10,1,6,single_condition,integrated_gradients,importance,wine_quality,1344,testing,6,0,False,,,,,,,,,1.0,0.0,0,0.6666666666666666,0.0,True
226,1,1,1,single_condition,input_gradients,none,wine_quality,744,training,1,0,,0.16681002974573728,-0.12528764941967474,-1.0,-0.7218926340523266,-0.19150290728253924,0.0,0.007985787466168404,0.0,,,0,,0.0,
226,2,1,2,single_condition,input_gradients,none,wine_quality,1450,training,2,1,,1.0,0.5578206567383106,-0.17049858692114406,-0.1509122358911701,-0.41192838465654746,1.0,0.6982802748680115,0.0,,,1,,0.0,
226,3,1,3,single_condition,input_gradients,none,wine_quality,896,training,3,1,,0.7716817656355601,1.0,-0.5272509052505968,-0.06074705703018095,-0.3310539467808316,1.0,0.8105798363685608,0.0,,,1,,0.0,
226,4,1,4,single_condition,input_gradients,none,wine_quality,359,training,4,0,,0.1884593190849638,1.0,-0.08707543748405032,-0.005907060662679839,0.0862830567670461,0.0,0.23140473663806915,0.0,,,0,,0.0,
226,5,1,1,single_condition,input_gradients,none,wine_quality,1405,testing,1,1,True,1.0,0.28609986426541484,0.09328303860384891,-0.01825220038896428,-0.06582331271026788,1.0,0.7973657846450806,0.0,1.0,1.0,1,0.6666666666666666,0.0,True
226,6,1,2,single_condition,input_gradients,none,wine_quality,1173,testing,2,0,True,0.14956491078196377,-0.17144421424327022,-0.8490015744800451,0.1042064548582563,-1.0,0.0,0.0019405264174565673,0.0,1.0,0.0,0,0.6666666666666666,0.0,True
226,7,1,3,single_condition,input_gradients,none,wine_quality,1301,testing,3,0,False,,,,,,,,,0.0,1.0,0,0.6666666666666666,0.0,False
226,8,1,4,single_condition,input_gradients,none,wine_quality,1107,testing,4,1,False,,,,,,,,,1.0,1.0,1,0.6666666666666666,0.0,True
226,9,1,5,single_condition,input_gradients,none,wine_quality,1152,testing,5,0,True,0.19937436382627344,0.8714162448448916,-0.22061559954952525,-1.0,0.22287203484658158,0.0,0.01650962606072426,0.0,0.0,1.0,0,0.6666666666666666,0.0,False
226,10,1,6,single_condition,input_gradients,none,wine_quality,267,testing,6,1,False,,,,,,,,,1.0,1.0,1,0.6666666666666666,0.0,True
227,1,1,1,single_condition,input_gradients,attribution,wine_quality,1171,training,1,0,,0.20510891096538614,1.0,0.02793099323558006,0.04304536128881728,0.011019123999153968,0.0,0.34155112504959106,0.0,,,0,,0.0,
227,2,1,2,single_condition,input_gradients,attribution,wine_quality,232,training,2,0,,0.297749533760962,-0.3400388251296472,-1.0,-0.06268418126077226,-0.6649327016412975,0.0,0.05585470050573349,0.0,,,0,,0.0,
227,3,1,3,single_condition,input_gradients,attribution,wine_quality,1228,training,3,1,,-0.49093956282360807,0.66035589813951,0.3012468186795784,0.2158983548455238,1.0,1.0,1.3673869371414185,0.0,,,1,,0.0,
227,4,1,4,single_condition,input_gradients,attribution,wine_quality,898,training,4,1,,0.7716817656355601,1.0,-0.5272509052505968,-0.06074705703018095,-0.3310539467808316,1.0,0.8105798363685608,0.0,,,1,,0.0,
227,5,1,1,single_condition,input_gradients,attribution,wine_quality,216,testing,1,0,False,,,,,,,,,1.0,0.0,0,0.6666666666666666,0.0,True
227,6,1,2,single_condition,input_gradients,attribution,wine_quality,491,testing,2,1,True,-0.10039188879760244,1.0,-0.1415879062158207,-0.28091119468530185,-0.024698237698478967,1.0,0.37406253814697266,0.0,0.0,0.0,1,0.6666666666666666,0.0,False
227,7,1,3,single_condition,input_gradients,attribution,wine_quality,157,testing,3,0,False,,,,,,,,,1.0,0.0,0,0.6666666666666666,0.0,True
227,8,1,4,single_condition,input_gradients,attribution,wine_quality,1405,testing,4,1,False,,,,,,,,,0.0,0.0,1,0.6666666666666666,0.0,False
227,9,1,5,single_condition,input_gradients,attribution,wine_quality,875,testing,5,1,True,0.9475219901438725,1.0,-0.05187046096741543,-0.09161726517862172,-0.7112800053170517,1.0,0.258728951215744,0.0,0.0,0.0,1,0.6666666666666666,0.0,False
227,10,1,6,single_condition,input_gradients,attribution,wine_quality,1289,testing,6,0,True,0.24537265521265592,-0.6479538552314342,-1.0,-0.12912028517860044,0.045564090296680036,0.0,1.1366646646138179e-07,0.0,1.0,0.0,0,0.6666666666666666,0.0,True
228,1,1,1,single_condition,input_gradients,importance,wine_quality,2,training,1,0,,0.29316149975149103,0.09971452534791253,-0.7490904572564613,-1.0,0.3471230688783963,0.0,0.01798868179321289,0.0,,,0,,0.0,
228,2,1,2,single_condition,input_gradients,importance,wine_quality,1002,training,2,1,,1.0,0.6295500360665743,-0.16536162007746635,-0.014472560580986353,-0.3460103282694196,1.0,0.34444907307624817,0.0,,,1,,0.0,
228,3,1,3,single_condition,input_gradients,importance,wine_quality,662,training,3,0,,0.3464228581918862,-0.18485506219878634,-0.17848990817024052,-0.43217029171140325,-1.0,0.0,0.33766642212867737,0.0,,,0,,0.0,
228,4,1,4,single_condition,input_gradients,importance,wine_quality,948,training,4,1,,1.0,0.4444027744038355,-0.09388860506990067,0.11623851617579144,-0.4188046078114697,1.0,0.4465615749359131,0.0,,,1,,0.0,
228,5,1,1,single_condition,input_gradients,importance,wine_quality,852,testing,1,0,False,,,,,,,,,1.0,0.0,0,0.6666666666666666,0.0,True
228,6,1,2,single_condition,input_gradients,importance,wine_quality,255,testing,2,0,True,0.022336718351367336,-0.02874461024377661,-1.0,-0.10437729321297178,-0.08810965655706293,0.0,8.05444528850785e-08,0.0,1.0,0.0,0,0.6666666666666666,0.0,True
228,7,1,3,single_condition,input_gradients,importance,wine_quality,875,testing,3,1,False,,,,,,,,,1.0,1.0,1,0.6666666666666666,0.0,True
228,8,1,4,single_condition,input_gradients,importance,wine_quality,376,testing,4,0,True,1.0,-0.8352179798659489,-0.41393032397041063,-0.2213696428226192,0.1968166845144505,0.0,0.9803982973098755,0.0,1.0,0.0,0,0.6666666666666666,0.0,True
228,9,1,5,single_condition,input_gradients,importance,wine_quality,1061,testing,5,1,True,-0.9290939274921723,1.0,-0.053348223632878965,0.20879173375625718,-0.27828716340230897,1.0,0.29819902777671814,0.0,1.0,1.0,1,0.6666666666666666,0.0,True
228,10,1,6,single_condition,input_gradients,importance,wine_quality,1132,testing,6,1,False,,,,,,,,,0.0,0.0,1,0.6666666666666666,0.0,False
229,1,1,1,single_condition,lime,none,wine_quality,467,training,1,1,,1.0,0.5167657983871718,0.25785518554470566,0.08197823065179287,-0.043356202034943274,1.0,0.19471707388058238,0.006799269848516712,,,1,,0.0,
229,2,1,2,single_condition,lime,none,wine_quality,1104,training,2,0,,1.0,0.05601888522944449,0.16676007343950186,0.056094207450782654,-0.0163267672661281,0.0,0.18861251212832783,0.029221900060057107,,,0,,0.0,
229,3,1,3,single_condition,lime,none,wine_quality,455,training,3,1,,1.0,0.12018057462983725,0.2984641438928459,-0.12738255961279885,-0.02557086240539316,1.0,0.20606725459169878,0.02378657773521027,,,1,,0.0,
229,4,1,4,single_condition,lime,none,wine_quality,1331,training,4,0,,-1.0,-0.559376544436628,-0.766256905676176,-0.5547876502551619,-0.21656753142016555,0.0,0.08904954860504885,0.15600084583435725,,,0,,0.0,
229,5,1,1,single_condition,lime,none,wine_quality,1172,testing,1,1,False,,,,,,,,,1.0,1.0,1,0.6666666666666666,0.0,True
229,6,1,2,single_condition,lime,none,wine_quality,267,testing,2,1,True,1.0,0.6268638695715815,0.282814533807112,0.4459883900182377,-0.11328485905689013,1.0,0.21450016488554297,-0.013680712912414239,1.0,1.0,1,0.6666666666666666,0.0,True
229,7,1,3,single_condition,lime,none,wine_quality,588,testing,3,1,False,,,,,,,,,0.0,0.0,1,0.6666666666666666,0.0,False
229,8,1,4,single_condition,lime,none,wine_quality,1322,testing,4,0,False,,,,,,,,,0.0,1.0,0,0.6666666666666666,0.0,False
229,9,1,5,single_condition,lime,none,wine_quality,39,testing,5,0,True,0.09194534424646994,1.0,-0.8755275376927457,-0.07358874097642425,0.08057702927236089,0.0,0.07991416595756791,0.08239213018520189,1.0,0.0,0,0.6666666666666666,0.0,True
229,10,1,6,single_condition,lime,none,wine_quality,246,testing,6,0,True,-1.0,-0.5828229781988518,0.05436530162833766,-0.49429401122463384,-0.012300382646752882,0.0,0.10330300798794423,0.14743033211050122,1.0,0.0,0,0.6666666666666666,0.0,True
230,1,1,1,single_condition,lime,attribution,wine_quality,298,training,1,0,,-1.0,0.7909472139734028,0.6036591854795219,-0.7692689860276537,-0.6567778478015716,0.0,0.08184249340973032,0.11038015293144661,,,0,,0.0,
230,2,1,2,single_condition,lime,attribution,wine_quality,923,training,2,0,,-1.0,0.47672905941645194,0.04838058495912954,0.2761764556249514,-0.2325612418750302,0.0,0.0686624004940311,0.08767159454574461,,,0,,0.0,
230,3,1,3,single_condition,lime,attribution,wine_quality,413,training,3,1,,1.0,0.5089348263020503,0.20991458406356417,-0.020005452589219503,0.02577181678422287,1.0,0.221105684965299,-0.00265716793608467,,,1,,0.0,
230,4,1,4,single_condition,lime,attribution,wine_quality,1544,training,4,1,,1.0,0.37305897192072046,0.31442482186728715,0.44932102005714547,0.24978247306792067,1.0,0.20072139398456895,-0.03016748820758569,,,1,,0.0,
230,5,1,1,single_condition,lime,attribution,wine_quality,566,testing,1,0,True,-1.0,-0.3107042977404536,0.47856325974595326,-0.644374279658084,-0.03591341874251132,0.0,0.10439114558110647,0.1334123383561886,0.0,1.0,0,0.6666666666666666,0.0,False
230,6,1,2,single_condition,lime,attribution,wine_quality,1205,testing,2,1,False,,,,,,,,,0.0,0.0,1,0.6666666666666666,0.0,False
230,7,1,3,single_condition,lime,attribution,wine_quality,765,testing,3,0,True,-1.0,-0.47169841392773826,-0.15173003981906097,-0.6574173144311996,0.07498105652655966,0.0,0.09796702591375797,0.1474331899390649,1.0,0.0,0,0.6666666666666666,0.0,True
230,8,1,4,single_condition,lime,attribution,wine_quality,875,testing,4,1,False,,,,,,,,,1.0,1.0,1,0.6666666666666666,0.0,True
230,9,1,5,single_condition,lime,attribution,wine_quality,940,testing,5,1,True,1.0,0.646937573102928,0.11114893790291122,0.5315537830881788,-0.12945924571154202,1.0,0.19295524351138213,-0.004000651650282919,1.0,1.0,1,0.6666666666666666,0.0,True
230,10,1,6,single_condition,lime,attribution,wine_quality,735,testing,6,0,False,,,,,,,,,0.0,1.0,0,0.6666666666666666,0.0,False
231,1,1,1,single_condition,lime,importance,wine_quality,174,training,1,0,,-1.0,-0.4680056597678272,0.2514682751370453,0.5515445158788003,-0.22112032884008076,0.0,0.10980653054436831,0.1145565238945558,,,0,,0.0,
231,2,1,2,single_condition,lime,importance,wine_quality,807,training,2,1,,1.0,0.1872583376777012,0.38368573619264285,0.3123432255579678,-0.05920927026057697,1.0,0.1926733871286075,-0.0014466453182310074,,,1,,0.0,
231,3,1,3,single_condition,lime,importance,wine_quality,509,training,3,1,,1.0,0.21624409757266616,-0.03407135853332431,0.6234360626616461,0.3443721511173914,1.0,0.1542553661876466,0.0020389326401316216,,,1,,0.0,
231,4,1,4,single_condition,lime,importance,wine_quality,1397,training,4,0,,-1.0,-0.7490103235100173,-0.9580721348199743,-0.311584941398551,-0.024379353486006047,0.0,0.07583050191388588,0.1547513288637951,,,0,,0.0,
231,5,1,1,single_condition,lime,importance,wine_quality,491,testing,1,1,False,,,,,,,,,1.0,1.0,1,0.6666666666666666,0.0,True
231,6,1,2,single_condition,lime,importance,wine_quality,410,testing,2,0,True,-1.0,-0.36268514083784364,-0.8344087520142544,-0.013436354527521285,0.06616648510280976,0.0,0.095048569770956,0.14323743051393817,1.0,0.0,0,0.6666666666666666,0.0,True
231,7,1,3,single_condition,lime,importance,wine_quality,1061,testing,3,1,False,,,,,,,,,1.0,1.0,1,0.6666666666666666,0.0,True
231,8,1,4,single_condition,lime,importance,wine_quality,782,testing,4,0,True,-0.9038969948442609,-0.7185547504067331,-1.0,-0.8175553252562905,-0.16292611517246136,0.0,0.07523333191910728,0.1583683467178187,1.0,0.0,0,0.6666666666666666,0.0,True
231,9,1,5,single_condition,lime,importance,wine_quality,1478,testing,5,0,True,0.4068516425187863,-1.0,0.7545179721571328,-0.8529436652383201,-0.42556203187947866,0.0,0.07297153938000817,0.10789744582853512,0.0,1.0,0,0.6666666666666666,0.0,False
231,10,1,6,single_condition,lime,importance,wine_quality,267,testing,6,1,False,,,,,,,,,1.0,1.0,1,0.6666666666666666,0.0,True
232,1,1,1,single_condition,shap,none,wine_quality,952,training,1,1,,1.0,0.4812403589084015,0.9379928783481478,0.7498230793400092,-0.029116888396864223,1.0,0.11832366598487964,0.13610758178750273,,,1,,0.0,
232,2,1,2,single_condition,shap,none,wine_quality,745,training,2,0,,-1.0,0.22515282241960485,0.08097303386652496,-0.04367861461799986,-0.41911990522830944,0.0,0.11499688666763785,0.13610758178750273,,,0,,0.0,
232,3,1,3,single_condition,shap,none,wine_quality,430,training,3,1,,0.8487715261686855,0.8532151549600715,0.42139140553278776,1.0,0.610185681114739,1.0,0.13871676818660028,0.13610758178750273,,,1,,0.0,
232,4,1,4,single_condition,shap,none,wine_quality,1054,training,4,0,,-1.0,-0.19333291453218227,-0.6846022951348287,-0.34830031350120905,0.027541878849694536,0.0,0.06189873284738428,0.13610758178750273,,,0,,0.0,
232,5,1,1,single_condition,shap,none,wine_quality,688,testing,1,0,False,,,,,,,,,0.0,1.0,0,0.6666666666666666,0.0,False
232,6,1,2,single_condition,shap,none,wine_quality,377,testing,2,1,True,1.0,0.41954149749851716,0.33040241289541733,0.3408358853732444,0.14012417211352032,1.0,0.2952428951486458,0.13610758178750273,1.0,1.0,1,0.6666666666666666,0.0,True
232,7,1,3,single_condition,shap,none,wine_quality,947,testing,3,1,False,,,,,,,,,1.0,1.0,1,0.6666666666666666,0.0,True
232,8,1,4,single_condition,shap,none,wine_quality,306,testing,4,0,True,-1.0,-0.7445155118718966,-0.26185230416223215,-0.16260958058260092,-0.11743980773902166,0.0,0.05806353504604873,0.13610758178750273,1.0,0.0,0,0.6666666666666666,0.0,True
232,9,1,5,single_condition,shap,none,wine_quality,1125,testing,5,1,False,,,,,,,,,1.0,1.0,1,0.6666666666666666,0.0,True
232,10,1,6,single_condition,shap,none,wine_quality,842,testing,6,0,True,0.5036813970774601,0.6813882936707766,-1.0,0.11556758827070954,0.038303524617560016,0.0,0.07407415895642444,0.13610758178750273,1.0,0.0,0,0.6666666666666666,0.0,True
233,1,1,1,single_condition,shap,attribution,wine_quality,273,training,1,0,,-1.0,-0.10580186938721026,0.024405490520655354,-0.4119192865171119,-0.045286449933197415,0.0,0.08136734187655657,0.13610758178750273,,,0,,0.0,
233,2,1,2,single_condition,shap,attribution,wine_quality,375,training,2,1,,1.0,0.6248761902703279,0.45240989152258004,-0.008529214754917,0.2503620617736732,1.0,0.24842167339506666,0.13610758178750273,,,1,,0.0,
233,3,1,3,single_condition,shap,attribution,wine_quality,898,training,3,1,,1.0,0.6682378549667616,0.023404438054561362,0.17283345952459436,0.01880575861831942,1.0,0.23592573844547934,0.13610758178750273,,,1,,0.0,
233,4,1,4,single_condition,shap,attribution,wine_quality,634,training,4,0,,-0.8276763259949443,-0.3578707204179493,-1.0,0.06682461483465149,-0.015562862308358957,0.0,0.06376932574526364,0.13610758178750273,,,0,,0.0,
233,5,1,1,single_condition,shap,attribution,wine_quality,311,testing,1,0,True,-0.8746491179104974,-0.5698190390650344,-1.0,-0.15721309913536896,-0.04802381849644457,0.0,0.051366990157566926,0.13610758178750273,1.0,0.0,0,0.6666666666666666,0.0,True
233,6,1,2,single_condition,shap,attribution,wine_quality,377,testing,2,1,True,1.0,0.41954149749851716,0.33040241289541733,0.3408358853732444,0.14012417211352032,1.0,0.2952428951486458,0.13610758178750273,1.0,1.0,1,0.6666666666666666,0.0,True
233,7,1,3,single_condition,shap,attribution,wine_quality,1205,testing,3,1,False,,,,,,,,,1.0,1.0,1,0.6666666666666666,0.0,True
233,8,1,4,single_condition,shap,attribution,wine_quality,725,testing,4,0,False,,,,,,,,,0.0,1.0,0,0.6666666666666666,0.0,False
233,9,1,5,single_condition,shap,attribution,wine_quality,513,testing,5,1,False,,,,,,,,,1.0,1.0,1,0.6666666666666666,0.0,True
233,10,1,6,single_condition,shap,attribution,wine_quality,1051,testing,6,0,True,-1.0,-0.6722369651207317,-0.12243302894151618,-0.04134410268376624,0.054432255079050196,0.0,0.07639673675375064,0.13610758178750273,0.0,1.0,0,0.6666666666666666,0.0,False
234,1,1,1,single_condition,shap,importance,wine_quality,659,training,1,0,,0.12230664125975337,-0.7710546082831653,0.19467218433390748,-1.0,-0.21722761533413595,0.0,0.06789868019670293,0.13610758178750273,,,0,,0.0,
234,2,1,2,single_condition,shap,importance,wine_quality,1228,training,2,1,,1.0,0.4517611646976296,-0.1885096097131259,-0.11745090037134881,0.5134412672341574,1.0,0.26468764282346224,0.13610758178750273,,,1,,0.0,
234,3,1,3,single_condition,shap,importance,wine_quality,465,training,3,0,,-1.0,0.34027385998847226,0.1037575068832789,0.07986523091027557,-0.4027201445171725,0.0,0.1543734448934819,0.13610758178750273,,,0,,0.0,
234,4,1,4,single_condition,shap,importance,wine_quality,1402,training,4,1,,1.0,0.867261353608525,0.22696189600872152,0.19638778702731982,-0.29364428182860414,1.0,0.22651549998463597,0.13610758178750273,,,1,,0.0,
234,5,1,1,single_condition,shap,importance,wine_quality,882,testing,1,1,True,1.0,0.6729025071690822,0.3317376331236554,0.299731531530335,0.12839001321668217,1.0,0.2362039004460372,0.13610758178750273,0.0,0.0,1,0.6666666666666666,0.0,False
234,6,1,2,single_condition,shap,importance,wine_quality,231,testing,2,0,False,,,,,,,,,1.0,0.0,0,0.6666666666666666,0.0,True
234,7,1,3,single_condition,shap,importance,wine_quality,124,testing,3,0,True,-0.9335539396837733,-0.809918253299891,-1.0,-0.1309808659858045,-0.24021608954670406,0.0,0.04369876541224377,0.13610758178750273,0.0,1.0,0,0.6666666666666666,0.0,False
234,8,1,4,single_condition,shap,importance,wine_quality,255,testing,4,0,True,-0.8535530625789143,-0.4372048997257434,-1.0,-0.17415478098194495,-0.04914351542063269,0.0,0.05413863668797633,0.13610758178750273,0.0,1.0,0,0.6666666666666666,0.0,False
234,9,1,5,single_condition,shap,importance,wine_quality,950,testing,5,1,False,,,,,,,,,0.0,0.0,1,0.6666666666666666,0.0,False
234,10,1,6,single_condition,shap,importance,wine_quality,1061,testing,6,1,False,,,,,,,,,0.0,0.0,1,0.6666666666666666,0.0,False
235,1,1,1,single_condition,integrated_gradients,none,wine_quality,617,training,1,0,,-1.0,-0.02276385032514512,0.17093846564858384,0.7059321418809464,0.28471022628123854,0.0,0.1447402685880661,0.11934235692024231,,,0,,0.0,
235,2,1,2,single_condition,integrated_gradients,none,wine_quality,836,training,2,1,,0.3188363895001028,0.45075904217952756,0.5289532488214808,1.0,0.2324867686377383,1.0,0.34002795815467834,0.11934235692024231,,,1,,0.0,
235,3,1,3,single_condition,integrated_gradients,none,wine_quality,1005,training,3,0,,0.8987738786011125,-0.9195870403233818,1.0,0.26895615046775034,-0.15246838348395028,0.0,0.2193073332309723,0.11934235692024231,,,0,,0.0,
235,4,1,4,single_condition,integrated_gradients,none,wine_quality,1090,training,4,1,,0.05088797261148314,0.004004925739228544,-0.10117260365073737,0.5315435464573355,1.0,1.0,0.5410714745521545,0.11934235692024231,,,1,,0.0,
235,5,1,1,single_condition,integrated_gradients,none,wine_quality,1494,testing,1,0,False,,,,,,,,,1.0,0.0,0,0.6666666666666666,0.0,True
235,6,1,2,single_condition,integrated_gradients,none,wine_quality,882,testing,2,1,False,,,,,,,,,0.0,0.0,1,0.6666666666666666,0.0,False
235,7,1,3,single_condition,integrated_gradients,none,wine_quality,1120,testing,3,1,True,1.0,0.6741778450762242,0.7798122096424384,-0.016080387097903215,0.4281229002621896,1.0,0.1937171071767807,0.11934235692024231,0.0,0.0,1,0.6666666666666666,0.0,False
235,8,1,4,single_condition,integrated_gradients,none,wine_quality,1344,testing,4,0,True,0.38149946756673514,-1.0,0.3711103937758257,0.3509821014362963,0.2294273859913802,0.0,0.1445104032754898,0.11934235692024231,1.0,0.0,0,0.6666666666666666,0.0,True
235,9,1,5,single_condition,integrated_gradients,none,wine_quality,344,testing,5,0,True,0.33040979731301046,1.0,-0.1836297326676036,-0.1767645745855612,-0.06144310864355409,0.0,0.12430733442306519,0.11934235692024231,1.0,0.0,0,0.6666666666666666,0.0,True
235,10,1,6,single_condition,integrated_gradients,none,wine_quality,495,testing,6,1,False,,,,,,,,,0.0,0.0,1,0.6666666666666666,0.0,False
236,1,1,1,single_condition,integrated_gradients,attribution,wine_quality,415,training,1,0,,-0.4379601786267321,0.34222107372749844,-1.0,-0.09160459424780498,-0.008691942385428388,0.0,0.10590086877346039,0.11934235692024231,,,0,,0.0,
236,2,1,2,single_condition,integrated_gradients,attribution,wine_quality,1093,training,2,1,,1.0,0.8829957261209656,0.19675077737259347,0.23962371943914867,-0.05615739418800509,1.0,0.26541832089424133,0.11934235692024231,,,1,,0.0,
236,3,1,3,single_condition,integrated_gradients,attribution,wine_quality,945,training,3,1,,1.0,0.6883314067861126,-0.07079793344479308,0.4850107210019645,0.2670978357675157,1.0,0.1788250207901001,0.11934235692024231,,,1,,0.0,
236,4,1,4,single_condition,integrated_gradients,attribution,wine_quality,1020,training,4,0,,0.6162612862354769,-0.9962995753083409,1.0,0.1725798524049895,0.47929773807021786,0.0,0.23659522831439972,0.11934235692024231,,,0,,0.0,
236,5,1,1,single_condition,integrated_gradients,attribution,wine_quality,1590,testing,1,1,True,0.9409086365094018,1.0,0.06975155742541683,-0.012026648457833237,-0.02636160200577083,1.0,0.20078302919864655,0.11934235692024231,1.0,1.0,1,0.6666666666666666,0.0,True
236,6,1,2,single_condition,integrated_gradients,attribution,wine_quality,237,testing,2,0,False,,,,,,,,,0.0,1.0,0,0.6666666666666666,0.0,False
236,7,1,3,single_condition,integrated_gradients,attribution,wine_quality,954,testing,3,0,True,0.4547550630213826,-1.0,0.6989280077557117,-0.06831169988616269,-0.22867207819291255,0.0,0.14362210035324097,0.11934235692024231,0.0,1.0,0,0.6666666666666666,0.0,False
236,8,1,4,single_condition,integrated_gradients,attribution,wine_quality,1586,testing,4,1,False,,,,,,,,,1.0,1.0,1,0.6666666666666666,0.0,True
236,9,1,5,single_condition,integrated_gradients,attribution,wine_quality,191,testing,5,0,True,-0.3599044206903867,-0.20816030197179403,-0.027169618430876015,-0.08914142591642742,-1.0,0.0,0.07270175963640213,0.11934235692024231,0.0,1.0,0,0.6666666666666666,0.0,False
236,10,1,6,single_condition,integrated_gradients,attribution,wine_quality,950,testing,6,1,False,,,,,,,,,1.0,1.0,1,0.6666666666666666,0.0,True
237,1,1,1,single_condition,integrated_gradients,importance,wine_quality,477,training,1,1,,0.37652484763123406,1.0,-0.10761534933372927,0.2679917098376738,0.1560410940557994,1.0,0.2601343095302582,0.11934235692024231,,,1,,0.0,
237,2,1,2,single_condition,integrated_gradients,importance,wine_quality,336,training,2,1,,0.8512939480458775,0.4767201891362189,1.0,-0.03872642245980264,-0.16114278651146985,1.0,0.20536501705646515,0.11934235692024231,,,1,,0.0,
237,3,1,3,single_condition,integrated_gradients,importance,wine_quality,415,training,3,0,,-0.4379601786267321,0.34222107372749844,-1.0,-0.09160459424780498,-0.008691942385428388,0.0,0.10590086877346039,0.11934235692024231,,,0,,0.0,
237,4,1,4,single_condition,integrated_gradients,importance,wine_quality,823,training,4,0,,-0.36733963038301143,-0.08470182724432798,0.0821428493896522,7.483840658201162e-05,-1.0,0.0,0.08580069988965988,0.11934235692024231,,,0,,0.0,
237,5,1,1,single_condition,integrated_gradients,importance,wine_quality,959,testing,1,0,True,-0.8342665960558865,-1.0,-0.12210034979798222,-0.35990426975731343,-0.08785740856148427,0.0,0.029843496158719063,0.11934235692024231,0.0,1.0,0,0.6666666666666666,0.0,False
237,6,1,2,single_condition,integrated_gradients,importance,wine_quality,1029,testing,2,0,True,0.07055760604553037,-1.0,-0.020729666115133483,-0.15839541575307337,-0.003297828994245585,0.0,0.0639779269695282,0.11934235692024231,0.0,1.0,0,0.6666666666666666,0.0,False
237,7,1,3,single_condition,integrated_gradients,importance,wine_quality,1016,testing,3,1,True,0.838063118307523,1.0,0.7338129596445641,-0.10155046447784533,0.1951246532688046,1.0,0.19288219511508942,0.11934235692024231,1.0,1.0,1,0.6666666666666666,0.0,True
237,8,1,4,single_condition,integrated_gradients,importance,wine_quality,1173,testing,4,0,False,,,,,,,,,0.0,1.0,0,0.6666666666666666,0.0,False
237,9,1,5,single_condition,integrated_gradients,importance,wine_quality,1172,testing,5,1,False,,,,,,,,,1.0,1.0,1,0.6666666666666666,0.0,True
237,10,1,6,single_condition,integrated_gradients,importance,wine_quality,1405,testing,6,1,False,,,,,,,,,1.0,1.0,1,0.6666666666666666,0.0,True
238,1,1,1,single_condition,input_gradients,none,wine_quality,477,training,1,1,,1.0,0.5212494004250746,0.06338885051524422,0.07019686093818019,-0.04619375996756482,1.0,0.4677932560443878,0.0,,,1,,0.0,
238,2,1,2,single_condition,input_gradients,none,wine_quality,1362,training,2,0,,0.9856246484299295,0.7331907042115928,-0.06924820334891665,-1.0,-0.022778439556734153,0.0,0.11821333318948746,0.0,,,0,,0.0,
238,3,1,3,single_condition,input_gradients,none,wine_quality,198,training,3,1,,1.0,-0.14396056641210012,-0.762437386417504,-0.3236453368347691,-0.16489718641699078,1.0,2.601283073425293,0.0,,,1,,0.0,
238,4,1,4,single_condition,input_gradients,none,wine_quality,1283,training,4,0,,0.27292843009739315,0.11689659400446696,-1.0,-0.6239832861714225,0.2260812178591778,0.0,0.0774754211306572,0.0,,,0,,0.0,
238,5,1,1,single_condition,input_gradients,none,wine_quality,1,testing,1,0,True,0.3564531030949311,-0.14503952413393165,-1.0,-0.9766207428510301,-0.07864857865133745,0.0,0.0005169218638911843,0.0,1.0,0.0,0,0.6666666666666666,0.0,True
238,6,1,2,single_condition,input_gradients,none,wine_quality,267,testing,2,1,False,,,,,,,,,0.0,0.0,1,0.6666666666666666,0.0,False
238,7,1,3,single_condition,input_gradients,none,wine_quality,1211,testing,3,0,True,0.08098892037574922,-0.20996127683278532,-1.0,-0.1411288155424195,-0.7276526423185465,0.0,0.05780750513076782,0.0,1.0,0.0,0,0.6666666666666666,0.0,True
238,8,1,4,single_condition,input_gradients,none,wine_quality,1018,testing,4,1,False,,,,,,,,,0.0,0.0,1,0.6666666666666666,0.0,False
238,9,1,5,single_condition,input_gradients,none,wine_quality,947,testing,5,1,True,-0.04033526501517837,1.0,-0.017412164514265648,-0.0029845257007407667,-0.06223840393086152,1.0,0.30160921812057495,0.0,0.0,0.0,1,0.6666666666666666,0.0,False
238,10,1,6,single_condition,input_gradients,none,wine_quality,666,testing,6,0,False,,,,,,,,,1.0,0.0,0,0.6666666666666666,0.0,True
239,1,1,1,single_condition,input_gradients,attribution,wine_quality,1086,training,1,0,,1.0,0.5107991597364187,0.02313103538467262,-0.1392343371621689,-0.6667852159067541,0.0,0.6744845509529114,0.0,,,0,,0.0,
239,2,1,2,single_condition,input_gradients,attribution,wine_quality,430,training,2,1,,1.0,-0.38434409386177415,-0.05212068348671083,0.033072535685891545,-0.18421409162825747,1.0,0.7010532021522522,0.0,,,1,,0.0,
239,3,1,3,single_condition,input_gradients,attribution,wine_quality,915,training,3,1,,0.21482359224806946,1.0,0.07312988856809137,0.06129119481822482,-0.7306941803140442,1.0,0.31682243943214417,0.0,,,1,,0.0,
239,4,1,4,single_condition,input_gradients,attribution,wine_quality,81,training,4,0,,0.04739244362985624,-1.0,-0.44776883389890726,0.06347794763569002,-0.040384769348279746,0.0,2.5368315164087107e-06,0.0,,,0,,0.0,
239,5,1,1,single_condition,input_gradients,attribution,wine_quality,875,testing,1,1,False,,,,,,,,,1.0,1.0,1,0.6666666666666666,0.0,True
239,6,1,2,single_condition,input_gradients,attribution,wine_quality,470,testing,2,1,True,1.0,0.25071542311968,0.31705669713363505,-0.3077501750632595,0.06441104264100629,1.0,0.5765942335128784,0.0,0.0,0.0,1,0.6666666666666666,0.0,False
239,7,1,3,single_condition,input_gradients,attribution,wine_quality,1482,testing,3,0,True,1.0,0.4851188551479785,-0.024036899313294228,-0.9060061617610571,0.29226795920419385,0.0,0.051498301327228546,0.0,0.0,1.0,0,0.6666666666666666,0.0,False
239,8,1,4,single_condition,input_gradients,attribution,wine_quality,1267,testing,4,1,True,1.0,-0.3594245946273875,-0.011739246737030327,-0.3065739846940555,-0.0395738575469766,1.0,0.7997472286224365,0.0,1.0,1.0,1,0.6666666666666666,0.0,True
239,9,1,5,single_condition,input_gradients,attribution,wine_quality,1574,testing,5,0,False,,,,,,,,,1.0,0.0,0,0.6666666666666666,0.0,True
239,10,1,6,single_condition,input_gradients,attribution,wine_quality,1102,testing,6,0,False,,,,,,,,,0.0,1.0,0,0.6666666666666666,0.0,False
240,1,1,1,single_condition,input_gradients,importance,wine_quality,936,training,1,0,,-0.27964556488127096,1.0,-0.23274790112236962,0.0019137364340091987,0.36791378264209934,0.0,0.4029582738876343,0.0,,,0,,0.0,
240,2,1,2,single_condition,input_gradients,importance,wine_quality,1402,training,2,1,,0.9993927133692164,1.0,-0.07094907570417011,-0.030194423320336516,-0.25569207458177057,1.0,0.4274393916130066,0.0,,,1,,0.0,
240,3,1,3,single_condition,input_gradients,importance,wine_quality,840,training,3,1,,0.6156918361156493,1.0,-0.597014879986255,-0.14447507568906454,-0.8773135570661934,1.0,0.2744119465351105,0.0,,,1,,0.0,
240,4,1,4,single_condition,input_gradients,importance,wine_quality,318,training,4,0,,0.522152887808884,1.0,-0.04547919478659362,0.8418729948760908,0.10884244671624757,0.0,0.6369574069976807,0.0,,,0,,0.0,
240,5,1,1,single_condition,input_gradients,importance,wine_quality,578,testing,1,0,False,,,,,,,,,1.0,0.0,0,0.6666666666666666,0.0,True
240,6,1,2,single_condition,input_gradients,importance,wine_quality,1253,testing,2,0,True,0.17116190689945637,0.2849096346085974,0.01526191359221785,-1.0,-0.038192093667431856,0.0,0.03125392273068428,0.0,0.0,1.0,0,0.6666666666666666,0.0,False
240,7,1,3,single_condition,input_gradients,importance,wine_quality,1586,testing,3,1,True,-0.04085306823282713,1.0,-0.13893230776097676,0.000744093249845314,0.2086330827997025,1.0,1.3193578720092773,0.0,0.0,0.0,1,0.6666666666666666,0.0,False
240,8,1,4,single_condition,input_gradients,importance,wine_quality,1070,testing,4,1,False,,,,,,,,,1.0,1.0,1,0.6666666666666666,0.0,True
240,9,1,5,single_condition,input_gradients,importance,wine_quality,1255,testing,5,0,False,,,,,,,,,0.0,1.0,0,0.6666666666666666,0.0,False
240,10,1,6,single_condition,input_gradients,importance,wine_quality,491,testing,6,1,True,-0.10039188879760244,1.0,-0.1415879062158207,-0.28091119468530185,-0.024698237698478967,1.0,0.37406253814697266,0.0,1.0,1.0,1,0.6666666666666666,0.0,True
241,1,1,1,single_condition,lime,none,wine_quality,164,training,1,0,,-1.0,-0.42872245801847797,-0.6534185874899324,-0.3438492290910339,-0.14644855565161247,0.0,0.10300289342703944,0.15988793062308698,,,0,,0.0,
241,2,1,2,single_condition,lime,none,wine_quality,336,training,2,1,,1.0,0.12982426085562734,0.3111611731054248,0.06498057220622452,0.012523889492183686,1.0,0.19417563506463303,0.021298825052186235,,,1,,0.0,
241,3,1,3,single_condition,lime,none,wine_quality,1162,training,3,1,,1.0,0.07078880210296017,0.20000913609363408,0.3810739584912361,0.3187128247806522,1.0,0.21944087027620443,-0.015648648092980597,,,1,,0.0,
241,4,1,4,single_condition,lime,none,wine_quality,741,training,4,0,,-1.0,-0.2863619245580071,-0.8311060966996644,-0.10465947858537146,0.36130424324530597,0.0,0.10802471344125253,0.14933561451530614,,,0,,0.0,
241,5,1,1,single_condition,lime,none,wine_quality,1132,testing,1,1,True,1.0,0.502801910431578,-0.10292170685655061,0.2934814378375174,-0.019962479611988635,1.0,0.2291874566251291,0.004867635142377022,1.0,1.0,1,0.6666666666666666,0.0,True
241,6,1,2,single_condition,lime,none,wine_quality,377,testing,2,1,False,,,,,,,,,1.0,1.0,1,0.6666666666666666,0.0,True
241,7,1,3,single_condition,lime,none,wine_quality,1371,testing,3,0,True,1.0,0.33615369167757675,0.29478081033376863,-0.215362560156085,0.2434194637416215,0.0,0.20841404449954037,0.006182485880100175,0.0,1.0,0,0.6666666666666666,0.0,False
241,8,1,4,single_condition,lime,none,wine_quality,1102,testing,4,0,False,,,,,,,,,0.0,1.0,0,0.6666666666666666,0.0,False
241,9,1,5,single_condition,lime,none,wine_quality,1590,testing,5,1,True,1.0,0.5213958596027459,0.2185399290899976,-0.04807686697483809,-0.05032220643573048,1.0,0.22480800857630345,0.0008565367818279823,1.0,1.0,1,0.6666666666666666,0.0,True
241,10,1,6,single_condition,lime,none,wine_quality,1436,testing,6,0,False,,,,,,,,,1.0,0.0,0,0.6666666666666666,0.0,True
242,1,1,1,single_condition,lime,attribution,wine_quality,919,training,1,1,,1.0,0.4975337375955829,0.03848501717905436,-0.06375643770752637,0.012368040498595802,1.0,0.19584739314674096,0.02136875364039592,,,1,,0.0,
242,2,1,2,single_condition,lime,attribution,wine_quality,1139,training,2,0,,-1.0,-0.14723369197367625,-0.6595688197040362,0.06525952586908142,-0.09682701402065913,0.0,0.1064637128332245,0.15086072027762498,,,0,,0.0,
242,3,1,3,single_condition,lime,attribution,wine_quality,1202,training,3,0,,1.0,0.038830801531422265,0.14973831590166906,0.059987469411803156,0.012452465049265725,0.0,0.22719321643854162,0.028891705875097526,,,0,,0.0,
242,4,1,4,single_condition,lime,attribution,wine_quality,1100,training,4,1,,1.0,0.35941187800375307,0.08821153594202732,0.29389980411637745,0.20511244933721917,1.0,0.22463138641697727,-0.016492437081924466,,,1,,0.0,
242,5,1,1,single_condition,lime,attribution,wine_quality,495,testing,1,1,True,-0.02569801234890744,0.23842511928573557,0.8068870692913274,1.0,0.34492681741217185,1.0,0.0664652202907216,0.0513565491700694,1.0,1.0,1,0.6666666666666666,0.0,True
242,6,1,2,single_condition,lime,attribution,wine_quality,1197,testing,2,0,True,-1.0,-0.6653113634793831,0.7163074855135315,-0.46662656312857853,0.4199820493705761,0.0,0.06531751404931775,0.09915154421181772,0.0,1.0,0,0.6666666666666666,0.0,False
242,7,1,3,single_condition,lime,attribution,wine_quality,439,testing,3,0,False,,,,,,,,,0.0,1.0,0,0.6666666666666666,0.0,False
242,8,1,4,single_condition,lime,attribution,wine_quality,947,testing,4,1,True,1.0,-0.1444154861863504,0.38781920232442907,0.41392951996518634,0.0019988458528726496,1.0,0.1880395238398048,0.012598539015541865,1.0,1.0,1,0.6666666666666666,0.0,True
242,9,1,5,single_condition,lime,attribution,wine_quality,1070,testing,5,1,False,,,,,,,,,1.0,1.0,1,0.6666666666666666,0.0,True
242,10,1,6,single_condition,lime,attribution,wine_quality,255,testing,6,0,False,,,,,,,,,0.0,1.0,0,0.6666666666666666,0.0,False
243,1,1,1,single_condition,lime,importance,wine_quality,1139,training,1,0,,-1.0,-0.14723369197367625,-0.6595688197040362,0.06525952586908142,-0.09682701402065913,0.0,0.1064637128332245,0.15086072027762498,,,0,,0.0,
243,2,1,2,single_condition,lime,importance,wine_quality,514,training,2,1,,1.0,0.11171275766041025,0.3444015549874146,0.04029597199385723,0.0728790171240973,1.0,0.18869063144036508,0.015257288631151195,,,1,,0.0,
243,3,1,3,single_condition,lime,importance,wine_quality,341,training,3,1,,1.0,0.4232488358182542,0.2732400718562814,-0.013766265800339622,0.18924558502437966,1.0,0.18859319103239935,0.0005512933546204524,,,1,,0.0,
243,4,1,4,single_condition,lime,importance,wine_quality,911,training,4,0,,0.037837902057535,-0.40985960545136474,0.7626720395250569,1.0,0.6462004403368428,0.0,0.09450389455250535,0.039938739191811845,,,0,,0.0,
243,5,1,1,single_condition,lime,importance,wine_quality,29,testing,1,0,False,,,,,,,,,0.0,1.0,0,0.6666666666666666,0.0,False
243,6,1,2,single_condition,lime,importance,wine_quality,1590,testing,2,1,False,,,,,,,,,1.0,1.0,1,0.6666666666666666,0.0,True
243,7,1,3,single_condition,lime,importance,wine_quality,495,testing,3,1,True,-0.02569801234890744,0.23842511928573557,0.8068870692913274,1.0,0.34492681741217185,1.0,0.0664652202907216,0.0513565491700694,1.0,1.0,1,0.6666666666666666,0.0,True
243,8,1,4,single_condition,lime,importance,wine_quality,1016,testing,4,1,True,1.0,0.5521110310413974,0.16082424704795914,0.4559249206045227,0.004517175208741,1.0,0.18456715532761875,-0.0016061543787671828,1.0,1.0,1,0.6666666666666666,0.0,True
243,9,1,5,single_condition,lime,importance,wine_quality,294,testing,5,0,False,,,,,,,,,0.0,1.0,0,0.6666666666666666,0.0,False
243,10,1,6,single_condition,lime,importance,wine_quality,906,testing,6,0,True,0.10519094667078321,0.12219444555529015,-1.0,-0.25886109633758425,0.06673975524227792,0.0,0.06460135939599077,0.10293482066323474,0.0,1.0,0,0.6666666666666666,0.0,False
244,1,1,1,single_condition,shap,none,wine_quality,762,training,1,0,,-0.7992486998074224,-1.0,0.20072380269928816,-0.563069221806613,-0.07681217754189273,0.0,0.054642244344467183,0.13610758178750273,,,0,,0.0,
244,2,1,2,single_condition,shap,none,wine_quality,886,training,2,0,,-0.52137600109668,-0.1214282808622253,0.17644707881257374,-1.0,-0.09954898521347134,0.0,0.06641905324561413,0.13610758178750273,,,0,,0.0,
244,3,1,3,single_condition,shap,none,wine_quality,913,training,3,1,,1.0,0.04989389121501285,0.6285609394317235,0.2437557796628717,0.07902885923140877,1.0,0.21774198977607379,0.13610758178750273,,,1,,0.0,
244,4,1,4,single_condition,shap,none,wine_quality,369,training,4,1,,1.0,0.41954149749851716,0.33040241289541733,0.3408358853732444,0.14012417211352032,1.0,0.2952428951486458,0.13610758178750273,,,1,,0.0,
244,5,1,1,single_condition,shap,none,wine_quality,480,testing,1,0,False,,,,,,,,,1.0,0.0,0,0.6666666666666666,0.0,True
244,6,1,2,single_condition,shap,none,wine_quality,507,testing,2,0,False,,,,,,,,,0.0,1.0,0,0.6666666666666666,0.0,False
244,7,1,3,single_condition,shap,none,wine_quality,1061,testing,3,1,False,,,,,,,,,1.0,1.0,1,0.6666666666666666,0.0,True
244,8,1,4,single_condition,shap,none,wine_quality,544,testing,4,0,True,-1.0,0.022353855334465527,0.07224373786322288,0.2592921306930964,0.2995047876356773,0.0,0.31189078654496366,0.13610758178750273,0.0,1.0,0,0.6666666666666666,0.0,False
244,9,1,5,single_condition,shap,none,wine_quality,1107,testing,5,1,True,1.0,0.9252084416886679,0.3374814598862187,0.3893886822308751,0.06840087338313483,1.0,0.22146336426134228,0.13610758178750273,0.0,0.0,1,0.6666666666666666,0.0,False
244,10,1,6,single_condition,shap,none,wine_quality,882,testing,6,1,True,1.0,0.6729025071690822,0.3317376331236554,0.299731531530335,0.12839001321668217,1.0,0.2362039004460372,0.13610758178750273,0.0,0.0,1,0.6666666666666666,0.0,False
245,1,1,1,single_condition,shap,attribution,wine_quality,945,training,1,1,,0.8572166557772087,1.0,0.4756871136830291,0.31645783881155753,0.38045158799450846,1.0,0.1349438460631334,0.13610758178750273,,,1,,0.0,
245,2,1,2,single_condition,shap,attribution,wine_quality,5,training,2,0,,-1.0,-0.5546678496237571,-0.02928283069512844,-0.18041825912477685,-0.32678758232366556,0.0,0.06471408071913683,0.13610758178750273,,,0,,0.0,
245,3,1,3,single_condition,shap,attribution,wine_quality,258,training,3,0,,-1.0,-0.48797304883228515,-0.12133521555266913,0.03208466706202829,0.024458007796040137,0.0,0.08764525417652369,0.13610758178750273,,,0,,0.0,
245,4,1,4,single_condition,shap,attribution,wine_quality,1098,training,4,1,,1.0,0.5520888893629563,0.39338384382385705,0.29015208690606953,0.15744647821983748,1.0,0.2831461736781976,0.13610758178750273,,,1,,0.0,
245,5,1,1,single_condition,shap,attribution,wine_quality,1337,testing,1,0,False,,,,,,,,,0.0,1.0,0,0.6666666666666666,0.0,False
245,6,1,2,single_condition,shap,attribution,wine_quality,1082,testing,2,0,True,-1.0,-0.45163127044492746,-0.6962493918358551,-0.007764087433460339,-0.2931716954454351,0.0,0.05551040207454721,0.13610758178750273,1.0,0.0,0,0.6666666666666666,0.0,True
245,7,1,3,single_condition,shap,attribution,wine_quality,1172,testing,3,1,False,,,,,,,,,1.0,1.0,1,0.6666666666666666,0.0,True
245,8,1,4,single_condition,shap,attribution,wine_quality,513,testing,4,1,True,1.0,0.20048815296811265,0.45201138184357537,0.024530834925284906,0.3809534335863236,1.0,0.20518300764262484,0.13610758178750273,1.0,1.0,1,0.6666666666666666,0.0,True
245,9,1,5,single_condition,shap,attribution,wine_quality,1267,testing,5,1,True,1.0,0.7718320393946627,0.41625986111964375,0.2834827402136095,0.30448224013742203,1.0,0.18992911522411982,0.13610758178750273,1.0,1.0,1,0.6666666666666666,0.0,True
245,10,1,6,single_condition,shap,attribution,wine_quality,486,testing,6,0,False,,,,,,,,,0.0,1.0,0,0.6666666666666666,0.0,False
246,1,1,1,single_condition,shap,importance,wine_quality,915,training,1,1,,1.0,0.15972360532825441,0.6294102428902542,0.3962881269271048,0.05775720557438893,1.0,0.2089883525940229,0.13610758178750273,,,1,,0.0,
246,2,1,2,single_condition,shap,importance,wine_quality,1093,training,2,1,,1.0,0.9099019771877986,0.21025941930810207,0.231164302349243,-0.04450729868139989,1.0,0.2508414827648762,0.13610758178750273,,,1,,0.0,
246,3,1,3,single_condition,shap,importance,wine_quality,427,training,3,0,,-0.26778981041309763,-1.0,0.12774555472535765,-0.9456476677858663,-0.09511019458040522,0.0,0.05398056436197699,0.13610758178750273,,,0,,0.0,
246,4,1,4,single_condition,shap,importance,wine_quality,1474,training,4,0,,-1.0,0.24471479071095356,-0.7398561955932585,-0.06661628817842981,-0.004087636857937582,0.0,0.0869219109704108,0.13610758178750273,,,0,,0.0,
246,5,1,1,single_condition,shap,importance,wine_quality,1508,testing,1,0,False,,,,,,,,,0.0,1.0,0,0.6666666666666666,0.0,False
246,6,1,2,single_condition,shap,importance,wine_quality,810,testing,2,0,True,-0.17332216860824787,-1.0,0.1583010105485662,-0.04901644717230098,-0.03263796180847388,0.0,0.10263541096748578,0.13610758178750273,0.0,1.0,0,0.6666666666666666,0.0,False
246,7,1,3,single_condition,shap,importance,wine_quality,1120,testing,3,1,True,1.0,0.4098025739104728,0.44265207090394226,0.005360634630424298,0.18215998759135732,1.0,0.26739741241649956,0.13610758178750273,1.0,1.0,1,0.6666666666666666,0.0,True
246,8,1,4,single_condition,shap,importance,wine_quality,950,testing,4,1,True,1.0,0.5209027360908555,0.3169998886609152,0.5320230520696715,-0.14107916496768264,1.0,0.2944526395122611,0.13610758178750273,1.0,1.0,1,0.6666666666666666,0.0,True
246,9,1,5,single_condition,shap,importance,wine_quality,491,testing,5,1,False,,,,,,,,,1.0,1.0,1,0.6666666666666666,0.0,True
246,10,1,6,single_condition,shap,importance,wine_quality,1151,testing,6,0,False,,,,,,,,,1.0,0.0,0,0.6666666666666666,0.0,True
247,1,1,1,single_condition,integrated_gradients,none,wine_quality,1420,training,1,0,,-0.19789601499878443,-1.0,0.046828958259809685,-0.0019467986970993913,-0.0262005029158105,0.0,0.09282784909009933,0.11934235692024231,,,0,,0.0,
247,2,1,2,single_condition,integrated_gradients,none,wine_quality,837,training,2,1,,0.3188363895001028,0.45075904217952756,0.5289532488214808,1.0,0.2324867686377383,1.0,0.34002795815467834,0.11934235692024231,,,1,,0.0,
247,3,1,3,single_condition,integrated_gradients,none,wine_quality,188,training,3,0,,-0.13710247227559685,-0.2880627323231257,-1.0,-0.005766220208099595,0.031856056832120866,0.0,0.0839790552854538,0.11934235692024231,,,0,,0.0,
247,4,1,4,single_condition,integrated_gradients,none,wine_quality,1008,training,4,1,,1.0,0.5514639127441935,0.956912433787159,-0.02183790600048932,0.48416222433471007,1.0,0.16590642929077148,0.11934235692024231,,,1,,0.0,
247,5,1,1,single_condition,integrated_gradients,none,wine_quality,1060,testing,1,0,False,,,,,,,,,0.0,1.0,0,0.6666666666666666,0.0,False
247,6,1,2,single_condition,integrated_gradients,none,wine_quality,1495,testing,2,0,True,0.07372386444939136,1.0,-0.10802647158078843,0.008161310733550973,-0.02772726536305638,0.0,0.22281000018119812,0.11934235692024231,0.0,1.0,0,0.6666666666666666,0.0,False
247,7,1,3,single_condition,integrated_gradients,none,wine_quality,882,testing,3,1,False,,,,,,,,,1.0,1.0,1,0.6666666666666666,0.0,True
247,8,1,4,single_condition,integrated_gradients,none,wine_quality,1070,testing,4,1,False,,,,,,,,,1.0,1.0,1,0.6666666666666666,0.0,True
247,9,1,5,single_condition,integrated_gradients,none,wine_quality,1018,testing,5,1,True,0.06827079137918406,0.24646154343427634,0.052530164174598847,0.8251175852914078,1.0,1.0,0.4020015001296997,0.11934235692024231,1.0,1.0,1,0.6666666666666666,0.0,True
247,10,1,6,single_condition,integrated_gradients,none,wine_quality,1442,testing,6,0,True,-1.0,0.8267182366650291,-0.11386578616491852,-0.4968349769304286,-0.23454535319527672,0.0,0.08053041994571686,0.11934235692024231,0.0,1.0,0,0.6666666666666666,0.0,False
248,1,1,1,single_condition,integrated_gradients,attribution,wine_quality,1402,training,1,1,,0.8360968533928926,1.0,0.24790756059912047,0.031235057510658925,-0.2793243489775321,1.0,0.2504304349422455,0.11934235692024231,,,1,,0.0,
248,2,1,2,single_condition,integrated_gradients,attribution,wine_quality,1167,training,2,1,,0.3159495110023661,1.0,-0.03224378759752046,-0.05519417629208358,-0.010568625496272752,1.0,0.4618772864341736,0.11934235692024231,,,1,,0.0,
248,3,1,3,single_condition,integrated_gradients,attribution,wine_quality,1031,training,3,0,,0.7357546850777649,-1.0,0.18842971168195352,-0.060686487605912595,-0.054355724890454864,0.0,0.07204361259937286,0.11934235692024231,,,0,,0.0,
248,4,1,4,single_condition,integrated_gradients,attribution,wine_quality,1182,training,4,0,,0.18051771091372154,1.0,-0.5247127103938799,0.07417897878212944,-0.5253622690585803,0.0,0.13773439824581146,0.11934235692024231,,,0,,0.0,
248,5,1,1,single_condition,integrated_gradients,attribution,wine_quality,539,testing,1,0,True,1.0,-0.573778792128321,0.5290573808983479,0.10850093093355767,-0.013763690910710592,0.0,0.0924186035990715,0.11934235692024231,0.0,1.0,0,0.6666666666666666,0.0,False
248,6,1,2,single_condition,integrated_gradients,attribution,wine_quality,1016,testing,2,1,False,,,,,,,,,1.0,1.0,1,0.6666666666666666,0.0,True
248,7,1,3,single_condition,integrated_gradients,attribution,wine_quality,470,testing,3,1,True,0.10330122180883333,-0.22332678974643477,-0.001393314764020058,0.8867716044136837,1.0,1.0,0.24302449822425842,0.11934235692024231,1.0,1.0,1,0.6666666666666666,0.0,True
248,8,1,4,single_condition,integrated_gradients,attribution,wine_quality,157,testing,4,0,False,,,,,,,,,0.0,1.0,0,0.6666666666666666,0.0,False
248,9,1,5,single_condition,integrated_gradients,attribution,wine_quality,57,testing,5,0,False,,,,,,,,,0.0,1.0,0,0.6666666666666666,0.0,False
248,10,1,6,single_condition,integrated_gradients,attribution,wine_quality,495,testing,6,1,True,0.7627698291833587,-0.07433909188790704,0.5874679658172718,1.0,0.3779110608867721,1.0,0.15362054109573364,0.11934235692024231,1.0,1.0,1,0.6666666666666666,0.0,True
249,1,1,1,single_condition,integrated_gradients,importance,wine_quality,1090,training,1,1,,0.05088797261148314,0.004004925739228544,-0.10117260365073737,0.5315435464573355,1.0,1.0,0.5410714745521545,0.11934235692024231,,,1,,0.0,
249,2,1,2,single_condition,integrated_gradients,importance,wine_quality,1008,training,2,1,,1.0,0.5514639127441935,0.956912433787159,-0.02183790600048932,0.48416222433471007,1.0,0.16590642929077148,0.11934235692024231,,,1,,0.0,
249,3,1,3,single_condition,integrated_gradients,importance,wine_quality,318,training,3,0,,1.0,0.579624021945444,-0.07263132637350622,0.41095000844332275,-0.12802889894819855,0.0,0.1366872936487198,0.11934235692024231,,,0,,0.0,
249,4,1,4,single_condition,integrated_gradients,importance,wine_quality,753,training,4,0,,-0.9290299692002381,-1.0,0.001261586131815265,-0.4217101320833921,0.007290567707642262,0.0,0.04596051946282387,0.11934235692024231,,,0,,0.0,
249,5,1,1,single_condition,integrated_gradients,importance,wine_quality,1070,testing,1,1,True,0.8719847101938584,1.0,0.1275301113870861,0.17474285753089092,0.57943996043225,1.0,0.16019000113010406,0.11934235692024231,0.0,0.0,1,0.6666666666666666,0.0,False
249,6,1,2,single_condition,integrated_gradients,importance,wine_quality,513,testing,2,1,True,1.0,0.01938980953287353,0.30362235964981,0.07252465517393934,0.19496658241457768,1.0,0.2761908173561096,0.11934235692024231,0.0,0.0,1,0.6666666666666666,0.0,False
249,7,1,3,single_condition,integrated_gradients,importance,wine_quality,1205,testing,3,1,False,,,,,,,,,0.0,0.0,1,0.6666666666666666,0.0,False
249,8,1,4,single_condition,integrated_gradients,importance,wine_quality,237,testing,4,0,False,,,,,,,,,1.0,0.0,0,0.6666666666666666,0.0,True
249,9,1,5,single_condition,integrated_gradients,importance,wine_quality,1496,testing,5,0,False,,,,,,,,,1.0,0.0,0,0.6666666666666666,0.0,True
249,10,1,6,single_condition,integrated_gradients,importance,wine_quality,559,testing,6,0,True,1.0,0.5571109381624554,-0.06821191736841896,-0.20563570599605258,0.08130557094418532,0.0,0.07667233794927597,0.11934235692024231,1.0,0.0,0,0.6666666666666666,0.0,True
250,1,1,1,single_condition,input_gradients,none,wine_quality,945,training,1,1,,1.0,-0.25109508685255016,-0.02125240441468755,-0.37301490306388246,-0.09244021853643258,1.0,0.813008189201355,0.0,,,1,,0.0,
250,2,1,2,single_condition,input_gradients,none,wine_quality,790,training,2,0,,0.20141311499940914,-0.1066508408834888,-1.0,-0.027776490355939397,-0.3534198527425414,0.0,0.0019978308118879795,0.0,,,0,,0.0,
250,3,1,3,single_condition,input_gradients,none,wine_quality,1167,training,3,1,,0.7341279954493692,1.0,-0.560470369951504,-0.12698339870759398,-0.3922215454004925,1.0,0.5323070287704468,0.0,,,1,,0.0,
250,4,1,4,single_condition,input_gradients,none,wine_quality,1085,training,4,0,,0.09524991814368002,0.0479968818759721,-1.0,-0.5751321653955993,0.10003914759955723,0.0,0.028244713321328163,0.0,,,0,,0.0,
250,5,1,1,single_condition,input_gradients,none,wine_quality,909,testing,1,0,False,,,,,,,,,0.0,1.0,0,0.6666666666666666,0.0,False
250,6,1,2,single_condition,input_gradients,none,wine_quality,1396,testing,2,0,True,0.19229303233777137,0.4489487495915569,0.0,-1.0,-0.02484979910182864,0.0,0.04570614919066429,0.0,0.0,1.0,0,0.6666666666666666,0.0,False
250,7,1,3,single_condition,input_gradients,none,wine_quality,172,testing,3,0,False,,,,,,,,,0.0,1.0,0,0.6666666666666666,0.0,False
250,8,1,4,single_condition,input_gradients,none,wine_quality,377,testing,4,1,False,,,,,,,,,1.0,1.0,1,0.6666666666666666,0.0,True
250,9,1,5,single_condition,input_gradients,none,wine_quality,1070,testing,5,1,True,1.0,-0.5489506351051219,-0.11454849671491638,-0.07005530919384355,-0.2950553713250431,1.0,0.5756011009216309,0.0,1.0,1.0,1,0.6666666666666666,0.0,True
250,10,1,6,single_condition,input_gradients,none,wine_quality,495,testing,6,1,True,1.0,0.4889472887257124,-0.024893120268703706,-0.2078097914419521,-0.1059005821848105,1.0,0.606197714805603,0.0,1.0,1.0,1,0.6666666666666666,0.0,True
251,1,1,1,single_condition,input_gradients,attribution,wine_quality,170,training,1,0,,-0.023039503055805446,-0.3310264501119078,-0.002190720175464935,-1.0,0.03799097429624318,0.0,0.0008956283563748002,0.0,,,0,,0.0,
251,2,1,2,single_condition,input_gradients,attribution,wine_quality,351,training,2,0,,0.21814650595096732,-0.9871320159969805,-0.3685477503470374,-1.0,-0.7678267446557199,0.0,0.005327355582267046,0.0,,,0,,0.0,
251,3,1,3,single_condition,input_gradients,attribution,wine_quality,946,training,3,1,,1.0,-0.05563885507730028,0.016430555786387902,-0.02387725912714774,0.006551914752724072,1.0,0.5415366888046265,0.0,,,1,,0.0,
251,4,1,4,single_condition,input_gradients,attribution,wine_quality,1422,training,4,1,,0.2026586714230376,1.0,0.5000341289064948,0.576587311755395,0.4676077380674254,1.0,0.5536266565322876,0.0,,,1,,0.0,
251,5,1,1,single_condition,input_gradients,attribution,wine_quality,875,testing,1,1,True,0.9475219901438725,1.0,-0.05187046096741543,-0.09161726517862172,-0.7112800053170517,1.0,0.258728951215744,0.0,0.0,0.0,1,0.6666666666666666,0.0,False
251,6,1,2,single_condition,input_gradients,attribution,wine_quality,1424,testing,2,0,True,0.39138757350199416,0.22884347396618931,-0.11001894511408253,0.022554658181959893,-1.0,0.0,0.13459336757659912,0.0,1.0,0.0,0,0.6666666666666666,0.0,True
251,7,1,3,single_condition,input_gradients,attribution,wine_quality,1329,testing,3,0,False,,,,,,,,,0.0,1.0,0,0.6666666666666666,0.0,False
251,8,1,4,single_condition,input_gradients,attribution,wine_quality,1132,testing,4,1,True,0.7821293026915426,1.0,-0.3970982468543644,-0.2070399294049447,-0.5174785383504684,1.0,0.3793012201786041,0.0,1.0,1.0,1,0.6666666666666666,0.0,True
251,9,1,5,single_condition,input_gradients,attribution,wine_quality,92,testing,5,0,False,,,,,,,,,0.0,1.0,0,0.6666666666666666,0.0,False
251,10,1,6,single_condition,input_gradients,attribution,wine_quality,1590,testing,6,1,False,,,,,,,,,1.0,1.0,1,0.6666666666666666,0.0,True
252,1,1,1,single_condition,input_gradients,importance,wine_quality,174,training,1,0,,0.0835949980020903,0.0,-0.739465970889819,0.4659202697521918,-1.0,0.0,0.006839563604444265,0.0,,,0,,0.0,
252,2,1,2,single_condition,input_gradients,importance,wine_quality,1054,training,2,0,,-0.037578613424602954,-0.05061302574795242,-1.0,-0.39786972183648367,-0.037554727051130436,0.0,0.0001850297412602231,0.0,,,0,,0.0,
252,3,1,3,single_condition,input_gradients,importance,wine_quality,1450,training,3,1,,1.0,0.5578206567383106,-0.17049858692114406,-0.1509122358911701,-0.41192838465654746,1.0,0.6982802748680115,0.0,,,1,,0.0,
252,4,1,4,single_condition,input_gradients,importance,wine_quality,1402,training,4,1,,0.9993927133692164,1.0,-0.07094907570417011,-0.030194423320336516,-0.25569207458177057,1.0,0.4274393916130066,0.0,,,1,,0.0,
252,5,1,1,single_condition,input_gradients,importance,wine_quality,882,testing,1,1,True,0.1366254245596631,1.0,-0.22324793818574318,0.009117714103046272,-0.2770163163649193,1.0,0.3839273750782013,0.0,1.0,1.0,1,0.6666666666666666,0.0,True
252,6,1,2,single_condition,input_gradients,importance,wine_quality,960,testing,2,0,False,,,,,,,,,0.0,1.0,0,0.6666666666666666,0.0,False
252,7,1,3,single_condition,input_gradients,importance,wine_quality,588,testing,3,1,True,0.25341388247695473,1.0,-0.049242490467784714,0.5327016755303139,0.9568253249822583,1.0,0.5020039677619934,0.0,1.0,1.0,1,0.6666666666666666,0.0,True
252,8,1,4,single_condition,input_gradients,importance,wine_quality,871,testing,4,0,False,,,,,,,,,0.0,1.0,0,0.6666666666666666,0.0,False
252,9,1,5,single_condition,input_gradients,importance,wine_quality,274,testing,5,0,True,0.06955504827006219,-0.15471920794384839,-1.0,-0.22555917435393227,-0.20336586725898903,0.0,7.362078804362682e-07,0.0,1.0,0.0,0,0.6666666666666666,0.0,True
252,10,1,6,single_condition,input_gradients,importance,wine_quality,1120,testing,6,1,False,,,,,,,,,1.0,1.0,1,0.6666666666666666,0.0,True
253,1,1,1,single_condition,lime,none,wine_quality,55,training,1,0,,-1.0,-0.5107576164952289,-0.16213109526826358,-0.2310961856742029,-0.05200549884529702,0.0,0.10857027222053695,0.14932441717405248,,,0,,0.0,
253,2,1,2,single_condition,lime,none,wine_quality,585,training,2,0,,-1.0,-0.03441042076428062,0.03307110694965136,0.1619985629228842,-0.5987379422015663,0.0,0.07688941762557085,0.12055156478003236,,,0,,0.0,
253,3,1,3,single_condition,lime,none,wine_quality,583,training,3,1,,-1.0,0.3579912891421478,0.9871360425717729,0.9733949905735533,0.5472354992630671,1.0,0.07607081640140927,0.05350716458210247,,,1,,0.0,
253,4,1,4,single_condition,lime,none,wine_quality,1475,training,4,1,,1.0,0.4265997119597182,-0.4101063169867571,0.005466841818757435,-0.1371646883882309,1.0,0.1785841413969865,0.04668676108978846,,,1,,0.0,
253,5,1,1,single_condition,lime,none,wine_quality,1291,testing,1,0,False,,,,,,,,,1.0,0.0,0,0.6666666666666666,0.0,True
253,6,1,2,single_condition,lime,none,wine_quality,1263,testing,2,0,True,-1.0,-0.7542072623456134,0.4493808484435029,-0.5799768946076854,-0.240664633470461,0.0,0.05964325091464215,0.11483559883000492,1.0,0.0,0,0.6666666666666666,0.0,True
253,7,1,3,single_condition,lime,none,wine_quality,950,testing,3,1,False,,,,,,,,,0.0,0.0,1,0.6666666666666666,0.0,False
253,8,1,4,single_condition,lime,none,wine_quality,470,testing,4,1,True,-0.037628372865173725,-0.36309182896934317,-0.0687569208583303,1.0,0.6093705513643886,1.0,0.06939580321887695,0.06758869469889389,0.0,0.0,1,0.6666666666666666,0.0,False
253,9,1,5,single_condition,lime,none,wine_quality,616,testing,5,0,True,-1.0,-0.43126974895865555,-0.68309695986923,-0.19846147375685924,-0.4399293823868948,0.0,0.07429496795872122,0.13672447182805625,1.0,0.0,0,0.6666666666666666,0.0,True
253,10,1,6,single_condition,lime,none,wine_quality,882,testing,6,1,False,,,,,,,,,0.0,0.0,1,0.6666666666666666,0.0,False
254,1,1,1,single_condition,lime,attribution,wine_quality,724,training,1,0,,1.0,-0.2548817478768075,0.4846923726406931,-0.37104555997754507,-0.21049910073189634,0.0,0.15999858683590948,0.05992756558649803,,,0,,0.0,
254,2,1,2,single_condition,lime,attribution,wine_quality,919,training,2,1,,1.0,0.4975337375955829,0.03848501717905436,-0.06375643770752637,0.012368040498595802,1.0,0.19584739314674096,0.02136875364039592,,,1,,0.0,
254,3,1,3,single_condition,lime,attribution,wine_quality,1402,training,3,1,,1.0,0.4026255022622352,0.1326726397166037,0.3570394905317109,-0.26276021695754753,1.0,0.18485010283042655,0.013074343680362518,,,1,,0.0,
254,4,1,4,single_condition,lime,attribution,wine_quality,1286,training,4,0,,1.0,-0.40005116030462107,0.03500367792966382,0.5089600615039303,-0.12083199563369672,0.0,0.20608741076784165,0.04532296890870065,,,0,,0.0,
254,5,1,1,single_condition,lime,attribution,wine_quality,1018,testing,1,1,True,1.0,-0.2816970082453574,-0.2879159674926789,0.41952070952447035,0.3159479090660616,1.0,0.21086219554767135,0.028846283356324706,1.0,1.0,1,0.6666666666666666,0.0,True
254,6,1,2,single_condition,lime,attribution,wine_quality,1051,testing,2,0,False,,,,,,,,,0.0,1.0,0,0.6666666666666666,0.0,False
254,7,1,3,single_condition,lime,attribution,wine_quality,1205,testing,3,1,False,,,,,,,,,1.0,1.0,1,0.6666666666666666,0.0,True
254,8,1,4,single_condition,lime,attribution,wine_quality,1322,testing,4,0,False,,,,,,,,,1.0,0.0,0,0.6666666666666666,0.0,True
254,9,1,5,single_condition,lime,attribution,wine_quality,1172,testing,5,1,True,1.0,0.46127985874106386,0.20274420300258164,0.020190694469523925,0.0512281381465234,1.0,0.18802475743907032,0.017297977215855007,0.0,0.0,1,0.6666666666666666,0.0,False
254,10,1,6,single_condition,lime,attribution,wine_quality,877,testing,6,0,True,1.0,-0.22691967163352755,-0.028816528235959333,-0.24869060808641388,-0.13732275387417064,0.0,0.17667699783044077,0.07078062852654107,0.0,1.0,0,0.6666666666666666,0.0,False
255,1,1,1,single_condition,lime,importance,wine_quality,1318,training,1,0,,-0.9558622056551871,-0.660110316984876,-1.0,-0.5070225857774672,0.09411503156903,0.0,0.0693463571438429,0.1479474574576596,,,0,,0.0,
255,2,1,2,single_condition,lime,importance,wine_quality,67,training,2,0,,-0.11991195690124053,-0.5007149574496632,0.8099618645756861,-1.0,-0.44924913561112984,0.0,0.07352339829770711,0.11811304395124395,,,0,,0.0,
255,3,1,3,single_condition,lime,importance,wine_quality,1063,training,3,1,,1.0,0.03798195178002869,0.26895296712570393,0.34478012447438156,0.007041830704396541,1.0,0.186790645043529,0.012648709337684486,,,1,,0.0,
255,4,1,4,single_condition,lime,importance,wine_quality,504,training,4,1,,0.1084655248478485,0.9614606415087671,0.8708669614814765,1.0,0.750867319590105,1.0,0.07709396906855186,0.023489654338617494,,,1,,0.0,
255,5,1,1,single_condition,lime,importance,wine_quality,491,testing,1,1,True,1.0,0.4503729751533557,0.16373849032567497,0.06880469378211282,0.010460081144122115,1.0,0.21492264107364406,0.004858931905508512,1.0,1.0,1,0.6666666666666666,0.0,True
255,6,1,2,single_condition,lime,importance,wine_quality,1571,testing,2,0,True,-0.06370390345964023,0.10629628315966318,0.5407631462638958,1.0,-0.22246443806775576,0.0,0.04752278206277632,0.07572698349987719,0.0,1.0,0,0.6666666666666666,0.0,False
255,7,1,3,single_condition,lime,importance,wine_quality,122,testing,3,0,True,-1.0,-0.6512087125117849,0.33388733034095186,-0.5564423072774929,-0.14828153913311243,0.0,0.0910858159673164,0.12927230689311628,0.0,1.0,0,0.6666666666666666,0.0,False
255,8,1,4,single_condition,lime,importance,wine_quality,1590,testing,4,1,False,,,,,,,,,1.0,1.0,1,0.6666666666666666,0.0,True
255,9,1,5,single_condition,lime,importance,wine_quality,772,testing,5,0,False,,,,,,,,,0.0,1.0,0,0.6666666666666666,0.0,False
255,10,1,6,single_condition,lime,importance,wine_quality,588,testing,6,1,False,,,,,,,,,1.0,1.0,1,0.6666666666666666,0.0,True
256,1,1,1,single_condition,shap,none,wine_quality,805,training,1,1,,1.0,0.28085612148097727,0.4443056768388943,0.3383683212587478,0.017378492593972807,1.0,0.2942558684529958,0.13610758178750273,,,1,,0.0,
256,2,1,2,single_condition,shap,none,wine_quality,968,training,2,0,,1.0,-0.5604835846824047,-0.3191712497409564,0.16670904258986438,0.26000652824274306,0.0,0.12082213837023252,0.13610758178750273,,,0,,0.0,
256,3,1,3,single_condition,shap,none,wine_quality,817,training,3,1,,1.0,0.5539884540160793,0.3437285580267903,0.29794174313852334,0.03150353222846778,1.0,0.20628891967291013,0.13610758178750273,,,1,,0.0,
256,4,1,4,single_condition,shap,none,wine_quality,611,training,4,0,,-1.0,-0.26862749935903607,0.05381161699883825,0.17487701332791722,0.4521450827634704,0.0,0.15113341681675393,0.13610758178750273,,,0,,0.0,
256,5,1,1,single_condition,shap,none,wine_quality,688,testing,1,0,False,,,,,,,,,0.0,1.0,0,0.6666666666666666,0.0,False
256,6,1,2,single_condition,shap,none,wine_quality,1586,testing,2,1,False,,,,,,,,,0.0,0.0,1,0.6666666666666666,0.0,False
256,7,1,3,single_condition,shap,none,wine_quality,1061,testing,3,1,True,1.0,0.3019782343214257,0.4713963318296485,0.197539540550356,0.19353658018787556,1.0,0.2552356493871182,0.13610758178750273,1.0,1.0,1,0.6666666666666666,0.0,True
256,8,1,4,single_condition,shap,none,wine_quality,1555,testing,4,0,True,-0.4700497592332444,0.750076257644557,1.0,-0.2932536857495353,-0.9116462698076795,0.0,0.02384688321975408,0.13610758178750273,0.0,1.0,0,0.6666666666666666,0.0,False
256,9,1,5,single_condition,shap,none,wine_quality,513,testing,5,1,True,1.0,0.20048815296811265,0.45201138184357537,0.024530834925284906,0.3809534335863236,1.0,0.20518300764262484,0.13610758178750273,1.0,1.0,1,0.6666666666666666,0.0,True
256,10,1,6,single_condition,shap,none,wine_quality,69,testing,6,0,False,,,,,,,,,0.0,1.0,0,0.6666666666666666,0.0,False
257,1,1,1,single_condition,shap,attribution,wine_quality,369,training,1,1,,1.0,0.41954149749851716,0.33040241289541733,0.3408358853732444,0.14012417211352032,1.0,0.2952428951486458,0.13610758178750273,,,1,,0.0,
257,2,1,2,single_condition,shap,attribution,wine_quality,1123,training,2,0,,1.0,0.18183807242081695,0.38150239068502523,0.5689593484156321,0.8614429056889801,0.0,0.10963300765909838,0.13610758178750273,,,0,,0.0,
257,3,1,3,single_condition,shap,attribution,wine_quality,1248,training,3,0,,0.7522888209203042,1.0,0.20126332992449106,0.07138410314847224,-0.4694717371329105,0.0,0.104210175884527,0.13610758178750273,,,0,,0.0,
257,4,1,4,single_condition,shap,attribution,wine_quality,341,training,4,1,,0.9600957727019326,1.0,0.4184749093288789,0.26549648569979994,0.13991700622135267,1.0,0.14857894626142878,0.13610758178750273,,,1,,0.0,
257,5,1,1,single_condition,shap,attribution,wine_quality,1172,testing,1,1,True,1.0,0.5288140565453666,0.4369586287378568,0.1422363344826388,0.0689169258977868,1.0,0.252999896751862,0.13610758178750273,1.0,1.0,1,0.6666666666666666,0.0,True
257,6,1,2,single_condition,shap,attribution,wine_quality,1590,testing,2,1,False,,,,,,,,,0.0,0.0,1,0.6666666666666666,0.0,False
257,7,1,3,single_condition,shap,attribution,wine_quality,267,testing,3,1,False,,,,,,,,,0.0,0.0,1,0.6666666666666666,0.0,False
257,8,1,4,single_condition,shap,attribution,wine_quality,192,testing,4,0,False,,,,,,,,,1.0,0.0,0,0.6666666666666666,0.0,True
257,9,1,5,single_condition,shap,attribution,wine_quality,255,testing,5,0,True,-0.8535530625789143,-0.4372048997257434,-1.0,-0.17415478098194495,-0.04914351542063269,0.0,0.05413863668797633,0.13610758178750273,1.0,0.0,0,0.6666666666666666,0.0,True
257,10,1,6,single_condition,shap,attribution,wine_quality,1075,testing,6,0,True,-1.0,0.5408518619548521,-0.752516304866921,0.10237965887882289,-0.5143758967321439,0.0,0.08378506647029638,0.13610758178750273,1.0,0.0,0,0.6666666666666666,0.0,True
258,1,1,1,single_condition,shap,importance,wine_quality,1100,training,1,1,,1.0,0.44334502971825257,0.15157940707984552,0.2198824587490508,0.17972820260080188,1.0,0.2218498943675788,0.13610758178750273,,,1,,0.0,
258,2,1,2,single_condition,shap,importance,wine_quality,1063,training,2,1,,1.0,-0.10688508068073027,0.5060865059808157,0.49672890674467035,0.22608944809577775,1.0,0.1732098118201542,0.13610758178750273,,,1,,0.0,
258,3,1,3,single_condition,shap,importance,wine_quality,555,training,3,0,,0.5617522493278162,0.4618295224751234,0.3120140625764827,-1.0,0.12210598708950292,0.0,0.14107914658682313,0.13610758178750273,,,0,,0.0,
258,4,1,4,single_condition,shap,importance,wine_quality,561,training,4,0,,-0.8424556154229407,-0.3632375010921237,-1.0,-0.038355293428485586,0.011272699436939555,0.0,0.06095891047450735,0.13610758178750273,,,0,,0.0,
258,5,1,1,single_condition,shap,importance,wine_quality,888,testing,1,0,False,,,,,,,,,0.0,1.0,0,0.6666666666666666,0.0,False
258,6,1,2,single_condition,shap,importance,wine_quality,501,testing,2,0,True,0.7199350921173453,0.5584074702558334,-1.0,0.0174250044078978,-0.2991014869578921,0.0,0.2037860600458686,0.13610758178750273,1.0,0.0,0,0.6666666666666666,0.0,True
258,7,1,3,single_condition,shap,importance,wine_quality,957,testing,3,0,True,0.3329912020889995,-1.0,-0.39900272736971915,0.025845398385898912,-0.24040938327255004,0.0,0.07522754045203887,0.13610758178750273,0.0,1.0,0,0.6666666666666666,0.0,False
258,8,1,4,single_condition,shap,importance,wine_quality,267,testing,4,1,True,1.0,0.8357202133390953,0.15969365768625093,0.11720599707574726,0.012499005780351076,1.0,0.2786232449726819,0.13610758178750273,1.0,1.0,1,0.6666666666666666,0.0,True
258,9,1,5,single_condition,shap,importance,wine_quality,588,testing,5,1,False,,,,,,,,,1.0,1.0,1,0.6666666666666666,0.0,True
258,10,1,6,single_condition,shap,importance,wine_quality,875,testing,6,1,False,,,,,,,,,1.0,1.0,1,0.6666666666666666,0.0,True
259,1,1,1,single_condition,integrated_gradients,none,wine_quality,1492,training,1,0,,0.7762030109727057,-1.0,0.28013363588359186,-0.02296695225611204,-0.5981219956810178,0.0,0.10696517676115036,0.11934235692024231,,,0,,0.0,
259,2,1,2,single_condition,integrated_gradients,none,wine_quality,1570,training,2,1,,0.8891662489455088,1.0,0.08361892470423304,0.07035545650809565,-0.09140680717380052,1.0,0.2925145626068115,0.11934235692024231,,,1,,0.0,
259,3,1,3,single_condition,integrated_gradients,none,wine_quality,210,training,3,1,,1.0,0.5998976830773146,0.08937095250028,-0.001071935151904078,0.020696921153908927,1.0,0.30493539571762085,0.11934235692024231,,,1,,0.0,
259,4,1,4,single_condition,integrated_gradients,none,wine_quality,659,training,4,0,,0.42391260374252765,-0.6681767548571688,-0.027794348678397657,-1.0,0.019712833292346604,0.0,0.07716574519872665,0.11934235692024231,,,0,,0.0,
259,5,1,1,single_condition,integrated_gradients,none,wine_quality,1365,testing,1,0,True,-1.0,-0.40036017857329553,-0.008387956037316282,0.0937407739868873,0.05040148404077095,0.0,0.059860557317733765,0.11934235692024231,0.0,1.0,0,0.6666666666666666,0.0,False
259,6,1,2,single_condition,integrated_gradients,none,wine_quality,1172,testing,2,1,False,,,,,,,,,0.0,0.0,1,0.6666666666666666,0.0,False
259,7,1,3,single_condition,integrated_gradients,none,wine_quality,1473,testing,3,0,True,0.1296289023889815,-1.0,0.01549273982011226,0.11202695770542033,-0.1600564318156443,0.0,0.0924895852804184,0.11934235692024231,0.0,1.0,0,0.6666666666666666,0.0,False
259,8,1,4,single_condition,integrated_gradients,none,wine_quality,1016,testing,4,1,False,,,,,,,,,1.0,1.0,1,0.6666666666666666,0.0,True
259,9,1,5,single_condition,integrated_gradients,none,wine_quality,735,testing,5,0,False,,,,,,,,,1.0,0.0,0,0.6666666666666666,0.0,True
259,10,1,6,single_condition,integrated_gradients,none,wine_quality,377,testing,6,1,True,1.0,0.23032966547428704,0.10111882517743159,0.30729929503685516,0.16714325499349228,1.0,0.3716522753238678,0.11934235692024231,0.0,0.0,1,0.6666666666666666,0.0,False
260,1,1,1,single_condition,integrated_gradients,attribution,wine_quality,996,training,1,0,,1.0,-0.1591892526161237,-0.012239877423519794,0.05651600034551977,-0.22985514168645058,0.0,0.2808417081832886,0.11934235692024231,,,0,,0.0,
260,2,1,2,single_condition,integrated_gradients,attribution,wine_quality,1222,training,2,0,,-0.14574202186965232,-1.0,-0.5556909974134915,0.0015064919364478476,0.04468662411983961,0.0,0.07136863470077515,0.11934235692024231,,,0,,0.0,
260,3,1,3,single_condition,integrated_gradients,attribution,wine_quality,1209,training,3,1,,0.22574994786086744,1.0,-0.15978608633288266,0.0847558790821904,-0.007114019526382155,1.0,0.3631039559841156,0.11934235692024231,,,1,,0.0,
260,4,1,4,single_condition,integrated_gradients,attribution,wine_quality,346,training,4,1,,0.6185011801749991,1.0,-0.16124279286914786,0.21252940338101917,0.1352475236685401,1.0,0.36886268854141235,0.11934235692024231,,,1,,0.0,
260,5,1,1,single_condition,integrated_gradients,attribution,wine_quality,261,testing,1,0,False,,,,,,,,,0.0,1.0,0,0.6666666666666666,0.0,False
260,6,1,2,single_condition,integrated_gradients,attribution,wine_quality,1473,testing,2,0,True,0.1296289023889815,-1.0,0.01549273982011226,0.11202695770542033,-0.1600564318156443,0.0,0.0924895852804184,0.11934235692024231,0.0,1.0,0,0.6666666666666666,0.0,False
260,7,1,3,single_condition,integrated_gradients,attribution,wine_quality,66,testing,3,0,True,-0.5007379253923414,-1.0,0.03395475656054903,-0.008665464391792327,-0.5673479345643517,0.0,0.04857249930500984,0.11934235692024231,0.0,1.0,0,0.6666666666666666,0.0,False
260,8,1,4,single_condition,integrated_gradients,attribution,wine_quality,1107,testing,4,1,False,,,,,,,,,1.0,1.0,1,0.6666666666666666,0.0,True
260,9,1,5,single_condition,integrated_gradients,attribution,wine_quality,1016,testing,5,1,True,0.838063118307523,1.0,0.7338129596445641,-0.10155046447784533,0.1951246532688046,1.0,0.19288219511508942,0.11934235692024231,1.0,1.0,1,0.6666666666666666,0.0,True
260,10,1,6,single_condition,integrated_gradients,attribution,wine_quality,1061,testing,6,1,False,,,,,,,,,1.0,1.0,1,0.6666666666666666,0.0,True
261,1,1,1,single_condition,integrated_gradients,importance,wine_quality,1332,training,1,0,,-0.19658741019500514,-1.0,0.08281287551281798,0.1112882864033612,0.010151927184795424,0.0,0.10540574789047241,0.11934235692024231,,,0,,0.0,
261,2,1,2,single_condition,integrated_gradients,importance,wine_quality,1090,training,2,1,,0.05088797261148314,0.004004925739228544,-0.10117260365073737,0.5315435464573355,1.0,1.0,0.5410714745521545,0.11934235692024231,,,1,,0.0,
261,3,1,3,single_condition,integrated_gradients,importance,wine_quality,492,training,3,1,,0.795773739946809,1.0,0.2767758516463714,0.09092782880798861,-0.01739756808080748,1.0,0.3208439350128174,0.11934235692024231,,,1,,0.0,
261,4,1,4,single_condition,integrated_gradients,importance,wine_quality,667,training,4,0,,-1.0,0.009991187801620836,-0.1626873715039047,0.5523378758859598,0.4365416213435856,0.0,0.14618222415447235,0.11934235692024231,,,0,,0.0,
261,5,1,1,single_condition,integrated_gradients,importance,wine_quality,1590,testing,1,1,False,,,,,,,,,0.0,0.0,1,0.6666666666666666,0.0,False
261,6,1,2,single_condition,integrated_gradients,importance,wine_quality,267,testing,2,1,True,0.4773586195545046,1.0,0.16283336825947853,0.010118779174943342,-0.06096933794964076,1.0,0.38711172342300415,0.11934235692024231,0.0,0.0,1,0.6666666666666666,0.0,False
261,7,1,3,single_condition,integrated_gradients,importance,wine_quality,981,testing,3,0,True,-0.2657978541082844,-0.20007900377281998,0.04542357860731533,-1.0,-0.0040251005234139174,0.0,0.0802738144993782,0.11934235692024231,1.0,0.0,0,0.6666666666666666,0.0,True
261,8,1,4,single_condition,integrated_gradients,importance,wine_quality,1125,testing,4,1,False,,,,,,,,,0.0,0.0,1,0.6666666666666666,0.0,False
261,9,1,5,single_condition,integrated_gradients,importance,wine_quality,234,testing,5,0,False,,,,,,,,,1.0,0.0,0,0.6666666666666666,0.0,True
261,10,1,6,single_condition,integrated_gradients,importance,wine_quality,1082,testing,6,0,True,-0.8312768470773916,-1.0,-0.9204449988825055,-0.4388282587228187,-0.6918899330760285,0.0,0.030377516523003578,0.11934235692024231,0.0,1.0,0,0.6666666666666666,0.0,False
262,1,1,1,single_condition,input_gradients,none,wine_quality,329,training,1,0,,0.5211456341039715,1.0,0.13812541705694145,-0.585286174987056,0.279456771165772,0.0,0.021574368700385094,0.0,,,0,,0.0,
262,2,1,2,single_condition,input_gradients,none,wine_quality,949,training,2,1,,1.0,0.4444027744038355,-0.09388860506990067,0.11623851617579144,-0.4188046078114697,1.0,0.4465615749359131,0.0,,,1,,0.0,
262,3,1,3,single_condition,input_gradients,none,wine_quality,455,training,3,1,,-1.0,0.28528779352363426,-0.061996783835712145,-0.3747741614336762,0.18225151922692268,1.0,1.3892399072647095,0.0,,,1,,0.0,
262,4,1,4,single_condition,input_gradients,none,wine_quality,345,training,4,0,,0.44286874814886884,-0.4175102630454192,-0.816707078438547,-0.07494941779265506,-1.0,0.0,7.097093475749716e-05,0.0,,,0,,0.0,
262,5,1,1,single_condition,input_gradients,none,wine_quality,940,testing,1,1,True,0.87099170948911,1.0,-0.237525396509819,-0.12569856572172314,-0.5338716337442961,1.0,0.5183559060096741,0.0,1.0,1.0,1,0.6666666666666666,0.0,True
262,6,1,2,single_condition,input_gradients,none,wine_quality,738,testing,2,0,False,,,,,,,,,0.0,1.0,0,0.6666666666666666,0.0,False
262,7,1,3,single_condition,input_gradients,none,wine_quality,267,testing,3,1,False,,,,,,,,,1.0,1.0,1,0.6666666666666666,0.0,True
262,8,1,4,single_condition,input_gradients,none,wine_quality,1496,testing,4,0,True,0.12187750349966789,-0.0529960628428579,-1.0,-0.1971895931226787,-0.18137273149385963,0.0,2.254759712272403e-09,0.0,0.0,1.0,0,0.6666666666666666,0.0,False
262,9,1,5,single_condition,input_gradients,none,wine_quality,947,testing,5,1,False,,,,,,,,,1.0,1.0,1,0.6666666666666666,0.0,True
262,10,1,6,single_condition,input_gradients,none,wine_quality,1511,testing,6,0,True,0.4102375959422745,-0.12690284650269104,-0.14091307862359637,-0.47766179767155975,-1.0,0.0,0.14424771070480347,0.0,0.0,1.0,0,0.6666666666666666,0.0,False
263,1,1,1,single_condition,input_gradients,attribution,wine_quality,190,training,1,0,,0.042601400808890626,-0.037448134782021344,-1.0,-0.07576262793748643,-0.07001882212637646,0.0,4.510228635012936e-08,0.0,,,0,,0.0,
263,2,1,2,single_condition,input_gradients,attribution,wine_quality,63,training,2,0,,0.46478650712655123,-0.0013369834390968352,-0.8787595549611966,-1.0,-0.3878384501522482,0.0,0.03128301352262497,0.0,,,0,,0.0,
263,3,1,3,single_condition,input_gradients,attribution,wine_quality,1450,training,3,1,,1.0,0.5578206567383106,-0.17049858692114406,-0.1509122358911701,-0.41192838465654746,1.0,0.6982802748680115,0.0,,,1,,0.0,
263,4,1,4,single_condition,input_gradients,attribution,wine_quality,874,training,4,1,,1.0,0.38446416221053503,0.0027260464792302577,-0.12138841364625062,-0.05259321467202437,1.0,0.4368949830532074,0.0,,,1,,0.0,
263,5,1,1,single_condition,input_gradients,attribution,wine_quality,255,testing,1,0,False,,,,,,,,,1.0,0.0,0,0.6666666666666666,0.0,True
263,6,1,2,single_condition,input_gradients,attribution,wine_quality,875,testing,2,1,False,,,,,,,,,1.0,1.0,1,0.6666666666666666,0.0,True
263,7,1,3,single_condition,input_gradients,attribution,wine_quality,960,testing,3,0,True,1.0,0.06686595756259082,0.07467661669739044,-0.1954553674393154,0.12041180102440763,0.0,0.5542306303977966,0.0,0.0,1.0,0,0.6666666666666666,0.0,False
263,8,1,4,single_condition,input_gradients,attribution,wine_quality,1392,testing,4,0,False,,,,,,,,,0.0,1.0,0,0.6666666666666666,0.0,False
263,9,1,5,single_condition,input_gradients,attribution,wine_quality,1172,testing,5,1,True,0.320615655700084,1.0,-0.060591170399503916,0.02444917991714029,-0.7756689322474171,1.0,0.24414539337158203,0.0,1.0,1.0,1,0.6666666666666666,0.0,True
263,10,1,6,single_condition,input_gradients,attribution,wine_quality,1070,testing,6,1,True,1.0,-0.5489506351051219,-0.11454849671491638,-0.07005530919384355,-0.2950553713250431,1.0,0.5756011009216309,0.0,1.0,1.0,1,0.6666666666666666,0.0,True
264,1,1,1,single_condition,input_gradients,importance,wine_quality,201,training,1,0,,0.018848192746396156,-0.43384457118882946,-1.0,0.003049175537789577,0.01275849181880508,0.0,4.994765018251357e-11,0.0,,,0,,0.0,
264,2,1,2,single_condition,input_gradients,importance,wine_quality,414,training,2,0,,0.06678057477495478,-0.036525981192194856,-1.0,-0.08606018606086621,-0.08608567677572038,0.0,1.480836573364286e-07,0.0,,,0,,0.0,
264,3,1,3,single_condition,input_gradients,importance,wine_quality,514,training,3,1,,1.0,0.43671215118847,-0.014056055619933155,-0.7194641671061249,-0.027141514449440185,1.0,0.7987599968910217,0.0,,,1,,0.0,
264,4,1,4,single_condition,input_gradients,importance,wine_quality,838,training,4,1,,1.0,-0.36038594618101427,-0.07934159977316725,-0.019945206650104998,-0.42812313139044345,1.0,0.6293846368789673,0.0,,,1,,0.0,
264,5,1,1,single_condition,input_gradients,importance,wine_quality,13,testing,1,0,False,,,,,,,,,0.0,1.0,0,0.6666666666666666,0.0,False
264,6,1,2,single_condition,input_gradients,importance,wine_quality,1260,testing,2,0,True,0.046230629411506935,-1.0,-0.6701767543681842,-0.4515365184488602,0.02378777805924041,0.0,3.1049356039147824e-05,0.0,0.0,1.0,0,0.6666666666666666,0.0,False
264,7,1,3,single_condition,input_gradients,importance,wine_quality,491,testing,3,1,False,,,,,,,,,1.0,1.0,1,0.6666666666666666,0.0,True
264,8,1,4,single_condition,input_gradients,importance,wine_quality,1586,testing,4,1,True,-0.04085306823282713,1.0,-0.13893230776097676,0.000744093249845314,0.2086330827997025,1.0,1.3193578720092773,0.0,1.0,1.0,1,0.6666666666666666,0.0,True
264,9,1,5,single_condition,input_gradients,importance,wine_quality,632,testing,5,0,True,0.24795373044912977,1.0,-0.5766454738590532,0.3416984018646914,-0.7291684069689572,0.0,0.040002454072237015,0.0,0.0,1.0,0,0.6666666666666666,0.0,False
264,10,1,6,single_condition,input_gradients,importance,wine_quality,875,testing,6,1,False,,,,,,,,,1.0,1.0,1,0.6666666666666666,0.0,True
265,1,1,1,single_condition,lime,none,wine_quality,223,training,1,0,,-1.0,-0.1604725788099756,0.4280229580856253,-0.7910357147314361,0.0705692566934248,0.0,0.06631386158008407,0.11003975002217468,,,0,,0.0,
265,2,1,2,single_condition,lime,none,wine_quality,1068,training,2,1,,0.04387337497274132,0.7281272671104068,0.6011393030370707,1.0,0.7860721520718555,1.0,0.09400698977044004,0.01783952095904713,,,1,,0.0,
265,3,1,3,single_condition,lime,none,wine_quality,937,training,3,0,,0.028987914224996428,-1.0,0.5711982920954807,-0.5582004307223857,0.5828086803014629,0.0,0.043367113110713645,0.0895910609267099,,,0,,0.0,
265,4,1,4,single_condition,lime,none,wine_quality,430,training,4,1,,0.06668480690546637,0.9323136015586356,0.48140086129452453,1.0,0.726176836417107,1.0,0.08659935359142754,0.018761763073492685,,,1,,0.0,
265,5,1,1,single_condition,lime,none,wine_quality,820,testing,1,0,True,-1.0,-0.23709075259781717,0.6786269139858158,-0.8306321320047052,-0.25424759864691976,0.0,0.08150827158926391,0.126246538791088,1.0,0.0,0,0.6666666666666666,0.0,True
265,6,1,2,single_condition,lime,none,wine_quality,491,testing,2,1,False,,,,,,,,,0.0,0.0,1,0.6666666666666666,0.0,False
265,7,1,3,single_condition,lime,none,wine_quality,1319,testing,3,0,False,,,,,,,,,1.0,0.0,0,0.6666666666666666,0.0,True
265,8,1,4,single_condition,lime,none,wine_quality,1329,testing,4,0,True,-0.9463735072403389,-0.4328244201416818,-1.0,-0.30921864398323573,-0.02015605129551275,0.0,0.0702505616776549,0.13437688502161294,1.0,0.0,0,0.6666666666666666,0.0,True
265,9,1,5,single_condition,lime,none,wine_quality,1205,testing,5,1,True,-0.14327925566810423,1.0,0.23269030741760424,0.9795780444728103,-0.14519136107405017,1.0,0.08394370104194915,0.0503654511693018,0.0,0.0,1,0.6666666666666666,0.0,False
265,10,1,6,single_condition,lime,none,wine_quality,1586,testing,6,1,False,,,,,,,,,0.0,0.0,1,0.6666666666666666,0.0,False
266,1,1,1,single_condition,lime,attribution,wine_quality,949,training,1,1,,0.7667768614938993,0.29025790664007595,0.12949407095825174,1.0,-0.14086248806150678,1.0,0.3092757430506819,0.01421869956005381,,,1,,0.0,
266,2,1,2,single_condition,lime,attribution,wine_quality,898,training,2,1,,1.0,0.4056602670558412,-0.024414388141638203,0.36493314497442025,0.008124589913259771,1.0,0.18726133978108836,0.004328339043370308,,,1,,0.0,
266,3,1,3,single_condition,lime,attribution,wine_quality,1376,training,3,0,,-1.0,-0.773674824758039,0.24280648719066011,-0.8894785270131278,0.5230703757131206,0.0,0.06847130550876049,0.11625748316908971,,,0,,0.0,
266,4,1,4,single_condition,lime,attribution,wine_quality,271,training,4,0,,-0.8475933568267059,1.0,0.05816628175972203,0.43981810524967685,0.1539419815326156,0.0,0.07933654698553923,0.06845855471806575,,,0,,0.0,
266,5,1,1,single_condition,lime,attribution,wine_quality,470,testing,1,1,True,-0.037628372865173725,-0.36309182896934317,-0.0687569208583303,1.0,0.6093705513643886,1.0,0.06939580321887695,0.06758869469889389,0.0,0.0,1,0.6666666666666666,0.0,False
266,6,1,2,single_condition,lime,attribution,wine_quality,1016,testing,2,1,True,1.0,0.5521110310413974,0.16082424704795914,0.4559249206045227,0.004517175208741,1.0,0.18456715532761875,-0.0016061543787671828,0.0,0.0,1,0.6666666666666666,0.0,False
266,7,1,3,single_condition,lime,attribution,wine_quality,1075,testing,3,0,False,,,,,,,,,1.0,0.0,0,0.6666666666666666,0.0,True
266,8,1,4,single_condition,lime,attribution,wine_quality,950,testing,4,1,True,0.9886124482973853,0.4970851880794143,0.3216388120415103,1.0,-0.1507104939222061,1.0,0.1916251281324874,0.010690257151644553,0.0,0.0,1,0.6666666666666666,0.0,False
266,9,1,5,single_condition,lime,attribution,wine_quality,1045,testing,5,0,False,,,,,,,,,1.0,0.0,0,0.6666666666666666,0.0,True
266,10,1,6,single_condition,lime,attribution,wine_quality,1472,testing,6,0,False,,,,,,,,,1.0,0.0,0,0.6666666666666666,0.0,True
267,1,1,1,single_condition,lime,importance,wine_quality,1331,training,1,0,,-1.0,-0.559376544436628,-0.766256905676176,-0.5547876502551619,-0.21656753142016555,0.0,0.08904954860504885,0.15600084583435725,,,0,,0.0,
267,2,1,2,single_condition,lime,importance,wine_quality,966,training,2,1,,1.0,-0.20338041651174552,0.22251729015876337,0.5171965462938465,0.35097622425775515,1.0,0.18005282788591215,0.003886094851341393,,,1,,0.0,
267,3,1,3,single_condition,lime,importance,wine_quality,1493,training,3,0,,-0.950969424266125,-0.3854994073262952,-1.0,-0.4386169763603971,-0.27981095897834046,0.0,0.07672673163728923,0.15230711481947026,,,0,,0.0,
267,4,1,4,single_condition,lime,importance,wine_quality,1477,training,4,1,,1.0,0.4436996440677451,-0.35451580531118093,0.09967238374328449,-0.1530846784957922,1.0,0.2090441890977976,0.040864616924671374,,,1,,0.0,
267,5,1,1,single_condition,lime,importance,wine_quality,495,testing,1,1,True,-0.02569801234890744,0.23842511928573557,0.8068870692913274,1.0,0.34492681741217185,1.0,0.0664652202907216,0.0513565491700694,1.0,1.0,1,0.6666666666666666,0.0,True
267,6,1,2,single_condition,lime,importance,wine_quality,362,testing,2,0,False,,,,,,,,,0.0,1.0,0,0.6666666666666666,0.0,False
267,7,1,3,single_condition,lime,importance,wine_quality,1070,testing,3,1,False,,,,,,,,,1.0,1.0,1,0.6666666666666666,0.0,True
267,8,1,4,single_condition,lime,importance,wine_quality,1496,testing,4,0,True,-0.9045805587872916,-0.41912226054244744,-1.0,-0.34501837579825145,0.006128548969974838,0.0,0.06766628073365703,0.12623438531479086,1.0,0.0,0,0.6666666666666666,0.0,True
267,9,1,5,single_condition,lime,importance,wine_quality,875,testing,5,1,False,,,,,,,,,1.0,1.0,1,0.6666666666666666,0.0,True
267,10,1,6,single_condition,lime,importance,wine_quality,992,testing,6,0,True,-1.0,-0.6493803703933058,0.00872911732704963,-0.005606126946761334,-0.2115843491544277,0.0,0.09773261304163107,0.13189269589603694,0.0,1.0,0,0.6666666666666666,0.0,False
268,1,1,1,single_condition,shap,none,wine_quality,1041,training,1,0,,-1.0,-0.1403718422935993,0.25449989665401307,0.0061856480350703374,-0.13089968263981377,0.0,0.07012409153132512,0.13610758178750273,,,0,,0.0,
268,2,1,2,single_condition,shap,none,wine_quality,492,training,2,1,,1.0,0.7858941566927822,0.29464656589427446,0.1058054188200731,0.11989699953280637,1.0,0.2875305782866736,0.13610758178750273,,,1,,0.0,
268,3,1,3,single_condition,shap,none,wine_quality,952,training,3,1,,1.0,0.4812403589084015,0.9379928783481478,0.7498230793400092,-0.029116888396864223,1.0,0.11832366598487964,0.13610758178750273,,,1,,0.0,
268,4,1,4,single_condition,shap,none,wine_quality,427,training,4,0,,-0.26778981041309763,-1.0,0.12774555472535765,-0.9456476677858663,-0.09511019458040522,0.0,0.05398056436197699,0.13610758178750273,,,0,,0.0,
268,5,1,1,single_condition,shap,none,wine_quality,1070,testing,1,1,False,,,,,,,,,0.0,0.0,1,0.6666666666666666,0.0,False
268,6,1,2,single_condition,shap,none,wine_quality,505,testing,2,1,True,1.0,0.5724317791939819,0.32896360653459944,0.08334868068571177,0.20366260169782432,1.0,0.2803880314399939,0.13610758178750273,0.0,0.0,1,0.6666666666666666,0.0,False
268,7,1,3,single_condition,shap,none,wine_quality,267,testing,3,1,False,,,,,,,,,0.0,0.0,1,0.6666666666666666,0.0,False
268,8,1,4,single_condition,shap,none,wine_quality,964,testing,4,0,True,0.6373736497854048,1.0,0.23360050380761008,0.057703988348273005,0.04837807205078087,0.0,0.16054676248283015,0.13610758178750273,1.0,0.0,0,0.6666666666666666,0.0,True
268,9,1,5,single_condition,shap,none,wine_quality,140,testing,5,0,False,,,,,,,,,1.0,0.0,0,0.6666666666666666,0.0,True
268,10,1,6,single_condition,shap,none,wine_quality,713,testing,6,0,True,-0.9572468148084877,-1.0,-0.16925017739869017,-0.021541580321359204,-0.12166815575853812,0.0,0.05704833889720434,0.13610758178750273,1.0,0.0,0,0.6666666666666666,0.0,True
269,1,1,1,single_condition,shap,attribution,wine_quality,1320,training,1,0,,-0.5038293776367261,-0.024246477441955648,-1.0,-0.2700713994712689,-0.06637172414875096,0.0,0.07294577826107973,0.13610758178750273,,,0,,0.0,
269,2,1,2,single_condition,shap,attribution,wine_quality,1067,training,2,1,,0.7514552933892165,0.5189575308890918,0.3909021201986175,1.0,0.8919986438579467,1.0,0.15691586465628504,0.13610758178750273,,,1,,0.0,
269,3,1,3,single_condition,shap,attribution,wine_quality,1241,training,3,0,,-1.0,-0.37248173813017227,-0.6658911041274361,0.1475709564260555,0.22970997097985876,0.0,0.06822223596441576,0.13610758178750273,,,0,,0.0,
269,4,1,4,single_condition,shap,attribution,wine_quality,1584,training,4,1,,0.9510981631597594,1.0,0.2517804212608261,0.26693852948725993,-0.0020856355035633084,1.0,0.1896271293087106,0.13610758178750273,,,1,,0.0,
269,5,1,1,single_condition,shap,attribution,wine_quality,470,testing,1,1,False,,,,,,,,,1.0,1.0,1,0.6666666666666666,0.0,True
269,6,1,2,single_condition,shap,attribution,wine_quality,505,testing,2,1,True,1.0,0.5724317791939819,0.32896360653459944,0.08334868068571177,0.20366260169782432,1.0,0.2803880314399939,0.13610758178750273,1.0,1.0,1,0.6666666666666666,0.0,True
269,7,1,3,single_condition,shap,attribution,wine_quality,1227,testing,3,0,False,,,,,,,,,0.0,1.0,0,0.6666666666666666,0.0,False
269,8,1,4,single_condition,shap,attribution,wine_quality,157,testing,4,0,False,,,,,,,,,1.0,0.0,0,0.6666666666666666,0.0,True
269,9,1,5,single_condition,shap,attribution,wine_quality,789,testing,5,0,True,-1.0,-0.5414259921990618,-0.9668608767429814,-0.4369775369261428,0.12774579347349996,0.0,0.048307603647790444,0.13610758178750273,1.0,0.0,0,0.6666666666666666,0.0,True
269,10,1,6,single_condition,shap,attribution,wine_quality,491,testing,6,1,True,1.0,0.6810588626381096,0.3420596647103057,0.09963238118425062,0.09832825652595008,1.0,0.25870141715298045,0.13610758178750273,1.0,1.0,1,0.6666666666666666,0.0,True
270,1,1,1,single_condition,shap,importance,wine_quality,83,training,1,0,,-1.0,0.059114322717788256,-0.17478246409908638,-0.24336650010347222,-0.08991326775163609,0.0,0.09393385631067723,0.13610758178750273,,,0,,0.0,
270,2,1,2,single_condition,shap,importance,wine_quality,1098,training,2,1,,1.0,0.5520888893629563,0.39338384382385705,0.29015208690606953,0.15744647821983748,1.0,0.2831461736781976,0.13610758178750273,,,1,,0.0,
270,3,1,3,single_condition,shap,importance,wine_quality,963,training,3,1,,1.0,0.40404584323814563,0.32584994026937,0.9526779162213106,0.7186348202157535,1.0,0.1367163955138701,0.13610758178750273,,,1,,0.0,
270,4,1,4,single_condition,shap,importance,wine_quality,1439,training,4,0,,0.11260580339342888,0.06738470653379787,-1.0,-0.20937994171970678,-0.0653280575793335,0.0,0.11951883896653441,0.13610758178750273,,,0,,0.0,
270,5,1,1,single_condition,shap,importance,wine_quality,511,testing,1,0,False,,,,,,,,,1.0,0.0,0,0.6666666666666666,0.0,True
270,6,1,2,single_condition,shap,importance,wine_quality,1539,testing,2,0,False,,,,,,,,,1.0,0.0,0,0.6666666666666666,0.0,True
270,7,1,3,single_condition,shap,importance,wine_quality,707,testing,3,0,True,-0.1202758593718227,-1.0,0.026370153556892557,-0.03764813748271409,-0.10517222147088764,0.0,0.092990370367794,0.13610758178750273,0.0,1.0,0,0.6666666666666666,0.0,False
270,8,1,4,single_condition,shap,importance,wine_quality,491,testing,4,1,True,1.0,0.6810588626381096,0.3420596647103057,0.09963238118425062,0.09832825652595008,1.0,0.25870141715298045,0.13610758178750273,1.0,1.0,1,0.6666666666666666,0.0,True
270,9,1,5,single_condition,shap,importance,wine_quality,882,testing,5,1,True,1.0,0.6729025071690822,0.3317376331236554,0.299731531530335,0.12839001321668217,1.0,0.2362039004460372,0.13610758178750273,1.0,1.0,1,0.6666666666666666,0.0,True
270,10,1,6,single_condition,shap,importance,wine_quality,1586,testing,6,1,False,,,,,,,,,0.0,0.0,1,0.6666666666666666,0.0,False
271,1,1,1,single_condition,integrated_gradients,none,wine_quality,1402,training,1,1,,0.8360968533928926,1.0,0.24790756059912047,0.031235057510658925,-0.2793243489775321,1.0,0.2504304349422455,0.11934235692024231,,,1,,0.0,
271,2,1,2,single_condition,integrated_gradients,none,wine_quality,151,training,2,0,,-1.0,0.23863645585419999,-0.3295511733145654,0.018400634653508382,-0.7114485255348258,0.0,0.0670216903090477,0.11934235692024231,,,0,,0.0,
271,3,1,3,single_condition,integrated_gradients,none,wine_quality,31,training,3,0,,0.12152457105625875,-1.0,0.09606489668687915,0.11111270064266245,-0.7627843327751723,0.0,0.05471749231219292,0.11934235692024231,,,0,,0.0,
271,4,1,4,single_condition,integrated_gradients,none,wine_quality,922,training,4,1,,0.3122295834542099,1.0,-0.0006438789628159473,0.05454867704563902,0.015884868123472787,1.0,0.3567807972431183,0.11934235692024231,,,1,,0.0,
271,5,1,1,single_condition,integrated_gradients,none,wine_quality,1172,testing,1,1,True,1.0,0.6567458212961618,0.6419196250879587,0.060770374101252106,0.14322338121153724,1.0,0.2266080230474472,0.11934235692024231,1.0,1.0,1,0.6666666666666666,0.0,True
271,6,1,2,single_condition,integrated_gradients,none,wine_quality,960,testing,2,0,False,,,,,,,,,0.0,1.0,0,0.6666666666666666,0.0,False
271,7,1,3,single_condition,integrated_gradients,none,wine_quality,496,testing,3,0,False,,,,,,,,,0.0,1.0,0,0.6666666666666666,0.0,False
271,8,1,4,single_condition,integrated_gradients,none,wine_quality,1556,testing,4,0,True,-0.44772248465239683,-0.7232675059604701,-0.08411105871899405,-1.0,-0.1502713780442517,0.0,0.04715776816010475,0.11934235692024231,0.0,1.0,0,0.6666666666666666,0.0,False
271,9,1,5,single_condition,integrated_gradients,none,wine_quality,495,testing,5,1,True,0.7627698291833587,-0.07433909188790704,0.5874679658172718,1.0,0.3779110608867721,1.0,0.15362054109573364,0.11934235692024231,1.0,1.0,1,0.6666666666666666,0.0,True
271,10,1,6,single_condition,integrated_gradients,none,wine_quality,1070,testing,6,1,False,,,,,,,,,1.0,1.0,1,0.6666666666666666,0.0,True
272,1,1,1,single_condition,integrated_gradients,attribution,wine_quality,805,training,1,1,,0.9319614795110971,0.3581201989484964,1.0,0.18440140280784115,-0.05673348279975602,1.0,0.2597937285900116,0.11934235692024231,,,1,,0.0,
272,2,1,2,single_condition,integrated_gradients,attribution,wine_quality,645,training,2,0,,-0.9682052789890415,0.7237463498008119,-0.7913974998315461,-1.0,0.06222991510673352,0.0,0.02979942038655281,0.11934235692024231,,,0,,0.0,
272,3,1,3,single_condition,integrated_gradients,attribution,wine_quality,509,training,3,1,,0.3279986661857467,0.08470908253952818,0.037463715093551654,0.29012650846575044,1.0,1.0,0.38735008239746094,0.11934235692024231,,,1,,0.0,
272,4,1,4,single_condition,integrated_gradients,attribution,wine_quality,854,training,4,0,,0.055147202337057055,1.0,-0.051142246898756474,-0.21450047896879637,0.1277589626474946,0.0,0.14773021638393402,0.11934235692024231,,,0,,0.0,
272,5,1,1,single_condition,integrated_gradients,attribution,wine_quality,687,testing,1,0,True,-1.0,-0.8912730524989322,-0.017383564969404925,-0.5227278583918765,0.017254165673575437,0.0,0.03946581855416298,0.11934235692024231,1.0,0.0,0,0.6666666666666666,0.0,True
272,6,1,2,single_condition,integrated_gradients,attribution,wine_quality,782,testing,2,0,True,-0.29010593873431423,-1.0,-0.8924528900954104,-0.7575818872432675,0.08595606432350968,0.0,0.042708076536655426,0.11934235692024231,1.0,0.0,0,0.6666666666666666,0.0,True
272,7,1,3,single_condition,integrated_gradients,attribution,wine_quality,1107,testing,3,1,True,1.0,0.5650285667751683,0.21197513945137286,0.3375039206284542,0.125112714754478,1.0,0.2810623049736023,0.11934235692024231,1.0,1.0,1,0.6666666666666666,0.0,True
272,8,1,4,single_condition,integrated_gradients,attribution,wine_quality,470,testing,4,1,False,,,,,,,,,0.0,0.0,1,0.6666666666666666,0.0,False
272,9,1,5,single_condition,integrated_gradients,attribution,wine_quality,1574,testing,5,0,False,,,,,,,,,1.0,0.0,0,0.6666666666666666,0.0,True
272,10,1,6,single_condition,integrated_gradients,attribution,wine_quality,588,testing,6,1,False,,,,,,,,,0.0,0.0,1,0.6666666666666666,0.0,False
273,1,1,1,single_condition,integrated_gradients,importance,wine_quality,840,training,1,1,,0.8275649267163795,1.0,0.372890743745404,-0.012961592029215029,0.24985493675921927,1.0,0.21499678492546082,0.11934235692024231,,,1,,0.0,
273,2,1,2,single_condition,integrated_gradients,importance,wine_quality,913,training,2,1,,0.801719322099025,-0.15709642945551414,1.0,0.058249898857972576,0.16478765716270288,1.0,0.24198800325393677,0.11934235692024231,,,1,,0.0,
273,3,1,3,single_condition,integrated_gradients,importance,wine_quality,334,training,3,0,,1.0,0.6055163811780722,0.04080573049947925,-0.20374176035641064,-0.03257506200094784,0.0,0.20079007744789124,0.11934235692024231,,,0,,0.0,
273,4,1,4,single_condition,integrated_gradients,importance,wine_quality,548,training,4,0,,-0.020974657919017408,0.6454852404019202,-1.0,-0.3698211056603837,0.44626813526604203,0.0,0.12477639317512512,0.11934235692024231,,,0,,0.0,
273,5,1,1,single_condition,integrated_gradients,importance,wine_quality,1051,testing,1,0,False,,,,,,,,,1.0,0.0,0,0.6666666666666666,0.0,True
273,6,1,2,single_condition,integrated_gradients,importance,wine_quality,1128,testing,2,0,True,-0.15066507419100392,0.1079457490153521,-1.0,-0.06750131560293143,0.0701023846628623,0.0,0.10925813764333725,0.11934235692024231,1.0,0.0,0,0.6666666666666666,0.0,True
273,7,1,3,single_condition,integrated_gradients,importance,wine_quality,1132,testing,3,1,True,0.4812888022961948,1.0,0.1393946635732305,0.05648213109086916,-0.0996204939500747,1.0,0.4302695691585541,0.11934235692024231,1.0,1.0,1,0.6666666666666666,0.0,True
273,8,1,4,single_condition,integrated_gradients,importance,wine_quality,163,testing,4,0,True,-0.25295591553368196,-0.6934431150880163,-1.0,0.023424660396496252,-0.04606267650793973,0.0,0.06061898544430733,0.11934235692024231,1.0,0.0,0,0.6666666666666666,0.0,True
273,9,1,5,single_condition,integrated_gradients,importance,wine_quality,505,testing,5,1,False,,,,,,,,,1.0,1.0,1,0.6666666666666666,0.0,True
273,10,1,6,single_condition,integrated_gradients,importance,wine_quality,470,testing,6,1,False,,,,,,,,,0.0,0.0,1,0.6666666666666666,0.0,False
274,1,1,1,single_condition,input_gradients,none,wine_quality,529,training,1,0,,0.12479476392437765,0.2828918823101661,-0.17784487768423407,-1.0,0.0078817138269843,0.0,0.03698769956827164,0.0,,,0,,0.0,
274,2,1,2,single_condition,input_gradients,none,wine_quality,817,training,2,1,,0.5422765907614563,1.0,-0.21274982456087968,-0.027317524214374795,-0.09457969959272482,1.0,0.6787264943122864,0.0,,,1,,0.0,
274,3,1,3,single_condition,input_gradients,none,wine_quality,477,training,3,1,,1.0,0.5212494004250746,0.06338885051524422,0.07019686093818019,-0.04619375996756482,1.0,0.4677932560443878,0.0,,,1,,0.0,
274,4,1,4,single_condition,input_gradients,none,wine_quality,1309,training,4,0,,0.0,-0.11261665899136145,-1.0,-0.5734749656038123,-0.1890170618289533,0.0,0.0026108352467417717,0.0,,,0,,0.0,
274,5,1,1,single_condition,input_gradients,none,wine_quality,999,testing,1,0,True,-0.04696341963220971,0.34346367828080365,-0.0038831245710410456,1.0,0.13136467787811582,0.0,0.19164501130580902,0.0,0.0,1.0,0,0.6666666666666666,0.0,False
274,6,1,2,single_condition,input_gradients,none,wine_quality,1172,testing,2,1,True,0.320615655700084,1.0,-0.060591170399503916,0.02444917991714029,-0.7756689322474171,1.0,0.24414539337158203,0.0,1.0,1.0,1,0.6666666666666666,0.0,True
274,7,1,3,single_condition,input_gradients,none,wine_quality,1405,testing,3,1,False,,,,,,,,,1.0,1.0,1,0.6666666666666666,0.0,True
274,8,1,4,single_condition,input_gradients,none,wine_quality,820,testing,4,0,True,0.2572977152026243,0.5018532087895281,0.00808613071425958,-1.0,-0.10366408812799295,0.0,0.04520702362060547,0.0,0.0,1.0,0,0.6666666666666666,0.0,False
274,9,1,5,single_condition,input_gradients,none,wine_quality,495,testing,5,1,False,,,,,,,,,1.0,1.0,1,0.6666666666666666,0.0,True
274,10,1,6,single_condition,input_gradients,none,wine_quality,782,testing,6,0,False,,,,,,,,,1.0,0.0,0,0.6666666666666666,0.0,True
275,1,1,1,single_condition,input_gradients,attribution,wine_quality,657,training,1,0,,0.7286950365273003,0.011039096037358254,0.190997608164965,-1.0,0.5005712800514888,0.0,1.0053744316101074,0.0,,,0,,0.0,
275,2,1,2,single_condition,input_gradients,attribution,wine_quality,1015,training,2,1,,1.0,0.10482924847637327,-0.11051772983531616,-0.10543563140290159,-0.0,1.0,0.2854897379875183,0.0,,,1,,0.0,
275,3,1,3,single_condition,input_gradients,attribution,wine_quality,817,training,3,1,,0.5422765907614563,1.0,-0.21274982456087968,-0.027317524214374795,-0.09457969959272482,1.0,0.6787264943122864,0.0,,,1,,0.0,
275,4,1,4,single_condition,input_gradients,attribution,wine_quality,938,training,4,0,,1.0,0.8366254453241241,-0.5595981217262678,-0.18302729211858954,-0.4266046698194072,0.0,0.7346614003181458,0.0,,,0,,0.0,
275,5,1,1,single_condition,input_gradients,attribution,wine_quality,1070,testing,1,1,True,1.0,-0.5489506351051219,-0.11454849671491638,-0.07005530919384355,-0.2950553713250431,1.0,0.5756011009216309,0.0,0.0,0.0,1,0.6666666666666666,0.0,False
275,6,1,2,single_condition,input_gradients,attribution,wine_quality,1018,testing,2,1,True,-1.0,0.09363786336312607,-0.24391690325119011,0.3573157119007806,-0.11497756401063845,1.0,0.03870660811662674,0.0,0.0,0.0,1,0.6666666666666666,0.0,False
275,7,1,3,single_condition,input_gradients,attribution,wine_quality,739,testing,3,0,False,,,,,,,,,1.0,0.0,0,0.6666666666666666,0.0,True
275,8,1,4,single_condition,input_gradients,attribution,wine_quality,1357,testing,4,0,False,,,,,,,,,1.0,0.0,0,0.6666666666666666,0.0,True
275,9,1,5,single_condition,input_gradients,attribution,wine_quality,1029,testing,5,0,True,1.0,0.6021295065397639,-0.009081107615197384,-0.7055994598040447,0.07970076163910861,0.0,0.06491239368915558,0.0,0.0,1.0,0,0.6666666666666666,0.0,False
275,10,1,6,single_condition,input_gradients,attribution,wine_quality,940,testing,6,1,False,,,,,,,,,1.0,1.0,1,0.6666666666666666,0.0,True
276,1,1,1,single_condition,input_gradients,importance,wine_quality,762,training,1,0,,0.2432098317056486,0.2105918250680597,0.006164789267476048,-1.0,0.011784489981016387,0.0,0.03990090265870094,0.0,,,0,,0.0,
276,2,1,2,single_condition,input_gradients,importance,wine_quality,11,training,2,0,,0.34484175063599865,-0.11329108857587804,-1.0,-0.07678353150257489,-0.1246151217232876,0.0,0.0006115249707363546,0.0,,,0,,0.0,
276,3,1,3,single_condition,input_gradients,importance,wine_quality,821,training,3,1,,0.2534140576799544,1.0,-0.03914143021750747,0.5327019197882681,0.9423282369842112,1.0,0.5020785927772522,0.0,,,1,,0.0,
276,4,1,4,single_condition,input_gradients,importance,wine_quality,1076,training,4,1,,1.0,0.4594618131562365,0.007504367348297408,-0.05920959801258075,-0.06823778243425657,1.0,0.3464917540550232,0.0,,,1,,0.0,
276,5,1,1,single_condition,input_gradients,importance,wine_quality,1586,testing,1,1,False,,,,,,,,,0.0,0.0,1,0.6666666666666666,0.0,False
276,6,1,2,single_condition,input_gradients,importance,wine_quality,870,testing,2,0,False,,,,,,,,,0.0,1.0,0,0.6666666666666666,0.0,False
276,7,1,3,single_condition,input_gradients,importance,wine_quality,1396,testing,3,0,True,0.19229303233777137,0.4489487495915569,0.0,-1.0,-0.02484979910182864,0.0,0.04570614919066429,0.0,0.0,1.0,0,0.6666666666666666,0.0,False
276,8,1,4,single_condition,input_gradients,importance,wine_quality,491,testing,4,1,True,-0.10039188879760244,1.0,-0.1415879062158207,-0.28091119468530185,-0.024698237698478967,1.0,0.37406253814697266,0.0,1.0,1.0,1,0.6666666666666666,0.0,True
276,9,1,5,single_condition,input_gradients,importance,wine_quality,528,testing,5,0,False,,,,,,,,,1.0,0.0,0,0.6666666666666666,0.0,True
276,10,1,6,single_condition,input_gradients,importance,wine_quality,1205,testing,6,1,True,0.3356580125302575,1.0,0.2361903698358597,-0.06403561047426455,0.3697019963479949,1.0,0.6439642906188965,0.0,1.0,1.0,1,0.6666666666666666,0.0,True
277,1,1,1,single_condition,lime,none,wine_quality,1296,training,1,0,,-1.0,-0.5036043492740582,-0.7063650365149641,-0.35814737254125945,0.41886845200199024,0.0,0.09084455236941842,0.13133543225065505,,,0,,0.0,
277,2,1,2,single_condition,lime,none,wine_quality,467,training,2,1,,1.0,0.5167657983871718,0.25785518554470566,0.08197823065179287,-0.043356202034943274,1.0,0.19471707388058238,0.006799269848516712,,,1,,0.0,
277,3,1,3,single_condition,lime,none,wine_quality,444,training,3,1,,1.0,0.5404863524182352,0.17447906344242078,-0.10319473394233998,-0.19840615552385027,1.0,0.19345027740639395,0.02579187512724282,,,1,,0.0,
277,4,1,4,single_condition,lime,none,wine_quality,399,training,4,0,,-1.0,-0.5009465987229382,0.10037636000836259,-0.6377742126397499,0.5242911769887192,0.0,0.11497396101320004,0.14459752855693994,,,0,,0.0,
277,5,1,1,single_condition,lime,none,wine_quality,495,testing,1,1,False,,,,,,,,,1.0,1.0,1,0.6666666666666666,0.0,True
277,6,1,2,single_condition,lime,none,wine_quality,939,testing,2,0,False,,,,,,,,,0.0,1.0,0,0.6666666666666666,0.0,False
277,7,1,3,single_condition,lime,none,wine_quality,523,testing,3,0,True,-1.0,-0.5039979095069821,-0.7791274741559419,0.06240593223488446,0.01967247700383758,0.0,0.09591996509430616,0.14458861117125593,1.0,0.0,0,0.6666666666666666,0.0,True
277,8,1,4,single_condition,lime,none,wine_quality,166,testing,4,0,False,,,,,,,,,1.0,0.0,0,0.6666666666666666,0.0,True
277,9,1,5,single_condition,lime,none,wine_quality,1405,testing,5,1,True,1.0,0.5541675656916563,0.16400854758341563,0.42388290179454413,-0.10538073174694468,1.0,0.17619665694788456,-0.0014464501722201845,1.0,1.0,1,0.6666666666666666,0.0,True
277,10,1,6,single_condition,lime,none,wine_quality,1061,testing,6,1,True,1.0,0.21917493112157374,0.2981315295042141,0.1307261274741776,0.28164921659227315,1.0,0.1940081476779014,-0.005455033785936272,1.0,1.0,1,0.6666666666666666,0.0,True
278,1,1,1,single_condition,lime,attribution,wine_quality,444,training,1,1,,1.0,0.5404863524182352,0.17447906344242078,-0.10319473394233998,-0.19840615552385027,1.0,0.19345027740639395,0.02579187512724282,,,1,,0.0,
278,2,1,2,single_condition,lime,attribution,wine_quality,345,training,2,0,,-0.8589188324263268,0.9075861339315078,-1.0,-0.7321077401998367,-0.3125509506101497,0.0,0.07912186919012151,0.12376108100271976,,,0,,0.0,
278,3,1,3,single_condition,lime,attribution,wine_quality,1450,training,3,1,,1.0,0.19169804745868085,0.266684819737597,0.5731026669906213,0.06420367566021142,1.0,0.18036292576085045,-0.010217271029224456,,,1,,0.0,
278,4,1,4,single_condition,lime,attribution,wine_quality,1078,training,4,0,,0.28211985700320985,-0.5372907813559045,1.0,0.8722325238411037,-0.061850495359316325,0.0,0.062029341589572774,0.06258900137220917,,,0,,0.0,
278,5,1,1,single_condition,lime,attribution,wine_quality,377,testing,1,1,True,1.0,0.6119236759242317,0.32084298235388936,0.32026852183621,0.0897697182276162,1.0,0.19935884867613213,-0.0244822267496725,1.0,1.0,1,0.6666666666666666,0.0,True
278,6,1,2,single_condition,lime,attribution,wine_quality,1552,testing,2,0,True,1.0,0.11685625280748303,0.044203783187884454,-0.4259987819569006,-0.29236602407642015,0.0,0.15074433693858333,0.06548553290407863,0.0,1.0,0,0.6666666666666666,0.0,False
278,7,1,3,single_condition,lime,attribution,wine_quality,1399,testing,3,0,False,,,,,,,,,0.0,1.0,0,0.6666666666666666,0.0,False
278,8,1,4,single_condition,lime,attribution,wine_quality,1250,testing,4,0,False,,,,,,,,,0.0,1.0,0,0.6666666666666666,0.0,False
278,9,1,5,single_condition,lime,attribution,wine_quality,1586,testing,5,1,False,,,,,,,,,1.0,1.0,1,0.6666666666666666,0.0,True
278,10,1,6,single_condition,lime,attribution,wine_quality,1016,testing,6,1,True,1.0,0.5521110310413974,0.16082424704795914,0.4559249206045227,0.004517175208741,1.0,0.18456715532761875,-0.0016061543787671828,1.0,1.0,1,0.6666666666666666,0.0,True
279,1,1,1,single_condition,lime,importance,wine_quality,365,training,1,1,,1.0,0.5495664678305577,0.24045017676470365,-0.07964901593187268,-0.025747557722755342,1.0,0.19247638101158007,0.013969452676098781,,,1,,0.0,
279,2,1,2,single_condition,lime,importance,wine_quality,844,training,2,0,,-0.008169203241808915,1.0,-0.07010559357140903,0.824521225640942,0.3277223007964831,0.0,0.09673494458307223,0.04556723005079638,,,0,,0.0,
279,3,1,3,single_condition,lime,importance,wine_quality,1477,training,3,1,,1.0,0.4436996440677451,-0.35451580531118093,0.09967238374328449,-0.1530846784957922,1.0,0.2090441890977976,0.040864616924671374,,,1,,0.0,
279,4,1,4,single_condition,lime,importance,wine_quality,1419,training,4,0,,-0.9730328975561585,-0.6475006588200704,-1.0,-0.8778940202250963,0.0914610729483318,0.0,0.07411884970185471,0.1567038624753218,,,0,,0.0,
279,5,1,1,single_condition,lime,importance,wine_quality,495,testing,1,1,True,-0.02569801234890744,0.23842511928573557,0.8068870692913274,1.0,0.34492681741217185,1.0,0.0664652202907216,0.0513565491700694,1.0,1.0,1,0.6666666666666666,0.0,True
279,6,1,2,single_condition,lime,importance,wine_quality,1120,testing,2,1,True,1.0,0.13084092454609125,0.28616597494088086,-0.14590036814121582,0.13146856543937072,1.0,0.1983950500120257,0.0240664497831483,1.0,1.0,1,0.6666666666666666,0.0,True
279,7,1,3,single_condition,lime,importance,wine_quality,733,testing,3,0,False,,,,,,,,,0.0,1.0,0,0.6666666666666666,0.0,False
279,8,1,4,single_condition,lime,importance,wine_quality,666,testing,4,0,False,,,,,,,,,0.0,1.0,0,0.6666666666666666,0.0,False
279,9,1,5,single_condition,lime,importance,wine_quality,1132,testing,5,1,False,,,,,,,,,1.0,1.0,1,0.6666666666666666,0.0,True
279,10,1,6,single_condition,lime,importance,wine_quality,725,testing,6,0,True,0.08610331122150523,-0.8198720350158761,0.686639415739295,-1.0,-0.08012637664218566,0.0,0.06885308906469187,0.1019698120813164,0.0,1.0,0,0.6666666666666666,0.0,False
280,1,1,1,single_condition,shap,none,wine_quality,1209,training,1,1,,0.6878833313085905,1.0,0.2305145323934184,0.15288962040381449,-0.12552639137554958,1.0,0.20376455593868392,0.13610758178750273,,,1,,0.0,
280,2,1,2,single_condition,shap,none,wine_quality,942,training,2,0,,-1.0,-0.15668426433945326,-0.34164883106443233,0.17256483195738043,0.23198457226436708,0.0,0.048795262344666544,0.13610758178750273,,,0,,0.0,
280,3,1,3,single_condition,shap,none,wine_quality,341,training,3,1,,0.9600957727019326,1.0,0.4184749093288789,0.26549648569979994,0.13991700622135267,1.0,0.14857894626142878,0.13610758178750273,,,1,,0.0,
280,4,1,4,single_condition,shap,none,wine_quality,1339,training,4,0,,-0.1496212465281192,-1.0,0.10472371221236637,-0.04404707260122854,-0.09263590498857689,0.0,0.08299814359983654,0.13610758178750273,,,0,,0.0,
280,5,1,1,single_condition,shap,none,wine_quality,735,testing,1,0,True,-0.8718129012217545,-0.8056040267621668,0.14788486955131475,-1.0,-0.05798516463461166,0.0,0.052531243653716024,0.13610758178750273,0.0,1.0,0,0.6666666666666666,0.0,False
280,6,1,2,single_condition,shap,none,wine_quality,1278,testing,2,0,True,-1.0,-0.6780225115445847,-0.9020756391041072,-0.476152140835085,-0.07222094723154414,0.0,0.04350276775377847,0.13610758178750273,1.0,0.0,0,0.6666666666666666,0.0,True
280,7,1,3,single_condition,shap,none,wine_quality,1121,testing,3,0,False,,,,,,,,,0.0,1.0,0,0.6666666666666666,0.0,False
280,8,1,4,single_condition,shap,none,wine_quality,940,testing,4,1,True,1.0,0.6381160802928669,0.3388517189318534,0.19169429923146297,-0.05185867282523297,1.0,0.2549338370442099,0.13610758178750273,1.0,1.0,1,0.6666666666666666,0.0,True
280,9,1,5,single_condition,shap,none,wine_quality,1586,testing,5,1,False,,,,,,,,,0.0,0.0,1,0.6666666666666666,0.0,False
280,10,1,6,single_condition,shap,none,wine_quality,470,testing,6,1,False,,,,,,,,,0.0,0.0,1,0.6666666666666666,0.0,False
281,1,1,1,single_condition,shap,attribution,wine_quality,101,training,1,0,,-0.3559781975845339,-1.0,0.24452967773924686,-0.04900439069040481,-0.04604055598493494,0.0,0.06791228263426666,0.13610758178750273,,,0,,0.0,
281,2,1,2,single_condition,shap,attribution,wine_quality,498,training,2,1,,0.9596685955011035,0.22154991418180783,0.7921837660034653,1.0,0.8942901702986531,1.0,0.10286238380804455,0.13610758178750273,,,1,,0.0,
281,3,1,3,single_condition,shap,attribution,wine_quality,1189,training,3,0,,-0.8507774435587165,-1.0,0.16413010195719618,-0.9494742228286915,-0.08118394452120108,0.0,0.049994591724380484,0.13610758178750273,,,0,,0.0,
281,4,1,4,single_condition,shap,attribution,wine_quality,807,training,4,1,,1.0,0.28085612148097727,0.4443056768388943,0.3383683212587478,0.017378492593972807,1.0,0.2942558684529958,0.13610758178750273,,,1,,0.0,
281,5,1,1,single_condition,shap,attribution,wine_quality,947,testing,1,1,False,,,,,,,,,1.0,1.0,1,0.6666666666666666,0.0,True
281,6,1,2,single_condition,shap,attribution,wine_quality,377,testing,2,1,True,1.0,0.41954149749851716,0.33040241289541733,0.3408358853732444,0.14012417211352032,1.0,0.2952428951486458,0.13610758178750273,0.0,0.0,1,0.6666666666666666,0.0,False
281,7,1,3,single_condition,shap,attribution,wine_quality,491,testing,3,1,False,,,,,,,,,0.0,0.0,1,0.6666666666666666,0.0,False
281,8,1,4,single_condition,shap,attribution,wine_quality,906,testing,4,0,True,0.2629475138646372,0.39284952030645276,-1.0,0.0031886720435262204,-0.013918599909008908,0.0,0.0978458027213328,0.13610758178750273,1.0,0.0,0,0.6666666666666666,0.0,True
281,9,1,5,single_condition,shap,attribution,wine_quality,1029,testing,5,0,True,-0.3042516615507396,-1.0,0.2510628809773706,-0.2573146171302366,-0.0754095054350795,0.0,0.06362569878216395,0.13610758178750273,1.0,0.0,0,0.6666666666666666,0.0,True
281,10,1,6,single_condition,shap,attribution,wine_quality,1128,testing,6,0,False,,,,,,,,,1.0,0.0,0,0.6666666666666666,0.0,True
282,1,1,1,single_condition,shap,importance,wine_quality,312,training,1,0,,-0.7242316454431467,-0.1454937286651632,-1.0,-0.02878947087073444,-0.08159564025028142,0.0,0.06873673613763986,0.13610758178750273,,,0,,0.0,
282,2,1,2,single_condition,shap,importance,wine_quality,326,training,2,1,,1.0,0.6216416847293003,0.4361816596788452,-0.0513455831873346,0.4027381600667089,1.0,0.18292049544623298,0.13610758178750273,,,1,,0.0,
282,3,1,3,single_condition,shap,importance,wine_quality,369,training,3,1,,1.0,0.41954149749851716,0.33040241289541733,0.3408358853732444,0.14012417211352032,1.0,0.2952428951486458,0.13610758178750273,,,1,,0.0,
282,4,1,4,single_condition,shap,importance,wine_quality,1343,training,4,0,,-0.1496212465281192,-1.0,0.10472371221236637,-0.04404707260122854,-0.09263590498857689,0.0,0.08299814359983654,0.13610758178750273,,,0,,0.0,
282,5,1,1,single_condition,shap,importance,wine_quality,242,testing,1,0,False,,,,,,,,,1.0,0.0,0,0.6666666666666666,0.0,True
282,6,1,2,single_condition,shap,importance,wine_quality,882,testing,2,1,False,,,,,,,,,1.0,1.0,1,0.6666666666666666,0.0,True
282,7,1,3,single_condition,shap,importance,wine_quality,964,testing,3,0,True,0.6373736497854048,1.0,0.23360050380761008,0.057703988348273005,0.04837807205078087,0.0,0.16054676248283015,0.13610758178750273,0.0,1.0,0,0.6666666666666666,0.0,False
282,8,1,4,single_condition,shap,importance,wine_quality,194,testing,4,0,False,,,,,,,,,0.0,1.0,0,0.6666666666666666,0.0,False
282,9,1,5,single_condition,shap,importance,wine_quality,950,testing,5,1,True,1.0,0.5209027360908555,0.3169998886609152,0.5320230520696715,-0.14107916496768264,1.0,0.2944526395122611,0.13610758178750273,1.0,1.0,1,0.6666666666666666,0.0,True
282,10,1,6,single_condition,shap,importance,wine_quality,940,testing,6,1,True,1.0,0.6381160802928669,0.3388517189318534,0.19169429923146297,-0.05185867282523297,1.0,0.2549338370442099,0.13610758178750273,1.0,1.0,1,0.6666666666666666,0.0,True
283,1,1,1,single_condition,integrated_gradients,none,wine_quality,821,training,1,1,,1.0,0.8929713698671571,0.04992814023819624,-0.4114921957250946,0.46231698042985503,1.0,0.19410350918769836,0.11934235692024231,,,1,,0.0,
283,2,1,2,single_condition,integrated_gradients,none,wine_quality,775,training,2,0,,-0.20762798625173337,-1.0,-0.07712381665494618,-0.9290480144373745,-0.02188345939912054,0.0,0.05276218056678772,0.11934235692024231,,,0,,0.0,
283,3,1,3,single_condition,integrated_gradients,none,wine_quality,1326,training,3,0,,0.17371346674261812,-1.0,0.307391948270431,-0.13736985337428706,-0.5164648541547602,0.0,0.04763571918010712,0.11934235692024231,,,0,,0.0,
283,4,1,4,single_condition,integrated_gradients,none,wine_quality,949,training,4,1,,0.9292463754867129,1.0,0.8713253344314483,0.691984394022342,-0.3251052284783838,1.0,0.21418516337871552,0.11934235692024231,,,1,,0.0,
283,5,1,1,single_condition,integrated_gradients,none,wine_quality,1424,testing,1,0,True,-1.0,0.5037788706059733,0.15370944467040798,-0.8001918187800203,0.4004511331159342,0.0,0.0549999438226223,0.11934235692024231,1.0,0.0,0,0.6666666666666666,0.0,True
283,6,1,2,single_condition,integrated_gradients,none,wine_quality,1029,testing,2,0,True,0.07055760604553037,-1.0,-0.020729666115133483,-0.15839541575307337,-0.003297828994245585,0.0,0.0639779269695282,0.11934235692024231,1.0,0.0,0,0.6666666666666666,0.0,True
283,7,1,3,single_condition,integrated_gradients,none,wine_quality,1267,testing,3,1,False,,,,,,,,,0.0,0.0,1,0.6666666666666666,0.0,False
283,8,1,4,single_condition,integrated_gradients,none,wine_quality,1172,testing,4,1,False,,,,,,,,,0.0,0.0,1,0.6666666666666666,0.0,False
283,9,1,5,single_condition,integrated_gradients,none,wine_quality,1590,testing,5,1,False,,,,,,,,,1.0,1.0,1,0.6666666666666666,0.0,True
283,10,1,6,single_condition,integrated_gradients,none,wine_quality,1250,testing,6,0,True,0.7213951622145233,-1.0,0.2269147505992577,0.09033103306954628,-0.7640384954052462,0.0,0.04118591919541359,0.11934235692024231,0.0,1.0,0,0.6666666666666666,0.0,False
284,1,1,1,single_condition,integrated_gradients,attribution,wine_quality,1549,training,1,1,,1.0,0.5690635306282371,0.8901204968888647,0.17804728629383904,0.4115227407289873,1.0,0.14687854051589966,0.11934235692024231,,,1,,0.0,
284,2,1,2,single_condition,integrated_gradients,attribution,wine_quality,1167,training,2,1,,0.3159495110023661,1.0,-0.03224378759752046,-0.05519417629208358,-0.010568625496272752,1.0,0.4618772864341736,0.11934235692024231,,,1,,0.0,
284,3,1,3,single_condition,integrated_gradients,attribution,wine_quality,1072,training,3,0,,-0.6309195386756696,-0.9912149795520412,-1.0,-0.4846443805298012,-0.42474768062070417,0.0,0.03388712927699089,0.11934235692024231,,,0,,0.0,
284,4,1,4,single_condition,integrated_gradients,attribution,wine_quality,944,training,4,0,,1.0,-0.20329400672734768,0.8806045277554186,0.20429802619665494,0.21331615098039547,0.0,0.16696323454380035,0.11934235692024231,,,0,,0.0,
284,5,1,1,single_condition,integrated_gradients,attribution,wine_quality,1508,testing,1,0,True,0.26763639379663284,1.0,0.6100525832910265,-0.4290399022054683,-0.4434059058774199,0.0,0.07199887931346893,0.11934235692024231,0.0,1.0,0,0.6666666666666666,0.0,False
284,6,1,2,single_condition,integrated_gradients,attribution,wine_quality,495,testing,2,1,True,0.7627698291833587,-0.07433909188790704,0.5874679658172718,1.0,0.3779110608867721,1.0,0.15362054109573364,0.11934235692024231,1.0,1.0,1,0.6666666666666666,0.0,True
284,7,1,3,single_condition,integrated_gradients,attribution,wine_quality,940,testing,3,1,True,0.8349381680756318,1.0,0.7107517363051021,0.02288573180290761,-0.16444487487917717,1.0,0.231907919049263,0.11934235692024231,1.0,1.0,1,0.6666666666666666,0.0,True
284,8,1,4,single_condition,integrated_gradients,attribution,wine_quality,1291,testing,4,0,False,,,,,,,,,0.0,1.0,0,0.6666666666666666,0.0,False
284,9,1,5,single_condition,integrated_gradients,attribution,wine_quality,707,testing,5,0,False,,,,,,,,,0.0,1.0,0,0.6666666666666666,0.0,False
284,10,1,6,single_condition,integrated_gradients,attribution,wine_quality,1107,testing,6,1,False,,,,,,,,,1.0,1.0,1,0.6666666666666666,0.0,True
285,1,1,1,single_condition,integrated_gradients,importance,wine_quality,365,training,1,1,,1.0,0.7877517624079585,0.1101461593372358,0.04851648617834103,0.11851442946849773,1.0,0.23314876854419708,0.11934235692024231,,,1,,0.0,
285,2,1,2,single_condition,integrated_gradients,importance,wine_quality,1002,training,2,1,,1.0,0.8670743379692042,0.31407871655523184,0.22804987038564128,0.1677630240671715,1.0,0.23661020398139954,0.11934235692024231,,,1,,0.0,
285,3,1,3,single_condition,integrated_gradients,importance,wine_quality,1443,training,3,0,,0.2082657995174915,-1.0,0.2649355590082271,0.03834723294108295,-0.07944488975984626,0.0,0.1492128074169159,0.11934235692024231,,,0,,0.0,
285,4,1,4,single_condition,integrated_gradients,importance,wine_quality,360,training,4,0,,-1.0,0.19106613494532398,-0.6293466011269632,-0.6098819401939689,-0.1251893941784085,0.0,0.05903802812099457,0.11934235692024231,,,0,,0.0,
285,5,1,1,single_condition,integrated_gradients,importance,wine_quality,452,testing,1,0,False,,,,,,,,,0.0,1.0,0,0.6666666666666666,0.0,False
285,6,1,2,single_condition,integrated_gradients,importance,wine_quality,800,testing,2,0,False,,,,,,,,,1.0,0.0,0,0.6666666666666666,0.0,True
285,7,1,3,single_condition,integrated_gradients,importance,wine_quality,544,testing,3,0,False,,,,,,,,,0.0,1.0,0,0.6666666666666666,0.0,False
285,8,1,4,single_condition,integrated_gradients,importance,wine_quality,1267,testing,4,1,True,1.0,0.40648223399424066,0.004126733837811693,0.3680074471252802,0.2081709769962038,1.0,0.27443927526474,0.11934235692024231,1.0,1.0,1,0.6666666666666666,0.0,True
285,9,1,5,single_condition,integrated_gradients,importance,wine_quality,947,testing,5,1,True,0.8770849772974707,-0.33767035468482304,1.0,0.20290609782342664,0.19467849138422133,1.0,0.2259998321533203,0.11934235692024231,1.0,1.0,1,0.6666666666666666,0.0,True
285,10,1,6,single_condition,integrated_gradients,importance,wine_quality,950,testing,6,1,True,0.9292463754867129,1.0,0.8713253344314483,0.691984394022342,-0.3251052284783838,1.0,0.21418516337871552,0.11934235692024231,1.0,1.0,1,0.6666666666666666,0.0,True
286,1,1,1,single_condition,input_gradients,none,wine_quality,547,training,1,0,,1.0,-0.41588374395535826,-0.07349595495782114,-0.05190879629419643,-0.6095121478157215,0.0,0.55193030834198,0.0,,,0,,0.0,
286,2,1,2,single_condition,input_gradients,none,wine_quality,346,training,2,1,,0.5092958531715653,1.0,0.29526304868970815,-0.2116003830942939,0.603567432240624,1.0,0.5753933191299438,0.0,,,1,,0.0,
286,3,1,3,single_condition,input_gradients,none,wine_quality,710,training,3,0,,0.26435945525791815,0.0488754419397053,-0.9972124713609545,-1.0,0.0,0.0,1.84911016276601e-06,0.0,,,0,,0.0,
286,4,1,4,single_condition,input_gradients,none,wine_quality,477,training,4,1,,1.0,0.5212494004250746,0.06338885051524422,0.07019686093818019,-0.04619375996756482,1.0,0.4677932560443878,0.0,,,1,,0.0,
286,5,1,1,single_condition,input_gradients,none,wine_quality,1061,testing,1,1,True,-0.9290939274921723,1.0,-0.053348223632878965,0.20879173375625718,-0.27828716340230897,1.0,0.29819902777671814,0.0,1.0,1.0,1,0.6666666666666666,0.0,True
286,6,1,2,single_condition,input_gradients,none,wine_quality,140,testing,2,0,True,0.281480978499078,-0.5086189290028149,-1.0,-0.7485965337580456,-0.09396559198008275,0.0,0.000634130381513387,0.0,1.0,0.0,0,0.6666666666666666,0.0,True
286,7,1,3,single_condition,input_gradients,none,wine_quality,1556,testing,3,0,True,0.4314835017338953,-0.01645415033196418,-0.06995560390430243,-0.34432536089022286,-1.0,0.0,0.03798242285847664,0.0,0.0,1.0,0,0.6666666666666666,0.0,False
286,8,1,4,single_condition,input_gradients,none,wine_quality,1107,testing,4,1,False,,,,,,,,,1.0,1.0,1,0.6666666666666666,0.0,True
286,9,1,5,single_condition,input_gradients,none,wine_quality,1188,testing,5,0,False,,,,,,,,,1.0,0.0,0,0.6666666666666666,0.0,True
286,10,1,6,single_condition,input_gradients,none,wine_quality,470,testing,6,1,False,,,,,,,,,1.0,1.0,1,0.6666666666666666,0.0,True
287,1,1,1,single_condition,input_gradients,attribution,wine_quality,1284,training,1,0,,0.7645543791321535,1.0,-0.5461417238375674,0.2441028654468363,-0.37845262815674197,0.0,0.04487176239490509,0.0,,,0,,0.0,
287,2,1,2,single_condition,input_gradients,attribution,wine_quality,198,training,2,1,,1.0,-0.14396056641210012,-0.762437386417504,-0.3236453368347691,-0.16489718641699078,1.0,2.601283073425293,0.0,,,1,,0.0,
287,3,1,3,single_condition,input_gradients,attribution,wine_quality,1084,training,3,0,,0.14433434153602473,-0.08063044472007733,-1.0,-0.035417381972086125,-0.5555126838908853,0.0,0.0020791199058294296,0.0,,,0,,0.0,
287,4,1,4,single_condition,input_gradients,attribution,wine_quality,477,training,4,1,,1.0,0.5212494004250746,0.06338885051524422,0.07019686093818019,-0.04619375996756482,1.0,0.4677932560443878,0.0,,,1,,0.0,
287,5,1,1,single_condition,input_gradients,attribution,wine_quality,1018,testing,1,1,True,-1.0,0.09363786336312607,-0.24391690325119011,0.3573157119007806,-0.11497756401063845,1.0,0.03870660811662674,0.0,0.0,0.0,1,0.6666666666666666,0.0,False
287,6,1,2,single_condition,input_gradients,attribution,wine_quality,40,testing,2,0,False,,,,,,,,,1.0,0.0,0,0.6666666666666666,0.0,True
287,7,1,3,single_condition,input_gradients,attribution,wine_quality,1297,testing,3,0,False,,,,,,,,,1.0,0.0,0,0.6666666666666666,0.0,True
287,8,1,4,single_condition,input_gradients,attribution,wine_quality,495,testing,4,1,False,,,,,,,,,0.0,0.0,1,0.6666666666666666,0.0,False
287,9,1,5,single_condition,input_gradients,attribution,wine_quality,950,testing,5,1,True,1.0,0.4444027744038355,-0.09388860506990067,0.11623851617579144,-0.4188046078114697,1.0,0.4465615749359131,0.0,0.0,0.0,1,0.6666666666666666,0.0,False
287,10,1,6,single_condition,input_gradients,attribution,wine_quality,964,testing,6,0,True,1.0,0.06686595756259082,0.07467661669739044,-0.1954553674393154,0.12041180102440763,0.0,0.5542306303977966,0.0,1.0,0.0,0,0.6666666666666666,0.0,True
288,1,1,1,single_condition,input_gradients,importance,wine_quality,807,training,1,1,,-0.017844834921025787,1.0,0.011771023792008554,-0.014661400977722788,0.040201282317382826,1.0,0.4136686623096466,0.0,,,1,,0.0,
288,2,1,2,single_condition,input_gradients,importance,wine_quality,232,training,2,0,,0.297749533760962,-0.3400388251296472,-1.0,-0.06268418126077226,-0.6649327016412975,0.0,0.05585470050573349,0.0,,,0,,0.0,
288,3,1,3,single_condition,input_gradients,importance,wine_quality,695,training,3,0,,0.07153164580876455,0.6847845122537142,0.7746663671614742,0.5994701115310193,-1.0,0.0,0.42986243963241577,0.0,,,0,,0.0,
288,4,1,4,single_condition,input_gradients,importance,wine_quality,1098,training,4,1,,-0.6335338861853492,1.0,-0.0545162922412469,-0.003999239358734275,-0.07625948736391767,1.0,0.25456809997558594,0.0,,,1,,0.0,
288,5,1,1,single_condition,input_gradients,importance,wine_quality,470,testing,1,1,True,1.0,0.25071542311968,0.31705669713363505,-0.3077501750632595,0.06441104264100629,1.0,0.5765942335128784,0.0,0.0,0.0,1,0.6666666666666666,0.0,False
288,6,1,2,single_condition,input_gradients,importance,wine_quality,532,testing,2,0,False,,,,,,,,,1.0,0.0,0,0.6666666666666666,0.0,True
288,7,1,3,single_condition,input_gradients,importance,wine_quality,274,testing,3,0,False,,,,,,,,,1.0,0.0,0,0.6666666666666666,0.0,True
288,8,1,4,single_condition,input_gradients,importance,wine_quality,1120,testing,4,1,True,-1.0,0.6524639562331145,-0.08265311624952998,-0.05972207058984799,-0.30239680121648244,1.0,0.28089308738708496,0.0,1.0,1.0,1,0.6666666666666666,0.0,True
288,9,1,5,single_condition,input_gradients,importance,wine_quality,1132,testing,5,1,True,0.7821293026915426,1.0,-0.3970982468543644,-0.2070399294049447,-0.5174785383504684,1.0,0.3793012201786041,0.0,0.0,0.0,1,0.6666666666666666,0.0,False
288,10,1,6,single_condition,input_gradients,importance,wine_quality,92,testing,6,0,False,,,,,,,,,1.0,0.0,0,0.6666666666666666,0.0,True
289,1,1,1,single_condition,lime,none,wine_quality,1575,training,1,0,,1.0,0.2464351454803091,0.4052762283378869,0.010117967835831096,-0.09137731074009399,0.0,0.150198972693339,0.024091932669174726,,,0,,0.0,
289,2,1,2,single_condition,lime,none,wine_quality,747,training,2,0,,-1.0,-0.4685170268851502,-0.480957042062463,0.6339875614992482,-0.028117417415268596,0.0,0.111319423753636,0.1315733468140375,,,0,,0.0,
289,3,1,3,single_condition,lime,none,wine_quality,821,training,3,1,,1.0,0.57320886830643,-0.0006097131139626808,0.049421605435604185,-0.33724845647044954,1.0,0.16037898238631457,0.03481523535832962,,,1,,0.0,
289,4,1,4,single_condition,lime,none,wine_quality,946,training,4,1,,1.0,0.5491894520870938,0.21145987713068118,0.03696897178614345,0.06334183870987434,1.0,0.19107653885320652,0.002017977079890987,,,1,,0.0,
289,5,1,1,single_condition,lime,none,wine_quality,666,testing,1,0,True,-1.0,-0.20386430120616209,0.7046642962901672,0.0621950405237073,0.4355192479275123,0.0,0.11066631013423513,0.09039729551333764,0.0,1.0,0,0.6666666666666666,0.0,False
289,6,1,2,single_condition,lime,none,wine_quality,274,testing,2,0,False,,,,,,,,,0.0,1.0,0,0.6666666666666666,0.0,False
289,7,1,3,single_condition,lime,none,wine_quality,1107,testing,3,1,False,,,,,,,,,1.0,1.0,1,0.6666666666666666,0.0,True
289,8,1,4,single_condition,lime,none,wine_quality,377,testing,4,1,True,1.0,0.6119236759242317,0.32084298235388936,0.32026852183621,0.0897697182276162,1.0,0.19935884867613213,-0.0244822267496725,1.0,1.0,1,0.6666666666666666,0.0,True
289,9,1,5,single_condition,lime,none,wine_quality,491,testing,5,1,True,1.0,0.4503729751533557,0.16373849032567497,0.06880469378211282,0.010460081144122115,1.0,0.21492264107364406,0.004858931905508512,1.0,1.0,1,0.6666666666666666,0.0,True
289,10,1,6,single_condition,lime,none,wine_quality,1127,testing,6,0,False,,,,,,,,,0.0,1.0,0,0.6666666666666666,0.0,False
290,1,1,1,single_condition,lime,attribution,wine_quality,807,training,1,1,,1.0,0.1872583376777012,0.38368573619264285,0.3123432255579678,-0.05920927026057697,1.0,0.1926733871286075,-0.0014466453182310074,,,1,,0.0,
290,2,1,2,single_condition,lime,attribution,wine_quality,614,training,2,0,,-0.10020009303256398,0.9598432942536979,-1.0,-0.9429055892283024,0.48204954013355056,0.0,0.07544627256542792,0.09884916983457179,,,0,,0.0,
290,3,1,3,single_condition,lime,attribution,wine_quality,1223,training,3,1,,1.0,0.3967170737062052,0.14096325939457252,0.3562938275671437,0.07281613730268495,1.0,0.21708518268945637,-0.010642784624469603,,,1,,0.0,
290,4,1,4,single_condition,lime,attribution,wine_quality,427,training,4,0,,-0.09409224925296031,-0.6398715652372452,0.6812656444637146,-1.0,0.4788765823768729,0.0,0.052628058892889046,0.09539512454997832,,,0,,0.0,
290,5,1,1,single_condition,lime,attribution,wine_quality,377,testing,1,1,False,,,,,,,,,1.0,1.0,1,0.6666666666666666,0.0,True
290,6,1,2,single_condition,lime,attribution,wine_quality,1341,testing,2,0,True,-0.19537129725327199,-1.0,0.3169661568894236,0.3009700476307397,-0.31716190591892307,0.0,0.06428820265621793,0.1035831134331856,0.0,1.0,0,0.6666666666666666,0.0,False
290,7,1,3,single_condition,lime,attribution,wine_quality,1274,testing,3,0,True,1.0,-0.4199719462107522,0.19474420045329735,-0.11967197214898859,-0.123906562557308,0.0,0.1691396540376609,0.07064941299164841,0.0,1.0,0,0.6666666666666666,0.0,False
290,8,1,4,single_condition,lime,attribution,wine_quality,733,testing,4,0,False,,,,,,,,,1.0,0.0,0,0.6666666666666666,0.0,True
290,9,1,5,single_condition,lime,attribution,wine_quality,1070,testing,5,1,False,,,,,,,,,1.0,1.0,1,0.6666666666666666,0.0,True
290,10,1,6,single_condition,lime,attribution,wine_quality,505,testing,6,1,True,1.0,0.4051535861380559,0.17204135239203427,-0.0834933557274308,0.21612077150628145,1.0,0.18890865406466728,0.013531556741824657,1.0,1.0,1,0.6666666666666666,0.0,True
291,1,1,1,single_condition,lime,importance,wine_quality,1270,training,1,0,,1.0,0.46630783513113716,-0.004901690127512823,0.2994670415137198,-0.21862925849310047,0.0,0.21654935994743243,0.008464425200512063,,,0,,0.0,
291,2,1,2,single_condition,lime,importance,wine_quality,1223,training,2,1,,1.0,0.3967170737062052,0.14096325939457252,0.3562938275671437,0.07281613730268495,1.0,0.21708518268945637,-0.010642784624469603,,,1,,0.0,
291,3,1,3,single_condition,lime,importance,wine_quality,591,training,3,0,,1.0,-0.3330848417860622,-0.42599954194563905,0.45476218662323015,0.2998617144788823,0.0,0.18043533843655332,0.04274823063778574,,,0,,0.0,
291,4,1,4,single_condition,lime,importance,wine_quality,1090,training,4,1,,1.0,0.08943010933534214,-0.38673729252549605,0.47428193369970945,0.264406354708804,1.0,0.20050611223297274,0.01734572249121233,,,1,,0.0,
291,5,1,1,single_condition,lime,importance,wine_quality,505,testing,1,1,False,,,,,,,,,1.0,1.0,1,0.6666666666666666,0.0,True
291,6,1,2,single_condition,lime,importance,wine_quality,1389,testing,2,0,True,-1.0,-0.48527614197292585,-0.969728403815649,0.0499581924944083,0.4787808103868143,0.0,0.07260212315730705,0.1224908832782948,1.0,0.0,0,0.6666666666666666,0.0,True
291,7,1,3,single_condition,lime,importance,wine_quality,1018,testing,3,1,False,,,,,,,,,0.0,0.0,1,0.6666666666666666,0.0,False
291,8,1,4,single_condition,lime,importance,wine_quality,1388,testing,4,0,False,,,,,,,,,0.0,1.0,0,0.6666666666666666,0.0,False
291,9,1,5,single_condition,lime,importance,wine_quality,15,testing,5,0,True,-1.0,0.5813642197467794,-0.7853754209934396,-0.29096338741399425,0.2380587396817984,0.0,0.11378479862266291,0.13354831218792437,1.0,0.0,0,0.6666666666666666,0.0,True
291,10,1,6,single_condition,lime,importance,wine_quality,470,testing,6,1,True,-0.037628372865173725,-0.36309182896934317,-0.0687569208583303,1.0,0.6093705513643886,1.0,0.06939580321887695,0.06758869469889389,1.0,1.0,1,0.6666666666666666,0.0,True
292,1,1,1,single_condition,shap,none,wine_quality,1450,training,1,1,,1.0,0.8666478755079007,0.4626894281506207,0.46350623150137327,0.2744318785637402,1.0,0.14047605203223987,0.13610758178750273,,,1,,0.0,
292,2,1,2,single_condition,shap,none,wine_quality,1223,training,2,1,,1.0,0.6315800670629386,0.38862326045847567,0.2445275863421134,0.14166583553425588,1.0,0.23294622685586286,0.13610758178750273,,,1,,0.0,
292,3,1,3,single_condition,shap,none,wine_quality,271,training,3,0,,-1.0,0.4216217638381198,0.3892009318641068,0.040005326785398775,-0.01884138817049169,0.0,0.10851175172183497,0.13610758178750273,,,0,,0.0,
292,4,1,4,single_condition,shap,none,wine_quality,1573,training,4,0,,1.0,0.062112257988065495,-0.11254307788883845,0.011385621720655555,-0.009362990368431568,0.0,0.16882911625369695,0.13610758178750273,,,0,,0.0,
292,5,1,1,single_condition,shap,none,wine_quality,38,testing,1,0,False,,,,,,,,,0.0,1.0,0,0.6666666666666666,0.0,False
292,6,1,2,single_condition,shap,none,wine_quality,588,testing,2,1,True,1.0,0.5071822801871735,-0.08468510940404579,-0.13944118547200982,0.27339155222884043,1.0,0.23991927860981366,0.13610758178750273,1.0,1.0,1,0.6666666666666666,0.0,True
292,7,1,3,single_condition,shap,none,wine_quality,495,testing,3,1,False,,,,,,,,,1.0,1.0,1,0.6666666666666666,0.0,True
292,8,1,4,single_condition,shap,none,wine_quality,267,testing,4,1,True,1.0,0.8357202133390953,0.15969365768625093,0.11720599707574726,0.012499005780351076,1.0,0.2786232449726819,0.13610758178750273,1.0,1.0,1,0.6666666666666666,0.0,True
292,9,1,5,single_condition,shap,none,wine_quality,1437,testing,5,0,True,0.21225950118068965,-1.0,0.08446335137714865,-0.6347931515136127,-0.08856099897706758,0.0,0.068769799017785,0.13610758178750273,0.0,1.0,0,0.6666666666666666,0.0,False
292,10,1,6,single_condition,shap,none,wine_quality,666,testing,6,0,False,,,,,,,,,0.0,1.0,0,0.6666666666666666,0.0,False
293,1,1,1,single_condition,shap,attribution,wine_quality,1542,training,1,0,,-0.11144830927580639,-0.854808843348456,0.01364844540163055,-1.0,-0.1433102993207757,0.0,0.06107336733061038,0.13610758178750273,,,0,,0.0,
293,2,1,2,single_condition,shap,attribution,wine_quality,1521,training,2,0,,-1.0,-0.9633485845780704,0.12588800273051057,-0.05155163077814515,-0.16513931311732566,0.0,0.06344105822476359,0.13610758178750273,,,0,,0.0,
293,3,1,3,single_condition,shap,attribution,wine_quality,346,training,3,1,,1.0,0.735652507741845,0.12903793863722857,-0.05948731346080159,0.14654899671065788,1.0,0.33468201943690085,0.13610758178750273,,,1,,0.0,
293,4,1,4,single_condition,shap,attribution,wine_quality,1422,training,4,1,,0.8534559920602693,1.0,0.10737635593282563,-0.05833674139889859,0.008114675440290393,1.0,0.20668242970453785,0.13610758178750273,,,1,,0.0,
293,5,1,1,single_condition,shap,attribution,wine_quality,842,testing,1,0,True,0.5036813970774601,0.6813882936707766,-1.0,0.11556758827070954,0.038303524617560016,0.0,0.07407415895642444,0.13610758178750273,0.0,1.0,0,0.6666666666666666,0.0,False
293,6,1,2,single_condition,shap,attribution,wine_quality,588,testing,2,1,False,,,,,,,,,1.0,1.0,1,0.6666666666666666,0.0,True
293,7,1,3,single_condition,shap,attribution,wine_quality,819,testing,3,0,True,-1.0,-0.7537916266018919,-0.4233752798719199,-0.3116001977293088,-0.061651132566239504,0.0,0.051870920028301966,0.13610758178750273,0.0,1.0,0,0.6666666666666666,0.0,False
293,8,1,4,single_condition,shap,attribution,wine_quality,377,testing,4,1,False,,,,,,,,,0.0,0.0,1,0.6666666666666666,0.0,False
293,9,1,5,single_condition,shap,attribution,wine_quality,960,testing,5,0,True,0.6373736497854048,1.0,0.23360050380761008,0.057703988348273005,0.04837807205078087,0.0,0.16054676248283015,0.13610758178750273,1.0,0.0,0,0.6666666666666666,0.0,True
293,10,1,6,single_condition,shap,attribution,wine_quality,1070,testing,6,1,False,,,,,,,,,0.0,0.0,1,0.6666666666666666,0.0,False
294,1,1,1,single_condition,shap,importance,wine_quality,1008,training,1,1,,1.0,0.41029917379918973,0.4153188869184187,0.27554098288081086,0.19005311288245202,1.0,0.21030389670597271,0.13610758178750273,,,1,,0.0,
294,2,1,2,single_condition,shap,importance,wine_quality,1213,training,2,0,,-0.23020948471187802,1.0,0.6574354515055145,0.7506076042750152,0.617646065607932,0.0,0.07679422427244241,0.13610758178750273,,,0,,0.0,
294,3,1,3,single_condition,shap,importance,wine_quality,504,training,3,1,,0.7922316040938221,1.0,0.7815540076466797,0.9824024977532988,0.6226170156477459,1.0,0.08894163291701487,0.13610758178750273,,,1,,0.0,
294,4,1,4,single_condition,shap,importance,wine_quality,334,training,4,0,,1.0,0.7356484230802052,0.1515743736277702,-0.1439192647039447,-0.02098252510494367,0.0,0.15474118029927206,0.13610758178750273,,,0,,0.0,
294,5,1,1,single_condition,shap,importance,wine_quality,439,testing,1,0,True,-1.0,-0.27885782788997165,-0.20358641279740788,-0.3897694640599237,0.09322285366683083,0.0,0.07463757768879277,0.13610758178750273,0.0,1.0,0,0.6666666666666666,0.0,False
294,6,1,2,single_condition,shap,importance,wine_quality,588,testing,2,1,False,,,,,,,,,1.0,1.0,1,0.6666666666666666,0.0,True
294,7,1,3,single_condition,shap,importance,wine_quality,849,testing,3,0,True,-1.0,-0.03283682863354897,0.06802061245176232,-0.16609235412380804,-0.5650113547096468,0.0,0.07916355779072358,0.13610758178750273,0.0,1.0,0,0.6666666666666666,0.0,False
294,8,1,4,single_condition,shap,importance,wine_quality,495,testing,4,1,False,,,,,,,,,1.0,1.0,1,0.6666666666666666,0.0,True
294,9,1,5,single_condition,shap,importance,wine_quality,243,testing,5,0,True,-1.0,0.08820056751236975,0.10408548895774755,0.42020743867191235,0.3408023977108144,0.0,0.23714219509039516,0.13610758178750273,0.0,1.0,0,0.6666666666666666,0.0,False
294,10,1,6,single_condition,shap,importance,wine_quality,470,testing,6,1,False,,,,,,,,,1.0,1.0,1,0.6666666666666666,0.0,True
295,1,1,1,single_condition,integrated_gradients,none,wine_quality,135,training,1,0,,-1.0,0.7886710523396737,-0.3788780210367055,-0.9484939668943239,-0.14274106292104893,0.0,0.06750418990850449,0.11934235692024231,,,0,,0.0,
295,2,1,2,single_condition,integrated_gradients,none,wine_quality,1544,training,2,1,,1.0,0.5717290126953843,0.04537595569108179,0.6966857444606834,0.23279410398188474,1.0,0.212316632270813,0.11934235692024231,,,1,,0.0,
295,3,1,3,single_condition,integrated_gradients,none,wine_quality,440,training,3,1,,-0.37570983787293083,0.023590255232283846,-0.10776658838090082,0.6606254267136114,1.0,1.0,0.4667595326900482,0.11934235692024231,,,1,,0.0,
295,4,1,4,single_condition,integrated_gradients,none,wine_quality,34,training,4,0,,-0.2899785342814816,-1.0,-0.033572901365329734,-0.31096707332484746,-0.1801006698832209,0.0,0.062021881341934204,0.11934235692024231,,,0,,0.0,
295,5,1,1,single_condition,integrated_gradients,none,wine_quality,289,testing,1,0,False,,,,,,,,,1.0,0.0,0,0.6666666666666666,0.0,True
295,6,1,2,single_condition,integrated_gradients,none,wine_quality,588,testing,2,1,True,1.0,0.8799221408710425,-0.04083739368086621,-0.44755534639777483,0.6359231611936976,1.0,0.1940043419599533,0.11934235692024231,0.0,0.0,1,0.6666666666666666,0.0,False
295,7,1,3,single_condition,integrated_gradients,none,wine_quality,377,testing,3,1,False,,,,,,,,,1.0,1.0,1,0.6666666666666666,0.0,True
295,8,1,4,single_condition,integrated_gradients,none,wine_quality,1438,testing,4,0,False,,,,,,,,,0.0,1.0,0,0.6666666666666666,0.0,False
295,9,1,5,single_condition,integrated_gradients,none,wine_quality,470,testing,5,1,True,0.10330122180883333,-0.22332678974643477,-0.001393314764020058,0.8867716044136837,1.0,1.0,0.24302449822425842,0.11934235692024231,0.0,0.0,1,0.6666666666666666,0.0,False
295,10,1,6,single_condition,integrated_gradients,none,wine_quality,1452,testing,6,0,True,1.0,0.9896460806089155,-0.10385548007909101,0.02414924302593686,-0.1342185796768098,0.0,0.15498968958854675,0.11934235692024231,1.0,0.0,0,0.6666666666666666,0.0,True
296,1,1,1,single_condition,integrated_gradients,attribution,wine_quality,263,training,1,0,,-1.0,0.08962998844278684,-0.058102111700250585,-0.15580185263678428,0.11913464623736951,0.0,0.0902794897556305,0.11934235692024231,,,0,,0.0,
296,2,1,2,single_condition,integrated_gradients,attribution,wine_quality,1015,training,2,1,,1.0,0.6208228133616307,0.16650768116855907,0.4788771298610287,0.2968052891156234,1.0,0.23323850333690643,0.11934235692024231,,,1,,0.0,
296,3,1,3,single_condition,integrated_gradients,attribution,wine_quality,221,training,3,0,,-1.0,-0.8402805460107753,-0.696877050052497,-0.006139284784302477,-0.19828297137471482,0.0,0.04278295487165451,0.11934235692024231,,,0,,0.0,
296,4,1,4,single_condition,integrated_gradients,attribution,wine_quality,1477,training,4,1,,-0.3137507931695989,1.0,0.13152279937066755,-0.09937831555963039,0.38749520038983626,1.0,0.6460798978805542,0.11934235692024231,,,1,,0.0,
296,5,1,1,single_condition,integrated_gradients,attribution,wine_quality,735,testing,1,0,True,-0.47519201075670353,-0.7684254511149032,0.016945347492425097,-1.0,0.0012689679998985875,0.0,0.05341126769781113,0.11934235692024231,1.0,0.0,0,0.6666666666666666,0.0,True
296,6,1,2,single_condition,integrated_gradients,attribution,wine_quality,1172,testing,2,1,True,1.0,0.6567458212961618,0.6419196250879587,0.060770374101252106,0.14322338121153724,1.0,0.2266080230474472,0.11934235692024231,0.0,0.0,1,0.6666666666666666,0.0,False
296,7,1,3,single_condition,integrated_gradients,attribution,wine_quality,505,testing,3,1,False,,,,,,,,,0.0,0.0,1,0.6666666666666666,0.0,False
296,8,1,4,single_condition,integrated_gradients,attribution,wine_quality,789,testing,4,0,False,,,,,,,,,1.0,0.0,0,0.6666666666666666,0.0,True
296,9,1,5,single_condition,integrated_gradients,attribution,wine_quality,1291,testing,5,0,True,0.3275491860960984,1.0,0.14289326501614236,-0.30535579010422487,-0.03808470368422623,0.0,0.12736596167087555,0.11934235692024231,1.0,0.0,0,0.6666666666666666,0.0,True
296,10,1,6,single_condition,integrated_gradients,attribution,wine_quality,1586,testing,6,1,False,,,,,,,,,0.0,0.0,1,0.6666666666666666,0.0,False
297,1,1,1,single_condition,integrated_gradients,importance,wine_quality,43,training,1,0,,-0.4305799254223925,-0.8171534049696746,0.967155359561175,-1.0,0.005464485996271045,0.0,0.09929830580949783,0.11934235692024231,,,0,,0.0,
297,2,1,2,single_condition,integrated_gradients,importance,wine_quality,922,training,2,1,,0.3122295834542099,1.0,-0.0006438789628159473,0.05454867704563902,0.015884868123472787,1.0,0.3567807972431183,0.11934235692024231,,,1,,0.0,
297,3,1,3,single_condition,integrated_gradients,importance,wine_quality,412,training,3,0,,-1.0,-0.08522751239159142,-0.37696706385771556,-0.6807806456598344,-0.02805261486611136,0.0,0.054138291627168655,0.11934235692024231,,,0,,0.0,
297,4,1,4,single_condition,integrated_gradients,importance,wine_quality,477,training,4,1,,0.37652484763123406,1.0,-0.10761534933372927,0.2679917098376738,0.1560410940557994,1.0,0.2601343095302582,0.11934235692024231,,,1,,0.0,
297,5,1,1,single_condition,integrated_gradients,importance,wine_quality,228,testing,1,0,False,,,,,,,,,1.0,0.0,0,0.6666666666666666,0.0,True
297,6,1,2,single_condition,integrated_gradients,importance,wine_quality,1590,testing,2,1,False,,,,,,,,,1.0,1.0,1,0.6666666666666666,0.0,True
297,7,1,3,single_condition,integrated_gradients,importance,wine_quality,194,testing,3,0,True,-0.6225916664995906,-1.0,-0.06637116191321762,-0.05863153472806612,0.014727301028344046,0.0,0.054999202489852905,0.11934235692024231,0.0,1.0,0,0.6666666666666666,0.0,False
297,8,1,4,single_condition,integrated_gradients,importance,wine_quality,1061,testing,4,1,False,,,,,,,,,1.0,1.0,1,0.6666666666666666,0.0,True
297,9,1,5,single_condition,integrated_gradients,importance,wine_quality,1121,testing,5,0,True,0.30328981632711643,-1.0,0.33506044325509393,-0.04345091766850351,-0.1670194547785632,0.0,0.11990918219089508,0.11934235692024231,0.0,1.0,0,0.6666666666666666,0.0,False
297,10,1,6,single_condition,integrated_gradients,importance,wine_quality,1125,testing,6,1,True,0.48168286924611026,-0.47825746617772197,0.40546062879065586,0.5104810022219546,1.0,1.0,0.22519856691360474,0.11934235692024231,1.0,1.0,1,0.6666666666666666,0.0,True
298,1,1,1,single_condition,input_gradients,none,wine_quality,1286,training,1,0,,1.0,0.3189611676810729,-0.28511202328082275,0.17430424685640644,-0.4761440122773999,0.0,0.4847058653831482,0.0,,,0,,0.0,
298,2,1,2,single_condition,input_gradients,none,wine_quality,1477,training,2,1,,-0.36123518877316974,1.0,0.32761239989996,0.24252429964344374,0.545538201802379,1.0,0.6827959418296814,0.0,,,1,,0.0,
298,3,1,3,single_condition,input_gradients,none,wine_quality,606,training,3,1,,1.0,0.3984479027210162,-0.07799520111183401,-0.36822733518298933,-0.7134309975204469,1.0,0.6426683068275452,0.0,,,1,,0.0,
298,4,1,4,single_condition,input_gradients,none,wine_quality,474,training,4,0,,0.29867178180440007,-1.0,-0.26689391808901725,-0.018476491736609323,0.5335628468972364,0.0,0.1601785570383072,0.0,,,0,,0.0,
298,5,1,1,single_condition,input_gradients,none,wine_quality,1482,testing,1,0,False,,,,,,,,,1.0,0.0,0,0.6666666666666666,0.0,True
298,6,1,2,single_condition,input_gradients,none,wine_quality,940,testing,2,1,True,0.87099170948911,1.0,-0.237525396509819,-0.12569856572172314,-0.5338716337442961,1.0,0.5183559060096741,0.0,0.0,0.0,1,0.6666666666666666,0.0,False
298,7,1,3,single_condition,input_gradients,none,wine_quality,820,testing,3,0,False,,,,,,,,,1.0,0.0,0,0.6666666666666666,0.0,True
298,8,1,4,single_condition,input_gradients,none,wine_quality,1016,testing,4,1,False,,,,,,,,,0.0,0.0,1,0.6666666666666666,0.0,False
298,9,1,5,single_condition,input_gradients,none,wine_quality,1328,testing,5,0,True,0.1285628108781533,0.702877259524492,0.0969693191489846,-1.0,0.17111431590635817,0.0,0.009819792583584785,0.0,1.0,0.0,0,0.6666666666666666,0.0,True
298,10,1,6,single_condition,input_gradients,none,wine_quality,588,testing,6,1,True,0.25341388247695473,1.0,-0.049242490467784714,0.5327016755303139,0.9568253249822583,1.0,0.5020039677619934,0.0,0.0,0.0,1,0.6666666666666666,0.0,False
299,1,1,1,single_condition,input_gradients,attribution,wine_quality,1223,training,1,1,,0.19183121419231935,1.0,-0.21413938386325382,-0.023672595663763944,-0.41476022653344524,1.0,0.3030310571193695,0.0,,,1,,0.0,
299,2,1,2,single_condition,input_gradients,attribution,wine_quality,303,training,2,0,,0.16410249574499158,0.2994814368693222,0.0025079802875401657,-1.0,-0.10293412388171051,0.0,0.022165652364492416,0.0,,,0,,0.0,
299,3,1,3,single_condition,input_gradients,attribution,wine_quality,1053,training,3,1,,1.0,0.8640095487484365,-0.09398625651968762,-0.20621668416858152,-0.3333684058953521,1.0,0.26015999913215637,0.0,,,1,,0.0,
299,4,1,4,single_condition,input_gradients,attribution,wine_quality,1265,training,4,0,,0.40982359381196704,0.8422327140344616,-0.11516767607439993,0.1814347237557557,-1.0,0.0,0.0765744149684906,0.0,,,0,,0.0,
299,5,1,1,single_condition,input_gradients,attribution,wine_quality,1337,testing,1,0,True,0.4423199391597556,-0.2884580456605465,0.07800307281029996,-1.0,0.23652929905624243,0.0,0.005889168009161949,0.0,0.0,1.0,0,0.6666666666666666,0.0,False
299,6,1,2,single_condition,input_gradients,attribution,wine_quality,735,testing,2,0,True,0.03219205282560568,0.022474396229031315,-0.06564299096335523,-1.0,0.12452635784684016,0.0,0.0024297323543578386,0.0,0.0,1.0,0,0.6666666666666666,0.0,False
299,7,1,3,single_condition,input_gradients,attribution,wine_quality,284,testing,3,0,True,0.27785058501080767,-0.19827416984384733,-1.0,-0.43318833076552543,-0.2079076058462029,0.0,0.010755621828138828,0.0,1.0,0.0,0,0.6666666666666666,0.0,True
299,8,1,4,single_condition,input_gradients,attribution,wine_quality,1267,testing,4,1,False,,,,,,,,,1.0,1.0,1,0.6666666666666666,0.0,True
299,9,1,5,single_condition,input_gradients,attribution,wine_quality,491,testing,5,1,False,,,,,,,,,1.0,1.0,1,0.6666666666666666,0.0,True
299,10,1,6,single_condition,input_gradients,attribution,wine_quality,1586,testing,6,1,False,,,,,,,,,0.0,0.0,1,0.6666666666666666,0.0,False
300,1,1,1,single_condition,input_gradients,importance,wine_quality,43,training,1,0,,0.4715162584303492,-1.0,-0.11655571478032475,-0.22581832105287866,-0.18486032795474605,0.0,0.07030365616083145,0.0,,,0,,0.0,
300,2,1,2,single_condition,input_gradients,importance,wine_quality,440,training,2,1,,0.16687537678079953,-1.0,0.04092131184112665,-0.13342114947910227,0.2681426628325991,1.0,0.8122298121452332,0.0,,,1,,0.0,
300,3,1,3,single_condition,input_gradients,importance,wine_quality,430,training,3,1,,1.0,-0.38434409386177415,-0.05212068348671083,0.033072535685891545,-0.18421409162825747,1.0,0.7010532021522522,0.0,,,1,,0.0,
300,4,1,4,single_condition,input_gradients,importance,wine_quality,487,training,4,0,,0.24612776805425385,-0.6130409361835014,-0.022220296829405153,-1.0,0.2710397339659048,0.0,0.0049028899520635605,0.0,,,0,,0.0,
300,5,1,1,single_condition,input_gradients,importance,wine_quality,1560,testing,1,0,True,0.19527638149744303,-0.025676790577759713,-1.0,-0.2745573865892333,-0.15510592346637084,0.0,2.668580236786511e-07,0.0,0.0,1.0,0,0.6666666666666666,0.0,False
300,6,1,2,single_condition,input_gradients,importance,wine_quality,450,testing,2,0,True,1.0,0.7468745629443533,-0.3294869014823644,-0.45221259755295884,-0.09513299108802103,0.0,0.3484024107456207,0.0,0.0,1.0,0,0.6666666666666666,0.0,False
300,7,1,3,single_condition,input_gradients,importance,wine_quality,491,testing,3,1,False,,,,,,,,,1.0,1.0,1,0.6666666666666666,0.0,True
300,8,1,4,single_condition,input_gradients,importance,wine_quality,875,testing,4,1,False,,,,,,,,,0.0,0.0,1,0.6666666666666666,0.0,False
300,9,1,5,single_condition,input_gradients,importance,wine_quality,1251,testing,5,0,True,0.31457496991096734,0.12686380822999335,-1.0,-0.43806063325841077,0.19505745847970662,0.0,0.09270811080932617,0.0,0.0,1.0,0,0.6666666666666666,0.0,False
300,10,1,6,single_condition,input_gradients,importance,wine_quality,1590,testing,6,1,False,,,,,,,,,1.0,1.0,1,0.6666666666666666,0.0,True
