dataId,modelName,instanceId,pred,i_max
german_credit,xgboost,0,0,0
german_credit,xgboost,1,0,0
german_credit,xgboost,2,1,0
german_credit,xgboost,3,1,0
german_credit,xgboost,4,0,0
german_credit,xgboost,5,1,0
german_credit,xgboost,6,0,0
german_credit,xgboost,7,0,0
german_credit,xgboost,8,1,0
german_credit,xgboost,9,0,0
german_credit,xgboost,10,0,0
german_credit,xgboost,11,1,0
german_credit,xgboost,12,0,0
german_credit,xgboost,13,1,0
german_credit,xgboost,14,0,0
german_credit,xgboost,15,1,0
german_credit,xgboost,16,0,0
german_credit,xgboost,17,0,0
german_credit,xgboost,18,1,0
german_credit,xgboost,19,0,0
german_credit,xgboost,20,0,0
german_credit,xgboost,21,0,0
german_credit,xgboost,22,1,0
german_credit,xgboost,23,1,0
german_credit,xgboost,24,0,0
german_credit,xgboost,25,1,0
german_credit,xgboost,26,0,0
german_credit,xgboost,27,1,0
german_credit,xgboost,28,0,0
german_credit,xgboost,29,1,0
german_credit,xgboost,30,0,0
german_credit,xgboost,31,1,0
german_credit,xgboost,32,0,0
german_credit,xgboost,33,0,0
german_credit,xgboost,34,1,0
german_credit,xgboost,35,1,0
german_credit,xgboost,36,1,0
german_credit,xgboost,37,1,0
german_credit,xgboost,38,1,0
german_credit,xgboost,39,0,0
german_credit,xgboost,40,1,0
german_credit,xgboost,41,0,0
german_credit,xgboost,42,1,0
german_credit,xgboost,43,0,0
german_credit,xgboost,44,0,0
german_credit,xgboost,45,1,0
german_credit,xgboost,46,1,0
german_credit,xgboost,47,1,0
german_credit,xgboost,48,1,0
german_credit,xgboost,49,1,0
german_credit,xgboost,50,0,0
german_credit,xgboost,51,0,0
german_credit,xgboost,52,1,0
german_credit,xgboost,53,0,0
german_credit,xgboost,54,1,0
german_credit,xgboost,55,0,0
german_credit,xgboost,56,0,0
german_credit,xgboost,57,1,0
german_credit,xgboost,58,0,0
german_credit,xgboost,59,0,0
german_credit,xgboost,60,0,0
german_credit,xgboost,61,0,0
german_credit,xgboost,62,0,0
german_credit,xgboost,63,1,0
german_credit,xgboost,64,0,0
german_credit,xgboost,65,0,0
german_credit,xgboost,66,0,0
german_credit,xgboost,67,0,0
german_credit,xgboost,68,1,0
german_credit,xgboost,69,0,0
german_credit,xgboost,70,1,0
german_credit,xgboost,71,1,0
german_credit,xgboost,72,0,0
german_credit,xgboost,73,1,0
german_credit,xgboost,74,1,0
german_credit,xgboost,75,1,0
german_credit,xgboost,76,1,0
german_credit,xgboost,77,0,0
german_credit,xgboost,78,0,0
german_credit,xgboost,79,0,0
german_credit,xgboost,80,0,0
german_credit,xgboost,81,0,0
german_credit,xgboost,82,1,0
german_credit,xgboost,83,1,0
german_credit,xgboost,84,0,0
german_credit,xgboost,85,1,0
german_credit,xgboost,86,0,0
german_credit,xgboost,87,0,0
german_credit,xgboost,88,0,0
german_credit,xgboost,89,1,0
german_credit,xgboost,90,0,0
german_credit,xgboost,91,0,0
german_credit,xgboost,92,0,0
german_credit,xgboost,93,0,0
german_credit,xgboost,94,0,0
german_credit,xgboost,95,0,0
german_credit,xgboost,96,0,0
german_credit,xgboost,97,0,0
german_credit,xgboost,98,1,0
german_credit,xgboost,99,0,0
german_credit,xgboost,100,0,0
german_credit,xgboost,101,1,0
german_credit,xgboost,102,1,0
german_credit,xgboost,103,0,0
german_credit,xgboost,104,0,0
german_credit,xgboost,105,0,0
german_credit,xgboost,106,1,0
german_credit,xgboost,107,1,0
german_credit,xgboost,108,1,0
german_credit,xgboost,109,0,0
german_credit,xgboost,110,0,0
german_credit,xgboost,111,1,0
german_credit,xgboost,112,0,0
german_credit,xgboost,113,0,0
german_credit,xgboost,114,0,0
german_credit,xgboost,115,0,0
german_credit,xgboost,116,1,0
german_credit,xgboost,117,0,0
german_credit,xgboost,118,0,0
german_credit,xgboost,119,1,0
adult,xgboost,0,1,0
adult,xgboost,1,1,0
adult,xgboost,2,0,0
adult,xgboost,3,1,0
adult,xgboost,4,0,0
adult,xgboost,5,1,0
adult,xgboost,6,0,0
adult,xgboost,7,0,0
adult,xgboost,8,1,0
adult,xgboost,9,1,0
adult,xgboost,10,1,0
adult,xgboost,11,1,0
adult,xgboost,12,0,0
adult,xgboost,13,1,0
adult,xgboost,14,1,0
adult,xgboost,15,1,0
adult,xgboost,16,1,0
adult,xgboost,17,1,0
adult,xgboost,18,1,0
adult,xgboost,19,1,0
adult,xgboost,20,1,0
adult,xgboost,21,1,0
adult,xgboost,22,1,0
adult,xgboost,23,1,0
adult,xgboost,24,0,0
adult,xgboost,25,0,0
adult,xgboost,26,1,0
adult,xgboost,27,1,0
adult,xgboost,28,1,0
adult,xgboost,29,0,0
adult,xgboost,30,0,0
adult,xgboost,31,1,0
adult,xgboost,32,0,0
adult,xgboost,33,1,0
adult,xgboost,34,1,0
adult,xgboost,35,0,0
adult,xgboost,36,1,0
adult,xgboost,37,0,0
adult,xgboost,38,0,0
adult,xgboost,39,1,0
adult,xgboost,40,1,0
adult,xgboost,41,1,0
adult,xgboost,42,1,0
adult,xgboost,43,1,0
adult,xgboost,44,0,0
adult,xgboost,45,1,0
adult,xgboost,46,1,0
adult,xgboost,47,0,0
adult,xgboost,48,1,0
adult,xgboost,49,1,0
adult,xgboost,50,1,0
adult,xgboost,51,0,0
adult,xgboost,52,1,0
adult,xgboost,53,0,0
adult,xgboost,54,0,0
adult,xgboost,55,0,0
adult,xgboost,56,1,0
adult,xgboost,57,1,0
adult,xgboost,58,1,0
adult,xgboost,59,0,0
adult,xgboost,60,1,0
adult,xgboost,61,1,0
adult,xgboost,62,0,0
adult,xgboost,63,0,0
adult,xgboost,64,1,0
adult,xgboost,65,0,0
adult,xgboost,66,0,0
adult,xgboost,67,1,0
adult,xgboost,68,0,0
adult,xgboost,69,1,0
adult,xgboost,70,0,0
adult,xgboost,71,0,0
adult,xgboost,72,0,0
adult,xgboost,73,1,0
adult,xgboost,74,1,0
adult,xgboost,75,1,0
adult,xgboost,76,1,0
adult,xgboost,77,0,0
adult,xgboost,78,1,0
adult,xgboost,79,1,0
adult,xgboost,80,0,0
adult,xgboost,81,0,0
adult,xgboost,82,0,0
adult,xgboost,83,0,0
adult,xgboost,84,1,0
adult,xgboost,85,1,0
adult,xgboost,86,0,0
adult,xgboost,87,1,0
adult,xgboost,88,0,0
adult,xgboost,89,0,0
adult,xgboost,90,1,0
adult,xgboost,91,1,0
adult,xgboost,92,0,0
adult,xgboost,93,1,0
adult,xgboost,94,1,0
adult,xgboost,95,0,0
adult,xgboost,96,1,0
adult,xgboost,97,1,0
adult,xgboost,98,0,0
adult,xgboost,99,0,0
adult,xgboost,100,0,0
adult,xgboost,101,0,0
adult,xgboost,102,1,0
adult,xgboost,103,1,0
adult,xgboost,104,0,0
adult,xgboost,105,1,0
adult,xgboost,106,1,0
adult,xgboost,107,1,0
adult,xgboost,108,0,0
adult,xgboost,109,0,0
adult,xgboost,110,0,0
adult,xgboost,111,1,0
adult,xgboost,112,1,0
adult,xgboost,113,1,0
adult,xgboost,114,1,0
adult,xgboost,115,1,0
adult,xgboost,116,0,0
adult,xgboost,117,1,0
adult,xgboost,118,1,0
adult,xgboost,119,1,0
diabetes,xgboost,0,1,0
diabetes,xgboost,1,0,0
diabetes,xgboost,2,0,0
diabetes,xgboost,3,1,0
diabetes,xgboost,4,0,0
diabetes,xgboost,5,1,0
diabetes,xgboost,6,0,0
diabetes,xgboost,7,0,0
diabetes,xgboost,8,0,0
diabetes,xgboost,9,0,0
diabetes,xgboost,10,0,0
diabetes,xgboost,11,1,0
diabetes,xgboost,12,0,0
diabetes,xgboost,13,0,0
diabetes,xgboost,14,1,0
diabetes,xgboost,15,1,0
diabetes,xgboost,16,1,0
diabetes,xgboost,17,0,0
diabetes,xgboost,18,1,0
diabetes,xgboost,19,1,0
diabetes,xgboost,20,1,0
diabetes,xgboost,21,0,0
diabetes,xgboost,22,1,0
diabetes,xgboost,23,1,0
diabetes,xgboost,24,0,0
diabetes,xgboost,25,0,0
diabetes,xgboost,26,0,0
diabetes,xgboost,27,0,0
diabetes,xgboost,28,0,0
diabetes,xgboost,29,1,0
diabetes,xgboost,30,1,0
diabetes,xgboost,31,0,0
diabetes,xgboost,32,0,0
diabetes,xgboost,33,0,0
diabetes,xgboost,34,1,0
diabetes,xgboost,35,1,0
diabetes,xgboost,36,0,0
diabetes,xgboost,37,0,0
diabetes,xgboost,38,0,0
diabetes,xgboost,39,1,0
diabetes,xgboost,40,1,0
diabetes,xgboost,41,0,0
diabetes,xgboost,42,0,0
diabetes,xgboost,43,1,0
diabetes,xgboost,44,0,0
diabetes,xgboost,45,0,0
diabetes,xgboost,46,0,0
diabetes,xgboost,47,0,0
diabetes,xgboost,48,1,0
diabetes,xgboost,49,0,0
diabetes,xgboost,50,1,0
diabetes,xgboost,51,1,0
diabetes,xgboost,52,0,0
diabetes,xgboost,53,1,0
diabetes,xgboost,54,1,0
diabetes,xgboost,55,1,0
diabetes,xgboost,56,1,0
diabetes,xgboost,57,1,0
diabetes,xgboost,58,0,0
diabetes,xgboost,59,1,0
diabetes,xgboost,60,1,0
diabetes,xgboost,61,1,0
diabetes,xgboost,62,0,0
diabetes,xgboost,63,0,0
diabetes,xgboost,64,1,0
diabetes,xgboost,65,0,0
diabetes,xgboost,66,0,0
diabetes,xgboost,67,0,0
diabetes,xgboost,68,0,0
diabetes,xgboost,69,0,0
diabetes,xgboost,70,0,0
diabetes,xgboost,71,0,0
diabetes,xgboost,72,0,0
diabetes,xgboost,73,1,0
diabetes,xgboost,74,1,0
diabetes,xgboost,75,1,0
diabetes,xgboost,76,0,0
diabetes,xgboost,77,0,0
diabetes,xgboost,78,0,0
diabetes,xgboost,79,0,0
diabetes,xgboost,80,1,0
diabetes,xgboost,81,0,0
diabetes,xgboost,82,0,0
diabetes,xgboost,83,1,0
diabetes,xgboost,84,1,0
diabetes,xgboost,85,1,0
diabetes,xgboost,86,0,0
diabetes,xgboost,87,1,0
diabetes,xgboost,88,0,0
diabetes,xgboost,89,1,0
diabetes,xgboost,90,1,0
diabetes,xgboost,91,0,0
diabetes,xgboost,92,1,0
diabetes,xgboost,93,0,0
diabetes,xgboost,94,0,0
diabetes,xgboost,95,1,0
diabetes,xgboost,96,1,0
diabetes,xgboost,97,0,0
diabetes,xgboost,98,0,0
diabetes,xgboost,99,0,0
diabetes,xgboost,100,1,0
diabetes,xgboost,101,0,0
diabetes,xgboost,102,0,0
diabetes,xgboost,103,1,0
diabetes,xgboost,104,0,0
diabetes,xgboost,105,1,0
diabetes,xgboost,106,1,0
diabetes,xgboost,107,1,0
diabetes,xgboost,108,0,0
diabetes,xgboost,109,0,0
diabetes,xgboost,110,1,0
diabetes,xgboost,111,1,0
diabetes,xgboost,112,1,0
diabetes,xgboost,113,0,0
diabetes,xgboost,114,0,0
diabetes,xgboost,115,1,0
diabetes,xgboost,116,1,0
diabetes,xgboost,117,1,0
diabetes,xgboost,118,0,0
diabetes,xgboost,119,1,0
forest_cover,xgboost,0,1,0
forest_cover,xgboost,1,0,0
forest_cover,xgboost,2,1,0
forest_cover,xgboost,3,0,0
forest_cover,xgboost,4,1,0
forest_cover,xgboost,5,1,0
forest_cover,xgboost,6,0,0
forest_cover,xgboost,7,1,0
forest_cover,xgboost,8,0,0
forest_cover,xgboost,9,0,0
forest_cover,xgboost,10,1,0
forest_cover,xgboost,11,1,0
forest_cover,xgboost,12,0,0
forest_cover,xgboost,13,1,0
forest_cover,xgboost,14,1,0
forest_cover,xgboost,15,1,0
forest_cover,xgboost,16,1,0
forest_cover,xgboost,17,1,0
forest_cover,xgboost,18,1,0
forest_cover,xgboost,19,1,0
forest_cover,xgboost,20,0,0
forest_cover,xgboost,21,0,0
forest_cover,xgboost,22,0,0
forest_cover,xgboost,23,0,0
forest_cover,xgboost,24,0,0
forest_cover,xgboost,25,0,0
forest_cover,xgboost,26,0,0
forest_cover,xgboost,27,0,0
forest_cover,xgboost,28,0,0
forest_cover,xgboost,29,0,0
forest_cover,xgboost,30,1,0
forest_cover,xgboost,31,1,0
forest_cover,xgboost,32,0,0
forest_cover,xgboost,33,0,0
forest_cover,xgboost,34,0,0
forest_cover,xgboost,35,1,0
forest_cover,xgboost,36,1,0
forest_cover,xgboost,37,1,0
forest_cover,xgboost,38,0,0
forest_cover,xgboost,39,1,0
forest_cover,xgboost,40,0,0
forest_cover,xgboost,41,0,0
forest_cover,xgboost,42,0,0
forest_cover,xgboost,43,1,0
forest_cover,xgboost,44,0,0
forest_cover,xgboost,45,1,0
forest_cover,xgboost,46,1,0
forest_cover,xgboost,47,0,0
forest_cover,xgboost,48,0,0
forest_cover,xgboost,49,1,0
forest_cover,xgboost,50,0,0
forest_cover,xgboost,51,1,0
forest_cover,xgboost,52,0,0
forest_cover,xgboost,53,1,0
forest_cover,xgboost,54,1,0
forest_cover,xgboost,55,1,0
forest_cover,xgboost,56,1,0
forest_cover,xgboost,57,0,0
forest_cover,xgboost,58,1,0
forest_cover,xgboost,59,1,0
forest_cover,xgboost,60,1,0
forest_cover,xgboost,61,1,0
forest_cover,xgboost,62,1,0
forest_cover,xgboost,63,1,0
forest_cover,xgboost,64,0,0
forest_cover,xgboost,65,1,0
forest_cover,xgboost,66,1,0
forest_cover,xgboost,67,1,0
forest_cover,xgboost,68,1,0
forest_cover,xgboost,69,0,0
forest_cover,xgboost,70,1,0
forest_cover,xgboost,71,1,0
forest_cover,xgboost,72,1,0
forest_cover,xgboost,73,0,0
forest_cover,xgboost,74,1,0
forest_cover,xgboost,75,1,0
forest_cover,xgboost,76,0,0
forest_cover,xgboost,77,1,0
forest_cover,xgboost,78,1,0
forest_cover,xgboost,79,1,0
forest_cover,xgboost,80,0,0
forest_cover,xgboost,81,1,0
forest_cover,xgboost,82,1,0
forest_cover,xgboost,83,0,0
forest_cover,xgboost,84,0,0
forest_cover,xgboost,85,1,0
forest_cover,xgboost,86,1,0
forest_cover,xgboost,87,0,0
forest_cover,xgboost,88,1,0
forest_cover,xgboost,89,0,0
forest_cover,xgboost,90,0,0
forest_cover,xgboost,91,0,0
forest_cover,xgboost,92,1,0
forest_cover,xgboost,93,1,0
forest_cover,xgboost,94,0,0
forest_cover,xgboost,95,0,0
forest_cover,xgboost,96,1,0
forest_cover,xgboost,97,1,0
forest_cover,xgboost,98,1,0
forest_cover,xgboost,99,0,0
forest_cover,xgboost,100,1,0
forest_cover,xgboost,101,0,0
forest_cover,xgboost,102,1,0
forest_cover,xgboost,103,1,0
forest_cover,xgboost,104,0,0
forest_cover,xgboost,105,0,0
forest_cover,xgboost,106,1,0
forest_cover,xgboost,107,1,0
forest_cover,xgboost,108,0,0
forest_cover,xgboost,109,1,0
forest_cover,xgboost,110,0,0
forest_cover,xgboost,111,1,0
forest_cover,xgboost,112,0,0
forest_cover,xgboost,113,1,0
forest_cover,xgboost,114,1,0
forest_cover,xgboost,115,0,0
forest_cover,xgboost,116,0,0
forest_cover,xgboost,117,0,0
forest_cover,xgboost,118,1,0
forest_cover,xgboost,119,0,0
wine_quality,mlp,0,1,0
wine_quality,mlp,1,0,0
wine_quality,mlp,2,0,0
wine_quality,mlp,3,1,0
wine_quality,mlp,4,0,0
wine_quality,mlp,5,1,0
wine_quality,mlp,6,0,0
wine_quality,mlp,7,1,0
wine_quality,mlp,8,1,0
wine_quality,mlp,9,1,0
wine_quality,mlp,10,1,0
wine_quality,mlp,11,1,0
wine_quality,mlp,12,1,0
wine_quality,mlp,13,0,0
wine_quality,mlp,14,0,0
wine_quality,mlp,15,1,0
wine_quality,mlp,16,0,0
wine_quality,mlp,17,0,0
wine_quality,mlp,18,1,0
wine_quality,mlp,19,0,0
wine_quality,mlp,20,1,0
wine_quality,mlp,21,0,0
wine_quality,mlp,22,1,0
wine_quality,mlp,23,0,0
wine_quality,mlp,24,1,0
wine_quality,mlp,25,0,0
wine_quality,mlp,26,1,0
wine_quality,mlp,27,1,0
wine_quality,mlp,28,1,0
wine_quality,mlp,29,0,0
wine_quality,mlp,30,0,0
wine_quality,mlp,31,1,0
wine_quality,mlp,32,1,0
wine_quality,mlp,33,0,0
wine_quality,mlp,34,1,0
wine_quality,mlp,35,0,0
wine_quality,mlp,36,0,0
wine_quality,mlp,37,0,0
wine_quality,mlp,38,0,0
wine_quality,mlp,39,0,0
wine_quality,mlp,40,1,0
wine_quality,mlp,41,0,0
wine_quality,mlp,42,0,0
wine_quality,mlp,43,0,0
wine_quality,mlp,44,1,0
wine_quality,mlp,45,1,0
wine_quality,mlp,46,0,0
wine_quality,mlp,47,1,0
wine_quality,mlp,48,0,0
wine_quality,mlp,49,1,0
wine_quality,mlp,50,1,0
wine_quality,mlp,51,0,0
wine_quality,mlp,52,1,0
wine_quality,mlp,53,0,0
wine_quality,mlp,54,1,0
wine_quality,mlp,55,1,0
wine_quality,mlp,56,0,0
wine_quality,mlp,57,1,0
wine_quality,mlp,58,1,0
wine_quality,mlp,59,0,0
wine_quality,mlp,60,1,0
wine_quality,mlp,61,1,0
wine_quality,mlp,62,0,0
wine_quality,mlp,63,1,0
wine_quality,mlp,64,1,0
wine_quality,mlp,65,0,0
wine_quality,mlp,66,0,0
wine_quality,mlp,67,0,0
wine_quality,mlp,68,0,0
wine_quality,mlp,69,0,0
wine_quality,mlp,70,1,0
wine_quality,mlp,71,0,0
wine_quality,mlp,72,1,0
wine_quality,mlp,73,1,0
wine_quality,mlp,74,1,0
wine_quality,mlp,75,1,0
wine_quality,mlp,76,0,0
wine_quality,mlp,77,1,0
wine_quality,mlp,78,0,0
wine_quality,mlp,79,0,0
wine_quality,mlp,80,0,0
wine_quality,mlp,81,0,0
wine_quality,mlp,82,0,0
wine_quality,mlp,83,0,0
wine_quality,mlp,84,0,0
wine_quality,mlp,85,1,0
wine_quality,mlp,86,0,0
wine_quality,mlp,87,0,0
wine_quality,mlp,88,1,0
wine_quality,mlp,89,1,0
wine_quality,mlp,90,1,0
wine_quality,mlp,91,1,0
wine_quality,mlp,92,1,0
wine_quality,mlp,93,1,0
wine_quality,mlp,94,0,0
wine_quality,mlp,95,1,0
wine_quality,mlp,96,0,0
wine_quality,mlp,97,0,0
wine_quality,mlp,98,1,0
wine_quality,mlp,99,1,0
wine_quality,mlp,100,1,0
wine_quality,mlp,101,1,0
wine_quality,mlp,102,0,0
wine_quality,mlp,103,0,0
wine_quality,mlp,104,0,0
wine_quality,mlp,105,1,0
wine_quality,mlp,106,1,0
wine_quality,mlp,107,0,0
wine_quality,mlp,108,0,0
wine_quality,mlp,109,0,0
wine_quality,mlp,110,0,0
wine_quality,mlp,111,0,0
wine_quality,mlp,112,0,0
wine_quality,mlp,113,1,0
wine_quality,mlp,114,1,0
wine_quality,mlp,115,1,0
wine_quality,mlp,116,0,0
wine_quality,mlp,117,1,0
wine_quality,mlp,118,0,0
wine_quality,mlp,119,0,0
wine_quality,mlp,120,1,0
wine_quality,mlp,121,1,0
wine_quality,mlp,122,1,0
wine_quality,mlp,123,1,0
wine_quality,mlp,124,0,0
wine_quality,mlp,125,1,0
wine_quality,mlp,126,0,0
wine_quality,mlp,127,0,0
wine_quality,mlp,128,1,0
wine_quality,mlp,129,1,0
wine_quality,mlp,130,1,0
wine_quality,mlp,131,1,0
wine_quality,mlp,132,0,0
wine_quality,mlp,133,0,0
wine_quality,mlp,134,1,0
wine_quality,mlp,135,0,0
wine_quality,mlp,136,0,0
wine_quality,mlp,137,1,0
wine_quality,mlp,138,1,0
wine_quality,mlp,139,0,0
wine_quality,mlp,140,0,0
wine_quality,mlp,141,0,0
wine_quality,mlp,142,1,0
wine_quality,mlp,143,1,0
wine_quality,mlp,144,1,0
wine_quality,mlp,145,1,0
wine_quality,mlp,146,0,0
wine_quality,mlp,147,0,0
wine_quality,mlp,148,1,0
wine_quality,mlp,149,1,0
wine_quality,mlp,150,0,0
wine_quality,mlp,151,0,0
wine_quality,mlp,152,0,0
wine_quality,mlp,153,0,0
wine_quality,mlp,154,1,0
wine_quality,mlp,155,0,0
wine_quality,mlp,156,1,0
wine_quality,mlp,157,1,0
wine_quality,mlp,158,1,0
wine_quality,mlp,159,1,0
wine_quality,mlp,160,1,0
wine_quality,mlp,161,0,0
wine_quality,mlp,162,0,0
wine_quality,mlp,163,0,0
wine_quality,mlp,164,1,0
wine_quality,mlp,165,1,0
wine_quality,mlp,166,1,0
wine_quality,mlp,167,0,0
wine_quality,mlp,168,0,0
wine_quality,mlp,169,1,0
wine_quality,mlp,170,1,0
wine_quality,mlp,171,1,0
wine_quality,mlp,172,0,0
wine_quality,mlp,173,1,0
wine_quality,mlp,174,0,0
wine_quality,mlp,175,1,0
wine_quality,mlp,176,1,0
wine_quality,mlp,177,1,0
wine_quality,mlp,178,1,0
wine_quality,mlp,179,1,0
wine_quality,mlp,180,1,0
wine_quality,mlp,181,0,0
wine_quality,mlp,182,0,0
wine_quality,mlp,183,1,0
wine_quality,mlp,184,1,0
wine_quality,mlp,185,1,0
wine_quality,mlp,186,1,0
wine_quality,mlp,187,1,0
wine_quality,mlp,188,1,0
wine_quality,mlp,189,0,0
wine_quality,mlp,190,0,0
wine_quality,mlp,191,0,0
wine_quality,mlp,192,1,0
wine_quality,mlp,193,0,0
wine_quality,mlp,194,0,0
wine_quality,mlp,195,0,0
wine_quality,mlp,196,1,0
wine_quality,mlp,197,0,0
wine_quality,mlp,198,1,0
wine_quality,mlp,199,1,0
wine_quality,mlp,200,1,0
wine_quality,mlp,201,0,0
wine_quality,mlp,202,0,0
wine_quality,mlp,203,0,0
wine_quality,mlp,204,1,0
wine_quality,mlp,205,1,0
wine_quality,mlp,206,0,0
wine_quality,mlp,207,1,0
wine_quality,mlp,208,1,0
wine_quality,mlp,209,0,0
wine_quality,mlp,210,0,0
wine_quality,mlp,211,0,0
wine_quality,mlp,212,0,0
wine_quality,mlp,213,0,0
wine_quality,mlp,214,0,0
wine_quality,mlp,215,1,0
wine_quality,mlp,216,0,0
wine_quality,mlp,217,1,0
wine_quality,mlp,218,1,0
wine_quality,mlp,219,0,0
wine_quality,mlp,220,0,0
wine_quality,mlp,221,0,0
wine_quality,mlp,222,1,0
wine_quality,mlp,223,1,0
wine_quality,mlp,224,0,0
wine_quality,mlp,225,0,0
wine_quality,mlp,226,0,0
wine_quality,mlp,227,0,0
wine_quality,mlp,228,0,0
wine_quality,mlp,229,1,0
wine_quality,mlp,230,0,0
wine_quality,mlp,231,0,0
wine_quality,mlp,232,1,0
wine_quality,mlp,233,0,0
wine_quality,mlp,234,0,0
wine_quality,mlp,235,1,0
wine_quality,mlp,236,1,0
wine_quality,mlp,237,1,0
wine_quality,mlp,238,1,0
wine_quality,mlp,239,1,0
wine_quality,mlp,240,0,0
wine_quality,mlp,241,0,0
wine_quality,mlp,242,1,0
wine_quality,mlp,243,1,0
wine_quality,mlp,244,1,0
wine_quality,mlp,245,1,0
wine_quality,mlp,246,0,0
wine_quality,mlp,247,1,0
wine_quality,mlp,248,0,0
wine_quality,mlp,249,0,0
wine_quality,mlp,250,1,0
wine_quality,mlp,251,1,0
wine_quality,mlp,252,1,0
wine_quality,mlp,253,0,0
wine_quality,mlp,254,1,0
wine_quality,mlp,255,0,0
wine_quality,mlp,256,0,0
wine_quality,mlp,257,0,0
wine_quality,mlp,258,0,0
wine_quality,mlp,259,1,0
wine_quality,mlp,260,1,0
wine_quality,mlp,261,1,0
wine_quality,mlp,262,0,0
wine_quality,mlp,263,1,0
wine_quality,mlp,264,0,0
wine_quality,mlp,265,0,0
wine_quality,mlp,266,0,0
wine_quality,mlp,267,1,0
wine_quality,mlp,268,0,0
wine_quality,mlp,269,1,0
wine_quality,mlp,270,0,0
wine_quality,mlp,271,0,0
wine_quality,mlp,272,0,0
wine_quality,mlp,273,0,0
wine_quality,mlp,274,0,0
wine_quality,mlp,275,1,0
wine_quality,mlp,276,0,0
wine_quality,mlp,277,0,0
wine_quality,mlp,278,0,0
wine_quality,mlp,279,0,0
wine_quality,mlp,280,0,0
wine_quality,mlp,281,0,0
wine_quality,mlp,282,1,0
wine_quality,mlp,283,0,0
wine_quality,mlp,284,0,0
wine_quality,mlp,285,0,0
wine_quality,mlp,286,1,0
wine_quality,mlp,287,1,0
wine_quality,mlp,288,1,0
wine_quality,mlp,289,1,0
wine_quality,mlp,290,1,0
wine_quality,mlp,291,1,0
wine_quality,mlp,292,0,0
wine_quality,mlp,293,1,0
wine_quality,mlp,294,0,0
wine_quality,mlp,295,0,0
wine_quality,mlp,296,1,0
wine_quality,mlp,297,1,0
wine_quality,mlp,298,0,0
wine_quality,mlp,299,0,0
wine_quality,mlp,300,0,0
wine_quality,mlp,301,0,0
wine_quality,mlp,302,0,0
wine_quality,mlp,303,0,0
wine_quality,mlp,304,1,0
wine_quality,mlp,305,1,0
wine_quality,mlp,306,1,0
wine_quality,mlp,307,0,0
wine_quality,mlp,308,1,0
wine_quality,mlp,309,0,0
wine_quality,mlp,310,0,0
wine_quality,mlp,311,0,0
wine_quality,mlp,312,1,0
wine_quality,mlp,313,0,0
wine_quality,mlp,314,1,0
wine_quality,mlp,315,0,0
wine_quality,mlp,316,0,0
wine_quality,mlp,317,1,0
wine_quality,mlp,318,1,0
wine_quality,mlp,319,0,0
wine_quality,mlp,320,1,0
wine_quality,mlp,321,0,0
wine_quality,mlp,322,0,0
wine_quality,mlp,323,1,0
wine_quality,mlp,324,1,0
wine_quality,mlp,325,0,0
wine_quality,mlp,326,1,0
wine_quality,mlp,327,1,0
wine_quality,mlp,328,1,0
wine_quality,mlp,329,0,0
wine_quality,mlp,330,1,0
wine_quality,mlp,331,0,0
wine_quality,mlp,332,1,0
wine_quality,mlp,333,0,0
wine_quality,mlp,334,1,0
wine_quality,mlp,335,0,0
wine_quality,mlp,336,1,0
wine_quality,mlp,337,1,0
wine_quality,mlp,338,1,0
wine_quality,mlp,339,0,0
wine_quality,mlp,340,1,0
wine_quality,mlp,341,0,0
wine_quality,mlp,342,1,0
wine_quality,mlp,343,1,0
wine_quality,mlp,344,0,0
wine_quality,mlp,345,0,0
wine_quality,mlp,346,1,0
wine_quality,mlp,347,1,0
wine_quality,mlp,348,0,0
wine_quality,mlp,349,0,0
wine_quality,mlp,350,1,0
wine_quality,mlp,351,0,0
wine_quality,mlp,352,1,0
wine_quality,mlp,353,1,0
wine_quality,mlp,354,1,0
wine_quality,mlp,355,1,0
wine_quality,mlp,356,0,0
wine_quality,mlp,357,0,0
wine_quality,mlp,358,1,0
wine_quality,mlp,359,1,0
wine_quality,mlp,360,0,0
wine_quality,mlp,361,1,0
wine_quality,mlp,362,1,0
wine_quality,mlp,363,1,0
wine_quality,mlp,364,0,0
wine_quality,mlp,365,0,0
wine_quality,mlp,366,0,0
wine_quality,mlp,367,0,0
wine_quality,mlp,368,1,0
wine_quality,mlp,369,1,0
wine_quality,mlp,370,0,0
wine_quality,mlp,371,1,0
wine_quality,mlp,372,0,0
wine_quality,mlp,373,1,0
wine_quality,mlp,374,0,0
wine_quality,mlp,375,0,0
wine_quality,mlp,376,1,0
wine_quality,mlp,377,1,0
wine_quality,mlp,378,0,0
wine_quality,mlp,379,0,0
wine_quality,mlp,380,1,0
wine_quality,mlp,381,1,0
wine_quality,mlp,382,0,0
wine_quality,mlp,383,1,0
wine_quality,mlp,384,0,0
wine_quality,mlp,385,0,0
wine_quality,mlp,386,0,0
wine_quality,mlp,387,0,0
wine_quality,mlp,388,1,0
wine_quality,mlp,389,0,0
wine_quality,mlp,390,1,0
wine_quality,mlp,391,1,0
wine_quality,mlp,392,0,0
wine_quality,mlp,393,0,0
wine_quality,mlp,394,1,0
wine_quality,mlp,395,1,0
wine_quality,mlp,396,1,0
wine_quality,mlp,397,1,0
wine_quality,mlp,398,0,0
wine_quality,mlp,399,0,0
mushrooms,mlp,0,0,0
mushrooms,mlp,1,1,0
mushrooms,mlp,2,1,0
mushrooms,mlp,3,0,0
mushrooms,mlp,4,1,0
mushrooms,mlp,5,0,0
mushrooms,mlp,6,1,0
mushrooms,mlp,7,0,0
mushrooms,mlp,8,1,0
mushrooms,mlp,9,0,0
mushrooms,mlp,10,1,0
mushrooms,mlp,11,1,0
mushrooms,mlp,12,0,0
mushrooms,mlp,13,0,0
mushrooms,mlp,14,0,0
mushrooms,mlp,15,0,0
mushrooms,mlp,16,0,0
mushrooms,mlp,17,0,0
mushrooms,mlp,18,0,0
mushrooms,mlp,19,1,0
mushrooms,mlp,20,0,0
mushrooms,mlp,21,1,0
mushrooms,mlp,22,1,0
mushrooms,mlp,23,0,0
mushrooms,mlp,24,0,0
mushrooms,mlp,25,1,0
mushrooms,mlp,26,1,0
mushrooms,mlp,27,1,0
mushrooms,mlp,28,1,0
mushrooms,mlp,29,0,0
mushrooms,mlp,30,1,0
mushrooms,mlp,31,0,0
mushrooms,mlp,32,0,0
mushrooms,mlp,33,1,0
mushrooms,mlp,34,0,0
mushrooms,mlp,35,0,0
mushrooms,mlp,36,1,0
mushrooms,mlp,37,1,0
mushrooms,mlp,38,0,0
mushrooms,mlp,39,0,0
mushrooms,mlp,40,0,0
mushrooms,mlp,41,0,0
mushrooms,mlp,42,0,0
mushrooms,mlp,43,1,0
mushrooms,mlp,44,0,0
mushrooms,mlp,45,0,0
mushrooms,mlp,46,1,0
mushrooms,mlp,47,0,0
mushrooms,mlp,48,0,0
mushrooms,mlp,49,1,0
mushrooms,mlp,50,0,0
mushrooms,mlp,51,0,0
mushrooms,mlp,52,1,0
mushrooms,mlp,53,1,0
mushrooms,mlp,54,1,0
mushrooms,mlp,55,1,0
mushrooms,mlp,56,1,0
mushrooms,mlp,57,1,0
mushrooms,mlp,58,0,0
mushrooms,mlp,59,1,0
mushrooms,mlp,60,1,0
mushrooms,mlp,61,0,0
mushrooms,mlp,62,0,0
mushrooms,mlp,63,0,0
mushrooms,mlp,64,1,0
mushrooms,mlp,65,1,0
mushrooms,mlp,66,0,0
mushrooms,mlp,67,0,0
mushrooms,mlp,68,1,0
mushrooms,mlp,69,1,0
mushrooms,mlp,70,0,0
mushrooms,mlp,71,0,0
mushrooms,mlp,72,0,0
mushrooms,mlp,73,0,0
mushrooms,mlp,74,1,0
mushrooms,mlp,75,1,0
mushrooms,mlp,76,1,0
mushrooms,mlp,77,0,0
mushrooms,mlp,78,1,0
mushrooms,mlp,79,1,0
mushrooms,mlp,80,0,0
mushrooms,mlp,81,1,0
mushrooms,mlp,82,1,0
mushrooms,mlp,83,0,0
mushrooms,mlp,84,1,0
mushrooms,mlp,85,0,0
mushrooms,mlp,86,1,0
mushrooms,mlp,87,0,0
mushrooms,mlp,88,1,0
mushrooms,mlp,89,0,0
mushrooms,mlp,90,1,0
mushrooms,mlp,91,1,0
mushrooms,mlp,92,0,0
mushrooms,mlp,93,0,0
mushrooms,mlp,94,0,0
mushrooms,mlp,95,0,0
mushrooms,mlp,96,0,0
mushrooms,mlp,97,1,0
mushrooms,mlp,98,1,0
mushrooms,mlp,99,0,0
mushrooms,mlp,100,0,0
mushrooms,mlp,101,1,0
mushrooms,mlp,102,1,0
mushrooms,mlp,103,0,0
mushrooms,mlp,104,1,0
mushrooms,mlp,105,1,0
mushrooms,mlp,106,0,0
mushrooms,mlp,107,1,0
mushrooms,mlp,108,0,0
mushrooms,mlp,109,1,0
mushrooms,mlp,110,0,0
mushrooms,mlp,111,0,0
mushrooms,mlp,112,1,0
mushrooms,mlp,113,0,0
mushrooms,mlp,114,1,0
mushrooms,mlp,115,1,0
mushrooms,mlp,116,1,0
mushrooms,mlp,117,0,0
mushrooms,mlp,118,0,0
mushrooms,mlp,119,0,0
mushrooms,mlp,120,1,0
mushrooms,mlp,121,0,0
mushrooms,mlp,122,1,0
mushrooms,mlp,123,1,0
mushrooms,mlp,124,1,0
mushrooms,mlp,125,1,0
mushrooms,mlp,126,0,0
mushrooms,mlp,127,1,0
mushrooms,mlp,128,1,0
mushrooms,mlp,129,0,0
mushrooms,mlp,130,1,0
mushrooms,mlp,131,0,0
mushrooms,mlp,132,0,0
mushrooms,mlp,133,0,0
mushrooms,mlp,134,1,0
mushrooms,mlp,135,0,0
mushrooms,mlp,136,0,0
mushrooms,mlp,137,0,0
mushrooms,mlp,138,0,0
mushrooms,mlp,139,0,0
mushrooms,mlp,140,0,0
mushrooms,mlp,141,1,0
mushrooms,mlp,142,1,0
mushrooms,mlp,143,1,0
mushrooms,mlp,144,0,0
mushrooms,mlp,145,1,0
mushrooms,mlp,146,1,0
mushrooms,mlp,147,1,0
mushrooms,mlp,148,1,0
mushrooms,mlp,149,1,0
mushrooms,mlp,150,0,0
mushrooms,mlp,151,0,0
mushrooms,mlp,152,0,0
mushrooms,mlp,153,0,0
mushrooms,mlp,154,1,0
mushrooms,mlp,155,1,0
mushrooms,mlp,156,0,0
mushrooms,mlp,157,1,0
mushrooms,mlp,158,0,0
mushrooms,mlp,159,1,0
mushrooms,mlp,160,1,0
mushrooms,mlp,161,1,0
mushrooms,mlp,162,1,0
mushrooms,mlp,163,1,0
mushrooms,mlp,164,1,0
mushrooms,mlp,165,0,0
mushrooms,mlp,166,1,0
mushrooms,mlp,167,1,0
mushrooms,mlp,168,0,0
mushrooms,mlp,169,0,0
mushrooms,mlp,170,1,0
mushrooms,mlp,171,0,0
mushrooms,mlp,172,0,0
mushrooms,mlp,173,1,0
mushrooms,mlp,174,1,0
mushrooms,mlp,175,1,0
mushrooms,mlp,176,1,0
mushrooms,mlp,177,0,0
mushrooms,mlp,178,1,0
mushrooms,mlp,179,1,0
mushrooms,mlp,180,1,0
mushrooms,mlp,181,1,0
mushrooms,mlp,182,1,0
mushrooms,mlp,183,0,0
mushrooms,mlp,184,0,0
mushrooms,mlp,185,0,0
mushrooms,mlp,186,0,0
mushrooms,mlp,187,1,0
mushrooms,mlp,188,0,0
mushrooms,mlp,189,1,0
mushrooms,mlp,190,1,0
mushrooms,mlp,191,0,0
mushrooms,mlp,192,0,0
mushrooms,mlp,193,0,0
mushrooms,mlp,194,0,0
mushrooms,mlp,195,0,0
mushrooms,mlp,196,1,0
mushrooms,mlp,197,0,0
mushrooms,mlp,198,0,0
mushrooms,mlp,199,1,0
mushrooms,mlp,200,0,0
mushrooms,mlp,201,1,0
mushrooms,mlp,202,1,0
mushrooms,mlp,203,0,0
mushrooms,mlp,204,1,0
mushrooms,mlp,205,0,0
mushrooms,mlp,206,0,0
mushrooms,mlp,207,1,0
mushrooms,mlp,208,1,0
mushrooms,mlp,209,0,0
mushrooms,mlp,210,0,0
mushrooms,mlp,211,1,0
mushrooms,mlp,212,1,0
mushrooms,mlp,213,1,0
mushrooms,mlp,214,1,0
mushrooms,mlp,215,0,0
mushrooms,mlp,216,1,0
mushrooms,mlp,217,1,0
mushrooms,mlp,218,1,0
mushrooms,mlp,219,1,0
mushrooms,mlp,220,0,0
mushrooms,mlp,221,1,0
mushrooms,mlp,222,0,0
mushrooms,mlp,223,0,0
mushrooms,mlp,224,1,0
mushrooms,mlp,225,0,0
mushrooms,mlp,226,1,0
mushrooms,mlp,227,1,0
mushrooms,mlp,228,0,0
mushrooms,mlp,229,0,0
mushrooms,mlp,230,1,0
mushrooms,mlp,231,1,0
mushrooms,mlp,232,0,0
mushrooms,mlp,233,0,0
mushrooms,mlp,234,1,0
mushrooms,mlp,235,1,0
mushrooms,mlp,236,0,0
mushrooms,mlp,237,1,0
mushrooms,mlp,238,1,0
mushrooms,mlp,239,0,0
mushrooms,mlp,240,1,0
mushrooms,mlp,241,1,0
mushrooms,mlp,242,1,0
mushrooms,mlp,243,0,0
mushrooms,mlp,244,0,0
mushrooms,mlp,245,1,0
mushrooms,mlp,246,1,0
mushrooms,mlp,247,1,0
mushrooms,mlp,248,0,0
mushrooms,mlp,249,0,0
mushrooms,mlp,250,1,0
mushrooms,mlp,251,1,0
mushrooms,mlp,252,1,0
mushrooms,mlp,253,1,0
mushrooms,mlp,254,0,0
mushrooms,mlp,255,0,0
mushrooms,mlp,256,1,0
mushrooms,mlp,257,1,0
mushrooms,mlp,258,0,0
mushrooms,mlp,259,0,0
mushrooms,mlp,260,1,0
mushrooms,mlp,261,0,0
mushrooms,mlp,262,0,0
mushrooms,mlp,263,1,0
mushrooms,mlp,264,0,0
mushrooms,mlp,265,0,0
mushrooms,mlp,266,0,0
mushrooms,mlp,267,1,0
mushrooms,mlp,268,0,0
mushrooms,mlp,269,0,0
mushrooms,mlp,270,1,0
mushrooms,mlp,271,1,0
mushrooms,mlp,272,1,0
mushrooms,mlp,273,1,0
mushrooms,mlp,274,1,0
mushrooms,mlp,275,1,0
mushrooms,mlp,276,1,0
mushrooms,mlp,277,1,0
mushrooms,mlp,278,1,0
mushrooms,mlp,279,1,0
mushrooms,mlp,280,1,0
mushrooms,mlp,281,1,0
mushrooms,mlp,282,1,0
mushrooms,mlp,283,1,0
mushrooms,mlp,284,0,0
mushrooms,mlp,285,0,0
mushrooms,mlp,286,1,0
mushrooms,mlp,287,0,0
mushrooms,mlp,288,0,0
mushrooms,mlp,289,0,0
mushrooms,mlp,290,1,0
mushrooms,mlp,291,0,0
mushrooms,mlp,292,1,0
mushrooms,mlp,293,0,0
mushrooms,mlp,294,1,0
mushrooms,mlp,295,1,0
mushrooms,mlp,296,1,0
mushrooms,mlp,297,0,0
mushrooms,mlp,298,1,0
mushrooms,mlp,299,1,0
mushrooms,mlp,300,1,0
mushrooms,mlp,301,1,0
mushrooms,mlp,302,0,0
mushrooms,mlp,303,0,0
mushrooms,mlp,304,0,0
mushrooms,mlp,305,1,0
mushrooms,mlp,306,0,0
mushrooms,mlp,307,1,0
mushrooms,mlp,308,1,0
mushrooms,mlp,309,0,0
mushrooms,mlp,310,1,0
mushrooms,mlp,311,1,0
mushrooms,mlp,312,1,0
mushrooms,mlp,313,0,0
mushrooms,mlp,314,0,0
mushrooms,mlp,315,0,0
mushrooms,mlp,316,1,0
mushrooms,mlp,317,0,0
mushrooms,mlp,318,0,0
mushrooms,mlp,319,1,0
mushrooms,mlp,320,0,0
mushrooms,mlp,321,1,0
mushrooms,mlp,322,0,0
mushrooms,mlp,323,1,0
mushrooms,mlp,324,0,0
mushrooms,mlp,325,0,0
mushrooms,mlp,326,0,0
mushrooms,mlp,327,1,0
mushrooms,mlp,328,1,0
mushrooms,mlp,329,1,0
mushrooms,mlp,330,1,0
mushrooms,mlp,331,0,0
mushrooms,mlp,332,0,0
mushrooms,mlp,333,0,0
mushrooms,mlp,334,1,0
mushrooms,mlp,335,0,0
mushrooms,mlp,336,0,0
mushrooms,mlp,337,1,0
mushrooms,mlp,338,0,0
mushrooms,mlp,339,0,0
mushrooms,mlp,340,0,0
mushrooms,mlp,341,1,0
mushrooms,mlp,342,0,0
mushrooms,mlp,343,0,0
mushrooms,mlp,344,0,0
mushrooms,mlp,345,0,0
mushrooms,mlp,346,1,0
mushrooms,mlp,347,1,0
mushrooms,mlp,348,1,0
mushrooms,mlp,349,0,0
mushrooms,mlp,350,1,0
mushrooms,mlp,351,0,0
mushrooms,mlp,352,1,0
mushrooms,mlp,353,1,0
mushrooms,mlp,354,1,0
mushrooms,mlp,355,1,0
mushrooms,mlp,356,1,0
mushrooms,mlp,357,1,0
mushrooms,mlp,358,1,0
mushrooms,mlp,359,1,0
mushrooms,mlp,360,0,0
mushrooms,mlp,361,0,0
mushrooms,mlp,362,1,0
mushrooms,mlp,363,1,0
mushrooms,mlp,364,1,0
mushrooms,mlp,365,0,0
mushrooms,mlp,366,0,0
mushrooms,mlp,367,1,0
mushrooms,mlp,368,1,0
mushrooms,mlp,369,1,0
mushrooms,mlp,370,1,0
mushrooms,mlp,371,1,0
mushrooms,mlp,372,0,0
mushrooms,mlp,373,1,0
mushrooms,mlp,374,0,0
mushrooms,mlp,375,1,0
mushrooms,mlp,376,0,0
mushrooms,mlp,377,0,0
mushrooms,mlp,378,1,0
mushrooms,mlp,379,0,0
mushrooms,mlp,380,0,0
mushrooms,mlp,381,1,0
mushrooms,mlp,382,0,0
mushrooms,mlp,383,1,0
mushrooms,mlp,384,0,0
mushrooms,mlp,385,0,0
mushrooms,mlp,386,1,0
mushrooms,mlp,387,0,0
mushrooms,mlp,388,0,0
mushrooms,mlp,389,0,0
mushrooms,mlp,390,0,0
mushrooms,mlp,391,1,0
mushrooms,mlp,392,0,0
mushrooms,mlp,393,0,0
mushrooms,mlp,394,1,0
mushrooms,mlp,395,0,0
mushrooms,mlp,396,0,0
mushrooms,mlp,397,0,0
mushrooms,mlp,398,1,0
mushrooms,mlp,399,1,0
adult,mlp,0,0,0
adult,mlp,1,1,0
adult,mlp,2,1,0
adult,mlp,3,1,0
adult,mlp,4,0,0
adult,mlp,5,0,0
adult,mlp,6,0,0
adult,mlp,7,1,0
adult,mlp,8,0,0
adult,mlp,9,1,0
adult,mlp,10,0,0
adult,mlp,11,1,0
adult,mlp,12,1,0
adult,mlp,13,1,0
adult,mlp,14,0,0
adult,mlp,15,1,0
adult,mlp,16,1,0
adult,mlp,17,1,0
adult,mlp,18,1,0
adult,mlp,19,0,0
adult,mlp,20,0,0
adult,mlp,21,1,0
adult,mlp,22,0,0
adult,mlp,23,0,0
adult,mlp,24,1,0
adult,mlp,25,0,0
adult,mlp,26,1,0
adult,mlp,27,1,0
adult,mlp,28,0,0
adult,mlp,29,1,0
adult,mlp,30,1,0
adult,mlp,31,1,0
adult,mlp,32,1,0
adult,mlp,33,0,0
adult,mlp,34,0,0
adult,mlp,35,0,0
adult,mlp,36,0,0
adult,mlp,37,0,0
adult,mlp,38,0,0
adult,mlp,39,0,0
adult,mlp,40,0,0
adult,mlp,41,1,0
adult,mlp,42,0,0
adult,mlp,43,0,0
adult,mlp,44,0,0
adult,mlp,45,0,0
adult,mlp,46,0,0
adult,mlp,47,1,0
adult,mlp,48,1,0
adult,mlp,49,0,0
adult,mlp,50,0,0
adult,mlp,51,1,0
adult,mlp,52,1,0
adult,mlp,53,1,0
adult,mlp,54,1,0
adult,mlp,55,1,0
adult,mlp,56,0,0
adult,mlp,57,1,0
adult,mlp,58,0,0
adult,mlp,59,0,0
adult,mlp,60,1,0
adult,mlp,61,1,0
adult,mlp,62,0,0
adult,mlp,63,0,0
adult,mlp,64,0,0
adult,mlp,65,1,0
adult,mlp,66,0,0
adult,mlp,67,1,0
adult,mlp,68,1,0
adult,mlp,69,1,0
adult,mlp,70,1,0
adult,mlp,71,1,0
adult,mlp,72,0,0
adult,mlp,73,1,0
adult,mlp,74,1,0
adult,mlp,75,0,0
adult,mlp,76,0,0
adult,mlp,77,0,0
adult,mlp,78,1,0
adult,mlp,79,1,0
adult,mlp,80,1,0
adult,mlp,81,1,0
adult,mlp,82,0,0
adult,mlp,83,0,0
adult,mlp,84,0,0
adult,mlp,85,0,0
adult,mlp,86,1,0
adult,mlp,87,1,0
adult,mlp,88,1,0
adult,mlp,89,0,0
adult,mlp,90,1,0
adult,mlp,91,1,0
adult,mlp,92,1,0
adult,mlp,93,1,0
adult,mlp,94,0,0
adult,mlp,95,1,0
adult,mlp,96,1,0
adult,mlp,97,0,0
adult,mlp,98,1,0
adult,mlp,99,1,0
adult,mlp,100,0,0
adult,mlp,101,0,0
adult,mlp,102,1,0
adult,mlp,103,0,0
adult,mlp,104,1,0
adult,mlp,105,1,0
adult,mlp,106,1,0
adult,mlp,107,0,0
adult,mlp,108,0,0
adult,mlp,109,1,0
adult,mlp,110,1,0
adult,mlp,111,1,0
adult,mlp,112,0,0
adult,mlp,113,1,0
adult,mlp,114,0,0
adult,mlp,115,1,0
adult,mlp,116,1,0
adult,mlp,117,1,0
adult,mlp,118,1,0
adult,mlp,119,1,0
adult,mlp,120,1,0
adult,mlp,121,0,0
adult,mlp,122,1,0
adult,mlp,123,1,0
adult,mlp,124,0,0
adult,mlp,125,1,0
adult,mlp,126,0,0
adult,mlp,127,1,0
adult,mlp,128,0,0
adult,mlp,129,0,0
adult,mlp,130,1,0
adult,mlp,131,0,0
adult,mlp,132,0,0
adult,mlp,133,0,0
adult,mlp,134,0,0
adult,mlp,135,1,0
adult,mlp,136,0,0
adult,mlp,137,1,0
adult,mlp,138,1,0
adult,mlp,139,1,0
adult,mlp,140,0,0
adult,mlp,141,1,0
adult,mlp,142,0,0
adult,mlp,143,1,0
adult,mlp,144,0,0
adult,mlp,145,1,0
adult,mlp,146,0,0
adult,mlp,147,1,0
adult,mlp,148,1,0
adult,mlp,149,1,0
adult,mlp,150,1,0
adult,mlp,151,0,0
adult,mlp,152,1,0
adult,mlp,153,0,0
adult,mlp,154,0,0
adult,mlp,155,0,0
adult,mlp,156,0,0
adult,mlp,157,1,0
adult,mlp,158,1,0
adult,mlp,159,0,0
adult,mlp,160,1,0
adult,mlp,161,0,0
adult,mlp,162,1,0
adult,mlp,163,1,0
adult,mlp,164,1,0
adult,mlp,165,1,0
adult,mlp,166,1,0
adult,mlp,167,1,0
adult,mlp,168,0,0
adult,mlp,169,1,0
adult,mlp,170,0,0
adult,mlp,171,1,0
adult,mlp,172,1,0
adult,mlp,173,1,0
adult,mlp,174,1,0
adult,mlp,175,1,0
adult,mlp,176,1,0
adult,mlp,177,1,0
adult,mlp,178,1,0
adult,mlp,179,1,0
adult,mlp,180,0,0
adult,mlp,181,1,0
adult,mlp,182,0,0
adult,mlp,183,0,0
adult,mlp,184,0,0
adult,mlp,185,1,0
adult,mlp,186,1,0
adult,mlp,187,1,0
adult,mlp,188,1,0
adult,mlp,189,0,0
adult,mlp,190,1,0
adult,mlp,191,1,0
adult,mlp,192,0,0
adult,mlp,193,0,0
adult,mlp,194,1,0
adult,mlp,195,1,0
adult,mlp,196,0,0
adult,mlp,197,1,0
adult,mlp,198,0,0
adult,mlp,199,0,0
adult,mlp,200,0,0
adult,mlp,201,1,0
adult,mlp,202,1,0
adult,mlp,203,0,0
adult,mlp,204,1,0
adult,mlp,205,0,0
adult,mlp,206,0,0
adult,mlp,207,1,0
adult,mlp,208,1,0
adult,mlp,209,0,0
adult,mlp,210,1,0
adult,mlp,211,1,0
adult,mlp,212,1,0
adult,mlp,213,0,0
adult,mlp,214,1,0
adult,mlp,215,0,0
adult,mlp,216,1,0
adult,mlp,217,0,0
adult,mlp,218,1,0
adult,mlp,219,1,0
adult,mlp,220,0,0
adult,mlp,221,1,0
adult,mlp,222,1,0
adult,mlp,223,1,0
adult,mlp,224,1,0
adult,mlp,225,1,0
adult,mlp,226,0,0
adult,mlp,227,1,0
adult,mlp,228,0,0
adult,mlp,229,0,0
adult,mlp,230,0,0
adult,mlp,231,0,0
adult,mlp,232,0,0
adult,mlp,233,1,0
adult,mlp,234,1,0
adult,mlp,235,1,0
adult,mlp,236,0,0
adult,mlp,237,0,0
adult,mlp,238,1,0
adult,mlp,239,0,0
adult,mlp,240,1,0
adult,mlp,241,0,0
adult,mlp,242,0,0
adult,mlp,243,1,0
adult,mlp,244,1,0
adult,mlp,245,0,0
adult,mlp,246,1,0
adult,mlp,247,1,0
adult,mlp,248,1,0
adult,mlp,249,1,0
adult,mlp,250,1,0
adult,mlp,251,0,0
adult,mlp,252,1,0
adult,mlp,253,1,0
adult,mlp,254,0,0
adult,mlp,255,0,0
adult,mlp,256,0,0
adult,mlp,257,0,0
adult,mlp,258,1,0
adult,mlp,259,0,0
adult,mlp,260,0,0
adult,mlp,261,0,0
adult,mlp,262,0,0
adult,mlp,263,0,0
adult,mlp,264,0,0
adult,mlp,265,1,0
adult,mlp,266,1,0
adult,mlp,267,0,0
adult,mlp,268,0,0
adult,mlp,269,1,0
adult,mlp,270,1,0
adult,mlp,271,1,0
adult,mlp,272,1,0
adult,mlp,273,1,0
adult,mlp,274,1,0
adult,mlp,275,1,0
adult,mlp,276,1,0
adult,mlp,277,1,0
adult,mlp,278,0,0
adult,mlp,279,0,0
adult,mlp,280,1,0
adult,mlp,281,0,0
adult,mlp,282,0,0
adult,mlp,283,1,0
adult,mlp,284,0,0
adult,mlp,285,1,0
adult,mlp,286,1,0
adult,mlp,287,1,0
adult,mlp,288,0,0
adult,mlp,289,1,0
adult,mlp,290,1,0
adult,mlp,291,0,0
adult,mlp,292,1,0
adult,mlp,293,1,0
adult,mlp,294,0,0
adult,mlp,295,0,0
adult,mlp,296,0,0
adult,mlp,297,0,0
adult,mlp,298,0,0
adult,mlp,299,1,0
adult,mlp,300,0,0
adult,mlp,301,0,0
adult,mlp,302,1,0
adult,mlp,303,1,0
adult,mlp,304,1,0
adult,mlp,305,1,0
adult,mlp,306,0,0
adult,mlp,307,1,0
adult,mlp,308,1,0
adult,mlp,309,0,0
adult,mlp,310,0,0
adult,mlp,311,1,0
adult,mlp,312,1,0
adult,mlp,313,0,0
adult,mlp,314,1,0
adult,mlp,315,0,0
adult,mlp,316,0,0
adult,mlp,317,1,0
adult,mlp,318,0,0
adult,mlp,319,1,0
adult,mlp,320,0,0
adult,mlp,321,0,0
adult,mlp,322,0,0
adult,mlp,323,1,0
adult,mlp,324,1,0
adult,mlp,325,0,0
adult,mlp,326,0,0
adult,mlp,327,1,0
adult,mlp,328,0,0
adult,mlp,329,0,0
adult,mlp,330,1,0
adult,mlp,331,0,0
adult,mlp,332,0,0
adult,mlp,333,1,0
adult,mlp,334,0,0
adult,mlp,335,1,0
adult,mlp,336,1,0
adult,mlp,337,0,0
adult,mlp,338,1,0
adult,mlp,339,1,0
adult,mlp,340,1,0
adult,mlp,341,0,0
adult,mlp,342,1,0
adult,mlp,343,1,0
adult,mlp,344,0,0
adult,mlp,345,0,0
adult,mlp,346,0,0
adult,mlp,347,0,0
adult,mlp,348,0,0
adult,mlp,349,0,0
adult,mlp,350,0,0
adult,mlp,351,1,0
adult,mlp,352,1,0
adult,mlp,353,0,0
adult,mlp,354,0,0
adult,mlp,355,0,0
adult,mlp,356,1,0
adult,mlp,357,1,0
adult,mlp,358,0,0
adult,mlp,359,0,0
adult,mlp,360,0,0
adult,mlp,361,0,0
adult,mlp,362,0,0
adult,mlp,363,0,0
adult,mlp,364,1,0
adult,mlp,365,0,0
adult,mlp,366,0,0
adult,mlp,367,0,0
adult,mlp,368,1,0
adult,mlp,369,1,0
adult,mlp,370,0,0
adult,mlp,371,0,0
adult,mlp,372,0,0
adult,mlp,373,0,0
adult,mlp,374,1,0
adult,mlp,375,1,0
adult,mlp,376,1,0
adult,mlp,377,1,0
adult,mlp,378,0,0
adult,mlp,379,1,0
adult,mlp,380,1,0
adult,mlp,381,1,0
adult,mlp,382,1,0
adult,mlp,383,1,0
adult,mlp,384,0,0
adult,mlp,385,1,0
adult,mlp,386,0,0
adult,mlp,387,1,0
adult,mlp,388,0,0
adult,mlp,389,0,0
adult,mlp,390,1,0
adult,mlp,391,0,0
adult,mlp,392,0,0
adult,mlp,393,1,0
adult,mlp,394,0,0
adult,mlp,395,1,0
adult,mlp,396,1,0
adult,mlp,397,0,0
adult,mlp,398,1,0
adult,mlp,399,1,0
forest_cover,mlp,0,1,0
forest_cover,mlp,1,1,0
forest_cover,mlp,2,1,0
forest_cover,mlp,3,0,0
forest_cover,mlp,4,0,0
forest_cover,mlp,5,1,0
forest_cover,mlp,6,0,0
forest_cover,mlp,7,1,0
forest_cover,mlp,8,1,0
forest_cover,mlp,9,1,0
forest_cover,mlp,10,0,0
forest_cover,mlp,11,1,0
forest_cover,mlp,12,1,0
forest_cover,mlp,13,0,0
forest_cover,mlp,14,0,0
forest_cover,mlp,15,1,0
forest_cover,mlp,16,1,0
forest_cover,mlp,17,1,0
forest_cover,mlp,18,0,0
forest_cover,mlp,19,1,0
forest_cover,mlp,20,0,0
forest_cover,mlp,21,1,0
forest_cover,mlp,22,1,0
forest_cover,mlp,23,1,0
forest_cover,mlp,24,0,0
forest_cover,mlp,25,1,0
forest_cover,mlp,26,1,0
forest_cover,mlp,27,1,0
forest_cover,mlp,28,0,0
forest_cover,mlp,29,0,0
forest_cover,mlp,30,1,0
forest_cover,mlp,31,1,0
forest_cover,mlp,32,0,0
forest_cover,mlp,33,1,0
forest_cover,mlp,34,0,0
forest_cover,mlp,35,1,0
forest_cover,mlp,36,0,0
forest_cover,mlp,37,0,0
forest_cover,mlp,38,0,0
forest_cover,mlp,39,1,0
forest_cover,mlp,40,0,0
forest_cover,mlp,41,0,0
forest_cover,mlp,42,0,0
forest_cover,mlp,43,1,0
forest_cover,mlp,44,0,0
forest_cover,mlp,45,1,0
forest_cover,mlp,46,1,0
forest_cover,mlp,47,0,0
forest_cover,mlp,48,1,0
forest_cover,mlp,49,1,0
forest_cover,mlp,50,1,0
forest_cover,mlp,51,0,0
forest_cover,mlp,52,1,0
forest_cover,mlp,53,0,0
forest_cover,mlp,54,0,0
forest_cover,mlp,55,0,0
forest_cover,mlp,56,0,0
forest_cover,mlp,57,0,0
forest_cover,mlp,58,1,0
forest_cover,mlp,59,1,0
forest_cover,mlp,60,1,0
forest_cover,mlp,61,1,0
forest_cover,mlp,62,0,0
forest_cover,mlp,63,0,0
forest_cover,mlp,64,0,0
forest_cover,mlp,65,0,0
forest_cover,mlp,66,1,0
forest_cover,mlp,67,0,0
forest_cover,mlp,68,1,0
forest_cover,mlp,69,0,0
forest_cover,mlp,70,0,0
forest_cover,mlp,71,0,0
forest_cover,mlp,72,0,0
forest_cover,mlp,73,0,0
forest_cover,mlp,74,0,0
forest_cover,mlp,75,0,0
forest_cover,mlp,76,0,0
forest_cover,mlp,77,0,0
forest_cover,mlp,78,0,0
forest_cover,mlp,79,1,0
forest_cover,mlp,80,1,0
forest_cover,mlp,81,0,0
forest_cover,mlp,82,1,0
forest_cover,mlp,83,0,0
forest_cover,mlp,84,0,0
forest_cover,mlp,85,1,0
forest_cover,mlp,86,0,0
forest_cover,mlp,87,0,0
forest_cover,mlp,88,1,0
forest_cover,mlp,89,0,0
forest_cover,mlp,90,1,0
forest_cover,mlp,91,0,0
forest_cover,mlp,92,0,0
forest_cover,mlp,93,1,0
forest_cover,mlp,94,0,0
forest_cover,mlp,95,1,0
forest_cover,mlp,96,1,0
forest_cover,mlp,97,0,0
forest_cover,mlp,98,1,0
forest_cover,mlp,99,1,0
forest_cover,mlp,100,0,0
forest_cover,mlp,101,1,0
forest_cover,mlp,102,1,0
forest_cover,mlp,103,0,0
forest_cover,mlp,104,0,0
forest_cover,mlp,105,1,0
forest_cover,mlp,106,0,0
forest_cover,mlp,107,1,0
forest_cover,mlp,108,0,0
forest_cover,mlp,109,0,0
forest_cover,mlp,110,0,0
forest_cover,mlp,111,0,0
forest_cover,mlp,112,0,0
forest_cover,mlp,113,1,0
forest_cover,mlp,114,0,0
forest_cover,mlp,115,0,0
forest_cover,mlp,116,1,0
forest_cover,mlp,117,0,0
forest_cover,mlp,118,1,0
forest_cover,mlp,119,0,0
forest_cover,mlp,120,0,0
forest_cover,mlp,121,0,0
forest_cover,mlp,122,1,0
forest_cover,mlp,123,0,0
forest_cover,mlp,124,0,0
forest_cover,mlp,125,1,0
forest_cover,mlp,126,0,0
forest_cover,mlp,127,1,0
forest_cover,mlp,128,1,0
forest_cover,mlp,129,0,0
forest_cover,mlp,130,1,0
forest_cover,mlp,131,1,0
forest_cover,mlp,132,0,0
forest_cover,mlp,133,1,0
forest_cover,mlp,134,1,0
forest_cover,mlp,135,0,0
forest_cover,mlp,136,1,0
forest_cover,mlp,137,1,0
forest_cover,mlp,138,1,0
forest_cover,mlp,139,0,0
forest_cover,mlp,140,0,0
forest_cover,mlp,141,1,0
forest_cover,mlp,142,0,0
forest_cover,mlp,143,0,0
forest_cover,mlp,144,1,0
forest_cover,mlp,145,0,0
forest_cover,mlp,146,0,0
forest_cover,mlp,147,0,0
forest_cover,mlp,148,1,0
forest_cover,mlp,149,0,0
forest_cover,mlp,150,0,0
forest_cover,mlp,151,0,0
forest_cover,mlp,152,0,0
forest_cover,mlp,153,1,0
forest_cover,mlp,154,0,0
forest_cover,mlp,155,1,0
forest_cover,mlp,156,1,0
forest_cover,mlp,157,0,0
forest_cover,mlp,158,1,0
forest_cover,mlp,159,1,0
forest_cover,mlp,160,1,0
forest_cover,mlp,161,1,0
forest_cover,mlp,162,0,0
forest_cover,mlp,163,0,0
forest_cover,mlp,164,0,0
forest_cover,mlp,165,1,0
forest_cover,mlp,166,1,0
forest_cover,mlp,167,1,0
forest_cover,mlp,168,0,0
forest_cover,mlp,169,1,0
forest_cover,mlp,170,1,0
forest_cover,mlp,171,1,0
forest_cover,mlp,172,1,0
forest_cover,mlp,173,1,0
forest_cover,mlp,174,1,0
forest_cover,mlp,175,0,0
forest_cover,mlp,176,1,0
forest_cover,mlp,177,0,0
forest_cover,mlp,178,1,0
forest_cover,mlp,179,1,0
forest_cover,mlp,180,0,0
forest_cover,mlp,181,0,0
forest_cover,mlp,182,0,0
forest_cover,mlp,183,0,0
forest_cover,mlp,184,1,0
forest_cover,mlp,185,1,0
forest_cover,mlp,186,1,0
forest_cover,mlp,187,0,0
forest_cover,mlp,188,0,0
forest_cover,mlp,189,0,0
forest_cover,mlp,190,1,0
forest_cover,mlp,191,1,0
forest_cover,mlp,192,0,0
forest_cover,mlp,193,0,0
forest_cover,mlp,194,0,0
forest_cover,mlp,195,1,0
forest_cover,mlp,196,1,0
forest_cover,mlp,197,0,0
forest_cover,mlp,198,0,0
forest_cover,mlp,199,0,0
forest_cover,mlp,200,1,0
forest_cover,mlp,201,0,0
forest_cover,mlp,202,1,0
forest_cover,mlp,203,0,0
forest_cover,mlp,204,0,0
forest_cover,mlp,205,1,0
forest_cover,mlp,206,1,0
forest_cover,mlp,207,1,0
forest_cover,mlp,208,0,0
forest_cover,mlp,209,0,0
forest_cover,mlp,210,1,0
forest_cover,mlp,211,1,0
forest_cover,mlp,212,0,0
forest_cover,mlp,213,1,0
forest_cover,mlp,214,1,0
forest_cover,mlp,215,1,0
forest_cover,mlp,216,0,0
forest_cover,mlp,217,1,0
forest_cover,mlp,218,1,0
forest_cover,mlp,219,1,0
forest_cover,mlp,220,0,0
forest_cover,mlp,221,1,0
forest_cover,mlp,222,0,0
forest_cover,mlp,223,0,0
forest_cover,mlp,224,1,0
forest_cover,mlp,225,0,0
forest_cover,mlp,226,0,0
forest_cover,mlp,227,1,0
forest_cover,mlp,228,1,0
forest_cover,mlp,229,1,0
forest_cover,mlp,230,0,0
forest_cover,mlp,231,0,0
forest_cover,mlp,232,0,0
forest_cover,mlp,233,1,0
forest_cover,mlp,234,1,0
forest_cover,mlp,235,0,0
forest_cover,mlp,236,1,0
forest_cover,mlp,237,1,0
forest_cover,mlp,238,0,0
forest_cover,mlp,239,0,0
forest_cover,mlp,240,0,0
forest_cover,mlp,241,1,0
forest_cover,mlp,242,0,0
forest_cover,mlp,243,1,0
forest_cover,mlp,244,0,0
forest_cover,mlp,245,1,0
forest_cover,mlp,246,1,0
forest_cover,mlp,247,0,0
forest_cover,mlp,248,0,0
forest_cover,mlp,249,1,0
forest_cover,mlp,250,0,0
forest_cover,mlp,251,0,0
forest_cover,mlp,252,1,0
forest_cover,mlp,253,1,0
forest_cover,mlp,254,1,0
forest_cover,mlp,255,1,0
forest_cover,mlp,256,1,0
forest_cover,mlp,257,1,0
forest_cover,mlp,258,1,0
forest_cover,mlp,259,1,0
forest_cover,mlp,260,0,0
forest_cover,mlp,261,1,0
forest_cover,mlp,262,1,0
forest_cover,mlp,263,1,0
forest_cover,mlp,264,0,0
forest_cover,mlp,265,0,0
forest_cover,mlp,266,1,0
forest_cover,mlp,267,1,0
forest_cover,mlp,268,0,0
forest_cover,mlp,269,0,0
forest_cover,mlp,270,0,0
forest_cover,mlp,271,1,0
forest_cover,mlp,272,1,0
forest_cover,mlp,273,0,0
forest_cover,mlp,274,0,0
forest_cover,mlp,275,1,0
forest_cover,mlp,276,0,0
forest_cover,mlp,277,1,0
forest_cover,mlp,278,0,0
forest_cover,mlp,279,1,0
forest_cover,mlp,280,0,0
forest_cover,mlp,281,1,0
forest_cover,mlp,282,1,0
forest_cover,mlp,283,1,0
forest_cover,mlp,284,1,0
forest_cover,mlp,285,0,0
forest_cover,mlp,286,0,0
forest_cover,mlp,287,1,0
forest_cover,mlp,288,0,0
forest_cover,mlp,289,0,0
forest_cover,mlp,290,1,0
forest_cover,mlp,291,0,0
forest_cover,mlp,292,0,0
forest_cover,mlp,293,0,0
forest_cover,mlp,294,1,0
forest_cover,mlp,295,1,0
forest_cover,mlp,296,0,0
forest_cover,mlp,297,0,0
forest_cover,mlp,298,1,0
forest_cover,mlp,299,0,0
forest_cover,mlp,300,1,0
forest_cover,mlp,301,0,0
forest_cover,mlp,302,0,0
forest_cover,mlp,303,0,0
forest_cover,mlp,304,1,0
forest_cover,mlp,305,0,0
forest_cover,mlp,306,0,0
forest_cover,mlp,307,1,0
forest_cover,mlp,308,1,0
forest_cover,mlp,309,0,0
forest_cover,mlp,310,1,0
forest_cover,mlp,311,0,0
forest_cover,mlp,312,0,0
forest_cover,mlp,313,1,0
forest_cover,mlp,314,0,0
forest_cover,mlp,315,1,0
forest_cover,mlp,316,1,0
forest_cover,mlp,317,0,0
forest_cover,mlp,318,0,0
forest_cover,mlp,319,1,0
forest_cover,mlp,320,1,0
forest_cover,mlp,321,0,0
forest_cover,mlp,322,0,0
forest_cover,mlp,323,1,0
forest_cover,mlp,324,1,0
forest_cover,mlp,325,1,0
forest_cover,mlp,326,1,0
forest_cover,mlp,327,0,0
forest_cover,mlp,328,1,0
forest_cover,mlp,329,0,0
forest_cover,mlp,330,1,0
forest_cover,mlp,331,1,0
forest_cover,mlp,332,0,0
forest_cover,mlp,333,0,0
forest_cover,mlp,334,0,0
forest_cover,mlp,335,1,0
forest_cover,mlp,336,0,0
forest_cover,mlp,337,0,0
forest_cover,mlp,338,1,0
forest_cover,mlp,339,0,0
forest_cover,mlp,340,1,0
forest_cover,mlp,341,1,0
forest_cover,mlp,342,1,0
forest_cover,mlp,343,0,0
forest_cover,mlp,344,0,0
forest_cover,mlp,345,1,0
forest_cover,mlp,346,1,0
forest_cover,mlp,347,1,0
forest_cover,mlp,348,0,0
forest_cover,mlp,349,0,0
forest_cover,mlp,350,1,0
forest_cover,mlp,351,1,0
forest_cover,mlp,352,1,0
forest_cover,mlp,353,0,0
forest_cover,mlp,354,0,0
forest_cover,mlp,355,0,0
forest_cover,mlp,356,1,0
forest_cover,mlp,357,0,0
forest_cover,mlp,358,1,0
forest_cover,mlp,359,1,0
forest_cover,mlp,360,1,0
forest_cover,mlp,361,1,0
forest_cover,mlp,362,0,0
forest_cover,mlp,363,1,0
forest_cover,mlp,364,0,0
forest_cover,mlp,365,1,0
forest_cover,mlp,366,1,0
forest_cover,mlp,367,0,0
forest_cover,mlp,368,1,0
forest_cover,mlp,369,1,0
forest_cover,mlp,370,1,0
forest_cover,mlp,371,1,0
forest_cover,mlp,372,0,0
forest_cover,mlp,373,0,0
forest_cover,mlp,374,1,0
forest_cover,mlp,375,1,0
forest_cover,mlp,376,1,0
forest_cover,mlp,377,1,0
forest_cover,mlp,378,1,0
forest_cover,mlp,379,1,0
forest_cover,mlp,380,1,0
forest_cover,mlp,381,1,0
forest_cover,mlp,382,0,0
forest_cover,mlp,383,1,0
forest_cover,mlp,384,1,0
forest_cover,mlp,385,0,0
forest_cover,mlp,386,1,0
forest_cover,mlp,387,1,0
forest_cover,mlp,388,0,0
forest_cover,mlp,389,1,0
forest_cover,mlp,390,1,0
forest_cover,mlp,391,1,0
forest_cover,mlp,392,1,0
forest_cover,mlp,393,0,0
forest_cover,mlp,394,1,0
forest_cover,mlp,395,0,0
forest_cover,mlp,396,0,0
forest_cover,mlp,397,0,0
forest_cover,mlp,398,0,0
forest_cover,mlp,399,0,0
breast_cancer,mlp,0,0,0
breast_cancer,mlp,1,0,0
breast_cancer,mlp,2,0,0
breast_cancer,mlp,3,1,0
breast_cancer,mlp,4,0,0
breast_cancer,mlp,5,1,0
breast_cancer,mlp,6,0,0
breast_cancer,mlp,7,1,0
breast_cancer,mlp,8,0,0
breast_cancer,mlp,9,0,0
breast_cancer,mlp,10,1,0
breast_cancer,mlp,11,0,0
breast_cancer,mlp,12,0,0
breast_cancer,mlp,13,0,0
breast_cancer,mlp,14,0,0
breast_cancer,mlp,15,0,0
breast_cancer,mlp,16,0,0
breast_cancer,mlp,17,0,0
breast_cancer,mlp,18,0,0
breast_cancer,mlp,19,0,0
breast_cancer,mlp,20,1,0
breast_cancer,mlp,21,0,0
breast_cancer,mlp,22,1,0
breast_cancer,mlp,23,1,0
breast_cancer,mlp,24,0,0
breast_cancer,mlp,25,1,0
breast_cancer,mlp,26,1,0
breast_cancer,mlp,27,0,0
breast_cancer,mlp,28,0,0
breast_cancer,mlp,29,0,0
breast_cancer,mlp,30,0,0
breast_cancer,mlp,31,1,0
breast_cancer,mlp,32,1,0
breast_cancer,mlp,33,1,0
breast_cancer,mlp,34,1,0
breast_cancer,mlp,35,1,0
breast_cancer,mlp,36,1,0
breast_cancer,mlp,37,0,0
breast_cancer,mlp,38,0,0
breast_cancer,mlp,39,1,0
breast_cancer,mlp,40,0,0
breast_cancer,mlp,41,0,0
breast_cancer,mlp,42,0,0
breast_cancer,mlp,43,0,0
breast_cancer,mlp,44,0,0
breast_cancer,mlp,45,1,0
breast_cancer,mlp,46,0,0
breast_cancer,mlp,47,0,0
breast_cancer,mlp,48,1,0
breast_cancer,mlp,49,0,0
breast_cancer,mlp,50,0,0
breast_cancer,mlp,51,0,0
breast_cancer,mlp,52,1,0
breast_cancer,mlp,53,1,0
breast_cancer,mlp,54,1,0
breast_cancer,mlp,55,0,0
breast_cancer,mlp,56,1,0
breast_cancer,mlp,57,1,0
breast_cancer,mlp,58,0,0
breast_cancer,mlp,59,1,0
breast_cancer,mlp,60,0,0
breast_cancer,mlp,61,0,0
breast_cancer,mlp,62,0,0
breast_cancer,mlp,63,0,0
breast_cancer,mlp,64,1,0
breast_cancer,mlp,65,0,0
breast_cancer,mlp,66,0,0
breast_cancer,mlp,67,0,0
breast_cancer,mlp,68,1,0
breast_cancer,mlp,69,0,0
breast_cancer,mlp,70,0,0
breast_cancer,mlp,71,0,0
breast_cancer,mlp,72,1,0
breast_cancer,mlp,73,0,0
breast_cancer,mlp,74,1,0
breast_cancer,mlp,75,0,0
breast_cancer,mlp,76,1,0
breast_cancer,mlp,77,0,0
breast_cancer,mlp,78,0,0
breast_cancer,mlp,79,1,0
breast_cancer,mlp,80,0,0
breast_cancer,mlp,81,0,0
breast_cancer,mlp,82,0,0
breast_cancer,mlp,83,0,0
breast_cancer,mlp,84,0,0
breast_cancer,mlp,85,0,0
breast_cancer,mlp,86,1,0
breast_cancer,mlp,87,0,0
breast_cancer,mlp,88,0,0
breast_cancer,mlp,89,1,0
breast_cancer,mlp,90,0,0
breast_cancer,mlp,91,1,0
breast_cancer,mlp,92,0,0
breast_cancer,mlp,93,0,0
breast_cancer,mlp,94,1,0
breast_cancer,mlp,95,0,0
breast_cancer,mlp,96,1,0
breast_cancer,mlp,97,0,0
breast_cancer,mlp,98,0,0
breast_cancer,mlp,99,0,0
breast_cancer,mlp,100,1,0
breast_cancer,mlp,101,1,0
breast_cancer,mlp,102,0,0
breast_cancer,mlp,103,0,0
breast_cancer,mlp,104,1,0
breast_cancer,mlp,105,1,0
breast_cancer,mlp,106,0,0
breast_cancer,mlp,107,1,0
breast_cancer,mlp,108,0,0
breast_cancer,mlp,109,0,0
breast_cancer,mlp,110,0,0
breast_cancer,mlp,111,0,0
breast_cancer,mlp,112,0,0
breast_cancer,mlp,113,0,0
breast_cancer,mlp,114,0,0
breast_cancer,mlp,115,1,0
breast_cancer,mlp,116,0,0
breast_cancer,mlp,117,0,0
breast_cancer,mlp,118,0,0
breast_cancer,mlp,119,1,0
breast_cancer,mlp,120,0,0
breast_cancer,mlp,121,0,0
breast_cancer,mlp,122,0,0
breast_cancer,mlp,123,1,0
breast_cancer,mlp,124,1,0
breast_cancer,mlp,125,0,0
breast_cancer,mlp,126,0,0
breast_cancer,mlp,127,0,0
breast_cancer,mlp,128,0,0
breast_cancer,mlp,129,1,0
breast_cancer,mlp,130,1,0
breast_cancer,mlp,131,0,0
breast_cancer,mlp,132,0,0
breast_cancer,mlp,133,0,0
breast_cancer,mlp,134,0,0
breast_cancer,mlp,135,0,0
breast_cancer,mlp,136,0,0
breast_cancer,mlp,137,0,0
breast_cancer,mlp,138,0,0
breast_cancer,mlp,139,0,0
breast_cancer,mlp,140,0,0
breast_cancer,mlp,141,1,0
breast_cancer,mlp,142,1,0
breast_cancer,mlp,143,0,0
breast_cancer,mlp,144,0,0
breast_cancer,mlp,145,0,0
breast_cancer,mlp,146,0,0
breast_cancer,mlp,147,1,0
breast_cancer,mlp,148,1,0
breast_cancer,mlp,149,0,0
breast_cancer,mlp,150,1,0
breast_cancer,mlp,151,0,0
breast_cancer,mlp,152,0,0
breast_cancer,mlp,153,1,0
breast_cancer,mlp,154,0,0
breast_cancer,mlp,155,0,0
breast_cancer,mlp,156,1,0
breast_cancer,mlp,157,1,0
breast_cancer,mlp,158,0,0
breast_cancer,mlp,159,0,0
breast_cancer,mlp,160,0,0
breast_cancer,mlp,161,1,0
breast_cancer,mlp,162,1,0
breast_cancer,mlp,163,1,0
breast_cancer,mlp,164,0,0
breast_cancer,mlp,165,0,0
breast_cancer,mlp,166,0,0
breast_cancer,mlp,167,1,0
breast_cancer,mlp,168,0,0
breast_cancer,mlp,169,0,0
breast_cancer,mlp,170,0,0
breast_cancer,mlp,171,1,0
breast_cancer,mlp,172,0,0
breast_cancer,mlp,173,1,0
breast_cancer,mlp,174,0,0
breast_cancer,mlp,175,0,0
breast_cancer,mlp,176,1,0
breast_cancer,mlp,177,1,0
breast_cancer,mlp,178,1,0
breast_cancer,mlp,179,0,0
breast_cancer,mlp,180,0,0
breast_cancer,mlp,181,0,0
breast_cancer,mlp,182,1,0
breast_cancer,mlp,183,1,0
breast_cancer,mlp,184,1,0
breast_cancer,mlp,185,0,0
breast_cancer,mlp,186,1,0
breast_cancer,mlp,187,1,0
breast_cancer,mlp,188,1,0
breast_cancer,mlp,189,0,0
breast_cancer,mlp,190,1,0
breast_cancer,mlp,191,0,0
breast_cancer,mlp,192,1,0
breast_cancer,mlp,193,0,0
breast_cancer,mlp,194,0,0
breast_cancer,mlp,195,1,0
breast_cancer,mlp,196,1,0
breast_cancer,mlp,197,1,0
breast_cancer,mlp,198,1,0
breast_cancer,mlp,199,1,0
breast_cancer,mlp,200,1,0
breast_cancer,mlp,201,0,0
breast_cancer,mlp,202,0,0
breast_cancer,mlp,203,1,0
breast_cancer,mlp,204,1,0
breast_cancer,mlp,205,0,0
breast_cancer,mlp,206,0,0
breast_cancer,mlp,207,0,0
breast_cancer,mlp,208,0,0
breast_cancer,mlp,209,0,0
breast_cancer,mlp,210,0,0
breast_cancer,mlp,211,0,0
breast_cancer,mlp,212,0,0
breast_cancer,mlp,213,0,0
breast_cancer,mlp,214,0,0
breast_cancer,mlp,215,1,0
breast_cancer,mlp,216,1,0
breast_cancer,mlp,217,1,0
breast_cancer,mlp,218,1,0
breast_cancer,mlp,219,1,0
breast_cancer,mlp,220,1,0
breast_cancer,mlp,221,1,0
breast_cancer,mlp,222,0,0
breast_cancer,mlp,223,0,0
breast_cancer,mlp,224,0,0
breast_cancer,mlp,225,0,0
breast_cancer,mlp,226,0,0
breast_cancer,mlp,227,0,0
breast_cancer,mlp,228,0,0
breast_cancer,mlp,229,0,0
breast_cancer,mlp,230,1,0
breast_cancer,mlp,231,0,0
breast_cancer,mlp,232,1,0
breast_cancer,mlp,233,0,0
breast_cancer,mlp,234,1,0
breast_cancer,mlp,235,0,0
breast_cancer,mlp,236,0,0
breast_cancer,mlp,237,0,0
breast_cancer,mlp,238,0,0
breast_cancer,mlp,239,0,0
breast_cancer,mlp,240,0,0
breast_cancer,mlp,241,0,0
breast_cancer,mlp,242,1,0
breast_cancer,mlp,243,0,0
breast_cancer,mlp,244,0,0
breast_cancer,mlp,245,0,0
breast_cancer,mlp,246,0,0
breast_cancer,mlp,247,1,0
breast_cancer,mlp,248,0,0
breast_cancer,mlp,249,0,0
breast_cancer,mlp,250,0,0
breast_cancer,mlp,251,1,0
breast_cancer,mlp,252,1,0
breast_cancer,mlp,253,0,0
breast_cancer,mlp,254,0,0
breast_cancer,mlp,255,0,0
breast_cancer,mlp,256,1,0
breast_cancer,mlp,257,1,0
breast_cancer,mlp,258,0,0
breast_cancer,mlp,259,0,0
breast_cancer,mlp,260,0,0
breast_cancer,mlp,261,1,0
breast_cancer,mlp,262,0,0
breast_cancer,mlp,263,0,0
breast_cancer,mlp,264,0,0
breast_cancer,mlp,265,1,0
breast_cancer,mlp,266,0,0
breast_cancer,mlp,267,0,0
breast_cancer,mlp,268,0,0
breast_cancer,mlp,269,1,0
breast_cancer,mlp,270,0,0
breast_cancer,mlp,271,1,0
breast_cancer,mlp,272,0,0
breast_cancer,mlp,273,0,0
breast_cancer,mlp,274,0,0
breast_cancer,mlp,275,1,0
breast_cancer,mlp,276,0,0
breast_cancer,mlp,277,0,0
breast_cancer,mlp,278,0,0
breast_cancer,mlp,279,0,0
breast_cancer,mlp,280,0,0
breast_cancer,mlp,281,0,0
breast_cancer,mlp,282,0,0
breast_cancer,mlp,283,0,0
breast_cancer,mlp,284,0,0
breast_cancer,mlp,285,0,0
breast_cancer,mlp,286,0,0
breast_cancer,mlp,287,0,0
breast_cancer,mlp,288,1,0
breast_cancer,mlp,289,1,0
breast_cancer,mlp,290,0,0
breast_cancer,mlp,291,0,0
breast_cancer,mlp,292,0,0
breast_cancer,mlp,293,0,0
breast_cancer,mlp,294,0,0
breast_cancer,mlp,295,0,0
breast_cancer,mlp,296,1,0
breast_cancer,mlp,297,1,0
breast_cancer,mlp,298,0,0
breast_cancer,mlp,299,0,0
breast_cancer,mlp,300,0,0
breast_cancer,mlp,301,0,0
breast_cancer,mlp,302,1,0
breast_cancer,mlp,303,0,0
breast_cancer,mlp,304,1,0
breast_cancer,mlp,305,0,0
breast_cancer,mlp,306,0,0
breast_cancer,mlp,307,0,0
breast_cancer,mlp,308,0,0
breast_cancer,mlp,309,0,0
breast_cancer,mlp,310,0,0
breast_cancer,mlp,311,0,0
breast_cancer,mlp,312,0,0
breast_cancer,mlp,313,0,0
breast_cancer,mlp,314,0,0
breast_cancer,mlp,315,1,0
breast_cancer,mlp,316,0,0
breast_cancer,mlp,317,0,0
breast_cancer,mlp,318,0,0
breast_cancer,mlp,319,0,0
breast_cancer,mlp,320,1,0
breast_cancer,mlp,321,0,0
breast_cancer,mlp,322,0,0
breast_cancer,mlp,323,0,0
breast_cancer,mlp,324,0,0
breast_cancer,mlp,325,0,0
breast_cancer,mlp,326,1,0
breast_cancer,mlp,327,1,0
breast_cancer,mlp,328,0,0
breast_cancer,mlp,329,0,0
breast_cancer,mlp,330,1,0
breast_cancer,mlp,331,1,0
breast_cancer,mlp,332,0,0
breast_cancer,mlp,333,0,0
breast_cancer,mlp,334,1,0
breast_cancer,mlp,335,0,0
breast_cancer,mlp,336,0,0
breast_cancer,mlp,337,1,0
breast_cancer,mlp,338,0,0
breast_cancer,mlp,339,0,0
breast_cancer,mlp,340,1,0
breast_cancer,mlp,341,1,0
breast_cancer,mlp,342,0,0
breast_cancer,mlp,343,1,0
breast_cancer,mlp,344,1,0
breast_cancer,mlp,345,0,0
breast_cancer,mlp,346,0,0
breast_cancer,mlp,347,1,0
breast_cancer,mlp,348,0,0
breast_cancer,mlp,349,0,0
breast_cancer,mlp,350,0,0
breast_cancer,mlp,351,0,0
breast_cancer,mlp,352,0,0
breast_cancer,mlp,353,1,0
breast_cancer,mlp,354,0,0
breast_cancer,mlp,355,0,0
breast_cancer,mlp,356,1,0
breast_cancer,mlp,357,1,0
breast_cancer,mlp,358,1,0
breast_cancer,mlp,359,1,0
breast_cancer,mlp,360,1,0
breast_cancer,mlp,361,0,0
breast_cancer,mlp,362,0,0
breast_cancer,mlp,363,1,0
breast_cancer,mlp,364,0,0
breast_cancer,mlp,365,1,0
breast_cancer,mlp,366,1,0
breast_cancer,mlp,367,0,0
breast_cancer,mlp,368,0,0
breast_cancer,mlp,369,1,0
breast_cancer,mlp,370,1,0
breast_cancer,mlp,371,0,0
breast_cancer,mlp,372,0,0
breast_cancer,mlp,373,0,0
breast_cancer,mlp,374,1,0
breast_cancer,mlp,375,1,0
breast_cancer,mlp,376,1,0
breast_cancer,mlp,377,0,0
breast_cancer,mlp,378,0,0
breast_cancer,mlp,379,0,0
breast_cancer,mlp,380,1,0
breast_cancer,mlp,381,0,0
breast_cancer,mlp,382,1,0
breast_cancer,mlp,383,0,0
breast_cancer,mlp,384,1,0
breast_cancer,mlp,385,1,0
breast_cancer,mlp,386,1,0
breast_cancer,mlp,387,0,0
breast_cancer,mlp,388,0,0
breast_cancer,mlp,389,1,0
breast_cancer,mlp,390,0,0
breast_cancer,mlp,391,1,0
breast_cancer,mlp,392,0,0
breast_cancer,mlp,393,1,0
breast_cancer,mlp,394,0,0
breast_cancer,mlp,395,1,0
breast_cancer,mlp,396,0,0
breast_cancer,mlp,397,0,0
breast_cancer,mlp,398,1,0
breast_cancer,mlp,399,1,0
breast_cancer,xgboost,0,0,0
breast_cancer,xgboost,1,0,0
breast_cancer,xgboost,2,0,0
breast_cancer,xgboost,3,1,0
breast_cancer,xgboost,4,0,0
breast_cancer,xgboost,5,0,0
breast_cancer,xgboost,6,0,0
breast_cancer,xgboost,7,1,0
breast_cancer,xgboost,8,0,0
breast_cancer,xgboost,9,0,0
breast_cancer,xgboost,10,1,0
breast_cancer,xgboost,11,0,0
breast_cancer,xgboost,12,0,0
breast_cancer,xgboost,13,0,0
breast_cancer,xgboost,14,0,0
breast_cancer,xgboost,15,0,0
breast_cancer,xgboost,16,0,0
breast_cancer,xgboost,17,0,0
breast_cancer,xgboost,18,0,0
breast_cancer,xgboost,19,0,0
breast_cancer,xgboost,20,1,0
breast_cancer,xgboost,21,0,0
breast_cancer,xgboost,22,1,0
breast_cancer,xgboost,23,1,0
breast_cancer,xgboost,24,0,0
breast_cancer,xgboost,25,1,0
breast_cancer,xgboost,26,1,0
breast_cancer,xgboost,27,0,0
breast_cancer,xgboost,28,0,0
breast_cancer,xgboost,29,0,0
breast_cancer,xgboost,30,0,0
breast_cancer,xgboost,31,0,0
breast_cancer,xgboost,32,1,0
breast_cancer,xgboost,33,1,0
breast_cancer,xgboost,34,1,0
breast_cancer,xgboost,35,1,0
breast_cancer,xgboost,36,1,0
breast_cancer,xgboost,37,0,0
breast_cancer,xgboost,38,0,0
breast_cancer,xgboost,39,1,0
breast_cancer,xgboost,40,0,0
breast_cancer,xgboost,41,0,0
breast_cancer,xgboost,42,0,0
breast_cancer,xgboost,43,0,0
breast_cancer,xgboost,44,0,0
breast_cancer,xgboost,45,0,0
breast_cancer,xgboost,46,0,0
breast_cancer,xgboost,47,0,0
breast_cancer,xgboost,48,1,0
breast_cancer,xgboost,49,0,0
breast_cancer,xgboost,50,0,0
breast_cancer,xgboost,51,0,0
breast_cancer,xgboost,52,1,0
breast_cancer,xgboost,53,1,0
breast_cancer,xgboost,54,1,0
breast_cancer,xgboost,55,0,0
breast_cancer,xgboost,56,1,0
breast_cancer,xgboost,57,1,0
breast_cancer,xgboost,58,0,0
breast_cancer,xgboost,59,1,0
breast_cancer,xgboost,60,0,0
breast_cancer,xgboost,61,0,0
breast_cancer,xgboost,62,0,0
breast_cancer,xgboost,63,0,0
breast_cancer,xgboost,64,1,0
breast_cancer,xgboost,65,0,0
breast_cancer,xgboost,66,0,0
breast_cancer,xgboost,67,0,0
breast_cancer,xgboost,68,1,0
breast_cancer,xgboost,69,0,0
breast_cancer,xgboost,70,0,0
breast_cancer,xgboost,71,0,0
breast_cancer,xgboost,72,1,0
breast_cancer,xgboost,73,0,0
breast_cancer,xgboost,74,1,0
breast_cancer,xgboost,75,0,0
breast_cancer,xgboost,76,1,0
breast_cancer,xgboost,77,0,0
breast_cancer,xgboost,78,0,0
breast_cancer,xgboost,79,1,0
breast_cancer,xgboost,80,0,0
breast_cancer,xgboost,81,0,0
breast_cancer,xgboost,82,0,0
breast_cancer,xgboost,83,0,0
breast_cancer,xgboost,84,0,0
breast_cancer,xgboost,85,0,0
breast_cancer,xgboost,86,1,0
breast_cancer,xgboost,87,0,0
breast_cancer,xgboost,88,0,0
breast_cancer,xgboost,89,1,0
breast_cancer,xgboost,90,0,0
breast_cancer,xgboost,91,1,0
breast_cancer,xgboost,92,0,0
breast_cancer,xgboost,93,0,0
breast_cancer,xgboost,94,1,0
breast_cancer,xgboost,95,0,0
breast_cancer,xgboost,96,1,0
breast_cancer,xgboost,97,0,0
breast_cancer,xgboost,98,0,0
breast_cancer,xgboost,99,0,0
breast_cancer,xgboost,100,1,0
breast_cancer,xgboost,101,1,0
breast_cancer,xgboost,102,0,0
breast_cancer,xgboost,103,0,0
breast_cancer,xgboost,104,1,0
breast_cancer,xgboost,105,1,0
breast_cancer,xgboost,106,0,0
breast_cancer,xgboost,107,1,0
breast_cancer,xgboost,108,0,0
breast_cancer,xgboost,109,0,0
breast_cancer,xgboost,110,0,0
breast_cancer,xgboost,111,0,0
breast_cancer,xgboost,112,0,0
breast_cancer,xgboost,113,0,0
breast_cancer,xgboost,114,0,0
breast_cancer,xgboost,115,1,0
breast_cancer,xgboost,116,0,0
breast_cancer,xgboost,117,0,0
breast_cancer,xgboost,118,0,0
breast_cancer,xgboost,119,1,0
breast_cancer,xgboost,120,0,0
breast_cancer,xgboost,121,0,0
breast_cancer,xgboost,122,0,0
breast_cancer,xgboost,123,1,0
breast_cancer,xgboost,124,1,0
breast_cancer,xgboost,125,0,0
breast_cancer,xgboost,126,0,0
breast_cancer,xgboost,127,0,0
breast_cancer,xgboost,128,0,0
breast_cancer,xgboost,129,1,0
breast_cancer,xgboost,130,1,0
breast_cancer,xgboost,131,0,0
breast_cancer,xgboost,132,0,0
breast_cancer,xgboost,133,0,0
breast_cancer,xgboost,134,0,0
breast_cancer,xgboost,135,0,0
breast_cancer,xgboost,136,0,0
breast_cancer,xgboost,137,0,0
breast_cancer,xgboost,138,0,0
breast_cancer,xgboost,139,0,0
breast_cancer,xgboost,140,0,0
breast_cancer,xgboost,141,1,0
breast_cancer,xgboost,142,1,0
breast_cancer,xgboost,143,0,0
breast_cancer,xgboost,144,0,0
breast_cancer,xgboost,145,0,0
breast_cancer,xgboost,146,0,0
breast_cancer,xgboost,147,1,0
breast_cancer,xgboost,148,1,0
breast_cancer,xgboost,149,0,0
breast_cancer,xgboost,150,1,0
breast_cancer,xgboost,151,0,0
breast_cancer,xgboost,152,0,0
breast_cancer,xgboost,153,1,0
breast_cancer,xgboost,154,0,0
breast_cancer,xgboost,155,0,0
breast_cancer,xgboost,156,1,0
breast_cancer,xgboost,157,1,0
breast_cancer,xgboost,158,0,0
breast_cancer,xgboost,159,0,0
breast_cancer,xgboost,160,0,0
breast_cancer,xgboost,161,1,0
breast_cancer,xgboost,162,1,0
breast_cancer,xgboost,163,1,0
breast_cancer,xgboost,164,0,0
breast_cancer,xgboost,165,0,0
breast_cancer,xgboost,166,0,0
breast_cancer,xgboost,167,1,0
breast_cancer,xgboost,168,0,0
breast_cancer,xgboost,169,0,0
breast_cancer,xgboost,170,0,0
breast_cancer,xgboost,171,1,0
breast_cancer,xgboost,172,0,0
breast_cancer,xgboost,173,1,0
breast_cancer,xgboost,174,0,0
breast_cancer,xgboost,175,0,0
breast_cancer,xgboost,176,1,0
breast_cancer,xgboost,177,1,0
breast_cancer,xgboost,178,1,0
breast_cancer,xgboost,179,0,0
breast_cancer,xgboost,180,0,0
breast_cancer,xgboost,181,0,0
breast_cancer,xgboost,182,1,0
breast_cancer,xgboost,183,1,0
breast_cancer,xgboost,184,1,0
breast_cancer,xgboost,185,0,0
breast_cancer,xgboost,186,1,0
breast_cancer,xgboost,187,1,0
breast_cancer,xgboost,188,1,0
breast_cancer,xgboost,189,0,0
breast_cancer,xgboost,190,1,0
breast_cancer,xgboost,191,0,0
breast_cancer,xgboost,192,1,0
breast_cancer,xgboost,193,0,0
breast_cancer,xgboost,194,0,0
breast_cancer,xgboost,195,1,0
breast_cancer,xgboost,196,1,0
breast_cancer,xgboost,197,1,0
breast_cancer,xgboost,198,1,0
breast_cancer,xgboost,199,1,0
breast_cancer,xgboost,200,1,0
breast_cancer,xgboost,201,0,0
breast_cancer,xgboost,202,0,0
breast_cancer,xgboost,203,1,0
breast_cancer,xgboost,204,1,0
breast_cancer,xgboost,205,0,0
breast_cancer,xgboost,206,0,0
breast_cancer,xgboost,207,0,0
breast_cancer,xgboost,208,1,0
breast_cancer,xgboost,209,0,0
breast_cancer,xgboost,210,0,0
breast_cancer,xgboost,211,0,0
breast_cancer,xgboost,212,0,0
breast_cancer,xgboost,213,0,0
breast_cancer,xgboost,214,0,0
breast_cancer,xgboost,215,1,0
breast_cancer,xgboost,216,1,0
breast_cancer,xgboost,217,1,0
breast_cancer,xgboost,218,1,0
breast_cancer,xgboost,219,1,0
breast_cancer,xgboost,220,1,0
breast_cancer,xgboost,221,1,0
breast_cancer,xgboost,222,0,0
breast_cancer,xgboost,223,0,0
breast_cancer,xgboost,224,0,0
breast_cancer,xgboost,225,0,0
breast_cancer,xgboost,226,0,0
breast_cancer,xgboost,227,0,0
breast_cancer,xgboost,228,0,0
breast_cancer,xgboost,229,0,0
breast_cancer,xgboost,230,1,0
breast_cancer,xgboost,231,1,0
breast_cancer,xgboost,232,1,0
breast_cancer,xgboost,233,0,0
breast_cancer,xgboost,234,1,0
breast_cancer,xgboost,235,0,0
breast_cancer,xgboost,236,0,0
breast_cancer,xgboost,237,0,0
breast_cancer,xgboost,238,0,0
breast_cancer,xgboost,239,0,0
breast_cancer,xgboost,240,0,0
breast_cancer,xgboost,241,1,0
breast_cancer,xgboost,242,1,0
breast_cancer,xgboost,243,0,0
breast_cancer,xgboost,244,0,0
breast_cancer,xgboost,245,0,0
breast_cancer,xgboost,246,0,0
breast_cancer,xgboost,247,1,0
breast_cancer,xgboost,248,0,0
breast_cancer,xgboost,249,0,0
breast_cancer,xgboost,250,0,0
breast_cancer,xgboost,251,1,0
breast_cancer,xgboost,252,1,0
breast_cancer,xgboost,253,0,0
breast_cancer,xgboost,254,0,0
breast_cancer,xgboost,255,0,0
breast_cancer,xgboost,256,1,0
breast_cancer,xgboost,257,1,0
breast_cancer,xgboost,258,0,0
breast_cancer,xgboost,259,0,0
breast_cancer,xgboost,260,0,0
breast_cancer,xgboost,261,1,0
breast_cancer,xgboost,262,0,0
breast_cancer,xgboost,263,0,0
breast_cancer,xgboost,264,0,0
breast_cancer,xgboost,265,1,0
breast_cancer,xgboost,266,0,0
breast_cancer,xgboost,267,0,0
breast_cancer,xgboost,268,0,0
breast_cancer,xgboost,269,1,0
breast_cancer,xgboost,270,0,0
breast_cancer,xgboost,271,0,0
breast_cancer,xgboost,272,0,0
breast_cancer,xgboost,273,0,0
breast_cancer,xgboost,274,0,0
breast_cancer,xgboost,275,1,0
breast_cancer,xgboost,276,0,0
breast_cancer,xgboost,277,0,0
breast_cancer,xgboost,278,0,0
breast_cancer,xgboost,279,0,0
breast_cancer,xgboost,280,0,0
breast_cancer,xgboost,281,0,0
breast_cancer,xgboost,282,0,0
breast_cancer,xgboost,283,0,0
breast_cancer,xgboost,284,0,0
breast_cancer,xgboost,285,1,0
breast_cancer,xgboost,286,0,0
breast_cancer,xgboost,287,0,0
breast_cancer,xgboost,288,1,0
breast_cancer,xgboost,289,1,0
breast_cancer,xgboost,290,0,0
breast_cancer,xgboost,291,0,0
breast_cancer,xgboost,292,0,0
breast_cancer,xgboost,293,0,0
breast_cancer,xgboost,294,0,0
breast_cancer,xgboost,295,0,0
breast_cancer,xgboost,296,1,0
breast_cancer,xgboost,297,1,0
breast_cancer,xgboost,298,0,0
breast_cancer,xgboost,299,0,0
breast_cancer,xgboost,300,0,0
breast_cancer,xgboost,301,0,0
breast_cancer,xgboost,302,1,0
breast_cancer,xgboost,303,1,0
breast_cancer,xgboost,304,1,0
breast_cancer,xgboost,305,0,0
breast_cancer,xgboost,306,0,0
breast_cancer,xgboost,307,0,0
breast_cancer,xgboost,308,0,0
breast_cancer,xgboost,309,0,0
breast_cancer,xgboost,310,0,0
breast_cancer,xgboost,311,0,0
breast_cancer,xgboost,312,0,0
breast_cancer,xgboost,313,0,0
breast_cancer,xgboost,314,1,0
breast_cancer,xgboost,315,1,0
breast_cancer,xgboost,316,0,0
breast_cancer,xgboost,317,0,0
breast_cancer,xgboost,318,0,0
breast_cancer,xgboost,319,0,0
breast_cancer,xgboost,320,1,0
breast_cancer,xgboost,321,0,0
breast_cancer,xgboost,322,0,0
breast_cancer,xgboost,323,0,0
breast_cancer,xgboost,324,0,0
breast_cancer,xgboost,325,0,0
breast_cancer,xgboost,326,1,0
breast_cancer,xgboost,327,1,0
breast_cancer,xgboost,328,0,0
breast_cancer,xgboost,329,0,0
breast_cancer,xgboost,330,1,0
breast_cancer,xgboost,331,1,0
breast_cancer,xgboost,332,1,0
breast_cancer,xgboost,333,0,0
breast_cancer,xgboost,334,1,0
breast_cancer,xgboost,335,0,0
breast_cancer,xgboost,336,0,0
breast_cancer,xgboost,337,1,0
breast_cancer,xgboost,338,0,0
breast_cancer,xgboost,339,0,0
breast_cancer,xgboost,340,1,0
breast_cancer,xgboost,341,1,0
breast_cancer,xgboost,342,0,0
breast_cancer,xgboost,343,1,0
breast_cancer,xgboost,344,1,0
breast_cancer,xgboost,345,0,0
breast_cancer,xgboost,346,0,0
breast_cancer,xgboost,347,1,0
breast_cancer,xgboost,348,0,0
breast_cancer,xgboost,349,0,0
breast_cancer,xgboost,350,0,0
breast_cancer,xgboost,351,0,0
breast_cancer,xgboost,352,0,0
breast_cancer,xgboost,353,1,0
breast_cancer,xgboost,354,0,0
breast_cancer,xgboost,355,0,0
breast_cancer,xgboost,356,1,0
breast_cancer,xgboost,357,1,0
breast_cancer,xgboost,358,1,0
breast_cancer,xgboost,359,1,0
breast_cancer,xgboost,360,1,0
breast_cancer,xgboost,361,0,0
breast_cancer,xgboost,362,0,0
breast_cancer,xgboost,363,1,0
breast_cancer,xgboost,364,0,0
breast_cancer,xgboost,365,1,0
breast_cancer,xgboost,366,1,0
breast_cancer,xgboost,367,0,0
breast_cancer,xgboost,368,0,0
breast_cancer,xgboost,369,1,0
breast_cancer,xgboost,370,1,0
breast_cancer,xgboost,371,0,0
breast_cancer,xgboost,372,0,0
breast_cancer,xgboost,373,0,0
breast_cancer,xgboost,374,1,0
breast_cancer,xgboost,375,1,0
breast_cancer,xgboost,376,1,0
breast_cancer,xgboost,377,0,0
breast_cancer,xgboost,378,0,0
breast_cancer,xgboost,379,0,0
breast_cancer,xgboost,380,1,0
breast_cancer,xgboost,381,0,0
breast_cancer,xgboost,382,1,0
breast_cancer,xgboost,383,0,0
breast_cancer,xgboost,384,1,0
breast_cancer,xgboost,385,1,0
breast_cancer,xgboost,386,1,0
breast_cancer,xgboost,387,0,0
breast_cancer,xgboost,388,0,0
breast_cancer,xgboost,389,1,0
breast_cancer,xgboost,390,0,0
breast_cancer,xgboost,391,1,0
breast_cancer,xgboost,392,0,0
breast_cancer,xgboost,393,1,0
breast_cancer,xgboost,394,0,0
breast_cancer,xgboost,395,1,0
breast_cancer,xgboost,396,0,0
breast_cancer,xgboost,397,0,0
breast_cancer,xgboost,398,1,0
breast_cancer,xgboost,399,1,0
wine_binary,mlp,0,0,0
wine_binary,mlp,1,0,0
wine_binary,mlp,2,0,0
wine_binary,mlp,3,0,0
wine_binary,mlp,4,0,0
wine_binary,mlp,5,0,0
wine_binary,mlp,6,0,0
wine_binary,mlp,7,0,0
wine_binary,mlp,8,0,0
wine_binary,mlp,9,0,0
wine_binary,mlp,10,0,0
wine_binary,mlp,11,0,0
wine_binary,mlp,12,0,0
wine_binary,mlp,13,0,0
wine_binary,mlp,14,0,0
wine_binary,mlp,15,0,0
wine_binary,mlp,16,0,0
wine_binary,mlp,17,0,0
wine_binary,mlp,18,0,0
wine_binary,mlp,19,0,0
wine_binary,mlp,20,0,0
wine_binary,mlp,21,0,0
wine_binary,mlp,22,0,0
wine_binary,mlp,23,0,0
wine_binary,mlp,24,0,0
wine_binary,mlp,25,0,0
wine_binary,mlp,26,0,0
wine_binary,mlp,27,0,0
wine_binary,mlp,28,0,0
wine_binary,mlp,29,0,0
wine_binary,mlp,30,0,0
wine_binary,mlp,31,0,0
wine_binary,mlp,32,0,0
wine_binary,mlp,33,0,0
wine_binary,mlp,34,0,0
wine_binary,mlp,35,0,0
wine_binary,mlp,36,0,0
wine_binary,mlp,37,0,0
wine_binary,mlp,38,0,0
wine_binary,mlp,39,0,0
wine_binary,mlp,40,0,0
wine_binary,mlp,41,0,0
wine_binary,mlp,42,0,0
wine_binary,mlp,43,0,0
wine_binary,mlp,44,0,0
wine_binary,mlp,45,0,0
wine_binary,mlp,46,0,0
wine_binary,mlp,47,0,0
wine_binary,mlp,48,0,0
wine_binary,mlp,49,0,0
wine_binary,mlp,50,0,0
wine_binary,mlp,51,0,0
wine_binary,mlp,52,0,0
wine_binary,mlp,53,0,0
wine_binary,mlp,54,0,0
wine_binary,mlp,55,0,0
wine_binary,mlp,56,0,0
wine_binary,mlp,57,0,0
wine_binary,mlp,58,0,0
wine_binary,mlp,59,1,0
wine_binary,mlp,60,1,0
wine_binary,mlp,61,1,0
wine_binary,mlp,62,1,0
wine_binary,mlp,63,1,0
wine_binary,mlp,64,1,0
wine_binary,mlp,65,1,0
wine_binary,mlp,66,1,0
wine_binary,mlp,67,1,0
wine_binary,mlp,68,1,0
wine_binary,mlp,69,1,0
wine_binary,mlp,70,1,0
wine_binary,mlp,71,1,0
wine_binary,mlp,72,1,0
wine_binary,mlp,73,0,0
wine_binary,mlp,74,1,0
wine_binary,mlp,75,1,0
wine_binary,mlp,76,1,0
wine_binary,mlp,77,1,0
wine_binary,mlp,78,1,0
wine_binary,mlp,79,1,0
wine_binary,mlp,80,1,0
wine_binary,mlp,81,1,0
wine_binary,mlp,82,1,0
wine_binary,mlp,83,1,0
wine_binary,mlp,84,1,0
wine_binary,mlp,85,1,0
wine_binary,mlp,86,1,0
wine_binary,mlp,87,1,0
wine_binary,mlp,88,1,0
wine_binary,mlp,89,1,0
wine_binary,mlp,90,1,0
wine_binary,mlp,91,1,0
wine_binary,mlp,92,1,0
wine_binary,mlp,93,1,0
wine_binary,mlp,94,1,0
wine_binary,mlp,95,1,0
wine_binary,mlp,96,1,0
wine_binary,mlp,97,1,0
wine_binary,mlp,98,1,0
wine_binary,mlp,99,1,0
wine_binary,mlp,100,1,0
wine_binary,mlp,101,1,0
wine_binary,mlp,102,1,0
wine_binary,mlp,103,1,0
wine_binary,mlp,104,1,0
wine_binary,mlp,105,1,0
wine_binary,mlp,106,1,0
wine_binary,mlp,107,1,0
wine_binary,mlp,108,1,0
wine_binary,mlp,109,1,0
wine_binary,mlp,110,1,0
wine_binary,mlp,111,1,0
wine_binary,mlp,112,1,0
wine_binary,mlp,113,1,0
wine_binary,mlp,114,1,0
wine_binary,mlp,115,1,0
wine_binary,mlp,116,1,0
wine_binary,mlp,117,1,0
wine_binary,mlp,118,1,0
wine_binary,mlp,119,1,0
wine_binary,mlp,120,1,0
wine_binary,mlp,121,1,0
wine_binary,mlp,122,1,0
wine_binary,mlp,123,1,0
wine_binary,mlp,124,1,0
wine_binary,mlp,125,1,0
wine_binary,mlp,126,1,0
wine_binary,mlp,127,1,0
wine_binary,mlp,128,1,0
wine_binary,mlp,129,1,0
wine_binary,xgboost,0,0,0
wine_binary,xgboost,1,0,0
wine_binary,xgboost,2,0,0
wine_binary,xgboost,3,0,0
wine_binary,xgboost,4,0,0
wine_binary,xgboost,5,0,0
wine_binary,xgboost,6,0,0
wine_binary,xgboost,7,0,0
wine_binary,xgboost,8,0,0
wine_binary,xgboost,9,0,0
wine_binary,xgboost,10,0,0
wine_binary,xgboost,11,0,0
wine_binary,xgboost,12,0,0
wine_binary,xgboost,13,0,0
wine_binary,xgboost,14,0,0
wine_binary,xgboost,15,0,0
wine_binary,xgboost,16,0,0
wine_binary,xgboost,17,0,0
wine_binary,xgboost,18,0,0
wine_binary,xgboost,19,0,0
wine_binary,xgboost,20,0,0
wine_binary,xgboost,21,0,0
wine_binary,xgboost,22,0,0
wine_binary,xgboost,23,0,0
wine_binary,xgboost,24,0,0
wine_binary,xgboost,25,0,0
wine_binary,xgboost,26,0,0
wine_binary,xgboost,27,0,0
wine_binary,xgboost,28,0,0
wine_binary,xgboost,29,0,0
wine_binary,xgboost,30,0,0
wine_binary,xgboost,31,0,0
wine_binary,xgboost,32,0,0
wine_binary,xgboost,33,0,0
wine_binary,xgboost,34,0,0
wine_binary,xgboost,35,0,0
wine_binary,xgboost,36,0,0
wine_binary,xgboost,37,0,0
wine_binary,xgboost,38,0,0
wine_binary,xgboost,39,0,0
wine_binary,xgboost,40,0,0
wine_binary,xgboost,41,0,0
wine_binary,xgboost,42,0,0
wine_binary,xgboost,43,0,0
wine_binary,xgboost,44,0,0
wine_binary,xgboost,45,0,0
wine_binary,xgboost,46,0,0
wine_binary,xgboost,47,0,0
wine_binary,xgboost,48,0,0
wine_binary,xgboost,49,0,0
wine_binary,xgboost,50,0,0
wine_binary,xgboost,51,0,0
wine_binary,xgboost,52,0,0
wine_binary,xgboost,53,0,0
wine_binary,xgboost,54,0,0
wine_binary,xgboost,55,0,0
wine_binary,xgboost,56,0,0
wine_binary,xgboost,57,0,0
wine_binary,xgboost,58,0,0
wine_binary,xgboost,59,1,0
wine_binary,xgboost,60,1,0
wine_binary,xgboost,61,1,0
wine_binary,xgboost,62,1,0
wine_binary,xgboost,63,1,0
wine_binary,xgboost,64,1,0
wine_binary,xgboost,65,1,0
wine_binary,xgboost,66,1,0
wine_binary,xgboost,67,1,0
wine_binary,xgboost,68,1,0
wine_binary,xgboost,69,1,0
wine_binary,xgboost,70,1,0
wine_binary,xgboost,71,1,0
wine_binary,xgboost,72,1,0
wine_binary,xgboost,73,0,0
wine_binary,xgboost,74,1,0
wine_binary,xgboost,75,1,0
wine_binary,xgboost,76,1,0
wine_binary,xgboost,77,1,0
wine_binary,xgboost,78,1,0
wine_binary,xgboost,79,1,0
wine_binary,xgboost,80,1,0
wine_binary,xgboost,81,1,0
wine_binary,xgboost,82,1,0
wine_binary,xgboost,83,1,0
wine_binary,xgboost,84,1,0
wine_binary,xgboost,85,1,0
wine_binary,xgboost,86,1,0
wine_binary,xgboost,87,1,0
wine_binary,xgboost,88,1,0
wine_binary,xgboost,89,1,0
wine_binary,xgboost,90,1,0
wine_binary,xgboost,91,1,0
wine_binary,xgboost,92,1,0
wine_binary,xgboost,93,1,0
wine_binary,xgboost,94,1,0
wine_binary,xgboost,95,1,0
wine_binary,xgboost,96,1,0
wine_binary,xgboost,97,1,0
wine_binary,xgboost,98,1,0
wine_binary,xgboost,99,1,0
wine_binary,xgboost,100,1,0
wine_binary,xgboost,101,1,0
wine_binary,xgboost,102,1,0
wine_binary,xgboost,103,1,0
wine_binary,xgboost,104,1,0
wine_binary,xgboost,105,1,0
wine_binary,xgboost,106,1,0
wine_binary,xgboost,107,1,0
wine_binary,xgboost,108,1,0
wine_binary,xgboost,109,1,0
wine_binary,xgboost,110,1,0
wine_binary,xgboost,111,1,0
wine_binary,xgboost,112,1,0
wine_binary,xgboost,113,1,0
wine_binary,xgboost,114,1,0
wine_binary,xgboost,115,1,0
wine_binary,xgboost,116,1,0
wine_binary,xgboost,117,1,0
wine_binary,xgboost,118,1,0
wine_binary,xgboost,119,1,0
wine_binary,xgboost,120,1,0
wine_binary,xgboost,121,1,0
wine_binary,xgboost,122,1,0
wine_binary,xgboost,123,1,0
wine_binary,xgboost,124,1,0
wine_binary,xgboost,125,1,0
wine_binary,xgboost,126,1,0
wine_binary,xgboost,127,1,0
wine_binary,xgboost,128,1,0
wine_binary,xgboost,129,1,0
anes96_vote,mlp,0,1,0
anes96_vote,mlp,1,0,0
anes96_vote,mlp,2,1,0
anes96_vote,mlp,3,0,0
anes96_vote,mlp,4,1,0
anes96_vote,mlp,5,1,0
anes96_vote,mlp,6,1,0
anes96_vote,mlp,7,1,0
anes96_vote,mlp,8,0,0
anes96_vote,mlp,9,1,0
anes96_vote,mlp,10,0,0
anes96_vote,mlp,11,1,0
anes96_vote,mlp,12,0,0
anes96_vote,mlp,13,0,0
anes96_vote,mlp,14,1,0
anes96_vote,mlp,15,1,0
anes96_vote,mlp,16,0,0
anes96_vote,mlp,17,0,0
anes96_vote,mlp,18,1,0
anes96_vote,mlp,19,0,0
anes96_vote,mlp,20,1,0
anes96_vote,mlp,21,1,0
anes96_vote,mlp,22,0,0
anes96_vote,mlp,23,0,0
anes96_vote,mlp,24,1,0
anes96_vote,mlp,25,0,0
anes96_vote,mlp,26,1,0
anes96_vote,mlp,27,0,0
anes96_vote,mlp,28,1,0
anes96_vote,mlp,29,0,0
anes96_vote,mlp,30,1,0
anes96_vote,mlp,31,0,0
anes96_vote,mlp,32,0,0
anes96_vote,mlp,33,0,0
anes96_vote,mlp,34,1,0
anes96_vote,mlp,35,1,0
anes96_vote,mlp,36,0,0
anes96_vote,mlp,37,0,0
anes96_vote,mlp,38,0,0
anes96_vote,mlp,39,0,0
anes96_vote,mlp,40,0,0
anes96_vote,mlp,41,0,0
anes96_vote,mlp,42,1,0
anes96_vote,mlp,43,0,0
anes96_vote,mlp,44,0,0
anes96_vote,mlp,45,1,0
anes96_vote,mlp,46,0,0
anes96_vote,mlp,47,0,0
anes96_vote,mlp,48,0,0
anes96_vote,mlp,49,0,0
anes96_vote,mlp,50,1,0
anes96_vote,mlp,51,0,0
anes96_vote,mlp,52,0,0
anes96_vote,mlp,53,0,0
anes96_vote,mlp,54,1,0
anes96_vote,mlp,55,0,0
anes96_vote,mlp,56,0,0
anes96_vote,mlp,57,0,0
anes96_vote,mlp,58,1,0
anes96_vote,mlp,59,1,0
anes96_vote,mlp,60,0,0
anes96_vote,mlp,61,0,0
anes96_vote,mlp,62,0,0
anes96_vote,mlp,63,1,0
anes96_vote,mlp,64,0,0
anes96_vote,mlp,65,1,0
anes96_vote,mlp,66,0,0
anes96_vote,mlp,67,1,0
anes96_vote,mlp,68,0,0
anes96_vote,mlp,69,0,0
anes96_vote,mlp,70,1,0
anes96_vote,mlp,71,0,0
anes96_vote,mlp,72,1,0
anes96_vote,mlp,73,1,0
anes96_vote,mlp,74,1,0
anes96_vote,mlp,75,1,0
anes96_vote,mlp,76,1,0
anes96_vote,mlp,77,0,0
anes96_vote,mlp,78,0,0
anes96_vote,mlp,79,0,0
anes96_vote,mlp,80,0,0
anes96_vote,mlp,81,1,0
anes96_vote,mlp,82,0,0
anes96_vote,mlp,83,1,0
anes96_vote,mlp,84,1,0
anes96_vote,mlp,85,1,0
anes96_vote,mlp,86,0,0
anes96_vote,mlp,87,1,0
anes96_vote,mlp,88,0,0
anes96_vote,mlp,89,0,0
anes96_vote,mlp,90,0,0
anes96_vote,mlp,91,0,0
anes96_vote,mlp,92,0,0
anes96_vote,mlp,93,0,0
anes96_vote,mlp,94,1,0
anes96_vote,mlp,95,0,0
anes96_vote,mlp,96,0,0
anes96_vote,mlp,97,0,0
anes96_vote,mlp,98,0,0
anes96_vote,mlp,99,1,0
anes96_vote,mlp,100,0,0
anes96_vote,mlp,101,1,0
anes96_vote,mlp,102,0,0
anes96_vote,mlp,103,1,0
anes96_vote,mlp,104,1,0
anes96_vote,mlp,105,1,0
anes96_vote,mlp,106,1,0
anes96_vote,mlp,107,0,0
anes96_vote,mlp,108,0,0
anes96_vote,mlp,109,1,0
anes96_vote,mlp,110,0,0
anes96_vote,mlp,111,1,0
anes96_vote,mlp,112,1,0
anes96_vote,mlp,113,1,0
anes96_vote,mlp,114,1,0
anes96_vote,mlp,115,1,0
anes96_vote,mlp,116,1,0
anes96_vote,mlp,117,0,0
anes96_vote,mlp,118,0,0
anes96_vote,mlp,119,0,0
anes96_vote,mlp,120,1,0
anes96_vote,mlp,121,1,0
anes96_vote,mlp,122,0,0
anes96_vote,mlp,123,0,0
anes96_vote,mlp,124,0,0
anes96_vote,mlp,125,0,0
anes96_vote,mlp,126,0,0
anes96_vote,mlp,127,0,0
anes96_vote,mlp,128,1,0
anes96_vote,mlp,129,0,0
anes96_vote,mlp,130,0,0
anes96_vote,mlp,131,0,0
anes96_vote,mlp,132,1,0
anes96_vote,mlp,133,0,0
anes96_vote,mlp,134,1,0
anes96_vote,mlp,135,0,0
anes96_vote,mlp,136,1,0
anes96_vote,mlp,137,1,0
anes96_vote,mlp,138,0,0
anes96_vote,mlp,139,0,0
anes96_vote,mlp,140,0,0
anes96_vote,mlp,141,0,0
anes96_vote,mlp,142,1,0
anes96_vote,mlp,143,1,0
anes96_vote,mlp,144,1,0
anes96_vote,mlp,145,1,0
anes96_vote,mlp,146,1,0
anes96_vote,mlp,147,0,0
anes96_vote,mlp,148,0,0
anes96_vote,mlp,149,0,0
anes96_vote,mlp,150,1,0
anes96_vote,mlp,151,1,0
anes96_vote,mlp,152,1,0
anes96_vote,mlp,153,0,0
anes96_vote,mlp,154,1,0
anes96_vote,mlp,155,1,0
anes96_vote,mlp,156,1,0
anes96_vote,mlp,157,0,0
anes96_vote,mlp,158,0,0
anes96_vote,mlp,159,1,0
anes96_vote,mlp,160,1,0
anes96_vote,mlp,161,0,0
anes96_vote,mlp,162,0,0
anes96_vote,mlp,163,0,0
anes96_vote,mlp,164,1,0
anes96_vote,mlp,165,0,0
anes96_vote,mlp,166,0,0
anes96_vote,mlp,167,1,0
anes96_vote,mlp,168,0,0
anes96_vote,mlp,169,1,0
anes96_vote,mlp,170,1,0
anes96_vote,mlp,171,1,0
anes96_vote,mlp,172,0,0
anes96_vote,mlp,173,0,0
anes96_vote,mlp,174,1,0
anes96_vote,mlp,175,0,0
anes96_vote,mlp,176,0,0
anes96_vote,mlp,177,1,0
anes96_vote,mlp,178,0,0
anes96_vote,mlp,179,1,0
anes96_vote,mlp,180,1,0
anes96_vote,mlp,181,0,0
anes96_vote,mlp,182,1,0
anes96_vote,mlp,183,0,0
anes96_vote,mlp,184,0,0
anes96_vote,mlp,185,0,0
anes96_vote,mlp,186,0,0
anes96_vote,mlp,187,0,0
anes96_vote,mlp,188,1,0
anes96_vote,mlp,189,1,0
anes96_vote,mlp,190,1,0
anes96_vote,mlp,191,0,0
anes96_vote,mlp,192,1,0
anes96_vote,mlp,193,1,0
anes96_vote,mlp,194,1,0
anes96_vote,mlp,195,0,0
anes96_vote,mlp,196,0,0
anes96_vote,mlp,197,1,0
anes96_vote,mlp,198,1,0
anes96_vote,mlp,199,0,0
anes96_vote,mlp,200,0,0
anes96_vote,mlp,201,0,0
anes96_vote,mlp,202,0,0
anes96_vote,mlp,203,1,0
anes96_vote,mlp,204,1,0
anes96_vote,mlp,205,0,0
anes96_vote,mlp,206,0,0
anes96_vote,mlp,207,0,0
anes96_vote,mlp,208,0,0
anes96_vote,mlp,209,0,0
anes96_vote,mlp,210,0,0
anes96_vote,mlp,211,1,0
anes96_vote,mlp,212,1,0
anes96_vote,mlp,213,1,0
anes96_vote,mlp,214,1,0
anes96_vote,mlp,215,1,0
anes96_vote,mlp,216,1,0
anes96_vote,mlp,217,0,0
anes96_vote,mlp,218,1,0
anes96_vote,mlp,219,0,0
anes96_vote,mlp,220,1,0
anes96_vote,mlp,221,1,0
anes96_vote,mlp,222,0,0
anes96_vote,mlp,223,0,0
anes96_vote,mlp,224,1,0
anes96_vote,mlp,225,0,0
anes96_vote,mlp,226,0,0
anes96_vote,mlp,227,0,0
anes96_vote,mlp,228,0,0
anes96_vote,mlp,229,1,0
anes96_vote,mlp,230,1,0
anes96_vote,mlp,231,0,0
anes96_vote,mlp,232,1,0
anes96_vote,mlp,233,0,0
anes96_vote,mlp,234,0,0
anes96_vote,mlp,235,0,0
anes96_vote,mlp,236,1,0
anes96_vote,mlp,237,1,0
anes96_vote,mlp,238,0,0
anes96_vote,mlp,239,0,0
anes96_vote,mlp,240,0,0
anes96_vote,mlp,241,0,0
anes96_vote,mlp,242,1,0
anes96_vote,mlp,243,1,0
anes96_vote,mlp,244,0,0
anes96_vote,mlp,245,0,0
anes96_vote,mlp,246,0,0
anes96_vote,mlp,247,1,0
anes96_vote,mlp,248,1,0
anes96_vote,mlp,249,0,0
anes96_vote,mlp,250,0,0
anes96_vote,mlp,251,1,0
anes96_vote,mlp,252,1,0
anes96_vote,mlp,253,0,0
anes96_vote,mlp,254,1,0
anes96_vote,mlp,255,0,0
anes96_vote,mlp,256,0,0
anes96_vote,mlp,257,1,0
anes96_vote,mlp,258,1,0
anes96_vote,mlp,259,0,0
anes96_vote,mlp,260,0,0
anes96_vote,mlp,261,1,0
anes96_vote,mlp,262,0,0
anes96_vote,mlp,263,1,0
anes96_vote,mlp,264,0,0
anes96_vote,mlp,265,1,0
anes96_vote,mlp,266,0,0
anes96_vote,mlp,267,0,0
anes96_vote,mlp,268,1,0
anes96_vote,mlp,269,0,0
anes96_vote,mlp,270,1,0
anes96_vote,mlp,271,0,0
anes96_vote,mlp,272,0,0
anes96_vote,mlp,273,0,0
anes96_vote,mlp,274,0,0
anes96_vote,mlp,275,0,0
anes96_vote,mlp,276,0,0
anes96_vote,mlp,277,1,0
anes96_vote,mlp,278,0,0
anes96_vote,mlp,279,0,0
anes96_vote,mlp,280,0,0
anes96_vote,mlp,281,0,0
anes96_vote,mlp,282,0,0
anes96_vote,mlp,283,1,0
anes96_vote,mlp,284,0,0
anes96_vote,mlp,285,0,0
anes96_vote,mlp,286,0,0
anes96_vote,mlp,287,1,0
anes96_vote,mlp,288,1,0
anes96_vote,mlp,289,0,0
anes96_vote,mlp,290,0,0
anes96_vote,mlp,291,1,0
anes96_vote,mlp,292,1,0
anes96_vote,mlp,293,0,0
anes96_vote,mlp,294,1,0
anes96_vote,mlp,295,1,0
anes96_vote,mlp,296,0,0
anes96_vote,mlp,297,0,0
anes96_vote,mlp,298,0,0
anes96_vote,mlp,299,0,0
anes96_vote,mlp,300,0,0
anes96_vote,mlp,301,0,0
anes96_vote,mlp,302,1,0
anes96_vote,mlp,303,0,0
anes96_vote,mlp,304,1,0
anes96_vote,mlp,305,0,0
anes96_vote,mlp,306,0,0
anes96_vote,mlp,307,0,0
anes96_vote,mlp,308,0,0
anes96_vote,mlp,309,0,0
anes96_vote,mlp,310,1,0
anes96_vote,mlp,311,0,0
anes96_vote,mlp,312,1,0
anes96_vote,mlp,313,1,0
anes96_vote,mlp,314,0,0
anes96_vote,mlp,315,0,0
anes96_vote,mlp,316,0,0
anes96_vote,mlp,317,0,0
anes96_vote,mlp,318,1,0
anes96_vote,mlp,319,0,0
anes96_vote,mlp,320,1,0
anes96_vote,mlp,321,1,0
anes96_vote,mlp,322,0,0
anes96_vote,mlp,323,0,0
anes96_vote,mlp,324,1,0
anes96_vote,mlp,325,0,0
anes96_vote,mlp,326,1,0
anes96_vote,mlp,327,0,0
anes96_vote,mlp,328,1,0
anes96_vote,mlp,329,0,0
anes96_vote,mlp,330,1,0
anes96_vote,mlp,331,1,0
anes96_vote,mlp,332,0,0
anes96_vote,mlp,333,0,0
anes96_vote,mlp,334,0,0
anes96_vote,mlp,335,0,0
anes96_vote,mlp,336,1,0
anes96_vote,mlp,337,1,0
anes96_vote,mlp,338,1,0
anes96_vote,mlp,339,0,0
anes96_vote,mlp,340,0,0
anes96_vote,mlp,341,1,0
anes96_vote,mlp,342,0,0
anes96_vote,mlp,343,1,0
anes96_vote,mlp,344,0,0
anes96_vote,mlp,345,1,0
anes96_vote,mlp,346,0,0
anes96_vote,mlp,347,0,0
anes96_vote,mlp,348,0,0
anes96_vote,mlp,349,0,0
anes96_vote,mlp,350,0,0
anes96_vote,mlp,351,1,0
anes96_vote,mlp,352,0,0
anes96_vote,mlp,353,1,0
anes96_vote,mlp,354,0,0
anes96_vote,mlp,355,0,0
anes96_vote,mlp,356,1,0
anes96_vote,mlp,357,1,0
anes96_vote,mlp,358,0,0
anes96_vote,mlp,359,1,0
anes96_vote,mlp,360,0,0
anes96_vote,mlp,361,0,0
anes96_vote,mlp,362,1,0
anes96_vote,mlp,363,1,0
anes96_vote,mlp,364,0,0
anes96_vote,mlp,365,1,0
anes96_vote,mlp,366,0,0
anes96_vote,mlp,367,0,0
anes96_vote,mlp,368,0,0
anes96_vote,mlp,369,1,0
anes96_vote,mlp,370,0,0
anes96_vote,mlp,371,0,0
anes96_vote,mlp,372,0,0
anes96_vote,mlp,373,1,0
anes96_vote,mlp,374,0,0
anes96_vote,mlp,375,0,0
anes96_vote,mlp,376,0,0
anes96_vote,mlp,377,1,0
anes96_vote,mlp,378,1,0
anes96_vote,mlp,379,0,0
anes96_vote,mlp,380,0,0
anes96_vote,mlp,381,1,0
anes96_vote,mlp,382,0,0
anes96_vote,mlp,383,1,0
anes96_vote,mlp,384,0,0
anes96_vote,mlp,385,1,0
anes96_vote,mlp,386,1,0
anes96_vote,mlp,387,0,0
anes96_vote,mlp,388,0,0
anes96_vote,mlp,389,1,0
anes96_vote,mlp,390,1,0
anes96_vote,mlp,391,0,0
anes96_vote,mlp,392,0,0
anes96_vote,mlp,393,1,0
anes96_vote,mlp,394,0,0
anes96_vote,mlp,395,1,0
anes96_vote,mlp,396,0,0
anes96_vote,mlp,397,0,0
anes96_vote,mlp,398,0,0
anes96_vote,mlp,399,0,0
anes96_vote,xgboost,0,1,0
anes96_vote,xgboost,1,0,0
anes96_vote,xgboost,2,0,0
anes96_vote,xgboost,3,0,0
anes96_vote,xgboost,4,1,0
anes96_vote,xgboost,5,1,0
anes96_vote,xgboost,6,1,0
anes96_vote,xgboost,7,1,0
anes96_vote,xgboost,8,0,0
anes96_vote,xgboost,9,1,0
anes96_vote,xgboost,10,0,0
anes96_vote,xgboost,11,1,0
anes96_vote,xgboost,12,0,0
anes96_vote,xgboost,13,0,0
anes96_vote,xgboost,14,1,0
anes96_vote,xgboost,15,1,0
anes96_vote,xgboost,16,0,0
anes96_vote,xgboost,17,0,0
anes96_vote,xgboost,18,1,0
anes96_vote,xgboost,19,0,0
anes96_vote,xgboost,20,1,0
anes96_vote,xgboost,21,1,0
anes96_vote,xgboost,22,0,0
anes96_vote,xgboost,23,0,0
anes96_vote,xgboost,24,1,0
anes96_vote,xgboost,25,0,0
anes96_vote,xgboost,26,1,0
anes96_vote,xgboost,27,0,0
anes96_vote,xgboost,28,1,0
anes96_vote,xgboost,29,0,0
anes96_vote,xgboost,30,1,0
anes96_vote,xgboost,31,0,0
anes96_vote,xgboost,32,0,0
anes96_vote,xgboost,33,0,0
anes96_vote,xgboost,34,1,0
anes96_vote,xgboost,35,1,0
anes96_vote,xgboost,36,0,0
anes96_vote,xgboost,37,0,0
anes96_vote,xgboost,38,0,0
anes96_vote,xgboost,39,0,0
anes96_vote,xgboost,40,0,0
anes96_vote,xgboost,41,0,0
anes96_vote,xgboost,42,1,0
anes96_vote,xgboost,43,0,0
anes96_vote,xgboost,44,0,0
anes96_vote,xgboost,45,1,0
anes96_vote,xgboost,46,0,0
anes96_vote,xgboost,47,0,0
anes96_vote,xgboost,48,0,0
anes96_vote,xgboost,49,0,0
anes96_vote,xgboost,50,0,0
anes96_vote,xgboost,51,0,0
anes96_vote,xgboost,52,0,0
anes96_vote,xgboost,53,0,0
anes96_vote,xgboost,54,1,0
anes96_vote,xgboost,55,0,0
anes96_vote,xgboost,56,0,0
anes96_vote,xgboost,57,0,0
anes96_vote,xgboost,58,1,0
anes96_vote,xgboost,59,1,0
anes96_vote,xgboost,60,0,0
anes96_vote,xgboost,61,0,0
anes96_vote,xgboost,62,0,0
anes96_vote,xgboost,63,1,0
anes96_vote,xgboost,64,0,0
anes96_vote,xgboost,65,1,0
anes96_vote,xgboost,66,0,0
anes96_vote,xgboost,67,1,0
anes96_vote,xgboost,68,0,0
anes96_vote,xgboost,69,0,0
anes96_vote,xgboost,70,1,0
anes96_vote,xgboost,71,0,0
anes96_vote,xgboost,72,1,0
anes96_vote,xgboost,73,1,0
anes96_vote,xgboost,74,1,0
anes96_vote,xgboost,75,1,0
anes96_vote,xgboost,76,1,0
anes96_vote,xgboost,77,0,0
anes96_vote,xgboost,78,1,0
anes96_vote,xgboost,79,0,0
anes96_vote,xgboost,80,0,0
anes96_vote,xgboost,81,1,0
anes96_vote,xgboost,82,0,0
anes96_vote,xgboost,83,1,0
anes96_vote,xgboost,84,1,0
anes96_vote,xgboost,85,1,0
anes96_vote,xgboost,86,0,0
anes96_vote,xgboost,87,1,0
anes96_vote,xgboost,88,0,0
anes96_vote,xgboost,89,0,0
anes96_vote,xgboost,90,0,0
anes96_vote,xgboost,91,0,0
anes96_vote,xgboost,92,0,0
anes96_vote,xgboost,93,0,0
anes96_vote,xgboost,94,1,0
anes96_vote,xgboost,95,0,0
anes96_vote,xgboost,96,0,0
anes96_vote,xgboost,97,0,0
anes96_vote,xgboost,98,0,0
anes96_vote,xgboost,99,1,0
anes96_vote,xgboost,100,0,0
anes96_vote,xgboost,101,1,0
anes96_vote,xgboost,102,0,0
anes96_vote,xgboost,103,1,0
anes96_vote,xgboost,104,1,0
anes96_vote,xgboost,105,1,0
anes96_vote,xgboost,106,1,0
anes96_vote,xgboost,107,0,0
anes96_vote,xgboost,108,0,0
anes96_vote,xgboost,109,1,0
anes96_vote,xgboost,110,0,0
anes96_vote,xgboost,111,1,0
anes96_vote,xgboost,112,1,0
anes96_vote,xgboost,113,0,0
anes96_vote,xgboost,114,1,0
anes96_vote,xgboost,115,1,0
anes96_vote,xgboost,116,1,0
anes96_vote,xgboost,117,0,0
anes96_vote,xgboost,118,0,0
anes96_vote,xgboost,119,0,0
anes96_vote,xgboost,120,1,0
anes96_vote,xgboost,121,1,0
anes96_vote,xgboost,122,0,0
anes96_vote,xgboost,123,0,0
anes96_vote,xgboost,124,0,0
anes96_vote,xgboost,125,0,0
anes96_vote,xgboost,126,0,0
anes96_vote,xgboost,127,0,0
anes96_vote,xgboost,128,1,0
anes96_vote,xgboost,129,0,0
anes96_vote,xgboost,130,0,0
anes96_vote,xgboost,131,0,0
anes96_vote,xgboost,132,1,0
anes96_vote,xgboost,133,0,0
anes96_vote,xgboost,134,1,0
anes96_vote,xgboost,135,0,0
anes96_vote,xgboost,136,1,0
anes96_vote,xgboost,137,1,0
anes96_vote,xgboost,138,0,0
anes96_vote,xgboost,139,0,0
anes96_vote,xgboost,140,0,0
anes96_vote,xgboost,141,0,0
anes96_vote,xgboost,142,1,0
anes96_vote,xgboost,143,1,0
anes96_vote,xgboost,144,1,0
anes96_vote,xgboost,145,1,0
anes96_vote,xgboost,146,1,0
anes96_vote,xgboost,147,0,0
anes96_vote,xgboost,148,0,0
anes96_vote,xgboost,149,0,0
anes96_vote,xgboost,150,1,0
anes96_vote,xgboost,151,1,0
anes96_vote,xgboost,152,1,0
anes96_vote,xgboost,153,0,0
anes96_vote,xgboost,154,1,0
anes96_vote,xgboost,155,0,0
anes96_vote,xgboost,156,1,0
anes96_vote,xgboost,157,0,0
anes96_vote,xgboost,158,1,0
anes96_vote,xgboost,159,1,0
anes96_vote,xgboost,160,1,0
anes96_vote,xgboost,161,0,0
anes96_vote,xgboost,162,0,0
anes96_vote,xgboost,163,0,0
anes96_vote,xgboost,164,1,0
anes96_vote,xgboost,165,0,0
anes96_vote,xgboost,166,0,0
anes96_vote,xgboost,167,1,0
anes96_vote,xgboost,168,0,0
anes96_vote,xgboost,169,1,0
anes96_vote,xgboost,170,1,0
anes96_vote,xgboost,171,1,0
anes96_vote,xgboost,172,0,0
anes96_vote,xgboost,173,0,0
anes96_vote,xgboost,174,1,0
anes96_vote,xgboost,175,0,0
anes96_vote,xgboost,176,0,0
anes96_vote,xgboost,177,1,0
anes96_vote,xgboost,178,0,0
anes96_vote,xgboost,179,1,0
anes96_vote,xgboost,180,1,0
anes96_vote,xgboost,181,0,0
anes96_vote,xgboost,182,1,0
anes96_vote,xgboost,183,0,0
anes96_vote,xgboost,184,0,0
anes96_vote,xgboost,185,0,0
anes96_vote,xgboost,186,0,0
anes96_vote,xgboost,187,0,0
anes96_vote,xgboost,188,1,0
anes96_vote,xgboost,189,1,0
anes96_vote,xgboost,190,1,0
anes96_vote,xgboost,191,0,0
anes96_vote,xgboost,192,1,0
anes96_vote,xgboost,193,1,0
anes96_vote,xgboost,194,1,0
anes96_vote,xgboost,195,0,0
anes96_vote,xgboost,196,0,0
anes96_vote,xgboost,197,1,0
anes96_vote,xgboost,198,1,0
anes96_vote,xgboost,199,0,0
anes96_vote,xgboost,200,0,0
anes96_vote,xgboost,201,0,0
anes96_vote,xgboost,202,0,0
anes96_vote,xgboost,203,1,0
anes96_vote,xgboost,204,1,0
anes96_vote,xgboost,205,0,0
anes96_vote,xgboost,206,0,0
anes96_vote,xgboost,207,0,0
anes96_vote,xgboost,208,0,0
anes96_vote,xgboost,209,0,0
anes96_vote,xgboost,210,0,0
anes96_vote,xgboost,211,1,0
anes96_vote,xgboost,212,1,0
anes96_vote,xgboost,213,1,0
anes96_vote,xgboost,214,1,0
anes96_vote,xgboost,215,0,0
anes96_vote,xgboost,216,1,0
anes96_vote,xgboost,217,0,0
anes96_vote,xgboost,218,1,0
anes96_vote,xgboost,219,0,0
anes96_vote,xgboost,220,1,0
anes96_vote,xgboost,221,0,0
anes96_vote,xgboost,222,0,0
anes96_vote,xgboost,223,0,0
anes96_vote,xgboost,224,1,0
anes96_vote,xgboost,225,0,0
anes96_vote,xgboost,226,0,0
anes96_vote,xgboost,227,0,0
anes96_vote,xgboost,228,0,0
anes96_vote,xgboost,229,0,0
anes96_vote,xgboost,230,1,0
anes96_vote,xgboost,231,0,0
anes96_vote,xgboost,232,1,0
anes96_vote,xgboost,233,0,0
anes96_vote,xgboost,234,0,0
anes96_vote,xgboost,235,0,0
anes96_vote,xgboost,236,1,0
anes96_vote,xgboost,237,1,0
anes96_vote,xgboost,238,0,0
anes96_vote,xgboost,239,0,0
anes96_vote,xgboost,240,0,0
anes96_vote,xgboost,241,0,0
anes96_vote,xgboost,242,1,0
anes96_vote,xgboost,243,1,0
anes96_vote,xgboost,244,0,0
anes96_vote,xgboost,245,0,0
anes96_vote,xgboost,246,0,0
anes96_vote,xgboost,247,1,0
anes96_vote,xgboost,248,1,0
anes96_vote,xgboost,249,0,0
anes96_vote,xgboost,250,0,0
anes96_vote,xgboost,251,1,0
anes96_vote,xgboost,252,1,0
anes96_vote,xgboost,253,0,0
anes96_vote,xgboost,254,1,0
anes96_vote,xgboost,255,0,0
anes96_vote,xgboost,256,0,0
anes96_vote,xgboost,257,1,0
anes96_vote,xgboost,258,1,0
anes96_vote,xgboost,259,0,0
anes96_vote,xgboost,260,0,0
anes96_vote,xgboost,261,1,0
anes96_vote,xgboost,262,0,0
anes96_vote,xgboost,263,1,0
anes96_vote,xgboost,264,0,0
anes96_vote,xgboost,265,1,0
anes96_vote,xgboost,266,0,0
anes96_vote,xgboost,267,0,0
anes96_vote,xgboost,268,1,0
anes96_vote,xgboost,269,0,0
anes96_vote,xgboost,270,1,0
anes96_vote,xgboost,271,0,0
anes96_vote,xgboost,272,0,0
anes96_vote,xgboost,273,0,0
anes96_vote,xgboost,274,0,0
anes96_vote,xgboost,275,0,0
anes96_vote,xgboost,276,0,0
anes96_vote,xgboost,277,1,0
anes96_vote,xgboost,278,0,0
anes96_vote,xgboost,279,0,0
anes96_vote,xgboost,280,0,0
anes96_vote,xgboost,281,0,0
anes96_vote,xgboost,282,0,0
anes96_vote,xgboost,283,1,0
anes96_vote,xgboost,284,0,0
anes96_vote,xgboost,285,0,0
anes96_vote,xgboost,286,0,0
anes96_vote,xgboost,287,1,0
anes96_vote,xgboost,288,1,0
anes96_vote,xgboost,289,0,0
anes96_vote,xgboost,290,0,0
anes96_vote,xgboost,291,1,0
anes96_vote,xgboost,292,1,0
anes96_vote,xgboost,293,0,0
anes96_vote,xgboost,294,1,0
anes96_vote,xgboost,295,1,0
anes96_vote,xgboost,296,0,0
anes96_vote,xgboost,297,0,0
anes96_vote,xgboost,298,0,0
anes96_vote,xgboost,299,0,0
anes96_vote,xgboost,300,0,0
anes96_vote,xgboost,301,0,0
anes96_vote,xgboost,302,1,0
anes96_vote,xgboost,303,0,0
anes96_vote,xgboost,304,1,0
anes96_vote,xgboost,305,0,0
anes96_vote,xgboost,306,0,0
anes96_vote,xgboost,307,0,0
anes96_vote,xgboost,308,0,0
anes96_vote,xgboost,309,0,0
anes96_vote,xgboost,310,0,0
anes96_vote,xgboost,311,0,0
anes96_vote,xgboost,312,0,0
anes96_vote,xgboost,313,1,0
anes96_vote,xgboost,314,0,0
anes96_vote,xgboost,315,0,0
anes96_vote,xgboost,316,0,0
anes96_vote,xgboost,317,0,0
anes96_vote,xgboost,318,1,0
anes96_vote,xgboost,319,0,0
anes96_vote,xgboost,320,1,0
anes96_vote,xgboost,321,1,0
anes96_vote,xgboost,322,0,0
anes96_vote,xgboost,323,0,0
anes96_vote,xgboost,324,1,0
anes96_vote,xgboost,325,1,0
anes96_vote,xgboost,326,1,0
anes96_vote,xgboost,327,0,0
anes96_vote,xgboost,328,1,0
anes96_vote,xgboost,329,0,0
anes96_vote,xgboost,330,1,0
anes96_vote,xgboost,331,1,0
anes96_vote,xgboost,332,0,0
anes96_vote,xgboost,333,0,0
anes96_vote,xgboost,334,0,0
anes96_vote,xgboost,335,0,0
anes96_vote,xgboost,336,1,0
anes96_vote,xgboost,337,1,0
anes96_vote,xgboost,338,1,0
anes96_vote,xgboost,339,0,0
anes96_vote,xgboost,340,0,0
anes96_vote,xgboost,341,1,0
anes96_vote,xgboost,342,0,0
anes96_vote,xgboost,343,1,0
anes96_vote,xgboost,344,0,0
anes96_vote,xgboost,345,1,0
anes96_vote,xgboost,346,0,0
anes96_vote,xgboost,347,0,0
anes96_vote,xgboost,348,0,0
anes96_vote,xgboost,349,0,0
anes96_vote,xgboost,350,0,0
anes96_vote,xgboost,351,0,0
anes96_vote,xgboost,352,0,0
anes96_vote,xgboost,353,1,0
anes96_vote,xgboost,354,0,0
anes96_vote,xgboost,355,0,0
anes96_vote,xgboost,356,1,0
anes96_vote,xgboost,357,1,0
anes96_vote,xgboost,358,0,0
anes96_vote,xgboost,359,1,0
anes96_vote,xgboost,360,0,0
anes96_vote,xgboost,361,0,0
anes96_vote,xgboost,362,1,0
anes96_vote,xgboost,363,1,0
anes96_vote,xgboost,364,0,0
anes96_vote,xgboost,365,1,0
anes96_vote,xgboost,366,0,0
anes96_vote,xgboost,367,0,0
anes96_vote,xgboost,368,0,0
anes96_vote,xgboost,369,1,0
anes96_vote,xgboost,370,0,0
anes96_vote,xgboost,371,0,0
anes96_vote,xgboost,372,0,0
anes96_vote,xgboost,373,1,0
anes96_vote,xgboost,374,0,0
anes96_vote,xgboost,375,0,0
anes96_vote,xgboost,376,0,0
anes96_vote,xgboost,377,1,0
anes96_vote,xgboost,378,1,0
anes96_vote,xgboost,379,0,0
anes96_vote,xgboost,380,0,0
anes96_vote,xgboost,381,1,0
anes96_vote,xgboost,382,0,0
anes96_vote,xgboost,383,1,0
anes96_vote,xgboost,384,0,0
anes96_vote,xgboost,385,1,0
anes96_vote,xgboost,386,1,0
anes96_vote,xgboost,387,0,0
anes96_vote,xgboost,388,0,0
anes96_vote,xgboost,389,1,0
anes96_vote,xgboost,390,1,0
anes96_vote,xgboost,391,0,0
anes96_vote,xgboost,392,0,0
anes96_vote,xgboost,393,1,0
anes96_vote,xgboost,394,0,0
anes96_vote,xgboost,395,1,0
anes96_vote,xgboost,396,0,0
anes96_vote,xgboost,397,0,0
anes96_vote,xgboost,398,0,0
anes96_vote,xgboost,399,0,0
fair_affairs,mlp,0,0,0
fair_affairs,mlp,1,1,0
fair_affairs,mlp,2,1,0
fair_affairs,mlp,3,1,0
fair_affairs,mlp,4,1,0
fair_affairs,mlp,5,1,0
fair_affairs,mlp,6,1,0
fair_affairs,mlp,7,0,0
fair_affairs,mlp,8,1,0
fair_affairs,mlp,9,0,0
fair_affairs,mlp,10,0,0
fair_affairs,mlp,11,1,0
fair_affairs,mlp,12,0,0
fair_affairs,mlp,13,1,0
fair_affairs,mlp,14,1,0
fair_affairs,mlp,15,1,0
fair_affairs,mlp,16,1,0
fair_affairs,mlp,17,1,0
fair_affairs,mlp,18,1,0
fair_affairs,mlp,19,1,0
fair_affairs,mlp,20,1,0
fair_affairs,mlp,21,1,0
fair_affairs,mlp,22,1,0
fair_affairs,mlp,23,1,0
fair_affairs,mlp,24,1,0
fair_affairs,mlp,25,1,0
fair_affairs,mlp,26,0,0
fair_affairs,mlp,27,1,0
fair_affairs,mlp,28,0,0
fair_affairs,mlp,29,1,0
fair_affairs,mlp,30,0,0
fair_affairs,mlp,31,0,0
fair_affairs,mlp,32,1,0
fair_affairs,mlp,33,1,0
fair_affairs,mlp,34,0,0
fair_affairs,mlp,35,0,0
fair_affairs,mlp,36,1,0
fair_affairs,mlp,37,1,0
fair_affairs,mlp,38,0,0
fair_affairs,mlp,39,1,0
fair_affairs,mlp,40,1,0
fair_affairs,mlp,41,1,0
fair_affairs,mlp,42,1,0
fair_affairs,mlp,43,1,0
fair_affairs,mlp,44,1,0
fair_affairs,mlp,45,1,0
fair_affairs,mlp,46,1,0
fair_affairs,mlp,47,1,0
fair_affairs,mlp,48,1,0
fair_affairs,mlp,49,1,0
fair_affairs,mlp,50,0,0
fair_affairs,mlp,51,0,0
fair_affairs,mlp,52,0,0
fair_affairs,mlp,53,0,0
fair_affairs,mlp,54,0,0
fair_affairs,mlp,55,0,0
fair_affairs,mlp,56,0,0
fair_affairs,mlp,57,1,0
fair_affairs,mlp,58,1,0
fair_affairs,mlp,59,0,0
fair_affairs,mlp,60,0,0
fair_affairs,mlp,61,1,0
fair_affairs,mlp,62,1,0
fair_affairs,mlp,63,1,0
fair_affairs,mlp,64,0,0
fair_affairs,mlp,65,1,0
fair_affairs,mlp,66,1,0
fair_affairs,mlp,67,1,0
fair_affairs,mlp,68,1,0
fair_affairs,mlp,69,1,0
fair_affairs,mlp,70,0,0
fair_affairs,mlp,71,1,0
fair_affairs,mlp,72,1,0
fair_affairs,mlp,73,1,0
fair_affairs,mlp,74,0,0
fair_affairs,mlp,75,0,0
fair_affairs,mlp,76,1,0
fair_affairs,mlp,77,1,0
fair_affairs,mlp,78,1,0
fair_affairs,mlp,79,1,0
fair_affairs,mlp,80,1,0
fair_affairs,mlp,81,1,0
fair_affairs,mlp,82,1,0
fair_affairs,mlp,83,1,0
fair_affairs,mlp,84,1,0
fair_affairs,mlp,85,0,0
fair_affairs,mlp,86,1,0
fair_affairs,mlp,87,1,0
fair_affairs,mlp,88,0,0
fair_affairs,mlp,89,1,0
fair_affairs,mlp,90,1,0
fair_affairs,mlp,91,0,0
fair_affairs,mlp,92,0,0
fair_affairs,mlp,93,1,0
fair_affairs,mlp,94,1,0
fair_affairs,mlp,95,1,0
fair_affairs,mlp,96,1,0
fair_affairs,mlp,97,0,0
fair_affairs,mlp,98,0,0
fair_affairs,mlp,99,1,0
fair_affairs,mlp,100,0,0
fair_affairs,mlp,101,1,0
fair_affairs,mlp,102,1,0
fair_affairs,mlp,103,0,0
fair_affairs,mlp,104,0,0
fair_affairs,mlp,105,1,0
fair_affairs,mlp,106,1,0
fair_affairs,mlp,107,0,0
fair_affairs,mlp,108,0,0
fair_affairs,mlp,109,1,0
fair_affairs,mlp,110,1,0
fair_affairs,mlp,111,0,0
fair_affairs,mlp,112,1,0
fair_affairs,mlp,113,1,0
fair_affairs,mlp,114,1,0
fair_affairs,mlp,115,1,0
fair_affairs,mlp,116,1,0
fair_affairs,mlp,117,1,0
fair_affairs,mlp,118,1,0
fair_affairs,mlp,119,1,0
fair_affairs,mlp,120,0,0
fair_affairs,mlp,121,1,0
fair_affairs,mlp,122,0,0
fair_affairs,mlp,123,0,0
fair_affairs,mlp,124,1,0
fair_affairs,mlp,125,1,0
fair_affairs,mlp,126,1,0
fair_affairs,mlp,127,1,0
fair_affairs,mlp,128,1,0
fair_affairs,mlp,129,0,0
fair_affairs,mlp,130,0,0
fair_affairs,mlp,131,0,0
fair_affairs,mlp,132,1,0
fair_affairs,mlp,133,1,0
fair_affairs,mlp,134,1,0
fair_affairs,mlp,135,1,0
fair_affairs,mlp,136,1,0
fair_affairs,mlp,137,1,0
fair_affairs,mlp,138,0,0
fair_affairs,mlp,139,1,0
fair_affairs,mlp,140,1,0
fair_affairs,mlp,141,1,0
fair_affairs,mlp,142,1,0
fair_affairs,mlp,143,1,0
fair_affairs,mlp,144,1,0
fair_affairs,mlp,145,1,0
fair_affairs,mlp,146,0,0
fair_affairs,mlp,147,1,0
fair_affairs,mlp,148,1,0
fair_affairs,mlp,149,0,0
fair_affairs,mlp,150,1,0
fair_affairs,mlp,151,1,0
fair_affairs,mlp,152,1,0
fair_affairs,mlp,153,1,0
fair_affairs,mlp,154,1,0
fair_affairs,mlp,155,1,0
fair_affairs,mlp,156,1,0
fair_affairs,mlp,157,1,0
fair_affairs,mlp,158,1,0
fair_affairs,mlp,159,1,0
fair_affairs,mlp,160,1,0
fair_affairs,mlp,161,1,0
fair_affairs,mlp,162,1,0
fair_affairs,mlp,163,1,0
fair_affairs,mlp,164,1,0
fair_affairs,mlp,165,0,0
fair_affairs,mlp,166,0,0
fair_affairs,mlp,167,1,0
fair_affairs,mlp,168,1,0
fair_affairs,mlp,169,0,0
fair_affairs,mlp,170,1,0
fair_affairs,mlp,171,0,0
fair_affairs,mlp,172,1,0
fair_affairs,mlp,173,0,0
fair_affairs,mlp,174,1,0
fair_affairs,mlp,175,1,0
fair_affairs,mlp,176,0,0
fair_affairs,mlp,177,1,0
fair_affairs,mlp,178,1,0
fair_affairs,mlp,179,1,0
fair_affairs,mlp,180,1,0
fair_affairs,mlp,181,1,0
fair_affairs,mlp,182,1,0
fair_affairs,mlp,183,1,0
fair_affairs,mlp,184,0,0
fair_affairs,mlp,185,1,0
fair_affairs,mlp,186,0,0
fair_affairs,mlp,187,1,0
fair_affairs,mlp,188,0,0
fair_affairs,mlp,189,1,0
fair_affairs,mlp,190,0,0
fair_affairs,mlp,191,0,0
fair_affairs,mlp,192,1,0
fair_affairs,mlp,193,1,0
fair_affairs,mlp,194,1,0
fair_affairs,mlp,195,0,0
fair_affairs,mlp,196,0,0
fair_affairs,mlp,197,1,0
fair_affairs,mlp,198,0,0
fair_affairs,mlp,199,1,0
fair_affairs,mlp,200,1,0
fair_affairs,mlp,201,0,0
fair_affairs,mlp,202,1,0
fair_affairs,mlp,203,1,0
fair_affairs,mlp,204,1,0
fair_affairs,mlp,205,1,0
fair_affairs,mlp,206,0,0
fair_affairs,mlp,207,0,0
fair_affairs,mlp,208,1,0
fair_affairs,mlp,209,1,0
fair_affairs,mlp,210,0,0
fair_affairs,mlp,211,1,0
fair_affairs,mlp,212,0,0
fair_affairs,mlp,213,1,0
fair_affairs,mlp,214,0,0
fair_affairs,mlp,215,1,0
fair_affairs,mlp,216,0,0
fair_affairs,mlp,217,1,0
fair_affairs,mlp,218,0,0
fair_affairs,mlp,219,0,0
fair_affairs,mlp,220,1,0
fair_affairs,mlp,221,0,0
fair_affairs,mlp,222,1,0
fair_affairs,mlp,223,1,0
fair_affairs,mlp,224,1,0
fair_affairs,mlp,225,1,0
fair_affairs,mlp,226,0,0
fair_affairs,mlp,227,1,0
fair_affairs,mlp,228,1,0
fair_affairs,mlp,229,1,0
fair_affairs,mlp,230,0,0
fair_affairs,mlp,231,0,0
fair_affairs,mlp,232,1,0
fair_affairs,mlp,233,1,0
fair_affairs,mlp,234,1,0
fair_affairs,mlp,235,1,0
fair_affairs,mlp,236,1,0
fair_affairs,mlp,237,1,0
fair_affairs,mlp,238,1,0
fair_affairs,mlp,239,1,0
fair_affairs,mlp,240,1,0
fair_affairs,mlp,241,1,0
fair_affairs,mlp,242,0,0
fair_affairs,mlp,243,1,0
fair_affairs,mlp,244,0,0
fair_affairs,mlp,245,1,0
fair_affairs,mlp,246,1,0
fair_affairs,mlp,247,0,0
fair_affairs,mlp,248,1,0
fair_affairs,mlp,249,1,0
fair_affairs,mlp,250,1,0
fair_affairs,mlp,251,0,0
fair_affairs,mlp,252,1,0
fair_affairs,mlp,253,1,0
fair_affairs,mlp,254,1,0
fair_affairs,mlp,255,1,0
fair_affairs,mlp,256,1,0
fair_affairs,mlp,257,1,0
fair_affairs,mlp,258,1,0
fair_affairs,mlp,259,1,0
fair_affairs,mlp,260,0,0
fair_affairs,mlp,261,1,0
fair_affairs,mlp,262,1,0
fair_affairs,mlp,263,1,0
fair_affairs,mlp,264,1,0
fair_affairs,mlp,265,1,0
fair_affairs,mlp,266,1,0
fair_affairs,mlp,267,1,0
fair_affairs,mlp,268,1,0
fair_affairs,mlp,269,1,0
fair_affairs,mlp,270,0,0
fair_affairs,mlp,271,0,0
fair_affairs,mlp,272,1,0
fair_affairs,mlp,273,1,0
fair_affairs,mlp,274,1,0
fair_affairs,mlp,275,1,0
fair_affairs,mlp,276,1,0
fair_affairs,mlp,277,1,0
fair_affairs,mlp,278,1,0
fair_affairs,mlp,279,1,0
fair_affairs,mlp,280,0,0
fair_affairs,mlp,281,1,0
fair_affairs,mlp,282,0,0
fair_affairs,mlp,283,0,0
fair_affairs,mlp,284,1,0
fair_affairs,mlp,285,1,0
fair_affairs,mlp,286,1,0
fair_affairs,mlp,287,1,0
fair_affairs,mlp,288,0,0
fair_affairs,mlp,289,0,0
fair_affairs,mlp,290,0,0
fair_affairs,mlp,291,1,0
fair_affairs,mlp,292,0,0
fair_affairs,mlp,293,1,0
fair_affairs,mlp,294,1,0
fair_affairs,mlp,295,1,0
fair_affairs,mlp,296,0,0
fair_affairs,mlp,297,0,0
fair_affairs,mlp,298,1,0
fair_affairs,mlp,299,1,0
fair_affairs,mlp,300,1,0
fair_affairs,mlp,301,1,0
fair_affairs,mlp,302,1,0
fair_affairs,mlp,303,0,0
fair_affairs,mlp,304,1,0
fair_affairs,mlp,305,0,0
fair_affairs,mlp,306,0,0
fair_affairs,mlp,307,1,0
fair_affairs,mlp,308,0,0
fair_affairs,mlp,309,0,0
fair_affairs,mlp,310,1,0
fair_affairs,mlp,311,1,0
fair_affairs,mlp,312,1,0
fair_affairs,mlp,313,1,0
fair_affairs,mlp,314,1,0
fair_affairs,mlp,315,1,0
fair_affairs,mlp,316,1,0
fair_affairs,mlp,317,1,0
fair_affairs,mlp,318,1,0
fair_affairs,mlp,319,0,0
fair_affairs,mlp,320,1,0
fair_affairs,mlp,321,0,0
fair_affairs,mlp,322,1,0
fair_affairs,mlp,323,0,0
fair_affairs,mlp,324,0,0
fair_affairs,mlp,325,1,0
fair_affairs,mlp,326,1,0
fair_affairs,mlp,327,0,0
fair_affairs,mlp,328,0,0
fair_affairs,mlp,329,0,0
fair_affairs,mlp,330,0,0
fair_affairs,mlp,331,1,0
fair_affairs,mlp,332,1,0
fair_affairs,mlp,333,1,0
fair_affairs,mlp,334,0,0
fair_affairs,mlp,335,0,0
fair_affairs,mlp,336,1,0
fair_affairs,mlp,337,1,0
fair_affairs,mlp,338,0,0
fair_affairs,mlp,339,0,0
fair_affairs,mlp,340,1,0
fair_affairs,mlp,341,1,0
fair_affairs,mlp,342,0,0
fair_affairs,mlp,343,1,0
fair_affairs,mlp,344,1,0
fair_affairs,mlp,345,0,0
fair_affairs,mlp,346,0,0
fair_affairs,mlp,347,0,0
fair_affairs,mlp,348,1,0
fair_affairs,mlp,349,1,0
fair_affairs,mlp,350,0,0
fair_affairs,mlp,351,1,0
fair_affairs,mlp,352,0,0
fair_affairs,mlp,353,0,0
fair_affairs,mlp,354,1,0
fair_affairs,mlp,355,0,0
fair_affairs,mlp,356,1,0
fair_affairs,mlp,357,1,0
fair_affairs,mlp,358,1,0
fair_affairs,mlp,359,1,0
fair_affairs,mlp,360,1,0
fair_affairs,mlp,361,0,0
fair_affairs,mlp,362,1,0
fair_affairs,mlp,363,1,0
fair_affairs,mlp,364,1,0
fair_affairs,mlp,365,1,0
fair_affairs,mlp,366,0,0
fair_affairs,mlp,367,1,0
fair_affairs,mlp,368,1,0
fair_affairs,mlp,369,1,0
fair_affairs,mlp,370,1,0
fair_affairs,mlp,371,0,0
fair_affairs,mlp,372,1,0
fair_affairs,mlp,373,1,0
fair_affairs,mlp,374,0,0
fair_affairs,mlp,375,0,0
fair_affairs,mlp,376,1,0
fair_affairs,mlp,377,1,0
fair_affairs,mlp,378,1,0
fair_affairs,mlp,379,1,0
fair_affairs,mlp,380,1,0
fair_affairs,mlp,381,1,0
fair_affairs,mlp,382,1,0
fair_affairs,mlp,383,0,0
fair_affairs,mlp,384,1,0
fair_affairs,mlp,385,0,0
fair_affairs,mlp,386,1,0
fair_affairs,mlp,387,0,0
fair_affairs,mlp,388,1,0
fair_affairs,mlp,389,0,0
fair_affairs,mlp,390,1,0
fair_affairs,mlp,391,0,0
fair_affairs,mlp,392,1,0
fair_affairs,mlp,393,0,0
fair_affairs,mlp,394,1,0
fair_affairs,mlp,395,1,0
fair_affairs,mlp,396,1,0
fair_affairs,mlp,397,0,0
fair_affairs,mlp,398,1,0
fair_affairs,mlp,399,1,0
fair_affairs,xgboost,0,1,0
fair_affairs,xgboost,1,1,0
fair_affairs,xgboost,2,0,0
fair_affairs,xgboost,3,1,0
fair_affairs,xgboost,4,0,0
fair_affairs,xgboost,5,1,0
fair_affairs,xgboost,6,1,0
fair_affairs,xgboost,7,0,0
fair_affairs,xgboost,8,1,0
fair_affairs,xgboost,9,0,0
fair_affairs,xgboost,10,0,0
fair_affairs,xgboost,11,1,0
fair_affairs,xgboost,12,0,0
fair_affairs,xgboost,13,1,0
fair_affairs,xgboost,14,1,0
fair_affairs,xgboost,15,1,0
fair_affairs,xgboost,16,1,0
fair_affairs,xgboost,17,1,0
fair_affairs,xgboost,18,1,0
fair_affairs,xgboost,19,1,0
fair_affairs,xgboost,20,1,0
fair_affairs,xgboost,21,1,0
fair_affairs,xgboost,22,1,0
fair_affairs,xgboost,23,1,0
fair_affairs,xgboost,24,1,0
fair_affairs,xgboost,25,1,0
fair_affairs,xgboost,26,0,0
fair_affairs,xgboost,27,1,0
fair_affairs,xgboost,28,0,0
fair_affairs,xgboost,29,1,0
fair_affairs,xgboost,30,1,0
fair_affairs,xgboost,31,1,0
fair_affairs,xgboost,32,1,0
fair_affairs,xgboost,33,1,0
fair_affairs,xgboost,34,1,0
fair_affairs,xgboost,35,1,0
fair_affairs,xgboost,36,1,0
fair_affairs,xgboost,37,1,0
fair_affairs,xgboost,38,1,0
fair_affairs,xgboost,39,1,0
fair_affairs,xgboost,40,1,0
fair_affairs,xgboost,41,1,0
fair_affairs,xgboost,42,1,0
fair_affairs,xgboost,43,1,0
fair_affairs,xgboost,44,1,0
fair_affairs,xgboost,45,1,0
fair_affairs,xgboost,46,1,0
fair_affairs,xgboost,47,1,0
fair_affairs,xgboost,48,1,0
fair_affairs,xgboost,49,1,0
fair_affairs,xgboost,50,0,0
fair_affairs,xgboost,51,1,0
fair_affairs,xgboost,52,1,0
fair_affairs,xgboost,53,0,0
fair_affairs,xgboost,54,0,0
fair_affairs,xgboost,55,1,0
fair_affairs,xgboost,56,0,0
fair_affairs,xgboost,57,1,0
fair_affairs,xgboost,58,1,0
fair_affairs,xgboost,59,0,0
fair_affairs,xgboost,60,0,0
fair_affairs,xgboost,61,1,0
fair_affairs,xgboost,62,1,0
fair_affairs,xgboost,63,1,0
fair_affairs,xgboost,64,1,0
fair_affairs,xgboost,65,1,0
fair_affairs,xgboost,66,1,0
fair_affairs,xgboost,67,1,0
fair_affairs,xgboost,68,1,0
fair_affairs,xgboost,69,1,0
fair_affairs,xgboost,70,0,0
fair_affairs,xgboost,71,1,0
fair_affairs,xgboost,72,1,0
fair_affairs,xgboost,73,1,0
fair_affairs,xgboost,74,0,0
fair_affairs,xgboost,75,0,0
fair_affairs,xgboost,76,1,0
fair_affairs,xgboost,77,1,0
fair_affairs,xgboost,78,1,0
fair_affairs,xgboost,79,1,0
fair_affairs,xgboost,80,0,0
fair_affairs,xgboost,81,1,0
fair_affairs,xgboost,82,1,0
fair_affairs,xgboost,83,1,0
fair_affairs,xgboost,84,1,0
fair_affairs,xgboost,85,1,0
fair_affairs,xgboost,86,1,0
fair_affairs,xgboost,87,1,0
fair_affairs,xgboost,88,1,0
fair_affairs,xgboost,89,1,0
fair_affairs,xgboost,90,1,0
fair_affairs,xgboost,91,1,0
fair_affairs,xgboost,92,1,0
fair_affairs,xgboost,93,1,0
fair_affairs,xgboost,94,1,0
fair_affairs,xgboost,95,1,0
fair_affairs,xgboost,96,1,0
fair_affairs,xgboost,97,0,0
fair_affairs,xgboost,98,1,0
fair_affairs,xgboost,99,1,0
fair_affairs,xgboost,100,0,0
fair_affairs,xgboost,101,1,0
fair_affairs,xgboost,102,1,0
fair_affairs,xgboost,103,0,0
fair_affairs,xgboost,104,0,0
fair_affairs,xgboost,105,1,0
fair_affairs,xgboost,106,1,0
fair_affairs,xgboost,107,1,0
fair_affairs,xgboost,108,1,0
fair_affairs,xgboost,109,0,0
fair_affairs,xgboost,110,1,0
fair_affairs,xgboost,111,1,0
fair_affairs,xgboost,112,1,0
fair_affairs,xgboost,113,1,0
fair_affairs,xgboost,114,1,0
fair_affairs,xgboost,115,1,0
fair_affairs,xgboost,116,1,0
fair_affairs,xgboost,117,1,0
fair_affairs,xgboost,118,1,0
fair_affairs,xgboost,119,1,0
fair_affairs,xgboost,120,0,0
fair_affairs,xgboost,121,1,0
fair_affairs,xgboost,122,0,0
fair_affairs,xgboost,123,1,0
fair_affairs,xgboost,124,1,0
fair_affairs,xgboost,125,0,0
fair_affairs,xgboost,126,1,0
fair_affairs,xgboost,127,1,0
fair_affairs,xgboost,128,1,0
fair_affairs,xgboost,129,1,0
fair_affairs,xgboost,130,0,0
fair_affairs,xgboost,131,0,0
fair_affairs,xgboost,132,1,0
fair_affairs,xgboost,133,1,0
fair_affairs,xgboost,134,1,0
fair_affairs,xgboost,135,1,0
fair_affairs,xgboost,136,1,0
fair_affairs,xgboost,137,1,0
fair_affairs,xgboost,138,0,0
fair_affairs,xgboost,139,1,0
fair_affairs,xgboost,140,1,0
fair_affairs,xgboost,141,1,0
fair_affairs,xgboost,142,1,0
fair_affairs,xgboost,143,1,0
fair_affairs,xgboost,144,1,0
fair_affairs,xgboost,145,1,0
fair_affairs,xgboost,146,0,0
fair_affairs,xgboost,147,1,0
fair_affairs,xgboost,148,1,0
fair_affairs,xgboost,149,1,0
fair_affairs,xgboost,150,1,0
fair_affairs,xgboost,151,1,0
fair_affairs,xgboost,152,1,0
fair_affairs,xgboost,153,1,0
fair_affairs,xgboost,154,1,0
fair_affairs,xgboost,155,0,0
fair_affairs,xgboost,156,1,0
fair_affairs,xgboost,157,1,0
fair_affairs,xgboost,158,1,0
fair_affairs,xgboost,159,1,0
fair_affairs,xgboost,160,1,0
fair_affairs,xgboost,161,1,0
fair_affairs,xgboost,162,1,0
fair_affairs,xgboost,163,1,0
fair_affairs,xgboost,164,1,0
fair_affairs,xgboost,165,0,0
fair_affairs,xgboost,166,1,0
fair_affairs,xgboost,167,0,0
fair_affairs,xgboost,168,1,0
fair_affairs,xgboost,169,0,0
fair_affairs,xgboost,170,1,0
fair_affairs,xgboost,171,0,0
fair_affairs,xgboost,172,1,0
fair_affairs,xgboost,173,0,0
fair_affairs,xgboost,174,1,0
fair_affairs,xgboost,175,1,0
fair_affairs,xgboost,176,1,0
fair_affairs,xgboost,177,1,0
fair_affairs,xgboost,178,1,0
fair_affairs,xgboost,179,1,0
fair_affairs,xgboost,180,1,0
fair_affairs,xgboost,181,1,0
fair_affairs,xgboost,182,1,0
fair_affairs,xgboost,183,1,0
fair_affairs,xgboost,184,0,0
fair_affairs,xgboost,185,1,0
fair_affairs,xgboost,186,1,0
fair_affairs,xgboost,187,1,0
fair_affairs,xgboost,188,0,0
fair_affairs,xgboost,189,1,0
fair_affairs,xgboost,190,0,0
fair_affairs,xgboost,191,0,0
fair_affairs,xgboost,192,1,0
fair_affairs,xgboost,193,1,0
fair_affairs,xgboost,194,1,0
fair_affairs,xgboost,195,0,0
fair_affairs,xgboost,196,0,0
fair_affairs,xgboost,197,1,0
fair_affairs,xgboost,198,0,0
fair_affairs,xgboost,199,1,0
fair_affairs,xgboost,200,1,0
fair_affairs,xgboost,201,0,0
fair_affairs,xgboost,202,1,0
fair_affairs,xgboost,203,1,0
fair_affairs,xgboost,204,1,0
fair_affairs,xgboost,205,1,0
fair_affairs,xgboost,206,1,0
fair_affairs,xgboost,207,0,0
fair_affairs,xgboost,208,1,0
fair_affairs,xgboost,209,1,0
fair_affairs,xgboost,210,0,0
fair_affairs,xgboost,211,1,0
fair_affairs,xgboost,212,0,0
fair_affairs,xgboost,213,1,0
fair_affairs,xgboost,214,1,0
fair_affairs,xgboost,215,1,0
fair_affairs,xgboost,216,0,0
fair_affairs,xgboost,217,1,0
fair_affairs,xgboost,218,1,0
fair_affairs,xgboost,219,0,0
fair_affairs,xgboost,220,0,0
fair_affairs,xgboost,221,1,0
fair_affairs,xgboost,222,0,0
fair_affairs,xgboost,223,1,0
fair_affairs,xgboost,224,1,0
fair_affairs,xgboost,225,1,0
fair_affairs,xgboost,226,1,0
fair_affairs,xgboost,227,1,0
fair_affairs,xgboost,228,0,0
fair_affairs,xgboost,229,1,0
fair_affairs,xgboost,230,0,0
fair_affairs,xgboost,231,0,0
fair_affairs,xgboost,232,1,0
fair_affairs,xgboost,233,1,0
fair_affairs,xgboost,234,1,0
fair_affairs,xgboost,235,0,0
fair_affairs,xgboost,236,1,0
fair_affairs,xgboost,237,1,0
fair_affairs,xgboost,238,1,0
fair_affairs,xgboost,239,1,0
fair_affairs,xgboost,240,1,0
fair_affairs,xgboost,241,1,0
fair_affairs,xgboost,242,0,0
fair_affairs,xgboost,243,1,0
fair_affairs,xgboost,244,1,0
fair_affairs,xgboost,245,1,0
fair_affairs,xgboost,246,1,0
fair_affairs,xgboost,247,0,0
fair_affairs,xgboost,248,1,0
fair_affairs,xgboost,249,1,0
fair_affairs,xgboost,250,1,0
fair_affairs,xgboost,251,0,0
fair_affairs,xgboost,252,1,0
fair_affairs,xgboost,253,1,0
fair_affairs,xgboost,254,1,0
fair_affairs,xgboost,255,1,0
fair_affairs,xgboost,256,1,0
fair_affairs,xgboost,257,1,0
fair_affairs,xgboost,258,1,0
fair_affairs,xgboost,259,1,0
fair_affairs,xgboost,260,0,0
fair_affairs,xgboost,261,0,0
fair_affairs,xgboost,262,1,0
fair_affairs,xgboost,263,1,0
fair_affairs,xgboost,264,1,0
fair_affairs,xgboost,265,1,0
fair_affairs,xgboost,266,1,0
fair_affairs,xgboost,267,1,0
fair_affairs,xgboost,268,1,0
fair_affairs,xgboost,269,1,0
fair_affairs,xgboost,270,1,0
fair_affairs,xgboost,271,1,0
fair_affairs,xgboost,272,1,0
fair_affairs,xgboost,273,1,0
fair_affairs,xgboost,274,0,0
fair_affairs,xgboost,275,1,0
fair_affairs,xgboost,276,1,0
fair_affairs,xgboost,277,1,0
fair_affairs,xgboost,278,1,0
fair_affairs,xgboost,279,1,0
fair_affairs,xgboost,280,1,0
fair_affairs,xgboost,281,1,0
fair_affairs,xgboost,282,0,0
fair_affairs,xgboost,283,1,0
fair_affairs,xgboost,284,1,0
fair_affairs,xgboost,285,1,0
fair_affairs,xgboost,286,1,0
fair_affairs,xgboost,287,1,0
fair_affairs,xgboost,288,0,0
fair_affairs,xgboost,289,1,0
fair_affairs,xgboost,290,1,0
fair_affairs,xgboost,291,1,0
fair_affairs,xgboost,292,1,0
fair_affairs,xgboost,293,1,0
fair_affairs,xgboost,294,1,0
fair_affairs,xgboost,295,1,0
fair_affairs,xgboost,296,1,0
fair_affairs,xgboost,297,1,0
fair_affairs,xgboost,298,1,0
fair_affairs,xgboost,299,1,0
fair_affairs,xgboost,300,1,0
fair_affairs,xgboost,301,1,0
fair_affairs,xgboost,302,1,0
fair_affairs,xgboost,303,1,0
fair_affairs,xgboost,304,1,0
fair_affairs,xgboost,305,1,0
fair_affairs,xgboost,306,0,0
fair_affairs,xgboost,307,1,0
fair_affairs,xgboost,308,0,0
fair_affairs,xgboost,309,0,0
fair_affairs,xgboost,310,1,0
fair_affairs,xgboost,311,1,0
fair_affairs,xgboost,312,0,0
fair_affairs,xgboost,313,1,0
fair_affairs,xgboost,314,1,0
fair_affairs,xgboost,315,0,0
fair_affairs,xgboost,316,1,0
fair_affairs,xgboost,317,1,0
fair_affairs,xgboost,318,1,0
fair_affairs,xgboost,319,0,0
fair_affairs,xgboost,320,0,0
fair_affairs,xgboost,321,0,0
fair_affairs,xgboost,322,0,0
fair_affairs,xgboost,323,1,0
fair_affairs,xgboost,324,1,0
fair_affairs,xgboost,325,1,0
fair_affairs,xgboost,326,1,0
fair_affairs,xgboost,327,1,0
fair_affairs,xgboost,328,0,0
fair_affairs,xgboost,329,0,0
fair_affairs,xgboost,330,1,0
fair_affairs,xgboost,331,1,0
fair_affairs,xgboost,332,1,0
fair_affairs,xgboost,333,1,0
fair_affairs,xgboost,334,0,0
fair_affairs,xgboost,335,0,0
fair_affairs,xgboost,336,0,0
fair_affairs,xgboost,337,1,0
fair_affairs,xgboost,338,1,0
fair_affairs,xgboost,339,1,0
fair_affairs,xgboost,340,1,0
fair_affairs,xgboost,341,1,0
fair_affairs,xgboost,342,0,0
fair_affairs,xgboost,343,1,0
fair_affairs,xgboost,344,1,0
fair_affairs,xgboost,345,1,0
fair_affairs,xgboost,346,1,0
fair_affairs,xgboost,347,0,0
fair_affairs,xgboost,348,1,0
fair_affairs,xgboost,349,1,0
fair_affairs,xgboost,350,0,0
fair_affairs,xgboost,351,1,0
fair_affairs,xgboost,352,1,0
fair_affairs,xgboost,353,0,0
fair_affairs,xgboost,354,1,0
fair_affairs,xgboost,355,1,0
fair_affairs,xgboost,356,1,0
fair_affairs,xgboost,357,1,0
fair_affairs,xgboost,358,1,0
fair_affairs,xgboost,359,1,0
fair_affairs,xgboost,360,1,0
fair_affairs,xgboost,361,0,0
fair_affairs,xgboost,362,1,0
fair_affairs,xgboost,363,1,0
fair_affairs,xgboost,364,1,0
fair_affairs,xgboost,365,1,0
fair_affairs,xgboost,366,0,0
fair_affairs,xgboost,367,1,0
fair_affairs,xgboost,368,1,0
fair_affairs,xgboost,369,1,0
fair_affairs,xgboost,370,1,0
fair_affairs,xgboost,371,0,0
fair_affairs,xgboost,372,1,0
fair_affairs,xgboost,373,1,0
fair_affairs,xgboost,374,0,0
fair_affairs,xgboost,375,0,0
fair_affairs,xgboost,376,1,0
fair_affairs,xgboost,377,1,0
fair_affairs,xgboost,378,1,0
fair_affairs,xgboost,379,1,0
fair_affairs,xgboost,380,1,0
fair_affairs,xgboost,381,1,0
fair_affairs,xgboost,382,1,0
fair_affairs,xgboost,383,0,0
fair_affairs,xgboost,384,1,0
fair_affairs,xgboost,385,1,0
fair_affairs,xgboost,386,1,0
fair_affairs,xgboost,387,0,0
fair_affairs,xgboost,388,0,0
fair_affairs,xgboost,389,1,0
fair_affairs,xgboost,390,1,0
fair_affairs,xgboost,391,0,0
fair_affairs,xgboost,392,1,0
fair_affairs,xgboost,393,1,0
fair_affairs,xgboost,394,1,0
fair_affairs,xgboost,395,1,0
fair_affairs,xgboost,396,1,0
fair_affairs,xgboost,397,0,0
fair_affairs,xgboost,398,1,0
fair_affairs,xgboost,399,1,0
rand_health_visits,mlp,0,1,0
rand_health_visits,mlp,1,1,0
rand_health_visits,mlp,2,1,0
rand_health_visits,mlp,3,1,0
rand_health_visits,mlp,4,0,0
rand_health_visits,mlp,5,0,0
rand_health_visits,mlp,6,1,0
rand_health_visits,mlp,7,1,0
rand_health_visits,mlp,8,1,0
rand_health_visits,mlp,9,1,0
rand_health_visits,mlp,10,1,0
rand_health_visits,mlp,11,1,0
rand_health_visits,mlp,12,0,0
rand_health_visits,mlp,13,0,0
rand_health_visits,mlp,14,1,0
rand_health_visits,mlp,15,0,0
rand_health_visits,mlp,16,1,0
rand_health_visits,mlp,17,1,0
rand_health_visits,mlp,18,1,0
rand_health_visits,mlp,19,1,0
rand_health_visits,mlp,20,0,0
rand_health_visits,mlp,21,1,0
rand_health_visits,mlp,22,1,0
rand_health_visits,mlp,23,1,0
rand_health_visits,mlp,24,1,0
rand_health_visits,mlp,25,1,0
rand_health_visits,mlp,26,0,0
rand_health_visits,mlp,27,0,0
rand_health_visits,mlp,28,0,0
rand_health_visits,mlp,29,1,0
rand_health_visits,mlp,30,1,0
rand_health_visits,mlp,31,1,0
rand_health_visits,mlp,32,1,0
rand_health_visits,mlp,33,1,0
rand_health_visits,mlp,34,1,0
rand_health_visits,mlp,35,1,0
rand_health_visits,mlp,36,1,0
rand_health_visits,mlp,37,1,0
rand_health_visits,mlp,38,1,0
rand_health_visits,mlp,39,0,0
rand_health_visits,mlp,40,1,0
rand_health_visits,mlp,41,0,0
rand_health_visits,mlp,42,1,0
rand_health_visits,mlp,43,1,0
rand_health_visits,mlp,44,0,0
rand_health_visits,mlp,45,1,0
rand_health_visits,mlp,46,0,0
rand_health_visits,mlp,47,1,0
rand_health_visits,mlp,48,0,0
rand_health_visits,mlp,49,1,0
rand_health_visits,mlp,50,1,0
rand_health_visits,mlp,51,1,0
rand_health_visits,mlp,52,1,0
rand_health_visits,mlp,53,1,0
rand_health_visits,mlp,54,0,0
rand_health_visits,mlp,55,0,0
rand_health_visits,mlp,56,1,0
rand_health_visits,mlp,57,1,0
rand_health_visits,mlp,58,1,0
rand_health_visits,mlp,59,1,0
rand_health_visits,mlp,60,1,0
rand_health_visits,mlp,61,1,0
rand_health_visits,mlp,62,0,0
rand_health_visits,mlp,63,1,0
rand_health_visits,mlp,64,1,0
rand_health_visits,mlp,65,0,0
rand_health_visits,mlp,66,1,0
rand_health_visits,mlp,67,1,0
rand_health_visits,mlp,68,1,0
rand_health_visits,mlp,69,1,0
rand_health_visits,mlp,70,1,0
rand_health_visits,mlp,71,0,0
rand_health_visits,mlp,72,1,0
rand_health_visits,mlp,73,1,0
rand_health_visits,mlp,74,1,0
rand_health_visits,mlp,75,1,0
rand_health_visits,mlp,76,1,0
rand_health_visits,mlp,77,0,0
rand_health_visits,mlp,78,1,0
rand_health_visits,mlp,79,0,0
rand_health_visits,mlp,80,0,0
rand_health_visits,mlp,81,1,0
rand_health_visits,mlp,82,1,0
rand_health_visits,mlp,83,1,0
rand_health_visits,mlp,84,1,0
rand_health_visits,mlp,85,1,0
rand_health_visits,mlp,86,1,0
rand_health_visits,mlp,87,0,0
rand_health_visits,mlp,88,0,0
rand_health_visits,mlp,89,1,0
rand_health_visits,mlp,90,0,0
rand_health_visits,mlp,91,1,0
rand_health_visits,mlp,92,1,0
rand_health_visits,mlp,93,0,0
rand_health_visits,mlp,94,1,0
rand_health_visits,mlp,95,1,0
rand_health_visits,mlp,96,1,0
rand_health_visits,mlp,97,1,0
rand_health_visits,mlp,98,1,0
rand_health_visits,mlp,99,1,0
rand_health_visits,mlp,100,0,0
rand_health_visits,mlp,101,1,0
rand_health_visits,mlp,102,0,0
rand_health_visits,mlp,103,0,0
rand_health_visits,mlp,104,1,0
rand_health_visits,mlp,105,0,0
rand_health_visits,mlp,106,1,0
rand_health_visits,mlp,107,1,0
rand_health_visits,mlp,108,1,0
rand_health_visits,mlp,109,0,0
rand_health_visits,mlp,110,0,0
rand_health_visits,mlp,111,0,0
rand_health_visits,mlp,112,1,0
rand_health_visits,mlp,113,1,0
rand_health_visits,mlp,114,1,0
rand_health_visits,mlp,115,1,0
rand_health_visits,mlp,116,1,0
rand_health_visits,mlp,117,0,0
rand_health_visits,mlp,118,1,0
rand_health_visits,mlp,119,1,0
rand_health_visits,mlp,120,1,0
rand_health_visits,mlp,121,0,0
rand_health_visits,mlp,122,1,0
rand_health_visits,mlp,123,0,0
rand_health_visits,mlp,124,1,0
rand_health_visits,mlp,125,0,0
rand_health_visits,mlp,126,0,0
rand_health_visits,mlp,127,1,0
rand_health_visits,mlp,128,1,0
rand_health_visits,mlp,129,1,0
rand_health_visits,mlp,130,0,0
rand_health_visits,mlp,131,1,0
rand_health_visits,mlp,132,0,0
rand_health_visits,mlp,133,1,0
rand_health_visits,mlp,134,1,0
rand_health_visits,mlp,135,1,0
rand_health_visits,mlp,136,1,0
rand_health_visits,mlp,137,1,0
rand_health_visits,mlp,138,0,0
rand_health_visits,mlp,139,1,0
rand_health_visits,mlp,140,1,0
rand_health_visits,mlp,141,1,0
rand_health_visits,mlp,142,0,0
rand_health_visits,mlp,143,1,0
rand_health_visits,mlp,144,1,0
rand_health_visits,mlp,145,1,0
rand_health_visits,mlp,146,1,0
rand_health_visits,mlp,147,0,0
rand_health_visits,mlp,148,0,0
rand_health_visits,mlp,149,1,0
rand_health_visits,mlp,150,0,0
rand_health_visits,mlp,151,1,0
rand_health_visits,mlp,152,1,0
rand_health_visits,mlp,153,1,0
rand_health_visits,mlp,154,0,0
rand_health_visits,mlp,155,1,0
rand_health_visits,mlp,156,0,0
rand_health_visits,mlp,157,1,0
rand_health_visits,mlp,158,1,0
rand_health_visits,mlp,159,1,0
rand_health_visits,mlp,160,1,0
rand_health_visits,mlp,161,1,0
rand_health_visits,mlp,162,1,0
rand_health_visits,mlp,163,1,0
rand_health_visits,mlp,164,1,0
rand_health_visits,mlp,165,1,0
rand_health_visits,mlp,166,1,0
rand_health_visits,mlp,167,1,0
rand_health_visits,mlp,168,1,0
rand_health_visits,mlp,169,1,0
rand_health_visits,mlp,170,0,0
rand_health_visits,mlp,171,0,0
rand_health_visits,mlp,172,1,0
rand_health_visits,mlp,173,1,0
rand_health_visits,mlp,174,1,0
rand_health_visits,mlp,175,0,0
rand_health_visits,mlp,176,1,0
rand_health_visits,mlp,177,1,0
rand_health_visits,mlp,178,1,0
rand_health_visits,mlp,179,1,0
rand_health_visits,mlp,180,1,0
rand_health_visits,mlp,181,1,0
rand_health_visits,mlp,182,1,0
rand_health_visits,mlp,183,1,0
rand_health_visits,mlp,184,1,0
rand_health_visits,mlp,185,1,0
rand_health_visits,mlp,186,1,0
rand_health_visits,mlp,187,1,0
rand_health_visits,mlp,188,1,0
rand_health_visits,mlp,189,0,0
rand_health_visits,mlp,190,0,0
rand_health_visits,mlp,191,1,0
rand_health_visits,mlp,192,1,0
rand_health_visits,mlp,193,0,0
rand_health_visits,mlp,194,1,0
rand_health_visits,mlp,195,1,0
rand_health_visits,mlp,196,1,0
rand_health_visits,mlp,197,1,0
rand_health_visits,mlp,198,1,0
rand_health_visits,mlp,199,1,0
rand_health_visits,mlp,200,1,0
rand_health_visits,mlp,201,1,0
rand_health_visits,mlp,202,1,0
rand_health_visits,mlp,203,1,0
rand_health_visits,mlp,204,1,0
rand_health_visits,mlp,205,0,0
rand_health_visits,mlp,206,1,0
rand_health_visits,mlp,207,1,0
rand_health_visits,mlp,208,1,0
rand_health_visits,mlp,209,1,0
rand_health_visits,mlp,210,1,0
rand_health_visits,mlp,211,1,0
rand_health_visits,mlp,212,1,0
rand_health_visits,mlp,213,1,0
rand_health_visits,mlp,214,1,0
rand_health_visits,mlp,215,0,0
rand_health_visits,mlp,216,1,0
rand_health_visits,mlp,217,1,0
rand_health_visits,mlp,218,1,0
rand_health_visits,mlp,219,1,0
rand_health_visits,mlp,220,1,0
rand_health_visits,mlp,221,1,0
rand_health_visits,mlp,222,1,0
rand_health_visits,mlp,223,1,0
rand_health_visits,mlp,224,0,0
rand_health_visits,mlp,225,1,0
rand_health_visits,mlp,226,1,0
rand_health_visits,mlp,227,1,0
rand_health_visits,mlp,228,0,0
rand_health_visits,mlp,229,1,0
rand_health_visits,mlp,230,1,0
rand_health_visits,mlp,231,1,0
rand_health_visits,mlp,232,1,0
rand_health_visits,mlp,233,1,0
rand_health_visits,mlp,234,1,0
rand_health_visits,mlp,235,1,0
rand_health_visits,mlp,236,1,0
rand_health_visits,mlp,237,0,0
rand_health_visits,mlp,238,1,0
rand_health_visits,mlp,239,0,0
rand_health_visits,mlp,240,0,0
rand_health_visits,mlp,241,1,0
rand_health_visits,mlp,242,1,0
rand_health_visits,mlp,243,1,0
rand_health_visits,mlp,244,1,0
rand_health_visits,mlp,245,1,0
rand_health_visits,mlp,246,1,0
rand_health_visits,mlp,247,0,0
rand_health_visits,mlp,248,1,0
rand_health_visits,mlp,249,1,0
rand_health_visits,mlp,250,1,0
rand_health_visits,mlp,251,0,0
rand_health_visits,mlp,252,1,0
rand_health_visits,mlp,253,1,0
rand_health_visits,mlp,254,1,0
rand_health_visits,mlp,255,0,0
rand_health_visits,mlp,256,1,0
rand_health_visits,mlp,257,0,0
rand_health_visits,mlp,258,1,0
rand_health_visits,mlp,259,0,0
rand_health_visits,mlp,260,1,0
rand_health_visits,mlp,261,1,0
rand_health_visits,mlp,262,0,0
rand_health_visits,mlp,263,1,0
rand_health_visits,mlp,264,1,0
rand_health_visits,mlp,265,1,0
rand_health_visits,mlp,266,1,0
rand_health_visits,mlp,267,1,0
rand_health_visits,mlp,268,0,0
rand_health_visits,mlp,269,1,0
rand_health_visits,mlp,270,1,0
rand_health_visits,mlp,271,1,0
rand_health_visits,mlp,272,1,0
rand_health_visits,mlp,273,1,0
rand_health_visits,mlp,274,0,0
rand_health_visits,mlp,275,1,0
rand_health_visits,mlp,276,0,0
rand_health_visits,mlp,277,1,0
rand_health_visits,mlp,278,0,0
rand_health_visits,mlp,279,0,0
rand_health_visits,mlp,280,1,0
rand_health_visits,mlp,281,0,0
rand_health_visits,mlp,282,1,0
rand_health_visits,mlp,283,1,0
rand_health_visits,mlp,284,1,0
rand_health_visits,mlp,285,0,0
rand_health_visits,mlp,286,1,0
rand_health_visits,mlp,287,1,0
rand_health_visits,mlp,288,1,0
rand_health_visits,mlp,289,1,0
rand_health_visits,mlp,290,0,0
rand_health_visits,mlp,291,0,0
rand_health_visits,mlp,292,0,0
rand_health_visits,mlp,293,1,0
rand_health_visits,mlp,294,1,0
rand_health_visits,mlp,295,1,0
rand_health_visits,mlp,296,1,0
rand_health_visits,mlp,297,1,0
rand_health_visits,mlp,298,1,0
rand_health_visits,mlp,299,1,0
rand_health_visits,mlp,300,1,0
rand_health_visits,mlp,301,0,0
rand_health_visits,mlp,302,1,0
rand_health_visits,mlp,303,1,0
rand_health_visits,mlp,304,1,0
rand_health_visits,mlp,305,1,0
rand_health_visits,mlp,306,0,0
rand_health_visits,mlp,307,1,0
rand_health_visits,mlp,308,0,0
rand_health_visits,mlp,309,1,0
rand_health_visits,mlp,310,1,0
rand_health_visits,mlp,311,1,0
rand_health_visits,mlp,312,1,0
rand_health_visits,mlp,313,1,0
rand_health_visits,mlp,314,1,0
rand_health_visits,mlp,315,1,0
rand_health_visits,mlp,316,1,0
rand_health_visits,mlp,317,1,0
rand_health_visits,mlp,318,1,0
rand_health_visits,mlp,319,1,0
rand_health_visits,mlp,320,0,0
rand_health_visits,mlp,321,1,0
rand_health_visits,mlp,322,1,0
rand_health_visits,mlp,323,1,0
rand_health_visits,mlp,324,1,0
rand_health_visits,mlp,325,1,0
rand_health_visits,mlp,326,1,0
rand_health_visits,mlp,327,1,0
rand_health_visits,mlp,328,0,0
rand_health_visits,mlp,329,1,0
rand_health_visits,mlp,330,0,0
rand_health_visits,mlp,331,1,0
rand_health_visits,mlp,332,1,0
rand_health_visits,mlp,333,1,0
rand_health_visits,mlp,334,1,0
rand_health_visits,mlp,335,1,0
rand_health_visits,mlp,336,1,0
rand_health_visits,mlp,337,1,0
rand_health_visits,mlp,338,0,0
rand_health_visits,mlp,339,1,0
rand_health_visits,mlp,340,1,0
rand_health_visits,mlp,341,1,0
rand_health_visits,mlp,342,1,0
rand_health_visits,mlp,343,0,0
rand_health_visits,mlp,344,1,0
rand_health_visits,mlp,345,1,0
rand_health_visits,mlp,346,1,0
rand_health_visits,mlp,347,1,0
rand_health_visits,mlp,348,1,0
rand_health_visits,mlp,349,1,0
rand_health_visits,mlp,350,1,0
rand_health_visits,mlp,351,1,0
rand_health_visits,mlp,352,1,0
rand_health_visits,mlp,353,1,0
rand_health_visits,mlp,354,1,0
rand_health_visits,mlp,355,1,0
rand_health_visits,mlp,356,1,0
rand_health_visits,mlp,357,1,0
rand_health_visits,mlp,358,0,0
rand_health_visits,mlp,359,0,0
rand_health_visits,mlp,360,1,0
rand_health_visits,mlp,361,1,0
rand_health_visits,mlp,362,1,0
rand_health_visits,mlp,363,1,0
rand_health_visits,mlp,364,1,0
rand_health_visits,mlp,365,0,0
rand_health_visits,mlp,366,1,0
rand_health_visits,mlp,367,0,0
rand_health_visits,mlp,368,1,0
rand_health_visits,mlp,369,0,0
rand_health_visits,mlp,370,1,0
rand_health_visits,mlp,371,1,0
rand_health_visits,mlp,372,0,0
rand_health_visits,mlp,373,1,0
rand_health_visits,mlp,374,1,0
rand_health_visits,mlp,375,1,0
rand_health_visits,mlp,376,1,0
rand_health_visits,mlp,377,1,0
rand_health_visits,mlp,378,1,0
rand_health_visits,mlp,379,1,0
rand_health_visits,mlp,380,1,0
rand_health_visits,mlp,381,1,0
rand_health_visits,mlp,382,0,0
rand_health_visits,mlp,383,0,0
rand_health_visits,mlp,384,1,0
rand_health_visits,mlp,385,0,0
rand_health_visits,mlp,386,0,0
rand_health_visits,mlp,387,1,0
rand_health_visits,mlp,388,1,0
rand_health_visits,mlp,389,1,0
rand_health_visits,mlp,390,1,0
rand_health_visits,mlp,391,1,0
rand_health_visits,mlp,392,1,0
rand_health_visits,mlp,393,1,0
rand_health_visits,mlp,394,1,0
rand_health_visits,mlp,395,1,0
rand_health_visits,mlp,396,0,0
rand_health_visits,mlp,397,1,0
rand_health_visits,mlp,398,1,0
rand_health_visits,mlp,399,1,0
rand_health_visits,xgboost,0,1,0
rand_health_visits,xgboost,1,1,0
rand_health_visits,xgboost,2,1,0
rand_health_visits,xgboost,3,1,0
rand_health_visits,xgboost,4,0,0
rand_health_visits,xgboost,5,1,0
rand_health_visits,xgboost,6,1,0
rand_health_visits,xgboost,7,1,0
rand_health_visits,xgboost,8,1,0
rand_health_visits,xgboost,9,1,0
rand_health_visits,xgboost,10,1,0
rand_health_visits,xgboost,11,1,0
rand_health_visits,xgboost,12,0,0
rand_health_visits,xgboost,13,1,0
rand_health_visits,xgboost,14,1,0
rand_health_visits,xgboost,15,0,0
rand_health_visits,xgboost,16,1,0
rand_health_visits,xgboost,17,1,0
rand_health_visits,xgboost,18,1,0
rand_health_visits,xgboost,19,1,0
rand_health_visits,xgboost,20,1,0
rand_health_visits,xgboost,21,0,0
rand_health_visits,xgboost,22,1,0
rand_health_visits,xgboost,23,1,0
rand_health_visits,xgboost,24,1,0
rand_health_visits,xgboost,25,1,0
rand_health_visits,xgboost,26,1,0
rand_health_visits,xgboost,27,0,0
rand_health_visits,xgboost,28,0,0
rand_health_visits,xgboost,29,1,0
rand_health_visits,xgboost,30,1,0
rand_health_visits,xgboost,31,1,0
rand_health_visits,xgboost,32,1,0
rand_health_visits,xgboost,33,1,0
rand_health_visits,xgboost,34,1,0
rand_health_visits,xgboost,35,1,0
rand_health_visits,xgboost,36,1,0
rand_health_visits,xgboost,37,1,0
rand_health_visits,xgboost,38,1,0
rand_health_visits,xgboost,39,0,0
rand_health_visits,xgboost,40,1,0
rand_health_visits,xgboost,41,0,0
rand_health_visits,xgboost,42,1,0
rand_health_visits,xgboost,43,1,0
rand_health_visits,xgboost,44,0,0
rand_health_visits,xgboost,45,1,0
rand_health_visits,xgboost,46,0,0
rand_health_visits,xgboost,47,1,0
rand_health_visits,xgboost,48,1,0
rand_health_visits,xgboost,49,1,0
rand_health_visits,xgboost,50,1,0
rand_health_visits,xgboost,51,1,0
rand_health_visits,xgboost,52,1,0
rand_health_visits,xgboost,53,1,0
rand_health_visits,xgboost,54,0,0
rand_health_visits,xgboost,55,0,0
rand_health_visits,xgboost,56,1,0
rand_health_visits,xgboost,57,1,0
rand_health_visits,xgboost,58,1,0
rand_health_visits,xgboost,59,1,0
rand_health_visits,xgboost,60,1,0
rand_health_visits,xgboost,61,1,0
rand_health_visits,xgboost,62,0,0
rand_health_visits,xgboost,63,1,0
rand_health_visits,xgboost,64,1,0
rand_health_visits,xgboost,65,0,0
rand_health_visits,xgboost,66,1,0
rand_health_visits,xgboost,67,1,0
rand_health_visits,xgboost,68,1,0
rand_health_visits,xgboost,69,1,0
rand_health_visits,xgboost,70,1,0
rand_health_visits,xgboost,71,0,0
rand_health_visits,xgboost,72,1,0
rand_health_visits,xgboost,73,1,0
rand_health_visits,xgboost,74,1,0
rand_health_visits,xgboost,75,1,0
rand_health_visits,xgboost,76,1,0
rand_health_visits,xgboost,77,0,0
rand_health_visits,xgboost,78,1,0
rand_health_visits,xgboost,79,0,0
rand_health_visits,xgboost,80,0,0
rand_health_visits,xgboost,81,1,0
rand_health_visits,xgboost,82,1,0
rand_health_visits,xgboost,83,1,0
rand_health_visits,xgboost,84,1,0
rand_health_visits,xgboost,85,1,0
rand_health_visits,xgboost,86,1,0
rand_health_visits,xgboost,87,1,0
rand_health_visits,xgboost,88,1,0
rand_health_visits,xgboost,89,1,0
rand_health_visits,xgboost,90,0,0
rand_health_visits,xgboost,91,1,0
rand_health_visits,xgboost,92,1,0
rand_health_visits,xgboost,93,0,0
rand_health_visits,xgboost,94,1,0
rand_health_visits,xgboost,95,1,0
rand_health_visits,xgboost,96,1,0
rand_health_visits,xgboost,97,1,0
rand_health_visits,xgboost,98,1,0
rand_health_visits,xgboost,99,1,0
rand_health_visits,xgboost,100,1,0
rand_health_visits,xgboost,101,1,0
rand_health_visits,xgboost,102,0,0
rand_health_visits,xgboost,103,0,0
rand_health_visits,xgboost,104,1,0
rand_health_visits,xgboost,105,1,0
rand_health_visits,xgboost,106,1,0
rand_health_visits,xgboost,107,1,0
rand_health_visits,xgboost,108,1,0
rand_health_visits,xgboost,109,1,0
rand_health_visits,xgboost,110,0,0
rand_health_visits,xgboost,111,1,0
rand_health_visits,xgboost,112,1,0
rand_health_visits,xgboost,113,1,0
rand_health_visits,xgboost,114,1,0
rand_health_visits,xgboost,115,1,0
rand_health_visits,xgboost,116,1,0
rand_health_visits,xgboost,117,1,0
rand_health_visits,xgboost,118,1,0
rand_health_visits,xgboost,119,1,0
rand_health_visits,xgboost,120,1,0
rand_health_visits,xgboost,121,0,0
rand_health_visits,xgboost,122,1,0
rand_health_visits,xgboost,123,0,0
rand_health_visits,xgboost,124,1,0
rand_health_visits,xgboost,125,1,0
rand_health_visits,xgboost,126,1,0
rand_health_visits,xgboost,127,1,0
rand_health_visits,xgboost,128,1,0
rand_health_visits,xgboost,129,1,0
rand_health_visits,xgboost,130,0,0
rand_health_visits,xgboost,131,1,0
rand_health_visits,xgboost,132,1,0
rand_health_visits,xgboost,133,1,0
rand_health_visits,xgboost,134,1,0
rand_health_visits,xgboost,135,1,0
rand_health_visits,xgboost,136,1,0
rand_health_visits,xgboost,137,1,0
rand_health_visits,xgboost,138,0,0
rand_health_visits,xgboost,139,1,0
rand_health_visits,xgboost,140,1,0
rand_health_visits,xgboost,141,1,0
rand_health_visits,xgboost,142,0,0
rand_health_visits,xgboost,143,1,0
rand_health_visits,xgboost,144,1,0
rand_health_visits,xgboost,145,1,0
rand_health_visits,xgboost,146,1,0
rand_health_visits,xgboost,147,0,0
rand_health_visits,xgboost,148,1,0
rand_health_visits,xgboost,149,1,0
rand_health_visits,xgboost,150,0,0
rand_health_visits,xgboost,151,1,0
rand_health_visits,xgboost,152,1,0
rand_health_visits,xgboost,153,1,0
rand_health_visits,xgboost,154,0,0
rand_health_visits,xgboost,155,1,0
rand_health_visits,xgboost,156,0,0
rand_health_visits,xgboost,157,1,0
rand_health_visits,xgboost,158,1,0
rand_health_visits,xgboost,159,1,0
rand_health_visits,xgboost,160,1,0
rand_health_visits,xgboost,161,1,0
rand_health_visits,xgboost,162,1,0
rand_health_visits,xgboost,163,1,0
rand_health_visits,xgboost,164,1,0
rand_health_visits,xgboost,165,1,0
rand_health_visits,xgboost,166,1,0
rand_health_visits,xgboost,167,1,0
rand_health_visits,xgboost,168,1,0
rand_health_visits,xgboost,169,1,0
rand_health_visits,xgboost,170,1,0
rand_health_visits,xgboost,171,0,0
rand_health_visits,xgboost,172,1,0
rand_health_visits,xgboost,173,1,0
rand_health_visits,xgboost,174,1,0
rand_health_visits,xgboost,175,0,0
rand_health_visits,xgboost,176,1,0
rand_health_visits,xgboost,177,1,0
rand_health_visits,xgboost,178,1,0
rand_health_visits,xgboost,179,1,0
rand_health_visits,xgboost,180,1,0
rand_health_visits,xgboost,181,1,0
rand_health_visits,xgboost,182,1,0
rand_health_visits,xgboost,183,1,0
rand_health_visits,xgboost,184,1,0
rand_health_visits,xgboost,185,1,0
rand_health_visits,xgboost,186,1,0
rand_health_visits,xgboost,187,1,0
rand_health_visits,xgboost,188,1,0
rand_health_visits,xgboost,189,0,0
rand_health_visits,xgboost,190,0,0
rand_health_visits,xgboost,191,1,0
rand_health_visits,xgboost,192,1,0
rand_health_visits,xgboost,193,0,0
rand_health_visits,xgboost,194,1,0
rand_health_visits,xgboost,195,1,0
rand_health_visits,xgboost,196,1,0
rand_health_visits,xgboost,197,1,0
rand_health_visits,xgboost,198,1,0
rand_health_visits,xgboost,199,1,0
rand_health_visits,xgboost,200,1,0
rand_health_visits,xgboost,201,1,0
rand_health_visits,xgboost,202,1,0
rand_health_visits,xgboost,203,1,0
rand_health_visits,xgboost,204,1,0
rand_health_visits,xgboost,205,0,0
rand_health_visits,xgboost,206,1,0
rand_health_visits,xgboost,207,1,0
rand_health_visits,xgboost,208,1,0
rand_health_visits,xgboost,209,1,0
rand_health_visits,xgboost,210,1,0
rand_health_visits,xgboost,211,1,0
rand_health_visits,xgboost,212,0,0
rand_health_visits,xgboost,213,1,0
rand_health_visits,xgboost,214,1,0
rand_health_visits,xgboost,215,0,0
rand_health_visits,xgboost,216,1,0
rand_health_visits,xgboost,217,1,0
rand_health_visits,xgboost,218,1,0
rand_health_visits,xgboost,219,1,0
rand_health_visits,xgboost,220,1,0
rand_health_visits,xgboost,221,1,0
rand_health_visits,xgboost,222,1,0
rand_health_visits,xgboost,223,1,0
rand_health_visits,xgboost,224,0,0
rand_health_visits,xgboost,225,1,0
rand_health_visits,xgboost,226,1,0
rand_health_visits,xgboost,227,1,0
rand_health_visits,xgboost,228,0,0
rand_health_visits,xgboost,229,1,0
rand_health_visits,xgboost,230,0,0
rand_health_visits,xgboost,231,1,0
rand_health_visits,xgboost,232,1,0
rand_health_visits,xgboost,233,1,0
rand_health_visits,xgboost,234,1,0
rand_health_visits,xgboost,235,1,0
rand_health_visits,xgboost,236,1,0
rand_health_visits,xgboost,237,0,0
rand_health_visits,xgboost,238,1,0
rand_health_visits,xgboost,239,0,0
rand_health_visits,xgboost,240,0,0
rand_health_visits,xgboost,241,1,0
rand_health_visits,xgboost,242,1,0
rand_health_visits,xgboost,243,1,0
rand_health_visits,xgboost,244,1,0
rand_health_visits,xgboost,245,1,0
rand_health_visits,xgboost,246,1,0
rand_health_visits,xgboost,247,1,0
rand_health_visits,xgboost,248,1,0
rand_health_visits,xgboost,249,1,0
rand_health_visits,xgboost,250,1,0
rand_health_visits,xgboost,251,0,0
rand_health_visits,xgboost,252,1,0
rand_health_visits,xgboost,253,1,0
rand_health_visits,xgboost,254,1,0
rand_health_visits,xgboost,255,0,0
rand_health_visits,xgboost,256,1,0
rand_health_visits,xgboost,257,1,0
rand_health_visits,xgboost,258,1,0
rand_health_visits,xgboost,259,0,0
rand_health_visits,xgboost,260,1,0
rand_health_visits,xgboost,261,1,0
rand_health_visits,xgboost,262,1,0
rand_health_visits,xgboost,263,1,0
rand_health_visits,xgboost,264,1,0
rand_health_visits,xgboost,265,1,0
rand_health_visits,xgboost,266,1,0
rand_health_visits,xgboost,267,1,0
rand_health_visits,xgboost,268,1,0
rand_health_visits,xgboost,269,1,0
rand_health_visits,xgboost,270,1,0
rand_health_visits,xgboost,271,1,0
rand_health_visits,xgboost,272,0,0
rand_health_visits,xgboost,273,1,0
rand_health_visits,xgboost,274,0,0
rand_health_visits,xgboost,275,1,0
rand_health_visits,xgboost,276,1,0
rand_health_visits,xgboost,277,1,0
rand_health_visits,xgboost,278,0,0
rand_health_visits,xgboost,279,0,0
rand_health_visits,xgboost,280,1,0
rand_health_visits,xgboost,281,0,0
rand_health_visits,xgboost,282,1,0
rand_health_visits,xgboost,283,1,0
rand_health_visits,xgboost,284,1,0
rand_health_visits,xgboost,285,0,0
rand_health_visits,xgboost,286,1,0
rand_health_visits,xgboost,287,1,0
rand_health_visits,xgboost,288,1,0
rand_health_visits,xgboost,289,1,0
rand_health_visits,xgboost,290,1,0
rand_health_visits,xgboost,291,1,0
rand_health_visits,xgboost,292,0,0
rand_health_visits,xgboost,293,1,0
rand_health_visits,xgboost,294,1,0
rand_health_visits,xgboost,295,1,0
rand_health_visits,xgboost,296,1,0
rand_health_visits,xgboost,297,1,0
rand_health_visits,xgboost,298,1,0
rand_health_visits,xgboost,299,1,0
rand_health_visits,xgboost,300,1,0
rand_health_visits,xgboost,301,0,0
rand_health_visits,xgboost,302,1,0
rand_health_visits,xgboost,303,1,0
rand_health_visits,xgboost,304,1,0
rand_health_visits,xgboost,305,1,0
rand_health_visits,xgboost,306,0,0
rand_health_visits,xgboost,307,1,0
rand_health_visits,xgboost,308,0,0
rand_health_visits,xgboost,309,1,0
rand_health_visits,xgboost,310,0,0
rand_health_visits,xgboost,311,1,0
rand_health_visits,xgboost,312,1,0
rand_health_visits,xgboost,313,1,0
rand_health_visits,xgboost,314,1,0
rand_health_visits,xgboost,315,1,0
rand_health_visits,xgboost,316,1,0
rand_health_visits,xgboost,317,1,0
rand_health_visits,xgboost,318,1,0
rand_health_visits,xgboost,319,1,0
rand_health_visits,xgboost,320,0,0
rand_health_visits,xgboost,321,1,0
rand_health_visits,xgboost,322,1,0
rand_health_visits,xgboost,323,1,0
rand_health_visits,xgboost,324,1,0
rand_health_visits,xgboost,325,1,0
rand_health_visits,xgboost,326,1,0
rand_health_visits,xgboost,327,1,0
rand_health_visits,xgboost,328,0,0
rand_health_visits,xgboost,329,1,0
rand_health_visits,xgboost,330,0,0
rand_health_visits,xgboost,331,1,0
rand_health_visits,xgboost,332,1,0
rand_health_visits,xgboost,333,1,0
rand_health_visits,xgboost,334,1,0
rand_health_visits,xgboost,335,1,0
rand_health_visits,xgboost,336,1,0
rand_health_visits,xgboost,337,1,0
rand_health_visits,xgboost,338,0,0
rand_health_visits,xgboost,339,1,0
rand_health_visits,xgboost,340,1,0
rand_health_visits,xgboost,341,1,0
rand_health_visits,xgboost,342,1,0
rand_health_visits,xgboost,343,0,0
rand_health_visits,xgboost,344,1,0
rand_health_visits,xgboost,345,1,0
rand_health_visits,xgboost,346,1,0
rand_health_visits,xgboost,347,1,0
rand_health_visits,xgboost,348,1,0
rand_health_visits,xgboost,349,1,0
rand_health_visits,xgboost,350,1,0
rand_health_visits,xgboost,351,1,0
rand_health_visits,xgboost,352,1,0
rand_health_visits,xgboost,353,0,0
rand_health_visits,xgboost,354,1,0
rand_health_visits,xgboost,355,1,0
rand_health_visits,xgboost,356,1,0
rand_health_visits,xgboost,357,1,0
rand_health_visits,xgboost,358,0,0
rand_health_visits,xgboost,359,0,0
rand_health_visits,xgboost,360,0,0
rand_health_visits,xgboost,361,1,0
rand_health_visits,xgboost,362,1,0
rand_health_visits,xgboost,363,1,0
rand_health_visits,xgboost,364,1,0
rand_health_visits,xgboost,365,1,0
rand_health_visits,xgboost,366,1,0
rand_health_visits,xgboost,367,0,0
rand_health_visits,xgboost,368,1,0
rand_health_visits,xgboost,369,0,0
rand_health_visits,xgboost,370,1,0
rand_health_visits,xgboost,371,1,0
rand_health_visits,xgboost,372,1,0
rand_health_visits,xgboost,373,1,0
rand_health_visits,xgboost,374,1,0
rand_health_visits,xgboost,375,1,0
rand_health_visits,xgboost,376,1,0
rand_health_visits,xgboost,377,1,0
rand_health_visits,xgboost,378,1,0
rand_health_visits,xgboost,379,1,0
rand_health_visits,xgboost,380,1,0
rand_health_visits,xgboost,381,1,0
rand_health_visits,xgboost,382,0,0
rand_health_visits,xgboost,383,1,0
rand_health_visits,xgboost,384,1,0
rand_health_visits,xgboost,385,1,0
rand_health_visits,xgboost,386,1,0
rand_health_visits,xgboost,387,1,0
rand_health_visits,xgboost,388,1,0
rand_health_visits,xgboost,389,1,0
rand_health_visits,xgboost,390,1,0
rand_health_visits,xgboost,391,1,0
rand_health_visits,xgboost,392,1,0
rand_health_visits,xgboost,393,1,0
rand_health_visits,xgboost,394,1,0
rand_health_visits,xgboost,395,1,0
rand_health_visits,xgboost,396,0,0
rand_health_visits,xgboost,397,1,0
rand_health_visits,xgboost,398,1,0
rand_health_visits,xgboost,399,1,0
star98_pass_rate,mlp,0,0,0
star98_pass_rate,mlp,1,0,0
star98_pass_rate,mlp,2,0,0
star98_pass_rate,mlp,3,0,0
star98_pass_rate,mlp,4,1,0
star98_pass_rate,mlp,5,0,0
star98_pass_rate,mlp,6,1,0
star98_pass_rate,mlp,7,0,0
star98_pass_rate,mlp,8,0,0
star98_pass_rate,mlp,9,0,0
star98_pass_rate,mlp,10,1,0
star98_pass_rate,mlp,11,0,0
star98_pass_rate,mlp,12,0,0
star98_pass_rate,mlp,13,0,0
star98_pass_rate,mlp,14,0,0
star98_pass_rate,mlp,15,0,0
star98_pass_rate,mlp,16,0,0
star98_pass_rate,mlp,17,1,0
star98_pass_rate,mlp,18,0,0
star98_pass_rate,mlp,19,0,0
star98_pass_rate,mlp,20,1,0
star98_pass_rate,mlp,21,0,0
star98_pass_rate,mlp,22,0,0
star98_pass_rate,mlp,23,1,0
star98_pass_rate,mlp,24,1,0
star98_pass_rate,mlp,25,1,0
star98_pass_rate,mlp,26,0,0
star98_pass_rate,mlp,27,0,0
star98_pass_rate,mlp,28,0,0
star98_pass_rate,mlp,29,0,0
star98_pass_rate,mlp,30,1,0
star98_pass_rate,mlp,31,1,0
star98_pass_rate,mlp,32,0,0
star98_pass_rate,mlp,33,1,0
star98_pass_rate,mlp,34,1,0
star98_pass_rate,mlp,35,0,0
star98_pass_rate,mlp,36,0,0
star98_pass_rate,mlp,37,1,0
star98_pass_rate,mlp,38,1,0
star98_pass_rate,mlp,39,1,0
star98_pass_rate,mlp,40,0,0
star98_pass_rate,mlp,41,1,0
star98_pass_rate,mlp,42,1,0
star98_pass_rate,mlp,43,1,0
star98_pass_rate,mlp,44,1,0
star98_pass_rate,mlp,45,1,0
star98_pass_rate,mlp,46,1,0
star98_pass_rate,mlp,47,1,0
star98_pass_rate,mlp,48,1,0
star98_pass_rate,mlp,49,1,0
star98_pass_rate,mlp,50,1,0
star98_pass_rate,mlp,51,0,0
star98_pass_rate,mlp,52,1,0
star98_pass_rate,mlp,53,1,0
star98_pass_rate,mlp,54,0,0
star98_pass_rate,mlp,55,1,0
star98_pass_rate,mlp,56,0,0
star98_pass_rate,mlp,57,0,0
star98_pass_rate,mlp,58,1,0
star98_pass_rate,mlp,59,1,0
star98_pass_rate,mlp,60,1,0
star98_pass_rate,mlp,61,1,0
star98_pass_rate,mlp,62,1,0
star98_pass_rate,mlp,63,1,0
star98_pass_rate,mlp,64,1,0
star98_pass_rate,mlp,65,0,0
star98_pass_rate,mlp,66,1,0
star98_pass_rate,mlp,67,0,0
star98_pass_rate,mlp,68,0,0
star98_pass_rate,mlp,69,1,0
star98_pass_rate,mlp,70,1,0
star98_pass_rate,mlp,71,0,0
star98_pass_rate,mlp,72,1,0
star98_pass_rate,mlp,73,0,0
star98_pass_rate,mlp,74,1,0
star98_pass_rate,mlp,75,1,0
star98_pass_rate,mlp,76,1,0
star98_pass_rate,mlp,77,1,0
star98_pass_rate,mlp,78,0,0
star98_pass_rate,mlp,79,1,0
star98_pass_rate,mlp,80,1,0
star98_pass_rate,mlp,81,0,0
star98_pass_rate,mlp,82,0,0
star98_pass_rate,mlp,83,1,0
star98_pass_rate,mlp,84,1,0
star98_pass_rate,mlp,85,0,0
star98_pass_rate,mlp,86,1,0
star98_pass_rate,mlp,87,1,0
star98_pass_rate,mlp,88,1,0
star98_pass_rate,mlp,89,1,0
star98_pass_rate,mlp,90,0,0
star98_pass_rate,mlp,91,0,0
star98_pass_rate,mlp,92,1,0
star98_pass_rate,mlp,93,0,0
star98_pass_rate,mlp,94,0,0
star98_pass_rate,mlp,95,1,0
star98_pass_rate,mlp,96,0,0
star98_pass_rate,mlp,97,1,0
star98_pass_rate,mlp,98,1,0
star98_pass_rate,mlp,99,1,0
star98_pass_rate,mlp,100,0,0
star98_pass_rate,mlp,101,1,0
star98_pass_rate,mlp,102,0,0
star98_pass_rate,mlp,103,1,0
star98_pass_rate,mlp,104,0,0
star98_pass_rate,mlp,105,0,0
star98_pass_rate,mlp,106,1,0
star98_pass_rate,mlp,107,1,0
star98_pass_rate,mlp,108,1,0
star98_pass_rate,mlp,109,1,0
star98_pass_rate,mlp,110,1,0
star98_pass_rate,mlp,111,1,0
star98_pass_rate,mlp,112,0,0
star98_pass_rate,mlp,113,1,0
star98_pass_rate,mlp,114,1,0
star98_pass_rate,mlp,115,1,0
star98_pass_rate,mlp,116,0,0
star98_pass_rate,mlp,117,0,0
star98_pass_rate,mlp,118,0,0
star98_pass_rate,mlp,119,0,0
star98_pass_rate,mlp,120,0,0
star98_pass_rate,mlp,121,1,0
star98_pass_rate,mlp,122,1,0
star98_pass_rate,mlp,123,1,0
star98_pass_rate,mlp,124,1,0
star98_pass_rate,mlp,125,0,0
star98_pass_rate,mlp,126,1,0
star98_pass_rate,mlp,127,0,0
star98_pass_rate,mlp,128,0,0
star98_pass_rate,mlp,129,0,0
star98_pass_rate,mlp,130,1,0
star98_pass_rate,mlp,131,1,0
star98_pass_rate,mlp,132,0,0
star98_pass_rate,mlp,133,0,0
star98_pass_rate,mlp,134,0,0
star98_pass_rate,mlp,135,0,0
star98_pass_rate,mlp,136,1,0
star98_pass_rate,mlp,137,0,0
star98_pass_rate,mlp,138,0,0
star98_pass_rate,mlp,139,1,0
star98_pass_rate,mlp,140,0,0
star98_pass_rate,mlp,141,1,0
star98_pass_rate,mlp,142,1,0
star98_pass_rate,mlp,143,1,0
star98_pass_rate,mlp,144,1,0
star98_pass_rate,mlp,145,1,0
star98_pass_rate,mlp,146,0,0
star98_pass_rate,mlp,147,1,0
star98_pass_rate,mlp,148,0,0
star98_pass_rate,mlp,149,0,0
star98_pass_rate,mlp,150,0,0
star98_pass_rate,mlp,151,0,0
star98_pass_rate,mlp,152,0,0
star98_pass_rate,mlp,153,1,0
star98_pass_rate,mlp,154,1,0
star98_pass_rate,mlp,155,1,0
star98_pass_rate,mlp,156,0,0
star98_pass_rate,mlp,157,0,0
star98_pass_rate,mlp,158,0,0
star98_pass_rate,mlp,159,0,0
star98_pass_rate,mlp,160,1,0
star98_pass_rate,mlp,161,0,0
star98_pass_rate,mlp,162,0,0
star98_pass_rate,mlp,163,0,0
star98_pass_rate,mlp,164,0,0
star98_pass_rate,mlp,165,1,0
star98_pass_rate,mlp,166,0,0
star98_pass_rate,mlp,167,0,0
star98_pass_rate,mlp,168,0,0
star98_pass_rate,mlp,169,0,0
star98_pass_rate,mlp,170,0,0
star98_pass_rate,mlp,171,0,0
star98_pass_rate,mlp,172,0,0
star98_pass_rate,mlp,173,0,0
star98_pass_rate,mlp,174,1,0
star98_pass_rate,mlp,175,1,0
star98_pass_rate,mlp,176,1,0
star98_pass_rate,mlp,177,1,0
star98_pass_rate,mlp,178,1,0
star98_pass_rate,mlp,179,1,0
star98_pass_rate,mlp,180,1,0
star98_pass_rate,mlp,181,1,0
star98_pass_rate,mlp,182,1,0
star98_pass_rate,mlp,183,1,0
star98_pass_rate,mlp,184,1,0
star98_pass_rate,mlp,185,1,0
star98_pass_rate,mlp,186,1,0
star98_pass_rate,mlp,187,1,0
star98_pass_rate,mlp,188,0,0
star98_pass_rate,mlp,189,0,0
star98_pass_rate,mlp,190,1,0
star98_pass_rate,mlp,191,0,0
star98_pass_rate,mlp,192,0,0
star98_pass_rate,mlp,193,0,0
star98_pass_rate,mlp,194,0,0
star98_pass_rate,mlp,195,1,0
star98_pass_rate,mlp,196,0,0
star98_pass_rate,mlp,197,0,0
star98_pass_rate,mlp,198,1,0
star98_pass_rate,mlp,199,1,0
star98_pass_rate,mlp,200,1,0
star98_pass_rate,mlp,201,0,0
star98_pass_rate,mlp,202,0,0
star98_pass_rate,mlp,203,1,0
star98_pass_rate,mlp,204,1,0
star98_pass_rate,mlp,205,1,0
star98_pass_rate,mlp,206,0,0
star98_pass_rate,mlp,207,0,0
star98_pass_rate,mlp,208,1,0
star98_pass_rate,mlp,209,0,0
star98_pass_rate,mlp,210,1,0
star98_pass_rate,mlp,211,1,0
star98_pass_rate,mlp,212,0,0
star98_pass_rate,mlp,213,1,0
star98_pass_rate,mlp,214,0,0
star98_pass_rate,mlp,215,1,0
star98_pass_rate,mlp,216,1,0
star98_pass_rate,mlp,217,0,0
star98_pass_rate,mlp,218,0,0
star98_pass_rate,mlp,219,0,0
star98_pass_rate,mlp,220,1,0
star98_pass_rate,mlp,221,1,0
star98_pass_rate,mlp,222,0,0
star98_pass_rate,mlp,223,0,0
star98_pass_rate,mlp,224,0,0
star98_pass_rate,mlp,225,0,0
star98_pass_rate,mlp,226,1,0
star98_pass_rate,mlp,227,1,0
star98_pass_rate,mlp,228,0,0
star98_pass_rate,mlp,229,1,0
star98_pass_rate,mlp,230,1,0
star98_pass_rate,mlp,231,1,0
star98_pass_rate,mlp,232,0,0
star98_pass_rate,mlp,233,0,0
star98_pass_rate,mlp,234,0,0
star98_pass_rate,mlp,235,1,0
star98_pass_rate,mlp,236,0,0
star98_pass_rate,mlp,237,0,0
star98_pass_rate,mlp,238,1,0
star98_pass_rate,mlp,239,0,0
star98_pass_rate,mlp,240,0,0
star98_pass_rate,mlp,241,0,0
star98_pass_rate,mlp,242,0,0
star98_pass_rate,mlp,243,0,0
star98_pass_rate,mlp,244,0,0
star98_pass_rate,mlp,245,0,0
star98_pass_rate,mlp,246,0,0
star98_pass_rate,mlp,247,0,0
star98_pass_rate,mlp,248,1,0
star98_pass_rate,mlp,249,0,0
star98_pass_rate,mlp,250,1,0
star98_pass_rate,mlp,251,0,0
star98_pass_rate,mlp,252,0,0
star98_pass_rate,mlp,253,1,0
star98_pass_rate,mlp,254,0,0
star98_pass_rate,mlp,255,0,0
star98_pass_rate,mlp,256,1,0
star98_pass_rate,mlp,257,0,0
star98_pass_rate,mlp,258,0,0
star98_pass_rate,mlp,259,0,0
star98_pass_rate,mlp,260,0,0
star98_pass_rate,mlp,261,0,0
star98_pass_rate,mlp,262,1,0
star98_pass_rate,mlp,263,0,0
star98_pass_rate,mlp,264,0,0
star98_pass_rate,mlp,265,0,0
star98_pass_rate,mlp,266,1,0
star98_pass_rate,mlp,267,0,0
star98_pass_rate,mlp,268,0,0
star98_pass_rate,mlp,269,0,0
star98_pass_rate,mlp,270,1,0
star98_pass_rate,mlp,271,0,0
star98_pass_rate,mlp,272,1,0
star98_pass_rate,mlp,273,1,0
star98_pass_rate,mlp,274,1,0
star98_pass_rate,mlp,275,1,0
star98_pass_rate,mlp,276,1,0
star98_pass_rate,mlp,277,1,0
star98_pass_rate,mlp,278,1,0
star98_pass_rate,mlp,279,1,0
star98_pass_rate,mlp,280,1,0
star98_pass_rate,mlp,281,0,0
star98_pass_rate,mlp,282,1,0
star98_pass_rate,mlp,283,1,0
star98_pass_rate,mlp,284,1,0
star98_pass_rate,mlp,285,1,0
star98_pass_rate,mlp,286,1,0
star98_pass_rate,mlp,287,1,0
star98_pass_rate,mlp,288,0,0
star98_pass_rate,mlp,289,1,0
star98_pass_rate,mlp,290,0,0
star98_pass_rate,mlp,291,0,0
star98_pass_rate,mlp,292,0,0
star98_pass_rate,mlp,293,0,0
star98_pass_rate,mlp,294,0,0
star98_pass_rate,mlp,295,0,0
star98_pass_rate,mlp,296,0,0
star98_pass_rate,mlp,297,1,0
star98_pass_rate,mlp,298,1,0
star98_pass_rate,mlp,299,1,0
star98_pass_rate,mlp,300,1,0
star98_pass_rate,mlp,301,1,0
star98_pass_rate,mlp,302,1,0
star98_pass_rate,xgboost,0,0,0
star98_pass_rate,xgboost,1,0,0
star98_pass_rate,xgboost,2,0,0
star98_pass_rate,xgboost,3,0,0
star98_pass_rate,xgboost,4,1,0
star98_pass_rate,xgboost,5,0,0
star98_pass_rate,xgboost,6,1,0
star98_pass_rate,xgboost,7,0,0
star98_pass_rate,xgboost,8,0,0
star98_pass_rate,xgboost,9,0,0
star98_pass_rate,xgboost,10,1,0
star98_pass_rate,xgboost,11,0,0
star98_pass_rate,xgboost,12,0,0
star98_pass_rate,xgboost,13,0,0
star98_pass_rate,xgboost,14,0,0
star98_pass_rate,xgboost,15,0,0
star98_pass_rate,xgboost,16,0,0
star98_pass_rate,xgboost,17,0,0
star98_pass_rate,xgboost,18,0,0
star98_pass_rate,xgboost,19,0,0
star98_pass_rate,xgboost,20,1,0
star98_pass_rate,xgboost,21,0,0
star98_pass_rate,xgboost,22,0,0
star98_pass_rate,xgboost,23,1,0
star98_pass_rate,xgboost,24,1,0
star98_pass_rate,xgboost,25,1,0
star98_pass_rate,xgboost,26,0,0
star98_pass_rate,xgboost,27,0,0
star98_pass_rate,xgboost,28,0,0
star98_pass_rate,xgboost,29,0,0
star98_pass_rate,xgboost,30,1,0
star98_pass_rate,xgboost,31,1,0
star98_pass_rate,xgboost,32,0,0
star98_pass_rate,xgboost,33,1,0
star98_pass_rate,xgboost,34,1,0
star98_pass_rate,xgboost,35,0,0
star98_pass_rate,xgboost,36,0,0
star98_pass_rate,xgboost,37,1,0
star98_pass_rate,xgboost,38,1,0
star98_pass_rate,xgboost,39,1,0
star98_pass_rate,xgboost,40,0,0
star98_pass_rate,xgboost,41,1,0
star98_pass_rate,xgboost,42,1,0
star98_pass_rate,xgboost,43,1,0
star98_pass_rate,xgboost,44,1,0
star98_pass_rate,xgboost,45,1,0
star98_pass_rate,xgboost,46,1,0
star98_pass_rate,xgboost,47,1,0
star98_pass_rate,xgboost,48,1,0
star98_pass_rate,xgboost,49,1,0
star98_pass_rate,xgboost,50,1,0
star98_pass_rate,xgboost,51,0,0
star98_pass_rate,xgboost,52,1,0
star98_pass_rate,xgboost,53,0,0
star98_pass_rate,xgboost,54,1,0
star98_pass_rate,xgboost,55,0,0
star98_pass_rate,xgboost,56,1,0
star98_pass_rate,xgboost,57,0,0
star98_pass_rate,xgboost,58,1,0
star98_pass_rate,xgboost,59,1,0
star98_pass_rate,xgboost,60,1,0
star98_pass_rate,xgboost,61,1,0
star98_pass_rate,xgboost,62,1,0
star98_pass_rate,xgboost,63,1,0
star98_pass_rate,xgboost,64,1,0
star98_pass_rate,xgboost,65,0,0
star98_pass_rate,xgboost,66,1,0
star98_pass_rate,xgboost,67,1,0
star98_pass_rate,xgboost,68,0,0
star98_pass_rate,xgboost,69,1,0
star98_pass_rate,xgboost,70,1,0
star98_pass_rate,xgboost,71,0,0
star98_pass_rate,xgboost,72,1,0
star98_pass_rate,xgboost,73,0,0
star98_pass_rate,xgboost,74,1,0
star98_pass_rate,xgboost,75,0,0
star98_pass_rate,xgboost,76,1,0
star98_pass_rate,xgboost,77,1,0
star98_pass_rate,xgboost,78,0,0
star98_pass_rate,xgboost,79,1,0
star98_pass_rate,xgboost,80,1,0
star98_pass_rate,xgboost,81,0,0
star98_pass_rate,xgboost,82,0,0
star98_pass_rate,xgboost,83,1,0
star98_pass_rate,xgboost,84,0,0
star98_pass_rate,xgboost,85,0,0
star98_pass_rate,xgboost,86,1,0
star98_pass_rate,xgboost,87,1,0
star98_pass_rate,xgboost,88,1,0
star98_pass_rate,xgboost,89,1,0
star98_pass_rate,xgboost,90,0,0
star98_pass_rate,xgboost,91,0,0
star98_pass_rate,xgboost,92,0,0
star98_pass_rate,xgboost,93,0,0
star98_pass_rate,xgboost,94,0,0
star98_pass_rate,xgboost,95,0,0
star98_pass_rate,xgboost,96,1,0
star98_pass_rate,xgboost,97,1,0
star98_pass_rate,xgboost,98,1,0
star98_pass_rate,xgboost,99,1,0
star98_pass_rate,xgboost,100,0,0
star98_pass_rate,xgboost,101,0,0
star98_pass_rate,xgboost,102,0,0
star98_pass_rate,xgboost,103,1,0
star98_pass_rate,xgboost,104,0,0
star98_pass_rate,xgboost,105,0,0
star98_pass_rate,xgboost,106,1,0
star98_pass_rate,xgboost,107,1,0
star98_pass_rate,xgboost,108,1,0
star98_pass_rate,xgboost,109,1,0
star98_pass_rate,xgboost,110,1,0
star98_pass_rate,xgboost,111,1,0
star98_pass_rate,xgboost,112,0,0
star98_pass_rate,xgboost,113,1,0
star98_pass_rate,xgboost,114,1,0
star98_pass_rate,xgboost,115,1,0
star98_pass_rate,xgboost,116,0,0
star98_pass_rate,xgboost,117,0,0
star98_pass_rate,xgboost,118,0,0
star98_pass_rate,xgboost,119,0,0
star98_pass_rate,xgboost,120,0,0
star98_pass_rate,xgboost,121,1,0
star98_pass_rate,xgboost,122,1,0
star98_pass_rate,xgboost,123,1,0
star98_pass_rate,xgboost,124,0,0
star98_pass_rate,xgboost,125,0,0
star98_pass_rate,xgboost,126,1,0
star98_pass_rate,xgboost,127,0,0
star98_pass_rate,xgboost,128,0,0
star98_pass_rate,xgboost,129,0,0
star98_pass_rate,xgboost,130,1,0
star98_pass_rate,xgboost,131,1,0
star98_pass_rate,xgboost,132,0,0
star98_pass_rate,xgboost,133,0,0
star98_pass_rate,xgboost,134,0,0
star98_pass_rate,xgboost,135,0,0
star98_pass_rate,xgboost,136,0,0
star98_pass_rate,xgboost,137,0,0
star98_pass_rate,xgboost,138,0,0
star98_pass_rate,xgboost,139,0,0
star98_pass_rate,xgboost,140,1,0
star98_pass_rate,xgboost,141,1,0
star98_pass_rate,xgboost,142,1,0
star98_pass_rate,xgboost,143,1,0
star98_pass_rate,xgboost,144,1,0
star98_pass_rate,xgboost,145,1,0
star98_pass_rate,xgboost,146,0,0
star98_pass_rate,xgboost,147,1,0
star98_pass_rate,xgboost,148,0,0
star98_pass_rate,xgboost,149,0,0
star98_pass_rate,xgboost,150,0,0
star98_pass_rate,xgboost,151,1,0
star98_pass_rate,xgboost,152,0,0
star98_pass_rate,xgboost,153,1,0
star98_pass_rate,xgboost,154,1,0
star98_pass_rate,xgboost,155,1,0
star98_pass_rate,xgboost,156,0,0
star98_pass_rate,xgboost,157,0,0
star98_pass_rate,xgboost,158,0,0
star98_pass_rate,xgboost,159,0,0
star98_pass_rate,xgboost,160,1,0
star98_pass_rate,xgboost,161,0,0
star98_pass_rate,xgboost,162,1,0
star98_pass_rate,xgboost,163,0,0
star98_pass_rate,xgboost,164,0,0
star98_pass_rate,xgboost,165,1,0
star98_pass_rate,xgboost,166,0,0
star98_pass_rate,xgboost,167,0,0
star98_pass_rate,xgboost,168,0,0
star98_pass_rate,xgboost,169,0,0
star98_pass_rate,xgboost,170,0,0
star98_pass_rate,xgboost,171,0,0
star98_pass_rate,xgboost,172,0,0
star98_pass_rate,xgboost,173,0,0
star98_pass_rate,xgboost,174,1,0
star98_pass_rate,xgboost,175,1,0
star98_pass_rate,xgboost,176,1,0
star98_pass_rate,xgboost,177,1,0
star98_pass_rate,xgboost,178,1,0
star98_pass_rate,xgboost,179,1,0
star98_pass_rate,xgboost,180,1,0
star98_pass_rate,xgboost,181,1,0
star98_pass_rate,xgboost,182,1,0
star98_pass_rate,xgboost,183,1,0
star98_pass_rate,xgboost,184,1,0
star98_pass_rate,xgboost,185,1,0
star98_pass_rate,xgboost,186,1,0
star98_pass_rate,xgboost,187,1,0
star98_pass_rate,xgboost,188,0,0
star98_pass_rate,xgboost,189,0,0
star98_pass_rate,xgboost,190,1,0
star98_pass_rate,xgboost,191,0,0
star98_pass_rate,xgboost,192,0,0
star98_pass_rate,xgboost,193,0,0
star98_pass_rate,xgboost,194,0,0
star98_pass_rate,xgboost,195,1,0
star98_pass_rate,xgboost,196,0,0
star98_pass_rate,xgboost,197,0,0
star98_pass_rate,xgboost,198,1,0
star98_pass_rate,xgboost,199,0,0
star98_pass_rate,xgboost,200,1,0
star98_pass_rate,xgboost,201,1,0
star98_pass_rate,xgboost,202,0,0
star98_pass_rate,xgboost,203,1,0
star98_pass_rate,xgboost,204,1,0
star98_pass_rate,xgboost,205,1,0
star98_pass_rate,xgboost,206,0,0
star98_pass_rate,xgboost,207,1,0
star98_pass_rate,xgboost,208,1,0
star98_pass_rate,xgboost,209,0,0
star98_pass_rate,xgboost,210,1,0
star98_pass_rate,xgboost,211,1,0
star98_pass_rate,xgboost,212,0,0
star98_pass_rate,xgboost,213,1,0
star98_pass_rate,xgboost,214,0,0
star98_pass_rate,xgboost,215,1,0
star98_pass_rate,xgboost,216,1,0
star98_pass_rate,xgboost,217,0,0
star98_pass_rate,xgboost,218,0,0
star98_pass_rate,xgboost,219,0,0
star98_pass_rate,xgboost,220,1,0
star98_pass_rate,xgboost,221,1,0
star98_pass_rate,xgboost,222,0,0
star98_pass_rate,xgboost,223,0,0
star98_pass_rate,xgboost,224,0,0
star98_pass_rate,xgboost,225,0,0
star98_pass_rate,xgboost,226,1,0
star98_pass_rate,xgboost,227,1,0
star98_pass_rate,xgboost,228,0,0
star98_pass_rate,xgboost,229,1,0
star98_pass_rate,xgboost,230,0,0
star98_pass_rate,xgboost,231,1,0
star98_pass_rate,xgboost,232,0,0
star98_pass_rate,xgboost,233,0,0
star98_pass_rate,xgboost,234,1,0
star98_pass_rate,xgboost,235,0,0
star98_pass_rate,xgboost,236,0,0
star98_pass_rate,xgboost,237,0,0
star98_pass_rate,xgboost,238,1,0
star98_pass_rate,xgboost,239,0,0
star98_pass_rate,xgboost,240,0,0
star98_pass_rate,xgboost,241,0,0
star98_pass_rate,xgboost,242,0,0
star98_pass_rate,xgboost,243,0,0
star98_pass_rate,xgboost,244,0,0
star98_pass_rate,xgboost,245,0,0
star98_pass_rate,xgboost,246,0,0
star98_pass_rate,xgboost,247,1,0
star98_pass_rate,xgboost,248,0,0
star98_pass_rate,xgboost,249,0,0
star98_pass_rate,xgboost,250,1,0
star98_pass_rate,xgboost,251,0,0
star98_pass_rate,xgboost,252,0,0
star98_pass_rate,xgboost,253,1,0
star98_pass_rate,xgboost,254,1,0
star98_pass_rate,xgboost,255,0,0
star98_pass_rate,xgboost,256,1,0
star98_pass_rate,xgboost,257,0,0
star98_pass_rate,xgboost,258,1,0
star98_pass_rate,xgboost,259,1,0
star98_pass_rate,xgboost,260,0,0
star98_pass_rate,xgboost,261,0,0
star98_pass_rate,xgboost,262,1,0
star98_pass_rate,xgboost,263,0,0
star98_pass_rate,xgboost,264,0,0
star98_pass_rate,xgboost,265,0,0
star98_pass_rate,xgboost,266,1,0
star98_pass_rate,xgboost,267,0,0
star98_pass_rate,xgboost,268,0,0
star98_pass_rate,xgboost,269,0,0
star98_pass_rate,xgboost,270,0,0
star98_pass_rate,xgboost,271,0,0
star98_pass_rate,xgboost,272,1,0
star98_pass_rate,xgboost,273,1,0
star98_pass_rate,xgboost,274,1,0
star98_pass_rate,xgboost,275,1,0
star98_pass_rate,xgboost,276,1,0
star98_pass_rate,xgboost,277,1,0
star98_pass_rate,xgboost,278,1,0
star98_pass_rate,xgboost,279,1,0
star98_pass_rate,xgboost,280,0,0
star98_pass_rate,xgboost,281,1,0
star98_pass_rate,xgboost,282,1,0
star98_pass_rate,xgboost,283,1,0
star98_pass_rate,xgboost,284,1,0
star98_pass_rate,xgboost,285,1,0
star98_pass_rate,xgboost,286,1,0
star98_pass_rate,xgboost,287,1,0
star98_pass_rate,xgboost,288,0,0
star98_pass_rate,xgboost,289,1,0
star98_pass_rate,xgboost,290,0,0
star98_pass_rate,xgboost,291,0,0
star98_pass_rate,xgboost,292,0,0
star98_pass_rate,xgboost,293,0,0
star98_pass_rate,xgboost,294,0,0
star98_pass_rate,xgboost,295,0,0
star98_pass_rate,xgboost,296,0,0
star98_pass_rate,xgboost,297,1,0
star98_pass_rate,xgboost,298,1,0
star98_pass_rate,xgboost,299,1,0
star98_pass_rate,xgboost,300,1,0
star98_pass_rate,xgboost,301,1,0
star98_pass_rate,xgboost,302,0,0
