counterfactual_accuracy,participantId,trialId,block,trialWithinBlock,withinCondition,xai_type,dataId,instanceId,phase,phaseTrialId,shown_xai_type,tested_w_xai,step,condition_name,explanation_type,selected_strategy,ai_prediction,agent_prediction,cognitive_correct_vs_ai,prob_correct,pred_time
1,1,1,1,1,single_condition,decision_tree,wine_quality,7,training,1,decision_tree,,0,decision_tree,dt,dt_traversal,1,1,True,0.8125,15.931322408342053
0,1,2,1,2,single_condition,decision_tree,wine_quality,3,training,2,decision_tree,,1,decision_tree,dt,dt_traversal,1,0,False,0.1875,15.931322408342053
1,1,3,1,3,single_condition,decision_tree,wine_quality,2,training,3,decision_tree,,2,decision_tree,dt,dt_traversal,0,0,True,0.8125,12.552183725893588
1,1,4,1,4,single_condition,decision_tree,wine_quality,8,training,4,decision_tree,,3,decision_tree,dt,dt_traversal,1,1,True,0.9375,15.931322408342053
1,1,5,1,5,single_condition,decision_tree,wine_quality,5,training,5,decision_tree,,4,decision_tree,dt,dt_traversal,1,1,True,0.9375,15.931322408342053
1,1,6,1,6,single_condition,decision_tree,wine_quality,6,training,6,decision_tree,,5,decision_tree,dt,dt_traversal,0,0,True,0.9375,23.086559089669713
1,1,7,1,7,single_condition,decision_tree,wine_quality,9,training,7,decision_tree,,6,decision_tree,dt,dt_traversal,1,1,True,1.0,23.086559089669713
1,1,8,1,8,single_condition,decision_tree,wine_quality,4,training,8,decision_tree,,7,decision_tree,dt,dt_traversal,0,0,True,0.9375,23.086559089669713
0,1,9,1,9,single_condition,decision_tree,wine_quality,0,training,9,decision_tree,,8,decision_tree,dt,dt_traversal,1,0,False,0.125,23.086559089669713
1,1,10,1,10,single_condition,decision_tree,wine_quality,1,training,10,decision_tree,,9,decision_tree,dt,dt_traversal,0,0,True,0.875,15.931322408342053
0,1,11,1,1,single_condition,decision_tree,wine_quality,24,testing,1,decision_tree,False,10,decision_tree,none,dt_traversal,1,0,False,0.5,3.981795931473396
1,1,12,1,2,single_condition,decision_tree,wine_quality,18,testing,2,decision_tree,True,11,decision_tree,dt,dt_traversal,1,1,True,0.9375,23.086559089669713
1,1,13,1,3,single_condition,decision_tree,wine_quality,13,testing,3,decision_tree,False,12,decision_tree,none,dt_traversal,0,0,True,0.53125,5.252313155775921
1,1,14,1,4,single_condition,decision_tree,wine_quality,21,testing,4,decision_tree,True,13,decision_tree,dt,dt_traversal,0,0,True,0.875,15.931322408342053
1,1,15,1,5,single_condition,decision_tree,wine_quality,20,testing,5,decision_tree,True,14,decision_tree,dt,dt_traversal,1,1,True,0.875,28.003279544834864
0,1,16,1,6,single_condition,decision_tree,wine_quality,26,testing,6,decision_tree,False,15,decision_tree,none,dt_traversal,1,0,False,0.4375,6.946336121512618
0,1,17,1,7,single_condition,decision_tree,wine_quality,11,testing,7,decision_tree,False,16,decision_tree,none,dt_traversal,1,0,False,0.5,5.3964687999814
0,1,18,1,8,single_condition,decision_tree,wine_quality,22,testing,8,decision_tree,False,17,decision_tree,none,dt_traversal,1,0,False,0.5,6.234901507667985
1,1,19,1,9,single_condition,decision_tree,wine_quality,15,testing,9,decision_tree,True,18,decision_tree,dt,dt_traversal,1,1,True,0.875,12.552183725893588
1,1,20,1,10,single_condition,decision_tree,wine_quality,28,testing,10,decision_tree,False,19,decision_tree,none,dt_traversal,1,1,True,0.5625,7.902557414341746
1,1,21,1,11,single_condition,decision_tree,wine_quality,12,testing,11,decision_tree,False,20,decision_tree,none,dt_traversal,1,1,True,0.625,7.507084215354572
1,1,22,1,12,single_condition,decision_tree,wine_quality,10,testing,12,decision_tree,False,21,decision_tree,none,dt_traversal,1,1,True,0.5625,5.358889476903047
1,1,23,1,13,single_condition,decision_tree,wine_quality,14,testing,13,decision_tree,True,22,decision_tree,dt,dt_traversal,0,0,True,0.9375,15.931322408342053
1,1,24,1,14,single_condition,decision_tree,wine_quality,19,testing,14,decision_tree,False,23,decision_tree,none,dt_traversal,0,0,True,0.59375,7.16508612151262
1,1,25,1,15,single_condition,decision_tree,wine_quality,25,testing,15,decision_tree,True,24,decision_tree,dt,dt_traversal,0,0,True,1.0,23.086559089669713
0,1,26,1,16,single_condition,decision_tree,wine_quality,17,testing,16,decision_tree,False,25,decision_tree,none,dt_traversal,0,1,False,0.40625,3.8155360922948156
1,1,27,1,17,single_condition,decision_tree,wine_quality,23,testing,17,decision_tree,True,26,decision_tree,dt,dt_traversal,0,0,True,1.0,23.086559089669713
1,1,28,1,18,single_condition,decision_tree,wine_quality,29,testing,18,decision_tree,True,27,decision_tree,dt,dt_traversal,0,0,True,0.9375,19.504819105182325
1,1,29,1,19,single_condition,decision_tree,wine_quality,16,testing,19,decision_tree,True,28,decision_tree,dt,dt_traversal,0,0,True,0.875,23.086559089669713
1,1,30,1,20,single_condition,decision_tree,wine_quality,27,testing,20,decision_tree,True,29,decision_tree,dt,dt_traversal,1,1,True,1.0,23.086559089669713
1,2,1,1,1,single_condition,logistic_regression,wine_quality,3,training,1,logistic_regression,,0,linear_regression,lr,lr_heuristic,1,1,True,0.7538039590518599,4.69560090967677
1,2,2,1,2,single_condition,logistic_regression,wine_quality,5,training,2,logistic_regression,,1,linear_regression,lr,lr_heuristic,1,1,True,0.9367514988784417,4.636419976552876
0,2,3,1,3,single_condition,logistic_regression,wine_quality,2,training,3,logistic_regression,,2,linear_regression,lr,lr_heuristic,0,1,False,0.438520332146362,3.0902069717518708
0,2,4,1,4,single_condition,logistic_regression,wine_quality,4,training,4,logistic_regression,,3,linear_regression,lr,lr_heuristic,0,1,False,0.4577650313573294,3.2341951277768914
0,2,5,1,5,single_condition,logistic_regression,wine_quality,1,training,5,logistic_regression,,4,linear_regression,lr,lr_heuristic,0,1,False,0.32426433755420514,4.712939360391278
0,2,6,1,6,single_condition,logistic_regression,wine_quality,8,training,6,logistic_regression,,5,linear_regression,lr,lr_heuristic,1,0,False,0.3751442881725262,3.4108065897248374
1,2,7,1,7,single_condition,logistic_regression,wine_quality,7,training,7,logistic_regression,,6,linear_regression,lr,lr_heuristic,1,1,True,0.5271826587128328,3.4286770937802036
1,2,8,1,8,single_condition,logistic_regression,wine_quality,0,training,8,logistic_regression,,7,linear_regression,lr,lr_heuristic,1,1,True,0.6968043972868778,3.482966393794393
0,2,9,1,9,single_condition,logistic_regression,wine_quality,6,training,9,logistic_regression,,8,linear_regression,lr,lr_heuristic,0,1,False,0.18313751333547335,3.3174997077796236
1,2,10,1,10,single_condition,logistic_regression,wine_quality,9,training,10,logistic_regression,,9,linear_regression,lr,lr_heuristic,1,1,True,0.6531451578903703,4.873416987228682
1,2,11,1,1,single_condition,logistic_regression,wine_quality,20,testing,1,logistic_regression,True,10,linear_regression,lr,lr_heuristic,1,1,True,0.7341892015554847,3.3293065495801617
1,2,12,1,2,single_condition,logistic_regression,wine_quality,10,testing,2,logistic_regression,True,11,linear_regression,lr,lr_heuristic,1,1,True,0.8959251691586511,3.351059185565199
1,2,13,1,3,single_condition,logistic_regression,wine_quality,24,testing,3,logistic_regression,False,12,linear_regression,none,lr_heuristic,1,1,True,0.8655859034072326,3.216824064378536
1,2,14,1,4,single_condition,logistic_regression,wine_quality,18,testing,4,logistic_regression,True,13,linear_regression,lr,lr_heuristic,1,1,True,0.9250361382994396,4.714713978325053
1,2,15,1,5,single_condition,logistic_regression,wine_quality,22,testing,5,logistic_regression,False,14,linear_regression,none,lr_calculation,1,1,True,0.6727050621251613,5.763217850761008
1,2,16,1,6,single_condition,logistic_regression,wine_quality,21,testing,6,logistic_regression,True,15,linear_regression,lr,lr_calculation,0,0,True,0.5085269865019568,4.9398603869335425
1,2,17,1,7,single_condition,logistic_regression,wine_quality,26,testing,7,logistic_regression,False,16,linear_regression,none,lr_heuristic,1,1,True,0.9741193450752772,4.662859542748762
1,2,18,1,8,single_condition,logistic_regression,wine_quality,25,testing,8,logistic_regression,True,17,linear_regression,lr,lr_heuristic,0,0,True,0.5992733642299575,3.1757716642576934
0,2,19,1,9,single_condition,logistic_regression,wine_quality,15,testing,9,logistic_regression,False,18,linear_regression,none,lr_calculation,1,0,False,0.5,5.935379872565292
1,2,20,1,10,single_condition,logistic_regression,wine_quality,27,testing,10,logistic_regression,False,19,linear_regression,none,lr_calculation,1,1,True,0.6404821233089841,5.899033920717807
0,2,21,1,11,single_condition,logistic_regression,wine_quality,14,testing,11,logistic_regression,True,20,linear_regression,lr,lr_heuristic,0,1,False,0.26514435443713114,4.822911357603359
1,2,22,1,12,single_condition,logistic_regression,wine_quality,16,testing,12,logistic_regression,False,21,linear_regression,none,lr_heuristic,0,0,True,0.7622895440393814,3.3278719631634686
1,2,23,1,13,single_condition,logistic_regression,wine_quality,28,testing,13,logistic_regression,False,22,linear_regression,none,lr_calculation,1,1,True,0.6590535525820611,5.886009924149986
1,2,24,1,14,single_condition,logistic_regression,wine_quality,13,testing,14,logistic_regression,True,23,linear_regression,lr,lr_calculation,0,0,True,0.5,4.9399999999999995
1,2,25,1,15,single_condition,logistic_regression,wine_quality,23,testing,15,logistic_regression,False,24,linear_regression,none,lr_heuristic,0,0,True,0.8779424923190181,3.352252060982179
0,2,26,1,16,single_condition,logistic_regression,wine_quality,29,testing,16,logistic_regression,True,25,linear_regression,lr,lr_heuristic,0,1,False,0.42162815623385064,3.600053436354069
1,2,27,1,17,single_condition,logistic_regression,wine_quality,19,testing,17,logistic_regression,True,26,linear_regression,lr,lr_calculation,0,0,True,0.5,4.9399999999999995
0,2,28,1,18,single_condition,logistic_regression,wine_quality,17,testing,18,logistic_regression,False,27,linear_regression,none,lr_calculation,0,1,False,0.41800270540038653,5.799126161888337
0,2,29,1,19,single_condition,logistic_regression,wine_quality,11,testing,19,logistic_regression,False,28,linear_regression,none,lr_heuristic,1,0,False,0.478095050814314,3.4961614198910986
1,2,30,1,20,single_condition,logistic_regression,wine_quality,12,testing,20,logistic_regression,True,29,linear_regression,lr,lr_heuristic,1,1,True,0.8188713707546601,4.992583966862696
0,3,1,1,1,single_condition,hybrid,wine_quality,7,training,1,logistic_regression,,0,hybrid,lr,dt_traversal,1,0,False,0.5,10.677461661492682
1,3,2,1,2,single_condition,hybrid,wine_quality,5,training,2,logistic_regression,,1,hybrid,lr,dt_traversal,1,1,True,0.625,13.552183725893588
0,3,3,1,3,single_condition,hybrid,wine_quality,0,training,3,decision_tree,,2,hybrid,dt,dt_traversal,1,0,False,0.25,12.552183725893588
0,3,4,1,4,single_condition,hybrid,wine_quality,2,training,4,decision_tree,,3,hybrid,dt,lr_heuristic,0,1,False,0.3155609704276361,3.0902064904390776
1,3,5,1,5,single_condition,hybrid,wine_quality,4,training,5,logistic_regression,,4,hybrid,lr,dt_traversal,0,0,True,0.5625,7.173413538432925
1,3,6,1,6,single_condition,hybrid,wine_quality,9,training,6,decision_tree,,5,hybrid,dt,dt_traversal,1,1,True,0.9375,23.086559089669713
1,3,7,1,7,single_condition,hybrid,wine_quality,1,training,7,logistic_regression,,6,hybrid,lr,dt_traversal,0,0,True,0.5,9.81712631155184
1,3,8,1,8,single_condition,hybrid,wine_quality,6,training,8,decision_tree,,7,hybrid,dt,dt_traversal,0,0,True,0.9375,15.931322408342053
0,3,9,1,9,single_condition,hybrid,wine_quality,3,training,9,decision_tree,,8,hybrid,dt,dt_traversal,1,0,False,0.25,23.086559089669713
1,3,10,1,10,single_condition,hybrid,wine_quality,8,training,10,logistic_regression,,9,hybrid,lr,dt_traversal,1,1,True,0.75,11.653405018722712
1,3,11,1,1,single_condition,hybrid,wine_quality,19,testing,1,logistic_regression,False,10,hybrid,none,dt_traversal,0,0,True,0.75,10.240632052986014
1,3,12,1,2,single_condition,hybrid,wine_quality,10,testing,2,logistic_regression,False,11,hybrid,none,dt_traversal,1,1,True,0.625,8.97011482868349
0,3,13,1,3,single_condition,hybrid,wine_quality,11,testing,3,decision_tree,False,12,hybrid,none,dt_traversal,1,0,False,0.46875,8.38856315577592
1,3,14,1,4,single_condition,hybrid,wine_quality,24,testing,4,logistic_regression,True,13,hybrid,lr,dt_traversal,1,1,True,0.71875,10.900143535854365
1,3,15,1,5,single_condition,hybrid,wine_quality,18,testing,5,decision_tree,True,14,hybrid,dt,dt_traversal,1,1,True,0.875,12.552183725893588
0,3,16,1,6,single_condition,hybrid,wine_quality,22,testing,6,logistic_regression,False,15,hybrid,none,dt_traversal,1,0,False,0.40625,7.008836121512617
1,3,17,1,7,single_condition,hybrid,wine_quality,15,testing,7,logistic_regression,True,16,hybrid,lr,dt_traversal,1,1,True,0.59375,5.358889476903046
1,3,18,1,8,single_condition,hybrid,wine_quality,23,testing,8,decision_tree,True,17,hybrid,dt,dt_traversal,0,0,True,0.875,15.931322408342053
1,3,19,1,9,single_condition,hybrid,wine_quality,13,testing,9,logistic_regression,False,18,hybrid,none,dt_traversal,0,0,True,0.625,7.430086121512619
1,3,20,1,10,single_condition,hybrid,wine_quality,21,testing,10,decision_tree,True,19,hybrid,dt,dt_traversal,0,0,True,1.0,23.086559089669713
1,3,21,1,11,single_condition,hybrid,wine_quality,14,testing,11,decision_tree,True,20,hybrid,dt,dt_traversal,0,0,True,1.0,23.086559089669713
1,3,22,1,12,single_condition,hybrid,wine_quality,12,testing,12,logistic_regression,False,21,hybrid,none,dt_traversal,1,1,True,0.53125,5.471063155775921
1,3,23,1,13,single_condition,hybrid,wine_quality,17,testing,13,decision_tree,True,22,hybrid,dt,dt_traversal,0,0,True,1.0,23.086559089669713
1,3,24,1,14,single_condition,hybrid,wine_quality,27,testing,14,decision_tree,True,23,hybrid,dt,dt_traversal,1,1,True,0.6875,12.552183725893588
1,3,25,1,15,single_condition,hybrid,wine_quality,26,testing,15,logistic_regression,False,24,hybrid,none,dt_traversal,1,1,True,0.53125,5.894568897210095
1,3,26,1,16,single_condition,hybrid,wine_quality,25,testing,16,decision_tree,False,25,hybrid,none,dt_traversal,0,0,True,0.5,5.4213894769030455
1,3,27,1,17,single_condition,hybrid,wine_quality,29,testing,17,decision_tree,True,26,hybrid,dt,dt_traversal,0,0,True,0.875,15.931322408342053
1,3,28,1,18,single_condition,hybrid,wine_quality,20,testing,18,logistic_regression,False,27,hybrid,none,dt_traversal,1,1,True,0.5625,6.2157614828683485
1,3,29,1,19,single_condition,hybrid,wine_quality,28,testing,19,logistic_regression,True,28,hybrid,lr,dt_traversal,1,1,True,0.59375,5.502877446138108
0,3,30,1,20,single_condition,hybrid,wine_quality,16,testing,20,decision_tree,False,29,hybrid,none,dt_traversal,0,1,False,0.4375,5.755060153824692
1,4,1,1,1,single_condition,decision_tree,wine_quality,7,training,1,decision_tree,,0,decision_tree,dt,dt_traversal,1,1,True,0.8125,15.931322408342053
1,4,2,1,2,single_condition,decision_tree,wine_quality,8,training,2,decision_tree,,1,decision_tree,dt,dt_traversal,1,1,True,0.75,15.931322408342053
0,4,3,1,3,single_condition,decision_tree,wine_quality,3,training,3,decision_tree,,2,decision_tree,dt,dt_traversal,1,0,False,0.1875,12.552183725893588
0,4,4,1,4,single_condition,decision_tree,wine_quality,0,training,4,decision_tree,,3,decision_tree,dt,dt_traversal,1,0,False,0.25,15.931322408342053
1,4,5,1,5,single_condition,decision_tree,wine_quality,2,training,5,decision_tree,,4,decision_tree,dt,dt_traversal,0,0,True,0.9375,15.931322408342053
0,4,6,1,6,single_condition,decision_tree,wine_quality,9,training,6,decision_tree,,5,decision_tree,dt,dt_traversal,1,0,False,0.5,12.552183725893588
1,4,7,1,7,single_condition,decision_tree,wine_quality,1,training,7,decision_tree,,6,decision_tree,dt,dt_traversal,0,0,True,0.9375,23.086559089669713
1,4,8,1,8,single_condition,decision_tree,wine_quality,4,training,8,decision_tree,,7,decision_tree,dt,dt_traversal,0,0,True,0.875,12.552183725893588
1,4,9,1,9,single_condition,decision_tree,wine_quality,5,training,9,decision_tree,,8,decision_tree,dt,dt_traversal,1,1,True,1.0,23.086559089669713
1,4,10,1,10,single_condition,decision_tree,wine_quality,6,training,10,decision_tree,,9,decision_tree,dt,dt_traversal,0,0,True,1.0,23.086559089669713
1,4,11,1,1,single_condition,decision_tree,wine_quality,23,testing,1,decision_tree,True,10,decision_tree,dt,dt_traversal,0,0,True,1.0,23.086559089669713
1,4,12,1,2,single_condition,decision_tree,wine_quality,25,testing,2,decision_tree,True,11,decision_tree,dt,dt_traversal,0,0,True,0.9375,23.086559089669713
1,4,13,1,3,single_condition,decision_tree,wine_quality,15,testing,3,decision_tree,True,12,decision_tree,dt,dt_traversal,1,1,True,0.9375,23.086559089669713
0,4,14,1,4,single_condition,decision_tree,wine_quality,11,testing,4,decision_tree,False,13,decision_tree,none,dt_traversal,1,0,False,0.46875,2.709022965736698
1,4,15,1,5,single_condition,decision_tree,wine_quality,21,testing,5,decision_tree,True,14,decision_tree,dt,dt_traversal,0,0,True,0.8125,15.931322408342053
0,4,16,1,6,single_condition,decision_tree,wine_quality,26,testing,6,decision_tree,False,15,decision_tree,none,dt_traversal,1,0,False,0.4375,3.7145401900392216
1,4,17,1,7,single_condition,decision_tree,wine_quality,19,testing,7,decision_tree,True,16,decision_tree,dt,dt_traversal,0,0,True,1.0,12.552183725893588
0,4,18,1,8,single_condition,decision_tree,wine_quality,22,testing,8,decision_tree,True,17,decision_tree,dt,dt_traversal,1,0,False,0.1875,23.086559089669713
1,4,19,1,9,single_condition,decision_tree,wine_quality,28,testing,9,decision_tree,False,18,decision_tree,none,dt_traversal,1,1,True,0.53125,5.016307414341746
1,4,20,1,10,single_condition,decision_tree,wine_quality,24,testing,10,decision_tree,True,19,decision_tree,dt,dt_traversal,1,1,True,0.6875,15.931322408342053
0,4,21,1,11,single_condition,decision_tree,wine_quality,10,testing,11,decision_tree,False,20,decision_tree,none,dt_traversal,1,0,False,0.40625,9.69212631155184
1,4,22,1,12,single_condition,decision_tree,wine_quality,17,testing,12,decision_tree,False,21,decision_tree,none,dt_traversal,0,0,True,0.5625,7.762097604380967
0,4,23,1,13,single_condition,decision_tree,wine_quality,12,testing,13,decision_tree,False,22,decision_tree,none,dt_traversal,1,0,False,0.46875,6.203651507667986
1,4,24,1,14,single_condition,decision_tree,wine_quality,16,testing,14,decision_tree,False,23,decision_tree,none,dt_traversal,0,0,True,0.5625,8.669353345815143
1,4,25,1,15,single_condition,decision_tree,wine_quality,14,testing,15,decision_tree,False,24,decision_tree,none,dt_traversal,0,0,True,0.65625,5.661310153824693
1,4,26,1,16,single_condition,decision_tree,wine_quality,29,testing,16,decision_tree,True,25,decision_tree,dt,dt_traversal,0,0,True,0.875,15.931322408342053
1,4,27,1,17,single_condition,decision_tree,wine_quality,20,testing,17,decision_tree,True,26,decision_tree,dt,dt_traversal,1,1,True,0.9375,28.003279544834864
1,4,28,1,18,single_condition,decision_tree,wine_quality,18,testing,18,decision_tree,False,27,decision_tree,none,dt_traversal,1,1,True,0.53125,5.327639476903046
1,4,29,1,19,single_condition,decision_tree,wine_quality,27,testing,19,decision_tree,False,28,decision_tree,none,dt_traversal,1,1,True,0.59375,4.993968799981401
1,4,30,1,20,single_condition,decision_tree,wine_quality,13,testing,20,decision_tree,True,29,decision_tree,dt,dt_traversal,0,0,True,0.875,19.504819105182325
1,5,1,1,1,single_condition,logistic_regression,wine_quality,9,training,1,logistic_regression,,0,linear_regression,lr,lr_heuristic,1,1,True,0.7317078167430505,4.675197116507526
0,5,2,1,2,single_condition,logistic_regression,wine_quality,6,training,2,logistic_regression,,1,linear_regression,lr,lr_heuristic,0,1,False,0.19014810718579223,4.6445417397572335
1,5,3,1,3,single_condition,logistic_regression,wine_quality,7,training,3,logistic_regression,,2,linear_regression,lr,lr_heuristic,1,1,True,0.6885827397292078,3.340743975504825
1,5,4,1,4,single_condition,logistic_regression,wine_quality,3,training,4,logistic_regression,,3,linear_regression,lr,lr_heuristic,1,1,True,0.6188248246795329,3.2517366771154608
0,5,5,1,5,single_condition,logistic_regression,wine_quality,0,training,5,logistic_regression,,4,linear_regression,lr,lr_heuristic,1,0,False,0.4456444525564889,3.274379312003761
0,5,6,1,6,single_condition,logistic_regression,wine_quality,2,training,6,logistic_regression,,5,linear_regression,lr,lr_heuristic,0,1,False,0.19260151704746764,3.090207521576115
0,5,7,1,7,single_condition,logistic_regression,wine_quality,4,training,7,logistic_regression,,6,linear_regression,lr,lr_heuristic,0,1,False,0.47182184778991987,3.199073328270107
0,5,8,1,8,single_condition,logistic_regression,wine_quality,8,training,8,logistic_regression,,7,linear_regression,lr,lr_heuristic,1,0,False,0.34124847611000086,3.3283244005272543
1,5,9,1,9,single_condition,logistic_regression,wine_quality,5,training,9,logistic_regression,,8,linear_regression,lr,lr_heuristic,1,1,True,0.8663858110226714,3.263509844301428
0,5,10,1,10,single_condition,logistic_regression,wine_quality,1,training,10,logistic_regression,,9,linear_regression,lr,lr_heuristic,0,1,False,0.35110344294276263,3.191138530887222
1,5,11,1,1,single_condition,logistic_regression,wine_quality,10,testing,1,logistic_regression,False,10,linear_regression,none,lr_heuristic,1,1,True,0.7179894970986106,3.3382177269614464
1,5,12,1,2,single_condition,logistic_regression,wine_quality,11,testing,2,logistic_regression,True,11,linear_regression,lr,lr_heuristic,1,1,True,0.8192675085632712,3.1978985996298346
0,5,13,1,3,single_condition,logistic_regression,wine_quality,17,testing,3,logistic_regression,True,12,linear_regression,lr,lr_heuristic,0,1,False,0.16175456408788758,4.7607111168963785
1,5,14,1,4,single_condition,logistic_regression,wine_quality,21,testing,4,logistic_regression,False,13,linear_regression,none,lr_calculation,0,0,True,0.5159919455175338,5.831079218344965
1,5,15,1,5,single_condition,logistic_regression,wine_quality,12,testing,5,logistic_regression,False,14,linear_regression,none,lr_calculation,1,1,True,0.6229021609172386,5.8336960980614725
1,5,16,1,6,single_condition,logistic_regression,wine_quality,26,testing,6,logistic_regression,True,15,linear_regression,lr,lr_heuristic,1,1,True,0.9141307273311694,3.2540822201721085
1,5,17,1,7,single_condition,logistic_regression,wine_quality,22,testing,7,logistic_regression,False,16,linear_regression,none,lr_heuristic,1,1,True,0.8346072509926179,3.4059590577344925
1,5,18,1,8,single_condition,logistic_regression,wine_quality,29,testing,8,logistic_regression,True,17,linear_regression,lr,lr_calculation,0,0,True,0.7010774010158042,6.858705005657374
1,5,19,1,9,single_condition,logistic_regression,wine_quality,20,testing,9,logistic_regression,False,18,linear_regression,none,lr_calculation,1,1,True,0.603017255083485,5.8939794786215245
1,5,20,1,10,single_condition,logistic_regression,wine_quality,24,testing,10,logistic_regression,True,19,linear_regression,lr,lr_heuristic,1,1,True,0.8266273444794596,3.32161357396426
0,5,21,1,11,single_condition,logistic_regression,wine_quality,13,testing,11,logistic_regression,True,20,linear_regression,lr,lr_heuristic,0,1,False,0.3457002220116615,3.479642814021524
1,5,22,1,12,single_condition,logistic_regression,wine_quality,16,testing,12,logistic_regression,False,21,linear_regression,none,lr_calculation,0,0,True,0.571610746538803,5.880373213512069
1,5,23,1,13,single_condition,logistic_regression,wine_quality,19,testing,13,logistic_regression,True,22,linear_regression,lr,lr_calculation,0,0,True,0.5,4.9399999999999995
1,5,24,1,14,single_condition,logistic_regression,wine_quality,23,testing,14,logistic_regression,False,23,linear_regression,none,lr_heuristic,0,0,True,0.7990559133867949,3.2426545783967917
1,5,25,1,15,single_condition,logistic_regression,wine_quality,28,testing,15,logistic_regression,True,24,linear_regression,lr,lr_heuristic,1,1,True,0.80969728999318,3.4590595972868896
1,5,26,1,16,single_condition,logistic_regression,wine_quality,18,testing,16,logistic_regression,False,25,linear_regression,none,lr_calculation,1,1,True,0.6357690325065988,5.820305946211727
0,5,27,1,17,single_condition,logistic_regression,wine_quality,15,testing,17,logistic_regression,True,26,linear_regression,lr,lr_calculation,1,0,False,0.5,4.9399999999999995
1,5,28,1,18,single_condition,logistic_regression,wine_quality,27,testing,18,logistic_regression,False,27,linear_regression,none,lr_heuristic,1,1,True,0.8224357010214818,3.39510176623386
1,5,29,1,19,single_condition,logistic_regression,wine_quality,25,testing,19,logistic_regression,False,28,linear_regression,none,lr_heuristic,0,0,True,0.6129211996368398,3.350694659818483
1,5,30,1,20,single_condition,logistic_regression,wine_quality,14,testing,20,logistic_regression,True,29,linear_regression,lr,lr_calculation,0,0,True,0.7429971593323715,6.818440971665233
1,6,1,1,1,single_condition,hybrid,wine_quality,8,training,1,logistic_regression,,0,hybrid,lr,dt_traversal,1,1,True,0.625,10.677461661492682
0,6,2,1,2,single_condition,hybrid,wine_quality,0,training,2,decision_tree,,1,hybrid,dt,dt_traversal,1,0,False,0.3125,15.931322408342053
0,6,3,1,3,single_condition,hybrid,wine_quality,3,training,3,logistic_regression,,2,hybrid,lr,dt_traversal,1,0,False,0.375,11.198649277288538
0,6,4,1,4,single_condition,hybrid,wine_quality,2,training,4,decision_tree,,3,hybrid,dt,lr_heuristic,0,1,False,0.19260162610625176,3.0902069722794767
1,6,5,1,5,single_condition,hybrid,wine_quality,7,training,5,decision_tree,,4,hybrid,dt,dt_traversal,1,1,True,0.875,15.931322408342053
1,6,6,1,6,single_condition,hybrid,wine_quality,5,training,6,logistic_regression,,5,hybrid,lr,dt_traversal,1,1,True,0.59375,10.837643535854365
1,6,7,1,7,single_condition,hybrid,wine_quality,9,training,7,logistic_regression,,6,hybrid,lr,dt_traversal,1,1,True,0.625,9.268620570117665
1,6,8,1,8,single_condition,hybrid,wine_quality,4,training,8,decision_tree,,7,hybrid,dt,dt_traversal,0,0,True,0.5625,15.931322408342053
1,6,9,1,9,single_condition,hybrid,wine_quality,1,training,9,logistic_regression,,8,hybrid,lr,dt_traversal,0,0,True,0.59375,10.115632052986015
1,6,10,1,10,single_condition,hybrid,wine_quality,6,training,10,decision_tree,,9,hybrid,dt,dt_traversal,0,0,True,0.8125,12.552183725893588
1,6,11,1,1,single_condition,hybrid,wine_quality,14,testing,1,logistic_regression,False,10,hybrid,none,dt_traversal,0,0,True,0.625,11.386149277288538
1,6,12,1,2,single_condition,hybrid,wine_quality,24,testing,2,decision_tree,False,11,hybrid,none,lr_calculation,1,1,True,0.6920019184429631,5.793018952306041
1,6,13,1,3,single_condition,hybrid,wine_quality,10,testing,3,logistic_regression,True,12,hybrid,lr,lr_calculation,1,1,True,0.6489841746708832,4.896324323013801
1,6,14,1,4,single_condition,hybrid,wine_quality,11,testing,4,decision_tree,False,13,hybrid,none,lr_calculation,1,1,True,0.5742729748326212,5.847191487678864
1,6,15,1,5,single_condition,hybrid,wine_quality,15,testing,5,logistic_regression,False,14,hybrid,none,lr_calculation,1,1,True,0.5582635639818999,5.852083791101197
1,6,16,1,6,single_condition,hybrid,wine_quality,21,testing,6,logistic_regression,True,15,hybrid,lr,lr_calculation,0,0,True,0.7457354510087214,6.815466459273007
1,6,17,1,7,single_condition,hybrid,wine_quality,16,testing,7,decision_tree,True,16,hybrid,dt,lr_heuristic,0,0,True,0.6838781853516431,3.444709134029716
1,6,18,1,8,single_condition,hybrid,wine_quality,22,testing,8,decision_tree,True,17,hybrid,dt,lr_heuristic,1,1,True,0.8065371565140914,3.3808039058300383
1,6,19,1,9,single_condition,hybrid,wine_quality,23,testing,9,decision_tree,False,18,hybrid,none,lr_calculation,0,0,True,0.5434956453906491,5.934128297245045
0,6,20,1,10,single_condition,hybrid,wine_quality,19,testing,10,decision_tree,False,19,hybrid,none,lr_calculation,0,1,False,0.4870997389046342,5.93463200541354
1,6,21,1,11,single_condition,hybrid,wine_quality,28,testing,11,decision_tree,False,20,hybrid,none,lr_calculation,1,1,True,0.6681324953829701,5.862566134561652
1,6,22,1,12,single_condition,hybrid,wine_quality,25,testing,12,logistic_regression,False,21,hybrid,none,lr_calculation,0,0,True,0.5522695261258133,5.934738986343357
1,6,23,1,13,single_condition,hybrid,wine_quality,13,testing,13,decision_tree,True,22,hybrid,dt,lr_heuristic,0,0,True,0.5321498195164928,3.3652812283536684
1,6,24,1,14,single_condition,hybrid,wine_quality,27,testing,14,logistic_regression,True,23,hybrid,lr,lr_heuristic,1,1,True,0.6331111882392936,5.04163990934887
0,6,25,1,15,single_condition,hybrid,wine_quality,29,testing,15,logistic_regression,True,24,hybrid,lr,lr_calculation,0,1,False,0.41997331417347583,4.92761865647931
1,6,26,1,16,single_condition,hybrid,wine_quality,18,testing,16,logistic_regression,False,25,hybrid,none,lr_calculation,1,1,True,0.6424438956920453,5.89238312897456
1,6,27,1,17,single_condition,hybrid,wine_quality,17,testing,17,decision_tree,True,26,hybrid,dt,lr_heuristic,0,0,True,0.7385831492510229,3.5384347473106907
1,6,28,1,18,single_condition,hybrid,wine_quality,26,testing,18,decision_tree,False,27,hybrid,none,lr_heuristic,1,1,True,0.7971612892873825,3.52244391973466
0,6,29,1,19,single_condition,hybrid,wine_quality,12,testing,19,logistic_regression,True,28,hybrid,lr,dt_traversal,1,0,False,0.5,5.265139476903046
0,6,30,1,20,single_condition,hybrid,wine_quality,20,testing,20,logistic_regression,True,29,hybrid,lr,dt_traversal,1,0,False,0.5,5.282341353843291
1,7,1,1,1,single_condition,decision_tree,wine_quality,5,training,1,decision_tree,,0,decision_tree,dt,dt_traversal,1,1,True,0.875,15.931322408342053
0,7,2,1,2,single_condition,decision_tree,wine_quality,7,training,2,decision_tree,,1,decision_tree,dt,dt_traversal,1,0,False,0.5,15.931322408342053
1,7,3,1,3,single_condition,decision_tree,wine_quality,4,training,3,decision_tree,,2,decision_tree,dt,dt_traversal,0,0,True,0.8125,12.552183725893588
1,7,4,1,4,single_condition,decision_tree,wine_quality,9,training,4,decision_tree,,3,decision_tree,dt,dt_traversal,1,1,True,0.75,15.931322408342053
1,7,5,1,5,single_condition,decision_tree,wine_quality,8,training,5,decision_tree,,4,decision_tree,dt,dt_traversal,1,1,True,0.9375,15.931322408342053
1,7,6,1,6,single_condition,decision_tree,wine_quality,2,training,6,decision_tree,,5,decision_tree,dt,dt_traversal,0,0,True,0.875,23.086559089669713
1,7,7,1,7,single_condition,decision_tree,wine_quality,6,training,7,decision_tree,,6,decision_tree,dt,dt_traversal,0,0,True,0.9375,23.086559089669713
0,7,8,1,8,single_condition,decision_tree,wine_quality,3,training,8,decision_tree,,7,decision_tree,dt,dt_traversal,1,0,False,0.0625,23.086559089669713
0,7,9,1,9,single_condition,decision_tree,wine_quality,0,training,9,decision_tree,,8,decision_tree,dt,dt_traversal,1,0,False,0.125,15.931322408342053
1,7,10,1,10,single_condition,decision_tree,wine_quality,1,training,10,decision_tree,,9,decision_tree,dt,dt_traversal,0,0,True,0.75,12.552183725893588
1,7,11,1,1,single_condition,decision_tree,wine_quality,19,testing,1,decision_tree,True,10,decision_tree,dt,dt_traversal,0,0,True,0.875,12.552183725893588
1,7,12,1,2,single_condition,decision_tree,wine_quality,12,testing,2,decision_tree,True,11,decision_tree,dt,dt_traversal,1,1,True,0.9375,23.086559089669713
0,7,13,1,3,single_condition,decision_tree,wine_quality,22,testing,3,decision_tree,True,12,decision_tree,dt,dt_traversal,1,0,False,0.0625,23.086559089669713
1,7,14,1,4,single_condition,decision_tree,wine_quality,16,testing,4,decision_tree,True,13,decision_tree,dt,dt_traversal,0,0,True,0.875,15.931322408342053
1,7,15,1,5,single_condition,decision_tree,wine_quality,20,testing,5,decision_tree,True,14,decision_tree,dt,dt_traversal,1,1,True,0.8125,13.016091862946787
0,7,16,1,6,single_condition,decision_tree,wine_quality,28,testing,6,decision_tree,True,15,decision_tree,dt,dt_traversal,1,0,False,0.5,28.003279544834864
1,7,17,1,7,single_condition,decision_tree,wine_quality,25,testing,7,decision_tree,True,16,decision_tree,dt,dt_traversal,0,0,True,0.9375,12.552183725893588
1,7,18,1,8,single_condition,decision_tree,wine_quality,10,testing,8,decision_tree,True,17,decision_tree,dt,dt_traversal,1,1,True,0.625,12.552183725893588
0,7,19,1,9,single_condition,decision_tree,wine_quality,21,testing,9,decision_tree,False,18,decision_tree,none,dt_traversal,0,1,False,0.46875,3.5582901900392216
1,7,20,1,10,single_condition,decision_tree,wine_quality,18,testing,10,decision_tree,True,19,decision_tree,dt,dt_traversal,1,1,True,0.8125,15.931322408342053
0,7,21,1,11,single_condition,decision_tree,wine_quality,26,testing,11,decision_tree,False,20,decision_tree,none,dt_traversal,1,0,False,0.375,5.675818897210094
0,7,22,1,12,single_condition,decision_tree,wine_quality,11,testing,12,decision_tree,False,21,decision_tree,none,dt_traversal,1,0,False,0.4375,7.006580380078444
1,7,23,1,13,single_condition,decision_tree,wine_quality,13,testing,13,decision_tree,True,22,decision_tree,dt,dt_traversal,0,0,True,0.625,16.093114757820672
1,7,24,1,14,single_condition,decision_tree,wine_quality,17,testing,14,decision_tree,False,23,decision_tree,none,dt_traversal,0,0,True,0.53125,6.161824638644271
1,7,25,1,15,single_condition,decision_tree,wine_quality,29,testing,15,decision_tree,False,24,decision_tree,none,dt_traversal,0,0,True,0.5625,4.149206769216462
0,7,26,1,16,single_condition,decision_tree,wine_quality,15,testing,16,decision_tree,False,25,decision_tree,none,dt_traversal,1,0,False,0.46875,5.661310153824692
0,7,27,1,17,single_condition,decision_tree,wine_quality,23,testing,17,decision_tree,False,26,decision_tree,none,dt_traversal,0,1,False,0.4375,5.087718799981401
1,7,28,1,18,single_condition,decision_tree,wine_quality,14,testing,18,decision_tree,False,27,decision_tree,none,dt_traversal,0,0,True,0.5625,3.878036092294815
0,7,29,1,19,single_condition,decision_tree,wine_quality,24,testing,19,decision_tree,False,28,decision_tree,none,dt_traversal,1,0,False,0.5,6.506072184589632
1,7,30,1,20,single_condition,decision_tree,wine_quality,27,testing,20,decision_tree,False,29,decision_tree,none,dt_traversal,1,1,True,0.65625,5.901230830746339
1,8,1,1,1,single_condition,logistic_regression,wine_quality,0,training,1,logistic_regression,,0,linear_regression,lr,lr_heuristic,1,1,True,0.6828445817488318,4.696648058745833
1,8,2,1,2,single_condition,logistic_regression,wine_quality,3,training,2,logistic_regression,,1,linear_regression,lr,lr_heuristic,1,1,True,0.8863508766661754,4.631362898374867
1,8,3,1,3,single_condition,logistic_regression,wine_quality,9,training,3,logistic_regression,,2,linear_regression,lr,lr_heuristic,1,1,True,0.8970432975811388,3.1831922236867216
0,8,4,1,4,single_condition,logistic_regression,wine_quality,6,training,4,logistic_regression,,3,linear_regression,lr,lr_heuristic,0,1,False,0.13213239040824853,3.092063797823849
1,8,5,1,5,single_condition,logistic_regression,wine_quality,8,training,5,logistic_regression,,4,linear_regression,lr,lr_heuristic,1,1,True,0.8131664570299152,4.67023520773137
0,8,6,1,6,single_condition,logistic_regression,wine_quality,2,training,6,logistic_regression,,5,linear_regression,lr,lr_heuristic,0,1,False,0.3770406567261717,3.090206487969569
1,8,7,1,7,single_condition,logistic_regression,wine_quality,1,training,7,logistic_regression,,6,linear_regression,lr,lr_heuristic,0,0,True,0.7515878310840666,3.161540590929681
1,8,8,1,8,single_condition,logistic_regression,wine_quality,5,training,8,logistic_regression,,7,linear_regression,lr,lr_heuristic,1,1,True,0.5193423571277191,3.412012290379023
1,8,9,1,9,single_condition,logistic_regression,wine_quality,7,training,9,logistic_regression,,8,linear_regression,lr,lr_heuristic,1,1,True,0.8257233188928004,4.706102302490783
1,8,10,1,10,single_condition,logistic_regression,wine_quality,4,training,10,logistic_regression,,9,linear_regression,lr,lr_heuristic,0,0,True,0.6095632195759609,3.2324616712021155
1,8,11,1,1,single_condition,logistic_regression,wine_quality,28,testing,1,logistic_regression,True,10,linear_regression,lr,lr_heuristic,1,1,True,0.9119965754300741,4.685917437528812
0,8,12,1,2,single_condition,logistic_regression,wine_quality,13,testing,2,logistic_regression,True,11,linear_regression,lr,lr_heuristic,0,1,False,0.47603218914667333,3.3761053543307944
1,8,13,1,3,single_condition,logistic_regression,wine_quality,22,testing,3,logistic_regression,False,12,linear_regression,none,lr_heuristic,1,1,True,0.7949105965549574,3.3566128975640517
0,8,14,1,4,single_condition,logistic_regression,wine_quality,15,testing,4,logistic_regression,True,13,linear_regression,lr,lr_heuristic,1,0,False,0.31309607617392693,3.3306649761167417
1,8,15,1,5,single_condition,logistic_regression,wine_quality,26,testing,5,logistic_regression,True,14,linear_regression,lr,lr_heuristic,1,1,True,0.983911698278387,4.5579980729469955
0,8,16,1,6,single_condition,logistic_regression,wine_quality,21,testing,6,logistic_regression,True,15,linear_regression,lr,lr_heuristic,0,1,False,0.44225788832995183,3.2891173848350554
0,8,17,1,7,single_condition,logistic_regression,wine_quality,14,testing,7,logistic_regression,False,16,linear_regression,none,lr_calculation,0,1,False,0.47006415700530213,5.705107279146767
1,8,18,1,8,single_condition,logistic_regression,wine_quality,23,testing,8,logistic_regression,True,17,linear_regression,lr,lr_calculation,0,0,True,0.5522695261258133,4.934738986343357
1,8,19,1,9,single_condition,logistic_regression,wine_quality,12,testing,9,logistic_regression,True,18,linear_regression,lr,lr_heuristic,1,1,True,0.5593548006208643,3.630376382743407
1,8,20,1,10,single_condition,logistic_regression,wine_quality,25,testing,10,logistic_regression,False,19,linear_regression,none,lr_heuristic,0,0,True,0.6128187166557229,3.1598331584208688
1,8,21,1,11,single_condition,logistic_regression,wine_quality,18,testing,11,logistic_regression,False,20,linear_regression,none,lr_calculation,1,1,True,0.6404821233089841,5.899033920717807
0,8,22,1,12,single_condition,logistic_regression,wine_quality,17,testing,12,logistic_regression,False,21,linear_regression,none,lr_calculation,0,1,False,0.4912707095242925,5.935776836664592
0,8,23,1,13,single_condition,logistic_regression,wine_quality,29,testing,13,logistic_regression,True,22,linear_regression,lr,lr_heuristic,0,1,False,0.22543632916684364,4.765079756076539
1,8,24,1,14,single_condition,logistic_regression,wine_quality,24,testing,14,logistic_regression,True,23,linear_regression,lr,lr_heuristic,1,1,True,0.7758241257309967,4.976477856137089
1,8,25,1,15,single_condition,logistic_regression,wine_quality,10,testing,15,logistic_regression,False,24,linear_regression,none,lr_calculation,1,1,True,0.6141796171189593,5.873228853916416
1,8,26,1,16,single_condition,logistic_regression,wine_quality,20,testing,16,logistic_regression,False,25,linear_regression,none,lr_calculation,1,1,True,0.5664428006952185,5.926082426732
1,8,27,1,17,single_condition,logistic_regression,wine_quality,27,testing,17,logistic_regression,True,26,linear_regression,lr,lr_heuristic,1,1,True,0.8278708813098276,4.933220139249803
1,8,28,1,18,single_condition,logistic_regression,wine_quality,11,testing,18,logistic_regression,False,27,linear_regression,none,lr_heuristic,1,1,True,0.8229307649485406,4.812300245793731
1,8,29,1,19,single_condition,logistic_regression,wine_quality,16,testing,19,logistic_regression,False,28,linear_regression,none,lr_calculation,0,0,True,0.624637969053986,5.794454378960583
1,8,30,1,20,single_condition,logistic_regression,wine_quality,19,testing,20,logistic_regression,False,29,linear_regression,none,lr_calculation,0,0,True,0.5,5.9399999999999995
1,9,1,1,1,single_condition,hybrid,wine_quality,6,training,1,logistic_regression,,0,hybrid,lr,dt_traversal,0,0,True,0.6875,10.677461661492682
0,9,2,1,2,single_condition,hybrid,wine_quality,0,training,2,logistic_regression,,1,hybrid,lr,dt_traversal,1,0,False,0.375,13.552183725893588
1,9,3,1,3,single_condition,hybrid,wine_quality,4,training,3,decision_tree,,2,hybrid,dt,dt_traversal,0,0,True,0.75,12.552183725893588
1,9,4,1,4,single_condition,hybrid,wine_quality,8,training,4,logistic_regression,,3,hybrid,lr,dt_traversal,1,1,True,0.75,13.04224180625654
1,9,5,1,5,single_condition,hybrid,wine_quality,5,training,5,decision_tree,,4,hybrid,dt,dt_traversal,1,1,True,0.875,15.931322408342053
1,9,6,1,6,single_condition,hybrid,wine_quality,7,training,6,decision_tree,,5,hybrid,dt,dt_traversal,1,1,True,0.75,23.086559089669713
1,9,7,1,7,single_condition,hybrid,wine_quality,9,training,7,decision_tree,,6,hybrid,dt,dt_traversal,1,1,True,0.875,23.086559089669713
0,9,8,1,8,single_condition,hybrid,wine_quality,3,training,8,logistic_regression,,7,hybrid,lr,dt_traversal,1,0,False,0.34375,10.146882052986014
1,9,9,1,9,single_condition,hybrid,wine_quality,2,training,9,decision_tree,,8,hybrid,dt,dt_traversal,0,0,True,0.75,15.931322408342053
0,9,10,1,10,single_condition,hybrid,wine_quality,1,training,10,logistic_regression,,9,hybrid,lr,dt_traversal,0,1,False,0.46875,9.754626311551839
1,9,11,1,1,single_condition,hybrid,wine_quality,16,testing,1,decision_tree,True,10,hybrid,dt,dt_traversal,0,0,True,0.75,12.552183725893588
1,9,12,1,2,single_condition,hybrid,wine_quality,23,testing,2,decision_tree,True,11,hybrid,dt,dt_traversal,0,0,True,0.6875,12.552183725893588
1,9,13,1,3,single_condition,hybrid,wine_quality,27,testing,3,logistic_regression,False,12,hybrid,none,dt_traversal,1,1,True,0.6875,9.78587631155184
0,9,14,1,4,single_condition,hybrid,wine_quality,15,testing,4,logistic_regression,False,13,hybrid,none,dt_traversal,1,0,False,0.5,7.824597604380967
1,9,15,1,5,single_condition,hybrid,wine_quality,21,testing,5,decision_tree,False,14,hybrid,none,dt_traversal,0,0,True,0.59375,7.855847604380968
1,9,16,1,6,single_condition,hybrid,wine_quality,25,testing,6,logistic_regression,False,15,hybrid,none,dt_traversal,0,0,True,0.625,8.671609087249317
1,9,17,1,7,single_condition,hybrid,wine_quality,29,testing,7,logistic_regression,True,16,hybrid,lr,dt_traversal,0,0,True,0.5,5.533563155775919
1,9,18,1,8,single_condition,hybrid,wine_quality,13,testing,8,logistic_regression,True,17,hybrid,lr,dt_traversal,0,0,True,0.53125,5.500057414341745
1,9,19,1,9,single_condition,hybrid,wine_quality,18,testing,9,decision_tree,True,18,hybrid,dt,dt_traversal,1,1,True,0.875,15.931322408342053
1,9,20,1,10,single_condition,hybrid,wine_quality,26,testing,10,logistic_regression,False,19,hybrid,none,dt_traversal,1,1,True,0.59375,9.03261482868349
0,9,21,1,11,single_condition,hybrid,wine_quality,11,testing,11,decision_tree,False,20,hybrid,none,dt_traversal,1,0,False,0.5,4.766706769216461
0,9,22,1,12,single_condition,hybrid,wine_quality,22,testing,12,decision_tree,False,21,hybrid,none,dt_traversal,1,0,False,0.34375,5.692560153824693
0,9,23,1,13,single_condition,hybrid,wine_quality,28,testing,13,decision_tree,True,22,hybrid,dt,dt_traversal,1,0,False,0.1875,17.0638688546924
1,9,24,1,14,single_condition,hybrid,wine_quality,17,testing,14,logistic_regression,False,23,hybrid,none,lr_calculation,0,0,True,0.5085269865019568,5.9398603869335425
1,9,25,1,15,single_condition,hybrid,wine_quality,10,testing,15,decision_tree,True,24,hybrid,dt,lr_heuristic,1,1,True,0.8011391165679365,3.469057201517324
0,9,26,1,16,single_condition,hybrid,wine_quality,12,testing,16,logistic_regression,True,25,hybrid,lr,dt_traversal,1,0,False,0.4375,5.056468799981401
1,9,27,1,17,single_condition,hybrid,wine_quality,20,testing,17,logistic_regression,False,26,hybrid,none,lr_calculation,1,1,True,0.5353291223635075,5.872868739829634
1,9,28,1,18,single_condition,hybrid,wine_quality,24,testing,18,logistic_regression,True,27,hybrid,lr,lr_calculation,1,1,True,0.6489841746708832,4.896324323013801
0,9,29,1,19,single_condition,hybrid,wine_quality,19,testing,19,decision_tree,False,28,hybrid,none,lr_calculation,0,1,False,0.4726614079774961,5.908179195972129
1,9,30,1,20,single_condition,hybrid,wine_quality,14,testing,20,decision_tree,True,29,hybrid,dt,lr_calculation,0,0,True,0.5076175976973323,5.876240311109578
1,10,1,1,1,single_condition,decision_tree,wine_quality,4,training,1,decision_tree,,0,decision_tree,dt,dt_traversal,0,0,True,0.8125,15.931322408342053
0,10,2,1,2,single_condition,decision_tree,wine_quality,9,training,2,decision_tree,,1,decision_tree,dt,dt_traversal,1,0,False,0.5,15.931322408342053
1,10,3,1,3,single_condition,decision_tree,wine_quality,1,training,3,decision_tree,,2,decision_tree,dt,dt_traversal,0,0,True,0.8125,12.552183725893588
1,10,4,1,4,single_condition,decision_tree,wine_quality,7,training,4,decision_tree,,3,decision_tree,dt,dt_traversal,1,1,True,0.75,15.931322408342053
1,10,5,1,5,single_condition,decision_tree,wine_quality,2,training,5,decision_tree,,4,decision_tree,dt,dt_traversal,0,0,True,0.9375,15.931322408342053
1,10,6,1,6,single_condition,decision_tree,wine_quality,8,training,6,decision_tree,,5,decision_tree,dt,dt_traversal,1,1,True,0.8125,23.086559089669713
1,10,7,1,7,single_condition,decision_tree,wine_quality,6,training,7,decision_tree,,6,decision_tree,dt,dt_traversal,0,0,True,0.9375,23.086559089669713
0,10,8,1,8,single_condition,decision_tree,wine_quality,3,training,8,decision_tree,,7,decision_tree,dt,dt_traversal,1,0,False,0.0625,23.086559089669713
0,10,9,1,9,single_condition,decision_tree,wine_quality,0,training,9,decision_tree,,8,decision_tree,dt,dt_traversal,1,0,False,0.125,15.931322408342053
1,10,10,1,10,single_condition,decision_tree,wine_quality,5,training,10,decision_tree,,9,decision_tree,dt,dt_traversal,1,1,True,0.75,12.552183725893588
0,10,11,1,1,single_condition,decision_tree,wine_quality,28,testing,1,decision_tree,True,10,decision_tree,dt,dt_traversal,1,0,False,0.375,12.900114828683485
1,10,12,1,2,single_condition,decision_tree,wine_quality,23,testing,2,decision_tree,True,11,decision_tree,dt,dt_traversal,0,0,True,0.75,12.552183725893588
1,10,13,1,3,single_condition,decision_tree,wine_quality,25,testing,3,decision_tree,False,12,decision_tree,none,dt_traversal,0,0,True,0.53125,3.103534448605047
0,10,14,1,4,single_condition,decision_tree,wine_quality,21,testing,4,decision_tree,False,13,decision_tree,none,dt_traversal,0,1,False,0.46875,4.075545931473396
0,10,15,1,5,single_condition,decision_tree,wine_quality,12,testing,5,decision_tree,False,14,decision_tree,none,dt_traversal,1,0,False,0.4375,6.915086121512618
1,10,16,1,6,single_condition,decision_tree,wine_quality,13,testing,6,decision_tree,True,15,decision_tree,dt,dt_traversal,0,0,True,0.8125,12.61017224302524
1,10,17,1,7,single_condition,decision_tree,wine_quality,15,testing,7,decision_tree,True,16,decision_tree,dt,dt_traversal,1,1,True,0.9375,23.086559089669713
0,10,18,1,8,single_condition,decision_tree,wine_quality,11,testing,8,decision_tree,True,17,decision_tree,dt,dt_traversal,1,0,False,0.5,27.695984516387043
1,10,19,1,9,single_condition,decision_tree,wine_quality,10,testing,9,decision_tree,True,18,decision_tree,dt,dt_traversal,1,1,True,0.875,15.931322408342053
0,10,20,1,10,single_condition,decision_tree,wine_quality,22,testing,10,decision_tree,False,19,decision_tree,none,dt_traversal,1,0,False,0.4375,6.234901507667985
1,10,21,1,11,single_condition,decision_tree,wine_quality,17,testing,11,decision_tree,True,20,decision_tree,dt,dt_traversal,0,0,True,0.5625,15.931322408342053
1,10,22,1,12,single_condition,decision_tree,wine_quality,29,testing,12,decision_tree,True,21,decision_tree,dt,dt_traversal,0,0,True,0.875,12.552183725893588
1,10,23,1,13,single_condition,decision_tree,wine_quality,14,testing,13,decision_tree,False,22,decision_tree,none,dt_traversal,0,0,True,0.53125,4.624051672907571
0,10,24,1,14,single_condition,decision_tree,wine_quality,24,testing,14,decision_tree,False,23,decision_tree,none,dt_traversal,1,0,False,0.4375,8.049425569197863
1,10,25,1,15,single_condition,decision_tree,wine_quality,26,testing,15,decision_tree,False,24,decision_tree,none,dt_traversal,1,1,True,0.625,5.723810153824692
1,10,26,1,16,single_condition,decision_tree,wine_quality,27,testing,16,decision_tree,False,25,decision_tree,none,dt_traversal,1,1,True,0.53125,7.762097604380966
1,10,27,1,17,single_condition,decision_tree,wine_quality,20,testing,17,decision_tree,False,26,decision_tree,none,dt_traversal,1,1,True,0.53125,5.724603384608231
1,10,28,1,18,single_condition,decision_tree,wine_quality,16,testing,18,decision_tree,True,27,decision_tree,dt,dt_traversal,0,0,True,0.8125,15.931322408342053
1,10,29,1,19,single_condition,decision_tree,wine_quality,19,testing,19,decision_tree,True,28,decision_tree,dt,dt_traversal,0,0,True,0.875,12.552183725893588
1,10,30,1,20,single_condition,decision_tree,wine_quality,18,testing,20,decision_tree,False,29,decision_tree,none,dt_traversal,1,1,True,0.5625,5.087718799981401
0,11,1,1,1,single_condition,logistic_regression,wine_quality,2,training,1,logistic_regression,,0,linear_regression,lr,lr_heuristic,0,1,False,0.40108430263979833,4.791584578131563
1,11,2,1,2,single_condition,logistic_regression,wine_quality,1,training,2,logistic_regression,,1,linear_regression,lr,lr_heuristic,0,0,True,0.5216706109077746,3.2218932233268784
0,11,3,1,3,single_condition,logistic_regression,wine_quality,0,training,3,logistic_regression,,2,linear_regression,lr,lr_heuristic,1,0,False,0.2868918777144368,3.4401138293582467
1,11,4,1,4,single_condition,logistic_regression,wine_quality,4,training,4,logistic_regression,,3,linear_regression,lr,lr_heuristic,0,0,True,0.5798399765984228,3.2365749770692696
1,11,5,1,5,single_condition,logistic_regression,wine_quality,6,training,5,logistic_regression,,4,linear_regression,lr,lr_heuristic,0,0,True,0.5910415933591715,3.4367801735580366
1,11,6,1,6,single_condition,logistic_regression,wine_quality,7,training,6,logistic_regression,,5,linear_regression,lr,lr_heuristic,1,1,True,0.6253213481691515,3.4018436764527427
1,11,7,1,7,single_condition,logistic_regression,wine_quality,8,training,7,logistic_regression,,6,linear_regression,lr,lr_heuristic,1,1,True,0.5011555162696057,3.41568058836448
1,11,8,1,8,single_condition,logistic_regression,wine_quality,9,training,8,logistic_regression,,7,linear_regression,lr,lr_heuristic,1,1,True,0.5569505532501506,3.490728513040015
1,11,9,1,9,single_condition,logistic_regression,wine_quality,5,training,9,logistic_regression,,8,linear_regression,lr,lr_heuristic,1,1,True,0.8648862361899443,3.3237311191637393
1,11,10,1,10,single_condition,logistic_regression,wine_quality,3,training,10,logistic_regression,,9,linear_regression,lr,lr_heuristic,1,1,True,0.7131633719858408,3.3563447382997897
1,11,11,1,1,single_condition,logistic_regression,wine_quality,14,testing,1,logistic_regression,True,10,linear_regression,lr,lr_heuristic,0,0,True,0.5168998855683953,3.39191500931595
0,11,12,1,2,single_condition,logistic_regression,wine_quality,17,testing,2,logistic_regression,False,11,linear_regression,none,lr_heuristic,0,1,False,0.2547976360214871,3.288439508416779
1,11,13,1,3,single_condition,logistic_regression,wine_quality,10,testing,3,logistic_regression,True,12,linear_regression,lr,lr_heuristic,1,1,True,0.7737280052560231,3.4439226792619984
1,11,14,1,4,single_condition,logistic_regression,wine_quality,23,testing,4,logistic_regression,True,13,linear_regression,lr,lr_heuristic,0,0,True,0.7628729328996324,3.409118075977699
1,11,15,1,5,single_condition,logistic_regression,wine_quality,22,testing,5,logistic_regression,False,14,linear_regression,none,lr_calculation,1,1,True,0.6727050621251613,5.763217850761008
1,11,16,1,6,single_condition,logistic_regression,wine_quality,29,testing,6,logistic_regression,True,15,linear_regression,lr,lr_calculation,0,0,True,0.7010774010158042,6.858705005657374
1,11,17,1,7,single_condition,logistic_regression,wine_quality,26,testing,7,logistic_regression,False,16,linear_regression,none,lr_calculation,1,1,True,0.6373458210695067,5.789436516035207
1,11,18,1,8,single_condition,logistic_regression,wine_quality,12,testing,8,logistic_regression,False,17,linear_regression,none,lr_calculation,1,1,True,0.6474667915411566,5.892911039741001
1,11,19,1,9,single_condition,logistic_regression,wine_quality,25,testing,9,logistic_regression,False,18,linear_regression,none,lr_calculation,0,0,True,0.5604546264565133,5.930883552814188
1,11,20,1,10,single_condition,logistic_regression,wine_quality,18,testing,10,logistic_regression,False,19,linear_regression,none,lr_calculation,1,1,True,0.6681324953829701,5.862566134561652
0,11,21,1,11,single_condition,logistic_regression,wine_quality,15,testing,11,logistic_regression,True,20,linear_regression,lr,lr_calculation,1,0,False,0.5,4.9399999999999995
1,11,22,1,12,single_condition,logistic_regression,wine_quality,27,testing,12,logistic_regression,False,21,linear_regression,none,lr_calculation,1,1,True,0.6590535525820611,5.886009924149986
1,11,23,1,13,single_condition,logistic_regression,wine_quality,24,testing,13,logistic_regression,True,22,linear_regression,lr,lr_calculation,1,1,True,0.6489841746708832,4.896324323013801
1,11,24,1,14,single_condition,logistic_regression,wine_quality,13,testing,14,logistic_regression,True,23,linear_regression,lr,lr_calculation,0,0,True,0.5,4.9399999999999995
1,11,25,1,15,single_condition,logistic_regression,wine_quality,20,testing,15,logistic_regression,False,24,linear_regression,none,lr_calculation,1,1,True,0.5744452718905083,5.844447251105269
0,11,26,1,16,single_condition,logistic_regression,wine_quality,16,testing,16,logistic_regression,False,25,linear_regression,none,lr_calculation,0,1,False,0.44667303965021166,5.797437796513858
1,11,27,1,17,single_condition,logistic_regression,wine_quality,28,testing,17,logistic_regression,False,26,linear_regression,none,lr_calculation,1,1,True,0.6489841746708832,5.896324323013801
1,11,28,1,18,single_condition,logistic_regression,wine_quality,11,testing,18,logistic_regression,True,27,linear_regression,lr,lr_calculation,1,1,True,0.5800266858265242,4.92761865647931
1,11,29,1,19,single_condition,logistic_regression,wine_quality,21,testing,19,logistic_regression,True,28,linear_regression,lr,lr_calculation,0,0,True,0.7457354510087214,6.815466459273007
1,11,30,1,20,single_condition,logistic_regression,wine_quality,19,testing,20,logistic_regression,True,29,linear_regression,lr,lr_calculation,0,0,True,0.5,4.9399999999999995
1,12,1,1,1,single_condition,hybrid,wine_quality,9,training,1,decision_tree,,0,hybrid,dt,dt_traversal,1,1,True,0.8125,15.931322408342053
0,12,2,1,2,single_condition,hybrid,wine_quality,0,training,2,logistic_regression,,1,hybrid,lr,dt_traversal,1,0,False,0.46875,9.990632052986015
1,12,3,1,3,single_condition,hybrid,wine_quality,1,training,3,logistic_regression,,2,hybrid,lr,dt_traversal,0,0,True,0.625,11.198649277288538
1,12,4,1,4,single_condition,hybrid,wine_quality,6,training,4,logistic_regression,,3,hybrid,lr,dt_traversal,0,0,True,0.84375,15.002407107299296
1,12,5,1,5,single_condition,hybrid,wine_quality,8,training,5,decision_tree,,4,hybrid,dt,dt_traversal,1,1,True,0.6875,15.931322408342053
1,12,6,1,6,single_condition,hybrid,wine_quality,7,training,6,decision_tree,,5,hybrid,dt,dt_traversal,1,1,True,0.9375,23.086559089669713
1,12,7,1,7,single_condition,hybrid,wine_quality,5,training,7,decision_tree,,6,hybrid,dt,dt_traversal,1,1,True,1.0,23.086559089669713
1,12,8,1,8,single_condition,hybrid,wine_quality,4,training,8,logistic_regression,,7,hybrid,lr,dt_traversal,0,0,True,0.625,9.754626311551839
0,12,9,1,9,single_condition,hybrid,wine_quality,3,training,9,decision_tree,,8,hybrid,dt,dt_traversal,1,0,False,0.0,23.086559089669713
1,12,10,1,10,single_condition,hybrid,wine_quality,2,training,10,logistic_regression,,9,hybrid,lr,dt_traversal,0,0,True,0.53125,10.900143535854362
1,12,11,1,1,single_condition,hybrid,wine_quality,17,testing,1,logistic_regression,False,10,hybrid,none,dt_traversal,0,0,True,0.65625,10.146882052986015
1,12,12,1,2,single_condition,hybrid,wine_quality,13,testing,2,decision_tree,False,11,hybrid,none,dt_traversal,0,0,True,0.625,8.341853345815142
1,12,13,1,3,single_condition,hybrid,wine_quality,21,testing,3,logistic_regression,False,12,hybrid,none,dt_traversal,0,0,True,0.6875,8.671609087249315
1,12,14,1,4,single_condition,hybrid,wine_quality,24,testing,4,decision_tree,True,13,hybrid,dt,dt_traversal,1,1,True,1.0,15.931322408342053
1,12,15,1,5,single_condition,hybrid,wine_quality,12,testing,5,decision_tree,True,14,hybrid,dt,dt_traversal,1,1,True,0.9375,23.086559089669713
1,12,16,1,6,single_condition,hybrid,wine_quality,19,testing,6,decision_tree,True,15,hybrid,dt,dt_traversal,0,0,True,0.9375,23.086559089669713
1,12,17,1,7,single_condition,hybrid,wine_quality,29,testing,7,logistic_regression,False,16,hybrid,none,dt_traversal,0,0,True,0.625,5.96373083074634
1,12,18,1,8,single_condition,hybrid,wine_quality,26,testing,8,logistic_regression,False,17,hybrid,none,dt_traversal,1,1,True,0.53125,4.274206769216461
0,12,19,1,9,single_condition,hybrid,wine_quality,28,testing,9,logistic_regression,True,18,hybrid,lr,dt_traversal,1,0,False,0.40625,7.423318897210095
1,12,20,1,10,single_condition,hybrid,wine_quality,25,testing,10,logistic_regression,False,19,hybrid,none,dt_traversal,0,0,True,0.65625,8.18560334581514
1,12,21,1,11,single_condition,hybrid,wine_quality,15,testing,11,decision_tree,True,20,hybrid,dt,dt_traversal,1,1,True,0.875,12.552183725893588
1,12,22,1,12,single_condition,hybrid,wine_quality,14,testing,12,decision_tree,True,21,hybrid,dt,dt_traversal,0,0,True,1.0,23.086559089669713
0,12,23,1,13,single_condition,hybrid,wine_quality,27,testing,13,logistic_regression,True,22,hybrid,lr,dt_traversal,1,0,False,0.5,5.800818897210094
0,12,24,1,14,single_condition,hybrid,wine_quality,11,testing,14,logistic_regression,False,23,hybrid,none,dt_traversal,1,0,False,0.5,4.439365415373169
0,12,25,1,15,single_condition,hybrid,wine_quality,23,testing,15,decision_tree,False,24,hybrid,none,dt_traversal,0,1,False,0.46875,3.940536092294815
1,12,26,1,16,single_condition,hybrid,wine_quality,18,testing,16,logistic_regression,True,25,hybrid,lr,dt_traversal,1,1,True,0.59375,7.040086121512619
0,12,27,1,17,single_condition,hybrid,wine_quality,20,testing,17,logistic_regression,True,26,hybrid,lr,dt_traversal,1,0,False,0.5,6.2157614828683485
0,12,28,1,18,single_condition,hybrid,wine_quality,22,testing,18,decision_tree,True,27,hybrid,dt,dt_traversal,1,0,False,0.125,15.931322408342053
1,12,29,1,19,single_condition,hybrid,wine_quality,16,testing,19,decision_tree,False,28,hybrid,none,lr_calculation,0,0,True,0.5137688060404921,5.906328243202669
1,12,30,1,20,single_condition,hybrid,wine_quality,10,testing,20,decision_tree,False,29,hybrid,none,lr_calculation,1,1,True,0.6333279378310461,5.839470665464265
0,13,1,1,1,single_condition,decision_tree,wine_quality,3,training,1,decision_tree,,0,decision_tree,dt,dt_traversal,1,0,False,0.1875,15.931322408342053
1,13,2,1,2,single_condition,decision_tree,wine_quality,4,training,2,decision_tree,,1,decision_tree,dt,dt_traversal,0,0,True,0.8125,15.931322408342053
1,13,3,1,3,single_condition,decision_tree,wine_quality,9,training,3,decision_tree,,2,decision_tree,dt,dt_traversal,1,1,True,0.625,12.552183725893588
1,13,4,1,4,single_condition,decision_tree,wine_quality,1,training,4,decision_tree,,3,decision_tree,dt,dt_traversal,0,0,True,0.75,15.931322408342053
1,13,5,1,5,single_condition,decision_tree,wine_quality,5,training,5,decision_tree,,4,decision_tree,dt,dt_traversal,1,1,True,0.9375,15.931322408342053
1,13,6,1,6,single_condition,decision_tree,wine_quality,6,training,6,decision_tree,,5,decision_tree,dt,dt_traversal,0,0,True,0.9375,23.086559089669713
0,13,7,1,7,single_condition,decision_tree,wine_quality,0,training,7,decision_tree,,6,decision_tree,dt,dt_traversal,1,0,False,0.0625,23.086559089669713
1,13,8,1,8,single_condition,decision_tree,wine_quality,7,training,8,decision_tree,,7,decision_tree,dt,dt_traversal,1,1,True,0.5625,15.931322408342053
1,13,9,1,9,single_condition,decision_tree,wine_quality,8,training,9,decision_tree,,8,decision_tree,dt,dt_traversal,1,1,True,0.8125,12.552183725893588
1,13,10,1,10,single_condition,decision_tree,wine_quality,2,training,10,decision_tree,,9,decision_tree,dt,dt_traversal,0,0,True,0.75,12.552183725893588
1,13,11,1,1,single_condition,decision_tree,wine_quality,19,testing,1,decision_tree,False,10,decision_tree,none,dt_traversal,0,0,True,0.5,3.950545931473396
1,13,12,1,2,single_condition,decision_tree,wine_quality,15,testing,2,decision_tree,True,11,decision_tree,dt,dt_traversal,1,1,True,0.875,15.931322408342053
1,13,13,1,3,single_condition,decision_tree,wine_quality,10,testing,3,decision_tree,True,12,decision_tree,dt,dt_traversal,1,1,True,0.8125,12.552183725893588
0,13,14,1,4,single_condition,decision_tree,wine_quality,22,testing,4,decision_tree,False,13,decision_tree,none,dt_traversal,1,0,False,0.46875,4.922557414341746
1,13,15,1,5,single_condition,decision_tree,wine_quality,17,testing,5,decision_tree,False,14,decision_tree,none,dt_traversal,0,0,True,0.59375,6.474822184589632
1,13,16,1,6,single_condition,decision_tree,wine_quality,13,testing,6,decision_tree,True,15,decision_tree,dt,dt_traversal,0,0,True,0.8125,16.012218583081363
1,13,17,1,7,single_condition,decision_tree,wine_quality,27,testing,7,decision_tree,True,16,decision_tree,dt,dt_traversal,1,1,True,0.9375,23.086559089669713
1,13,18,1,8,single_condition,decision_tree,wine_quality,16,testing,8,decision_tree,True,17,decision_tree,dt,dt_traversal,0,0,True,0.875,23.086559089669713
0,13,19,1,9,single_condition,decision_tree,wine_quality,24,testing,9,decision_tree,False,18,decision_tree,none,dt_traversal,1,0,False,0.5,5.056468799981401
1,13,20,1,10,single_condition,decision_tree,wine_quality,18,testing,10,decision_tree,False,19,decision_tree,none,dt_traversal,1,1,True,0.625,5.901230830746339
1,13,21,1,11,single_condition,decision_tree,wine_quality,14,testing,11,decision_tree,False,20,decision_tree,none,dt_traversal,0,0,True,0.59375,8.15435334581514
1,13,22,1,12,single_condition,decision_tree,wine_quality,29,testing,12,decision_tree,False,21,decision_tree,none,dt_traversal,0,0,True,0.625,7.102586121512617
0,13,23,1,13,single_condition,decision_tree,wine_quality,11,testing,13,decision_tree,True,22,decision_tree,dt,dt_traversal,1,0,False,0.5,21.737236343702012
0,13,24,1,14,single_condition,decision_tree,wine_quality,28,testing,14,decision_tree,True,23,decision_tree,dt,dt_traversal,1,0,False,0.5,12.929109087249312
1,13,25,1,15,single_condition,decision_tree,wine_quality,25,testing,15,decision_tree,True,24,decision_tree,dt,dt_traversal,0,0,True,0.875,12.552183725893588
0,13,26,1,16,single_condition,decision_tree,wine_quality,26,testing,16,decision_tree,False,25,decision_tree,none,dt_traversal,1,0,False,0.46875,5.150218799981399
1,13,27,1,17,single_condition,decision_tree,wine_quality,20,testing,17,decision_tree,False,26,decision_tree,none,dt_traversal,1,1,True,0.53125,5.618194738451524
1,13,28,1,18,single_condition,decision_tree,wine_quality,12,testing,18,decision_tree,False,27,decision_tree,none,dt_traversal,1,1,True,0.625,5.296389476903046
1,13,29,1,19,single_condition,decision_tree,wine_quality,23,testing,19,decision_tree,True,28,decision_tree,dt,dt_traversal,0,0,True,0.75,12.552183725893588
1,13,30,1,20,single_condition,decision_tree,wine_quality,21,testing,20,decision_tree,True,29,decision_tree,dt,dt_traversal,0,0,True,0.9375,19.504819105182325
1,14,1,1,1,single_condition,logistic_regression,wine_quality,8,training,1,logistic_regression,,0,linear_regression,lr,lr_heuristic,1,1,True,0.7286791589379125,4.683980681857174
1,14,2,1,2,single_condition,logistic_regression,wine_quality,0,training,2,logistic_regression,,1,linear_regression,lr,lr_heuristic,1,1,True,0.7814615259178904,4.619748733560812
1,14,3,1,3,single_condition,logistic_regression,wine_quality,5,training,3,logistic_regression,,2,linear_regression,lr,lr_heuristic,1,1,True,0.9283753756910411,3.1583563891410447
0,14,4,1,4,single_condition,logistic_regression,wine_quality,2,training,4,logistic_regression,,3,linear_regression,lr,lr_heuristic,0,1,False,0.25408192216929026,3.0902144630345822
1,14,5,1,5,single_condition,logistic_regression,wine_quality,7,training,5,logistic_regression,,4,linear_regression,lr,lr_heuristic,1,1,True,0.9608605822808567,4.563435219804975
0,14,6,1,6,single_condition,logistic_regression,wine_quality,4,training,6,logistic_regression,,5,linear_regression,lr,lr_heuristic,0,1,False,0.30659946931401905,3.105676727067974
1,14,7,1,7,single_condition,logistic_regression,wine_quality,3,training,7,logistic_regression,,6,linear_regression,lr,lr_heuristic,1,1,True,0.5364631346631725,4.876763589240097
1,14,8,1,8,single_condition,logistic_regression,wine_quality,9,training,8,logistic_regression,,7,linear_regression,lr,lr_heuristic,1,1,True,0.7990425754058119,3.2958968033164417
0,14,9,1,9,single_condition,logistic_regression,wine_quality,1,training,9,logistic_regression,,8,linear_regression,lr,lr_heuristic,0,1,False,0.41060379717685214,3.261306016998817
0,14,10,1,10,single_condition,logistic_regression,wine_quality,6,training,10,logistic_regression,,9,linear_regression,lr,lr_heuristic,0,1,False,0.22445641812869843,4.888239720725569
1,14,11,1,1,single_condition,logistic_regression,wine_quality,21,testing,1,logistic_regression,False,10,linear_regression,none,lr_heuristic,0,0,True,0.7488764457498274,3.368286165926885
0,14,12,1,2,single_condition,logistic_regression,wine_quality,15,testing,2,logistic_regression,False,11,linear_regression,none,lr_heuristic,1,0,False,0.1810885215276023,3.443544682618587
0,14,13,1,3,single_condition,logistic_regression,wine_quality,17,testing,3,logistic_regression,True,12,linear_regression,lr,lr_heuristic,0,1,False,0.18120703080828449,4.8415511547977905
1,14,14,1,4,single_condition,logistic_regression,wine_quality,18,testing,4,logistic_regression,True,13,linear_regression,lr,lr_heuristic,1,1,True,0.5130371192741217,3.4556193141594918
1,14,15,1,5,single_condition,logistic_regression,wine_quality,11,testing,5,logistic_regression,True,14,linear_regression,lr,lr_heuristic,1,1,True,0.653980591649846,3.3300235930027418
1,14,16,1,6,single_condition,logistic_regression,wine_quality,16,testing,6,logistic_regression,False,15,linear_regression,none,lr_calculation,0,0,True,0.5292098827778826,5.8296986453686745
1,14,17,1,7,single_condition,logistic_regression,wine_quality,10,testing,7,logistic_regression,False,16,linear_regression,none,lr_calculation,1,1,True,0.6474667915411566,5.892911039741001
1,14,18,1,8,single_condition,logistic_regression,wine_quality,25,testing,8,logistic_regression,True,17,linear_regression,lr,lr_heuristic,0,0,True,0.5204293040741355,4.705138246654942
1,14,19,1,9,single_condition,logistic_regression,wine_quality,28,testing,9,logistic_regression,False,18,linear_regression,none,lr_heuristic,1,1,True,0.8306798197941417,3.2591762154138277
1,14,20,1,10,single_condition,logistic_regression,wine_quality,24,testing,10,logistic_regression,False,19,linear_regression,none,lr_calculation,1,1,True,0.6681324953829701,5.862566134561652
0,14,21,1,11,single_condition,logistic_regression,wine_quality,14,testing,11,logistic_regression,False,20,linear_regression,none,lr_calculation,0,1,False,0.49552109873111483,5.934867908250167
1,14,22,1,12,single_condition,logistic_regression,wine_quality,27,testing,12,logistic_regression,True,21,linear_regression,lr,lr_heuristic,1,1,True,0.635409852679673,5.006130698244911
0,14,23,1,13,single_condition,logistic_regression,wine_quality,13,testing,13,logistic_regression,True,22,linear_regression,lr,lr_heuristic,0,1,False,0.10644184128250722,4.869386579661681
1,14,24,1,14,single_condition,logistic_regression,wine_quality,22,testing,14,logistic_regression,False,23,linear_regression,none,lr_calculation,1,1,True,0.6871587194091004,5.786621530735842
1,14,25,1,15,single_condition,logistic_regression,wine_quality,23,testing,15,logistic_regression,True,24,linear_regression,lr,lr_calculation,0,0,True,0.5522695261258133,4.934738986343357
0,14,26,1,16,single_condition,logistic_regression,wine_quality,29,testing,16,logistic_regression,True,25,linear_regression,lr,lr_heuristic,0,1,False,0.42955855554408573,3.594665911798545
0,14,27,1,17,single_condition,logistic_regression,wine_quality,20,testing,17,logistic_regression,False,26,linear_regression,none,lr_heuristic,1,0,False,0.06964235821709999,1.5902073625556434
1,14,28,1,18,single_condition,logistic_regression,wine_quality,26,testing,18,logistic_regression,True,27,linear_regression,lr,lr_calculation,1,1,True,0.6489841746708832,4.896324323013801
1,14,29,1,19,single_condition,logistic_regression,wine_quality,19,testing,19,logistic_regression,True,28,linear_regression,lr,lr_calculation,0,0,True,0.5,4.9399999999999995
1,14,30,1,20,single_condition,logistic_regression,wine_quality,12,testing,20,logistic_regression,False,29,linear_regression,none,lr_calculation,1,1,True,0.6489841746708832,5.896324323013801
0,15,1,1,1,single_condition,hybrid,wine_quality,3,training,1,logistic_regression,,0,hybrid,lr,dt_traversal,1,0,False,0.5,10.677461661492682
1,15,2,1,2,single_condition,hybrid,wine_quality,7,training,2,decision_tree,,1,hybrid,dt,dt_traversal,1,1,True,0.8125,15.931322408342053
1,15,3,1,3,single_condition,hybrid,wine_quality,9,training,3,logistic_regression,,2,hybrid,lr,dt_traversal,1,1,True,0.6875,11.167399277288538
0,15,4,1,4,single_condition,hybrid,wine_quality,0,training,4,logistic_regression,,3,hybrid,lr,dt_traversal,1,0,False,0.28125,13.602595631517229
1,15,5,1,5,single_condition,hybrid,wine_quality,2,training,5,logistic_regression,,4,hybrid,lr,dt_traversal,0,0,True,0.71875,9.196608276884449
0,15,6,1,6,single_condition,hybrid,wine_quality,5,training,6,decision_tree,,5,hybrid,dt,dt_traversal,1,0,False,0.5,12.552183725893588
1,15,7,1,7,single_condition,hybrid,wine_quality,6,training,7,decision_tree,,6,hybrid,dt,dt_traversal,0,0,True,0.875,23.086559089669713
1,15,8,1,8,single_condition,hybrid,wine_quality,4,training,8,logistic_regression,,7,hybrid,lr,dt_traversal,0,0,True,0.5625,12.10816076015689
1,15,9,1,9,single_condition,hybrid,wine_quality,8,training,9,decision_tree,,8,hybrid,dt,dt_traversal,1,1,True,0.9375,23.086559089669713
1,15,10,1,10,single_condition,hybrid,wine_quality,1,training,10,decision_tree,,9,hybrid,dt,dt_traversal,0,0,True,0.8125,12.552183725893588
1,15,11,1,1,single_condition,hybrid,wine_quality,12,testing,1,logistic_regression,True,10,hybrid,lr,dt_traversal,1,1,True,0.65625,10.146882052986015
0,15,12,1,2,single_condition,hybrid,wine_quality,10,testing,2,logistic_regression,False,11,hybrid,none,dt_traversal,1,0,False,0.46875,9.032614828683492
1,15,13,1,3,single_condition,hybrid,wine_quality,26,testing,3,logistic_regression,False,12,hybrid,none,lr_calculation,1,1,True,0.608771737448349,5.843401415290515
1,15,14,1,4,single_condition,hybrid,wine_quality,27,testing,4,logistic_regression,True,13,hybrid,lr,lr_calculation,1,1,True,0.6489841746708832,4.896324323013801
0,15,15,1,5,single_condition,hybrid,wine_quality,29,testing,5,decision_tree,True,14,hybrid,dt,lr_heuristic,0,1,False,0.2745162854070524,3.408117030415833
1,15,16,1,6,single_condition,hybrid,wine_quality,15,testing,6,logistic_regression,True,15,hybrid,lr,lr_heuristic,1,1,True,0.7308395805806269,4.72732062821919
1,15,17,1,7,single_condition,hybrid,wine_quality,11,testing,7,decision_tree,True,16,hybrid,dt,lr_heuristic,1,1,True,0.7469771378397272,3.475335225369867
1,15,18,1,8,single_condition,hybrid,wine_quality,23,testing,8,logistic_regression,False,17,hybrid,none,lr_calculation,0,0,True,0.5221891054497896,5.9051241089316475
1,15,19,1,9,single_condition,hybrid,wine_quality,25,testing,9,decision_tree,False,18,hybrid,none,lr_calculation,0,0,True,0.5522695261258133,5.934738986343357
1,15,20,1,10,single_condition,hybrid,wine_quality,16,testing,10,logistic_regression,True,19,hybrid,lr,lr_heuristic,0,0,True,0.5974088355601699,3.200869312760914
1,15,21,1,11,single_condition,hybrid,wine_quality,18,testing,11,decision_tree,True,20,hybrid,dt,lr_heuristic,1,1,True,0.8187767365201735,3.35301733660048
1,15,22,1,12,single_condition,hybrid,wine_quality,21,testing,12,decision_tree,False,21,hybrid,none,lr_calculation,0,0,True,0.5085269865019568,5.9398603869335425
1,15,23,1,13,single_condition,hybrid,wine_quality,19,testing,13,logistic_regression,True,22,hybrid,lr,lr_calculation,0,0,True,0.7242617874296169,6.837627167878732
1,15,24,1,14,single_condition,hybrid,wine_quality,17,testing,14,decision_tree,True,23,hybrid,dt,lr_heuristic,0,0,True,0.7431463143092141,3.4160868306311762
1,15,25,1,15,single_condition,hybrid,wine_quality,22,testing,15,decision_tree,False,24,hybrid,none,lr_heuristic,1,1,True,0.8387969297132327,3.4565961393687665
1,15,26,1,16,single_condition,hybrid,wine_quality,20,testing,16,decision_tree,False,25,hybrid,none,lr_calculation,1,1,True,0.5800266858265242,5.92761865647931
1,15,27,1,17,single_condition,hybrid,wine_quality,28,testing,17,logistic_regression,False,26,hybrid,none,lr_calculation,1,1,True,0.6489841746708832,5.896324323013801
1,15,28,1,18,single_condition,hybrid,wine_quality,14,testing,18,decision_tree,True,27,hybrid,dt,lr_heuristic,0,0,True,0.5996922853983352,3.5472858882573295
1,15,29,1,19,single_condition,hybrid,wine_quality,24,testing,19,decision_tree,False,28,hybrid,none,lr_heuristic,1,1,True,0.7159054371021014,3.630499958939963
0,15,30,1,20,single_condition,hybrid,wine_quality,13,testing,20,logistic_regression,False,29,hybrid,none,lr_calculation,0,1,False,0.4726614079774961,5.908179195972129
0,16,1,1,1,single_condition,decision_tree,wine_quality,3,training,1,decision_tree,,0,decision_tree,dt,dt_traversal,1,0,False,0.1875,15.931322408342053
1,16,2,1,2,single_condition,decision_tree,wine_quality,8,training,2,decision_tree,,1,decision_tree,dt,dt_traversal,1,1,True,0.75,15.931322408342053
1,16,3,1,3,single_condition,decision_tree,wine_quality,4,training,3,decision_tree,,2,decision_tree,dt,dt_traversal,0,0,True,0.8125,12.552183725893588
1,16,4,1,4,single_condition,decision_tree,wine_quality,1,training,4,decision_tree,,3,decision_tree,dt,dt_traversal,0,0,True,0.75,15.931322408342053
1,16,5,1,5,single_condition,decision_tree,wine_quality,9,training,5,decision_tree,,4,decision_tree,dt,dt_traversal,1,1,True,0.75,15.931322408342053
1,16,6,1,6,single_condition,decision_tree,wine_quality,6,training,6,decision_tree,,5,decision_tree,dt,dt_traversal,0,0,True,0.9375,15.931322408342053
1,16,7,1,7,single_condition,decision_tree,wine_quality,5,training,7,decision_tree,,6,decision_tree,dt,dt_traversal,1,1,True,1.0,23.086559089669713
0,16,8,1,8,single_condition,decision_tree,wine_quality,0,training,8,decision_tree,,7,decision_tree,dt,dt_traversal,1,0,False,0.0625,23.086559089669713
1,16,9,1,9,single_condition,decision_tree,wine_quality,7,training,9,decision_tree,,8,decision_tree,dt,dt_traversal,1,1,True,0.8125,15.931322408342053
1,16,10,1,10,single_condition,decision_tree,wine_quality,2,training,10,decision_tree,,9,decision_tree,dt,dt_traversal,0,0,True,0.75,12.552183725893588
1,16,11,1,1,single_condition,decision_tree,wine_quality,27,testing,1,decision_tree,True,10,decision_tree,dt,dt_traversal,1,1,True,1.0,23.086559089669713
0,16,12,1,2,single_condition,decision_tree,wine_quality,24,testing,2,decision_tree,False,11,decision_tree,none,dt_traversal,1,0,False,0.46875,3.134784448605047
0,16,13,1,3,single_condition,decision_tree,wine_quality,11,testing,3,decision_tree,False,12,decision_tree,none,dt_traversal,1,0,False,0.28125,6.474822184589632
1,16,14,1,4,single_condition,decision_tree,wine_quality,19,testing,4,decision_tree,True,13,decision_tree,dt,dt_traversal,0,0,True,0.9375,15.931322408342053
1,16,15,1,5,single_condition,decision_tree,wine_quality,20,testing,5,decision_tree,False,14,decision_tree,none,dt_traversal,1,1,True,0.53125,10.737586121512617
1,16,16,1,6,single_condition,decision_tree,wine_quality,29,testing,6,decision_tree,True,15,decision_tree,dt,dt_traversal,0,0,True,1.0,23.086559089669713
0,16,17,1,7,single_condition,decision_tree,wine_quality,22,testing,7,decision_tree,True,16,decision_tree,dt,dt_traversal,1,0,False,0.25,12.552183725893588
1,16,18,1,8,single_condition,decision_tree,wine_quality,25,testing,8,decision_tree,False,17,decision_tree,none,dt_traversal,0,0,True,0.59375,6.839742861511278
1,16,19,1,9,single_condition,decision_tree,wine_quality,21,testing,9,decision_tree,True,18,decision_tree,dt,dt_traversal,0,0,True,0.9375,19.504819105182325
1,16,20,1,10,single_condition,decision_tree,wine_quality,13,testing,10,decision_tree,False,19,decision_tree,none,dt_traversal,0,0,True,0.59375,5.86106315577592
1,16,21,1,11,single_condition,decision_tree,wine_quality,10,testing,11,decision_tree,True,20,decision_tree,dt,dt_traversal,1,1,True,0.9375,23.086559089669713
0,16,22,1,12,single_condition,decision_tree,wine_quality,28,testing,12,decision_tree,True,21,decision_tree,dt,dt_traversal,1,0,False,0.375,17.063868854692398
1,16,23,1,13,single_condition,decision_tree,wine_quality,17,testing,13,decision_tree,False,22,decision_tree,none,dt_traversal,0,0,True,0.625,8.216853345815142
1,16,24,1,14,single_condition,decision_tree,wine_quality,18,testing,14,decision_tree,True,23,decision_tree,dt,dt_traversal,1,1,True,1.0,19.504819105182325
0,16,25,1,15,single_condition,decision_tree,wine_quality,15,testing,15,decision_tree,False,24,decision_tree,none,dt_traversal,1,0,False,0.5,5.502313155775921
0,16,26,1,16,single_condition,decision_tree,wine_quality,26,testing,16,decision_tree,False,25,decision_tree,none,dt_traversal,1,0,False,0.4375,5.056468799981401
1,16,27,1,17,single_condition,decision_tree,wine_quality,23,testing,17,decision_tree,True,26,decision_tree,dt,dt_traversal,0,0,True,0.75,15.931322408342053
0,16,28,1,18,single_condition,decision_tree,wine_quality,12,testing,18,decision_tree,False,27,decision_tree,none,dt_traversal,1,0,False,0.4375,6.554080380078444
0,16,29,1,19,single_condition,decision_tree,wine_quality,16,testing,19,decision_tree,False,28,decision_tree,none,dt_traversal,0,1,False,0.46875,3.613194738451523
1,16,30,1,20,single_condition,decision_tree,wine_quality,14,testing,20,decision_tree,True,29,decision_tree,dt,dt_traversal,0,0,True,0.9375,15.931322408342053
1,17,1,1,1,single_condition,logistic_regression,wine_quality,7,training,1,logistic_regression,,0,linear_regression,lr,lr_heuristic,1,1,True,0.7670270938820788,4.659082783418487
1,17,2,1,2,single_condition,logistic_regression,wine_quality,9,training,2,logistic_regression,,1,linear_regression,lr,lr_heuristic,1,1,True,0.8402358754268952,4.661758472073925
1,17,3,1,3,single_condition,logistic_regression,wine_quality,5,training,3,logistic_regression,,2,linear_regression,lr,lr_heuristic,1,1,True,0.9180875440969294,3.1764017946151113
1,17,4,1,4,single_condition,logistic_regression,wine_quality,0,training,4,logistic_regression,,3,linear_regression,lr,lr_heuristic,1,1,True,0.8638793285169987,3.115236145535663
0,17,5,1,5,single_condition,logistic_regression,wine_quality,6,training,5,logistic_regression,,4,linear_regression,lr,lr_heuristic,0,1,False,0.026896573842439597,4.493554568343274
0,17,6,1,6,single_condition,logistic_regression,wine_quality,2,training,6,logistic_regression,,5,linear_regression,lr,lr_heuristic,0,1,False,0.42148469988253445,4.72811669623063
1,17,7,1,7,single_condition,logistic_regression,wine_quality,1,training,7,logistic_regression,,6,linear_regression,lr,lr_heuristic,0,0,True,0.8643006246446996,3.212938995581899
0,17,8,1,8,single_condition,logistic_regression,wine_quality,3,training,8,logistic_regression,,7,linear_regression,lr,lr_heuristic,1,0,False,0.44313644338513314,3.3022854838952442
1,17,9,1,9,single_condition,logistic_regression,wine_quality,8,training,9,logistic_regression,,8,linear_regression,lr,lr_heuristic,1,1,True,0.6373318979034913,3.4580497463167443
1,17,10,1,10,single_condition,logistic_regression,wine_quality,4,training,10,logistic_regression,,9,linear_regression,lr,lr_heuristic,0,0,True,0.5858454324013388,3.1591775404370703
1,17,11,1,1,single_condition,logistic_regression,wine_quality,18,testing,1,logistic_regression,True,10,linear_regression,lr,lr_heuristic,1,1,True,0.7328181521276316,3.2248731539448636
1,17,12,1,2,single_condition,logistic_regression,wine_quality,15,testing,2,logistic_regression,False,11,linear_regression,none,lr_heuristic,1,1,True,0.5337927769695393,3.4897970284810826
1,17,13,1,3,single_condition,logistic_regression,wine_quality,23,testing,3,logistic_regression,False,12,linear_regression,none,lr_calculation,0,0,True,0.5539209356909058,5.825316793902228
1,17,14,1,4,single_condition,logistic_regression,wine_quality,26,testing,4,logistic_regression,True,13,linear_regression,lr,lr_calculation,1,1,True,0.6489841746708832,4.896324323013801
1,17,15,1,5,single_condition,logistic_regression,wine_quality,24,testing,5,logistic_regression,False,14,linear_regression,none,lr_calculation,1,1,True,0.6373458210695067,5.789436516035207
1,17,16,1,6,single_condition,logistic_regression,wine_quality,19,testing,6,logistic_regression,True,15,linear_regression,lr,lr_calculation,0,0,True,0.5,4.9399999999999995
1,17,17,1,7,single_condition,logistic_regression,wine_quality,13,testing,7,logistic_regression,False,16,linear_regression,none,lr_calculation,0,0,True,0.5,5.935379872565292
1,17,18,1,8,single_condition,logistic_regression,wine_quality,14,testing,8,logistic_regression,True,17,linear_regression,lr,lr_calculation,0,0,True,0.5085269865019568,4.9398603869335425
1,17,19,1,9,single_condition,logistic_regression,wine_quality,25,testing,9,logistic_regression,False,18,linear_regression,none,lr_calculation,0,0,True,0.5604546264565133,5.930883552814188
1,17,20,1,10,single_condition,logistic_regression,wine_quality,21,testing,10,logistic_regression,True,19,linear_regression,lr,lr_calculation,0,0,True,0.7457354510087214,6.815466459273007
0,17,21,1,11,single_condition,logistic_regression,wine_quality,17,testing,11,logistic_regression,False,20,linear_regression,none,lr_calculation,0,1,False,0.4807347760619761,5.908342490046177
1,17,22,1,12,single_condition,logistic_regression,wine_quality,12,testing,12,logistic_regression,True,21,linear_regression,lr,lr_calculation,1,1,True,0.6489841746708832,4.896324323013801
1,17,23,1,13,single_condition,logistic_regression,wine_quality,16,testing,13,logistic_regression,True,22,linear_regression,lr,lr_calculation,0,0,True,0.5433905470132603,4.9363778516847585
1,17,24,1,14,single_condition,logistic_regression,wine_quality,20,testing,14,logistic_regression,True,23,linear_regression,lr,lr_calculation,1,1,True,0.5800266858265242,4.92761865647931
1,17,25,1,15,single_condition,logistic_regression,wine_quality,11,testing,15,logistic_regression,False,24,linear_regression,none,lr_calculation,1,1,True,0.5916160602573592,5.919185349742978
1,17,26,1,16,single_condition,logistic_regression,wine_quality,28,testing,16,logistic_regression,True,25,linear_regression,lr,lr_calculation,1,1,True,0.6489841746708832,4.896324323013801
1,17,27,1,17,single_condition,logistic_regression,wine_quality,22,testing,17,logistic_regression,False,26,linear_regression,none,lr_calculation,1,1,True,0.6871587194091004,5.786621530735842
1,17,28,1,18,single_condition,logistic_regression,wine_quality,10,testing,18,logistic_regression,False,27,linear_regression,none,lr_calculation,1,1,True,0.71115023915505,5.7592607638538915
1,17,29,1,19,single_condition,logistic_regression,wine_quality,27,testing,19,logistic_regression,True,28,linear_regression,lr,lr_calculation,1,1,True,0.6489841746708832,4.896324323013801
0,17,30,1,20,single_condition,logistic_regression,wine_quality,29,testing,20,logistic_regression,False,29,linear_regression,none,lr_calculation,0,1,False,0.41997331417347583,5.92761865647931
1,18,1,1,1,single_condition,hybrid,wine_quality,4,training,1,logistic_regression,,0,hybrid,lr,dt_traversal,0,0,True,0.5,10.677461661492682
1,18,2,1,2,single_condition,hybrid,wine_quality,5,training,2,decision_tree,,1,hybrid,dt,dt_traversal,1,1,True,0.875,15.931322408342053
0,18,3,1,3,single_condition,hybrid,wine_quality,3,training,3,decision_tree,,2,hybrid,dt,dt_traversal,1,0,False,0.125,12.552183725893588
1,18,4,1,4,single_condition,hybrid,wine_quality,8,training,4,logistic_regression,,3,hybrid,lr,dt_traversal,1,1,True,0.75,12.375416501591065
1,18,5,1,5,single_condition,hybrid,wine_quality,9,training,5,logistic_regression,,4,hybrid,lr,dt_traversal,1,1,True,0.625,15.033657107299296
1,18,6,1,6,single_condition,hybrid,wine_quality,6,training,6,decision_tree,,5,hybrid,dt,dt_traversal,0,0,True,0.8125,12.552183725893588
1,18,7,1,7,single_condition,hybrid,wine_quality,2,training,7,logistic_regression,,6,hybrid,lr,dt_traversal,0,0,True,0.5625,8.609109087249315
1,18,8,1,8,single_condition,hybrid,wine_quality,1,training,8,decision_tree,,7,hybrid,dt,dt_traversal,0,0,True,0.6875,15.931322408342053
0,18,9,1,9,single_condition,hybrid,wine_quality,0,training,9,logistic_regression,,8,hybrid,lr,dt_traversal,1,0,False,0.40625,10.900143535854363
1,18,10,1,10,single_condition,hybrid,wine_quality,7,training,10,decision_tree,,9,hybrid,dt,dt_traversal,1,1,True,0.75,15.931322408342053
1,18,11,1,1,single_condition,hybrid,wine_quality,24,testing,1,logistic_regression,False,10,hybrid,none,dt_traversal,1,1,True,0.65625,10.900143535854365
1,18,12,1,2,single_condition,hybrid,wine_quality,18,testing,2,logistic_regression,False,11,hybrid,none,lr_calculation,1,1,True,0.6489841746708832,5.896324323013801
0,18,13,1,3,single_condition,hybrid,wine_quality,21,testing,3,logistic_regression,False,12,hybrid,none,lr_calculation,0,1,False,0.464061804026938,5.878755047085764
1,18,14,1,4,single_condition,hybrid,wine_quality,23,testing,4,decision_tree,True,13,hybrid,dt,lr_heuristic,0,0,True,0.5201161310140094,3.3989413492103475
0,18,15,1,5,single_condition,hybrid,wine_quality,29,testing,5,logistic_regression,False,14,hybrid,none,lr_calculation,0,1,False,0.41997331417347583,5.92761865647931
1,18,16,1,6,single_condition,hybrid,wine_quality,16,testing,6,logistic_regression,True,15,hybrid,lr,lr_calculation,0,0,True,0.5696586558235326,8.930634812755299
1,18,17,1,7,single_condition,hybrid,wine_quality,22,testing,7,decision_tree,True,16,hybrid,dt,lr_heuristic,1,1,True,0.6861115301223495,3.608632936708606
1,18,18,1,8,single_condition,hybrid,wine_quality,12,testing,8,logistic_regression,True,17,hybrid,lr,lr_heuristic,1,1,True,0.7399810937601725,3.4868802948932207
1,18,19,1,9,single_condition,hybrid,wine_quality,15,testing,9,logistic_regression,True,18,hybrid,lr,dt_traversal,1,1,True,0.625,4.985057414341745
1,18,20,1,10,single_condition,hybrid,wine_quality,26,testing,10,logistic_regression,True,19,hybrid,lr,dt_traversal,1,1,True,0.59375,7.762097604380966
1,18,21,1,11,single_condition,hybrid,wine_quality,27,testing,11,decision_tree,False,20,hybrid,none,lr_calculation,1,1,True,0.6141796171189593,5.873228853916416
1,18,22,1,12,single_condition,hybrid,wine_quality,13,testing,12,decision_tree,False,21,hybrid,none,lr_calculation,0,0,True,0.5,5.9399999999999995
0,18,23,1,13,single_condition,hybrid,wine_quality,19,testing,13,decision_tree,False,22,hybrid,none,lr_calculation,0,1,False,0.46926016069894083,5.8868878071896455
1,18,24,1,14,single_condition,hybrid,wine_quality,11,testing,14,decision_tree,True,23,hybrid,dt,lr_heuristic,1,1,True,0.5735919514073471,3.5544625789001207
1,18,25,1,15,single_condition,hybrid,wine_quality,20,testing,15,decision_tree,True,24,hybrid,dt,lr_heuristic,1,1,True,0.7855598291060786,3.483359442725758
1,18,26,1,16,single_condition,hybrid,wine_quality,25,testing,16,logistic_regression,True,25,hybrid,lr,lr_calculation,0,0,True,0.7576786750747371,6.801961406911607
1,18,27,1,17,single_condition,hybrid,wine_quality,28,testing,17,decision_tree,False,26,hybrid,none,lr_calculation,1,1,True,0.6489841746708832,5.896324323013801
1,18,28,1,18,single_condition,hybrid,wine_quality,17,testing,18,decision_tree,False,27,hybrid,none,lr_heuristic,0,0,True,0.5548348594548812,3.531560663776749
1,18,29,1,19,single_condition,hybrid,wine_quality,14,testing,19,decision_tree,True,28,hybrid,dt,lr_heuristic,0,0,True,0.5738077342476922,3.539431432843893
1,18,30,1,20,single_condition,hybrid,wine_quality,10,testing,20,logistic_regression,False,29,hybrid,none,lr_calculation,1,1,True,0.6681324953829701,5.862566134561652
0,19,1,1,1,single_condition,decision_tree,wine_quality,0,training,1,decision_tree,,0,decision_tree,dt,dt_traversal,1,0,False,0.1875,15.931322408342053
0,19,2,1,2,single_condition,decision_tree,wine_quality,3,training,2,decision_tree,,1,decision_tree,dt,dt_traversal,1,0,False,0.1875,15.931322408342053
1,19,3,1,3,single_condition,decision_tree,wine_quality,2,training,3,decision_tree,,2,decision_tree,dt,dt_traversal,0,0,True,0.8125,12.552183725893588
1,19,4,1,4,single_condition,decision_tree,wine_quality,5,training,4,decision_tree,,3,decision_tree,dt,dt_traversal,1,1,True,0.9375,15.931322408342053
1,19,5,1,5,single_condition,decision_tree,wine_quality,8,training,5,decision_tree,,4,decision_tree,dt,dt_traversal,1,1,True,0.9375,15.931322408342053
1,19,6,1,6,single_condition,decision_tree,wine_quality,4,training,6,decision_tree,,5,decision_tree,dt,dt_traversal,0,0,True,0.875,23.086559089669713
1,19,7,1,7,single_condition,decision_tree,wine_quality,6,training,7,decision_tree,,6,decision_tree,dt,dt_traversal,0,0,True,0.9375,23.086559089669713
1,19,8,1,8,single_condition,decision_tree,wine_quality,9,training,8,decision_tree,,7,decision_tree,dt,dt_traversal,1,1,True,0.8125,23.086559089669713
1,19,9,1,9,single_condition,decision_tree,wine_quality,7,training,9,decision_tree,,8,decision_tree,dt,dt_traversal,1,1,True,1.0,23.086559089669713
1,19,10,1,10,single_condition,decision_tree,wine_quality,1,training,10,decision_tree,,9,decision_tree,dt,dt_traversal,0,0,True,0.9375,23.086559089669713
1,19,11,1,1,single_condition,decision_tree,wine_quality,19,testing,1,decision_tree,True,10,decision_tree,dt,dt_traversal,0,0,True,1.0,23.086559089669713
0,19,12,1,2,single_condition,decision_tree,wine_quality,26,testing,2,decision_tree,False,11,decision_tree,none,dt_traversal,1,0,False,0.46875,3.134784448605047
1,19,13,1,3,single_condition,decision_tree,wine_quality,14,testing,3,decision_tree,True,12,decision_tree,dt,dt_traversal,0,0,True,0.9375,15.931322408342053
0,19,14,1,4,single_condition,decision_tree,wine_quality,24,testing,4,decision_tree,False,13,decision_tree,none,dt_traversal,1,0,False,0.46875,5.016307414341746
1,19,15,1,5,single_condition,decision_tree,wine_quality,13,testing,5,decision_tree,True,14,decision_tree,dt,dt_traversal,0,0,True,0.9375,23.701149146565356
0,19,16,1,6,single_condition,decision_tree,wine_quality,22,testing,6,decision_tree,True,15,decision_tree,dt,dt_traversal,1,0,False,0.0,19.504819105182325
1,19,17,1,7,single_condition,decision_tree,wine_quality,25,testing,7,decision_tree,True,16,decision_tree,dt,dt_traversal,0,0,True,0.875,15.931322408342053
0,19,18,1,8,single_condition,decision_tree,wine_quality,28,testing,8,decision_tree,True,17,decision_tree,dt,dt_traversal,1,0,False,0.4375,12.871120570117665
0,19,19,1,9,single_condition,decision_tree,wine_quality,11,testing,9,decision_tree,False,18,decision_tree,none,dt_traversal,1,0,False,0.4375,6.55182463864427
1,19,20,1,10,single_condition,decision_tree,wine_quality,17,testing,10,decision_tree,False,19,decision_tree,none,dt_traversal,0,0,True,0.5,6.568572184589632
1,19,21,1,11,single_condition,decision_tree,wine_quality,16,testing,11,decision_tree,False,20,decision_tree,none,dt_traversal,0,0,True,0.625,7.793347604380967
0,19,22,1,12,single_condition,decision_tree,wine_quality,10,testing,12,decision_tree,False,21,decision_tree,none,dt_traversal,1,0,False,0.5,8.97011482868349
1,19,23,1,13,single_condition,decision_tree,wine_quality,15,testing,13,decision_tree,True,22,decision_tree,dt,dt_traversal,1,1,True,0.9375,15.931322408342053
1,19,24,1,14,single_condition,decision_tree,wine_quality,20,testing,14,decision_tree,True,23,decision_tree,dt,dt_traversal,1,1,True,0.875,13.016091862946787
1,19,25,1,15,single_condition,decision_tree,wine_quality,18,testing,15,decision_tree,False,24,decision_tree,none,dt_traversal,1,1,True,0.625,5.056468799981401
0,19,26,1,16,single_condition,decision_tree,wine_quality,12,testing,16,decision_tree,False,25,decision_tree,none,dt_traversal,1,0,False,0.4375,3.878036092294815
1,19,27,1,17,single_condition,decision_tree,wine_quality,29,testing,17,decision_tree,False,26,decision_tree,none,dt_traversal,0,0,True,0.53125,5.118968799981401
1,19,28,1,18,single_condition,decision_tree,wine_quality,23,testing,18,decision_tree,True,27,decision_tree,dt,dt_traversal,0,0,True,0.9375,19.504819105182325
1,19,29,1,19,single_condition,decision_tree,wine_quality,27,testing,19,decision_tree,True,28,decision_tree,dt,dt_traversal,1,1,True,0.875,23.086559089669713
1,19,30,1,20,single_condition,decision_tree,wine_quality,21,testing,20,decision_tree,False,29,decision_tree,none,dt_traversal,0,0,True,0.53125,3.575615415373169
1,20,1,1,1,single_condition,logistic_regression,wine_quality,5,training,1,logistic_regression,,0,linear_regression,lr,lr_heuristic,1,1,True,0.797940694302834,4.597054474954108
1,20,2,1,2,single_condition,logistic_regression,wine_quality,0,training,2,logistic_regression,,1,linear_regression,lr,lr_heuristic,1,1,True,0.7761205471420376,4.616260324037324
1,20,3,1,3,single_condition,logistic_regression,wine_quality,9,training,3,logistic_regression,,2,linear_regression,lr,lr_heuristic,1,1,True,0.9045804723371886,3.178386765066766
0,20,4,1,4,single_condition,logistic_regression,wine_quality,1,training,4,logistic_regression,,3,linear_regression,lr,lr_heuristic,0,1,False,0.23589336594674415,3.105634895991079
1,20,5,1,5,single_condition,logistic_regression,wine_quality,3,training,5,logistic_regression,,4,linear_regression,lr,lr_heuristic,1,1,True,0.8765876795024873,4.551858566303167
0,20,6,1,6,single_condition,logistic_regression,wine_quality,6,training,6,logistic_regression,,5,linear_regression,lr,lr_heuristic,0,1,False,0.2242158485197654,3.2194297058513213
1,20,7,1,7,single_condition,logistic_regression,wine_quality,7,training,7,logistic_regression,,6,linear_regression,lr,lr_heuristic,1,1,True,0.6419603630761079,4.7709454320816
0,20,8,1,8,single_condition,logistic_regression,wine_quality,4,training,8,logistic_regression,,7,linear_regression,lr,lr_heuristic,0,1,False,0.4193741476389157,3.201399724677876
1,20,9,1,9,single_condition,logistic_regression,wine_quality,2,training,9,logistic_regression,,8,linear_regression,lr,lr_heuristic,0,0,True,0.8073881164522978,3.090358529590185
0,20,10,1,10,single_condition,logistic_regression,wine_quality,8,training,10,logistic_regression,,9,linear_regression,lr,lr_heuristic,1,0,False,0.3813110310506935,3.3886768465796817
0,20,11,1,1,single_condition,logistic_regression,wine_quality,16,testing,1,logistic_regression,True,10,linear_regression,lr,lr_heuristic,0,1,False,0.17412681282521525,4.88660100271494
1,20,12,1,2,single_condition,logistic_regression,wine_quality,23,testing,2,logistic_regression,False,11,linear_regression,none,lr_heuristic,0,0,True,0.9037002297108384,3.2515695608116286
1,20,13,1,3,single_condition,logistic_regression,wine_quality,12,testing,3,logistic_regression,False,12,linear_regression,none,lr_heuristic,1,1,True,0.7219429989773449,3.441125246927634
1,20,14,1,4,single_condition,logistic_regression,wine_quality,26,testing,4,logistic_regression,False,13,linear_regression,none,lr_heuristic,1,1,True,0.5792639220398219,3.4302658934435026
1,20,15,1,5,single_condition,logistic_regression,wine_quality,24,testing,5,logistic_regression,True,14,linear_regression,lr,lr_heuristic,1,1,True,0.9346127214093141,4.685205090111797
1,20,16,1,6,single_condition,logistic_regression,wine_quality,11,testing,6,logistic_regression,False,15,linear_regression,none,lr_heuristic,1,1,True,0.6696103053825082,3.4411632778324073
1,20,17,1,7,single_condition,logistic_regression,wine_quality,18,testing,7,logistic_regression,True,16,linear_regression,lr,lr_heuristic,1,1,True,0.9645107109018176,4.6931031209403
1,20,18,1,8,single_condition,logistic_regression,wine_quality,28,testing,8,logistic_regression,True,17,linear_regression,lr,lr_heuristic,1,1,True,0.8978522144604687,4.630082478498235
0,20,19,1,9,single_condition,logistic_regression,wine_quality,19,testing,9,logistic_regression,True,18,linear_regression,lr,lr_heuristic,0,1,False,0.24698414081329523,7.187137577920498
0,20,20,1,10,single_condition,logistic_regression,wine_quality,21,testing,10,logistic_regression,True,19,linear_regression,lr,lr_heuristic,0,1,False,0.44551711872080024,4.842316136848247
1,20,21,1,11,single_condition,logistic_regression,wine_quality,22,testing,11,logistic_regression,True,20,linear_regression,lr,lr_heuristic,1,1,True,0.7904553329391739,3.4897020674050276
0,20,22,1,12,single_condition,logistic_regression,wine_quality,14,testing,12,logistic_regression,True,21,linear_regression,lr,lr_heuristic,0,1,False,0.4082615692791618,3.483799467079209
1,20,23,1,13,single_condition,logistic_regression,wine_quality,27,testing,13,logistic_regression,False,22,linear_regression,none,lr_calculation,1,1,True,0.6681324953829701,5.862566134561652
1,20,24,1,14,single_condition,logistic_regression,wine_quality,13,testing,14,logistic_regression,False,23,linear_regression,none,lr_calculation,0,0,True,0.5309249719605663,5.883904595106996
1,20,25,1,15,single_condition,logistic_regression,wine_quality,17,testing,15,logistic_regression,True,24,linear_regression,lr,lr_heuristic,0,0,True,0.6518650199094876,3.5216022567112155
0,20,26,1,16,single_condition,logistic_regression,wine_quality,15,testing,16,logistic_regression,False,25,linear_regression,none,lr_heuristic,1,0,False,0.3916329669326901,3.5085730616779047
0,20,27,1,17,single_condition,logistic_regression,wine_quality,29,testing,17,logistic_regression,False,26,linear_regression,none,lr_calculation,0,1,False,0.4255547281094917,5.844447251105269
0,20,28,1,18,single_condition,logistic_regression,wine_quality,25,testing,18,logistic_regression,False,27,linear_regression,none,lr_calculation,0,1,False,0.453981975226184,5.796409921684221
1,20,29,1,19,single_condition,logistic_regression,wine_quality,10,testing,19,logistic_regression,True,28,linear_regression,lr,lr_heuristic,1,1,True,0.8288809001540693,4.766738453964382
1,20,30,1,20,single_condition,logistic_regression,wine_quality,20,testing,20,logistic_regression,False,29,linear_regression,none,lr_heuristic,1,1,True,0.8169636788676982,4.93579327389779
1,21,1,1,1,single_condition,hybrid,wine_quality,1,training,1,decision_tree,,0,hybrid,dt,dt_traversal,0,0,True,0.8125,15.931322408342053
1,21,2,1,2,single_condition,hybrid,wine_quality,2,training,2,decision_tree,,1,hybrid,dt,dt_traversal,0,0,True,0.8125,15.931322408342053
1,21,3,1,3,single_condition,hybrid,wine_quality,7,training,3,decision_tree,,2,hybrid,dt,dt_traversal,1,1,True,0.625,12.552183725893588
0,21,4,1,4,single_condition,hybrid,wine_quality,0,training,4,logistic_regression,,3,hybrid,lr,dt_traversal,1,0,False,0.46875,9.432265029431715
1,21,5,1,5,single_condition,hybrid,wine_quality,8,training,5,decision_tree,,4,hybrid,dt,dt_traversal,1,1,True,0.6875,15.931322408342053
1,21,6,1,6,single_condition,hybrid,wine_quality,9,training,6,logistic_regression,,5,hybrid,lr,dt_traversal,1,1,True,0.5625,11.622155018722715
0,21,7,1,7,single_condition,hybrid,wine_quality,3,training,7,logistic_regression,,6,hybrid,lr,dt_traversal,1,0,False,0.46875,8.484109087249315
1,21,8,1,8,single_condition,hybrid,wine_quality,5,training,8,decision_tree,,7,hybrid,dt,dt_traversal,1,1,True,0.75,15.931322408342053
1,21,9,1,9,single_condition,hybrid,wine_quality,6,training,9,logistic_regression,,8,hybrid,lr,dt_traversal,0,0,True,0.6875,9.81712631155184
1,21,10,1,10,single_condition,hybrid,wine_quality,4,training,10,logistic_regression,,9,hybrid,lr,dt_traversal,0,0,True,0.71875,10.570387794420192
1,21,11,1,1,single_condition,hybrid,wine_quality,12,testing,1,logistic_regression,False,10,hybrid,none,dt_traversal,1,1,True,0.8125,10.476637794420192
1,21,12,1,2,single_condition,hybrid,wine_quality,19,testing,2,decision_tree,False,11,hybrid,none,dt_traversal,0,0,True,0.6875,10.240632052986017
1,21,13,1,3,single_condition,hybrid,wine_quality,10,testing,3,logistic_regression,False,12,hybrid,none,dt_traversal,1,1,True,0.65625,8.609109087249317
1,21,14,1,4,single_condition,hybrid,wine_quality,16,testing,4,decision_tree,True,13,hybrid,dt,dt_traversal,0,0,True,0.9375,23.086559089669713
1,21,15,1,5,single_condition,hybrid,wine_quality,17,testing,5,logistic_regression,False,14,hybrid,none,dt_traversal,0,0,True,0.5625,7.401091862946793
0,21,16,1,6,single_condition,hybrid,wine_quality,22,testing,6,logistic_regression,True,15,hybrid,lr,dt_traversal,1,0,False,0.28125,8.185603345815142
1,21,17,1,7,single_condition,hybrid,wine_quality,18,testing,7,decision_tree,True,16,hybrid,dt,dt_traversal,1,1,True,0.8125,15.931322408342053
0,21,18,1,8,single_condition,hybrid,wine_quality,28,testing,8,decision_tree,True,17,hybrid,dt,dt_traversal,1,0,False,0.375,12.842126311551837
1,21,19,1,9,single_condition,hybrid,wine_quality,15,testing,9,decision_tree,True,18,hybrid,dt,dt_traversal,1,1,True,1.0,23.086559089669713
1,21,20,1,10,single_condition,hybrid,wine_quality,26,testing,10,decision_tree,True,19,hybrid,dt,dt_traversal,1,1,True,0.5625,12.552183725893588
1,21,21,1,11,single_condition,hybrid,wine_quality,11,testing,11,decision_tree,True,20,hybrid,dt,dt_traversal,1,1,True,0.625,28.003279544834864
0,21,22,1,12,single_condition,hybrid,wine_quality,13,testing,12,logistic_regression,True,21,hybrid,lr,dt_traversal,0,1,False,0.4375,5.945139476903047
1,21,23,1,13,single_condition,hybrid,wine_quality,29,testing,13,decision_tree,True,22,hybrid,dt,dt_traversal,0,0,True,0.75,12.552183725893588
1,21,24,1,14,single_condition,hybrid,wine_quality,25,testing,14,logistic_regression,False,23,hybrid,none,dt_traversal,0,0,True,0.5,3.541034448605047
0,21,25,1,15,single_condition,hybrid,wine_quality,14,testing,15,logistic_regression,False,24,hybrid,none,dt_traversal,0,1,False,0.46875,5.047557414341745
1,21,26,1,16,single_condition,hybrid,wine_quality,24,testing,16,logistic_regression,False,25,hybrid,none,dt_traversal,1,1,True,0.5625,6.506072184589632
1,21,27,1,17,single_condition,hybrid,wine_quality,21,testing,17,decision_tree,False,26,hybrid,none,dt_traversal,0,0,True,0.53125,9.032614828683492
1,21,28,1,18,single_condition,hybrid,wine_quality,20,testing,18,decision_tree,True,27,hybrid,dt,dt_traversal,1,1,True,1.0,22.25240955259117
1,21,29,1,19,single_condition,hybrid,wine_quality,27,testing,19,logistic_regression,False,28,hybrid,none,dt_traversal,1,1,True,0.53125,6.286824638644269
1,21,30,1,20,single_condition,hybrid,wine_quality,23,testing,20,logistic_regression,False,29,hybrid,none,dt_traversal,0,0,True,0.5,4.514127446138107
0,22,1,1,1,single_condition,decision_tree,wine_quality,3,training,1,decision_tree,,0,decision_tree,dt,dt_traversal,1,0,False,0.1875,15.931322408342053
1,22,2,1,2,single_condition,decision_tree,wine_quality,2,training,2,decision_tree,,1,decision_tree,dt,dt_traversal,0,0,True,0.8125,15.931322408342053
1,22,3,1,3,single_condition,decision_tree,wine_quality,7,training,3,decision_tree,,2,decision_tree,dt,dt_traversal,1,1,True,0.625,12.552183725893588
1,22,4,1,4,single_condition,decision_tree,wine_quality,8,training,4,decision_tree,,3,decision_tree,dt,dt_traversal,1,1,True,0.9375,15.931322408342053
1,22,5,1,5,single_condition,decision_tree,wine_quality,9,training,5,decision_tree,,4,decision_tree,dt,dt_traversal,1,1,True,0.75,15.931322408342053
1,22,6,1,6,single_condition,decision_tree,wine_quality,6,training,6,decision_tree,,5,decision_tree,dt,dt_traversal,0,0,True,0.9375,23.086559089669713
1,22,7,1,7,single_condition,decision_tree,wine_quality,4,training,7,decision_tree,,6,decision_tree,dt,dt_traversal,0,0,True,0.9375,23.086559089669713
0,22,8,1,8,single_condition,decision_tree,wine_quality,0,training,8,decision_tree,,7,decision_tree,dt,dt_traversal,1,0,False,0.0625,23.086559089669713
1,22,9,1,9,single_condition,decision_tree,wine_quality,5,training,9,decision_tree,,8,decision_tree,dt,dt_traversal,1,1,True,0.875,15.931322408342053
1,22,10,1,10,single_condition,decision_tree,wine_quality,1,training,10,decision_tree,,9,decision_tree,dt,dt_traversal,0,0,True,0.75,12.552183725893588
1,22,11,1,1,single_condition,decision_tree,wine_quality,16,testing,1,decision_tree,True,10,decision_tree,dt,dt_traversal,0,0,True,1.0,23.086559089669713
1,22,12,1,2,single_condition,decision_tree,wine_quality,21,testing,2,decision_tree,False,11,decision_tree,none,dt_traversal,0,0,True,0.53125,3.134784448605047
1,22,13,1,3,single_condition,decision_tree,wine_quality,18,testing,3,decision_tree,True,12,decision_tree,dt,dt_traversal,1,1,True,0.875,15.931322408342053
0,22,14,1,4,single_condition,decision_tree,wine_quality,26,testing,4,decision_tree,False,13,decision_tree,none,dt_traversal,1,0,False,0.46875,5.408563155775921
1,22,15,1,5,single_condition,decision_tree,wine_quality,12,testing,5,decision_tree,True,14,decision_tree,dt,dt_traversal,1,1,True,0.875,23.086559089669713
0,22,16,1,6,single_condition,decision_tree,wine_quality,24,testing,6,decision_tree,False,15,decision_tree,none,dt_traversal,1,0,False,0.46875,6.946336121512617
0,22,17,1,7,single_condition,decision_tree,wine_quality,11,testing,7,decision_tree,False,16,decision_tree,none,dt_traversal,1,0,False,0.4375,7.100330380078445
1,22,18,1,8,single_condition,decision_tree,wine_quality,15,testing,8,decision_tree,True,17,decision_tree,dt,dt_traversal,1,1,True,0.9375,15.931322408342053
0,22,19,1,9,single_condition,decision_tree,wine_quality,22,testing,9,decision_tree,False,18,decision_tree,none,dt_traversal,1,0,False,0.34375,8.577859087249319
1,22,20,1,10,single_condition,decision_tree,wine_quality,20,testing,10,decision_tree,True,19,decision_tree,dt,dt_traversal,1,1,True,0.9375,28.003279544834864
1,22,21,1,11,single_condition,decision_tree,wine_quality,17,testing,11,decision_tree,True,20,decision_tree,dt,dt_traversal,0,0,True,0.75,12.552183725893588
1,22,22,1,12,single_condition,decision_tree,wine_quality,29,testing,12,decision_tree,False,21,decision_tree,none,dt_traversal,0,0,True,0.75,9.75462631155184
0,22,23,1,13,single_condition,decision_tree,wine_quality,28,testing,13,decision_tree,True,22,decision_tree,dt,dt_traversal,1,0,False,0.3125,27.695984516387043
1,22,24,1,14,single_condition,decision_tree,wine_quality,10,testing,14,decision_tree,False,23,decision_tree,none,dt_traversal,1,1,True,0.65625,7.008836121512618
1,22,25,1,15,single_condition,decision_tree,wine_quality,23,testing,15,decision_tree,False,24,decision_tree,none,dt_traversal,0,0,True,0.5625,4.7540481230597536
1,22,26,1,16,single_condition,decision_tree,wine_quality,13,testing,16,decision_tree,True,25,decision_tree,dt,dt_traversal,0,0,True,0.875,23.393854118117535
1,22,27,1,17,single_condition,decision_tree,wine_quality,25,testing,17,decision_tree,True,26,decision_tree,dt,dt_traversal,0,0,True,0.875,12.552183725893588
1,22,28,1,18,single_condition,decision_tree,wine_quality,14,testing,18,decision_tree,False,27,decision_tree,none,dt_traversal,0,0,True,0.59375,5.630060153824693
1,22,29,1,19,single_condition,decision_tree,wine_quality,19,testing,19,decision_tree,False,28,decision_tree,none,dt_traversal,0,0,True,0.5,4.211706769216462
1,22,30,1,20,single_condition,decision_tree,wine_quality,27,testing,20,decision_tree,True,29,decision_tree,dt,dt_traversal,1,1,True,0.9375,15.931322408342053
0,23,1,1,1,single_condition,logistic_regression,wine_quality,4,training,1,logistic_regression,,0,linear_regression,lr,lr_heuristic,0,1,False,0.4387271875848844,4.778296532504468
1,23,2,1,2,single_condition,logistic_regression,wine_quality,5,training,2,logistic_regression,,1,linear_regression,lr,lr_heuristic,1,1,True,0.8130097984792725,4.795260900177862
1,23,3,1,3,single_condition,logistic_regression,wine_quality,8,training,3,logistic_regression,,2,linear_regression,lr,lr_heuristic,1,1,True,0.6411706442401255,3.369862262008974
1,23,4,1,4,single_condition,logistic_regression,wine_quality,7,training,4,logistic_regression,,3,linear_regression,lr,lr_heuristic,1,1,True,0.8628187973318184,3.1949977124959767
0,23,5,1,5,single_condition,logistic_regression,wine_quality,6,training,5,logistic_regression,,4,linear_regression,lr,lr_heuristic,0,1,False,0.07932740409409744,4.56121278642464
1,23,6,1,6,single_condition,logistic_regression,wine_quality,2,training,6,logistic_regression,,5,linear_regression,lr,lr_heuristic,0,0,True,0.7459186175195857,3.090207024240895
0,23,7,1,7,single_condition,logistic_regression,wine_quality,9,training,7,logistic_regression,,6,linear_regression,lr,lr_heuristic,1,0,False,0.2520099187426562,3.391211427210675
1,23,8,1,8,single_condition,logistic_regression,wine_quality,1,training,8,logistic_regression,,7,linear_regression,lr,lr_heuristic,0,0,True,0.6049137895233615,3.2156531160942317
1,23,9,1,9,single_condition,logistic_regression,wine_quality,3,training,9,logistic_regression,,8,linear_regression,lr,lr_heuristic,1,1,True,0.5271435681480114,3.428995621697547
0,23,10,1,10,single_condition,logistic_regression,wine_quality,0,training,10,logistic_regression,,9,linear_regression,lr,lr_heuristic,1,0,False,0.4665200737550437,3.4198721127832545
1,23,11,1,1,single_condition,logistic_regression,wine_quality,18,testing,1,logistic_regression,True,10,linear_regression,lr,lr_heuristic,1,1,True,0.9640828717529613,3.1487317535470023
1,23,12,1,2,single_condition,logistic_regression,wine_quality,12,testing,2,logistic_regression,False,11,linear_regression,none,lr_heuristic,1,1,True,0.8371039262030979,3.2704683636083134
1,23,13,1,3,single_condition,logistic_regression,wine_quality,16,testing,3,logistic_regression,False,12,linear_regression,none,lr_calculation,0,0,True,0.5462327688968844,5.826999982731906
1,23,14,1,4,single_condition,logistic_regression,wine_quality,17,testing,4,logistic_regression,True,13,linear_regression,lr,lr_calculation,0,0,True,0.5085269865019568,4.9398603869335425
1,23,15,1,5,single_condition,logistic_regression,wine_quality,20,testing,5,logistic_regression,True,14,linear_regression,lr,lr_heuristic,1,1,True,0.5238534819409306,3.4445664718955546
1,23,16,1,6,single_condition,logistic_regression,wine_quality,22,testing,6,logistic_regression,True,15,linear_regression,lr,lr_heuristic,1,1,True,0.9413381165646381,3.205865123142521
1,23,17,1,7,single_condition,logistic_regression,wine_quality,15,testing,7,logistic_regression,False,16,linear_regression,none,lr_calculation,1,1,True,0.508582217267148,5.831465550661939
1,23,18,1,8,single_condition,logistic_regression,wine_quality,14,testing,8,logistic_regression,True,17,linear_regression,lr,lr_calculation,0,0,True,0.7429971593323715,6.818440971665233
1,23,19,1,9,single_condition,logistic_regression,wine_quality,21,testing,9,logistic_regression,False,18,linear_regression,none,lr_calculation,0,0,True,0.5084296803414274,5.935244377197627
1,23,20,1,10,single_condition,logistic_regression,wine_quality,13,testing,10,logistic_regression,True,19,linear_regression,lr,lr_calculation,0,0,True,0.7003626133303285,6.859310265222289
1,23,21,1,11,single_condition,logistic_regression,wine_quality,11,testing,11,logistic_regression,False,20,linear_regression,none,lr_calculation,1,1,True,0.57124292658788,5.927951335266105
1,23,22,1,12,single_condition,logistic_regression,wine_quality,26,testing,12,logistic_regression,False,21,linear_regression,none,lr_calculation,1,1,True,0.6681324953829701,5.862566134561652
1,23,23,1,13,single_condition,logistic_regression,wine_quality,10,testing,13,logistic_regression,True,22,linear_regression,lr,lr_calculation,1,1,True,0.6489841746708832,4.896324323013801
1,23,24,1,14,single_condition,logistic_regression,wine_quality,28,testing,14,logistic_regression,False,23,linear_regression,none,lr_calculation,1,1,True,0.6590535525820611,5.886009924149986
1,23,25,1,15,single_condition,logistic_regression,wine_quality,25,testing,15,logistic_regression,False,24,linear_regression,none,lr_calculation,0,0,True,0.54258406750152,5.845593563955708
1,23,26,1,16,single_condition,logistic_regression,wine_quality,27,testing,16,logistic_regression,True,25,linear_regression,lr,lr_calculation,1,1,True,0.6489841746708832,4.896324323013801
1,23,27,1,17,single_condition,logistic_regression,wine_quality,23,testing,17,logistic_regression,True,26,linear_regression,lr,lr_calculation,0,0,True,0.5522695261258133,4.934738986343357
1,23,28,1,18,single_condition,logistic_regression,wine_quality,19,testing,18,logistic_regression,True,27,linear_regression,lr,lr_calculation,0,0,True,0.7242617874296169,6.837627167878732
0,23,29,1,19,single_condition,logistic_regression,wine_quality,29,testing,19,logistic_regression,False,28,linear_regression,none,lr_calculation,0,1,False,0.34533410498448514,5.7865585243625555
1,23,30,1,20,single_condition,logistic_regression,wine_quality,24,testing,20,logistic_regression,False,29,linear_regression,none,lr_calculation,1,1,True,0.6489841746708832,5.896324323013801
0,24,1,1,1,single_condition,hybrid,wine_quality,7,training,1,logistic_regression,,0,hybrid,lr,dt_traversal,1,0,False,0.5,10.677461661492682
1,24,2,1,2,single_condition,hybrid,wine_quality,1,training,2,decision_tree,,1,hybrid,dt,dt_traversal,0,0,True,0.6875,15.931322408342053
0,24,3,1,3,single_condition,hybrid,wine_quality,0,training,3,logistic_regression,,2,hybrid,lr,dt_traversal,1,0,False,0.375,11.198649277288538
1,24,4,1,4,single_condition,hybrid,wine_quality,9,training,4,decision_tree,,3,hybrid,dt,lr_heuristic,1,1,True,0.9168217200958313,3.2303009508743328
1,24,5,1,5,single_condition,hybrid,wine_quality,6,training,5,logistic_regression,,4,hybrid,lr,dt_traversal,0,0,True,0.6875,8.111925569197863
1,24,6,1,6,single_condition,hybrid,wine_quality,4,training,6,decision_tree,,5,hybrid,dt,dt_traversal,0,0,True,0.875,23.086559089669713
1,24,7,1,7,single_condition,hybrid,wine_quality,5,training,7,decision_tree,,6,hybrid,dt,dt_traversal,1,1,True,0.9375,23.086559089669713
1,24,8,1,8,single_condition,hybrid,wine_quality,2,training,8,decision_tree,,7,hybrid,dt,dt_traversal,0,0,True,0.875,23.086559089669713
1,24,9,1,9,single_condition,hybrid,wine_quality,8,training,9,logistic_regression,,8,hybrid,lr,dt_traversal,1,1,True,0.5625,8.640359087249315
1,24,10,1,10,single_condition,hybrid,wine_quality,3,training,10,logistic_regression,,9,hybrid,lr,dt_traversal,1,1,True,0.53125,10.178132052986014
1,24,11,1,1,single_condition,hybrid,wine_quality,16,testing,1,logistic_regression,True,10,hybrid,lr,dt_traversal,0,0,True,0.65625,10.178132052986014
1,24,12,1,2,single_condition,hybrid,wine_quality,26,testing,2,decision_tree,False,11,hybrid,none,dt_traversal,1,1,True,0.59375,8.185603345815142
1,24,13,1,3,single_condition,hybrid,wine_quality,24,testing,3,decision_tree,True,12,hybrid,dt,dt_traversal,1,1,True,0.875,23.086559089669713
1,24,14,1,4,single_condition,hybrid,wine_quality,15,testing,4,logistic_regression,True,13,hybrid,lr,dt_traversal,1,1,True,0.53125,7.762097604380966
1,24,15,1,5,single_condition,hybrid,wine_quality,22,testing,5,decision_tree,False,14,hybrid,none,lr_calculation,1,1,True,0.6870074995226483,5.788986183494983
0,24,16,1,6,single_condition,hybrid,wine_quality,13,testing,6,logistic_regression,False,15,hybrid,none,lr_calculation,0,1,False,0.4417364360181001,5.852083791101197
1,24,17,1,7,single_condition,hybrid,wine_quality,23,testing,7,logistic_regression,True,16,hybrid,lr,lr_calculation,0,0,True,0.5522695261258133,4.934738986343357
1,24,18,1,8,single_condition,hybrid,wine_quality,28,testing,8,logistic_regression,False,17,hybrid,none,lr_calculation,1,1,True,0.6489841746708832,5.896324323013801
0,24,19,1,9,single_condition,hybrid,wine_quality,21,testing,9,decision_tree,True,18,hybrid,dt,lr_heuristic,0,1,False,0.4703855742123866,3.3722226404027564
1,24,20,1,10,single_condition,hybrid,wine_quality,20,testing,10,decision_tree,True,19,hybrid,dt,lr_heuristic,1,1,True,0.7794683834869187,3.4312265659039007
0,24,21,1,11,single_condition,hybrid,wine_quality,19,testing,11,logistic_regression,False,20,hybrid,none,lr_calculation,0,1,False,0.4870997389046342,5.93463200541354
1,24,22,1,12,single_condition,hybrid,wine_quality,25,testing,12,decision_tree,False,21,hybrid,none,lr_calculation,0,0,True,0.5221891054497896,5.9051241089316475
1,24,23,1,13,single_condition,hybrid,wine_quality,12,testing,13,logistic_regression,True,22,hybrid,lr,lr_heuristic,1,1,True,0.6948647966681806,3.499270524543494
1,24,24,1,14,single_condition,hybrid,wine_quality,10,testing,14,decision_tree,False,23,hybrid,none,lr_heuristic,1,1,True,0.8119547647432772,3.507647871938194
1,24,25,1,15,single_condition,hybrid,wine_quality,11,testing,15,decision_tree,True,24,hybrid,dt,lr_heuristic,1,1,True,0.9065606527237349,3.392864060480444
0,24,26,1,16,single_condition,hybrid,wine_quality,29,testing,16,decision_tree,False,25,hybrid,none,lr_calculation,0,1,False,0.4256586060729427,5.9214882661150305
1,24,27,1,17,single_condition,hybrid,wine_quality,18,testing,17,logistic_regression,False,26,hybrid,none,lr_calculation,1,1,True,0.60026968608645,5.846111012994521
1,24,28,1,18,single_condition,hybrid,wine_quality,14,testing,18,decision_tree,False,27,hybrid,none,lr_heuristic,0,0,True,0.7119451141299019,3.5965754623696693
0,24,29,1,19,single_condition,hybrid,wine_quality,17,testing,19,logistic_regression,True,28,hybrid,lr,lr_heuristic,0,1,False,0.4998146223724309,5.011837504735153
0,24,30,1,20,single_condition,hybrid,wine_quality,27,testing,20,logistic_regression,True,29,hybrid,lr,dt_traversal,1,0,False,0.5,5.265139476903046
1,25,1,1,1,single_condition,decision_tree,wine_quality,9,training,1,decision_tree,,0,decision_tree,dt,dt_traversal,1,1,True,0.8125,15.931322408342053
1,25,2,1,2,single_condition,decision_tree,wine_quality,4,training,2,decision_tree,,1,decision_tree,dt,dt_traversal,0,0,True,0.8125,15.931322408342053
1,25,3,1,3,single_condition,decision_tree,wine_quality,7,training,3,decision_tree,,2,decision_tree,dt,dt_traversal,1,1,True,0.625,12.552183725893588
1,25,4,1,4,single_condition,decision_tree,wine_quality,2,training,4,decision_tree,,3,decision_tree,dt,dt_traversal,0,0,True,0.75,15.931322408342053
1,25,5,1,5,single_condition,decision_tree,wine_quality,8,training,5,decision_tree,,4,decision_tree,dt,dt_traversal,1,1,True,0.9375,15.931322408342053
1,25,6,1,6,single_condition,decision_tree,wine_quality,5,training,6,decision_tree,,5,decision_tree,dt,dt_traversal,1,1,True,0.8125,23.086559089669713
0,25,7,1,7,single_condition,decision_tree,wine_quality,0,training,7,decision_tree,,6,decision_tree,dt,dt_traversal,1,0,False,0.0625,23.086559089669713
1,25,8,1,8,single_condition,decision_tree,wine_quality,1,training,8,decision_tree,,7,decision_tree,dt,dt_traversal,0,0,True,0.9375,15.931322408342053
0,25,9,1,9,single_condition,decision_tree,wine_quality,3,training,9,decision_tree,,8,decision_tree,dt,dt_traversal,1,0,False,0.1875,12.552183725893588
1,25,10,1,10,single_condition,decision_tree,wine_quality,6,training,10,decision_tree,,9,decision_tree,dt,dt_traversal,0,0,True,1.0,12.552183725893588
1,25,11,1,1,single_condition,decision_tree,wine_quality,10,testing,1,decision_tree,True,10,decision_tree,dt,dt_traversal,1,1,True,0.75,12.552183725893588
1,25,12,1,2,single_condition,decision_tree,wine_quality,19,testing,2,decision_tree,True,11,decision_tree,dt,dt_traversal,0,0,True,0.9375,23.086559089669713
1,25,13,1,3,single_condition,decision_tree,wine_quality,14,testing,3,decision_tree,False,12,decision_tree,none,dt_traversal,0,0,True,0.53125,3.103534448605047
1,25,14,1,4,single_condition,decision_tree,wine_quality,29,testing,4,decision_tree,False,13,decision_tree,none,dt_traversal,0,0,True,0.5,4.295377446138107
0,25,15,1,5,single_condition,decision_tree,wine_quality,22,testing,5,decision_tree,False,14,decision_tree,none,dt_traversal,1,0,False,0.3125,8.938864828683492
1,25,16,1,6,single_condition,decision_tree,wine_quality,24,testing,6,decision_tree,True,15,decision_tree,dt,dt_traversal,1,1,True,0.8125,12.552183725893588
1,25,17,1,7,single_condition,decision_tree,wine_quality,13,testing,7,decision_tree,True,16,decision_tree,dt,dt_traversal,0,0,True,1.0,12.61017224302524
1,25,18,1,8,single_condition,decision_tree,wine_quality,20,testing,8,decision_tree,False,17,decision_tree,none,dt_traversal,1,1,True,0.625,7.084540190039222
0,25,19,1,9,single_condition,decision_tree,wine_quality,26,testing,9,decision_tree,False,18,decision_tree,none,dt_traversal,1,0,False,0.5,7.142163538432923
0,25,20,1,10,single_condition,decision_tree,wine_quality,11,testing,10,decision_tree,False,19,decision_tree,none,dt_traversal,1,0,False,0.5,5.970456769216462
1,25,21,1,11,single_condition,decision_tree,wine_quality,21,testing,11,decision_tree,True,20,decision_tree,dt,dt_traversal,0,0,True,0.9375,19.504819105182325
1,25,22,1,12,single_condition,decision_tree,wine_quality,27,testing,12,decision_tree,False,21,decision_tree,none,dt_traversal,1,1,True,0.625,7.824597604380967
1,25,23,1,13,single_condition,decision_tree,wine_quality,16,testing,13,decision_tree,True,22,decision_tree,dt,dt_traversal,0,0,True,0.75,23.086559089669713
1,25,24,1,14,single_condition,decision_tree,wine_quality,28,testing,14,decision_tree,True,23,decision_tree,dt,dt_traversal,1,1,True,0.625,22.080685149628117
1,25,25,1,15,single_condition,decision_tree,wine_quality,17,testing,15,decision_tree,True,24,decision_tree,dt,dt_traversal,0,0,True,0.75,12.552183725893588
1,25,26,1,16,single_condition,decision_tree,wine_quality,12,testing,16,decision_tree,False,25,decision_tree,none,dt_traversal,1,1,True,0.5625,3.8155360922948156
1,25,27,1,17,single_condition,decision_tree,wine_quality,25,testing,17,decision_tree,False,26,decision_tree,none,dt_traversal,0,0,True,0.625,4.420377446138108
1,25,28,1,18,single_condition,decision_tree,wine_quality,23,testing,18,decision_tree,True,27,decision_tree,dt,dt_traversal,0,0,True,0.875,19.504819105182325
1,25,29,1,19,single_condition,decision_tree,wine_quality,15,testing,19,decision_tree,True,28,decision_tree,dt,dt_traversal,1,1,True,0.75,12.552183725893588
1,25,30,1,20,single_condition,decision_tree,wine_quality,18,testing,20,decision_tree,False,29,decision_tree,none,dt_traversal,1,1,True,0.53125,5.296389476903046
1,26,1,1,1,single_condition,logistic_regression,wine_quality,9,training,1,logistic_regression,,0,linear_regression,lr,lr_heuristic,1,1,True,0.7317078167430505,4.675197116507526
0,26,2,1,2,single_condition,logistic_regression,wine_quality,4,training,2,logistic_regression,,1,linear_regression,lr,lr_heuristic,0,1,False,0.19789292895047872,4.690064497843412
1,26,3,1,3,single_condition,logistic_regression,wine_quality,5,training,3,logistic_regression,,2,linear_regression,lr,lr_heuristic,1,1,True,0.6930285042674895,3.384674843099013
0,26,4,1,4,single_condition,logistic_regression,wine_quality,6,training,4,logistic_regression,,3,linear_regression,lr,lr_heuristic,0,1,False,0.2705132285595133,3.2952423250091405
1,26,5,1,5,single_condition,logistic_regression,wine_quality,2,training,5,logistic_regression,,4,linear_regression,lr,lr_heuristic,0,0,True,0.610203072375842,3.257902212688489
0,26,6,1,6,single_condition,logistic_regression,wine_quality,3,training,6,logistic_regression,,5,linear_regression,lr,lr_heuristic,1,0,False,0.35887144171424334,3.367379827720531
0,26,7,1,7,single_condition,logistic_regression,wine_quality,8,training,7,logistic_regression,,6,linear_regression,lr,lr_heuristic,1,0,False,0.4120876931667562,3.4046309548983986
1,26,8,1,8,single_condition,logistic_regression,wine_quality,1,training,8,logistic_regression,,7,linear_regression,lr,lr_heuristic,0,0,True,0.795750644525581,3.165106200252814
1,26,9,1,9,single_condition,logistic_regression,wine_quality,0,training,9,logistic_regression,,8,linear_regression,lr,lr_heuristic,1,1,True,0.6787055996173597,3.3581484793731913
1,26,10,1,10,single_condition,logistic_regression,wine_quality,7,training,10,logistic_regression,,9,linear_regression,lr,lr_heuristic,1,1,True,0.7949320192223613,3.281601458802809
1,26,11,1,1,single_condition,logistic_regression,wine_quality,20,testing,1,logistic_regression,False,10,linear_regression,none,lr_heuristic,1,1,True,0.6855959830648712,3.3895254462492916
1,26,12,1,2,single_condition,logistic_regression,wine_quality,27,testing,2,logistic_regression,False,11,linear_regression,none,lr_calculation,1,1,True,0.6218591014754351,5.798268994716019
1,26,13,1,3,single_condition,logistic_regression,wine_quality,23,testing,3,logistic_regression,False,12,linear_regression,none,lr_calculation,0,0,True,0.5621947585736807,5.88073422868992
1,26,14,1,4,single_condition,logistic_regression,wine_quality,26,testing,4,logistic_regression,False,13,linear_regression,none,lr_calculation,1,1,True,0.6433973157422239,5.82915626660045
1,26,15,1,5,single_condition,logistic_regression,wine_quality,12,testing,5,logistic_regression,False,14,linear_regression,none,lr_calculation,1,1,True,0.6681324953829701,5.862566134561652
1,26,16,1,6,single_condition,logistic_regression,wine_quality,19,testing,6,logistic_regression,True,15,linear_regression,lr,lr_calculation,0,0,True,0.5,4.9399999999999995
0,26,17,1,7,single_condition,logistic_regression,wine_quality,15,testing,7,logistic_regression,True,16,linear_regression,lr,lr_calculation,1,0,False,0.5,4.9399999999999995
1,26,18,1,8,single_condition,logistic_regression,wine_quality,13,testing,8,logistic_regression,True,17,linear_regression,lr,lr_calculation,0,0,True,0.5,4.9399999999999995
1,26,19,1,9,single_condition,logistic_regression,wine_quality,10,testing,9,logistic_regression,False,18,linear_regression,none,lr_calculation,1,1,True,0.608771737448349,5.843401415290515
1,26,20,1,10,single_condition,logistic_regression,wine_quality,28,testing,10,logistic_regression,True,19,linear_regression,lr,lr_calculation,1,1,True,0.6489841746708832,4.896324323013801
1,26,21,1,11,single_condition,logistic_regression,wine_quality,22,testing,11,logistic_regression,True,20,linear_regression,lr,lr_calculation,1,1,True,0.7064041775514738,4.854112086594203
1,26,22,1,12,single_condition,logistic_regression,wine_quality,21,testing,12,logistic_regression,True,21,linear_regression,lr,lr_calculation,0,0,True,0.5085269865019568,4.9398603869335425
0,26,23,1,13,single_condition,logistic_regression,wine_quality,17,testing,13,logistic_regression,False,22,linear_regression,none,lr_calculation,0,1,False,0.4772542105445442,5.886756919940106
1,26,24,1,14,single_condition,logistic_regression,wine_quality,25,testing,14,logistic_regression,True,23,linear_regression,lr,lr_calculation,0,0,True,0.5522695261258133,4.934738986343357
1,26,25,1,15,single_condition,logistic_regression,wine_quality,29,testing,15,logistic_regression,True,24,linear_regression,lr,lr_calculation,0,0,True,0.7010774010158042,6.858705005657374
1,26,26,1,16,single_condition,logistic_regression,wine_quality,14,testing,16,logistic_regression,False,25,linear_regression,none,lr_calculation,0,0,True,0.5039505134331361,5.85164534683254
1,26,27,1,17,single_condition,logistic_regression,wine_quality,18,testing,17,logistic_regression,True,26,linear_regression,lr,lr_calculation,1,1,True,0.6489841746708832,4.896324323013801
0,26,28,1,18,single_condition,logistic_regression,wine_quality,16,testing,18,logistic_regression,False,27,linear_regression,none,lr_calculation,0,1,False,0.44667303965021166,5.797437796513858
1,26,29,1,19,single_condition,logistic_regression,wine_quality,11,testing,19,logistic_regression,True,28,linear_regression,lr,lr_calculation,1,1,True,0.5800266858265242,4.92761865647931
1,26,30,1,20,single_condition,logistic_regression,wine_quality,24,testing,20,logistic_regression,False,29,linear_regression,none,lr_calculation,1,1,True,0.6489841746708832,5.896324323013801
1,27,1,1,1,single_condition,hybrid,wine_quality,5,training,1,logistic_regression,,0,hybrid,lr,dt_traversal,1,1,True,0.625,10.677461661492682
0,27,2,1,2,single_condition,hybrid,wine_quality,0,training,2,decision_tree,,1,hybrid,dt,dt_traversal,1,0,False,0.3125,15.931322408342053
1,27,3,1,3,single_condition,hybrid,wine_quality,4,training,3,logistic_regression,,2,hybrid,lr,dt_traversal,0,0,True,0.625,11.198649277288538
1,27,4,1,4,single_condition,hybrid,wine_quality,2,training,4,decision_tree,,3,hybrid,dt,lr_heuristic,0,0,True,0.500000056832631,3.0902072371596767
1,27,5,1,5,single_condition,hybrid,wine_quality,6,training,5,decision_tree,,4,hybrid,dt,dt_traversal,0,0,True,1.0,15.931322408342053
1,27,6,1,6,single_condition,hybrid,wine_quality,9,training,6,logistic_regression,,5,hybrid,lr,dt_traversal,1,1,True,0.53125,10.837643535854365
1,27,7,1,7,single_condition,hybrid,wine_quality,1,training,7,decision_tree,,6,hybrid,dt,dt_traversal,0,0,True,0.8125,23.086559089669713
0,27,8,1,8,single_condition,hybrid,wine_quality,7,training,8,logistic_regression,,7,hybrid,lr,dt_traversal,1,0,False,0.5,9.331120570117665
1,27,9,1,9,single_condition,hybrid,wine_quality,8,training,9,logistic_regression,,8,hybrid,lr,dt_traversal,1,1,True,0.65625,11.622155018722715
0,27,10,1,10,single_condition,hybrid,wine_quality,3,training,10,decision_tree,,9,hybrid,dt,dt_traversal,1,0,False,0.0625,15.931322408342053
1,27,11,1,1,single_condition,hybrid,wine_quality,19,testing,1,logistic_regression,False,10,hybrid,none,dt_traversal,0,0,True,0.75,8.938864828683492
0,27,12,1,2,single_condition,hybrid,wine_quality,11,testing,2,decision_tree,True,11,hybrid,dt,dt_traversal,1,0,False,0.375,12.958103345815136
1,27,13,1,3,single_condition,hybrid,wine_quality,17,testing,3,decision_tree,True,12,hybrid,dt,dt_traversal,0,0,True,0.875,23.086559089669713
1,27,14,1,4,single_condition,hybrid,wine_quality,13,testing,4,decision_tree,True,13,hybrid,dt,dt_traversal,0,0,True,0.8125,12.61017224302524
1,27,15,1,5,single_condition,hybrid,wine_quality,21,testing,5,decision_tree,True,14,hybrid,dt,dt_traversal,0,0,True,0.875,23.086559089669713
1,27,16,1,6,single_condition,hybrid,wine_quality,20,testing,6,decision_tree,False,15,hybrid,none,lr_calculation,1,1,True,0.5353291223635075,5.872868739829634
1,27,17,1,7,single_condition,hybrid,wine_quality,25,testing,7,logistic_regression,False,16,hybrid,none,lr_calculation,0,0,True,0.5799362809011064,5.878808178527693
1,27,18,1,8,single_condition,hybrid,wine_quality,10,testing,8,logistic_regression,True,17,hybrid,lr,lr_calculation,1,1,True,0.6489841746708832,4.896324323013801
1,27,19,1,9,single_condition,hybrid,wine_quality,24,testing,9,logistic_regression,False,18,hybrid,none,lr_calculation,1,1,True,0.6404821233089841,5.899033920717807
1,27,20,1,10,single_condition,hybrid,wine_quality,18,testing,10,decision_tree,True,19,hybrid,dt,lr_heuristic,1,1,True,0.7999764778920828,3.4070264618104265
0,27,21,1,11,single_condition,hybrid,wine_quality,15,testing,11,logistic_regression,True,20,hybrid,lr,lr_calculation,1,0,False,0.5,4.9399999999999995
1,27,22,1,12,single_condition,hybrid,wine_quality,28,testing,12,decision_tree,False,21,hybrid,none,lr_calculation,1,1,True,0.6489841746708832,5.896324323013801
1,27,23,1,13,single_condition,hybrid,wine_quality,23,testing,13,logistic_regression,False,22,hybrid,none,lr_calculation,0,0,True,0.51826284144201,5.881955606888211
0,27,24,1,14,single_condition,hybrid,wine_quality,29,testing,14,logistic_regression,False,23,hybrid,none,lr_calculation,0,1,False,0.3739921756595541,5.860340300763738
1,27,25,1,15,single_condition,hybrid,wine_quality,27,testing,15,logistic_regression,False,24,hybrid,none,lr_calculation,1,1,True,0.6681324953829701,5.862566134561652
1,27,26,1,16,single_condition,hybrid,wine_quality,12,testing,16,decision_tree,False,25,hybrid,none,lr_calculation,1,1,True,0.6489841746708832,5.896324323013801
1,27,27,1,17,single_condition,hybrid,wine_quality,14,testing,17,decision_tree,False,26,hybrid,none,lr_calculation,0,0,True,0.5298453739118425,5.931551408941056
1,27,28,1,18,single_condition,hybrid,wine_quality,26,testing,18,logistic_regression,True,27,hybrid,lr,lr_calculation,1,1,True,0.6489841746708832,4.896324323013801
1,27,29,1,19,single_condition,hybrid,wine_quality,16,testing,19,logistic_regression,True,28,hybrid,lr,lr_calculation,0,0,True,0.5433905470132603,4.9363778516847585
1,27,30,1,20,single_condition,hybrid,wine_quality,22,testing,20,decision_tree,True,29,hybrid,dt,lr_heuristic,1,1,True,0.8947427415273189,4.8940351453940885
1,28,1,1,1,single_condition,decision_tree,wine_quality,8,training,1,decision_tree,,0,decision_tree,dt,dt_traversal,1,1,True,0.875,15.931322408342053
1,28,2,1,2,single_condition,decision_tree,wine_quality,2,training,2,decision_tree,,1,decision_tree,dt,dt_traversal,0,0,True,0.8125,15.931322408342053
0,28,3,1,3,single_condition,decision_tree,wine_quality,3,training,3,decision_tree,,2,decision_tree,dt,dt_traversal,1,0,False,0.1875,12.552183725893588
1,28,4,1,4,single_condition,decision_tree,wine_quality,6,training,4,decision_tree,,3,decision_tree,dt,dt_traversal,0,0,True,0.8125,15.931322408342053
1,28,5,1,5,single_condition,decision_tree,wine_quality,4,training,5,decision_tree,,4,decision_tree,dt,dt_traversal,0,0,True,0.9375,15.931322408342053
1,28,6,1,6,single_condition,decision_tree,wine_quality,5,training,6,decision_tree,,5,decision_tree,dt,dt_traversal,1,1,True,0.8125,23.086559089669713
0,28,7,1,7,single_condition,decision_tree,wine_quality,0,training,7,decision_tree,,6,decision_tree,dt,dt_traversal,1,0,False,0.0625,23.086559089669713
1,28,8,1,8,single_condition,decision_tree,wine_quality,9,training,8,decision_tree,,7,decision_tree,dt,dt_traversal,1,1,True,0.5625,15.931322408342053
1,28,9,1,9,single_condition,decision_tree,wine_quality,7,training,9,decision_tree,,8,decision_tree,dt,dt_traversal,1,1,True,0.8125,12.552183725893588
1,28,10,1,10,single_condition,decision_tree,wine_quality,1,training,10,decision_tree,,9,decision_tree,dt,dt_traversal,0,0,True,0.75,12.552183725893588
1,28,11,1,1,single_condition,decision_tree,wine_quality,27,testing,1,decision_tree,True,10,decision_tree,dt,dt_traversal,1,1,True,1.0,23.086559089669713
1,28,12,1,2,single_condition,decision_tree,wine_quality,16,testing,2,decision_tree,True,11,decision_tree,dt,dt_traversal,0,0,True,0.75,12.552183725893588
1,28,13,1,3,single_condition,decision_tree,wine_quality,24,testing,3,decision_tree,False,12,decision_tree,none,dt_traversal,1,1,True,0.53125,3.103534448605047
1,28,14,1,4,single_condition,decision_tree,wine_quality,13,testing,4,decision_tree,True,13,decision_tree,dt,dt_traversal,0,0,True,0.8125,16.174010932559984
1,28,15,1,5,single_condition,decision_tree,wine_quality,23,testing,5,decision_tree,True,14,decision_tree,dt,dt_traversal,0,0,True,0.5625,12.552183725893588
1,28,16,1,6,single_condition,decision_tree,wine_quality,21,testing,6,decision_tree,False,15,decision_tree,none,dt_traversal,0,0,True,0.5625,3.259784448605047
1,28,17,1,7,single_condition,decision_tree,wine_quality,10,testing,7,decision_tree,True,16,decision_tree,dt,dt_traversal,1,1,True,0.75,15.931322408342053
0,28,18,1,8,single_condition,decision_tree,wine_quality,28,testing,8,decision_tree,False,17,decision_tree,none,dt_traversal,1,0,False,0.4375,5.375057414341747
1,28,19,1,9,single_condition,decision_tree,wine_quality,20,testing,9,decision_tree,True,18,decision_tree,dt,dt_traversal,1,1,True,0.9375,28.003279544834864
1,28,20,1,10,single_condition,decision_tree,wine_quality,17,testing,10,decision_tree,True,19,decision_tree,dt,dt_traversal,0,0,True,0.875,12.552183725893588
0,28,21,1,11,single_condition,decision_tree,wine_quality,26,testing,11,decision_tree,False,20,decision_tree,none,dt_traversal,1,0,False,0.5,7.338591862946793
0,28,22,1,12,single_condition,decision_tree,wine_quality,15,testing,12,decision_tree,False,21,decision_tree,none,dt_traversal,1,0,False,0.34375,5.907560153824694
1,28,23,1,13,single_condition,decision_tree,wine_quality,19,testing,13,decision_tree,True,22,decision_tree,dt,dt_traversal,0,0,True,0.9375,15.931322408342053
1,28,24,1,14,single_condition,decision_tree,wine_quality,18,testing,14,decision_tree,True,23,decision_tree,dt,dt_traversal,1,1,True,0.8125,12.552183725893588
1,28,25,1,15,single_condition,decision_tree,wine_quality,12,testing,15,decision_tree,True,24,decision_tree,dt,dt_traversal,1,1,True,0.9375,23.086559089669713
0,28,26,1,16,single_condition,decision_tree,wine_quality,11,testing,16,decision_tree,False,25,decision_tree,none,dt_traversal,1,0,False,0.46875,5.994980830746339
1,28,27,1,17,single_condition,decision_tree,wine_quality,25,testing,17,decision_tree,False,26,decision_tree,none,dt_traversal,0,0,True,0.53125,5.755060153824693
1,28,28,1,18,single_condition,decision_tree,wine_quality,14,testing,18,decision_tree,False,27,decision_tree,none,dt_traversal,0,0,True,0.59375,4.816548123059754
1,28,29,1,19,single_condition,decision_tree,wine_quality,29,testing,19,decision_tree,False,28,decision_tree,none,dt_traversal,0,0,True,0.5,5.502313155775921
0,28,30,1,20,single_condition,decision_tree,wine_quality,22,testing,20,decision_tree,False,29,decision_tree,none,dt_traversal,1,0,False,0.375,4.420377446138108
1,29,1,1,1,single_condition,logistic_regression,wine_quality,9,training,1,logistic_regression,,0,linear_regression,lr,lr_heuristic,1,1,True,0.7317078167430505,4.675197116507526
1,29,2,1,2,single_condition,logistic_regression,wine_quality,5,training,2,logistic_regression,,1,linear_regression,lr,lr_heuristic,1,1,True,0.9463766580922959,4.618739264413884
0,29,3,1,3,single_condition,logistic_regression,wine_quality,4,training,3,logistic_regression,,2,linear_regression,lr,lr_heuristic,0,1,False,0.2832049402506095,3.2004886832824018
1,29,4,1,4,single_condition,logistic_regression,wine_quality,0,training,4,logistic_regression,,3,linear_regression,lr,lr_heuristic,1,1,True,0.6678924263598383,3.283442104807804
1,29,5,1,5,single_condition,logistic_regression,wine_quality,8,training,5,logistic_regression,,4,linear_regression,lr,lr_heuristic,1,1,True,0.9235333039313677,4.56320208485824
0,29,6,1,6,single_condition,logistic_regression,wine_quality,1,training,6,logistic_regression,,5,linear_regression,lr,lr_heuristic,0,1,False,0.30559859048731886,3.1063401770054107
1,29,7,1,7,single_condition,logistic_regression,wine_quality,3,training,7,logistic_regression,,6,linear_regression,lr,lr_heuristic,1,1,True,0.5471797789618356,4.875337100925843
1,29,8,1,8,single_condition,logistic_regression,wine_quality,7,training,8,logistic_regression,,7,linear_regression,lr,lr_heuristic,1,1,True,0.8443293063808914,3.257797020202005
0,29,9,1,9,single_condition,logistic_regression,wine_quality,6,training,9,logistic_regression,,8,linear_regression,lr,lr_heuristic,0,1,False,0.23585960953897678,3.312310916638914
1,29,10,1,10,single_condition,logistic_regression,wine_quality,2,training,10,logistic_regression,,9,linear_regression,lr,lr_heuristic,0,0,True,0.5188531978432485,4.9864151700088035
0,29,11,1,1,single_condition,logistic_regression,wine_quality,11,testing,1,logistic_regression,False,10,linear_regression,none,lr_heuristic,1,0,False,0.4946643444589599,3.490309990721097
1,29,12,1,2,single_condition,logistic_regression,wine_quality,22,testing,2,logistic_regression,False,11,linear_regression,none,lr_calculation,1,1,True,0.6727050621251613,5.763217850761008
1,29,13,1,3,single_condition,logistic_regression,wine_quality,24,testing,3,logistic_regression,True,12,linear_regression,lr,lr_calculation,1,1,True,0.6489841746708832,4.896324323013801
1,29,14,1,4,single_condition,logistic_regression,wine_quality,25,testing,4,logistic_regression,False,13,linear_regression,none,lr_calculation,0,0,True,0.5369619546250417,5.828561538333086
1,29,15,1,5,single_condition,logistic_regression,wine_quality,18,testing,5,logistic_regression,True,14,linear_regression,lr,lr_calculation,1,1,True,0.6489841746708832,4.896324323013801
1,29,16,1,6,single_condition,logistic_regression,wine_quality,16,testing,6,logistic_regression,True,15,linear_regression,lr,lr_calculation,0,0,True,0.5433905470132603,4.9363778516847585
1,29,17,1,7,single_condition,logistic_regression,wine_quality,27,testing,7,logistic_regression,True,16,linear_regression,lr,lr_calculation,1,1,True,0.6489841746708832,4.896324323013801
1,29,18,1,8,single_condition,logistic_regression,wine_quality,19,testing,8,logistic_regression,True,17,linear_regression,lr,lr_calculation,0,0,True,0.5,4.9399999999999995
0,29,19,1,9,single_condition,logistic_regression,wine_quality,15,testing,9,logistic_regression,False,18,linear_regression,none,lr_calculation,1,0,False,0.4778423779660888,5.884577743472292
1,29,20,1,10,single_condition,logistic_regression,wine_quality,20,testing,10,logistic_regression,True,19,linear_regression,lr,lr_calculation,1,1,True,0.5800266858265242,4.92761865647931
1,29,21,1,11,single_condition,logistic_regression,wine_quality,10,testing,11,logistic_regression,False,20,linear_regression,none,lr_calculation,1,1,True,0.5793750595670353,5.85013338481903
0,29,22,1,12,single_condition,logistic_regression,wine_quality,14,testing,12,logistic_regression,False,21,linear_regression,none,lr_calculation,0,1,False,0.47706769179777997,5.883747525769138
1,29,23,1,13,single_condition,logistic_regression,wine_quality,21,testing,13,logistic_regression,True,22,linear_regression,lr,lr_calculation,0,0,True,0.7457354510087214,6.815466459273007
1,29,24,1,14,single_condition,logistic_regression,wine_quality,28,testing,14,logistic_regression,True,23,linear_regression,lr,lr_calculation,1,1,True,0.6489841746708832,4.896324323013801
0,29,25,1,15,single_condition,logistic_regression,wine_quality,29,testing,15,logistic_regression,False,24,linear_regression,none,lr_calculation,0,1,False,0.4557148213386928,5.875280297639
1,29,26,1,16,single_condition,logistic_regression,wine_quality,26,testing,16,logistic_regression,False,25,linear_regression,none,lr_calculation,1,1,True,0.6279200581604361,5.809643226838364
1,29,27,1,17,single_condition,logistic_regression,wine_quality,13,testing,17,logistic_regression,False,26,linear_regression,none,lr_calculation,0,0,True,0.5890034032841294,5.798971598268771
1,29,28,1,18,single_condition,logistic_regression,wine_quality,23,testing,18,logistic_regression,True,27,linear_regression,lr,lr_calculation,0,0,True,0.5522695261258133,4.934738986343357
1,29,29,1,19,single_condition,logistic_regression,wine_quality,12,testing,19,logistic_regression,False,28,linear_regression,none,lr_calculation,1,1,True,0.6489841746708832,5.896324323013801
1,29,30,1,20,single_condition,logistic_regression,wine_quality,17,testing,20,logistic_regression,True,29,linear_regression,lr,lr_calculation,0,0,True,0.5085269865019568,4.9398603869335425
1,30,1,1,1,single_condition,hybrid,wine_quality,9,training,1,decision_tree,,0,hybrid,dt,dt_traversal,1,1,True,0.8125,15.931322408342053
1,30,2,1,2,single_condition,hybrid,wine_quality,1,training,2,decision_tree,,1,hybrid,dt,dt_traversal,0,0,True,0.8125,15.931322408342053
1,30,3,1,3,single_condition,hybrid,wine_quality,7,training,3,logistic_regression,,2,hybrid,lr,dt_traversal,1,1,True,0.6875,9.112370570117665
1,30,4,1,4,single_condition,hybrid,wine_quality,5,training,4,decision_tree,,3,hybrid,dt,lr_heuristic,1,1,True,0.8672844278103684,3.280439938466177
1,30,5,1,5,single_condition,hybrid,wine_quality,2,training,5,decision_tree,,4,hybrid,dt,dt_traversal,0,0,True,0.5625,15.931322408342053
0,30,6,1,6,single_condition,hybrid,wine_quality,3,training,6,logistic_regression,,5,hybrid,lr,dt_traversal,1,0,False,0.46875,8.577859087249317
1,30,7,1,7,single_condition,hybrid,wine_quality,8,training,7,decision_tree,,6,hybrid,dt,dt_traversal,1,1,True,0.875,15.931322408342053
1,30,8,1,8,single_condition,hybrid,wine_quality,4,training,8,logistic_regression,,7,hybrid,lr,dt_traversal,0,0,True,0.53125,9.362370570117665
1,30,9,1,9,single_condition,hybrid,wine_quality,6,training,9,logistic_regression,,8,hybrid,lr,dt_traversal,0,0,True,0.71875,10.601637794420187
0,30,10,1,10,single_condition,hybrid,wine_quality,0,training,10,logistic_regression,,9,hybrid,lr,dt_traversal,1,0,False,0.40625,10.146882052986014
1,30,11,1,1,single_condition,hybrid,wine_quality,23,testing,1,logistic_regression,True,10,hybrid,lr,dt_traversal,0,0,True,0.5,10.539137794420188
1,30,12,1,2,single_condition,hybrid,wine_quality,10,testing,2,logistic_regression,True,11,hybrid,lr,dt_traversal,1,1,True,0.59375,11.747155018722715
1,30,13,1,3,single_condition,hybrid,wine_quality,18,testing,3,logistic_regression,False,12,hybrid,none,dt_traversal,1,1,True,0.71875,9.331120570117665
1,30,14,1,4,single_condition,hybrid,wine_quality,13,testing,4,logistic_regression,False,13,hybrid,none,dt_traversal,0,0,True,0.59375,7.884841862946794
0,30,15,1,5,single_condition,hybrid,wine_quality,11,testing,5,logistic_regression,True,14,hybrid,lr,dt_traversal,1,0,False,0.34375,9.928591862946792
1,30,16,1,6,single_condition,hybrid,wine_quality,25,testing,6,logistic_regression,False,15,hybrid,none,dt_traversal,0,0,True,0.53125,7.165086121512617
0,30,17,1,7,single_condition,hybrid,wine_quality,22,testing,7,decision_tree,False,16,hybrid,none,dt_traversal,1,0,False,0.3125,7.699597604380966
1,30,18,1,8,single_condition,hybrid,wine_quality,29,testing,8,decision_tree,True,17,hybrid,dt,dt_traversal,0,0,True,0.875,12.552183725893588
1,30,19,1,9,single_condition,hybrid,wine_quality,21,testing,9,decision_tree,True,18,hybrid,dt,dt_traversal,0,0,True,0.75,12.552183725893588
1,30,20,1,10,single_condition,hybrid,wine_quality,16,testing,10,decision_tree,True,19,hybrid,dt,dt_traversal,0,0,True,0.9375,23.086559089669713
1,30,21,1,11,single_condition,hybrid,wine_quality,20,testing,11,decision_tree,False,20,hybrid,none,lr_calculation,1,1,True,0.57124292658788,5.927951335266105
1,30,22,1,12,single_condition,hybrid,wine_quality,14,testing,12,decision_tree,False,21,hybrid,none,lr_calculation,0,0,True,0.5213145415835398,5.934125643542497
1,30,23,1,13,single_condition,hybrid,wine_quality,28,testing,13,decision_tree,True,22,hybrid,dt,lr_heuristic,1,1,True,0.6974296534505913,3.4572920581225177
1,30,24,1,14,single_condition,hybrid,wine_quality,26,testing,14,decision_tree,True,23,hybrid,dt,lr_heuristic,1,1,True,0.814755719292491,4.822483600731893
0,30,25,1,15,single_condition,hybrid,wine_quality,17,testing,15,decision_tree,True,24,hybrid,dt,lr_heuristic,0,1,False,0.237049214621446,4.834566331006547
1,30,26,1,16,single_condition,hybrid,wine_quality,12,testing,16,decision_tree,False,25,hybrid,none,lr_calculation,1,1,True,0.6532084746848161,5.893112419607
1,30,27,1,17,single_condition,hybrid,wine_quality,15,testing,17,logistic_regression,False,26,hybrid,none,lr_calculation,1,1,True,0.530924971959396,5.883904595129069
1,30,28,1,18,single_condition,hybrid,wine_quality,27,testing,18,logistic_regression,True,27,hybrid,lr,lr_heuristic,1,1,True,0.7597840660533319,4.996898578835802
1,30,29,1,19,single_condition,hybrid,wine_quality,19,testing,19,logistic_regression,False,28,hybrid,none,lr_heuristic,0,0,True,0.5224799564957646,3.5312139052597193
1,30,30,1,20,single_condition,hybrid,wine_quality,24,testing,20,logistic_regression,False,29,hybrid,none,lr_calculation,1,1,True,0.6141796171189593,5.873228853916416
1,31,1,1,1,single_condition,decision_tree,wine_quality,8,training,1,decision_tree,,0,decision_tree,dt,dt_traversal,1,1,True,0.875,15.931322408342053
1,31,2,1,2,single_condition,decision_tree,wine_quality,6,training,2,decision_tree,,1,decision_tree,dt,dt_traversal,0,0,True,0.9375,15.931322408342053
1,31,3,1,3,single_condition,decision_tree,wine_quality,9,training,3,decision_tree,,2,decision_tree,dt,dt_traversal,1,1,True,0.625,12.552183725893588
1,31,4,1,4,single_condition,decision_tree,wine_quality,5,training,4,decision_tree,,3,decision_tree,dt,dt_traversal,1,1,True,0.9375,15.931322408342053
1,31,5,1,5,single_condition,decision_tree,wine_quality,7,training,5,decision_tree,,4,decision_tree,dt,dt_traversal,1,1,True,0.75,15.931322408342053
0,31,6,1,6,single_condition,decision_tree,wine_quality,0,training,6,decision_tree,,5,decision_tree,dt,dt_traversal,1,0,False,0.125,23.086559089669713
1,31,7,1,7,single_condition,decision_tree,wine_quality,1,training,7,decision_tree,,6,decision_tree,dt,dt_traversal,0,0,True,0.6875,15.931322408342053
1,31,8,1,8,single_condition,decision_tree,wine_quality,4,training,8,decision_tree,,7,decision_tree,dt,dt_traversal,0,0,True,0.875,12.552183725893588
0,31,9,1,9,single_condition,decision_tree,wine_quality,3,training,9,decision_tree,,8,decision_tree,dt,dt_traversal,1,0,False,0.125,23.086559089669713
1,31,10,1,10,single_condition,decision_tree,wine_quality,2,training,10,decision_tree,,9,decision_tree,dt,dt_traversal,0,0,True,0.875,15.931322408342053
0,31,11,1,1,single_condition,decision_tree,wine_quality,24,testing,1,decision_tree,False,10,decision_tree,none,dt_traversal,1,0,False,0.5,3.981795931473396
1,31,12,1,2,single_condition,decision_tree,wine_quality,20,testing,2,decision_tree,True,11,decision_tree,dt,dt_traversal,1,1,True,0.9375,28.003279544834864
1,31,13,1,3,single_condition,decision_tree,wine_quality,21,testing,3,decision_tree,True,12,decision_tree,dt,dt_traversal,0,0,True,0.8125,12.552183725893588
1,31,14,1,4,single_condition,decision_tree,wine_quality,23,testing,4,decision_tree,True,13,decision_tree,dt,dt_traversal,0,0,True,0.9375,23.086559089669713
1,31,15,1,5,single_condition,decision_tree,wine_quality,26,testing,5,decision_tree,True,14,decision_tree,dt,dt_traversal,1,1,True,0.9375,23.086559089669713
1,31,16,1,6,single_condition,decision_tree,wine_quality,16,testing,6,decision_tree,True,15,decision_tree,dt,dt_traversal,0,0,True,0.9375,23.086559089669713
0,31,17,1,7,single_condition,decision_tree,wine_quality,28,testing,7,decision_tree,False,16,decision_tree,none,dt_traversal,1,0,False,0.46875,5.550818897210094
1,31,18,1,8,single_condition,decision_tree,wine_quality,25,testing,8,decision_tree,False,17,decision_tree,none,dt_traversal,0,0,True,0.625,5.265139476903047
1,31,19,1,9,single_condition,decision_tree,wine_quality,12,testing,9,decision_tree,False,18,decision_tree,none,dt_traversal,1,1,True,0.53125,6.31807463864427
0,31,20,1,10,single_condition,decision_tree,wine_quality,15,testing,10,decision_tree,False,19,decision_tree,none,dt_traversal,1,0,False,0.40625,7.040086121512617
1,31,21,1,11,single_condition,decision_tree,wine_quality,19,testing,11,decision_tree,True,20,decision_tree,dt,dt_traversal,0,0,True,1.0,19.504819105182325
1,31,22,1,12,single_condition,decision_tree,wine_quality,10,testing,12,decision_tree,True,21,decision_tree,dt,dt_traversal,1,1,True,0.625,12.552183725893588
1,31,23,1,13,single_condition,decision_tree,wine_quality,17,testing,13,decision_tree,False,22,decision_tree,none,dt_traversal,0,0,True,0.5625,5.723810153824694
0,31,24,1,14,single_condition,decision_tree,wine_quality,22,testing,14,decision_tree,False,23,decision_tree,none,dt_traversal,1,0,False,0.40625,6.9647428615112785
1,31,25,1,15,single_condition,decision_tree,wine_quality,27,testing,15,decision_tree,True,24,decision_tree,dt,dt_traversal,1,1,True,1.0,15.931322408342053
0,31,26,1,16,single_condition,decision_tree,wine_quality,11,testing,16,decision_tree,False,25,decision_tree,none,dt_traversal,1,0,False,0.375,6.284568897210096
1,31,27,1,17,single_condition,decision_tree,wine_quality,13,testing,17,decision_tree,True,26,decision_tree,dt,dt_traversal,0,0,True,0.875,23.393854118117535
1,31,28,1,18,single_condition,decision_tree,wine_quality,14,testing,18,decision_tree,False,27,decision_tree,none,dt_traversal,0,0,True,0.5625,4.545377446138107
1,31,29,1,19,single_condition,decision_tree,wine_quality,18,testing,19,decision_tree,False,28,decision_tree,none,dt_traversal,1,1,True,0.625,5.296389476903046
1,31,30,1,20,single_condition,decision_tree,wine_quality,29,testing,20,decision_tree,True,29,decision_tree,dt,dt_traversal,0,0,True,0.875,19.504819105182325
1,32,1,1,1,single_condition,logistic_regression,wine_quality,5,training,1,logistic_regression,,0,linear_regression,lr,lr_heuristic,1,1,True,0.797940694302834,4.597054474954108
1,32,2,1,2,single_condition,logistic_regression,wine_quality,3,training,2,logistic_regression,,1,linear_regression,lr,lr_heuristic,1,1,True,0.8800067623297296,4.643626634378465
0,32,3,1,3,single_condition,logistic_regression,wine_quality,2,training,3,logistic_regression,,2,linear_regression,lr,lr_heuristic,0,1,False,0.438520317039616,3.090206966884419
1,32,4,1,4,single_condition,logistic_regression,wine_quality,8,training,4,logistic_regression,,3,linear_regression,lr,lr_heuristic,1,1,True,0.7659620791626238,3.265246346585369
0,32,5,1,5,single_condition,logistic_regression,wine_quality,1,training,5,logistic_regression,,4,linear_regression,lr,lr_heuristic,0,1,False,0.12657281195122483,4.526312395197107
0,32,6,1,6,single_condition,logistic_regression,wine_quality,6,training,6,logistic_regression,,5,linear_regression,lr,lr_heuristic,0,1,False,0.3034152710239847,4.881137533959159
1,32,7,1,7,single_condition,logistic_regression,wine_quality,4,training,7,logistic_regression,,6,linear_regression,lr,lr_heuristic,0,0,True,0.9233609452338976,3.1353354219791045
0,32,8,1,8,single_condition,logistic_regression,wine_quality,7,training,8,logistic_regression,,7,linear_regression,lr,lr_heuristic,1,0,False,0.4389048677137509,3.4595876114077955
1,32,9,1,9,single_condition,logistic_regression,wine_quality,9,training,9,logistic_regression,,8,linear_regression,lr,lr_heuristic,1,1,True,0.5849280796920379,3.5685216879223063
0,32,10,1,10,single_condition,logistic_regression,wine_quality,0,training,10,logistic_regression,,9,linear_regression,lr,lr_heuristic,1,0,False,0.4727050328279482,3.463587443358931
0,32,11,1,1,single_condition,logistic_regression,wine_quality,29,testing,1,logistic_regression,True,10,linear_regression,lr,lr_heuristic,0,1,False,0.23780818458550557,3.2776123272816244
1,32,12,1,2,single_condition,logistic_regression,wine_quality,19,testing,2,logistic_regression,False,11,linear_regression,none,lr_heuristic,0,0,True,0.5995188015731716,3.4902496053567673
0,32,13,1,3,single_condition,logistic_regression,wine_quality,26,testing,3,logistic_regression,False,12,linear_regression,none,lr_calculation,1,0,False,0.06964224976835638,2.59020491526954
1,32,14,1,4,single_condition,logistic_regression,wine_quality,25,testing,4,logistic_regression,True,13,linear_regression,lr,lr_calculation,0,0,True,0.6733850943962972,8.880302790910305
1,32,15,1,5,single_condition,logistic_regression,wine_quality,11,testing,5,logistic_regression,True,14,linear_regression,lr,lr_heuristic,1,1,True,0.588803151388501,3.5416589727704864
1,32,16,1,6,single_condition,logistic_regression,wine_quality,24,testing,6,logistic_regression,False,15,linear_regression,none,lr_heuristic,1,1,True,0.7680863970231995,3.3391707859038995
1,32,17,1,7,single_condition,logistic_regression,wine_quality,27,testing,7,logistic_regression,True,16,linear_regression,lr,lr_calculation,1,1,True,0.6489841746708832,4.896324323013801
1,32,18,1,8,single_condition,logistic_regression,wine_quality,23,testing,8,logistic_regression,False,17,linear_regression,none,lr_calculation,0,0,True,0.6627285840149068,5.731946702195489
0,32,19,1,9,single_condition,logistic_regression,wine_quality,16,testing,9,logistic_regression,True,18,linear_regression,lr,lr_heuristic,0,1,False,0.28013063393786997,4.892718376407206
1,32,20,1,10,single_condition,logistic_regression,wine_quality,14,testing,10,logistic_regression,True,19,linear_regression,lr,lr_heuristic,0,0,True,0.6219852216225771,3.5796756697091077
1,32,21,1,11,single_condition,logistic_regression,wine_quality,28,testing,11,logistic_regression,False,20,linear_regression,none,lr_calculation,1,1,True,0.5811129351331423,5.816723509940893
1,32,22,1,12,single_condition,logistic_regression,wine_quality,21,testing,12,logistic_regression,True,21,linear_regression,lr,lr_calculation,0,0,True,0.7457354510087214,6.815466459273007
1,32,23,1,13,single_condition,logistic_regression,wine_quality,20,testing,13,logistic_regression,True,22,linear_regression,lr,lr_heuristic,1,1,True,0.5243579624842742,3.5960158030347804
1,32,24,1,14,single_condition,logistic_regression,wine_quality,15,testing,14,logistic_regression,True,23,linear_regression,lr,lr_heuristic,1,1,True,0.5610928553143258,3.4312377535694134
1,32,25,1,15,single_condition,logistic_regression,wine_quality,17,testing,15,logistic_regression,False,24,linear_regression,none,lr_calculation,0,0,True,0.5354098081373131,5.9077582079969435
1,32,26,1,16,single_condition,logistic_regression,wine_quality,13,testing,16,logistic_regression,True,25,linear_regression,lr,lr_calculation,0,0,True,0.5,4.9399999999999995
1,32,27,1,17,single_condition,logistic_regression,wine_quality,18,testing,17,logistic_regression,False,26,linear_regression,none,lr_heuristic,1,1,True,0.7727552872735467,3.525001688969388
1,32,28,1,18,single_condition,logistic_regression,wine_quality,10,testing,18,logistic_regression,False,27,linear_regression,none,lr_heuristic,1,1,True,0.8498861606279926,3.475777641718774
1,32,29,1,19,single_condition,logistic_regression,wine_quality,22,testing,19,logistic_regression,False,28,linear_regression,none,lr_calculation,1,1,True,0.6627640771534474,5.806367888371711
1,32,30,1,20,single_condition,logistic_regression,wine_quality,12,testing,20,logistic_regression,False,29,linear_regression,none,lr_calculation,1,1,True,0.5654651285345261,5.823015543897135
1,33,1,1,1,single_condition,hybrid,wine_quality,6,training,1,decision_tree,,0,hybrid,dt,dt_traversal,0,0,True,0.875,15.931322408342053
1,33,2,1,2,single_condition,hybrid,wine_quality,4,training,2,decision_tree,,1,hybrid,dt,dt_traversal,0,0,True,0.8125,15.931322408342053
1,33,3,1,3,single_condition,hybrid,wine_quality,9,training,3,logistic_regression,,2,hybrid,lr,dt_traversal,1,1,True,0.6875,9.112370570117665
0,33,4,1,4,single_condition,hybrid,wine_quality,0,training,4,logistic_regression,,3,hybrid,lr,dt_traversal,1,0,False,0.3125,10.957076505213783
0,33,5,1,5,single_condition,hybrid,wine_quality,3,training,5,logistic_regression,,4,hybrid,lr,dt_traversal,1,0,False,0.34375,9.863949630727742
1,33,6,1,6,single_condition,hybrid,wine_quality,7,training,6,decision_tree,,5,hybrid,dt,dt_traversal,1,1,True,0.5625,12.552183725893588
1,33,7,1,7,single_condition,hybrid,wine_quality,5,training,7,logistic_regression,,6,hybrid,lr,dt_traversal,1,1,True,0.71875,11.622155018722715
1,33,8,1,8,single_condition,hybrid,wine_quality,8,training,8,decision_tree,,7,hybrid,dt,dt_traversal,1,1,True,0.9375,23.086559089669713
1,33,9,1,9,single_condition,hybrid,wine_quality,1,training,9,logistic_regression,,8,hybrid,lr,dt_traversal,0,0,True,0.65625,9.456120570117665
1,33,10,1,10,single_condition,hybrid,wine_quality,2,training,10,decision_tree,,9,hybrid,dt,dt_traversal,0,0,True,1.0,23.086559089669713
1,33,11,1,1,single_condition,hybrid,wine_quality,12,testing,1,decision_tree,True,10,hybrid,dt,dt_traversal,1,1,True,1.0,23.086559089669713
1,33,12,1,2,single_condition,hybrid,wine_quality,18,testing,2,logistic_regression,False,11,hybrid,none,dt_traversal,1,1,True,0.71875,9.331120570117665
1,33,13,1,3,single_condition,hybrid,wine_quality,29,testing,3,logistic_regression,True,12,hybrid,lr,dt_traversal,0,0,True,0.5625,7.934504892276217
0,33,14,1,4,single_condition,hybrid,wine_quality,24,testing,4,logistic_regression,True,13,hybrid,lr,dt_traversal,1,0,False,0.46875,9.331120570117665
1,33,15,1,5,single_condition,hybrid,wine_quality,22,testing,5,decision_tree,False,14,hybrid,none,lr_calculation,1,1,True,0.6626128572655876,5.804003235589301
0,33,16,1,6,single_condition,hybrid,wine_quality,13,testing,6,decision_tree,False,15,hybrid,none,lr_calculation,0,1,False,0.4383351887395448,5.830792402318714
1,33,17,1,7,single_condition,hybrid,wine_quality,25,testing,7,logistic_regression,False,16,hybrid,none,lr_calculation,0,0,True,0.5849696133720224,5.89766893821882
0,33,18,1,8,single_condition,hybrid,wine_quality,15,testing,8,logistic_regression,False,17,hybrid,none,lr_calculation,1,0,False,0.5,5.9399999999999995
1,33,19,1,9,single_condition,hybrid,wine_quality,10,testing,9,decision_tree,True,18,hybrid,dt,lr_heuristic,1,1,True,0.7807649145286715,3.2877586101410197
1,33,20,1,10,single_condition,hybrid,wine_quality,26,testing,10,logistic_regression,False,19,hybrid,none,lr_calculation,1,1,True,0.6141796171189593,5.873228853916416
0,33,21,1,11,single_condition,hybrid,wine_quality,16,testing,11,decision_tree,True,20,hybrid,dt,lr_heuristic,0,1,False,0.39694869211004724,3.2762955426075466
0,33,22,1,12,single_condition,hybrid,wine_quality,19,testing,12,decision_tree,False,21,hybrid,none,lr_heuristic,0,1,False,0.3163690404139188,3.508752031336825
1,33,23,1,13,single_condition,hybrid,wine_quality,17,testing,13,decision_tree,True,22,hybrid,dt,lr_heuristic,0,0,True,0.7495358705074981,3.3305169436982722
1,33,24,1,14,single_condition,hybrid,wine_quality,11,testing,14,decision_tree,True,23,hybrid,dt,lr_heuristic,1,1,True,0.6291097482417081,3.4308180123599743
1,33,25,1,15,single_condition,hybrid,wine_quality,20,testing,15,decision_tree,False,24,hybrid,none,lr_calculation,1,1,True,0.5800266858265242,5.92761865647931
1,33,26,1,16,single_condition,hybrid,wine_quality,28,testing,16,logistic_regression,True,25,hybrid,lr,lr_calculation,1,1,True,0.6489841746708832,4.896324323013801
1,33,27,1,17,single_condition,hybrid,wine_quality,14,testing,17,decision_tree,False,26,hybrid,none,lr_calculation,0,0,True,0.5298453739118425,5.931551408941056
1,33,28,1,18,single_condition,hybrid,wine_quality,23,testing,18,logistic_regression,True,27,hybrid,lr,lr_calculation,0,0,True,0.5522695261258133,4.934738986343357
1,33,29,1,19,single_condition,hybrid,wine_quality,27,testing,19,logistic_regression,True,28,hybrid,lr,lr_calculation,1,1,True,0.6489841746708832,4.896324323013801
1,33,30,1,20,single_condition,hybrid,wine_quality,21,testing,20,logistic_regression,False,29,hybrid,none,lr_calculation,0,0,True,0.5111281974545863,5.852229628859492
1,34,1,1,1,single_condition,decision_tree,wine_quality,6,training,1,decision_tree,,0,decision_tree,dt,dt_traversal,0,0,True,0.875,15.931322408342053
1,34,2,1,2,single_condition,decision_tree,wine_quality,8,training,2,decision_tree,,1,decision_tree,dt,dt_traversal,1,1,True,0.75,15.931322408342053
1,34,3,1,3,single_condition,decision_tree,wine_quality,7,training,3,decision_tree,,2,decision_tree,dt,dt_traversal,1,1,True,0.625,12.552183725893588
1,34,4,1,4,single_condition,decision_tree,wine_quality,2,training,4,decision_tree,,3,decision_tree,dt,dt_traversal,0,0,True,0.75,15.931322408342053
1,34,5,1,5,single_condition,decision_tree,wine_quality,4,training,5,decision_tree,,4,decision_tree,dt,dt_traversal,0,0,True,0.9375,15.931322408342053
1,34,6,1,6,single_condition,decision_tree,wine_quality,5,training,6,decision_tree,,5,decision_tree,dt,dt_traversal,1,1,True,0.8125,23.086559089669713
0,34,7,1,7,single_condition,decision_tree,wine_quality,3,training,7,decision_tree,,6,decision_tree,dt,dt_traversal,1,0,False,0.0625,23.086559089669713
1,34,8,1,8,single_condition,decision_tree,wine_quality,1,training,8,decision_tree,,7,decision_tree,dt,dt_traversal,0,0,True,0.9375,15.931322408342053
0,34,9,1,9,single_condition,decision_tree,wine_quality,0,training,9,decision_tree,,8,decision_tree,dt,dt_traversal,1,0,False,0.1875,12.552183725893588
1,34,10,1,10,single_condition,decision_tree,wine_quality,9,training,10,decision_tree,,9,decision_tree,dt,dt_traversal,1,1,True,1.0,23.086559089669713
1,34,11,1,1,single_condition,decision_tree,wine_quality,26,testing,1,decision_tree,True,10,decision_tree,dt,dt_traversal,1,1,True,0.75,12.552183725893588
1,34,12,1,2,single_condition,decision_tree,wine_quality,13,testing,2,decision_tree,False,11,decision_tree,none,dt_traversal,0,0,True,0.53125,3.134784448605047
1,34,13,1,3,single_condition,decision_tree,wine_quality,24,testing,3,decision_tree,True,12,decision_tree,dt,dt_traversal,1,1,True,0.875,15.931322408342053
0,34,14,1,4,single_condition,decision_tree,wine_quality,20,testing,4,decision_tree,False,13,decision_tree,none,dt_traversal,1,0,False,0.46875,5.524540190039222
0,34,15,1,5,single_condition,decision_tree,wine_quality,11,testing,5,decision_tree,False,14,decision_tree,none,dt_traversal,1,0,False,0.3125,8.996853345815143
1,34,16,1,6,single_condition,decision_tree,wine_quality,25,testing,6,decision_tree,True,15,decision_tree,dt,dt_traversal,0,0,True,0.9375,15.931322408342053
1,34,17,1,7,single_condition,decision_tree,wine_quality,21,testing,7,decision_tree,True,16,decision_tree,dt,dt_traversal,0,0,True,0.6875,12.552183725893588
1,34,18,1,8,single_condition,decision_tree,wine_quality,18,testing,8,decision_tree,True,17,decision_tree,dt,dt_traversal,1,1,True,0.9375,23.086559089669713
1,34,19,1,9,single_condition,decision_tree,wine_quality,23,testing,9,decision_tree,True,18,decision_tree,dt,dt_traversal,0,0,True,1.0,23.086559089669713
1,34,20,1,10,single_condition,decision_tree,wine_quality,14,testing,10,decision_tree,False,19,decision_tree,none,dt_traversal,0,0,True,0.53125,7.338591862946796
0,34,21,1,11,single_condition,decision_tree,wine_quality,10,testing,11,decision_tree,False,20,decision_tree,none,dt_traversal,1,0,False,0.40625,5.994980830746339
1,34,22,1,12,single_condition,decision_tree,wine_quality,19,testing,12,decision_tree,True,21,decision_tree,dt,dt_traversal,0,0,True,0.8125,15.931322408342053
1,34,23,1,13,single_condition,decision_tree,wine_quality,29,testing,13,decision_tree,False,22,decision_tree,none,dt_traversal,0,0,True,0.65625,8.154353345815142
0,34,24,1,14,single_condition,decision_tree,wine_quality,22,testing,14,decision_tree,True,23,decision_tree,dt,dt_traversal,1,0,False,0.125,23.086559089669713
1,34,25,1,15,single_condition,decision_tree,wine_quality,15,testing,15,decision_tree,True,24,decision_tree,dt,dt_traversal,1,1,True,0.8125,15.931322408342053
1,34,26,1,16,single_condition,decision_tree,wine_quality,17,testing,16,decision_tree,False,25,decision_tree,none,dt_traversal,0,0,True,0.5,5.894568897210094
0,34,27,1,17,single_condition,decision_tree,wine_quality,28,testing,17,decision_tree,True,26,decision_tree,dt,dt_traversal,1,0,False,0.375,27.695984516387043
1,34,28,1,18,single_condition,decision_tree,wine_quality,16,testing,18,decision_tree,False,27,decision_tree,none,dt_traversal,0,0,True,0.5,4.211706769216462
1,34,29,1,19,single_condition,decision_tree,wine_quality,27,testing,19,decision_tree,False,28,decision_tree,none,dt_traversal,1,1,True,0.5625,5.087718799981401
1,34,30,1,20,single_condition,decision_tree,wine_quality,12,testing,20,decision_tree,False,29,decision_tree,none,dt_traversal,1,1,True,0.59375,4.691548123059754
1,35,1,1,1,single_condition,logistic_regression,wine_quality,7,training,1,logistic_regression,,0,linear_regression,lr,lr_heuristic,1,1,True,0.7670270938820788,4.659082783418487
1,35,2,1,2,single_condition,logistic_regression,wine_quality,0,training,2,logistic_regression,,1,linear_regression,lr,lr_heuristic,1,1,True,0.785353721038304,4.625123566364831
1,35,3,1,3,single_condition,logistic_regression,wine_quality,9,training,3,logistic_regression,,2,linear_regression,lr,lr_heuristic,1,1,True,0.913121734737141,3.168759194265836
0,35,4,1,4,single_condition,logistic_regression,wine_quality,6,training,4,logistic_regression,,3,linear_regression,lr,lr_heuristic,0,1,False,0.12479814607763573,3.1024404855088283
0,35,5,1,5,single_condition,logistic_regression,wine_quality,2,training,5,logistic_regression,,4,linear_regression,lr,lr_heuristic,0,1,False,0.16265858205389883,4.643061283272783
1,35,6,1,6,single_condition,logistic_regression,wine_quality,1,training,6,logistic_regression,,5,linear_regression,lr,lr_heuristic,0,0,True,0.7369981242275874,3.210421709307045
0,35,7,1,7,single_condition,logistic_regression,wine_quality,8,training,7,logistic_regression,,6,linear_regression,lr,lr_heuristic,1,0,False,0.16161764661131794,3.2796038501827764
1,35,8,1,8,single_condition,logistic_regression,wine_quality,4,training,8,logistic_regression,,7,linear_regression,lr,lr_heuristic,0,0,True,0.6244850787729916,3.222918788394656
0,35,9,1,9,single_condition,logistic_regression,wine_quality,3,training,9,logistic_regression,,8,linear_regression,lr,lr_heuristic,1,0,False,0.4756944308012797,3.4659406987471235
1,35,10,1,10,single_condition,logistic_regression,wine_quality,5,training,10,logistic_regression,,9,linear_regression,lr,lr_heuristic,1,1,True,0.5184201874834241,3.3987396905437386
1,35,11,1,1,single_condition,logistic_regression,wine_quality,12,testing,1,logistic_regression,False,10,linear_regression,none,lr_heuristic,1,1,True,0.9642994866457074,3.160122712681372
1,35,12,1,2,single_condition,logistic_regression,wine_quality,23,testing,2,logistic_regression,True,11,linear_regression,lr,lr_heuristic,0,0,True,0.5761345307893206,3.2773997759515434
0,35,13,1,3,single_condition,logistic_regression,wine_quality,14,testing,3,logistic_regression,False,12,linear_regression,none,lr_heuristic,0,1,False,0.46416326029574106,3.3796382785820565
1,35,14,1,4,single_condition,logistic_regression,wine_quality,21,testing,4,logistic_regression,False,13,linear_regression,none,lr_calculation,0,0,True,0.5214776121689795,5.882673369670893
1,35,15,1,5,single_condition,logistic_regression,wine_quality,18,testing,5,logistic_regression,True,14,linear_regression,lr,lr_calculation,1,1,True,0.6489841746708832,4.896324323013801
1,35,16,1,6,single_condition,logistic_regression,wine_quality,15,testing,6,logistic_regression,False,15,linear_regression,none,lr_calculation,1,1,True,0.5129002610953658,5.870990397357799
1,35,17,1,7,single_condition,logistic_regression,wine_quality,13,testing,7,logistic_regression,True,16,linear_regression,lr,lr_calculation,0,0,True,0.7003626133303285,6.859310265222289
1,35,18,1,8,single_condition,logistic_regression,wine_quality,28,testing,8,logistic_regression,True,17,linear_regression,lr,lr_calculation,1,1,True,0.6489841746708832,4.896324323013801
1,35,19,1,9,single_condition,logistic_regression,wine_quality,25,testing,9,logistic_regression,True,18,linear_regression,lr,lr_calculation,0,0,True,0.5522695261258133,4.934738986343357
1,35,20,1,10,single_condition,logistic_regression,wine_quality,16,testing,10,logistic_regression,True,19,linear_regression,lr,lr_calculation,0,0,True,0.5433905470132603,4.9363778516847585
0,35,21,1,11,single_condition,logistic_regression,wine_quality,29,testing,11,logistic_regression,False,20,linear_regression,none,lr_calculation,0,1,False,0.396982744916515,5.8939794786215245
1,35,22,1,12,single_condition,logistic_regression,wine_quality,22,testing,12,logistic_regression,False,21,linear_regression,none,lr_calculation,1,1,True,0.6626128572655876,5.804003235589301
1,35,23,1,13,single_condition,logistic_regression,wine_quality,10,testing,13,logistic_regression,False,22,linear_regression,none,lr_calculation,1,1,True,0.6704125030553236,5.845941860010729
1,35,24,1,14,single_condition,logistic_regression,wine_quality,20,testing,14,logistic_regression,True,23,linear_regression,lr,lr_calculation,1,1,True,0.5800266858265242,4.92761865647931
1,35,25,1,15,single_condition,logistic_regression,wine_quality,27,testing,15,logistic_regression,False,24,linear_regression,none,lr_calculation,1,1,True,0.6357690325065988,5.820305946211727
0,35,26,1,16,single_condition,logistic_regression,wine_quality,19,testing,16,logistic_regression,False,25,linear_regression,none,lr_calculation,0,1,False,0.4109965967170408,5.798971598290844
1,35,27,1,17,single_condition,logistic_regression,wine_quality,11,testing,17,logistic_regression,True,26,linear_regression,lr,lr_calculation,1,1,True,0.5800266858265242,4.92761865647931
1,35,28,1,18,single_condition,logistic_regression,wine_quality,17,testing,18,logistic_regression,False,27,linear_regression,none,lr_calculation,0,0,True,0.5085269865019568,5.9398603869335425
1,35,29,1,19,single_condition,logistic_regression,wine_quality,26,testing,19,logistic_regression,True,28,linear_regression,lr,lr_calculation,1,1,True,0.6489841746708832,4.896324323013801
1,35,30,1,20,single_condition,logistic_regression,wine_quality,24,testing,20,logistic_regression,True,29,linear_regression,lr,lr_calculation,1,1,True,0.6489841746708832,4.896324323013801
0,36,1,1,1,single_condition,hybrid,wine_quality,3,training,1,logistic_regression,,0,hybrid,lr,dt_traversal,1,0,False,0.5,10.677461661492682
1,36,2,1,2,single_condition,hybrid,wine_quality,5,training,2,decision_tree,,1,hybrid,dt,dt_traversal,1,1,True,0.875,15.931322408342053
1,36,3,1,3,single_condition,hybrid,wine_quality,6,training,3,decision_tree,,2,hybrid,dt,dt_traversal,0,0,True,0.875,12.552183725893588
1,36,4,1,4,single_condition,hybrid,wine_quality,2,training,4,decision_tree,,3,hybrid,dt,lr_heuristic,0,0,True,0.5614796611808499,3.090207876993694
1,36,5,1,5,single_condition,hybrid,wine_quality,8,training,5,logistic_regression,,4,hybrid,lr,dt_traversal,1,1,True,0.8125,9.592778953806095
1,36,6,1,6,single_condition,hybrid,wine_quality,4,training,6,decision_tree,,5,hybrid,dt,dt_traversal,0,0,True,0.8125,23.086559089669713
1,36,7,1,7,single_condition,hybrid,wine_quality,9,training,7,logistic_regression,,6,hybrid,lr,dt_traversal,1,1,True,0.625,8.93886482868349
1,36,8,1,8,single_condition,hybrid,wine_quality,1,training,8,decision_tree,,7,hybrid,dt,dt_traversal,0,0,True,0.875,23.086559089669713
0,36,9,1,9,single_condition,hybrid,wine_quality,7,training,9,logistic_regression,,8,hybrid,lr,dt_traversal,1,0,False,0.46875,9.001364828683489
1,36,10,1,10,single_condition,hybrid,wine_quality,0,training,10,logistic_regression,,9,hybrid,lr,dt_traversal,1,1,True,0.53125,10.178132052986014
1,36,11,1,1,single_condition,hybrid,wine_quality,13,testing,1,logistic_regression,True,10,hybrid,lr,dt_traversal,0,0,True,0.65625,10.26511482868349
1,36,12,1,2,single_condition,hybrid,wine_quality,19,testing,2,logistic_regression,False,11,hybrid,none,dt_traversal,0,0,True,0.65625,8.702859087249315
1,36,13,1,3,single_condition,hybrid,wine_quality,10,testing,3,decision_tree,True,12,hybrid,dt,dt_traversal,1,1,True,0.75,23.086559089669713
1,36,14,1,4,single_condition,hybrid,wine_quality,14,testing,4,logistic_regression,False,13,hybrid,none,dt_traversal,0,0,True,0.65625,7.762097604380967
0,36,15,1,5,single_condition,hybrid,wine_quality,22,testing,5,logistic_regression,False,14,hybrid,none,dt_traversal,1,0,False,0.3125,9.692126311551839
1,36,16,1,6,single_condition,hybrid,wine_quality,18,testing,6,decision_tree,True,15,hybrid,dt,dt_traversal,1,1,True,0.9375,15.931322408342053
1,36,17,1,7,single_condition,hybrid,wine_quality,12,testing,7,decision_tree,True,16,hybrid,dt,dt_traversal,1,1,True,0.8125,12.552183725893588
1,36,18,1,8,single_condition,hybrid,wine_quality,20,testing,8,logistic_regression,False,17,hybrid,none,lr_calculation,1,1,True,0.561239590858466,5.817786144413352
0,36,19,1,9,single_condition,hybrid,wine_quality,29,testing,9,decision_tree,False,18,hybrid,none,lr_calculation,0,1,False,0.41997331417347583,5.92761865647931
1,36,20,1,10,single_condition,hybrid,wine_quality,11,testing,10,logistic_regression,True,19,hybrid,lr,lr_calculation,1,1,True,0.5800266858265242,4.92761865647931
1,36,21,1,11,single_condition,hybrid,wine_quality,21,testing,11,logistic_regression,True,20,hybrid,lr,lr_calculation,0,0,True,0.7457354510087214,6.815466459273007
1,36,22,1,12,single_condition,hybrid,wine_quality,26,testing,12,decision_tree,False,21,hybrid,none,lr_calculation,1,1,True,0.6354592274598729,5.898506009951365
1,36,23,1,13,single_condition,hybrid,wine_quality,25,testing,13,logistic_regression,False,22,hybrid,none,lr_calculation,0,0,True,0.5767845130413223,5.901524371747989
0,36,24,1,14,single_condition,hybrid,wine_quality,15,testing,14,decision_tree,False,23,hybrid,none,lr_calculation,1,0,False,0.5,5.9399999999999995
1,36,25,1,15,single_condition,hybrid,wine_quality,28,testing,15,logistic_regression,True,24,hybrid,lr,lr_calculation,1,1,True,0.6489841746708832,4.896324323013801
0,36,26,1,16,single_condition,hybrid,wine_quality,17,testing,16,decision_tree,True,25,hybrid,dt,lr_heuristic,0,1,False,0.2479866463175011,4.906900184357294
1,36,27,1,17,single_condition,hybrid,wine_quality,24,testing,17,decision_tree,False,26,hybrid,none,lr_heuristic,1,1,True,0.700000009804166,3.642619948906175
1,36,28,1,18,single_condition,hybrid,wine_quality,23,testing,18,decision_tree,True,27,hybrid,dt,lr_heuristic,0,0,True,0.8070617232339606,3.3127668311466727
0,36,29,1,19,single_condition,hybrid,wine_quality,16,testing,19,logistic_regression,True,28,hybrid,lr,lr_heuristic,0,1,False,0.4110059102998922,4.916657691568773
1,36,30,1,20,single_condition,hybrid,wine_quality,27,testing,20,decision_tree,False,29,hybrid,none,lr_heuristic,1,1,True,0.6993163879673299,3.549978784776095
1,37,1,1,1,single_condition,decision_tree,wine_quality,7,training,1,decision_tree,,0,decision_tree,dt,dt_traversal,1,1,True,0.8125,15.931322408342053
0,37,2,1,2,single_condition,decision_tree,wine_quality,0,training,2,decision_tree,,1,decision_tree,dt,dt_traversal,1,0,False,0.1875,15.931322408342053
1,37,3,1,3,single_condition,decision_tree,wine_quality,4,training,3,decision_tree,,2,decision_tree,dt,dt_traversal,0,0,True,0.8125,12.552183725893588
1,37,4,1,4,single_condition,decision_tree,wine_quality,6,training,4,decision_tree,,3,decision_tree,dt,dt_traversal,0,0,True,0.8125,15.931322408342053
1,37,5,1,5,single_condition,decision_tree,wine_quality,8,training,5,decision_tree,,4,decision_tree,dt,dt_traversal,1,1,True,0.9375,15.931322408342053
1,37,6,1,6,single_condition,decision_tree,wine_quality,9,training,6,decision_tree,,5,decision_tree,dt,dt_traversal,1,1,True,0.75,23.086559089669713
1,37,7,1,7,single_condition,decision_tree,wine_quality,2,training,7,decision_tree,,6,decision_tree,dt,dt_traversal,0,0,True,0.9375,23.086559089669713
1,37,8,1,8,single_condition,decision_tree,wine_quality,5,training,8,decision_tree,,7,decision_tree,dt,dt_traversal,1,1,True,0.8125,23.086559089669713
0,37,9,1,9,single_condition,decision_tree,wine_quality,3,training,9,decision_tree,,8,decision_tree,dt,dt_traversal,1,0,False,0.125,23.086559089669713
1,37,10,1,10,single_condition,decision_tree,wine_quality,1,training,10,decision_tree,,9,decision_tree,dt,dt_traversal,0,0,True,0.875,15.931322408342053
1,37,11,1,1,single_condition,decision_tree,wine_quality,15,testing,1,decision_tree,True,10,decision_tree,dt,dt_traversal,1,1,True,0.875,12.552183725893588
1,37,12,1,2,single_condition,decision_tree,wine_quality,23,testing,2,decision_tree,False,11,decision_tree,none,dt_traversal,0,0,True,0.53125,3.134784448605047
1,37,13,1,3,single_condition,decision_tree,wine_quality,24,testing,3,decision_tree,True,12,decision_tree,dt,dt_traversal,1,1,True,0.9375,23.086559089669713
0,37,14,1,4,single_condition,decision_tree,wine_quality,10,testing,4,decision_tree,False,13,decision_tree,none,dt_traversal,1,0,False,0.46875,5.408563155775921
1,37,15,1,5,single_condition,decision_tree,wine_quality,16,testing,5,decision_tree,True,14,decision_tree,dt,dt_traversal,0,0,True,0.9375,23.086559089669713
1,37,16,1,6,single_condition,decision_tree,wine_quality,14,testing,6,decision_tree,True,15,decision_tree,dt,dt_traversal,0,0,True,1.0,19.504819105182325
1,37,17,1,7,single_condition,decision_tree,wine_quality,26,testing,7,decision_tree,True,16,decision_tree,dt,dt_traversal,1,1,True,0.9375,23.086559089669713
1,37,18,1,8,single_condition,decision_tree,wine_quality,29,testing,8,decision_tree,False,17,decision_tree,none,dt_traversal,0,0,True,0.5625,4.055456769216462
0,37,19,1,9,single_condition,decision_tree,wine_quality,22,testing,9,decision_tree,True,18,decision_tree,dt,dt_traversal,1,0,False,0.0,15.931322408342053
1,37,20,1,10,single_condition,decision_tree,wine_quality,17,testing,10,decision_tree,True,19,decision_tree,dt,dt_traversal,0,0,True,0.8125,15.931322408342053
1,37,21,1,11,single_condition,decision_tree,wine_quality,20,testing,11,decision_tree,False,20,decision_tree,none,dt_traversal,1,1,True,0.625,7.579568897210096
1,37,22,1,12,single_condition,decision_tree,wine_quality,12,testing,12,decision_tree,True,21,decision_tree,dt,dt_traversal,1,1,True,1.0,23.086559089669713
1,37,23,1,13,single_condition,decision_tree,wine_quality,25,testing,13,decision_tree,False,22,decision_tree,none,dt_traversal,0,0,True,0.5625,3.481865415373169
0,37,24,1,14,single_condition,decision_tree,wine_quality,18,testing,14,decision_tree,False,23,decision_tree,none,dt_traversal,1,0,False,0.5,5.93248083074634
1,37,25,1,15,single_condition,decision_tree,wine_quality,27,testing,15,decision_tree,True,24,decision_tree,dt,dt_traversal,1,1,True,0.875,15.931322408342053
1,37,26,1,16,single_condition,decision_tree,wine_quality,13,testing,16,decision_tree,False,25,decision_tree,none,dt_traversal,0,0,True,0.5625,4.260790190039222
1,37,27,1,17,single_condition,decision_tree,wine_quality,21,testing,17,decision_tree,False,26,decision_tree,none,dt_traversal,0,0,True,0.5625,6.05748083074634
1,37,28,1,18,single_condition,decision_tree,wine_quality,28,testing,18,decision_tree,False,27,decision_tree,none,dt_traversal,1,1,True,0.5625,5.7677187999814015
1,37,29,1,19,single_condition,decision_tree,wine_quality,19,testing,19,decision_tree,False,28,decision_tree,none,dt_traversal,0,0,True,0.625,5.40856315577592
0,37,30,1,20,single_condition,decision_tree,wine_quality,11,testing,20,decision_tree,True,29,decision_tree,dt,dt_traversal,1,0,False,0.4375,22.25240955259117
0,38,1,1,1,single_condition,logistic_regression,wine_quality,6,training,1,logistic_regression,,0,linear_regression,lr,lr_heuristic,0,1,False,0.2968505399146433,4.6950849366661975
1,38,2,1,2,single_condition,logistic_regression,wine_quality,3,training,2,logistic_regression,,1,linear_regression,lr,lr_heuristic,1,1,True,0.6523887950645708,4.831977042167967
1,38,3,1,3,single_condition,logistic_regression,wine_quality,5,training,3,logistic_regression,,2,linear_regression,lr,lr_heuristic,1,1,True,0.6446816510735314,3.335008102269042
1,38,4,1,4,single_condition,logistic_regression,wine_quality,9,training,4,logistic_regression,,3,linear_regression,lr,lr_heuristic,1,1,True,0.7683993980180854,3.265602721197589
0,38,5,1,5,single_condition,logistic_regression,wine_quality,0,training,5,logistic_regression,,4,linear_regression,lr,lr_heuristic,1,0,False,0.44958838425108005,3.2855670864807975
0,38,6,1,6,single_condition,logistic_regression,wine_quality,2,training,6,logistic_regression,,5,linear_regression,lr,lr_heuristic,0,1,False,0.21068266866557983,4.7705891516780685
1,38,7,1,7,single_condition,logistic_regression,wine_quality,7,training,7,logistic_regression,,6,linear_regression,lr,lr_heuristic,1,1,True,0.6895969205850462,3.275872762301671
0,38,8,1,8,single_condition,logistic_regression,wine_quality,1,training,8,logistic_regression,,7,linear_regression,lr,lr_heuristic,0,1,False,0.3972393732949717,3.3030040899965365
0,38,9,1,9,single_condition,logistic_regression,wine_quality,4,training,9,logistic_regression,,8,linear_regression,lr,lr_heuristic,0,1,False,0.4545303050233984,3.251769460326335
0,38,10,1,10,single_condition,logistic_regression,wine_quality,8,training,10,logistic_regression,,9,linear_regression,lr,lr_heuristic,1,0,False,0.4178978132444464,3.421403142660128
0,38,11,1,1,single_condition,logistic_regression,wine_quality,19,testing,1,logistic_regression,False,10,linear_regression,none,lr_heuristic,0,1,False,0.21319596463278923,3.201509674866902
1,38,12,1,2,single_condition,logistic_regression,wine_quality,13,testing,2,logistic_regression,False,11,linear_regression,none,lr_calculation,0,0,True,0.508582217267148,5.831465550661939
1,38,13,1,3,single_condition,logistic_regression,wine_quality,21,testing,3,logistic_regression,True,12,linear_regression,lr,lr_calculation,0,0,True,0.7457354510087214,6.815466459273007
1,38,14,1,4,single_condition,logistic_regression,wine_quality,24,testing,4,logistic_regression,True,13,linear_regression,lr,lr_heuristic,1,1,True,0.7204885165325319,3.4415348394177507
1,38,15,1,5,single_condition,logistic_regression,wine_quality,18,testing,5,logistic_regression,False,14,linear_regression,none,lr_heuristic,1,1,True,0.5225112818724373,3.4579182351783806
1,38,16,1,6,single_condition,logistic_regression,wine_quality,23,testing,6,logistic_regression,True,15,linear_regression,lr,lr_calculation,0,0,True,0.5522695261258133,4.934738986343357
1,38,17,1,7,single_condition,logistic_regression,wine_quality,29,testing,7,logistic_regression,True,16,linear_regression,lr,lr_calculation,0,0,True,0.7010774010158042,6.858705005657374
0,38,18,1,8,single_condition,logistic_regression,wine_quality,11,testing,8,logistic_regression,False,17,linear_regression,none,lr_calculation,1,0,False,0.008162571183052619,2.5902049150343407
1,38,19,1,9,single_condition,logistic_regression,wine_quality,20,testing,9,logistic_regression,True,18,linear_regression,lr,lr_calculation,1,1,True,0.5800347240019478,8.927616151755823
1,38,20,1,10,single_condition,logistic_regression,wine_quality,14,testing,10,logistic_regression,True,19,linear_regression,lr,lr_calculation,0,0,True,0.5085269865019568,4.9398603869335425
1,38,21,1,11,single_condition,logistic_regression,wine_quality,25,testing,11,logistic_regression,False,20,linear_regression,none,lr_calculation,0,0,True,0.619998613139863,5.814915688597496
1,38,22,1,12,single_condition,logistic_regression,wine_quality,28,testing,12,logistic_regression,False,21,linear_regression,none,lr_calculation,1,1,True,0.6141796171189593,5.873228853916416
0,38,23,1,13,single_condition,logistic_regression,wine_quality,15,testing,13,logistic_regression,True,22,linear_regression,lr,lr_calculation,1,0,False,0.5,4.9399999999999995
1,38,24,1,14,single_condition,logistic_regression,wine_quality,17,testing,14,logistic_regression,True,23,linear_regression,lr,lr_calculation,0,0,True,0.5085269865019568,4.9398603869335425
1,38,25,1,15,single_condition,logistic_regression,wine_quality,27,testing,15,logistic_regression,False,24,linear_regression,none,lr_calculation,1,1,True,0.6620715386966238,5.846111013013118
1,38,26,1,16,single_condition,logistic_regression,wine_quality,22,testing,16,logistic_regression,True,25,linear_regression,lr,lr_calculation,1,1,True,0.7064041775514738,4.854112086594203
1,38,27,1,17,single_condition,logistic_regression,wine_quality,16,testing,17,logistic_regression,True,26,linear_regression,lr,lr_calculation,0,0,True,0.5433905470132603,4.9363778516847585
1,38,28,1,18,single_condition,logistic_regression,wine_quality,26,testing,18,logistic_regression,False,27,linear_regression,none,lr_calculation,1,1,True,0.5687203872303597,5.793018952291798
1,38,29,1,19,single_condition,logistic_regression,wine_quality,12,testing,19,logistic_regression,False,28,linear_regression,none,lr_calculation,1,1,True,0.5878687079424465,5.759260763839649
1,38,30,1,20,single_condition,logistic_regression,wine_quality,10,testing,20,logistic_regression,False,29,linear_regression,none,lr_calculation,1,1,True,0.6056775657570602,5.875938451620422
0,39,1,1,1,single_condition,hybrid,wine_quality,0,training,1,logistic_regression,,0,hybrid,lr,dt_traversal,1,0,False,0.5,10.677461661492682
1,39,2,1,2,single_condition,hybrid,wine_quality,8,training,2,logistic_regression,,1,hybrid,lr,dt_traversal,1,1,True,0.625,13.552183725893588
1,39,3,1,3,single_condition,hybrid,wine_quality,7,training,3,logistic_regression,,2,hybrid,lr,dt_traversal,1,1,True,0.59375,12.437916501591062
0,39,4,1,4,single_condition,hybrid,wine_quality,6,training,4,decision_tree,,3,hybrid,dt,lr_heuristic,0,1,False,0.13151021482096814,3.0959603261495188
1,39,5,1,5,single_condition,hybrid,wine_quality,1,training,5,logistic_regression,,4,hybrid,lr,dt_traversal,0,0,True,0.625,8.049425569197863
1,39,6,1,6,single_condition,hybrid,wine_quality,2,training,6,decision_tree,,5,hybrid,dt,dt_traversal,0,0,True,0.75,23.086559089669713
1,39,7,1,7,single_condition,hybrid,wine_quality,5,training,7,logistic_regression,,6,hybrid,lr,dt_traversal,1,1,True,0.625,11.653405018722715
0,39,8,1,8,single_condition,hybrid,wine_quality,3,training,8,decision_tree,,7,hybrid,dt,dt_traversal,1,0,False,0.3125,12.552183725893588
1,39,9,1,9,single_condition,hybrid,wine_quality,9,training,9,decision_tree,,8,hybrid,dt,dt_traversal,1,1,True,0.75,15.931322408342053
1,39,10,1,10,single_condition,hybrid,wine_quality,4,training,10,decision_tree,,9,hybrid,dt,dt_traversal,0,0,True,0.8125,12.552183725893588
1,39,11,1,1,single_condition,hybrid,wine_quality,21,testing,1,logistic_regression,True,10,hybrid,lr,dt_traversal,0,0,True,0.625,9.487370570117667
1,39,12,1,2,single_condition,hybrid,wine_quality,19,testing,2,decision_tree,True,11,hybrid,dt,dt_traversal,0,0,True,0.8125,23.086559089669713
1,39,13,1,3,single_condition,hybrid,wine_quality,16,testing,3,logistic_regression,False,12,hybrid,none,dt_traversal,0,0,True,0.59375,6.522830380078444
1,39,14,1,4,single_condition,hybrid,wine_quality,28,testing,4,decision_tree,False,13,hybrid,none,lr_calculation,1,1,True,0.5952467902373388,5.845583102228079
1,39,15,1,5,single_condition,hybrid,wine_quality,18,testing,5,logistic_regression,False,14,hybrid,none,lr_calculation,1,1,True,0.5878687079424466,5.759260763839649
1,39,16,1,6,single_condition,hybrid,wine_quality,27,testing,6,decision_tree,True,15,hybrid,dt,lr_heuristic,1,1,True,0.8803865654726173,3.285032618863076
1,39,17,1,7,single_condition,hybrid,wine_quality,25,testing,7,logistic_regression,True,16,hybrid,lr,dt_traversal,0,0,True,0.5625,6.804080380078444
1,39,18,1,8,single_condition,hybrid,wine_quality,26,testing,8,logistic_regression,False,17,hybrid,none,lr_calculation,1,1,True,0.6489841746708832,5.896324323013801
0,39,19,1,9,single_condition,hybrid,wine_quality,15,testing,9,decision_tree,False,18,hybrid,none,lr_calculation,1,0,False,0.49141778273168174,5.825499126518711
1,39,20,1,10,single_condition,hybrid,wine_quality,20,testing,10,logistic_regression,True,19,hybrid,lr,lr_heuristic,1,1,True,0.8920246410885481,4.672524198439251
1,39,21,1,11,single_condition,hybrid,wine_quality,23,testing,11,logistic_regression,True,20,hybrid,lr,dt_traversal,0,0,True,0.5,5.110057414341746
1,39,22,1,12,single_condition,hybrid,wine_quality,12,testing,12,decision_tree,False,21,hybrid,none,lr_calculation,1,1,True,0.6489841746708832,5.896324323013801
1,39,23,1,13,single_condition,hybrid,wine_quality,24,testing,13,decision_tree,True,22,hybrid,dt,lr_heuristic,1,1,True,0.833048388189588,3.3177522609474197
0,39,24,1,14,single_condition,hybrid,wine_quality,14,testing,14,logistic_regression,True,23,hybrid,lr,lr_heuristic,0,1,False,0.05245032274995998,4.714780289774338
1,39,25,1,15,single_condition,hybrid,wine_quality,13,testing,15,decision_tree,True,24,hybrid,dt,dt_traversal,0,0,True,0.9375,23.701149146565356
1,39,26,1,16,single_condition,hybrid,wine_quality,10,testing,16,decision_tree,False,25,hybrid,none,lr_calculation,1,1,True,0.6489841746708832,5.896324323013801
0,39,27,1,17,single_condition,hybrid,wine_quality,29,testing,17,decision_tree,False,26,hybrid,none,lr_calculation,0,1,False,0.41997331417347583,5.92761865647931
1,39,28,1,18,single_condition,hybrid,wine_quality,22,testing,18,logistic_regression,False,27,hybrid,none,lr_calculation,1,1,True,0.7161251996499985,5.843280017295097
0,39,29,1,19,single_condition,hybrid,wine_quality,17,testing,19,logistic_regression,False,28,hybrid,none,lr_calculation,0,1,False,0.47706769179777997,5.883747525769138
1,39,30,1,20,single_condition,hybrid,wine_quality,11,testing,20,decision_tree,True,29,hybrid,dt,lr_heuristic,1,1,True,0.7030767897270915,3.4773397528082377
1,40,1,1,1,single_condition,decision_tree,wine_quality,9,training,1,decision_tree,,0,decision_tree,dt,dt_traversal,1,1,True,0.8125,15.931322408342053
0,40,2,1,2,single_condition,decision_tree,wine_quality,7,training,2,decision_tree,,1,decision_tree,dt,dt_traversal,1,0,False,0.5,15.931322408342053
1,40,3,1,3,single_condition,decision_tree,wine_quality,6,training,3,decision_tree,,2,decision_tree,dt,dt_traversal,0,0,True,0.8125,12.552183725893588
1,40,4,1,4,single_condition,decision_tree,wine_quality,8,training,4,decision_tree,,3,decision_tree,dt,dt_traversal,1,1,True,0.9375,15.931322408342053
1,40,5,1,5,single_condition,decision_tree,wine_quality,2,training,5,decision_tree,,4,decision_tree,dt,dt_traversal,0,0,True,0.9375,15.931322408342053
0,40,6,1,6,single_condition,decision_tree,wine_quality,3,training,6,decision_tree,,5,decision_tree,dt,dt_traversal,1,0,False,0.125,23.086559089669713
1,40,7,1,7,single_condition,decision_tree,wine_quality,5,training,7,decision_tree,,6,decision_tree,dt,dt_traversal,1,1,True,0.875,15.931322408342053
1,40,8,1,8,single_condition,decision_tree,wine_quality,1,training,8,decision_tree,,7,decision_tree,dt,dt_traversal,0,0,True,0.875,12.552183725893588
0,40,9,1,9,single_condition,decision_tree,wine_quality,0,training,9,decision_tree,,8,decision_tree,dt,dt_traversal,1,0,False,0.125,23.086559089669713
1,40,10,1,10,single_condition,decision_tree,wine_quality,4,training,10,decision_tree,,9,decision_tree,dt,dt_traversal,0,0,True,0.875,15.931322408342053
1,40,11,1,1,single_condition,decision_tree,wine_quality,21,testing,1,decision_tree,True,10,decision_tree,dt,dt_traversal,0,0,True,0.875,12.552183725893588
1,40,12,1,2,single_condition,decision_tree,wine_quality,14,testing,2,decision_tree,True,11,decision_tree,dt,dt_traversal,0,0,True,0.9375,23.086559089669713
1,40,13,1,3,single_condition,decision_tree,wine_quality,29,testing,3,decision_tree,True,12,decision_tree,dt,dt_traversal,0,0,True,0.9375,23.086559089669713
1,40,14,1,4,single_condition,decision_tree,wine_quality,27,testing,4,decision_tree,True,13,decision_tree,dt,dt_traversal,1,1,True,0.9375,23.086559089669713
1,40,15,1,5,single_condition,decision_tree,wine_quality,18,testing,5,decision_tree,True,14,decision_tree,dt,dt_traversal,1,1,True,0.875,23.086559089669713
1,40,16,1,6,single_condition,decision_tree,wine_quality,25,testing,6,decision_tree,False,15,decision_tree,none,dt_traversal,0,0,True,0.5,1.472011482868349
0,40,17,1,7,single_condition,decision_tree,wine_quality,20,testing,7,decision_tree,False,16,decision_tree,none,dt_traversal,1,0,False,0.5,3.469603384608231
1,40,18,1,8,single_condition,decision_tree,wine_quality,16,testing,8,decision_tree,True,17,decision_tree,dt,dt_traversal,0,0,True,0.8125,15.931322408342053
0,40,19,1,9,single_condition,decision_tree,wine_quality,11,testing,9,decision_tree,False,18,decision_tree,none,dt_traversal,1,0,False,0.46875,4.590545931473397
0,40,20,1,10,single_condition,decision_tree,wine_quality,24,testing,10,decision_tree,False,19,decision_tree,none,dt_traversal,1,0,False,0.5,4.6915481230597536
0,40,21,1,11,single_condition,decision_tree,wine_quality,17,testing,11,decision_tree,False,20,decision_tree,none,dt_traversal,0,1,False,0.46875,5.630060153824694
0,40,22,1,12,single_condition,decision_tree,wine_quality,28,testing,12,decision_tree,True,21,decision_tree,dt,dt_traversal,1,0,False,0.4375,12.95810334581514
0,40,23,1,13,single_condition,decision_tree,wine_quality,26,testing,13,decision_tree,False,22,decision_tree,none,dt_traversal,1,0,False,0.46875,7.040086121512617
1,40,24,1,14,single_condition,decision_tree,wine_quality,12,testing,14,decision_tree,False,23,decision_tree,none,dt_traversal,1,1,True,0.53125,6.568572184589632
1,40,25,1,15,single_condition,decision_tree,wine_quality,15,testing,15,decision_tree,True,24,decision_tree,dt,dt_traversal,1,1,True,0.75,15.931322408342053
1,40,26,1,16,single_condition,decision_tree,wine_quality,10,testing,16,decision_tree,True,25,decision_tree,dt,dt_traversal,1,1,True,0.6875,12.552183725893588
0,40,27,1,17,single_condition,decision_tree,wine_quality,22,testing,17,decision_tree,False,26,decision_tree,none,dt_traversal,1,0,False,0.5,5.265139476903047
1,40,28,1,18,single_condition,decision_tree,wine_quality,13,testing,18,decision_tree,False,27,decision_tree,none,dt_traversal,0,0,True,0.59375,5.452639476903046
1,40,29,1,19,single_condition,decision_tree,wine_quality,19,testing,19,decision_tree,True,28,decision_tree,dt,dt_traversal,0,0,True,0.9375,19.504819105182325
1,40,30,1,20,single_condition,decision_tree,wine_quality,23,testing,20,decision_tree,False,29,decision_tree,none,dt_traversal,0,0,True,0.53125,6.977586121512619
0,41,1,1,1,single_condition,logistic_regression,wine_quality,1,training,1,logistic_regression,,0,linear_regression,lr,lr_heuristic,0,1,False,0.4387271875848844,4.778296532504468
1,41,2,1,2,single_condition,logistic_regression,wine_quality,0,training,2,logistic_regression,,1,linear_regression,lr,lr_heuristic,1,1,True,0.61120512088726,4.758957062067377
1,41,3,1,3,single_condition,logistic_regression,wine_quality,7,training,3,logistic_regression,,2,linear_regression,lr,lr_heuristic,1,1,True,0.8258232777661699,3.356595347350333
0,41,4,1,4,single_condition,logistic_regression,wine_quality,6,training,4,logistic_regression,,3,linear_regression,lr,lr_heuristic,0,1,False,0.23606646019013744,3.26376689666845
0,41,5,1,5,single_condition,logistic_regression,wine_quality,8,training,5,logistic_regression,,4,linear_regression,lr,lr_heuristic,1,0,False,0.3994643374227079,3.264233658337703
1,41,6,1,6,single_condition,logistic_regression,wine_quality,3,training,6,logistic_regression,,5,linear_regression,lr,lr_heuristic,1,1,True,0.8125295259087334,3.2316546801796013
1,41,7,1,7,single_condition,logistic_regression,wine_quality,5,training,7,logistic_regression,,6,linear_regression,lr,lr_heuristic,1,1,True,0.6935500001963149,3.408331157315284
1,41,8,1,8,single_condition,logistic_regression,wine_quality,9,training,8,logistic_regression,,7,linear_regression,lr,lr_heuristic,1,1,True,0.7255542923694043,4.8373827601825
0,41,9,1,9,single_condition,logistic_regression,wine_quality,4,training,9,logistic_regression,,8,linear_regression,lr,lr_heuristic,0,1,False,0.24537704926296233,4.585205746445352
0,41,10,1,10,single_condition,logistic_regression,wine_quality,2,training,10,logistic_regression,,9,linear_regression,lr,lr_heuristic,0,1,False,0.48922891924864054,4.920809478670328
1,41,11,1,1,single_condition,logistic_regression,wine_quality,10,testing,1,logistic_regression,True,10,linear_regression,lr,lr_heuristic,1,1,True,0.7419340453893587,3.382552843035442
0,41,12,1,2,single_condition,logistic_regression,wine_quality,21,testing,2,logistic_regression,True,11,linear_regression,lr,lr_heuristic,0,1,False,0.47928933351150016,3.344177597999381
0,41,13,1,3,single_condition,logistic_regression,wine_quality,13,testing,3,logistic_regression,True,12,linear_regression,lr,lr_heuristic,0,1,False,0.2624585371705803,4.93087009969211
1,41,14,1,4,single_condition,logistic_regression,wine_quality,23,testing,4,logistic_regression,False,13,linear_regression,none,lr_heuristic,0,0,True,0.8510944238605704,3.1960464464896594
1,41,15,1,5,single_condition,logistic_regression,wine_quality,27,testing,5,logistic_regression,False,14,linear_regression,none,lr_heuristic,1,1,True,0.6261687786622884,3.356809630723503
1,41,16,1,6,single_condition,logistic_regression,wine_quality,25,testing,6,logistic_regression,False,15,linear_regression,none,lr_heuristic,0,0,True,0.8384619355332532,3.267703955582554
1,41,17,1,7,single_condition,logistic_regression,wine_quality,26,testing,7,logistic_regression,True,16,linear_regression,lr,lr_heuristic,1,1,True,0.7055400425374229,3.4090197092760457
1,41,18,1,8,single_condition,logistic_regression,wine_quality,28,testing,8,logistic_regression,False,17,linear_regression,none,lr_heuristic,1,1,True,0.6680557303585624,3.43521166639373
0,41,19,1,9,single_condition,logistic_regression,wine_quality,19,testing,9,logistic_regression,False,18,linear_regression,none,lr_calculation,0,1,False,0.4726614079774961,5.908179195972129
1,41,20,1,10,single_condition,logistic_regression,wine_quality,17,testing,10,logistic_regression,True,19,linear_regression,lr,lr_calculation,0,0,True,0.5085269865019568,4.9398603869335425
1,41,21,1,11,single_condition,logistic_regression,wine_quality,12,testing,11,logistic_regression,True,20,linear_regression,lr,lr_heuristic,1,1,True,0.6858836798307355,3.4547529743087457
1,41,22,1,12,single_condition,logistic_regression,wine_quality,11,testing,12,logistic_regression,False,21,linear_regression,none,lr_heuristic,1,1,True,0.5875269726404186,3.4656960116604356
1,41,23,1,13,single_condition,logistic_regression,wine_quality,20,testing,13,logistic_regression,False,22,linear_regression,none,lr_calculation,1,1,True,0.6057648572635954,5.875280297636623
1,41,24,1,14,single_condition,logistic_regression,wine_quality,24,testing,14,logistic_regression,True,23,linear_regression,lr,lr_calculation,1,1,True,0.6489841746708832,4.896324323013801
1,41,25,1,15,single_condition,logistic_regression,wine_quality,22,testing,15,logistic_regression,True,24,linear_regression,lr,lr_heuristic,1,1,True,0.855158725076451,3.4106706325728613
0,41,26,1,16,single_condition,logistic_regression,wine_quality,29,testing,16,logistic_regression,False,25,linear_regression,none,lr_heuristic,0,1,False,0.2839230228365518,3.4879944800439646
0,41,27,1,17,single_condition,logistic_regression,wine_quality,15,testing,17,logistic_regression,True,26,linear_regression,lr,lr_calculation,1,0,False,0.5,4.9399999999999995
0,41,28,1,18,single_condition,logistic_regression,wine_quality,16,testing,18,logistic_regression,False,27,linear_regression,none,lr_calculation,0,1,False,0.44667303965021166,5.797437796513858
1,41,29,1,19,single_condition,logistic_regression,wine_quality,18,testing,19,logistic_regression,True,28,linear_regression,lr,lr_heuristic,1,1,True,0.9142492207257764,4.820265100676668
0,41,30,1,20,single_condition,logistic_regression,wine_quality,14,testing,20,logistic_regression,False,29,linear_regression,none,lr_heuristic,0,1,False,0.3807381215733314,4.924103819923969
1,42,1,1,1,single_condition,hybrid,wine_quality,6,training,1,decision_tree,,0,hybrid,dt,dt_traversal,0,0,True,0.875,15.931322408342053
1,42,2,1,2,single_condition,hybrid,wine_quality,5,training,2,decision_tree,,1,hybrid,dt,dt_traversal,1,1,True,0.75,15.931322408342053
0,42,3,1,3,single_condition,hybrid,wine_quality,3,training,3,decision_tree,,2,hybrid,dt,dt_traversal,1,0,False,0.1875,12.552183725893588
1,42,4,1,4,single_condition,hybrid,wine_quality,8,training,4,decision_tree,,3,hybrid,dt,dt_traversal,1,1,True,0.9375,15.931322408342053
1,42,5,1,5,single_condition,hybrid,wine_quality,7,training,5,decision_tree,,4,hybrid,dt,dt_traversal,1,1,True,0.75,15.931322408342053
0,42,6,1,6,single_condition,hybrid,wine_quality,0,training,6,logistic_regression,,5,hybrid,lr,dt_traversal,1,0,False,0.5,3.4645401900392216
1,42,7,1,7,single_condition,hybrid,wine_quality,4,training,7,logistic_regression,,6,hybrid,lr,dt_traversal,0,0,True,0.625,5.963730830746339
1,42,8,1,8,single_condition,hybrid,wine_quality,2,training,8,logistic_regression,,7,hybrid,lr,dt_traversal,0,0,True,0.5625,10.900143535854363
0,42,9,1,9,single_condition,hybrid,wine_quality,9,training,9,logistic_regression,,8,hybrid,lr,dt_traversal,1,0,False,0.46875,12.045660760156888
1,42,10,1,10,single_condition,hybrid,wine_quality,1,training,10,logistic_regression,,9,hybrid,lr,dt_traversal,0,0,True,0.71875,8.185603345815142
1,42,11,1,1,single_condition,hybrid,wine_quality,27,testing,1,decision_tree,True,10,hybrid,dt,dt_traversal,1,1,True,0.9375,23.086559089669713
1,42,12,1,2,single_condition,hybrid,wine_quality,23,testing,2,logistic_regression,True,11,hybrid,lr,dt_traversal,0,0,True,0.5,10.931393535854363
0,42,13,1,3,single_condition,hybrid,wine_quality,20,testing,3,logistic_regression,False,12,hybrid,none,dt_traversal,1,0,False,0.46875,6.94061541537317
0,42,14,1,4,single_condition,hybrid,wine_quality,11,testing,4,logistic_regression,False,13,hybrid,none,dt_traversal,1,0,False,0.46875,6.600218799981402
1,42,15,1,5,single_condition,hybrid,wine_quality,16,testing,5,decision_tree,True,14,hybrid,dt,dt_traversal,0,0,True,0.6875,12.552183725893588
1,42,16,1,6,single_condition,hybrid,wine_quality,25,testing,6,logistic_regression,True,15,hybrid,lr,dt_traversal,0,0,True,0.65625,7.762097604380966
1,42,17,1,7,single_condition,hybrid,wine_quality,14,testing,7,logistic_regression,False,16,hybrid,none,dt_traversal,0,0,True,0.59375,10.178132052986015
1,42,18,1,8,single_condition,hybrid,wine_quality,15,testing,8,decision_tree,True,17,hybrid,dt,dt_traversal,1,1,True,0.9375,15.931322408342053
0,42,19,1,9,single_condition,hybrid,wine_quality,13,testing,9,logistic_regression,True,18,hybrid,lr,dt_traversal,0,1,False,0.46875,4.749051672907571
1,42,20,1,10,single_condition,hybrid,wine_quality,24,testing,10,decision_tree,True,19,hybrid,dt,dt_traversal,1,1,True,1.0,23.086559089669713
1,42,21,1,11,single_condition,hybrid,wine_quality,10,testing,11,decision_tree,True,20,hybrid,dt,dt_traversal,1,1,True,0.6875,12.552183725893588
1,42,22,1,12,single_condition,hybrid,wine_quality,21,testing,12,decision_tree,False,21,hybrid,none,dt_traversal,0,0,True,0.6875,6.977586121512617
1,42,23,1,13,single_condition,hybrid,wine_quality,18,testing,13,logistic_regression,False,22,hybrid,none,dt_traversal,1,1,True,0.59375,6.568572184589633
1,42,24,1,14,single_condition,hybrid,wine_quality,29,testing,14,decision_tree,False,23,hybrid,none,dt_traversal,0,0,True,0.5,4.686551672907571
1,42,25,1,15,single_condition,hybrid,wine_quality,17,testing,15,logistic_regression,False,24,hybrid,none,dt_traversal,0,0,True,0.5,5.630060153824694
1,42,26,1,16,single_condition,hybrid,wine_quality,22,testing,16,decision_tree,False,25,hybrid,none,dt_traversal,1,1,True,0.53125,3.2731947384515228
1,42,27,1,17,single_condition,hybrid,wine_quality,26,testing,17,logistic_regression,False,26,hybrid,none,dt_traversal,1,1,True,0.5625,5.421389476903046
0,42,28,1,18,single_condition,hybrid,wine_quality,28,testing,18,decision_tree,True,27,hybrid,dt,dt_traversal,1,0,False,0.375,22.080685149628117
0,42,29,1,19,single_condition,hybrid,wine_quality,12,testing,19,logistic_regression,False,28,hybrid,none,dt_traversal,1,0,False,0.46875,5.087718799981401
1,42,30,1,20,single_condition,hybrid,wine_quality,19,testing,20,decision_tree,True,29,hybrid,dt,dt_traversal,0,0,True,0.8125,15.931322408342053
0,43,1,1,1,single_condition,decision_tree,wine_quality,3,training,1,decision_tree,,0,decision_tree,dt,dt_traversal,1,0,False,0.1875,15.931322408342053
0,43,2,1,2,single_condition,decision_tree,wine_quality,7,training,2,decision_tree,,1,decision_tree,dt,dt_traversal,1,0,False,0.5,15.931322408342053
1,43,3,1,3,single_condition,decision_tree,wine_quality,8,training,3,decision_tree,,2,decision_tree,dt,dt_traversal,1,1,True,0.75,12.552183725893588
1,43,4,1,4,single_condition,decision_tree,wine_quality,1,training,4,decision_tree,,3,decision_tree,dt,dt_traversal,0,0,True,0.75,15.931322408342053
1,43,5,1,5,single_condition,decision_tree,wine_quality,2,training,5,decision_tree,,4,decision_tree,dt,dt_traversal,0,0,True,0.9375,15.931322408342053
1,43,6,1,6,single_condition,decision_tree,wine_quality,9,training,6,decision_tree,,5,decision_tree,dt,dt_traversal,1,1,True,0.75,23.086559089669713
1,43,7,1,7,single_condition,decision_tree,wine_quality,6,training,7,decision_tree,,6,decision_tree,dt,dt_traversal,0,0,True,0.9375,23.086559089669713
1,43,8,1,8,single_condition,decision_tree,wine_quality,5,training,8,decision_tree,,7,decision_tree,dt,dt_traversal,1,1,True,0.8125,23.086559089669713
1,43,9,1,9,single_condition,decision_tree,wine_quality,4,training,9,decision_tree,,8,decision_tree,dt,dt_traversal,0,0,True,0.875,23.086559089669713
0,43,10,1,10,single_condition,decision_tree,wine_quality,0,training,10,decision_tree,,9,decision_tree,dt,dt_traversal,1,0,False,0.0625,23.086559089669713
1,43,11,1,1,single_condition,decision_tree,wine_quality,21,testing,1,decision_tree,False,10,decision_tree,none,dt_traversal,0,0,True,0.5,3.950545931473396
1,43,12,1,2,single_condition,decision_tree,wine_quality,13,testing,2,decision_tree,True,11,decision_tree,dt,dt_traversal,0,0,True,0.8125,12.639166501591063
1,43,13,1,3,single_condition,decision_tree,wine_quality,17,testing,3,decision_tree,True,12,decision_tree,dt,dt_traversal,0,0,True,0.9375,12.552183725893588
1,43,14,1,4,single_condition,decision_tree,wine_quality,23,testing,4,decision_tree,False,13,decision_tree,none,dt_traversal,0,0,True,0.5,4.169295931473396
0,43,15,1,5,single_condition,decision_tree,wine_quality,24,testing,5,decision_tree,False,14,decision_tree,none,dt_traversal,1,0,False,0.4375,5.265139476903047
1,43,16,1,6,single_condition,decision_tree,wine_quality,19,testing,6,decision_tree,True,15,decision_tree,dt,dt_traversal,0,0,True,0.8125,15.931322408342053
0,43,17,1,7,single_condition,decision_tree,wine_quality,10,testing,7,decision_tree,False,16,decision_tree,none,dt_traversal,1,0,False,0.5,7.338591862946793
1,43,18,1,8,single_condition,decision_tree,wine_quality,15,testing,8,decision_tree,False,17,decision_tree,none,dt_traversal,1,1,True,0.5625,10.661882052986018
1,43,19,1,9,single_condition,decision_tree,wine_quality,26,testing,9,decision_tree,True,18,decision_tree,dt,dt_traversal,1,1,True,0.75,15.931322408342053
0,43,20,1,10,single_condition,decision_tree,wine_quality,22,testing,10,decision_tree,True,19,decision_tree,dt,dt_traversal,1,0,False,0.1875,12.552183725893588
1,43,21,1,11,single_condition,decision_tree,wine_quality,14,testing,11,decision_tree,False,20,decision_tree,none,dt_traversal,0,0,True,0.65625,5.994980830746338
1,43,22,1,12,single_condition,decision_tree,wine_quality,16,testing,12,decision_tree,True,21,decision_tree,dt,dt_traversal,0,0,True,0.6875,12.552183725893588
1,43,23,1,13,single_condition,decision_tree,wine_quality,25,testing,13,decision_tree,False,22,decision_tree,none,dt_traversal,0,0,True,0.59375,5.47106315577592
1,43,24,1,14,single_condition,decision_tree,wine_quality,18,testing,14,decision_tree,False,23,decision_tree,none,dt_traversal,1,1,True,0.5625,5.296389476903047
0,43,25,1,15,single_condition,decision_tree,wine_quality,28,testing,15,decision_tree,True,24,decision_tree,dt,dt_traversal,1,0,False,0.25,16.902076505213778
1,43,26,1,16,single_condition,decision_tree,wine_quality,27,testing,16,decision_tree,True,25,decision_tree,dt,dt_traversal,1,1,True,0.8125,12.552183725893588
0,43,27,1,17,single_condition,decision_tree,wine_quality,12,testing,17,decision_tree,False,26,decision_tree,none,dt_traversal,1,0,False,0.5,5.96373083074634
1,43,28,1,18,single_condition,decision_tree,wine_quality,20,testing,18,decision_tree,True,27,decision_tree,dt,dt_traversal,1,1,True,0.875,28.003279544834864
1,43,29,1,19,single_condition,decision_tree,wine_quality,11,testing,19,decision_tree,False,28,decision_tree,none,dt_traversal,1,1,True,0.5625,3.5570240615298765
1,43,30,1,20,single_condition,decision_tree,wine_quality,29,testing,20,decision_tree,True,29,decision_tree,dt,dt_traversal,0,0,True,0.75,15.931322408342053
1,44,1,1,1,single_condition,logistic_regression,wine_quality,3,training,1,logistic_regression,,0,linear_regression,lr,lr_heuristic,1,1,True,0.7538039590518599,4.69560090967677
0,44,2,1,2,single_condition,logistic_regression,wine_quality,2,training,2,logistic_regression,,1,linear_regression,lr,lr_heuristic,0,1,False,0.1522957813173046,4.697772210548433
1,44,3,1,3,single_condition,logistic_regression,wine_quality,0,training,3,logistic_regression,,2,linear_regression,lr,lr_heuristic,1,1,True,0.5532701755866292,3.3770824679867864
1,44,4,1,4,single_condition,logistic_regression,wine_quality,7,training,4,logistic_regression,,3,linear_regression,lr,lr_heuristic,1,1,True,0.8551781145313093,3.2141520844510723
0,44,5,1,5,single_condition,logistic_regression,wine_quality,9,training,5,logistic_regression,,4,linear_regression,lr,lr_heuristic,1,0,False,0.46330092777324616,3.3195357133377215
1,44,6,1,6,single_condition,logistic_regression,wine_quality,8,training,6,logistic_regression,,5,linear_regression,lr,lr_heuristic,1,1,True,0.9339353159413919,4.666834825831545
0,44,7,1,7,single_condition,logistic_regression,wine_quality,4,training,7,logistic_regression,,6,linear_regression,lr,lr_heuristic,0,1,False,0.3426571746342537,3.1783195112843354
0,44,8,1,8,single_condition,logistic_regression,wine_quality,6,training,8,logistic_regression,,7,linear_regression,lr,lr_heuristic,0,1,False,0.09264995357297012,4.747649549202631
1,44,9,1,9,single_condition,logistic_regression,wine_quality,5,training,9,logistic_regression,,8,linear_regression,lr,lr_heuristic,1,1,True,0.5598037563513638,3.5423592619655078
1,44,10,1,10,single_condition,logistic_regression,wine_quality,1,training,10,logistic_regression,,9,linear_regression,lr,lr_heuristic,0,0,True,0.6934930203156535,3.234492971045047
1,44,11,1,1,single_condition,logistic_regression,wine_quality,27,testing,1,logistic_regression,True,10,linear_regression,lr,lr_heuristic,1,1,True,0.7128293132082588,3.2724762602702024
0,44,12,1,2,single_condition,logistic_regression,wine_quality,13,testing,2,logistic_regression,True,11,linear_regression,lr,lr_heuristic,0,1,False,0.49048728036612765,3.493381813970882
1,44,13,1,3,single_condition,logistic_regression,wine_quality,26,testing,3,logistic_regression,False,12,linear_regression,none,lr_heuristic,1,1,True,0.7493537002365724,3.284646976488953
1,44,14,1,4,single_condition,logistic_regression,wine_quality,28,testing,4,logistic_regression,True,13,linear_regression,lr,lr_heuristic,1,1,True,0.7397506448473261,3.3297601185615004
0,44,15,1,5,single_condition,logistic_regression,wine_quality,21,testing,5,logistic_regression,True,14,linear_regression,lr,lr_heuristic,0,1,False,0.4774669373415459,3.449403729734778
1,44,16,1,6,single_condition,logistic_regression,wine_quality,23,testing,6,logistic_regression,False,15,linear_regression,none,lr_calculation,0,0,True,0.5539209356909058,5.825316793902228
0,44,17,1,7,single_condition,logistic_regression,wine_quality,15,testing,7,logistic_regression,False,16,linear_regression,none,lr_calculation,1,0,False,0.48642459523323683,5.882267679754938
1,44,18,1,8,single_condition,logistic_regression,wine_quality,10,testing,8,logistic_regression,True,17,linear_regression,lr,lr_heuristic,1,1,True,0.7954857945310299,3.3704495177061498
0,44,19,1,9,single_condition,logistic_regression,wine_quality,19,testing,9,logistic_regression,True,18,linear_regression,lr,lr_heuristic,0,1,False,0.42721833833235956,3.325790677371957
1,44,20,1,10,single_condition,logistic_regression,wine_quality,18,testing,10,logistic_regression,True,19,linear_regression,lr,lr_calculation,1,1,True,0.6489841746708832,4.896324323013801
1,44,21,1,11,single_condition,logistic_regression,wine_quality,22,testing,11,logistic_regression,False,20,linear_regression,none,lr_calculation,1,1,True,0.7022455569905695,5.781413858154886
1,44,22,1,12,single_condition,logistic_regression,wine_quality,14,testing,12,logistic_regression,False,21,linear_regression,none,lr_heuristic,0,0,True,0.5143456840058249,3.3359791145320763
1,44,23,1,13,single_condition,logistic_regression,wine_quality,11,testing,13,logistic_regression,False,22,linear_regression,none,lr_heuristic,1,1,True,0.6210293626680901,3.4541345924268816
1,44,24,1,14,single_condition,logistic_regression,wine_quality,24,testing,14,logistic_regression,False,23,linear_regression,none,lr_calculation,1,1,True,0.6704125030553236,5.845941860010729
1,44,25,1,15,single_condition,logistic_regression,wine_quality,12,testing,15,logistic_regression,False,24,linear_regression,none,lr_calculation,1,1,True,0.6357690325065988,5.820305946211727
1,44,26,1,16,single_condition,logistic_regression,wine_quality,17,testing,16,logistic_regression,False,25,linear_regression,none,lr_heuristic,0,0,True,0.6064301187357031,3.560927478674091
0,44,27,1,17,single_condition,logistic_regression,wine_quality,29,testing,17,logistic_regression,False,26,linear_regression,none,lr_heuristic,0,1,False,0.32886319658084795,3.526394049044805
1,44,28,1,18,single_condition,logistic_regression,wine_quality,25,testing,18,logistic_regression,True,27,linear_regression,lr,lr_calculation,0,0,True,0.7576786750747371,6.801961406911607
1,44,29,1,19,single_condition,logistic_regression,wine_quality,20,testing,19,logistic_regression,True,28,linear_regression,lr,lr_calculation,1,1,True,0.5800266858265242,4.92761865647931
0,44,30,1,20,single_condition,logistic_regression,wine_quality,16,testing,20,logistic_regression,True,29,linear_regression,lr,lr_heuristic,0,1,False,0.40420344942704134,4.93293131528433
0,45,1,1,1,single_condition,hybrid,wine_quality,9,training,1,logistic_regression,,0,hybrid,lr,dt_traversal,1,0,False,0.5,10.677461661492682
1,45,2,1,2,single_condition,hybrid,wine_quality,8,training,2,decision_tree,,1,hybrid,dt,dt_traversal,1,1,True,0.875,15.931322408342053
1,45,3,1,3,single_condition,hybrid,wine_quality,4,training,3,logistic_regression,,2,hybrid,lr,dt_traversal,0,0,True,0.625,11.198649277288538
1,45,4,1,4,single_condition,hybrid,wine_quality,1,training,4,logistic_regression,,3,hybrid,lr,dt_traversal,0,0,True,0.78125,15.531510932559986
0,45,5,1,5,single_condition,hybrid,wine_quality,3,training,5,logistic_regression,,4,hybrid,lr,dt_traversal,1,0,False,0.3125,8.925437599962804
0,45,6,1,6,single_condition,hybrid,wine_quality,7,training,6,decision_tree,,5,hybrid,dt,dt_traversal,1,0,False,0.375,15.931322408342053
1,45,7,1,7,single_condition,hybrid,wine_quality,5,training,7,decision_tree,,6,hybrid,dt,dt_traversal,1,1,True,0.875,12.552183725893588
1,45,8,1,8,single_condition,hybrid,wine_quality,2,training,8,logistic_regression,,7,hybrid,lr,dt_traversal,0,0,True,0.53125,11.29239927728854
0,45,9,1,9,single_condition,hybrid,wine_quality,0,training,9,decision_tree,,8,hybrid,dt,dt_traversal,1,0,False,0.0625,23.086559089669713
1,45,10,1,10,single_condition,hybrid,wine_quality,6,training,10,decision_tree,,9,hybrid,dt,dt_traversal,0,0,True,1.0,15.931322408342053
1,45,11,1,1,single_condition,hybrid,wine_quality,15,testing,1,decision_tree,False,10,hybrid,none,dt_traversal,1,1,True,0.625,10.240632052986017
1,45,12,1,2,single_condition,hybrid,wine_quality,14,testing,2,logistic_regression,False,11,hybrid,none,dt_traversal,0,0,True,0.625,9.487370570117665
0,45,13,1,3,single_condition,hybrid,wine_quality,11,testing,3,decision_tree,False,12,hybrid,none,dt_traversal,1,0,False,0.5,7.878730830746339
1,45,14,1,4,single_condition,hybrid,wine_quality,29,testing,4,logistic_regression,True,13,hybrid,lr,dt_traversal,0,0,True,0.75,9.393620570117667
1,45,15,1,5,single_condition,hybrid,wine_quality,10,testing,5,decision_tree,False,14,hybrid,none,dt_traversal,1,1,True,0.65625,8.609109087249315
1,45,16,1,6,single_condition,hybrid,wine_quality,17,testing,6,logistic_regression,True,15,hybrid,lr,dt_traversal,0,0,True,0.53125,7.338591862946792
1,45,17,1,7,single_condition,hybrid,wine_quality,20,testing,7,decision_tree,True,16,hybrid,dt,dt_traversal,1,1,True,0.9375,17.225661204171022
1,45,18,1,8,single_condition,hybrid,wine_quality,25,testing,8,decision_tree,True,17,hybrid,dt,dt_traversal,0,0,True,0.875,12.552183725893588
1,45,19,1,9,single_condition,hybrid,wine_quality,13,testing,9,logistic_regression,False,18,hybrid,none,dt_traversal,0,0,True,0.5625,5.86106315577592
1,45,20,1,10,single_condition,hybrid,wine_quality,12,testing,10,decision_tree,True,19,hybrid,dt,dt_traversal,1,1,True,1.0,23.086559089669713
1,45,21,1,11,single_condition,hybrid,wine_quality,23,testing,11,logistic_regression,True,20,hybrid,lr,dt_traversal,0,0,True,0.59375,6.616580380078444
1,45,22,1,12,single_condition,hybrid,wine_quality,26,testing,12,logistic_regression,False,21,hybrid,none,dt_traversal,1,1,True,0.59375,4.482877446138108
1,45,23,1,13,single_condition,hybrid,wine_quality,18,testing,13,decision_tree,False,22,hybrid,none,dt_traversal,1,1,True,0.53125,5.358889476903046
1,45,24,1,14,single_condition,hybrid,wine_quality,16,testing,14,logistic_regression,True,23,hybrid,lr,dt_traversal,0,0,True,0.53125,6.255574638644271
0,45,25,1,15,single_condition,hybrid,wine_quality,22,testing,15,decision_tree,True,24,hybrid,dt,dt_traversal,1,0,False,0.1875,19.504819105182325
1,45,26,1,16,single_condition,hybrid,wine_quality,19,testing,16,decision_tree,False,25,hybrid,none,dt_traversal,0,0,True,0.5625,4.482877446138108
1,45,27,1,17,single_condition,hybrid,wine_quality,27,testing,17,decision_tree,False,26,hybrid,none,dt_traversal,1,1,True,0.75,6.506072184589632
1,45,28,1,18,single_condition,hybrid,wine_quality,24,testing,18,logistic_regression,False,27,hybrid,none,dt_traversal,1,1,True,0.5625,5.296389476903046
0,45,29,1,19,single_condition,hybrid,wine_quality,28,testing,19,logistic_regression,True,28,hybrid,lr,dt_traversal,1,0,False,0.40625,5.686627446138108
1,45,30,1,20,single_condition,hybrid,wine_quality,21,testing,20,logistic_regression,True,29,hybrid,lr,dt_traversal,0,0,True,0.5,6.08873083074634
1,46,1,1,1,single_condition,decision_tree,wine_quality,7,training,1,decision_tree,,0,decision_tree,dt,dt_traversal,1,1,True,0.8125,15.931322408342053
1,46,2,1,2,single_condition,decision_tree,wine_quality,2,training,2,decision_tree,,1,decision_tree,dt,dt_traversal,0,0,True,0.8125,15.931322408342053
1,46,3,1,3,single_condition,decision_tree,wine_quality,5,training,3,decision_tree,,2,decision_tree,dt,dt_traversal,1,1,True,0.75,12.552183725893588
1,46,4,1,4,single_condition,decision_tree,wine_quality,4,training,4,decision_tree,,3,decision_tree,dt,dt_traversal,0,0,True,0.75,15.931322408342053
1,46,5,1,5,single_condition,decision_tree,wine_quality,9,training,5,decision_tree,,4,decision_tree,dt,dt_traversal,1,1,True,0.75,15.931322408342053
0,46,6,1,6,single_condition,decision_tree,wine_quality,3,training,6,decision_tree,,5,decision_tree,dt,dt_traversal,1,0,False,0.125,23.086559089669713
1,46,7,1,7,single_condition,decision_tree,wine_quality,8,training,7,decision_tree,,6,decision_tree,dt,dt_traversal,1,1,True,0.875,15.931322408342053
0,46,8,1,8,single_condition,decision_tree,wine_quality,0,training,8,decision_tree,,7,decision_tree,dt,dt_traversal,1,0,False,0.125,12.552183725893588
1,46,9,1,9,single_condition,decision_tree,wine_quality,6,training,9,decision_tree,,8,decision_tree,dt,dt_traversal,0,0,True,0.875,15.931322408342053
1,46,10,1,10,single_condition,decision_tree,wine_quality,1,training,10,decision_tree,,9,decision_tree,dt,dt_traversal,0,0,True,0.75,12.552183725893588
0,46,11,1,1,single_condition,decision_tree,wine_quality,16,testing,1,decision_tree,False,10,decision_tree,none,dt_traversal,0,1,False,0.46875,3.9482901900392218
1,46,12,1,2,single_condition,decision_tree,wine_quality,14,testing,2,decision_tree,False,11,decision_tree,none,dt_traversal,0,0,True,0.5625,5.296389476903046
1,46,13,1,3,single_condition,decision_tree,wine_quality,19,testing,3,decision_tree,False,12,decision_tree,none,dt_traversal,0,0,True,0.59375,7.824597604380967
0,46,14,1,4,single_condition,decision_tree,wine_quality,28,testing,4,decision_tree,False,13,decision_tree,none,dt_traversal,1,0,False,0.40625,9.206580380078446
0,46,15,1,5,single_condition,decision_tree,wine_quality,13,testing,5,decision_tree,False,14,decision_tree,none,dt_traversal,0,1,False,0.4375,8.399841862946793
1,46,16,1,6,single_condition,decision_tree,wine_quality,25,testing,6,decision_tree,True,15,decision_tree,dt,dt_traversal,0,0,True,0.6875,15.931322408342053
1,46,17,1,7,single_condition,decision_tree,wine_quality,24,testing,7,decision_tree,False,16,decision_tree,none,dt_traversal,1,1,True,0.65625,7.762097604380967
1,46,18,1,8,single_condition,decision_tree,wine_quality,18,testing,8,decision_tree,False,17,decision_tree,none,dt_traversal,1,1,True,0.59375,10.178132052986015
1,46,19,1,9,single_condition,decision_tree,wine_quality,27,testing,9,decision_tree,False,18,decision_tree,none,dt_traversal,1,1,True,0.59375,6.026230830746339
1,46,20,1,10,single_condition,decision_tree,wine_quality,23,testing,10,decision_tree,True,19,decision_tree,dt,dt_traversal,0,0,True,0.75,15.931322408342053
1,46,21,1,11,single_condition,decision_tree,wine_quality,20,testing,11,decision_tree,True,20,decision_tree,dt,dt_traversal,1,1,True,0.9375,28.003279544834864
0,46,22,1,12,single_condition,decision_tree,wine_quality,26,testing,12,decision_tree,False,21,decision_tree,none,dt_traversal,1,0,False,0.46875,8.185603345815142
1,46,23,1,13,single_condition,decision_tree,wine_quality,11,testing,13,decision_tree,True,22,decision_tree,dt,dt_traversal,1,1,True,0.5625,17.144765029431714
1,46,24,1,14,single_condition,decision_tree,wine_quality,15,testing,14,decision_tree,True,23,decision_tree,dt,dt_traversal,1,1,True,0.8125,15.931322408342053
1,46,25,1,15,single_condition,decision_tree,wine_quality,10,testing,15,decision_tree,True,24,decision_tree,dt,dt_traversal,1,1,True,0.875,12.552183725893588
1,46,26,1,16,single_condition,decision_tree,wine_quality,29,testing,16,decision_tree,True,25,decision_tree,dt,dt_traversal,0,0,True,1.0,23.086559089669713
1,46,27,1,17,single_condition,decision_tree,wine_quality,21,testing,17,decision_tree,True,26,decision_tree,dt,dt_traversal,0,0,True,0.9375,23.086559089669713
1,46,28,1,18,single_condition,decision_tree,wine_quality,12,testing,18,decision_tree,True,27,decision_tree,dt,dt_traversal,1,1,True,1.0,23.086559089669713
0,46,29,1,19,single_condition,decision_tree,wine_quality,22,testing,19,decision_tree,True,28,decision_tree,dt,dt_traversal,1,0,False,0.0625,23.086559089669713
0,46,30,1,20,single_condition,decision_tree,wine_quality,17,testing,20,decision_tree,False,29,decision_tree,none,dt_traversal,0,1,False,0.46875,2.9082740615298768
0,47,1,1,1,single_condition,logistic_regression,wine_quality,6,training,1,logistic_regression,,0,linear_regression,lr,lr_heuristic,0,1,False,0.2968505399146433,4.6950849366661975
0,47,2,1,2,single_condition,logistic_regression,wine_quality,2,training,2,logistic_regression,,1,linear_regression,lr,lr_heuristic,0,1,False,0.4131453083123662,4.882892336202838
0,47,3,1,3,single_condition,logistic_regression,wine_quality,9,training,3,logistic_regression,,2,linear_regression,lr,lr_heuristic,1,0,False,0.25410539955634015,3.482246710797172
1,47,4,1,4,single_condition,logistic_regression,wine_quality,7,training,4,logistic_regression,,3,linear_regression,lr,lr_heuristic,1,1,True,0.7008188966683551,3.4088150422284516
1,47,5,1,5,single_condition,logistic_regression,wine_quality,1,training,5,logistic_regression,,4,linear_regression,lr,lr_heuristic,0,0,True,0.8688779839022497,1.5902064985781723
1,47,6,1,6,single_condition,logistic_regression,wine_quality,5,training,6,logistic_regression,,5,linear_regression,lr,lr_heuristic,1,1,True,0.7897245743183583,3.3554698402275527
1,47,7,1,7,single_condition,logistic_regression,wine_quality,0,training,7,logistic_regression,,6,linear_regression,lr,lr_heuristic,1,1,True,0.7358976429834665,3.3009361856392214
1,47,8,1,8,single_condition,logistic_regression,wine_quality,8,training,8,logistic_regression,,7,linear_regression,lr,lr_heuristic,1,1,True,0.6055189176732958,3.398964362787249
1,47,9,1,9,single_condition,logistic_regression,wine_quality,3,training,9,logistic_regression,,8,linear_regression,lr,lr_heuristic,1,1,True,0.7463233840703742,3.359287868371974
0,47,10,1,10,single_condition,logistic_regression,wine_quality,4,training,10,logistic_regression,,9,linear_regression,lr,lr_heuristic,0,1,False,0.2998593154385023,3.1342054285740146
0,47,11,1,1,single_condition,logistic_regression,wine_quality,15,testing,1,logistic_regression,True,10,linear_regression,lr,lr_heuristic,1,0,False,0.4508551559820674,3.3784383653799397
1,47,12,1,2,single_condition,logistic_regression,wine_quality,11,testing,2,logistic_regression,False,11,linear_regression,none,lr_heuristic,1,1,True,0.9615387092444934,3.1297043718003144
0,47,13,1,3,single_condition,logistic_regression,wine_quality,14,testing,3,logistic_regression,False,12,linear_regression,none,lr_heuristic,0,1,False,0.31336487329220986,3.327130036291456
1,47,14,1,4,single_condition,logistic_regression,wine_quality,16,testing,4,logistic_regression,True,13,linear_regression,lr,lr_heuristic,0,0,True,0.5388555299690505,3.3049976982336706
1,47,15,1,5,single_condition,logistic_regression,wine_quality,20,testing,5,logistic_regression,True,14,linear_regression,lr,lr_heuristic,1,1,True,0.828068176059269,3.3733545044908753
1,47,16,1,6,single_condition,logistic_regression,wine_quality,22,testing,6,logistic_regression,False,15,linear_regression,none,lr_calculation,1,1,True,0.6866338962584698,5.751630766962595
1,47,17,1,7,single_condition,logistic_regression,wine_quality,27,testing,7,logistic_regression,False,16,linear_regression,none,lr_calculation,1,1,True,0.6474667915411566,5.892911039741001
1,47,18,1,8,single_condition,logistic_regression,wine_quality,26,testing,8,logistic_regression,True,17,linear_regression,lr,lr_heuristic,1,1,True,0.9219381916746561,3.313100977380979
0,47,19,1,9,single_condition,logistic_regression,wine_quality,25,testing,9,logistic_regression,True,18,linear_regression,lr,lr_heuristic,0,1,False,0.47019553405349823,3.262979712923281
1,47,20,1,10,single_condition,logistic_regression,wine_quality,21,testing,10,logistic_regression,False,19,linear_regression,none,lr_calculation,0,0,True,0.5170578188302596,5.937286152332101
1,47,21,1,11,single_condition,logistic_regression,wine_quality,10,testing,11,logistic_regression,True,20,linear_regression,lr,lr_calculation,1,1,True,0.6489841746708832,4.896324323013801
1,47,22,1,12,single_condition,logistic_regression,wine_quality,18,testing,12,logistic_regression,False,21,linear_regression,none,lr_heuristic,1,1,True,0.857904040906182,3.35302282677049
1,47,23,1,13,single_condition,logistic_regression,wine_quality,19,testing,13,logistic_regression,False,22,linear_regression,none,lr_heuristic,0,0,True,0.5932225941809823,3.545652679578151
0,47,24,1,14,single_condition,logistic_regression,wine_quality,29,testing,14,logistic_regression,False,23,linear_regression,none,lr_calculation,0,1,False,0.4255547281094917,5.844447251105269
1,47,25,1,15,single_condition,logistic_regression,wine_quality,28,testing,15,logistic_regression,True,24,linear_regression,lr,lr_calculation,1,1,True,0.6489841746708832,4.896324323013801
0,47,26,1,16,single_condition,logistic_regression,wine_quality,13,testing,16,logistic_regression,True,25,linear_regression,lr,lr_heuristic,0,1,False,0.3929518142653461,3.428175476905495
1,47,27,1,17,single_condition,logistic_regression,wine_quality,12,testing,17,logistic_regression,False,26,linear_regression,none,lr_heuristic,1,1,True,0.8195467176255821,3.449926999282049
1,47,28,1,18,single_condition,logistic_regression,wine_quality,24,testing,18,logistic_regression,True,27,linear_regression,lr,lr_calculation,1,1,True,0.6489841746708832,4.896324323013801
1,47,29,1,19,single_condition,logistic_regression,wine_quality,23,testing,19,logistic_regression,True,28,linear_regression,lr,lr_calculation,0,0,True,0.5522695261258133,4.934738986343357
1,47,30,1,20,single_condition,logistic_regression,wine_quality,17,testing,20,logistic_regression,False,29,linear_regression,none,lr_heuristic,0,0,True,0.574721406514749,3.5554908157321505
1,48,1,1,1,single_condition,hybrid,wine_quality,9,training,1,decision_tree,,0,hybrid,dt,dt_traversal,1,1,True,0.8125,15.931322408342053
1,48,2,1,2,single_condition,hybrid,wine_quality,6,training,2,logistic_regression,,1,hybrid,lr,dt_traversal,0,0,True,0.71875,9.990632052986015
0,48,3,1,3,single_condition,hybrid,wine_quality,0,training,3,decision_tree,,2,hybrid,dt,dt_traversal,1,0,False,0.3125,12.552183725893588
1,48,4,1,4,single_condition,hybrid,wine_quality,2,training,4,logistic_regression,,3,hybrid,lr,dt_traversal,0,0,True,0.59375,15.002407107299296
0,48,5,1,5,single_condition,hybrid,wine_quality,3,training,5,decision_tree,,4,hybrid,dt,dt_traversal,1,0,False,0.375,15.931322408342053
1,48,6,1,6,single_condition,hybrid,wine_quality,8,training,6,logistic_regression,,5,hybrid,lr,dt_traversal,1,1,True,0.59375,9.692126311551842
1,48,7,1,7,single_condition,hybrid,wine_quality,7,training,7,decision_tree,,6,hybrid,dt,dt_traversal,1,1,True,0.5625,12.552183725893588
1,48,8,1,8,single_condition,hybrid,wine_quality,5,training,8,logistic_regression,,7,hybrid,lr,dt_traversal,1,1,True,0.65625,10.053132052986015
1,48,9,1,9,single_condition,hybrid,wine_quality,4,training,9,decision_tree,,8,hybrid,dt,dt_traversal,0,0,True,0.625,12.552183725893588
1,48,10,1,10,single_condition,hybrid,wine_quality,1,training,10,logistic_regression,,9,hybrid,lr,dt_traversal,0,0,True,0.625,9.299870570117665
1,48,11,1,1,single_condition,hybrid,wine_quality,23,testing,1,logistic_regression,True,10,hybrid,lr,dt_traversal,0,0,True,0.65625,9.72337631155184
1,48,12,1,2,single_condition,hybrid,wine_quality,14,testing,2,logistic_regression,False,11,hybrid,none,dt_traversal,0,0,True,0.65625,9.848376311551842
1,48,13,1,3,single_condition,hybrid,wine_quality,20,testing,3,logistic_regression,True,12,hybrid,lr,dt_traversal,1,1,True,0.59375,9.86204019003922
1,48,14,1,4,single_condition,hybrid,wine_quality,25,testing,4,decision_tree,False,13,hybrid,none,dt_traversal,0,0,True,0.65625,8.185603345815142
1,48,15,1,5,single_condition,hybrid,wine_quality,11,testing,5,decision_tree,True,14,hybrid,dt,dt_traversal,1,1,True,0.5625,17.0638688546924
1,48,16,1,6,single_condition,hybrid,wine_quality,26,testing,6,decision_tree,False,15,hybrid,none,dt_traversal,1,1,True,0.5625,6.647830380078446
1,48,17,1,7,single_condition,hybrid,wine_quality,16,testing,7,decision_tree,True,16,hybrid,dt,dt_traversal,0,0,True,0.75,15.931322408342053
1,48,18,1,8,single_condition,hybrid,wine_quality,18,testing,8,logistic_regression,True,17,hybrid,lr,dt_traversal,1,1,True,0.71875,8.452859087249315
1,48,19,1,9,single_condition,hybrid,wine_quality,24,testing,9,decision_tree,True,18,hybrid,dt,dt_traversal,1,1,True,0.9375,23.086559089669713
1,48,20,1,10,single_condition,hybrid,wine_quality,10,testing,10,decision_tree,True,19,hybrid,dt,dt_traversal,1,1,True,0.875,23.086559089669713
1,48,21,1,11,single_condition,hybrid,wine_quality,28,testing,11,decision_tree,False,20,hybrid,none,dt_traversal,1,1,True,0.5625,7.94057463864427
1,48,22,1,12,single_condition,hybrid,wine_quality,15,testing,12,logistic_regression,False,21,hybrid,none,dt_traversal,1,1,True,0.53125,3.2419447384515228
0,48,23,1,13,single_condition,hybrid,wine_quality,27,testing,13,logistic_regression,False,22,hybrid,none,dt_traversal,1,0,False,0.46875,6.193074638644269
1,48,24,1,14,single_condition,hybrid,wine_quality,19,testing,14,decision_tree,False,23,hybrid,none,dt_traversal,0,0,True,0.53125,4.749051672907571
0,48,25,1,15,single_condition,hybrid,wine_quality,22,testing,15,logistic_regression,True,24,hybrid,lr,dt_traversal,1,0,False,0.375,7.401091862946792
1,48,26,1,16,single_condition,hybrid,wine_quality,13,testing,16,logistic_regression,False,25,hybrid,none,lr_calculation,0,0,True,0.5,5.9399999999999995
1,48,27,1,17,single_condition,hybrid,wine_quality,17,testing,17,logistic_regression,False,26,hybrid,none,lr_calculation,0,0,True,0.5126864030947076,5.932083868408022
0,48,28,1,18,single_condition,hybrid,wine_quality,29,testing,18,decision_tree,False,27,hybrid,none,lr_calculation,0,1,False,0.4646708776364925,5.872868739829634
1,48,29,1,19,single_condition,hybrid,wine_quality,12,testing,19,decision_tree,True,28,hybrid,dt,lr_heuristic,1,1,True,0.6944903715470598,3.5496990345677735
1,48,30,1,20,single_condition,hybrid,wine_quality,21,testing,20,logistic_regression,True,29,hybrid,lr,lr_heuristic,0,0,True,0.6438796601295599,3.508449719694592
1,49,1,1,1,single_condition,decision_tree,wine_quality,5,training,1,decision_tree,,0,decision_tree,dt,dt_traversal,1,1,True,0.875,15.931322408342053
1,49,2,1,2,single_condition,decision_tree,wine_quality,8,training,2,decision_tree,,1,decision_tree,dt,dt_traversal,1,1,True,0.75,15.931322408342053
1,49,3,1,3,single_condition,decision_tree,wine_quality,1,training,3,decision_tree,,2,decision_tree,dt,dt_traversal,0,0,True,0.8125,12.552183725893588
0,49,4,1,4,single_condition,decision_tree,wine_quality,3,training,4,decision_tree,,3,decision_tree,dt,dt_traversal,1,0,False,0.25,15.931322408342053
1,49,5,1,5,single_condition,decision_tree,wine_quality,7,training,5,decision_tree,,4,decision_tree,dt,dt_traversal,1,1,True,0.75,15.931322408342053
1,49,6,1,6,single_condition,decision_tree,wine_quality,6,training,6,decision_tree,,5,decision_tree,dt,dt_traversal,0,0,True,0.8125,12.552183725893588
0,49,7,1,7,single_condition,decision_tree,wine_quality,0,training,7,decision_tree,,6,decision_tree,dt,dt_traversal,1,0,False,0.0625,23.086559089669713
1,49,8,1,8,single_condition,decision_tree,wine_quality,9,training,8,decision_tree,,7,decision_tree,dt,dt_traversal,1,1,True,0.5625,15.931322408342053
1,49,9,1,9,single_condition,decision_tree,wine_quality,2,training,9,decision_tree,,8,decision_tree,dt,dt_traversal,0,0,True,0.8125,12.552183725893588
1,49,10,1,10,single_condition,decision_tree,wine_quality,4,training,10,decision_tree,,9,decision_tree,dt,dt_traversal,0,0,True,0.75,12.552183725893588
1,49,11,1,1,single_condition,decision_tree,wine_quality,10,testing,1,decision_tree,False,10,decision_tree,none,dt_traversal,1,1,True,0.59375,3.919295931473396
1,49,12,1,2,single_condition,decision_tree,wine_quality,25,testing,2,decision_tree,True,11,decision_tree,dt,dt_traversal,0,0,True,0.8125,15.931322408342053
1,49,13,1,3,single_condition,decision_tree,wine_quality,14,testing,3,decision_tree,False,12,decision_tree,none,dt_traversal,0,0,True,0.5,4.499051672907571
0,49,14,1,4,single_condition,decision_tree,wine_quality,12,testing,4,decision_tree,False,13,decision_tree,none,dt_traversal,1,0,False,0.40625,7.762097604380968
1,49,15,1,5,single_condition,decision_tree,wine_quality,29,testing,5,decision_tree,False,14,decision_tree,none,dt_traversal,0,0,True,0.6875,8.546609087249317
1,49,16,1,6,single_condition,decision_tree,wine_quality,13,testing,6,decision_tree,True,15,decision_tree,dt,dt_traversal,0,0,True,0.75,12.639166501591063
1,49,17,1,7,single_condition,decision_tree,wine_quality,24,testing,7,decision_tree,True,16,decision_tree,dt,dt_traversal,1,1,True,0.9375,23.086559089669713
1,49,18,1,8,single_condition,decision_tree,wine_quality,23,testing,8,decision_tree,True,17,decision_tree,dt,dt_traversal,0,0,True,0.9375,23.086559089669713
0,49,19,1,9,single_condition,decision_tree,wine_quality,26,testing,9,decision_tree,False,18,decision_tree,none,dt_traversal,1,0,False,0.34375,7.235913538432925
1,49,20,1,10,single_condition,decision_tree,wine_quality,17,testing,10,decision_tree,False,19,decision_tree,none,dt_traversal,0,0,True,0.625,6.839742861511278
1,49,21,1,11,single_condition,decision_tree,wine_quality,28,testing,11,decision_tree,False,20,decision_tree,none,dt_traversal,1,1,True,0.59375,7.579568897210096
1,49,22,1,12,single_condition,decision_tree,wine_quality,16,testing,12,decision_tree,False,21,decision_tree,none,dt_traversal,0,0,True,0.59375,6.554080380078443
1,49,23,1,13,single_condition,decision_tree,wine_quality,15,testing,13,decision_tree,True,22,decision_tree,dt,dt_traversal,1,1,True,0.875,23.086559089669713
0,49,24,1,14,single_condition,decision_tree,wine_quality,22,testing,14,decision_tree,True,23,decision_tree,dt,dt_traversal,1,0,False,0.125,12.552183725893588
1,49,25,1,15,single_condition,decision_tree,wine_quality,27,testing,15,decision_tree,False,24,decision_tree,none,dt_traversal,1,1,True,0.53125,5.692560153824694
1,49,26,1,16,single_condition,decision_tree,wine_quality,18,testing,16,decision_tree,True,25,decision_tree,dt,dt_traversal,1,1,True,0.9375,15.931322408342053
0,49,27,1,17,single_condition,decision_tree,wine_quality,20,testing,17,decision_tree,False,26,decision_tree,none,dt_traversal,1,0,False,0.5,5.342011482868349
0,49,28,1,18,single_condition,decision_tree,wine_quality,11,testing,18,decision_tree,True,27,decision_tree,dt,dt_traversal,1,0,False,0.4375,27.695984516387043
1,49,29,1,19,single_condition,decision_tree,wine_quality,21,testing,19,decision_tree,True,28,decision_tree,dt,dt_traversal,0,0,True,0.875,15.931322408342053
1,49,30,1,20,single_condition,decision_tree,wine_quality,19,testing,20,decision_tree,True,29,decision_tree,dt,dt_traversal,0,0,True,0.8125,12.552183725893588
1,50,1,1,1,single_condition,logistic_regression,wine_quality,9,training,1,logistic_regression,,0,linear_regression,lr,lr_heuristic,1,1,True,0.7317078167430505,4.675197116507526
1,50,2,1,2,single_condition,logistic_regression,wine_quality,5,training,2,logistic_regression,,1,linear_regression,lr,lr_heuristic,1,1,True,0.9463766580922959,4.618739264413884
1,50,3,1,3,single_condition,logistic_regression,wine_quality,0,training,3,logistic_regression,,2,linear_regression,lr,lr_heuristic,1,1,True,0.8253741284086116,3.1939970296580693
0,50,4,1,4,single_condition,logistic_regression,wine_quality,2,training,4,logistic_regression,,3,linear_regression,lr,lr_heuristic,0,1,False,0.31556094581545824,3.0902066970160655
1,50,5,1,5,single_condition,logistic_regression,wine_quality,7,training,5,logistic_regression,,4,linear_regression,lr,lr_heuristic,1,1,True,0.9602178358738388,4.563734013018092
0,50,6,1,6,single_condition,logistic_regression,wine_quality,4,training,6,logistic_regression,,5,linear_regression,lr,lr_heuristic,0,1,False,0.30738596244455885,3.10545570819096
1,50,7,1,7,single_condition,logistic_regression,wine_quality,3,training,7,logistic_regression,,6,linear_regression,lr,lr_heuristic,1,1,True,0.5317154057715048,4.879338898447944
0,50,8,1,8,single_condition,logistic_regression,wine_quality,1,training,8,logistic_regression,,7,linear_regression,lr,lr_heuristic,0,1,False,0.3640816985222235,3.159599812423671
1,50,9,1,9,single_condition,logistic_regression,wine_quality,8,training,9,logistic_regression,,8,linear_regression,lr,lr_heuristic,1,1,True,0.6062715528823307,3.500638619583248
0,50,10,1,10,single_condition,logistic_regression,wine_quality,6,training,10,logistic_regression,,9,linear_regression,lr,lr_heuristic,0,1,False,0.43525050142392097,3.4221142852023263
1,50,11,1,1,single_condition,logistic_regression,wine_quality,18,testing,1,logistic_regression,True,10,linear_regression,lr,lr_heuristic,1,1,True,0.9025563822842323,4.737179226894551
1,50,12,1,2,single_condition,logistic_regression,wine_quality,17,testing,2,logistic_regression,True,11,linear_regression,lr,lr_heuristic,0,0,True,0.6054739765976048,3.447791364096749
1,50,13,1,3,single_condition,logistic_regression,wine_quality,19,testing,3,logistic_regression,False,12,linear_regression,none,lr_heuristic,0,0,True,0.5281935917720476,3.477621181098029
1,50,14,1,4,single_condition,logistic_regression,wine_quality,13,testing,4,logistic_regression,False,13,linear_regression,none,lr_calculation,0,0,True,0.508582217267148,5.831465550661939
1,50,15,1,5,single_condition,logistic_regression,wine_quality,28,testing,5,logistic_regression,True,14,linear_regression,lr,lr_calculation,1,1,True,0.6489841746708832,4.896324323013801
1,50,16,1,6,single_condition,logistic_regression,wine_quality,25,testing,6,logistic_regression,True,15,linear_regression,lr,lr_heuristic,0,0,True,0.7608421450471692,4.76861216820619
1,50,17,1,7,single_condition,logistic_regression,wine_quality,26,testing,7,logistic_regression,True,16,linear_regression,lr,lr_heuristic,1,1,True,0.8860777279205807,4.8804706784630865
1,50,18,1,8,single_condition,logistic_regression,wine_quality,12,testing,8,logistic_regression,False,17,linear_regression,none,lr_calculation,1,1,True,0.6373458210695067,5.789436516035207
0,50,19,1,9,single_condition,logistic_regression,wine_quality,15,testing,9,logistic_regression,False,18,linear_regression,none,lr_calculation,1,0,False,0.5,5.935379872565292
1,50,20,1,10,single_condition,logistic_regression,wine_quality,16,testing,10,logistic_regression,False,19,linear_regression,none,lr_heuristic,0,0,True,0.6061978367158598,3.1893441491304966
1,50,21,1,11,single_condition,logistic_regression,wine_quality,27,testing,11,logistic_regression,False,20,linear_regression,none,lr_heuristic,1,1,True,0.6093163765541219,3.4250345988925712
1,50,22,1,12,single_condition,logistic_regression,wine_quality,10,testing,12,logistic_regression,True,21,linear_regression,lr,lr_calculation,1,1,True,0.6489841746708832,4.896324323013801
1,50,23,1,13,single_condition,logistic_regression,wine_quality,22,testing,13,logistic_regression,False,22,linear_regression,none,lr_calculation,1,1,True,0.7149900787051442,5.842857959536602
1,50,24,1,14,single_condition,logistic_regression,wine_quality,20,testing,14,logistic_regression,True,23,linear_regression,lr,lr_heuristic,1,1,True,0.8529947407358178,4.835332487272056
0,50,25,1,15,single_condition,logistic_regression,wine_quality,14,testing,15,logistic_regression,True,24,linear_regression,lr,lr_heuristic,0,1,False,0.21117752433741077,6.461652874818182
1,50,26,1,16,single_condition,logistic_regression,wine_quality,23,testing,16,logistic_regression,True,25,linear_regression,lr,lr_calculation,0,0,True,0.5522695261258133,4.934738986343357
0,50,27,1,17,single_condition,logistic_regression,wine_quality,29,testing,17,logistic_regression,False,26,linear_regression,none,lr_calculation,0,1,False,0.4255547281094917,5.844447251105269
1,50,28,1,18,single_condition,logistic_regression,wine_quality,11,testing,18,logistic_regression,False,27,linear_regression,none,lr_heuristic,1,1,True,0.7787000970621404,4.911137933671645
1,50,29,1,19,single_condition,logistic_regression,wine_quality,24,testing,19,logistic_regression,False,28,linear_regression,none,lr_heuristic,1,1,True,0.7643048673337056,3.6040084969730204
1,50,30,1,20,single_condition,logistic_regression,wine_quality,21,testing,20,logistic_regression,True,29,linear_regression,lr,lr_calculation,0,0,True,0.7457354510087214,6.815466459273007
1,51,1,1,1,single_condition,hybrid,wine_quality,4,training,1,decision_tree,,0,hybrid,dt,dt_traversal,0,0,True,0.8125,15.931322408342053
1,51,2,1,2,single_condition,hybrid,wine_quality,1,training,2,logistic_regression,,1,hybrid,lr,dt_traversal,0,0,True,0.71875,9.990632052986015
1,51,3,1,3,single_condition,hybrid,wine_quality,5,training,3,decision_tree,,2,hybrid,dt,dt_traversal,1,1,True,0.75,12.552183725893588
1,51,4,1,4,single_condition,hybrid,wine_quality,6,training,4,logistic_regression,,3,hybrid,lr,dt_traversal,0,0,True,0.8125,13.975449456777918
1,51,5,1,5,single_condition,hybrid,wine_quality,9,training,5,logistic_regression,,4,hybrid,lr,dt_traversal,1,1,True,0.53125,9.196608276884449
1,51,6,1,6,single_condition,hybrid,wine_quality,7,training,6,decision_tree,,5,hybrid,dt,dt_traversal,1,1,True,1.0,23.086559089669713
1,51,7,1,7,single_condition,hybrid,wine_quality,2,training,7,logistic_regression,,6,hybrid,lr,dt_traversal,0,0,True,0.6875,9.362370570117664
0,51,8,1,8,single_condition,hybrid,wine_quality,3,training,8,decision_tree,,7,hybrid,dt,dt_traversal,1,0,False,0.125,23.086559089669713
1,51,9,1,9,single_condition,hybrid,wine_quality,8,training,9,logistic_regression,,8,hybrid,lr,dt_traversal,1,1,True,0.71875,7.5070842153545705
0,51,10,1,10,single_condition,hybrid,wine_quality,0,training,10,decision_tree,,9,hybrid,dt,dt_traversal,1,0,False,0.1875,12.552183725893588
1,51,11,1,1,single_condition,hybrid,wine_quality,24,testing,1,logistic_regression,False,10,hybrid,none,dt_traversal,1,1,True,0.6875,10.507887794420188
1,51,12,1,2,single_condition,hybrid,wine_quality,14,testing,2,decision_tree,True,11,hybrid,dt,dt_traversal,0,0,True,0.75,12.552183725893588
1,51,13,1,3,single_condition,hybrid,wine_quality,15,testing,3,logistic_regression,False,12,hybrid,none,dt_traversal,1,1,True,0.5625,7.494841862946794
1,51,14,1,4,single_condition,hybrid,wine_quality,23,testing,4,decision_tree,True,13,hybrid,dt,dt_traversal,0,0,True,0.875,23.086559089669713
1,51,15,1,5,single_condition,hybrid,wine_quality,25,testing,5,logistic_regression,True,14,hybrid,lr,dt_traversal,0,0,True,0.6875,7.793347604380968
1,51,16,1,6,single_condition,hybrid,wine_quality,19,testing,6,decision_tree,False,15,hybrid,none,dt_traversal,0,0,True,0.59375,10.178132052986015
1,51,17,1,7,single_condition,hybrid,wine_quality,29,testing,7,logistic_regression,True,16,hybrid,lr,dt_traversal,0,0,True,0.5625,4.211706769216462
0,51,18,1,8,single_condition,hybrid,wine_quality,11,testing,8,decision_tree,True,17,hybrid,dt,dt_traversal,1,0,False,0.3125,12.842126311551837
0,51,19,1,9,single_condition,hybrid,wine_quality,28,testing,9,decision_tree,True,18,hybrid,dt,dt_traversal,1,0,False,0.375,17.144765029431714
1,51,20,1,10,single_condition,hybrid,wine_quality,16,testing,10,logistic_regression,False,19,hybrid,none,dt_traversal,0,0,True,0.625,6.975330380078444
1,51,21,1,11,single_condition,hybrid,wine_quality,27,testing,11,decision_tree,False,20,hybrid,none,dt_traversal,1,1,True,0.6875,9.393620570117665
1,51,22,1,12,single_condition,hybrid,wine_quality,26,testing,12,decision_tree,False,21,hybrid,none,dt_traversal,1,1,True,0.53125,3.9020401900392216
1,51,23,1,13,single_condition,hybrid,wine_quality,12,testing,13,logistic_regression,False,22,hybrid,none,lr_calculation,1,1,True,0.6681324953829701,5.862566134561652
1,51,24,1,14,single_condition,hybrid,wine_quality,21,testing,14,decision_tree,True,23,hybrid,dt,lr_calculation,0,0,True,0.5085269865019568,5.9398603869335425
1,51,25,1,15,single_condition,hybrid,wine_quality,10,testing,15,logistic_regression,True,24,hybrid,lr,lr_calculation,1,1,True,0.6489841746708832,4.896324323013801
1,51,26,1,16,single_condition,hybrid,wine_quality,13,testing,16,decision_tree,False,25,hybrid,none,lr_calculation,0,0,True,0.5,5.9399999999999995
1,51,27,1,17,single_condition,hybrid,wine_quality,17,testing,17,decision_tree,False,26,hybrid,none,lr_calculation,0,0,True,0.5298453739118425,5.931551408941056
1,51,28,1,18,single_condition,hybrid,wine_quality,18,testing,18,logistic_regression,False,27,hybrid,none,lr_calculation,1,1,True,0.627920058160436,5.809643226838364
1,51,29,1,19,single_condition,hybrid,wine_quality,20,testing,19,logistic_regression,True,28,hybrid,lr,lr_calculation,1,1,True,0.5800266858265242,4.92761865647931
1,51,30,1,20,single_condition,hybrid,wine_quality,22,testing,20,logistic_regression,True,29,hybrid,lr,lr_calculation,1,1,True,0.7064041775514738,4.854112086594203
0,52,1,1,1,single_condition,decision_tree,wine_quality,0,training,1,decision_tree,,0,decision_tree,dt,dt_traversal,1,0,False,0.1875,15.931322408342053
0,52,2,1,2,single_condition,decision_tree,wine_quality,9,training,2,decision_tree,,1,decision_tree,dt,dt_traversal,1,0,False,0.5,15.931322408342053
1,52,3,1,3,single_condition,decision_tree,wine_quality,7,training,3,decision_tree,,2,decision_tree,dt,dt_traversal,1,1,True,0.625,12.552183725893588
1,52,4,1,4,single_condition,decision_tree,wine_quality,6,training,4,decision_tree,,3,decision_tree,dt,dt_traversal,0,0,True,0.8125,15.931322408342053
1,52,5,1,5,single_condition,decision_tree,wine_quality,2,training,5,decision_tree,,4,decision_tree,dt,dt_traversal,0,0,True,0.9375,15.931322408342053
0,52,6,1,6,single_condition,decision_tree,wine_quality,3,training,6,decision_tree,,5,decision_tree,dt,dt_traversal,1,0,False,0.125,23.086559089669713
1,52,7,1,7,single_condition,decision_tree,wine_quality,5,training,7,decision_tree,,6,decision_tree,dt,dt_traversal,1,1,True,0.875,15.931322408342053
1,52,8,1,8,single_condition,decision_tree,wine_quality,8,training,8,decision_tree,,7,decision_tree,dt,dt_traversal,1,1,True,0.6875,12.552183725893588
1,52,9,1,9,single_condition,decision_tree,wine_quality,4,training,9,decision_tree,,8,decision_tree,dt,dt_traversal,0,0,True,0.875,23.086559089669713
1,52,10,1,10,single_condition,decision_tree,wine_quality,1,training,10,decision_tree,,9,decision_tree,dt,dt_traversal,0,0,True,0.75,12.552183725893588
1,52,11,1,1,single_condition,decision_tree,wine_quality,23,testing,1,decision_tree,False,10,decision_tree,none,dt_traversal,0,0,True,0.5,3.950545931473396
1,52,12,1,2,single_condition,decision_tree,wine_quality,29,testing,2,decision_tree,False,11,decision_tree,none,dt_traversal,0,0,True,0.5625,6.193074638644271
1,52,13,1,3,single_condition,decision_tree,wine_quality,25,testing,3,decision_tree,True,12,decision_tree,dt,dt_traversal,0,0,True,0.875,12.552183725893588
1,52,14,1,4,single_condition,decision_tree,wine_quality,20,testing,4,decision_tree,True,13,decision_tree,dt,dt_traversal,1,1,True,0.875,28.003279544834864
0,52,15,1,5,single_condition,decision_tree,wine_quality,11,testing,5,decision_tree,False,14,decision_tree,none,dt_traversal,1,0,False,0.4375,7.037830380078445
1,52,16,1,6,single_condition,decision_tree,wine_quality,14,testing,6,decision_tree,False,15,decision_tree,none,dt_traversal,0,0,True,0.5625,5.96373083074634
1,52,17,1,7,single_condition,decision_tree,wine_quality,24,testing,7,decision_tree,False,16,decision_tree,none,dt_traversal,1,1,True,0.5625,7.475834215354571
1,52,18,1,8,single_condition,decision_tree,wine_quality,19,testing,8,decision_tree,False,17,decision_tree,none,dt_traversal,0,0,True,0.59375,8.27935334581514
1,52,19,1,9,single_condition,decision_tree,wine_quality,18,testing,9,decision_tree,True,18,decision_tree,dt,dt_traversal,1,1,True,0.9375,23.086559089669713
1,52,20,1,10,single_condition,decision_tree,wine_quality,15,testing,10,decision_tree,True,19,decision_tree,dt,dt_traversal,1,1,True,0.9375,23.086559089669713
1,52,21,1,11,single_condition,decision_tree,wine_quality,10,testing,11,decision_tree,True,20,decision_tree,dt,dt_traversal,1,1,True,0.875,23.086559089669713
0,52,22,1,12,single_condition,decision_tree,wine_quality,27,testing,12,decision_tree,False,21,decision_tree,none,dt_traversal,1,0,False,0.5,6.599822184589632
1,52,23,1,13,single_condition,decision_tree,wine_quality,28,testing,13,decision_tree,False,22,decision_tree,none,dt_traversal,1,1,True,0.5625,5.655377446138108
0,52,24,1,14,single_condition,decision_tree,wine_quality,12,testing,14,decision_tree,False,23,decision_tree,none,dt_traversal,1,0,False,0.5,10.962643535854362
0,52,25,1,15,single_condition,decision_tree,wine_quality,22,testing,15,decision_tree,True,24,decision_tree,dt,dt_traversal,1,0,False,0.125,12.552183725893588
1,52,26,1,16,single_condition,decision_tree,wine_quality,16,testing,16,decision_tree,True,25,decision_tree,dt,dt_traversal,0,0,True,0.9375,15.931322408342053
1,52,27,1,17,single_condition,decision_tree,wine_quality,13,testing,17,decision_tree,True,26,decision_tree,dt,dt_traversal,0,0,True,0.8125,12.581177984459416
1,52,28,1,18,single_condition,decision_tree,wine_quality,17,testing,18,decision_tree,True,27,decision_tree,dt,dt_traversal,0,0,True,1.0,23.086559089669713
1,52,29,1,19,single_condition,decision_tree,wine_quality,26,testing,19,decision_tree,True,28,decision_tree,dt,dt_traversal,1,1,True,1.0,23.086559089669713
1,52,30,1,20,single_condition,decision_tree,wine_quality,21,testing,20,decision_tree,False,29,decision_tree,none,dt_traversal,0,0,True,0.5625,3.753036092294816
1,53,1,1,1,single_condition,logistic_regression,wine_quality,0,training,1,logistic_regression,,0,linear_regression,lr,lr_heuristic,1,1,True,0.6828445817488318,4.696648058745833
0,53,2,1,2,single_condition,logistic_regression,wine_quality,4,training,2,logistic_regression,,1,linear_regression,lr,lr_heuristic,0,1,False,0.18935906841978034,4.679014403859666
1,53,3,1,3,single_condition,logistic_regression,wine_quality,9,training,3,logistic_regression,,2,linear_regression,lr,lr_heuristic,1,1,True,0.6743226259021745,3.366176163428012
0,53,4,1,4,single_condition,logistic_regression,wine_quality,1,training,4,logistic_regression,,3,linear_regression,lr,lr_heuristic,0,1,False,0.451647939433775,3.2374727799616236
1,53,5,1,5,single_condition,logistic_regression,wine_quality,6,training,5,logistic_regression,,4,linear_regression,lr,lr_heuristic,0,0,True,0.6137014579797408,3.22022230952256
1,53,6,1,6,single_condition,logistic_regression,wine_quality,5,training,6,logistic_regression,,5,linear_regression,lr,lr_heuristic,1,1,True,0.7323592019699432,3.40428663293307
1,53,7,1,7,single_condition,logistic_regression,wine_quality,7,training,7,logistic_regression,,6,linear_regression,lr,lr_heuristic,1,1,True,0.680561591829677,3.4521447961587075
0,53,8,1,8,single_condition,logistic_regression,wine_quality,3,training,8,logistic_regression,,7,linear_regression,lr,lr_heuristic,1,0,False,0.27373017573333586,3.3788858016501684
0,53,9,1,9,single_condition,logistic_regression,wine_quality,2,training,9,logistic_regression,,8,linear_regression,lr,lr_heuristic,0,1,False,0.3770408529990753,3.090208676212594
1,53,10,1,10,single_condition,logistic_regression,wine_quality,8,training,10,logistic_regression,,9,linear_regression,lr,lr_heuristic,1,1,True,0.7638228023846567,3.412561596391483
1,53,11,1,1,single_condition,logistic_regression,wine_quality,24,testing,1,logistic_regression,True,10,linear_regression,lr,lr_heuristic,1,1,True,0.7903344206665973,3.4018491859576736
1,53,12,1,2,single_condition,logistic_regression,wine_quality,27,testing,2,logistic_regression,True,11,linear_regression,lr,lr_heuristic,1,1,True,0.8612105711878195,3.232619073232895
0,53,13,1,3,single_condition,logistic_regression,wine_quality,16,testing,3,logistic_regression,True,12,linear_regression,lr,lr_heuristic,0,1,False,0.48812927243296644,3.4725660927740973
0,53,14,1,4,single_condition,logistic_regression,wine_quality,17,testing,4,logistic_regression,False,13,linear_regression,none,lr_heuristic,0,1,False,0.3144120770548069,3.388973653511399
1,53,15,1,5,single_condition,logistic_regression,wine_quality,10,testing,5,logistic_regression,False,14,linear_regression,none,lr_calculation,1,1,True,0.6218591014754351,5.798268994716019
1,53,16,1,6,single_condition,logistic_regression,wine_quality,20,testing,6,logistic_regression,True,15,linear_regression,lr,lr_calculation,1,1,True,0.5800266858265242,4.92761865647931
1,53,17,1,7,single_condition,logistic_regression,wine_quality,22,testing,7,logistic_regression,False,16,linear_regression,none,lr_calculation,1,1,True,0.6866338962584698,5.751630766962595
0,53,18,1,8,single_condition,logistic_regression,wine_quality,19,testing,8,logistic_regression,True,17,linear_regression,lr,lr_heuristic,0,1,False,0.38767116814976377,3.4230918170314557
1,53,19,1,9,single_condition,logistic_regression,wine_quality,25,testing,9,logistic_regression,True,18,linear_regression,lr,lr_heuristic,0,0,True,0.6562352659795314,4.878881840206253
0,53,20,1,10,single_condition,logistic_regression,wine_quality,15,testing,10,logistic_regression,False,19,linear_regression,none,lr_calculation,1,0,False,0.4778423779660888,5.884577743472292
1,53,21,1,11,single_condition,logistic_regression,wine_quality,21,testing,11,logistic_regression,True,20,linear_regression,lr,lr_calculation,0,0,True,0.7457354510087214,6.815466459273007
1,53,22,1,12,single_condition,logistic_regression,wine_quality,28,testing,12,logistic_regression,True,21,linear_regression,lr,lr_heuristic,1,1,True,0.7314078522763531,3.61572879625197
0,53,23,1,13,single_condition,logistic_regression,wine_quality,29,testing,13,logistic_regression,True,22,linear_regression,lr,lr_heuristic,0,1,False,0.3299502360583906,3.5153729181165527
1,53,24,1,14,single_condition,logistic_regression,wine_quality,12,testing,14,logistic_regression,True,23,linear_regression,lr,lr_calculation,1,1,True,0.6489841746708832,4.896324323013801
1,53,25,1,15,single_condition,logistic_regression,wine_quality,18,testing,15,logistic_regression,False,24,linear_regression,none,lr_calculation,1,1,True,0.5793750595670353,5.85013338481903
0,53,26,1,16,single_condition,logistic_regression,wine_quality,13,testing,16,logistic_regression,False,25,linear_regression,none,lr_calculation,0,1,False,0.46907502804060397,5.883904595129069
1,53,27,1,17,single_condition,logistic_regression,wine_quality,11,testing,17,logistic_regression,False,26,linear_regression,none,lr_calculation,1,1,True,0.5442851786613072,5.875280297639
1,53,28,1,18,single_condition,logistic_regression,wine_quality,26,testing,18,logistic_regression,False,27,linear_regression,none,lr_calculation,1,1,True,0.6279200581604361,5.809643226838364
1,53,29,1,19,single_condition,logistic_regression,wine_quality,23,testing,19,logistic_regression,False,28,linear_regression,none,lr_calculation,0,0,True,0.6319242617348113,5.792810184475513
1,53,30,1,20,single_condition,logistic_regression,wine_quality,14,testing,20,logistic_regression,False,29,linear_regression,none,lr_calculation,0,0,True,0.5085269865019568,5.9398603869335425
1,54,1,1,1,single_condition,hybrid,wine_quality,7,training,1,decision_tree,,0,hybrid,dt,dt_traversal,1,1,True,0.8125,15.931322408342053
1,54,2,1,2,single_condition,hybrid,wine_quality,4,training,2,logistic_regression,,1,hybrid,lr,dt_traversal,0,0,True,0.65625,9.990632052986015
1,54,3,1,3,single_condition,hybrid,wine_quality,5,training,3,logistic_regression,,2,hybrid,lr,dt_traversal,1,1,True,0.75,12.375416501591065
0,54,4,1,4,single_condition,hybrid,wine_quality,3,training,4,decision_tree,,3,hybrid,dt,dt_traversal,1,0,False,0.125,15.931322408342053
1,54,5,1,5,single_condition,hybrid,wine_quality,1,training,5,decision_tree,,4,hybrid,dt,dt_traversal,0,0,True,0.75,15.931322408342053
1,54,6,1,6,single_condition,hybrid,wine_quality,9,training,6,decision_tree,,5,hybrid,dt,dt_traversal,1,1,True,0.625,12.552183725893588
1,54,7,1,7,single_condition,hybrid,wine_quality,2,training,7,logistic_regression,,6,hybrid,lr,dt_traversal,0,0,True,0.53125,8.90761482868349
0,54,8,1,8,single_condition,hybrid,wine_quality,0,training,8,decision_tree,,7,hybrid,dt,dt_traversal,1,0,False,0.1875,15.931322408342053
1,54,9,1,9,single_condition,hybrid,wine_quality,8,training,9,logistic_regression,,8,hybrid,lr,dt_traversal,1,1,True,0.59375,9.331120570117665
0,54,10,1,10,single_condition,hybrid,wine_quality,6,training,10,logistic_regression,,9,hybrid,lr,dt_traversal,0,1,False,0.46875,8.216853345815142
1,54,11,1,1,single_condition,hybrid,wine_quality,19,testing,1,logistic_regression,True,10,hybrid,lr,dt_traversal,0,0,True,0.8125,10.084382052986015
1,54,12,1,2,single_condition,hybrid,wine_quality,26,testing,2,logistic_regression,True,11,hybrid,lr,dt_traversal,1,1,True,0.53125,10.601637794420188
0,54,13,1,3,single_condition,hybrid,wine_quality,11,testing,3,logistic_regression,False,12,hybrid,none,dt_traversal,1,0,False,0.4375,7.45682463864427
0,54,14,1,4,single_condition,hybrid,wine_quality,12,testing,4,logistic_regression,False,13,hybrid,none,dt_traversal,1,0,False,0.46875,7.903254892276218
0,54,15,1,5,single_condition,hybrid,wine_quality,22,testing,5,logistic_regression,True,14,hybrid,lr,dt_traversal,1,0,False,0.25,10.240632052986017
1,54,16,1,6,single_condition,hybrid,wine_quality,15,testing,6,decision_tree,True,15,hybrid,dt,lr_heuristic,1,1,True,0.670490706259702,3.3701713452030857
0,54,17,1,7,single_condition,hybrid,wine_quality,29,testing,7,decision_tree,True,16,hybrid,dt,lr_heuristic,0,1,False,0.13366689652689956,3.3558600409310078
0,54,18,1,8,single_condition,hybrid,wine_quality,13,testing,8,decision_tree,True,17,hybrid,dt,lr_heuristic,0,1,False,0.41346716997796973,3.353647502324001
1,54,19,1,9,single_condition,hybrid,wine_quality,17,testing,9,decision_tree,False,18,hybrid,none,lr_calculation,0,0,True,0.5085269865019568,5.9398603869335425
0,54,20,1,10,single_condition,hybrid,wine_quality,21,testing,10,logistic_regression,False,19,hybrid,none,lr_calculation,0,1,False,0.49883297470155796,5.825592889447979
0,54,21,1,11,single_condition,hybrid,wine_quality,27,testing,11,decision_tree,False,20,hybrid,none,lr_heuristic,1,0,False,0.0081626641710894,1.5902062157175625
1,54,22,1,12,single_condition,hybrid,wine_quality,14,testing,12,logistic_regression,False,21,hybrid,none,lr_heuristic,0,0,True,0.5683889303913279,3.5342182693641773
1,54,23,1,13,single_condition,hybrid,wine_quality,18,testing,13,decision_tree,False,22,hybrid,none,lr_calculation,1,1,True,0.6681324953829701,5.862566134561652
1,54,24,1,14,single_condition,hybrid,wine_quality,20,testing,14,logistic_regression,False,23,hybrid,none,lr_calculation,1,1,True,0.5800266858265242,5.92761865647931
1,54,25,1,15,single_condition,hybrid,wine_quality,24,testing,15,logistic_regression,False,24,hybrid,none,lr_calculation,1,1,True,0.6489841746708832,5.896324323013801
1,54,26,1,16,single_condition,hybrid,wine_quality,25,testing,16,decision_tree,True,25,hybrid,dt,lr_heuristic,0,0,True,0.6320732007086332,3.2891755727083867
1,54,27,1,17,single_condition,hybrid,wine_quality,10,testing,17,decision_tree,True,26,hybrid,dt,lr_heuristic,1,1,True,0.8508025121578958,3.424986335338655
1,54,28,1,18,single_condition,hybrid,wine_quality,23,testing,18,logistic_regression,False,27,hybrid,none,lr_calculation,0,0,True,0.5221891054497896,5.9051241089316475
0,54,29,1,19,single_condition,hybrid,wine_quality,28,testing,19,decision_tree,True,28,hybrid,dt,lr_heuristic,1,0,False,0.498528211501332,3.5245848561563644
1,54,30,1,20,single_condition,hybrid,wine_quality,16,testing,20,decision_tree,True,29,hybrid,dt,lr_heuristic,0,0,True,0.6722406810268733,3.435790623717091
1,55,1,1,1,single_condition,decision_tree,wine_quality,6,training,1,decision_tree,,0,decision_tree,dt,dt_traversal,0,0,True,0.875,15.931322408342053
0,55,2,1,2,single_condition,decision_tree,wine_quality,0,training,2,decision_tree,,1,decision_tree,dt,dt_traversal,1,0,False,0.1875,15.931322408342053
1,55,3,1,3,single_condition,decision_tree,wine_quality,2,training,3,decision_tree,,2,decision_tree,dt,dt_traversal,0,0,True,0.8125,12.552183725893588
0,55,4,1,4,single_condition,decision_tree,wine_quality,3,training,4,decision_tree,,3,decision_tree,dt,dt_traversal,1,0,False,0.25,15.931322408342053
1,55,5,1,5,single_condition,decision_tree,wine_quality,4,training,5,decision_tree,,4,decision_tree,dt,dt_traversal,0,0,True,0.9375,15.931322408342053
1,55,6,1,6,single_condition,decision_tree,wine_quality,1,training,6,decision_tree,,5,decision_tree,dt,dt_traversal,0,0,True,0.75,12.552183725893588
1,55,7,1,7,single_condition,decision_tree,wine_quality,5,training,7,decision_tree,,6,decision_tree,dt,dt_traversal,1,1,True,1.0,23.086559089669713
1,55,8,1,8,single_condition,decision_tree,wine_quality,8,training,8,decision_tree,,7,decision_tree,dt,dt_traversal,1,1,True,0.8125,23.086559089669713
1,55,9,1,9,single_condition,decision_tree,wine_quality,9,training,9,decision_tree,,8,decision_tree,dt,dt_traversal,1,1,True,1.0,23.086559089669713
1,55,10,1,10,single_condition,decision_tree,wine_quality,7,training,10,decision_tree,,9,decision_tree,dt,dt_traversal,1,1,True,1.0,23.086559089669713
1,55,11,1,1,single_condition,decision_tree,wine_quality,15,testing,1,decision_tree,True,10,decision_tree,dt,dt_traversal,1,1,True,1.0,23.086559089669713
1,55,12,1,2,single_condition,decision_tree,wine_quality,25,testing,2,decision_tree,True,11,decision_tree,dt,dt_traversal,0,0,True,0.9375,23.086559089669713
0,55,13,1,3,single_condition,decision_tree,wine_quality,22,testing,3,decision_tree,False,12,decision_tree,none,dt_traversal,1,0,False,0.46875,2.7112787071708726
1,55,14,1,4,single_condition,decision_tree,wine_quality,21,testing,4,decision_tree,True,13,decision_tree,dt,dt_traversal,0,0,True,0.8125,15.931322408342053
1,55,15,1,5,single_condition,decision_tree,wine_quality,26,testing,5,decision_tree,False,14,decision_tree,none,dt_traversal,1,1,True,0.53125,3.353534448605047
1,55,16,1,6,single_condition,decision_tree,wine_quality,23,testing,6,decision_tree,False,15,decision_tree,none,dt_traversal,0,0,True,0.5625,6.193074638644269
1,55,17,1,7,single_condition,decision_tree,wine_quality,27,testing,7,decision_tree,False,16,decision_tree,none,dt_traversal,1,1,True,0.5625,6.839742861511279
0,55,18,1,8,single_condition,decision_tree,wine_quality,28,testing,8,decision_tree,True,17,decision_tree,dt,dt_traversal,1,0,False,0.3125,12.900114828683487
1,55,19,1,9,single_condition,decision_tree,wine_quality,20,testing,9,decision_tree,False,18,decision_tree,none,dt_traversal,1,1,True,0.5625,8.141278707170873
1,55,20,1,10,single_condition,decision_tree,wine_quality,19,testing,10,decision_tree,False,19,decision_tree,none,dt_traversal,0,0,True,0.625,7.071336121512619
1,55,21,1,11,single_condition,decision_tree,wine_quality,16,testing,11,decision_tree,True,20,decision_tree,dt,dt_traversal,0,0,True,0.9375,23.086559089669713
1,55,22,1,12,single_condition,decision_tree,wine_quality,14,testing,12,decision_tree,True,21,decision_tree,dt,dt_traversal,0,0,True,0.8125,12.552183725893588
1,55,23,1,13,single_condition,decision_tree,wine_quality,10,testing,13,decision_tree,False,22,decision_tree,none,dt_traversal,1,1,True,0.625,5.963730830746339
1,55,24,1,14,single_condition,decision_tree,wine_quality,11,testing,14,decision_tree,True,23,decision_tree,dt,dt_traversal,1,1,True,0.625,16.98297267995309
1,55,25,1,15,single_condition,decision_tree,wine_quality,12,testing,15,decision_tree,True,24,decision_tree,dt,dt_traversal,1,1,True,0.875,12.552183725893588
1,55,26,1,16,single_condition,decision_tree,wine_quality,17,testing,16,decision_tree,False,25,decision_tree,none,dt_traversal,0,0,True,0.5,5.047557414341746
1,55,27,1,17,single_condition,decision_tree,wine_quality,29,testing,17,decision_tree,False,26,decision_tree,none,dt_traversal,0,0,True,0.53125,4.7852981230597536
1,55,28,1,18,single_condition,decision_tree,wine_quality,18,testing,18,decision_tree,False,27,decision_tree,none,dt_traversal,1,1,True,0.53125,5.358889476903046
1,55,29,1,19,single_condition,decision_tree,wine_quality,13,testing,19,decision_tree,True,28,decision_tree,dt,dt_traversal,0,0,True,0.9375,19.67654350814538
1,55,30,1,20,single_condition,decision_tree,wine_quality,24,testing,20,decision_tree,True,29,decision_tree,dt,dt_traversal,1,1,True,1.0,23.086559089669713
1,56,1,1,1,single_condition,logistic_regression,wine_quality,3,training,1,logistic_regression,,0,linear_regression,lr,lr_heuristic,1,1,True,0.7538039590518599,4.69560090967677
1,56,2,1,2,single_condition,logistic_regression,wine_quality,8,training,2,logistic_regression,,1,linear_regression,lr,lr_heuristic,1,1,True,0.8213151926147341,4.655903365157089
0,56,3,1,3,single_condition,logistic_regression,wine_quality,6,training,3,logistic_regression,,2,linear_regression,lr,lr_heuristic,0,1,False,0.14882771663388106,3.1801988650934763
1,56,4,1,4,single_condition,logistic_regression,wine_quality,7,training,4,logistic_regression,,3,linear_regression,lr,lr_heuristic,1,1,True,0.7505934161923307,4.7885728536228065
0,56,5,1,5,single_condition,logistic_regression,wine_quality,2,training,5,logistic_regression,,4,linear_regression,lr,lr_heuristic,0,1,False,0.23298127612847175,4.661260832954602
0,56,6,1,6,single_condition,logistic_regression,wine_quality,9,training,6,logistic_regression,,5,linear_regression,lr,lr_heuristic,1,0,False,0.4069067658607383,3.3696720783670435
0,56,7,1,7,single_condition,logistic_regression,wine_quality,0,training,7,logistic_regression,,6,linear_regression,lr,lr_heuristic,1,0,False,0.36855726130315514,3.414346504042867
1,56,8,1,8,single_condition,logistic_regression,wine_quality,5,training,8,logistic_regression,,7,linear_regression,lr,lr_heuristic,1,1,True,0.9008975746634136,3.220021530076264
0,56,9,1,9,single_condition,logistic_regression,wine_quality,4,training,9,logistic_regression,,8,linear_regression,lr,lr_heuristic,0,1,False,0.326511488580012,3.1494258442459304
0,56,10,1,10,single_condition,logistic_regression,wine_quality,1,training,10,logistic_regression,,9,linear_regression,lr,lr_heuristic,0,1,False,0.4982321893783159,4.946266573204129
1,56,11,1,1,single_condition,logistic_regression,wine_quality,18,testing,1,logistic_regression,False,10,linear_regression,none,lr_heuristic,1,1,True,0.7500041698014059,3.389400586139696
1,56,12,1,2,single_condition,logistic_regression,wine_quality,23,testing,2,logistic_regression,True,11,linear_regression,lr,lr_heuristic,0,0,True,0.5931131031820195,3.2717006399795068
1,56,13,1,3,single_condition,logistic_regression,wine_quality,27,testing,3,logistic_regression,False,12,linear_regression,none,lr_calculation,1,1,True,0.6218591014754351,5.798268994716019
1,56,14,1,4,single_condition,logistic_regression,wine_quality,11,testing,4,logistic_regression,False,13,linear_regression,none,lr_calculation,1,1,True,0.5600823651249849,5.866091976405061
1,56,15,1,5,single_condition,logistic_regression,wine_quality,22,testing,5,logistic_regression,False,14,linear_regression,none,lr_heuristic,1,1,True,0.944952259089419,3.1905460759882516
0,56,16,1,6,single_condition,logistic_regression,wine_quality,17,testing,6,logistic_regression,True,15,linear_regression,lr,lr_heuristic,0,1,False,0.3436763346330336,4.819141781326963
1,56,17,1,7,single_condition,logistic_regression,wine_quality,28,testing,7,logistic_regression,True,16,linear_regression,lr,lr_calculation,1,1,True,0.6489841746708832,4.896324323013801
1,56,18,1,8,single_condition,logistic_regression,wine_quality,26,testing,8,logistic_regression,False,17,linear_regression,none,lr_calculation,1,1,True,0.6681324953829701,5.862566134561652
1,56,19,1,9,single_condition,logistic_regression,wine_quality,20,testing,9,logistic_regression,True,18,linear_regression,lr,lr_heuristic,1,1,True,0.8448303374943398,3.233290833733962
1,56,20,1,10,single_condition,logistic_regression,wine_quality,24,testing,10,logistic_regression,False,19,linear_regression,none,lr_heuristic,1,1,True,0.8798467705461507,3.4565611200023802
0,56,21,1,11,single_condition,logistic_regression,wine_quality,15,testing,11,logistic_regression,True,20,linear_regression,lr,lr_calculation,1,0,False,0.5,4.9399999999999995
1,56,22,1,12,single_condition,logistic_regression,wine_quality,21,testing,12,logistic_regression,True,21,linear_regression,lr,lr_calculation,0,0,True,0.7457354510087214,6.815466459273007
0,56,23,1,13,single_condition,logistic_regression,wine_quality,14,testing,13,logistic_regression,True,22,linear_regression,lr,lr_heuristic,0,1,False,0.21886984261535236,3.3350378886988588
1,56,24,1,14,single_condition,logistic_regression,wine_quality,12,testing,14,logistic_regression,True,23,linear_regression,lr,lr_heuristic,1,1,True,0.7817034890204735,3.503667555077685
1,56,25,1,15,single_condition,logistic_regression,wine_quality,16,testing,15,logistic_regression,True,24,linear_regression,lr,lr_calculation,0,0,True,0.5433905470132603,4.9363778516847585
1,56,26,1,16,single_condition,logistic_regression,wine_quality,13,testing,16,logistic_regression,True,25,linear_regression,lr,lr_calculation,0,0,True,0.5,4.9399999999999995
1,56,27,1,17,single_condition,logistic_regression,wine_quality,10,testing,17,logistic_regression,False,26,linear_regression,none,lr_heuristic,1,1,True,0.8016607014688825,3.477436179321251
1,56,28,1,18,single_condition,logistic_regression,wine_quality,19,testing,18,logistic_regression,False,27,linear_regression,none,lr_heuristic,0,0,True,0.6325901941257683,3.6510251974804397
0,56,29,1,19,single_condition,logistic_regression,wine_quality,25,testing,19,logistic_regression,False,28,linear_regression,none,lr_calculation,0,1,False,0.453981975226184,5.796409921684221
0,56,30,1,20,single_condition,logistic_regression,wine_quality,29,testing,20,logistic_regression,False,29,linear_regression,none,lr_calculation,0,1,False,0.41997331417347583,5.92761865647931
1,57,1,1,1,single_condition,hybrid,wine_quality,2,training,1,decision_tree,,0,hybrid,dt,dt_traversal,0,0,True,0.8125,15.931322408342053
1,57,2,1,2,single_condition,hybrid,wine_quality,5,training,2,decision_tree,,1,hybrid,dt,dt_traversal,1,1,True,0.75,15.931322408342053
1,57,3,1,3,single_condition,hybrid,wine_quality,1,training,3,decision_tree,,2,hybrid,dt,dt_traversal,0,0,True,0.8125,12.552183725893588
1,57,4,1,4,single_condition,hybrid,wine_quality,6,training,4,decision_tree,,3,hybrid,dt,dt_traversal,0,0,True,0.8125,15.931322408342053
0,57,5,1,5,single_condition,hybrid,wine_quality,8,training,5,logistic_regression,,4,hybrid,lr,dt_traversal,1,0,False,0.46875,5.380060153824694
1,57,6,1,6,single_condition,hybrid,wine_quality,4,training,6,decision_tree,,5,hybrid,dt,dt_traversal,0,0,True,0.5625,15.931322408342053
1,57,7,1,7,single_condition,hybrid,wine_quality,7,training,7,logistic_regression,,6,hybrid,lr,dt_traversal,1,1,True,0.59375,11.229899277288538
0,57,8,1,8,single_condition,hybrid,wine_quality,3,training,8,logistic_regression,,7,hybrid,lr,dt_traversal,1,0,False,0.5,8.123103345815142
1,57,9,1,9,single_condition,hybrid,wine_quality,9,training,9,logistic_regression,,8,hybrid,lr,dt_traversal,1,1,True,0.625,10.837643535854365
0,57,10,1,10,single_condition,hybrid,wine_quality,0,training,10,logistic_regression,,9,hybrid,lr,dt_traversal,1,0,False,0.3125,9.487370570117665
1,57,11,1,1,single_condition,hybrid,wine_quality,23,testing,1,logistic_regression,False,10,hybrid,none,dt_traversal,0,0,True,0.5,11.653405018722715
1,57,12,1,2,single_condition,hybrid,wine_quality,27,testing,2,logistic_regression,True,11,hybrid,lr,dt_traversal,1,1,True,0.625,10.962643535854365
1,57,13,1,3,single_condition,hybrid,wine_quality,13,testing,3,logistic_regression,True,12,hybrid,lr,dt_traversal,0,0,True,0.59375,7.461336121512618
1,57,14,1,4,single_condition,hybrid,wine_quality,16,testing,4,decision_tree,True,13,hybrid,dt,dt_traversal,0,0,True,0.875,23.086559089669713
0,57,15,1,5,single_condition,hybrid,wine_quality,20,testing,5,logistic_regression,True,14,hybrid,lr,dt_traversal,1,0,False,0.46875,10.254295931473393
1,57,16,1,6,single_condition,hybrid,wine_quality,14,testing,6,decision_tree,True,15,hybrid,dt,dt_traversal,0,0,True,0.9375,15.931322408342053
1,57,17,1,7,single_condition,hybrid,wine_quality,25,testing,7,decision_tree,False,16,hybrid,none,lr_calculation,0,0,True,0.5496620993679855,5.852340729474834
1,57,18,1,8,single_condition,hybrid,wine_quality,19,testing,8,logistic_regression,True,17,hybrid,lr,lr_calculation,0,0,True,0.5,4.9399999999999995
1,57,19,1,9,single_condition,hybrid,wine_quality,18,testing,9,decision_tree,False,18,hybrid,none,lr_calculation,1,1,True,0.5654651285345261,5.823015543897135
1,57,20,1,10,single_condition,hybrid,wine_quality,17,testing,10,decision_tree,False,19,hybrid,none,lr_calculation,0,0,True,0.5085269865019568,5.9398603869335425
1,57,21,1,11,single_condition,hybrid,wine_quality,15,testing,11,decision_tree,True,20,hybrid,dt,lr_heuristic,1,1,True,0.7039896193957684,4.989207466588343
1,57,22,1,12,single_condition,hybrid,wine_quality,21,testing,12,logistic_regression,False,21,hybrid,none,lr_calculation,0,0,True,0.5170578188302596,5.937286152332101
1,57,23,1,13,single_condition,hybrid,wine_quality,12,testing,13,logistic_regression,False,22,hybrid,none,lr_calculation,1,1,True,0.6354592274598729,5.898506009951365
1,57,24,1,14,single_condition,hybrid,wine_quality,24,testing,14,decision_tree,True,23,hybrid,dt,lr_heuristic,1,1,True,0.8842156857610992,4.882456689493104
1,57,25,1,15,single_condition,hybrid,wine_quality,10,testing,15,logistic_regression,False,24,hybrid,none,lr_heuristic,1,1,True,0.9423730742603812,4.687335741767974
1,57,26,1,16,single_condition,hybrid,wine_quality,11,testing,16,logistic_regression,True,25,hybrid,lr,dt_traversal,1,1,True,0.5625,5.661706769216462
1,57,27,1,17,single_condition,hybrid,wine_quality,28,testing,17,decision_tree,False,26,hybrid,none,lr_calculation,1,1,True,0.6489841746708832,5.896324323013801
1,57,28,1,18,single_condition,hybrid,wine_quality,22,testing,18,decision_tree,False,27,hybrid,none,lr_calculation,1,1,True,0.7100949587494996,5.850272940475691
1,57,29,1,19,single_condition,hybrid,wine_quality,26,testing,19,logistic_regression,False,28,hybrid,none,lr_calculation,1,1,True,0.6705735900585228,5.843401415309113
0,57,30,1,20,single_condition,hybrid,wine_quality,29,testing,20,decision_tree,True,29,hybrid,dt,lr_heuristic,0,1,False,0.16055644637333732,4.891189812258625
1,58,1,1,1,single_condition,decision_tree,wine_quality,2,training,1,decision_tree,,0,decision_tree,dt,dt_traversal,0,0,True,0.8125,15.931322408342053
0,58,2,1,2,single_condition,decision_tree,wine_quality,3,training,2,decision_tree,,1,decision_tree,dt,dt_traversal,1,0,False,0.1875,15.931322408342053
1,58,3,1,3,single_condition,decision_tree,wine_quality,5,training,3,decision_tree,,2,decision_tree,dt,dt_traversal,1,1,True,0.75,12.552183725893588
1,58,4,1,4,single_condition,decision_tree,wine_quality,4,training,4,decision_tree,,3,decision_tree,dt,dt_traversal,0,0,True,0.75,15.931322408342053
0,58,5,1,5,single_condition,decision_tree,wine_quality,0,training,5,decision_tree,,4,decision_tree,dt,dt_traversal,1,0,False,0.0625,15.931322408342053
1,58,6,1,6,single_condition,decision_tree,wine_quality,8,training,6,decision_tree,,5,decision_tree,dt,dt_traversal,1,1,True,0.8125,15.931322408342053
1,58,7,1,7,single_condition,decision_tree,wine_quality,1,training,7,decision_tree,,6,decision_tree,dt,dt_traversal,0,0,True,0.5625,12.552183725893588
1,58,8,1,8,single_condition,decision_tree,wine_quality,9,training,8,decision_tree,,7,decision_tree,dt,dt_traversal,1,1,True,0.8125,23.086559089669713
1,58,9,1,9,single_condition,decision_tree,wine_quality,7,training,9,decision_tree,,8,decision_tree,dt,dt_traversal,1,1,True,0.8125,12.552183725893588
1,58,10,1,10,single_condition,decision_tree,wine_quality,6,training,10,decision_tree,,9,decision_tree,dt,dt_traversal,0,0,True,1.0,23.086559089669713
1,58,11,1,1,single_condition,decision_tree,wine_quality,23,testing,1,decision_tree,True,10,decision_tree,dt,dt_traversal,0,0,True,1.0,23.086559089669713
0,58,12,1,2,single_condition,decision_tree,wine_quality,27,testing,2,decision_tree,False,11,decision_tree,none,dt_traversal,1,0,False,0.46875,3.134784448605047
1,58,13,1,3,single_condition,decision_tree,wine_quality,15,testing,3,decision_tree,True,12,decision_tree,dt,dt_traversal,1,1,True,0.875,15.931322408342053
0,58,14,1,4,single_condition,decision_tree,wine_quality,26,testing,4,decision_tree,False,13,decision_tree,none,dt_traversal,1,0,False,0.46875,5.408563155775921
0,58,15,1,5,single_condition,decision_tree,wine_quality,22,testing,5,decision_tree,True,14,decision_tree,dt,dt_traversal,1,0,False,0.0,23.086559089669713
1,58,16,1,6,single_condition,decision_tree,wine_quality,14,testing,6,decision_tree,False,15,decision_tree,none,dt_traversal,0,0,True,0.59375,5.567560153824694
1,58,17,1,7,single_condition,decision_tree,wine_quality,10,testing,7,decision_tree,True,16,decision_tree,dt,dt_traversal,1,1,True,0.8125,12.552183725893588
1,58,18,1,8,single_condition,decision_tree,wine_quality,13,testing,8,decision_tree,True,17,decision_tree,dt,dt_traversal,0,0,True,1.0,23.393854118117535
1,58,19,1,9,single_condition,decision_tree,wine_quality,24,testing,9,decision_tree,False,18,decision_tree,none,dt_traversal,1,1,True,0.53125,6.554080380078444
1,58,20,1,10,single_condition,decision_tree,wine_quality,16,testing,10,decision_tree,False,19,decision_tree,none,dt_traversal,0,0,True,0.65625,5.598810153824694
1,58,21,1,11,single_condition,decision_tree,wine_quality,19,testing,11,decision_tree,True,20,decision_tree,dt,dt_traversal,0,0,True,1.0,15.931322408342053
1,58,22,1,12,single_condition,decision_tree,wine_quality,21,testing,12,decision_tree,True,21,decision_tree,dt,dt_traversal,0,0,True,0.875,12.552183725893588
1,58,23,1,13,single_condition,decision_tree,wine_quality,20,testing,13,decision_tree,True,22,decision_tree,dt,dt_traversal,1,1,True,1.0,28.003279544834864
1,58,24,1,14,single_condition,decision_tree,wine_quality,29,testing,14,decision_tree,False,23,decision_tree,none,dt_traversal,0,0,True,0.5625,6.902242861511279
1,58,25,1,15,single_condition,decision_tree,wine_quality,12,testing,15,decision_tree,False,24,decision_tree,none,dt_traversal,1,1,True,0.59375,5.661310153824694
1,58,26,1,16,single_condition,decision_tree,wine_quality,25,testing,16,decision_tree,False,25,decision_tree,none,dt_traversal,0,0,True,0.5625,4.754048123059754
0,58,27,1,17,single_condition,decision_tree,wine_quality,11,testing,17,decision_tree,False,26,decision_tree,none,dt_traversal,1,0,False,0.5,9.144080380078444
1,58,28,1,18,single_condition,decision_tree,wine_quality,17,testing,18,decision_tree,True,27,decision_tree,dt,dt_traversal,0,0,True,0.9375,19.504819105182325
1,58,29,1,19,single_condition,decision_tree,wine_quality,28,testing,19,decision_tree,False,28,decision_tree,none,dt_traversal,1,1,True,0.5625,4.321034448605047
1,58,30,1,20,single_condition,decision_tree,wine_quality,18,testing,20,decision_tree,True,29,decision_tree,dt,dt_traversal,1,1,True,1.0,23.086559089669713
1,59,1,1,1,single_condition,logistic_regression,wine_quality,9,training,1,logistic_regression,,0,linear_regression,lr,lr_heuristic,1,1,True,0.7317078167430505,4.675197116507526
1,59,2,1,2,single_condition,logistic_regression,wine_quality,3,training,2,logistic_regression,,1,linear_regression,lr,lr_heuristic,1,1,True,0.8852903009364069,4.63393692308733
1,59,3,1,3,single_condition,logistic_regression,wine_quality,5,training,3,logistic_regression,,2,linear_regression,lr,lr_heuristic,1,1,True,0.9066354093203025,3.187440971910205
0,59,4,1,4,single_condition,logistic_regression,wine_quality,6,training,4,logistic_regression,,3,linear_regression,lr,lr_heuristic,0,1,False,0.13677343963481747,3.103928406222926
0,59,5,1,5,single_condition,logistic_regression,wine_quality,1,training,5,logistic_regression,,4,linear_regression,lr,lr_heuristic,0,1,False,0.23057514267894563,4.715828414330254
1,59,6,1,6,single_condition,logistic_regression,wine_quality,4,training,6,logistic_regression,,5,linear_regression,lr,lr_heuristic,0,0,True,0.7481238412307094,3.1956995672312427
0,59,7,1,7,single_condition,logistic_regression,wine_quality,0,training,7,logistic_regression,,6,linear_regression,lr,lr_heuristic,1,0,False,0.13084356266525524,3.192679669090406
1,59,8,1,8,single_condition,logistic_regression,wine_quality,7,training,8,logistic_regression,,7,linear_regression,lr,lr_heuristic,1,1,True,0.8137249421142523,4.899783778749338
1,59,9,1,9,single_condition,logistic_regression,wine_quality,8,training,9,logistic_regression,,8,linear_regression,lr,lr_heuristic,1,1,True,0.6864739546856357,3.421305843694138
0,59,10,1,10,single_condition,logistic_regression,wine_quality,2,training,10,logistic_regression,,9,linear_regression,lr,lr_heuristic,0,1,False,0.49955269529876134,4.907214601722743
1,59,11,1,1,single_condition,logistic_regression,wine_quality,10,testing,1,logistic_regression,True,10,linear_regression,lr,lr_heuristic,1,1,True,0.7631893464943084,3.3629305432640817
1,59,12,1,2,single_condition,logistic_regression,wine_quality,15,testing,2,logistic_regression,False,11,linear_regression,none,lr_heuristic,1,1,True,0.5601779236987658,3.350206784840532
0,59,13,1,3,single_condition,logistic_regression,wine_quality,29,testing,3,logistic_regression,True,12,linear_regression,lr,lr_heuristic,0,1,False,0.09560661648552737,3.219500112430351
1,59,14,1,4,single_condition,logistic_regression,wine_quality,23,testing,4,logistic_regression,False,13,linear_regression,none,lr_calculation,0,0,True,0.5539209356909058,5.825316793902228
1,59,15,1,5,single_condition,logistic_regression,wine_quality,11,testing,5,logistic_regression,False,14,linear_regression,none,lr_calculation,1,1,True,0.5600823651249849,5.866091976405061
1,59,16,1,6,single_condition,logistic_regression,wine_quality,16,testing,6,logistic_regression,False,15,linear_regression,none,lr_calculation,0,0,True,0.5254083582731588,5.8699237561303566
1,59,17,1,7,single_condition,logistic_regression,wine_quality,12,testing,7,logistic_regression,False,16,linear_regression,none,lr_calculation,1,1,True,0.6681324953829701,5.862566134561652
1,59,18,1,8,single_condition,logistic_regression,wine_quality,26,testing,8,logistic_regression,True,17,linear_regression,lr,lr_calculation,1,1,True,0.6489841746708832,4.896324323013801
1,59,19,1,9,single_condition,logistic_regression,wine_quality,28,testing,9,logistic_regression,True,18,linear_regression,lr,lr_calculation,1,1,True,0.6489841746708832,4.896324323013801
1,59,20,1,10,single_condition,logistic_regression,wine_quality,25,testing,10,logistic_regression,True,19,linear_regression,lr,lr_calculation,0,0,True,0.5522695261258133,4.934738986343357
1,59,21,1,11,single_condition,logistic_regression,wine_quality,14,testing,11,logistic_regression,True,20,linear_regression,lr,lr_calculation,0,0,True,0.7429971593323715,6.818440971665233
1,59,22,1,12,single_condition,logistic_regression,wine_quality,22,testing,12,logistic_regression,True,21,linear_regression,lr,lr_calculation,1,1,True,0.7064041775514738,4.854112086594203
1,59,23,1,13,single_condition,logistic_regression,wine_quality,13,testing,13,logistic_regression,False,22,linear_regression,none,lr_calculation,0,0,True,0.5438252330559321,5.878536600520536
1,59,24,1,14,single_condition,logistic_regression,wine_quality,17,testing,14,logistic_regression,True,23,linear_regression,lr,lr_calculation,0,0,True,0.5085269865019568,4.9398603869335425
0,59,25,1,15,single_condition,logistic_regression,wine_quality,19,testing,15,logistic_regression,False,24,linear_regression,none,lr_calculation,0,1,False,0.46926016069894083,5.8868878071896455
1,59,26,1,16,single_condition,logistic_regression,wine_quality,18,testing,16,logistic_regression,True,25,linear_regression,lr,lr_calculation,1,1,True,0.6489841746708832,4.896324323013801
1,59,27,1,17,single_condition,logistic_regression,wine_quality,21,testing,17,logistic_regression,False,26,linear_regression,none,lr_calculation,0,0,True,0.5039505134331361,5.85164534683254
1,59,28,1,18,single_condition,logistic_regression,wine_quality,20,testing,18,logistic_regression,True,27,linear_regression,lr,lr_calculation,1,1,True,0.5800266858265242,4.92761865647931
1,59,29,1,19,single_condition,logistic_regression,wine_quality,27,testing,19,logistic_regression,False,28,linear_regression,none,lr_calculation,1,1,True,0.71115023915505,5.7592607638538915
1,59,30,1,20,single_condition,logistic_regression,wine_quality,24,testing,20,logistic_regression,False,29,linear_regression,none,lr_calculation,1,1,True,0.6489841746708832,5.896324323013801
0,60,1,1,1,single_condition,hybrid,wine_quality,0,training,1,decision_tree,,0,hybrid,dt,dt_traversal,1,0,False,0.1875,15.931322408342053
1,60,2,1,2,single_condition,hybrid,wine_quality,1,training,2,decision_tree,,1,hybrid,dt,dt_traversal,0,0,True,0.8125,15.931322408342053
0,60,3,1,3,single_condition,hybrid,wine_quality,2,training,3,logistic_regression,,2,hybrid,lr,dt_traversal,0,1,False,0.4375,9.112370570117665
1,60,4,1,4,single_condition,hybrid,wine_quality,9,training,4,decision_tree,,3,hybrid,dt,lr_heuristic,1,1,True,0.6700830741234807,3.3862850701716782
1,60,5,1,5,single_condition,hybrid,wine_quality,4,training,5,logistic_regression,,4,hybrid,lr,dt_traversal,0,0,True,0.625,8.018175569197863
0,60,6,1,6,single_condition,hybrid,wine_quality,3,training,6,decision_tree,,5,hybrid,dt,dt_traversal,1,0,False,0.125,23.086559089669713
1,60,7,1,7,single_condition,hybrid,wine_quality,6,training,7,logistic_regression,,6,hybrid,lr,dt_traversal,0,0,True,0.6875,10.209382052986015
1,60,8,1,8,single_condition,hybrid,wine_quality,5,training,8,logistic_regression,,7,hybrid,lr,dt_traversal,1,1,True,0.53125,12.014410760156888
1,60,9,1,9,single_condition,hybrid,wine_quality,8,training,9,decision_tree,,8,hybrid,dt,dt_traversal,1,1,True,0.8125,23.086559089669713
1,60,10,1,10,single_condition,hybrid,wine_quality,7,training,10,logistic_regression,,9,hybrid,lr,dt_traversal,1,1,True,0.6875,10.507887794420188
1,60,11,1,1,single_condition,hybrid,wine_quality,29,testing,1,logistic_regression,True,10,hybrid,lr,dt_traversal,0,0,True,0.625,9.362370570117667
1,60,12,1,2,single_condition,hybrid,wine_quality,24,testing,2,decision_tree,False,11,hybrid,none,dt_traversal,1,1,True,0.59375,8.609109087249317
1,60,13,1,3,single_condition,hybrid,wine_quality,17,testing,3,logistic_regression,True,12,hybrid,lr,dt_traversal,0,0,True,0.65625,9.754626311551839
1,60,14,1,4,single_condition,hybrid,wine_quality,27,testing,4,logistic_regression,False,13,hybrid,none,lr_calculation,1,1,True,0.608771737448349,5.843401415290515
0,60,15,1,5,single_condition,hybrid,wine_quality,23,testing,5,decision_tree,False,14,hybrid,none,lr_calculation,0,1,False,0.4840623959022077,5.826024799095931
1,60,16,1,6,single_condition,hybrid,wine_quality,14,testing,6,logistic_regression,False,15,hybrid,none,lr_calculation,0,0,True,0.5041370321799004,5.8546547410035075
0,60,17,1,7,single_condition,hybrid,wine_quality,15,testing,7,decision_tree,True,16,hybrid,dt,lr_heuristic,1,0,False,0.32530378195609,3.5046707410884284
1,60,18,1,8,single_condition,hybrid,wine_quality,10,testing,8,logistic_regression,True,17,hybrid,lr,lr_heuristic,1,1,True,0.7915791572280382,3.320825044590814
1,60,19,1,9,single_condition,hybrid,wine_quality,20,testing,9,decision_tree,True,18,hybrid,dt,lr_heuristic,1,1,True,0.6846123998771083,3.4549696403666594
0,60,20,1,10,single_condition,hybrid,wine_quality,13,testing,10,decision_tree,True,19,hybrid,dt,lr_heuristic,0,1,False,0.37508526569492995,3.476361916903182
1,60,21,1,11,single_condition,hybrid,wine_quality,22,testing,11,logistic_regression,False,20,hybrid,none,lr_calculation,1,1,True,0.7124344184519729,5.847119163413609
0,60,22,1,12,single_condition,hybrid,wine_quality,21,testing,12,decision_tree,True,21,hybrid,dt,lr_heuristic,0,1,False,0.36890085235373027,3.5342031601269666
1,60,23,1,13,single_condition,hybrid,wine_quality,19,testing,13,logistic_regression,False,22,hybrid,none,lr_heuristic,0,0,True,0.6633154741201472,3.5620477352660744
1,60,24,1,14,single_condition,hybrid,wine_quality,11,testing,14,decision_tree,False,23,hybrid,none,lr_calculation,1,1,True,0.5800266858265242,5.92761865647931
1,60,25,1,15,single_condition,hybrid,wine_quality,12,testing,15,decision_tree,False,24,hybrid,none,lr_calculation,1,1,True,0.6489841746708832,5.896324323013801
1,60,26,1,16,single_condition,hybrid,wine_quality,26,testing,16,logistic_regression,True,25,hybrid,lr,lr_heuristic,1,1,True,0.9760262745023236,4.60020962639802
1,60,27,1,17,single_condition,hybrid,wine_quality,18,testing,17,logistic_regression,True,26,hybrid,lr,lr_heuristic,1,1,True,0.8694294293096367,4.805695892134182
1,60,28,1,18,single_condition,hybrid,wine_quality,28,testing,18,logistic_regression,True,27,hybrid,lr,dt_traversal,1,1,True,0.625,6.556706769216462
1,60,29,1,19,single_condition,hybrid,wine_quality,16,testing,19,decision_tree,False,28,hybrid,none,lr_calculation,0,0,True,0.5468908590538295,5.928332272315675
1,60,30,1,20,single_condition,hybrid,wine_quality,25,testing,20,decision_tree,False,29,hybrid,none,lr_calculation,0,0,True,0.5881213812318065,5.874952744998525
1,61,1,1,1,single_condition,decision_tree,wine_quality,5,training,1,decision_tree,,0,decision_tree,dt,dt_traversal,1,1,True,0.875,15.931322408342053
0,61,2,1,2,single_condition,decision_tree,wine_quality,0,training,2,decision_tree,,1,decision_tree,dt,dt_traversal,1,0,False,0.1875,15.931322408342053
1,61,3,1,3,single_condition,decision_tree,wine_quality,4,training,3,decision_tree,,2,decision_tree,dt,dt_traversal,0,0,True,0.8125,12.552183725893588
0,61,4,1,4,single_condition,decision_tree,wine_quality,3,training,4,decision_tree,,3,decision_tree,dt,dt_traversal,1,0,False,0.25,15.931322408342053
1,61,5,1,5,single_condition,decision_tree,wine_quality,6,training,5,decision_tree,,4,decision_tree,dt,dt_traversal,0,0,True,0.9375,15.931322408342053
1,61,6,1,6,single_condition,decision_tree,wine_quality,1,training,6,decision_tree,,5,decision_tree,dt,dt_traversal,0,0,True,0.75,12.552183725893588
1,61,7,1,7,single_condition,decision_tree,wine_quality,9,training,7,decision_tree,,6,decision_tree,dt,dt_traversal,1,1,True,1.0,23.086559089669713
1,61,8,1,8,single_condition,decision_tree,wine_quality,8,training,8,decision_tree,,7,decision_tree,dt,dt_traversal,1,1,True,0.8125,23.086559089669713
1,61,9,1,9,single_condition,decision_tree,wine_quality,7,training,9,decision_tree,,8,decision_tree,dt,dt_traversal,1,1,True,1.0,23.086559089669713
1,61,10,1,10,single_condition,decision_tree,wine_quality,2,training,10,decision_tree,,9,decision_tree,dt,dt_traversal,0,0,True,0.9375,23.086559089669713
1,61,11,1,1,single_condition,decision_tree,wine_quality,13,testing,1,decision_tree,True,10,decision_tree,dt,dt_traversal,0,0,True,1.0,23.086559089669713
1,61,12,1,2,single_condition,decision_tree,wine_quality,19,testing,2,decision_tree,False,11,decision_tree,none,dt_traversal,0,0,True,0.53125,3.134784448605047
0,61,13,1,3,single_condition,decision_tree,wine_quality,26,testing,3,decision_tree,False,12,decision_tree,none,dt_traversal,1,0,False,0.375,5.93248083074634
1,61,14,1,4,single_condition,decision_tree,wine_quality,25,testing,4,decision_tree,False,13,decision_tree,none,dt_traversal,0,0,True,0.65625,7.432341862946794
1,61,15,1,5,single_condition,decision_tree,wine_quality,18,testing,5,decision_tree,True,14,decision_tree,dt,dt_traversal,1,1,True,0.75,12.552183725893588
0,61,16,1,6,single_condition,decision_tree,wine_quality,20,testing,6,decision_tree,False,15,decision_tree,none,dt_traversal,1,0,False,0.5,7.301034448605048
0,61,17,1,7,single_condition,decision_tree,wine_quality,21,testing,7,decision_tree,False,16,decision_tree,none,dt_traversal,0,1,False,0.40625,6.9022428615112785
1,61,18,1,8,single_condition,decision_tree,wine_quality,14,testing,8,decision_tree,False,17,decision_tree,none,dt_traversal,0,0,True,0.59375,6.359901507667987
0,61,19,1,9,single_condition,decision_tree,wine_quality,22,testing,9,decision_tree,True,18,decision_tree,dt,dt_traversal,1,0,False,0.0625,12.552183725893588
1,61,20,1,10,single_condition,decision_tree,wine_quality,27,testing,10,decision_tree,True,19,decision_tree,dt,dt_traversal,1,1,True,0.875,15.931322408342053
1,61,21,1,11,single_condition,decision_tree,wine_quality,24,testing,11,decision_tree,False,20,decision_tree,none,dt_traversal,1,1,True,0.625,7.824597604380967
1,61,22,1,12,single_condition,decision_tree,wine_quality,10,testing,12,decision_tree,True,21,decision_tree,dt,dt_traversal,1,1,True,0.8125,23.086559089669713
1,61,23,1,13,single_condition,decision_tree,wine_quality,29,testing,13,decision_tree,True,22,decision_tree,dt,dt_traversal,0,0,True,0.875,12.552183725893588
1,61,24,1,14,single_condition,decision_tree,wine_quality,23,testing,14,decision_tree,True,23,decision_tree,dt,dt_traversal,0,0,True,0.9375,23.086559089669713
1,61,25,1,15,single_condition,decision_tree,wine_quality,16,testing,15,decision_tree,True,24,decision_tree,dt,dt_traversal,0,0,True,0.9375,23.086559089669713
1,61,26,1,16,single_condition,decision_tree,wine_quality,15,testing,16,decision_tree,True,25,decision_tree,dt,dt_traversal,1,1,True,0.9375,23.086559089669713
0,61,27,1,17,single_condition,decision_tree,wine_quality,11,testing,17,decision_tree,True,26,decision_tree,dt,dt_traversal,1,0,False,0.4375,27.695984516387043
1,61,28,1,18,single_condition,decision_tree,wine_quality,17,testing,18,decision_tree,False,27,decision_tree,none,dt_traversal,0,0,True,0.53125,4.149206769216462
0,61,29,1,19,single_condition,decision_tree,wine_quality,28,testing,19,decision_tree,False,28,decision_tree,none,dt_traversal,1,0,False,0.40625,4.149206769216462
1,61,30,1,20,single_condition,decision_tree,wine_quality,12,testing,20,decision_tree,False,29,decision_tree,none,dt_traversal,1,1,True,0.53125,4.274206769216462
1,62,1,1,1,single_condition,logistic_regression,wine_quality,0,training,1,logistic_regression,,0,linear_regression,lr,lr_heuristic,1,1,True,0.6828445817488318,4.696648058745833
1,62,2,1,2,single_condition,logistic_regression,wine_quality,3,training,2,logistic_regression,,1,linear_regression,lr,lr_heuristic,1,1,True,0.8863508766661754,4.631362898374867
1,62,3,1,3,single_condition,logistic_regression,wine_quality,9,training,3,logistic_regression,,2,linear_regression,lr,lr_heuristic,1,1,True,0.8970432975811388,3.1831922236867216
0,62,4,1,4,single_condition,logistic_regression,wine_quality,6,training,4,logistic_regression,,3,linear_regression,lr,lr_heuristic,0,1,False,0.13213239040824853,3.092063797823849
1,62,5,1,5,single_condition,logistic_regression,wine_quality,8,training,5,logistic_regression,,4,linear_regression,lr,lr_heuristic,1,1,True,0.8131664570299152,4.67023520773137
0,62,6,1,6,single_condition,logistic_regression,wine_quality,2,training,6,logistic_regression,,5,linear_regression,lr,lr_heuristic,0,1,False,0.3770406567261717,3.090206487969569
0,62,7,1,7,single_condition,logistic_regression,wine_quality,5,training,7,logistic_regression,,6,linear_regression,lr,lr_heuristic,1,0,False,0.3813873192172249,3.383963072076634
1,62,8,1,8,single_condition,logistic_regression,wine_quality,1,training,8,logistic_regression,,7,linear_regression,lr,lr_heuristic,0,0,True,0.5245000867242124,3.226070966022911
1,62,9,1,9,single_condition,logistic_regression,wine_quality,7,training,9,logistic_regression,,8,linear_regression,lr,lr_heuristic,1,1,True,0.8747574586727466,3.305541914935823
1,62,10,1,10,single_condition,logistic_regression,wine_quality,4,training,10,logistic_regression,,9,linear_regression,lr,lr_heuristic,0,0,True,0.6628203218650361,3.2430552729184003
0,62,11,1,1,single_condition,logistic_regression,wine_quality,14,testing,1,logistic_regression,False,10,linear_regression,none,lr_heuristic,0,1,False,0.3326204546917807,3.240718961073661
1,62,12,1,2,single_condition,logistic_regression,wine_quality,21,testing,2,logistic_regression,True,11,linear_regression,lr,lr_heuristic,0,0,True,0.6428396860041207,4.9852628412381454
1,62,13,1,3,single_condition,logistic_regression,wine_quality,10,testing,3,logistic_regression,True,12,linear_regression,lr,lr_heuristic,1,1,True,0.6551621742235505,3.390844007223385
0,62,14,1,4,single_condition,logistic_regression,wine_quality,29,testing,4,logistic_regression,True,13,linear_regression,lr,lr_heuristic,0,1,False,0.43349557757581625,3.499220651318339
0,62,15,1,5,single_condition,logistic_regression,wine_quality,17,testing,5,logistic_regression,False,14,linear_regression,none,lr_calculation,0,1,False,0.47006415700530213,5.705107279146767
0,62,16,1,6,single_condition,logistic_regression,wine_quality,13,testing,6,logistic_regression,False,15,linear_regression,none,lr_calculation,0,1,False,0.4597611468821303,5.902811201385669
1,62,17,1,7,single_condition,logistic_regression,wine_quality,25,testing,7,logistic_regression,False,16,linear_regression,none,lr_calculation,0,0,True,0.5516807457213491,5.930272863715876
1,62,18,1,8,single_condition,logistic_regression,wine_quality,12,testing,8,logistic_regression,True,17,linear_regression,lr,lr_calculation,1,1,True,0.6489841746708832,4.896324323013801
1,62,19,1,9,single_condition,logistic_regression,wine_quality,20,testing,9,logistic_regression,True,18,linear_regression,lr,lr_calculation,1,1,True,0.5800266858265242,4.92761865647931
1,62,20,1,10,single_condition,logistic_regression,wine_quality,24,testing,10,logistic_regression,True,19,linear_regression,lr,lr_calculation,1,1,True,0.6489841746708832,4.896324323013801
1,62,21,1,11,single_condition,logistic_regression,wine_quality,11,testing,11,logistic_regression,True,20,linear_regression,lr,lr_calculation,1,1,True,0.5800266858265242,4.92761865647931
1,62,22,1,12,single_condition,logistic_regression,wine_quality,26,testing,12,logistic_regression,False,21,linear_regression,none,lr_calculation,1,1,True,0.6404821233089841,5.899033920717807
1,62,23,1,13,single_condition,logistic_regression,wine_quality,18,testing,13,logistic_regression,True,22,linear_regression,lr,lr_calculation,1,1,True,0.6489841746708832,4.896324323013801
1,62,24,1,14,single_condition,logistic_regression,wine_quality,27,testing,14,logistic_regression,True,23,linear_regression,lr,lr_calculation,1,1,True,0.6489841746708832,4.896324323013801
1,62,25,1,15,single_condition,logistic_regression,wine_quality,23,testing,15,logistic_regression,False,24,linear_regression,none,lr_calculation,0,0,True,0.5221891054497896,5.9051241089316475
1,62,26,1,16,single_condition,logistic_regression,wine_quality,22,testing,16,logistic_regression,True,25,linear_regression,lr,lr_calculation,1,1,True,0.7064041775514738,4.854112086594203
1,62,27,1,17,single_condition,logistic_regression,wine_quality,15,testing,17,logistic_regression,False,26,linear_regression,none,lr_calculation,1,1,True,0.5129002610953658,5.93463200541354
1,62,28,1,18,single_condition,logistic_regression,wine_quality,16,testing,18,logistic_regression,False,27,linear_regression,none,lr_calculation,0,0,True,0.5347458215147222,5.847340187524387
1,62,29,1,19,single_condition,logistic_regression,wine_quality,28,testing,19,logistic_regression,False,28,linear_regression,none,lr_calculation,1,1,True,0.71115023915505,5.7592607638538915
1,62,30,1,20,single_condition,logistic_regression,wine_quality,19,testing,20,logistic_regression,False,29,linear_regression,none,lr_calculation,0,0,True,0.5,5.9399999999999995
1,63,1,1,1,single_condition,hybrid,wine_quality,4,training,1,decision_tree,,0,hybrid,dt,dt_traversal,0,0,True,0.8125,15.931322408342053
0,63,2,1,2,single_condition,hybrid,wine_quality,0,training,2,logistic_regression,,1,hybrid,lr,dt_traversal,1,0,False,0.46875,9.990632052986015
1,63,3,1,3,single_condition,hybrid,wine_quality,7,training,3,decision_tree,,2,hybrid,dt,dt_traversal,1,1,True,0.625,12.552183725893588
1,63,4,1,4,single_condition,hybrid,wine_quality,5,training,4,logistic_regression,,3,hybrid,lr,dt_traversal,1,1,True,0.8125,13.975449456777918
0,63,5,1,5,single_condition,hybrid,wine_quality,3,training,5,logistic_regression,,4,hybrid,lr,dt_traversal,1,0,False,0.375,8.654266923041156
1,63,6,1,6,single_condition,hybrid,wine_quality,6,training,6,decision_tree,,5,hybrid,dt,dt_traversal,0,0,True,0.9375,15.931322408342053
1,63,7,1,7,single_condition,hybrid,wine_quality,9,training,7,logistic_regression,,6,hybrid,lr,dt_traversal,1,1,True,0.6875,10.837643535854365
1,63,8,1,8,single_condition,hybrid,wine_quality,2,training,8,decision_tree,,7,hybrid,dt,dt_traversal,0,0,True,0.9375,23.086559089669713
1,63,9,1,9,single_condition,hybrid,wine_quality,1,training,9,decision_tree,,8,hybrid,dt,dt_traversal,0,0,True,0.6875,23.086559089669713
1,63,10,1,10,single_condition,hybrid,wine_quality,8,training,10,logistic_regression,,9,hybrid,lr,dt_traversal,1,1,True,0.6875,11.684655018722713
1,63,11,1,1,single_condition,hybrid,wine_quality,10,testing,1,logistic_regression,True,10,hybrid,lr,dt_traversal,1,1,True,0.53125,10.146882052986014
0,63,12,1,2,single_condition,hybrid,wine_quality,11,testing,2,logistic_regression,False,11,hybrid,none,dt_traversal,1,0,False,0.40625,9.569841862946793
1,63,13,1,3,single_condition,hybrid,wine_quality,16,testing,3,decision_tree,True,12,hybrid,dt,dt_traversal,0,0,True,0.75,12.552183725893588
0,63,14,1,4,single_condition,hybrid,wine_quality,21,testing,4,decision_tree,False,13,hybrid,none,lr_calculation,0,1,False,0.464061804026938,5.878755047085764
1,63,15,1,5,single_condition,hybrid,wine_quality,18,testing,5,logistic_regression,True,14,hybrid,lr,lr_calculation,1,1,True,0.6489841746708832,4.896324323013801
0,63,16,1,6,single_condition,hybrid,wine_quality,14,testing,6,decision_tree,False,15,hybrid,none,lr_calculation,0,1,False,0.4726777374757235,5.798541879839104
1,63,17,1,7,single_condition,hybrid,wine_quality,24,testing,7,decision_tree,False,16,hybrid,none,lr_calculation,1,1,True,0.6681324953829701,5.862566134561652
1,63,18,1,8,single_condition,hybrid,wine_quality,23,testing,8,logistic_regression,True,17,hybrid,lr,lr_calculation,0,0,True,0.5522695261258133,4.934738986343357
1,63,19,1,9,single_condition,hybrid,wine_quality,20,testing,9,logistic_regression,True,18,hybrid,lr,lr_calculation,1,1,True,0.5800266858265242,4.92761865647931
1,63,20,1,10,single_condition,hybrid,wine_quality,17,testing,10,decision_tree,False,19,hybrid,none,lr_calculation,0,0,True,0.5085269865019568,5.9398603869335425
1,63,21,1,11,single_condition,hybrid,wine_quality,12,testing,11,logistic_regression,True,20,hybrid,lr,lr_calculation,1,1,True,0.6489841746708832,4.896324323013801
0,63,22,1,12,single_condition,hybrid,wine_quality,29,testing,12,logistic_regression,False,21,hybrid,none,lr_calculation,0,1,False,0.4220780566710509,5.812859305009589
1,63,23,1,13,single_condition,hybrid,wine_quality,28,testing,13,decision_tree,False,22,hybrid,none,lr_calculation,1,1,True,0.6489841746708832,5.896324323013801
1,63,24,1,14,single_condition,hybrid,wine_quality,25,testing,14,logistic_regression,True,23,hybrid,lr,lr_calculation,0,0,True,0.5522695261258133,4.934738986343357
1,63,25,1,15,single_condition,hybrid,wine_quality,15,testing,15,decision_tree,True,24,hybrid,dt,lr_heuristic,1,1,True,0.5997776020401058,5.101778368977767
1,63,26,1,16,single_condition,hybrid,wine_quality,27,testing,16,logistic_regression,False,25,hybrid,none,lr_heuristic,1,1,True,0.6521685673431268,4.996399925927548
0,63,27,1,17,single_condition,hybrid,wine_quality,13,testing,17,decision_tree,True,26,hybrid,dt,lr_heuristic,0,1,False,0.27677988935226727,4.881716109586752
1,63,28,1,18,single_condition,hybrid,wine_quality,19,testing,18,logistic_regression,False,27,hybrid,none,lr_calculation,0,0,True,0.5,5.9399999999999995
1,63,29,1,19,single_condition,hybrid,wine_quality,26,testing,19,decision_tree,True,28,hybrid,dt,lr_heuristic,1,1,True,0.6135369905022374,3.5834400185449438
1,63,30,1,20,single_condition,hybrid,wine_quality,22,testing,20,decision_tree,False,29,hybrid,none,lr_heuristic,1,1,True,0.787240069472907,3.548899920581172
1,64,1,1,1,single_condition,decision_tree,wine_quality,9,training,1,decision_tree,,0,decision_tree,dt,dt_traversal,1,1,True,0.8125,15.931322408342053
0,64,2,1,2,single_condition,decision_tree,wine_quality,7,training,2,decision_tree,,1,decision_tree,dt,dt_traversal,1,0,False,0.5,15.931322408342053
0,64,3,1,3,single_condition,decision_tree,wine_quality,0,training,3,decision_tree,,2,decision_tree,dt,dt_traversal,1,0,False,0.1875,12.552183725893588
1,64,4,1,4,single_condition,decision_tree,wine_quality,5,training,4,decision_tree,,3,decision_tree,dt,dt_traversal,1,1,True,0.9375,15.931322408342053
0,64,5,1,5,single_condition,decision_tree,wine_quality,3,training,5,decision_tree,,4,decision_tree,dt,dt_traversal,1,0,False,0.0625,15.931322408342053
1,64,6,1,6,single_condition,decision_tree,wine_quality,4,training,6,decision_tree,,5,decision_tree,dt,dt_traversal,0,0,True,0.75,12.552183725893588
1,64,7,1,7,single_condition,decision_tree,wine_quality,2,training,7,decision_tree,,6,decision_tree,dt,dt_traversal,0,0,True,0.5625,12.552183725893588
1,64,8,1,8,single_condition,decision_tree,wine_quality,8,training,8,decision_tree,,7,decision_tree,dt,dt_traversal,1,1,True,0.8125,23.086559089669713
1,64,9,1,9,single_condition,decision_tree,wine_quality,6,training,9,decision_tree,,8,decision_tree,dt,dt_traversal,0,0,True,0.8125,12.552183725893588
1,64,10,1,10,single_condition,decision_tree,wine_quality,1,training,10,decision_tree,,9,decision_tree,dt,dt_traversal,0,0,True,0.9375,23.086559089669713
0,64,11,1,1,single_condition,decision_tree,wine_quality,15,testing,1,decision_tree,False,10,decision_tree,none,dt_traversal,1,0,False,0.5,3.9795401900392218
1,64,12,1,2,single_condition,decision_tree,wine_quality,19,testing,2,decision_tree,False,11,decision_tree,none,dt_traversal,0,0,True,0.5625,6.255574638644271
0,64,13,1,3,single_condition,decision_tree,wine_quality,11,testing,3,decision_tree,False,12,decision_tree,none,dt_traversal,1,0,False,0.375,9.054841862946793
1,64,14,1,4,single_condition,decision_tree,wine_quality,20,testing,4,decision_tree,False,13,decision_tree,none,dt_traversal,1,1,True,0.5625,8.538045931473397
1,64,15,1,5,single_condition,decision_tree,wine_quality,21,testing,5,decision_tree,False,14,decision_tree,none,dt_traversal,0,0,True,0.5625,8.341853345815146
1,64,16,1,6,single_condition,decision_tree,wine_quality,29,testing,6,decision_tree,False,15,decision_tree,none,dt_traversal,0,0,True,0.59375,9.331120570117665
1,64,17,1,7,single_condition,decision_tree,wine_quality,14,testing,7,decision_tree,True,16,decision_tree,dt,dt_traversal,0,0,True,0.875,12.552183725893588
1,64,18,1,8,single_condition,decision_tree,wine_quality,23,testing,8,decision_tree,True,17,decision_tree,dt,dt_traversal,0,0,True,0.8125,23.086559089669713
1,64,19,1,9,single_condition,decision_tree,wine_quality,27,testing,9,decision_tree,True,18,decision_tree,dt,dt_traversal,1,1,True,0.9375,23.086559089669713
0,64,20,1,10,single_condition,decision_tree,wine_quality,28,testing,10,decision_tree,False,19,decision_tree,none,dt_traversal,1,0,False,0.4375,5.774048123059755
1,64,21,1,11,single_condition,decision_tree,wine_quality,18,testing,11,decision_tree,True,20,decision_tree,dt,dt_traversal,1,1,True,0.875,15.931322408342053
1,64,22,1,12,single_condition,decision_tree,wine_quality,26,testing,12,decision_tree,True,21,decision_tree,dt,dt_traversal,1,1,True,0.625,12.552183725893588
1,64,23,1,13,single_condition,decision_tree,wine_quality,17,testing,13,decision_tree,True,22,decision_tree,dt,dt_traversal,0,0,True,0.9375,23.086559089669713
0,64,24,1,14,single_condition,decision_tree,wine_quality,10,testing,14,decision_tree,False,23,decision_tree,none,dt_traversal,1,0,False,0.40625,5.692560153824694
0,64,25,1,15,single_condition,decision_tree,wine_quality,22,testing,15,decision_tree,True,24,decision_tree,dt,dt_traversal,1,0,False,0.0625,15.931322408342053
1,64,26,1,16,single_condition,decision_tree,wine_quality,24,testing,16,decision_tree,False,25,decision_tree,none,dt_traversal,1,1,True,0.59375,4.326627446138108
1,64,27,1,17,single_condition,decision_tree,wine_quality,12,testing,17,decision_tree,True,26,decision_tree,dt,dt_traversal,1,1,True,0.875,12.552183725893588
1,64,28,1,18,single_condition,decision_tree,wine_quality,25,testing,18,decision_tree,True,27,decision_tree,dt,dt_traversal,0,0,True,1.0,23.086559089669713
1,64,29,1,19,single_condition,decision_tree,wine_quality,16,testing,19,decision_tree,True,28,decision_tree,dt,dt_traversal,0,0,True,0.9375,23.086559089669713
1,64,30,1,20,single_condition,decision_tree,wine_quality,13,testing,20,decision_tree,False,29,decision_tree,none,dt_traversal,0,0,True,0.5625,5.094048123059753
0,65,1,1,1,single_condition,logistic_regression,wine_quality,2,training,1,logistic_regression,,0,linear_regression,lr,lr_heuristic,0,1,False,0.40108430263979833,4.791584578131563
1,65,2,1,2,single_condition,logistic_regression,wine_quality,1,training,2,logistic_regression,,1,linear_regression,lr,lr_heuristic,0,0,True,0.5216706109077746,3.2218932233268784
0,65,3,1,3,single_condition,logistic_regression,wine_quality,7,training,3,logistic_regression,,2,linear_regression,lr,lr_heuristic,1,0,False,0.49982840231863934,3.456349426397681
1,65,4,1,4,single_condition,logistic_regression,wine_quality,5,training,4,logistic_regression,,3,linear_regression,lr,lr_heuristic,1,1,True,0.7673995511017522,3.4988922375076035
0,65,5,1,5,single_condition,logistic_regression,wine_quality,3,training,5,logistic_regression,,4,linear_regression,lr,lr_heuristic,1,0,False,0.3155609678764591,1.5902064076407312
1,65,6,1,6,single_condition,logistic_regression,wine_quality,4,training,6,logistic_regression,,5,linear_regression,lr,lr_heuristic,0,0,True,0.5971604904785356,3.2096310103815533
1,65,7,1,7,single_condition,logistic_regression,wine_quality,8,training,7,logistic_regression,,6,linear_regression,lr,lr_heuristic,1,1,True,0.9372065950444032,3.2085831075618976
1,65,8,1,8,single_condition,logistic_regression,wine_quality,0,training,8,logistic_regression,,7,linear_regression,lr,lr_heuristic,1,1,True,0.7126443901556232,3.3524008699340815
1,65,9,1,9,single_condition,logistic_regression,wine_quality,9,training,9,logistic_regression,,8,linear_regression,lr,lr_heuristic,1,1,True,0.6392980683683529,3.3798255923028577
0,65,10,1,10,single_condition,logistic_regression,wine_quality,6,training,10,logistic_regression,,9,linear_regression,lr,lr_heuristic,0,1,False,0.12595020165832582,3.206585251601212
0,65,11,1,1,single_condition,logistic_regression,wine_quality,19,testing,1,logistic_regression,False,10,linear_regression,none,lr_heuristic,0,1,False,0.4120205825389285,3.425308788288923
1,65,12,1,2,single_condition,logistic_regression,wine_quality,10,testing,2,logistic_regression,False,11,linear_regression,none,lr_calculation,1,1,True,0.6218591014754351,5.798268994716019
1,65,13,1,3,single_condition,logistic_regression,wine_quality,17,testing,3,logistic_regression,False,12,linear_regression,none,lr_calculation,0,0,True,0.5214776121689795,5.882673369670893
0,65,14,1,4,single_condition,logistic_regression,wine_quality,29,testing,4,logistic_regression,True,13,linear_regression,lr,lr_heuristic,0,1,False,0.4097068650857101,3.5804926994749353
1,65,15,1,5,single_condition,logistic_regression,wine_quality,16,testing,5,logistic_regression,True,14,linear_regression,lr,lr_heuristic,0,0,True,0.7285258694446543,3.2192541042528826
1,65,16,1,6,single_condition,logistic_regression,wine_quality,13,testing,6,logistic_regression,True,15,linear_regression,lr,lr_calculation,0,0,True,0.5,4.9399999999999995
0,65,17,1,7,single_condition,logistic_regression,wine_quality,14,testing,7,logistic_regression,False,16,linear_regression,none,lr_calculation,0,1,False,0.4816058221556483,5.866255353742829
1,65,18,1,8,single_condition,logistic_regression,wine_quality,25,testing,8,logistic_regression,False,17,linear_regression,none,lr_heuristic,0,0,True,0.7187899120944674,3.290991371717844
0,65,19,1,9,single_condition,logistic_regression,wine_quality,27,testing,9,logistic_regression,True,18,linear_regression,lr,lr_heuristic,1,0,False,0.3921647941618864,3.5919842354324842
0,65,20,1,10,single_condition,logistic_regression,wine_quality,15,testing,10,logistic_regression,False,19,linear_regression,none,lr_calculation,1,0,False,0.4690750280394337,5.883904595106996
1,65,21,1,11,single_condition,logistic_regression,wine_quality,12,testing,11,logistic_regression,False,20,linear_regression,none,lr_calculation,1,1,True,0.6704125030553236,5.845941860010729
1,65,22,1,12,single_condition,logistic_regression,wine_quality,18,testing,12,logistic_regression,True,21,linear_regression,lr,lr_heuristic,1,1,True,0.8214545579857864,3.348972332010634
1,65,23,1,13,single_condition,logistic_regression,wine_quality,23,testing,13,logistic_regression,False,22,linear_regression,none,lr_heuristic,0,0,True,0.8504518099283805,3.324454704544435
1,65,24,1,14,single_condition,logistic_regression,wine_quality,20,testing,14,logistic_regression,False,23,linear_regression,none,lr_calculation,1,1,True,0.6546658950155149,5.7865585243625555
1,65,25,1,15,single_condition,logistic_regression,wine_quality,11,testing,15,logistic_regression,True,24,linear_regression,lr,lr_calculation,1,1,True,0.5800266858265242,4.92761865647931
1,65,26,1,16,single_condition,logistic_regression,wine_quality,26,testing,16,logistic_regression,False,25,linear_regression,none,lr_heuristic,1,1,True,0.9203438931669298,3.357019161810234
1,65,27,1,17,single_condition,logistic_regression,wine_quality,28,testing,17,logistic_regression,True,26,linear_regression,lr,lr_heuristic,1,1,True,0.8600470517412585,3.306956036338034
1,65,28,1,18,single_condition,logistic_regression,wine_quality,24,testing,18,logistic_regression,True,27,linear_regression,lr,lr_calculation,1,1,True,0.6489841746708832,4.896324323013801
1,65,29,1,19,single_condition,logistic_regression,wine_quality,22,testing,19,logistic_regression,True,28,linear_regression,lr,lr_calculation,1,1,True,0.7064041775514738,4.854112086594203
1,65,30,1,20,single_condition,logistic_regression,wine_quality,21,testing,20,logistic_regression,True,29,linear_regression,lr,lr_heuristic,0,0,True,0.5828647772850839,7.681447972163377
1,66,1,1,1,single_condition,hybrid,wine_quality,2,training,1,decision_tree,,0,hybrid,dt,dt_traversal,0,0,True,0.8125,15.931322408342053
0,66,2,1,2,single_condition,hybrid,wine_quality,0,training,2,logistic_regression,,1,hybrid,lr,dt_traversal,1,0,False,0.46875,9.990632052986015
0,66,3,1,3,single_condition,hybrid,wine_quality,3,training,3,decision_tree,,2,hybrid,dt,dt_traversal,1,0,False,0.3125,12.552183725893588
1,66,4,1,4,single_condition,hybrid,wine_quality,1,training,4,logistic_regression,,3,hybrid,lr,dt_traversal,0,0,True,0.59375,15.002407107299296
1,66,5,1,5,single_condition,hybrid,wine_quality,7,training,5,decision_tree,,4,hybrid,dt,dt_traversal,1,1,True,0.75,15.931322408342053
1,66,6,1,6,single_condition,hybrid,wine_quality,5,training,6,logistic_regression,,5,hybrid,lr,dt_traversal,1,1,True,0.59375,9.692126311551842
1,66,7,1,7,single_condition,hybrid,wine_quality,9,training,7,logistic_regression,,6,hybrid,lr,dt_traversal,1,1,True,0.59375,11.198649277288538
0,66,8,1,8,single_condition,hybrid,wine_quality,8,training,8,decision_tree,,7,hybrid,dt,dt_traversal,1,0,False,0.5,15.931322408342053
1,66,9,1,9,single_condition,hybrid,wine_quality,6,training,9,decision_tree,,8,hybrid,dt,dt_traversal,0,0,True,0.6875,12.552183725893588
0,66,10,1,10,single_condition,hybrid,wine_quality,4,training,10,logistic_regression,,9,hybrid,lr,dt_traversal,0,1,False,0.46875,8.97011482868349
0,66,11,1,1,single_condition,hybrid,wine_quality,15,testing,1,decision_tree,False,10,hybrid,none,dt_traversal,1,0,False,0.46875,9.754626311551842
1,66,12,1,2,single_condition,hybrid,wine_quality,25,testing,2,decision_tree,False,11,hybrid,none,lr_calculation,0,0,True,0.5799362809011064,5.878808178527693
0,66,13,1,3,single_condition,hybrid,wine_quality,21,testing,3,decision_tree,False,12,hybrid,none,lr_calculation,0,1,False,0.44579491584036735,5.830644058775702
1,66,14,1,4,single_condition,hybrid,wine_quality,14,testing,4,logistic_regression,False,13,hybrid,none,lr_calculation,0,0,True,0.5354098081373131,5.9077582079969435
1,66,15,1,5,single_condition,hybrid,wine_quality,24,testing,5,logistic_regression,False,14,hybrid,none,lr_calculation,1,1,True,0.6489841746708832,5.896324323013801
1,66,16,1,6,single_condition,hybrid,wine_quality,26,testing,6,decision_tree,False,15,hybrid,none,lr_calculation,1,1,True,0.6404821233089841,5.899033920717807
1,66,17,1,7,single_condition,hybrid,wine_quality,18,testing,7,decision_tree,True,16,hybrid,dt,lr_heuristic,1,1,True,0.8795744957681768,3.2908299731839614
1,66,18,1,8,single_condition,hybrid,wine_quality,20,testing,8,logistic_regression,True,17,hybrid,lr,lr_heuristic,1,1,True,0.6387355037078348,3.435992962335684
0,66,19,1,9,single_condition,hybrid,wine_quality,13,testing,9,decision_tree,True,18,hybrid,dt,lr_heuristic,0,1,False,0.3201218567327472,3.3435228306569087
1,66,20,1,10,single_condition,hybrid,wine_quality,22,testing,10,logistic_regression,True,19,hybrid,lr,lr_heuristic,1,1,True,0.8661219466044126,4.783727327709634
1,66,21,1,11,single_condition,hybrid,wine_quality,23,testing,11,decision_tree,True,20,hybrid,dt,lr_heuristic,0,0,True,0.7331802858183052,3.3556282400514665
1,66,22,1,12,single_condition,hybrid,wine_quality,27,testing,12,logistic_regression,False,21,hybrid,none,lr_heuristic,1,1,True,0.7255859635415427,3.6164435596487414
1,66,23,1,13,single_condition,hybrid,wine_quality,28,testing,13,decision_tree,True,22,hybrid,dt,lr_heuristic,1,1,True,0.8145588428786187,3.3908436785855782
0,66,24,1,14,single_condition,hybrid,wine_quality,19,testing,14,logistic_regression,True,23,hybrid,lr,lr_heuristic,0,1,False,0.3526775077873361,6.870173835406706
1,66,25,1,15,single_condition,hybrid,wine_quality,11,testing,15,logistic_regression,True,24,hybrid,lr,lr_heuristic,1,1,True,0.9756362742707819,4.660730938096828
1,66,26,1,16,single_condition,hybrid,wine_quality,12,testing,16,decision_tree,False,25,hybrid,none,lr_heuristic,1,1,True,0.854067367776717,3.302614002384791
1,66,27,1,17,single_condition,hybrid,wine_quality,16,testing,17,logistic_regression,False,26,hybrid,none,lr_heuristic,0,0,True,0.6051364181522991,3.327417967868726
0,66,28,1,18,single_condition,hybrid,wine_quality,17,testing,18,logistic_regression,True,27,hybrid,lr,lr_heuristic,0,1,False,0.36908807604329374,4.942867313450894
1,66,29,1,19,single_condition,hybrid,wine_quality,10,testing,19,decision_tree,False,28,hybrid,none,lr_heuristic,1,1,True,0.6943409109955703,3.602145456681968
0,66,30,1,20,single_condition,hybrid,wine_quality,29,testing,20,logistic_regression,True,29,hybrid,lr,lr_heuristic,0,1,False,0.3549318853580451,3.4231019482180396
1,67,1,1,1,single_condition,decision_tree,wine_quality,1,training,1,decision_tree,,0,decision_tree,dt,dt_traversal,0,0,True,0.8125,15.931322408342053
1,67,2,1,2,single_condition,decision_tree,wine_quality,8,training,2,decision_tree,,1,decision_tree,dt,dt_traversal,1,1,True,0.75,15.931322408342053
1,67,3,1,3,single_condition,decision_tree,wine_quality,9,training,3,decision_tree,,2,decision_tree,dt,dt_traversal,1,1,True,0.625,12.552183725893588
1,67,4,1,4,single_condition,decision_tree,wine_quality,5,training,4,decision_tree,,3,decision_tree,dt,dt_traversal,1,1,True,0.9375,15.931322408342053
1,67,5,1,5,single_condition,decision_tree,wine_quality,2,training,5,decision_tree,,4,decision_tree,dt,dt_traversal,0,0,True,0.9375,15.931322408342053
0,67,6,1,6,single_condition,decision_tree,wine_quality,3,training,6,decision_tree,,5,decision_tree,dt,dt_traversal,1,0,False,0.125,23.086559089669713
0,67,7,1,7,single_condition,decision_tree,wine_quality,0,training,7,decision_tree,,6,decision_tree,dt,dt_traversal,1,0,False,0.3125,15.931322408342053
0,67,8,1,8,single_condition,decision_tree,wine_quality,7,training,8,decision_tree,,7,decision_tree,dt,dt_traversal,1,0,False,0.4375,12.552183725893588
1,67,9,1,9,single_condition,decision_tree,wine_quality,6,training,9,decision_tree,,8,decision_tree,dt,dt_traversal,0,0,True,0.8125,12.552183725893588
1,67,10,1,10,single_condition,decision_tree,wine_quality,4,training,10,decision_tree,,9,decision_tree,dt,dt_traversal,0,0,True,0.75,12.552183725893588
1,67,11,1,1,single_condition,decision_tree,wine_quality,24,testing,1,decision_tree,True,10,decision_tree,dt,dt_traversal,1,1,True,1.0,23.086559089669713
1,67,12,1,2,single_condition,decision_tree,wine_quality,23,testing,2,decision_tree,False,11,decision_tree,none,dt_traversal,0,0,True,0.53125,3.134784448605047
0,67,13,1,3,single_condition,decision_tree,wine_quality,10,testing,3,decision_tree,False,12,decision_tree,none,dt_traversal,1,0,False,0.375,5.90123083074634
1,67,14,1,4,single_condition,decision_tree,wine_quality,19,testing,4,decision_tree,True,13,decision_tree,dt,dt_traversal,0,0,True,0.9375,15.931322408342053
1,67,15,1,5,single_condition,decision_tree,wine_quality,17,testing,5,decision_tree,False,14,decision_tree,none,dt_traversal,0,0,True,0.53125,7.762097604380967
1,67,16,1,6,single_condition,decision_tree,wine_quality,29,testing,6,decision_tree,True,15,decision_tree,dt,dt_traversal,0,0,True,0.9375,23.086559089669713
1,67,17,1,7,single_condition,decision_tree,wine_quality,13,testing,7,decision_tree,False,16,decision_tree,none,dt_traversal,0,0,True,0.5625,5.832068897210096
1,67,18,1,8,single_condition,decision_tree,wine_quality,14,testing,8,decision_tree,False,17,decision_tree,none,dt_traversal,0,0,True,0.53125,9.095114828683492
1,67,19,1,9,single_condition,decision_tree,wine_quality,12,testing,9,decision_tree,True,18,decision_tree,dt,dt_traversal,1,1,True,0.5625,15.931322408342053
0,67,20,1,10,single_condition,decision_tree,wine_quality,20,testing,10,decision_tree,False,19,decision_tree,none,dt_traversal,1,0,False,0.4375,9.260057414341743
1,67,21,1,11,single_condition,decision_tree,wine_quality,16,testing,11,decision_tree,True,20,decision_tree,dt,dt_traversal,0,0,True,0.875,19.504819105182325
0,67,22,1,12,single_condition,decision_tree,wine_quality,26,testing,12,decision_tree,False,21,decision_tree,none,dt_traversal,1,0,False,0.46875,7.887097604380968
1,67,23,1,13,single_condition,decision_tree,wine_quality,15,testing,13,decision_tree,True,22,decision_tree,dt,dt_traversal,1,1,True,0.9375,23.086559089669713
1,67,24,1,14,single_condition,decision_tree,wine_quality,18,testing,14,decision_tree,True,23,decision_tree,dt,dt_traversal,1,1,True,0.75,12.552183725893588
1,67,25,1,15,single_condition,decision_tree,wine_quality,28,testing,15,decision_tree,True,24,decision_tree,dt,dt_traversal,1,1,True,0.5625,28.003279544834864
0,67,26,1,16,single_condition,decision_tree,wine_quality,22,testing,16,decision_tree,False,25,decision_tree,none,dt_traversal,1,0,False,0.46875,5.994980830746339
1,67,27,1,17,single_condition,decision_tree,wine_quality,21,testing,17,decision_tree,False,26,decision_tree,none,dt_traversal,0,0,True,0.65625,4.691548123059755
0,67,28,1,18,single_condition,decision_tree,wine_quality,11,testing,18,decision_tree,True,27,decision_tree,dt,dt_traversal,1,0,False,0.3125,22.080685149628117
1,67,29,1,19,single_condition,decision_tree,wine_quality,25,testing,19,decision_tree,True,28,decision_tree,dt,dt_traversal,0,0,True,0.8125,12.552183725893588
1,67,30,1,20,single_condition,decision_tree,wine_quality,27,testing,20,decision_tree,False,29,decision_tree,none,dt_traversal,1,1,True,0.5625,4.879048123059754
1,68,1,1,1,single_condition,logistic_regression,wine_quality,8,training,1,logistic_regression,,0,linear_regression,lr,lr_heuristic,1,1,True,0.7286791589379125,4.683980681857174
0,68,2,1,2,single_condition,logistic_regression,wine_quality,1,training,2,logistic_regression,,1,linear_regression,lr,lr_heuristic,0,1,False,0.19857052065308878,4.690314254677193
0,68,3,1,3,single_condition,logistic_regression,wine_quality,6,training,3,logistic_regression,,2,linear_regression,lr,lr_heuristic,0,1,False,0.4117252765362951,3.3711678773193627
0,68,4,1,4,single_condition,logistic_regression,wine_quality,9,training,4,logistic_regression,,3,linear_regression,lr,lr_heuristic,1,0,False,0.44675836334890556,3.3824352021507265
1,68,5,1,5,single_condition,logistic_regression,wine_quality,5,training,5,logistic_regression,,4,linear_regression,lr,lr_heuristic,1,1,True,0.5801398052356876,3.457760529581636
0,68,6,1,6,single_condition,logistic_regression,wine_quality,4,training,6,logistic_regression,,5,linear_regression,lr,lr_heuristic,0,1,False,0.23124955944227776,3.159106439408104
0,68,7,1,7,single_condition,logistic_regression,wine_quality,3,training,7,logistic_regression,,6,linear_regression,lr,lr_heuristic,1,0,False,0.4964930091703953,5.017195652229691
0,68,8,1,8,single_condition,logistic_regression,wine_quality,0,training,8,logistic_regression,,7,linear_regression,lr,lr_heuristic,1,0,False,0.4952626123478538,3.43104110699859
1,68,9,1,9,single_condition,logistic_regression,wine_quality,2,training,9,logistic_regression,,8,linear_regression,lr,lr_heuristic,0,0,True,0.6229593760099181,3.0902089206634957
1,68,10,1,10,single_condition,logistic_regression,wine_quality,7,training,10,logistic_regression,,9,linear_regression,lr,lr_heuristic,1,1,True,0.5295366137590138,3.3583441270937113
1,68,11,1,1,single_condition,logistic_regression,wine_quality,15,testing,1,logistic_regression,False,10,linear_regression,none,lr_heuristic,1,1,True,0.8077199082769336,3.2052476916939727
1,68,12,1,2,single_condition,logistic_regression,wine_quality,28,testing,2,logistic_regression,False,11,linear_regression,none,lr_heuristic,1,1,True,0.8382072200547216,3.2800206364188256
0,68,13,1,3,single_condition,logistic_regression,wine_quality,21,testing,3,logistic_regression,False,12,linear_regression,none,lr_heuristic,0,1,False,0.3336046604275751,3.3387836966239437
0,68,14,1,4,single_condition,logistic_regression,wine_quality,14,testing,4,logistic_regression,True,13,linear_regression,lr,lr_heuristic,0,1,False,0.11815544903815112,4.70559227498948
1,68,15,1,5,single_condition,logistic_regression,wine_quality,12,testing,5,logistic_regression,True,14,linear_regression,lr,lr_heuristic,1,1,True,0.9080211728108037,4.754983495667997
1,68,16,1,6,single_condition,logistic_regression,wine_quality,24,testing,6,logistic_regression,True,15,linear_regression,lr,lr_heuristic,1,1,True,0.710996065981585,3.4610020048662946
0,68,17,1,7,single_condition,logistic_regression,wine_quality,17,testing,7,logistic_regression,False,16,linear_regression,none,lr_calculation,0,1,False,0.4816058221556483,5.866255353742829
1,68,18,1,8,single_condition,logistic_regression,wine_quality,25,testing,8,logistic_regression,False,17,linear_regression,none,lr_calculation,0,0,True,0.5221891054497896,5.9051241089316475
1,68,19,1,9,single_condition,logistic_regression,wine_quality,26,testing,9,logistic_regression,False,18,linear_regression,none,lr_calculation,1,1,True,0.608771737448349,5.843401415290515
1,68,20,1,10,single_condition,logistic_regression,wine_quality,13,testing,10,logistic_regression,True,19,linear_regression,lr,lr_calculation,0,0,True,0.5,4.9399999999999995
0,68,21,1,11,single_condition,logistic_regression,wine_quality,29,testing,11,logistic_regression,False,20,linear_regression,none,lr_calculation,0,1,False,0.3942351427364046,5.875280297636623
1,68,22,1,12,single_condition,logistic_regression,wine_quality,10,testing,12,logistic_regression,True,21,linear_regression,lr,lr_calculation,1,1,True,0.6489841746708832,4.896324323013801
1,68,23,1,13,single_condition,logistic_regression,wine_quality,23,testing,13,logistic_regression,False,22,linear_regression,none,lr_calculation,0,0,True,0.54258406750152,5.845593563955708
1,68,24,1,14,single_condition,logistic_regression,wine_quality,19,testing,14,logistic_regression,True,23,linear_regression,lr,lr_calculation,0,0,True,0.7242617874296169,6.837627167878732
1,68,25,1,15,single_condition,logistic_regression,wine_quality,20,testing,15,logistic_regression,True,24,linear_regression,lr,lr_calculation,1,1,True,0.5800266858265242,4.92761865647931
1,68,26,1,16,single_condition,logistic_regression,wine_quality,22,testing,16,logistic_regression,False,25,linear_regression,none,lr_calculation,1,1,True,0.758140387212076,5.7234507679246
1,68,27,1,17,single_condition,logistic_regression,wine_quality,18,testing,17,logistic_regression,True,26,linear_regression,lr,lr_calculation,1,1,True,0.6489841746708832,4.896324323013801
1,68,28,1,18,single_condition,logistic_regression,wine_quality,11,testing,18,logistic_regression,False,27,linear_regression,none,lr_calculation,1,1,True,0.5800266858265242,5.92761865647931
1,68,29,1,19,single_condition,logistic_regression,wine_quality,16,testing,19,logistic_regression,True,28,linear_regression,lr,lr_calculation,0,0,True,0.5433905470132603,4.9363778516847585
1,68,30,1,20,single_condition,logistic_regression,wine_quality,27,testing,20,logistic_regression,True,29,linear_regression,lr,lr_calculation,1,1,True,0.6489841746708832,4.896324323013801
1,69,1,1,1,single_condition,hybrid,wine_quality,4,training,1,logistic_regression,,0,hybrid,lr,dt_traversal,0,0,True,0.5,10.677461661492682
1,69,2,1,2,single_condition,hybrid,wine_quality,1,training,2,decision_tree,,1,hybrid,dt,dt_traversal,0,0,True,0.6875,15.931322408342053
1,69,3,1,3,single_condition,hybrid,wine_quality,6,training,3,logistic_regression,,2,hybrid,lr,dt_traversal,0,0,True,0.8125,11.198649277288538
1,69,4,1,4,single_condition,hybrid,wine_quality,5,training,4,logistic_regression,,3,hybrid,lr,dt_traversal,1,1,True,0.625,15.033657107299296
0,69,5,1,5,single_condition,hybrid,wine_quality,3,training,5,decision_tree,,4,hybrid,dt,dt_traversal,1,0,False,0.1875,15.931322408342053
1,69,6,1,6,single_condition,hybrid,wine_quality,8,training,6,decision_tree,,5,hybrid,dt,dt_traversal,1,1,True,0.75,15.931322408342053
0,69,7,1,7,single_condition,hybrid,wine_quality,0,training,7,decision_tree,,6,hybrid,dt,dt_traversal,1,0,False,0.3125,12.552183725893588
1,69,8,1,8,single_condition,hybrid,wine_quality,9,training,8,decision_tree,,7,hybrid,dt,dt_traversal,1,1,True,0.6875,12.552183725893588
1,69,9,1,9,single_condition,hybrid,wine_quality,7,training,9,logistic_regression,,8,hybrid,lr,dt_traversal,1,1,True,0.5625,10.50788779442019
0,69,10,1,10,single_condition,hybrid,wine_quality,2,training,10,logistic_regression,,9,hybrid,lr,dt_traversal,0,1,False,0.4375,9.331120570117665
0,69,11,1,1,single_condition,hybrid,wine_quality,26,testing,1,logistic_regression,False,10,hybrid,none,dt_traversal,1,0,False,0.5,10.962643535854362
1,69,12,1,2,single_condition,hybrid,wine_quality,18,testing,2,logistic_regression,True,11,hybrid,lr,dt_traversal,1,1,True,0.65625,8.154353345815142
0,69,13,1,3,single_condition,hybrid,wine_quality,22,testing,3,logistic_regression,True,12,hybrid,lr,dt_traversal,1,0,False,0.25,9.81712631155184
1,69,14,1,4,single_condition,hybrid,wine_quality,17,testing,4,logistic_regression,False,13,hybrid,none,lr_calculation,0,0,True,0.55170796297615,5.878012782355812
0,69,15,1,5,single_condition,hybrid,wine_quality,15,testing,5,decision_tree,False,14,hybrid,none,lr_calculation,1,0,False,0.4690750280394337,5.883904595106996
1,69,16,1,6,single_condition,hybrid,wine_quality,11,testing,6,logistic_regression,True,15,hybrid,lr,lr_calculation,1,1,True,0.5800266858265242,4.92761865647931
1,69,17,1,7,single_condition,hybrid,wine_quality,29,testing,7,logistic_regression,True,16,hybrid,lr,lr_calculation,0,0,True,0.7010774010158042,6.858705005657374
1,69,18,1,8,single_condition,hybrid,wine_quality,24,testing,8,logistic_regression,False,17,hybrid,none,lr_calculation,1,1,True,0.6920019184429631,5.793018952306041
0,69,19,1,9,single_condition,hybrid,wine_quality,14,testing,9,decision_tree,False,18,hybrid,none,lr_calculation,0,1,False,0.4726777374757235,5.798541879839104
1,69,20,1,10,single_condition,hybrid,wine_quality,23,testing,10,decision_tree,False,19,hybrid,none,lr_calculation,0,0,True,0.5522695261258133,5.934738986343357
1,69,21,1,11,single_condition,hybrid,wine_quality,12,testing,11,logistic_regression,True,20,hybrid,lr,lr_calculation,1,1,True,0.6489841746708832,4.896324323013801
0,69,22,1,12,single_condition,hybrid,wine_quality,13,testing,12,decision_tree,True,21,hybrid,dt,lr_heuristic,0,1,False,0.4763096112880807,3.348083652094709
1,69,23,1,13,single_condition,hybrid,wine_quality,19,testing,13,decision_tree,True,22,hybrid,dt,lr_heuristic,0,0,True,0.5649618028685779,3.340845928186222
1,69,24,1,14,single_condition,hybrid,wine_quality,10,testing,14,decision_tree,False,23,hybrid,none,lr_calculation,1,1,True,0.6489841746708832,5.896324323013801
1,69,25,1,15,single_condition,hybrid,wine_quality,27,testing,15,logistic_regression,False,24,hybrid,none,lr_calculation,1,1,True,0.6590535525820611,5.886009924149986
1,69,26,1,16,single_condition,hybrid,wine_quality,28,testing,16,decision_tree,False,25,hybrid,none,lr_heuristic,1,1,True,0.7178735102691015,3.5432205332008517
0,69,27,1,17,single_condition,hybrid,wine_quality,21,testing,17,decision_tree,True,26,hybrid,dt,lr_heuristic,0,1,False,0.44392417792528827,4.928677933166044
1,69,28,1,18,single_condition,hybrid,wine_quality,16,testing,18,decision_tree,False,27,hybrid,none,lr_calculation,0,0,True,0.5433905470132603,5.9363778516847585
0,69,29,1,19,single_condition,hybrid,wine_quality,20,testing,19,decision_tree,True,28,hybrid,dt,lr_heuristic,1,0,False,0.493775126789909,3.648561109054252
1,69,30,1,20,single_condition,hybrid,wine_quality,25,testing,20,logistic_regression,True,29,hybrid,lr,lr_heuristic,0,0,True,0.5973744728377093,3.325959701558479
1,70,1,1,1,single_condition,decision_tree,wine_quality,4,training,1,decision_tree,,0,decision_tree,dt,dt_traversal,0,0,True,0.8125,15.931322408342053
1,70,2,1,2,single_condition,decision_tree,wine_quality,8,training,2,decision_tree,,1,decision_tree,dt,dt_traversal,1,1,True,0.75,15.931322408342053
1,70,3,1,3,single_condition,decision_tree,wine_quality,1,training,3,decision_tree,,2,decision_tree,dt,dt_traversal,0,0,True,0.8125,12.552183725893588
0,70,4,1,4,single_condition,decision_tree,wine_quality,0,training,4,decision_tree,,3,decision_tree,dt,dt_traversal,1,0,False,0.25,15.931322408342053
1,70,5,1,5,single_condition,decision_tree,wine_quality,7,training,5,decision_tree,,4,decision_tree,dt,dt_traversal,1,1,True,0.75,15.931322408342053
0,70,6,1,6,single_condition,decision_tree,wine_quality,3,training,6,decision_tree,,5,decision_tree,dt,dt_traversal,1,0,False,0.25,12.552183725893588
1,70,7,1,7,single_condition,decision_tree,wine_quality,2,training,7,decision_tree,,6,decision_tree,dt,dt_traversal,0,0,True,0.6875,15.931322408342053
1,70,8,1,8,single_condition,decision_tree,wine_quality,6,training,8,decision_tree,,7,decision_tree,dt,dt_traversal,0,0,True,0.875,12.552183725893588
1,70,9,1,9,single_condition,decision_tree,wine_quality,9,training,9,decision_tree,,8,decision_tree,dt,dt_traversal,1,1,True,1.0,23.086559089669713
1,70,10,1,10,single_condition,decision_tree,wine_quality,5,training,10,decision_tree,,9,decision_tree,dt,dt_traversal,1,1,True,1.0,23.086559089669713
1,70,11,1,1,single_condition,decision_tree,wine_quality,14,testing,1,decision_tree,True,10,decision_tree,dt,dt_traversal,0,0,True,1.0,23.086559089669713
1,70,12,1,2,single_condition,decision_tree,wine_quality,13,testing,2,decision_tree,True,11,decision_tree,dt,dt_traversal,0,0,True,0.875,23.393854118117535
1,70,13,1,3,single_condition,decision_tree,wine_quality,17,testing,3,decision_tree,True,12,decision_tree,dt,dt_traversal,0,0,True,0.9375,23.086559089669713
1,70,14,1,4,single_condition,decision_tree,wine_quality,19,testing,4,decision_tree,True,13,decision_tree,dt,dt_traversal,0,0,True,1.0,23.086559089669713
0,70,15,1,5,single_condition,decision_tree,wine_quality,22,testing,5,decision_tree,True,14,decision_tree,dt,dt_traversal,1,0,False,0.0625,23.086559089669713
1,70,16,1,6,single_condition,decision_tree,wine_quality,29,testing,6,decision_tree,False,15,decision_tree,none,dt_traversal,0,0,True,0.5,1.2923413538432924
1,70,17,1,7,single_condition,decision_tree,wine_quality,18,testing,7,decision_tree,True,16,decision_tree,dt,dt_traversal,1,1,True,0.5625,12.552183725893588
1,70,18,1,8,single_condition,decision_tree,wine_quality,12,testing,8,decision_tree,True,17,decision_tree,dt,dt_traversal,1,1,True,0.8125,12.552183725893588
1,70,19,1,9,single_condition,decision_tree,wine_quality,16,testing,9,decision_tree,True,18,decision_tree,dt,dt_traversal,0,0,True,0.75,12.552183725893588
0,70,20,1,10,single_condition,decision_tree,wine_quality,21,testing,10,decision_tree,False,19,decision_tree,none,dt_traversal,0,1,False,0.46875,3.0231947384515228
0,70,21,1,11,single_condition,decision_tree,wine_quality,10,testing,11,decision_tree,False,20,decision_tree,none,dt_traversal,1,0,False,0.375,4.660298123059754
1,70,22,1,12,single_condition,decision_tree,wine_quality,20,testing,12,decision_tree,False,21,decision_tree,none,dt_traversal,1,1,True,0.59375,5.038274061529877
1,70,23,1,13,single_condition,decision_tree,wine_quality,25,testing,13,decision_tree,False,22,decision_tree,none,dt_traversal,0,0,True,0.5625,6.130574638644269
1,70,24,1,14,single_condition,decision_tree,wine_quality,24,testing,14,decision_tree,False,23,decision_tree,none,dt_traversal,1,1,True,0.5625,8.546609087249315
1,70,25,1,15,single_condition,decision_tree,wine_quality,23,testing,15,decision_tree,False,24,decision_tree,none,dt_traversal,0,0,True,0.5625,6.266151507667985
1,70,26,1,16,single_condition,decision_tree,wine_quality,28,testing,16,decision_tree,True,25,decision_tree,dt,dt_traversal,1,1,True,0.625,16.98297267995309
1,70,27,1,17,single_condition,decision_tree,wine_quality,26,testing,17,decision_tree,False,26,decision_tree,none,dt_traversal,1,1,True,0.59375,5.869980830746339
0,70,28,1,18,single_condition,decision_tree,wine_quality,11,testing,18,decision_tree,False,27,decision_tree,none,dt_traversal,1,0,False,0.34375,6.587560153824693
1,70,29,1,19,single_condition,decision_tree,wine_quality,27,testing,19,decision_tree,True,28,decision_tree,dt,dt_traversal,1,1,True,0.9375,15.931322408342053
0,70,30,1,20,single_condition,decision_tree,wine_quality,15,testing,20,decision_tree,False,29,decision_tree,none,dt_traversal,1,0,False,0.4375,5.047557414341746
0,71,1,1,1,single_condition,logistic_regression,wine_quality,6,training,1,logistic_regression,,0,linear_regression,lr,lr_heuristic,0,1,False,0.2968505399146433,4.6950849366661975
0,71,2,1,2,single_condition,logistic_regression,wine_quality,2,training,2,logistic_regression,,1,linear_regression,lr,lr_heuristic,0,1,False,0.4131453083123662,4.882892336202838
0,71,3,1,3,single_condition,logistic_regression,wine_quality,3,training,3,logistic_regression,,2,linear_regression,lr,lr_heuristic,1,0,False,0.09386808679213231,3.3241708774372123
1,71,4,1,4,single_condition,logistic_regression,wine_quality,4,training,4,logistic_regression,,3,linear_regression,lr,lr_heuristic,0,0,True,0.6521815125991826,3.175109967220134
0,71,5,1,5,single_condition,logistic_regression,wine_quality,9,training,5,logistic_regression,,4,linear_regression,lr,lr_heuristic,1,0,False,0.1311219427985645,1.5902060119924166
1,71,6,1,6,single_condition,logistic_regression,wine_quality,7,training,6,logistic_regression,,5,linear_regression,lr,lr_heuristic,1,1,True,0.7874128870749659,3.220386604688242
0,71,7,1,7,single_condition,logistic_regression,wine_quality,1,training,7,logistic_regression,,6,linear_regression,lr,lr_heuristic,0,1,False,0.3109238185416202,3.1128282217558767
0,71,8,1,8,single_condition,logistic_regression,wine_quality,5,training,8,logistic_regression,,7,linear_regression,lr,lr_heuristic,1,0,False,0.42138307782395,3.3965555107026573
1,71,9,1,9,single_condition,logistic_regression,wine_quality,0,training,9,logistic_regression,,8,linear_regression,lr,lr_heuristic,1,1,True,0.7390795938203745,3.416192748085715
1,71,10,1,10,single_condition,logistic_regression,wine_quality,8,training,10,logistic_regression,,9,linear_regression,lr,lr_heuristic,1,1,True,0.8535122049878605,3.248481469964765
1,71,11,1,1,single_condition,logistic_regression,wine_quality,25,testing,1,logistic_regression,True,10,linear_regression,lr,lr_heuristic,0,0,True,0.5697740044633578,3.2632681430174246
0,71,12,1,2,single_condition,logistic_regression,wine_quality,13,testing,2,logistic_regression,True,11,linear_regression,lr,lr_heuristic,0,1,False,0.16630161023342438,3.1769326447109165
0,71,13,1,3,single_condition,logistic_regression,wine_quality,29,testing,3,logistic_regression,False,12,linear_regression,none,lr_heuristic,0,1,False,0.39509468276580795,3.4762346650525338
1,71,14,1,4,single_condition,logistic_regression,wine_quality,22,testing,4,logistic_regression,True,13,linear_regression,lr,lr_heuristic,1,1,True,0.6886929739006296,3.347527430973824
1,71,15,1,5,single_condition,logistic_regression,wine_quality,15,testing,5,logistic_regression,True,14,linear_regression,lr,lr_heuristic,1,1,True,0.5302628331290237,3.4665992947664037
1,71,16,1,6,single_condition,logistic_regression,wine_quality,17,testing,6,logistic_regression,True,15,linear_regression,lr,lr_heuristic,0,0,True,0.6244379203350514,3.3720311732333386
0,71,17,1,7,single_condition,logistic_regression,wine_quality,14,testing,7,logistic_regression,True,16,linear_regression,lr,lr_heuristic,0,1,False,0.39969862702135217,3.33027098152001
1,71,18,1,8,single_condition,logistic_regression,wine_quality,24,testing,8,logistic_regression,False,17,linear_regression,none,lr_calculation,1,1,True,0.6449500704746383,5.690280860263236
1,71,19,1,9,single_condition,logistic_regression,wine_quality,11,testing,9,logistic_regression,False,18,linear_regression,none,lr_calculation,1,1,True,0.6146066295143201,5.885546171885193
1,71,20,1,10,single_condition,logistic_regression,wine_quality,12,testing,10,logistic_regression,True,19,linear_regression,lr,lr_heuristic,1,1,True,0.7644165656238047,3.422742831071109
1,71,21,1,11,single_condition,logistic_regression,wine_quality,16,testing,11,logistic_regression,False,20,linear_regression,none,lr_heuristic,0,0,True,0.5334108769529908,3.3824714623183687
1,71,22,1,12,single_condition,logistic_regression,wine_quality,20,testing,12,logistic_regression,False,21,linear_regression,none,lr_calculation,1,1,True,0.57124292658788,5.927951335266105
0,71,23,1,13,single_condition,logistic_regression,wine_quality,21,testing,13,logistic_regression,False,22,linear_regression,none,lr_calculation,0,1,False,0.4807347760619761,5.908342490046177
1,71,24,1,14,single_condition,logistic_regression,wine_quality,23,testing,14,logistic_regression,True,23,linear_regression,lr,lr_heuristic,0,0,True,0.6176410540638988,3.237685803902642
1,71,25,1,15,single_condition,logistic_regression,wine_quality,28,testing,15,logistic_regression,False,24,linear_regression,none,lr_heuristic,1,1,True,0.6882635583385175,3.5065301972836846
1,71,26,1,16,single_condition,logistic_regression,wine_quality,10,testing,16,logistic_regression,False,25,linear_regression,none,lr_calculation,1,1,True,0.6357690325065988,5.820305946211727
1,71,27,1,17,single_condition,logistic_regression,wine_quality,19,testing,17,logistic_regression,False,26,linear_regression,none,lr_calculation,0,0,True,0.5,5.9399999999999995
1,71,28,1,18,single_condition,logistic_regression,wine_quality,27,testing,18,logistic_regression,False,27,linear_regression,none,lr_heuristic,1,1,True,0.7012806992305277,3.591740955838617
1,71,29,1,19,single_condition,logistic_regression,wine_quality,18,testing,19,logistic_regression,True,28,linear_regression,lr,lr_heuristic,1,1,True,0.8197346113787833,3.4154797295756687
1,71,30,1,20,single_condition,logistic_regression,wine_quality,26,testing,20,logistic_regression,True,29,linear_regression,lr,lr_calculation,1,1,True,0.6489841746708832,4.896324323013801
1,72,1,1,1,single_condition,hybrid,wine_quality,5,training,1,decision_tree,,0,hybrid,dt,dt_traversal,1,1,True,0.875,15.931322408342053
1,72,2,1,2,single_condition,hybrid,wine_quality,4,training,2,decision_tree,,1,hybrid,dt,dt_traversal,0,0,True,0.8125,15.931322408342053
1,72,3,1,3,single_condition,hybrid,wine_quality,7,training,3,logistic_regression,,2,hybrid,lr,dt_traversal,1,1,True,0.6875,9.112370570117665
1,72,4,1,4,single_condition,hybrid,wine_quality,8,training,4,logistic_regression,,3,hybrid,lr,dt_traversal,1,1,True,0.84375,12.41938798099585
1,72,5,1,5,single_condition,hybrid,wine_quality,9,training,5,decision_tree,,4,hybrid,dt,dt_traversal,1,1,True,0.8125,15.931322408342053
1,72,6,1,6,single_condition,hybrid,wine_quality,6,training,6,logistic_regression,,5,hybrid,lr,dt_traversal,0,0,True,0.71875,10.053132052986014
1,72,7,1,7,single_condition,hybrid,wine_quality,1,training,7,decision_tree,,6,hybrid,dt,dt_traversal,0,0,True,0.875,23.086559089669713
1,72,8,1,8,single_condition,hybrid,wine_quality,2,training,8,decision_tree,,7,hybrid,dt,dt_traversal,0,0,True,1.0,23.086559089669713
0,72,9,1,9,single_condition,hybrid,wine_quality,0,training,9,logistic_regression,,8,hybrid,lr,dt_traversal,1,0,False,0.34375,10.146882052986014
1,72,10,1,10,single_condition,hybrid,wine_quality,3,training,10,logistic_regression,,9,hybrid,lr,dt_traversal,1,1,True,0.59375,7.507084215354572
1,72,11,1,1,single_condition,hybrid,wine_quality,26,testing,1,logistic_regression,False,10,hybrid,none,dt_traversal,1,1,True,0.75,10.053132052986015
1,72,12,1,2,single_condition,hybrid,wine_quality,17,testing,2,decision_tree,False,11,hybrid,none,dt_traversal,0,0,True,0.71875,9.879626311551842
1,72,13,1,3,single_condition,hybrid,wine_quality,21,testing,3,logistic_regression,False,12,hybrid,none,dt_traversal,0,0,True,0.59375,8.279353345815142
1,72,14,1,4,single_condition,hybrid,wine_quality,13,testing,4,decision_tree,False,13,hybrid,none,dt_traversal,0,0,True,0.65625,9.485114828683493
1,72,15,1,5,single_condition,hybrid,wine_quality,14,testing,5,decision_tree,True,14,hybrid,dt,dt_traversal,0,0,True,0.9375,15.931322408342053
1,72,16,1,6,single_condition,hybrid,wine_quality,24,testing,6,logistic_regression,False,15,hybrid,none,dt_traversal,1,1,True,0.53125,7.887097604380969
0,72,17,1,7,single_condition,hybrid,wine_quality,22,testing,7,decision_tree,False,16,hybrid,none,dt_traversal,1,0,False,0.5,5.421389476903046
0,72,18,1,8,single_condition,hybrid,wine_quality,28,testing,8,decision_tree,True,17,hybrid,dt,dt_traversal,1,0,False,0.375,17.0638688546924
1,72,19,1,9,single_condition,hybrid,wine_quality,18,testing,9,decision_tree,True,18,hybrid,dt,dt_traversal,1,1,True,0.875,12.552183725893588
1,72,20,1,10,single_condition,hybrid,wine_quality,29,testing,10,logistic_regression,True,19,hybrid,lr,dt_traversal,0,0,True,0.625,8.546609087249317
1,72,21,1,11,single_condition,hybrid,wine_quality,19,testing,11,decision_tree,False,20,hybrid,none,dt_traversal,0,0,True,0.53125,4.482877446138108
1,72,22,1,12,single_condition,hybrid,wine_quality,27,testing,12,logistic_regression,True,21,hybrid,lr,dt_traversal,1,1,True,0.5625,5.963730830746339
1,72,23,1,13,single_condition,hybrid,wine_quality,20,testing,13,decision_tree,True,22,hybrid,dt,dt_traversal,1,1,True,0.875,17.225661204171022
1,72,24,1,14,single_condition,hybrid,wine_quality,16,testing,14,decision_tree,True,23,hybrid,dt,dt_traversal,0,0,True,1.0,23.086559089669713
1,72,25,1,15,single_condition,hybrid,wine_quality,23,testing,15,logistic_regression,True,24,hybrid,lr,dt_traversal,0,0,True,0.5625,5.957068897210096
1,72,26,1,16,single_condition,hybrid,wine_quality,25,testing,16,logistic_regression,False,25,hybrid,none,lr_calculation,0,0,True,0.5556008544877129,5.926658883520147
1,72,27,1,17,single_condition,hybrid,wine_quality,12,testing,17,logistic_regression,True,26,hybrid,lr,lr_calculation,1,1,True,0.6489841746708832,4.896324323013801
0,72,28,1,18,single_condition,hybrid,wine_quality,15,testing,18,logistic_regression,False,27,hybrid,none,lr_calculation,1,0,False,0.4604928107722857,5.881594531389641
1,72,29,1,19,single_condition,hybrid,wine_quality,10,testing,19,decision_tree,True,28,hybrid,dt,lr_heuristic,1,1,True,0.778226079817345,3.3919797035177846
1,72,30,1,20,single_condition,hybrid,wine_quality,11,testing,20,logistic_regression,False,29,hybrid,none,lr_heuristic,1,1,True,0.7307499019528755,3.4944728280448496
1,73,1,1,1,single_condition,decision_tree,wine_quality,2,training,1,decision_tree,,0,decision_tree,dt,dt_traversal,0,0,True,0.8125,15.931322408342053
1,73,2,1,2,single_condition,decision_tree,wine_quality,6,training,2,decision_tree,,1,decision_tree,dt,dt_traversal,0,0,True,0.9375,15.931322408342053
0,73,3,1,3,single_condition,decision_tree,wine_quality,3,training,3,decision_tree,,2,decision_tree,dt,dt_traversal,1,0,False,0.1875,12.552183725893588
0,73,4,1,4,single_condition,decision_tree,wine_quality,0,training,4,decision_tree,,3,decision_tree,dt,dt_traversal,1,0,False,0.25,15.931322408342053
1,73,5,1,5,single_condition,decision_tree,wine_quality,9,training,5,decision_tree,,4,decision_tree,dt,dt_traversal,1,1,True,0.75,15.931322408342053
1,73,6,1,6,single_condition,decision_tree,wine_quality,8,training,6,decision_tree,,5,decision_tree,dt,dt_traversal,1,1,True,0.75,12.552183725893588
1,73,7,1,7,single_condition,decision_tree,wine_quality,1,training,7,decision_tree,,6,decision_tree,dt,dt_traversal,0,0,True,0.9375,23.086559089669713
1,73,8,1,8,single_condition,decision_tree,wine_quality,5,training,8,decision_tree,,7,decision_tree,dt,dt_traversal,1,1,True,0.8125,23.086559089669713
1,73,9,1,9,single_condition,decision_tree,wine_quality,4,training,9,decision_tree,,8,decision_tree,dt,dt_traversal,0,0,True,0.875,23.086559089669713
1,73,10,1,10,single_condition,decision_tree,wine_quality,7,training,10,decision_tree,,9,decision_tree,dt,dt_traversal,1,1,True,1.0,23.086559089669713
1,73,11,1,1,single_condition,decision_tree,wine_quality,19,testing,1,decision_tree,True,10,decision_tree,dt,dt_traversal,0,0,True,1.0,23.086559089669713
1,73,12,1,2,single_condition,decision_tree,wine_quality,23,testing,2,decision_tree,False,11,decision_tree,none,dt_traversal,0,0,True,0.53125,3.134784448605047
1,73,13,1,3,single_condition,decision_tree,wine_quality,17,testing,3,decision_tree,False,12,decision_tree,none,dt_traversal,0,0,True,0.5625,4.024206769216461
1,73,14,1,4,single_condition,decision_tree,wine_quality,24,testing,4,decision_tree,True,13,decision_tree,dt,dt_traversal,1,1,True,0.875,15.931322408342053
1,73,15,1,5,single_condition,decision_tree,wine_quality,29,testing,5,decision_tree,False,14,decision_tree,none,dt_traversal,0,0,True,0.65625,7.730847604380967
0,73,16,1,6,single_condition,decision_tree,wine_quality,26,testing,6,decision_tree,False,15,decision_tree,none,dt_traversal,1,0,False,0.3125,8.97011482868349
0,73,17,1,7,single_condition,decision_tree,wine_quality,25,testing,7,decision_tree,False,16,decision_tree,none,dt_traversal,0,1,False,0.40625,6.328651507667987
0,73,18,1,8,single_condition,decision_tree,wine_quality,28,testing,8,decision_tree,True,17,decision_tree,dt,dt_traversal,1,0,False,0.4375,12.958103345815136
1,73,19,1,9,single_condition,decision_tree,wine_quality,13,testing,9,decision_tree,False,18,decision_tree,none,dt_traversal,0,0,True,0.5,5.47106315577592
1,73,20,1,10,single_condition,decision_tree,wine_quality,16,testing,10,decision_tree,True,19,decision_tree,dt,dt_traversal,0,0,True,0.6875,12.552183725893588
0,73,21,1,11,single_condition,decision_tree,wine_quality,11,testing,11,decision_tree,True,20,decision_tree,dt,dt_traversal,1,0,False,0.5,12.929109087249312
1,73,22,1,12,single_condition,decision_tree,wine_quality,10,testing,12,decision_tree,True,21,decision_tree,dt,dt_traversal,1,1,True,0.6875,12.552183725893588
0,73,23,1,13,single_condition,decision_tree,wine_quality,15,testing,13,decision_tree,False,22,decision_tree,none,dt_traversal,1,0,False,0.5,5.0877187999814
1,73,24,1,14,single_condition,decision_tree,wine_quality,21,testing,14,decision_tree,False,23,decision_tree,none,dt_traversal,0,0,True,0.53125,6.359901507667987
0,73,25,1,15,single_condition,decision_tree,wine_quality,18,testing,15,decision_tree,False,24,decision_tree,none,dt_traversal,1,0,False,0.5,7.5070842153545705
1,73,26,1,16,single_condition,decision_tree,wine_quality,12,testing,16,decision_tree,True,25,decision_tree,dt,dt_traversal,1,1,True,0.875,12.552183725893588
1,73,27,1,17,single_condition,decision_tree,wine_quality,14,testing,17,decision_tree,True,26,decision_tree,dt,dt_traversal,0,0,True,1.0,19.504819105182325
0,73,28,1,18,single_condition,decision_tree,wine_quality,22,testing,18,decision_tree,False,27,decision_tree,none,dt_traversal,1,0,False,0.46875,4.482877446138108
1,73,29,1,19,single_condition,decision_tree,wine_quality,20,testing,19,decision_tree,True,28,decision_tree,dt,dt_traversal,1,1,True,1.0,28.003279544834864
1,73,30,1,20,single_condition,decision_tree,wine_quality,27,testing,20,decision_tree,True,29,decision_tree,dt,dt_traversal,1,1,True,0.875,12.552183725893588
1,74,1,1,1,single_condition,logistic_regression,wine_quality,9,training,1,logistic_regression,,0,linear_regression,lr,lr_heuristic,1,1,True,0.7317078167430505,4.675197116507526
1,74,2,1,2,single_condition,logistic_regression,wine_quality,8,training,2,logistic_regression,,1,linear_regression,lr,lr_heuristic,1,1,True,0.8370475410414808,4.655967792772431
0,74,3,1,3,single_condition,logistic_regression,wine_quality,2,training,3,logistic_regression,,2,linear_regression,lr,lr_heuristic,0,1,False,0.37704084722948994,3.0902099265315948
0,74,4,1,4,single_condition,logistic_regression,wine_quality,6,training,4,logistic_regression,,3,linear_regression,lr,lr_heuristic,0,1,False,0.2265919138385981,3.25121318235431
1,74,5,1,5,single_condition,logistic_regression,wine_quality,3,training,5,logistic_regression,,4,linear_regression,lr,lr_heuristic,1,1,True,0.7319962281408352,4.698556994707369
1,74,6,1,6,single_condition,logistic_regression,wine_quality,5,training,6,logistic_regression,,5,linear_regression,lr,lr_heuristic,1,1,True,0.592347269998831,3.3124444834625986
1,74,7,1,7,single_condition,logistic_regression,wine_quality,7,training,7,logistic_regression,,6,linear_regression,lr,lr_heuristic,1,1,True,0.6860377078798421,3.2799236000446887
0,74,8,1,8,single_condition,logistic_regression,wine_quality,4,training,8,logistic_regression,,7,linear_regression,lr,lr_heuristic,0,1,False,0.48011615365081606,3.287323743899098
1,74,9,1,9,single_condition,logistic_regression,wine_quality,0,training,9,logistic_regression,,8,linear_regression,lr,lr_heuristic,1,1,True,0.7582159389634542,4.679375029791902
1,74,10,1,10,single_condition,logistic_regression,wine_quality,1,training,10,logistic_regression,,9,linear_regression,lr,lr_heuristic,0,0,True,0.5765693769414403,3.193025352038666
0,74,11,1,1,single_condition,logistic_regression,wine_quality,19,testing,1,logistic_regression,True,10,linear_regression,lr,lr_heuristic,0,1,False,0.13773631994399815,4.820896373703261
0,74,12,1,2,single_condition,logistic_regression,wine_quality,17,testing,2,logistic_regression,True,11,linear_regression,lr,lr_heuristic,0,1,False,0.40445547615412325,5.019430509510139
1,74,13,1,3,single_condition,logistic_regression,wine_quality,23,testing,3,logistic_regression,True,12,linear_regression,lr,lr_heuristic,0,0,True,0.9158068597998809,3.213226446974117
1,74,14,1,4,single_condition,logistic_regression,wine_quality,28,testing,4,logistic_regression,False,13,linear_regression,none,lr_heuristic,1,1,True,0.5059375148840388,3.5150023516802475
1,74,15,1,5,single_condition,logistic_regression,wine_quality,24,testing,5,logistic_regression,False,14,linear_regression,none,lr_calculation,1,1,True,0.6218591014754351,5.798268994716019
1,74,16,1,6,single_condition,logistic_regression,wine_quality,29,testing,6,logistic_regression,True,15,linear_regression,lr,lr_calculation,0,0,True,0.7010774010158042,6.858705005657374
0,74,17,1,7,single_condition,logistic_regression,wine_quality,13,testing,7,logistic_regression,False,16,linear_regression,none,lr_calculation,0,1,False,0.49141778273285197,5.831465550661939
1,74,18,1,8,single_condition,logistic_regression,wine_quality,25,testing,8,logistic_regression,True,17,linear_regression,lr,lr_calculation,0,0,True,0.7576786750747371,6.801961406911607
1,74,19,1,9,single_condition,logistic_regression,wine_quality,10,testing,9,logistic_regression,False,18,linear_regression,none,lr_calculation,1,1,True,0.6474667915411566,5.892911039741001
1,74,20,1,10,single_condition,logistic_regression,wine_quality,20,testing,10,logistic_regression,True,19,linear_regression,lr,lr_calculation,1,1,True,0.5800266858265242,4.92761865647931
1,74,21,1,11,single_condition,logistic_regression,wine_quality,11,testing,11,logistic_regression,False,20,linear_regression,none,lr_calculation,1,1,True,0.57124292658788,5.927951335266105
1,74,22,1,12,single_condition,logistic_regression,wine_quality,26,testing,12,logistic_regression,True,21,linear_regression,lr,lr_calculation,1,1,True,0.6489841746708832,4.896324323013801
1,74,23,1,13,single_condition,logistic_regression,wine_quality,15,testing,13,logistic_regression,False,22,linear_regression,none,lr_calculation,1,1,True,0.5273385920225039,5.908179195972129
1,74,24,1,14,single_condition,logistic_regression,wine_quality,16,testing,14,logistic_regression,True,23,linear_regression,lr,lr_calculation,0,0,True,0.5433905470132603,4.9363778516847585
0,74,25,1,15,single_condition,logistic_regression,wine_quality,21,testing,15,logistic_regression,False,24,linear_regression,none,lr_calculation,0,1,False,0.49552109873111483,5.934867908250167
1,74,26,1,16,single_condition,logistic_regression,wine_quality,27,testing,16,logistic_regression,False,25,linear_regression,none,lr_calculation,1,1,True,0.6357690325065988,5.820305946211727
1,74,27,1,17,single_condition,logistic_regression,wine_quality,22,testing,17,logistic_regression,True,26,linear_regression,lr,lr_calculation,1,1,True,0.7064041775514738,4.854112086594203
0,74,28,1,18,single_condition,logistic_regression,wine_quality,14,testing,18,logistic_regression,False,27,linear_regression,none,lr_calculation,0,1,False,0.41800270540038653,5.799126161888337
1,74,29,1,19,single_condition,logistic_regression,wine_quality,18,testing,19,logistic_regression,False,28,linear_regression,none,lr_calculation,1,1,True,0.6489841746708832,5.896324323013801
1,74,30,1,20,single_condition,logistic_regression,wine_quality,12,testing,20,logistic_regression,True,29,linear_regression,lr,lr_calculation,1,1,True,0.6489841746708832,4.896324323013801
1,75,1,1,1,single_condition,hybrid,wine_quality,7,training,1,decision_tree,,0,hybrid,dt,dt_traversal,1,1,True,0.8125,15.931322408342053
1,75,2,1,2,single_condition,hybrid,wine_quality,8,training,2,decision_tree,,1,hybrid,dt,dt_traversal,1,1,True,0.75,15.931322408342053
1,75,3,1,3,single_condition,hybrid,wine_quality,6,training,3,decision_tree,,2,hybrid,dt,dt_traversal,0,0,True,0.8125,12.552183725893588
0,75,4,1,4,single_condition,hybrid,wine_quality,0,training,4,decision_tree,,3,hybrid,dt,dt_traversal,1,0,False,0.25,15.931322408342053
1,75,5,1,5,single_condition,hybrid,wine_quality,4,training,5,decision_tree,,4,hybrid,dt,dt_traversal,0,0,True,0.9375,15.931322408342053
1,75,6,1,6,single_condition,hybrid,wine_quality,2,training,6,logistic_regression,,5,hybrid,lr,dt_traversal,0,0,True,0.5,3.4645401900392216
0,75,7,1,7,single_condition,hybrid,wine_quality,5,training,7,logistic_regression,,6,hybrid,lr,dt_traversal,1,0,False,0.375,8.93886482868349
1,75,8,1,8,single_condition,hybrid,wine_quality,9,training,8,logistic_regression,,7,hybrid,lr,dt_traversal,1,1,True,0.65625,11.590905018722712
0,75,9,1,9,single_condition,hybrid,wine_quality,3,training,9,logistic_regression,,8,hybrid,lr,dt_traversal,1,0,False,0.5,9.393620570117665
1,75,10,1,10,single_condition,hybrid,wine_quality,1,training,10,logistic_regression,,9,hybrid,lr,dt_traversal,0,0,True,0.625,8.248103345815142
1,75,11,1,1,single_condition,hybrid,wine_quality,21,testing,1,logistic_regression,True,10,hybrid,lr,dt_traversal,0,0,True,0.625,10.115632052986015
1,75,12,1,2,single_condition,hybrid,wine_quality,10,testing,2,decision_tree,False,11,hybrid,none,dt_traversal,1,1,True,0.53125,10.476637794420188
1,75,13,1,3,single_condition,hybrid,wine_quality,18,testing,3,logistic_regression,True,12,hybrid,lr,dt_traversal,1,1,True,0.71875,9.75462631155184
1,75,14,1,4,single_condition,hybrid,wine_quality,25,testing,4,decision_tree,True,13,hybrid,dt,dt_traversal,0,0,True,0.8125,12.552183725893588
1,75,15,1,5,single_condition,hybrid,wine_quality,16,testing,5,decision_tree,True,14,hybrid,dt,dt_traversal,0,0,True,0.75,23.086559089669713
1,75,16,1,6,single_condition,hybrid,wine_quality,20,testing,6,decision_tree,True,15,hybrid,dt,dt_traversal,1,1,True,0.9375,28.003279544834864
1,75,17,1,7,single_condition,hybrid,wine_quality,13,testing,7,logistic_regression,False,16,hybrid,none,lr_calculation,0,0,True,0.5273385920225039,5.908179195972129
1,75,18,1,8,single_condition,hybrid,wine_quality,19,testing,8,decision_tree,True,17,hybrid,dt,lr_heuristic,0,0,True,0.511528493813166,3.470577426719622
0,75,19,1,9,single_condition,hybrid,wine_quality,11,testing,9,logistic_regression,False,18,hybrid,none,dt_traversal,1,0,False,0.46875,9.235574638644271
1,75,20,1,10,single_condition,hybrid,wine_quality,24,testing,10,logistic_regression,False,19,hybrid,none,lr_calculation,1,1,True,0.6489841746708832,5.896324323013801
1,75,21,1,11,single_condition,hybrid,wine_quality,17,testing,11,logistic_regression,True,20,hybrid,lr,lr_calculation,0,0,True,0.5085269865019568,4.9398603869335425
0,75,22,1,12,single_condition,hybrid,wine_quality,29,testing,12,decision_tree,False,21,hybrid,none,lr_calculation,0,1,False,0.43355719930478154,5.926082426732
1,75,23,1,13,single_condition,hybrid,wine_quality,23,testing,13,decision_tree,False,22,hybrid,none,lr_calculation,0,0,True,0.5767845130413223,5.901524371747989
1,75,24,1,14,single_condition,hybrid,wine_quality,14,testing,14,decision_tree,True,23,hybrid,dt,lr_heuristic,0,0,True,0.73884982331176,3.3411678967084963
1,75,25,1,15,single_condition,hybrid,wine_quality,12,testing,15,logistic_regression,True,24,hybrid,lr,lr_heuristic,1,1,True,0.8547913030509602,4.947102149769176
1,75,26,1,16,single_condition,hybrid,wine_quality,27,testing,16,decision_tree,False,25,hybrid,none,lr_calculation,1,1,True,0.6489841746708832,5.896324323013801
1,75,27,1,17,single_condition,hybrid,wine_quality,22,testing,17,decision_tree,False,26,hybrid,none,lr_calculation,1,1,True,0.7100949587494996,5.850272940475691
0,75,28,1,18,single_condition,hybrid,wine_quality,15,testing,18,logistic_regression,False,27,hybrid,none,lr_heuristic,1,0,False,0.2983815164556983,3.4867000876654592
1,75,29,1,19,single_condition,hybrid,wine_quality,26,testing,19,logistic_regression,False,28,hybrid,none,lr_heuristic,1,1,True,0.8770339357360002,4.879510480236409
1,75,30,1,20,single_condition,hybrid,wine_quality,28,testing,20,logistic_regression,True,29,hybrid,lr,dt_traversal,1,1,True,0.625,5.780377446138108
