appId,instanceId,v0,v1,v2,v3,v4,v5,v6,v7,v8,v9,v10,v11,v12,v13,v14,v15,v16,v17,v18,v19,y
german_credit,0,36.0,0.0,2.0,0.0,4.0,0.0,4.0,12169.0,48.0,,,,,,,,,,,,1.0
german_credit,1,46.0,0.0,1.0,4.0,0.0,2.0,1.0,6331.0,48.0,,,,,,,,,,,,0.0
german_credit,2,51.0,1.0,1.0,3.0,0.0,2.0,3.0,1595.0,6.0,,,,,,,,,,,,1.0
german_credit,3,50.0,0.0,1.0,4.0,4.0,2.0,3.0,1537.0,15.0,,,,,,,,,,,,1.0
german_credit,4,42.0,0.0,1.0,2.0,0.0,1.0,3.0,3804.0,36.0,,,,,,,,,,,,0.0
german_credit,5,27.0,0.0,0.0,4.0,0.0,2.0,1.0,3643.0,15.0,,,,,,,,,,,,1.0
german_credit,6,23.0,0.0,1.0,1.0,0.0,2.0,3.0,1236.0,9.0,,,,,,,,,,,,1.0
german_credit,7,20.0,0.0,0.0,2.0,0.0,2.0,4.0,2718.0,24.0,,,,,,,,,,,,0.0
german_credit,8,40.0,0.0,1.0,3.0,2.0,2.0,1.0,7678.0,36.0,,,,,,,,,,,,1.0
german_credit,9,50.0,0.0,1.0,0.0,0.0,1.0,2.0,5293.0,27.0,,,,,,,,,,,,0.0
german_credit,10,29.0,0.0,0.0,1.0,4.0,0.0,3.0,3990.0,36.0,,,,,,,,,,,,1.0
german_credit,11,32.0,0.0,1.0,2.0,0.0,2.0,4.0,1530.0,18.0,,,,,,,,,,,,0.0
german_credit,12,22.0,0.0,1.0,1.0,0.0,2.0,1.0,3149.0,24.0,,,,,,,,,,,,1.0
german_credit,13,30.0,0.0,1.0,4.0,1.0,2.0,4.0,2862.0,36.0,,,,,,,,,,,,1.0
german_credit,14,27.0,0.0,1.0,1.0,1.0,2.0,1.0,951.0,12.0,,,,,,,,,,,,0.0
german_credit,15,59.0,0.0,1.0,4.0,4.0,2.0,4.0,5045.0,15.0,,,,,,,,,,,,1.0
german_credit,16,23.0,0.0,0.0,1.0,0.0,2.0,3.0,2101.0,13.0,,,,,,,,,,,,1.0
german_credit,17,36.0,0.0,1.0,2.0,3.0,2.0,2.0,1275.0,24.0,,,,,,,,,,,,1.0
german_credit,18,60.0,0.0,1.0,4.0,0.0,2.0,1.0,2246.0,12.0,,,,,,,,,,,,0.0
german_credit,19,50.0,0.0,1.0,4.0,0.0,2.0,3.0,6224.0,48.0,,,,,,,,,,,,0.0
german_credit,20,22.0,0.0,1.0,1.0,1.0,2.0,3.0,3092.0,24.0,,,,,,,,,,,,0.0
german_credit,21,53.0,0.0,2.0,0.0,4.0,0.0,1.0,7485.0,30.0,,,,,,,,,,,,0.0
german_credit,22,27.0,0.0,2.0,2.0,0.0,2.0,3.0,3416.0,27.0,,,,,,,,,,,,1.0
german_credit,23,48.0,1.0,0.0,4.0,1.0,2.0,4.0,1240.0,10.0,,,,,,,,,,,,0.0
german_credit,24,21.0,0.0,1.0,2.0,0.0,2.0,1.0,1766.0,6.0,,,,,,,,,,,,1.0
german_credit,25,40.0,0.0,2.0,2.0,0.0,2.0,1.0,3857.0,30.0,,,,,,,,,,,,1.0
german_credit,26,19.0,0.0,0.0,1.0,3.0,2.0,1.0,983.0,12.0,,,,,,,,,,,,1.0
german_credit,27,32.0,0.0,2.0,2.0,0.0,2.0,3.0,1505.0,18.0,,,,,,,,,,,,1.0
german_credit,28,22.0,0.0,1.0,1.0,0.0,2.0,3.0,1366.0,9.0,,,,,,,,,,,,0.0
german_credit,29,30.0,0.0,1.0,4.0,1.0,2.0,1.0,3069.0,24.0,,,,,,,,,,,,1.0
german_credit,30,30.0,0.0,1.0,2.0,0.0,2.0,3.0,639.0,12.0,,,,,,,,,,,,0.0
german_credit,31,44.0,0.0,0.0,3.0,0.0,2.0,3.0,760.0,8.0,,,,,,,,,,,,1.0
german_credit,32,28.0,0.0,0.0,2.0,0.0,2.0,3.0,745.0,9.0,,,,,,,,,,,,0.0
german_credit,33,36.0,1.0,1.0,4.0,0.0,2.0,4.0,884.0,18.0,,,,,,,,,,,,0.0
german_credit,34,42.0,1.0,0.0,3.0,0.0,2.0,4.0,1455.0,4.0,,,,,,,,,,,,1.0
german_credit,35,43.0,0.0,0.0,2.0,3.0,2.0,3.0,1516.0,24.0,,,,,,,,,,,,1.0
german_credit,36,20.0,0.0,1.0,3.0,1.0,2.0,3.0,674.0,12.0,,,,,,,,,,,,0.0
german_credit,37,37.0,0.0,1.0,2.0,0.0,2.0,3.0,2100.0,18.0,,,,,,,,,,,,0.0
german_credit,38,45.0,0.0,0.0,2.0,0.0,2.0,4.0,4006.0,28.0,,,,,,,,,,,,0.0
german_credit,39,22.0,0.0,1.0,3.0,0.0,2.0,1.0,1808.0,18.0,,,,,,,,,,,,0.0
german_credit,40,31.0,0.0,1.0,4.0,1.0,2.0,3.0,3621.0,24.0,,,,,,,,,,,,0.0
german_credit,41,24.0,0.0,1.0,4.0,0.0,2.0,1.0,652.0,12.0,,,,,,,,,,,,1.0
german_credit,42,25.0,0.0,1.0,1.0,2.0,2.0,3.0,3213.0,18.0,,,,,,,,,,,,1.0
german_credit,43,25.0,0.0,1.0,2.0,0.0,2.0,1.0,1433.0,15.0,,,,,,,,,,,,1.0
german_credit,44,22.0,0.0,1.0,0.0,0.0,2.0,4.0,3973.0,14.0,,,,,,,,,,,,1.0
german_credit,45,29.0,0.0,1.0,2.0,0.0,2.0,4.0,3959.0,15.0,,,,,,,,,,,,0.0
german_credit,46,36.0,0.0,1.0,1.0,0.0,2.0,4.0,1721.0,15.0,,,,,,,,,,,,1.0
german_credit,47,35.0,0.0,1.0,4.0,2.0,2.0,4.0,5324.0,15.0,,,,,,,,,,,,1.0
german_credit,48,55.0,1.0,1.0,4.0,3.0,2.0,3.0,1555.0,12.0,,,,,,,,,,,,0.0
german_credit,49,52.0,0.0,2.0,0.0,4.0,2.0,3.0,6468.0,12.0,,,,,,,,,,,,0.0
german_credit,50,28.0,0.0,2.0,0.0,0.0,2.0,4.0,5234.0,30.0,,,,,,,,,,,,0.0
german_credit,51,33.0,0.0,1.0,1.0,0.0,2.0,3.0,2319.0,21.0,,,,,,,,,,,,0.0
german_credit,52,39.0,0.0,0.0,3.0,4.0,2.0,4.0,932.0,6.0,,,,,,,,,,,,1.0
german_credit,53,24.0,1.0,1.0,4.0,0.0,1.0,1.0,4605.0,48.0,,,,,,,,,,,,0.0
german_credit,54,52.0,0.0,1.0,2.0,0.0,2.0,3.0,3077.0,12.0,,,,,,,,,,,,1.0
german_credit,55,26.0,0.0,0.0,2.0,1.0,1.0,2.0,4280.0,30.0,,,,,,,,,,,,0.0
german_credit,56,55.0,0.0,2.0,0.0,0.0,0.0,1.0,9283.0,42.0,,,,,,,,,,,,1.0
german_credit,57,31.0,0.0,1.0,3.0,4.0,2.0,1.0,929.0,24.0,,,,,,,,,,,,1.0
german_credit,58,24.0,0.0,1.0,2.0,0.0,2.0,4.0,2150.0,30.0,,,,,,,,,,,,0.0
german_credit,59,68.0,0.0,2.0,4.0,0.0,2.0,4.0,14896.0,6.0,,,,,,,,,,,,0.0
german_credit,60,34.0,1.0,0.0,4.0,1.0,0.0,3.0,1569.0,15.0,,,,,,,,,,,,1.0
german_credit,61,25.0,0.0,1.0,2.0,4.0,2.0,3.0,1484.0,12.0,,,,,,,,,,,,0.0
german_credit,62,33.0,0.0,1.0,2.0,4.0,2.0,4.0,1042.0,18.0,,,,,,,,,,,,0.0
german_credit,63,28.0,0.0,1.0,2.0,3.0,2.0,1.0,2659.0,18.0,,,,,,,,,,,,1.0
german_credit,64,38.0,0.0,2.0,0.0,0.0,2.0,1.0,12976.0,18.0,,,,,,,,,,,,0.0
german_credit,65,23.0,0.0,2.0,2.0,0.0,2.0,1.0,11560.0,24.0,,,,,,,,,,,,0.0
german_credit,66,26.0,0.0,1.0,3.0,1.0,2.0,3.0,1311.0,24.0,,,,,,,,,,,,1.0
german_credit,67,65.0,0.0,0.0,0.0,0.0,2.0,3.0,1098.0,18.0,,,,,,,,,,,,1.0
german_credit,68,44.0,0.0,1.0,2.0,2.0,2.0,4.0,1163.0,12.0,,,,,,,,,,,,1.0
german_credit,69,38.0,1.0,1.0,3.0,0.0,2.0,4.0,947.0,24.0,,,,,,,,,,,,0.0
german_credit,70,33.0,0.0,1.0,2.0,0.0,2.0,3.0,1478.0,15.0,,,,,,,,,,,,1.0
german_credit,71,41.0,0.0,1.0,4.0,1.0,2.0,2.0,2503.0,30.0,,,,,,,,,,,,1.0
german_credit,72,33.0,0.0,1.0,1.0,0.0,2.0,3.0,2051.0,18.0,,,,,,,,,,,,1.0
german_credit,73,43.0,0.0,1.0,2.0,0.0,2.0,1.0,2515.0,18.0,,,,,,,,,,,,1.0
german_credit,74,37.0,0.0,0.0,1.0,0.0,2.0,4.0,1274.0,12.0,,,,,,,,,,,,0.0
german_credit,75,57.0,0.0,0.0,0.0,1.0,2.0,3.0,1154.0,11.0,,,,,,,,,,,,1.0
german_credit,76,41.0,0.0,0.0,4.0,4.0,2.0,3.0,1244.0,9.0,,,,,,,,,,,,1.0
german_credit,77,31.0,0.0,0.0,1.0,0.0,2.0,1.0,3108.0,30.0,,,,,,,,,,,,0.0
german_credit,78,65.0,0.0,0.0,0.0,0.0,2.0,3.0,3394.0,42.0,,,,,,,,,,,,1.0
german_credit,79,24.0,0.0,1.0,3.0,0.0,2.0,3.0,2323.0,36.0,,,,,,,,,,,,1.0
german_credit,80,24.0,0.0,1.0,1.0,0.0,2.0,2.0,4308.0,48.0,,,,,,,,,,,,0.0
german_credit,81,28.0,0.0,1.0,1.0,0.0,2.0,2.0,9572.0,36.0,,,,,,,,,,,,0.0
german_credit,82,29.0,0.0,1.0,3.0,0.0,2.0,3.0,2108.0,6.0,,,,,,,,,,,,1.0
german_credit,83,38.0,0.0,2.0,0.0,4.0,2.0,1.0,3229.0,18.0,,,,,,,,,,,,1.0
german_credit,84,20.0,0.0,1.0,2.0,0.0,2.0,1.0,1282.0,12.0,,,,,,,,,,,,0.0
german_credit,85,44.0,0.0,1.0,1.0,4.0,2.0,3.0,5943.0,24.0,,,,,,,,,,,,0.0
german_credit,86,35.0,0.0,0.0,1.0,0.0,2.0,4.0,10722.0,47.0,,,,,,,,,,,,1.0
german_credit,87,53.0,1.0,1.0,2.0,0.0,2.0,4.0,4870.0,24.0,,,,,,,,,,,,0.0
german_credit,88,24.0,0.0,1.0,2.0,2.0,2.0,1.0,2569.0,39.0,,,,,,,,,,,,1.0
german_credit,89,40.0,0.0,2.0,2.0,1.0,2.0,3.0,4623.0,15.0,,,,,,,,,,,,0.0
german_credit,90,24.0,0.0,1.0,2.0,0.0,2.0,3.0,3190.0,18.0,,,,,,,,,,,,0.0
german_credit,91,24.0,0.0,0.0,2.0,1.0,2.0,1.0,11590.0,48.0,,,,,,,,,,,,0.0
german_credit,92,24.0,0.0,2.0,1.0,1.0,2.0,4.0,7408.0,60.0,,,,,,,,,,,,0.0
german_credit,93,40.0,0.0,2.0,4.0,0.0,2.0,1.0,4297.0,18.0,,,,,,,,,,,,0.0
german_credit,94,22.0,0.0,1.0,2.0,0.0,2.0,3.0,1567.0,12.0,,,,,,,,,,,,1.0
german_credit,95,24.0,0.0,1.0,2.0,0.0,2.0,1.0,2124.0,18.0,,,,,,,,,,,,0.0
german_credit,96,33.0,0.0,1.0,1.0,0.0,1.0,2.0,6289.0,42.0,,,,,,,,,,,,1.0
german_credit,97,47.0,1.0,1.0,2.0,1.0,2.0,3.0,12612.0,36.0,,,,,,,,,,,,0.0
german_credit,98,55.0,0.0,1.0,3.0,3.0,2.0,1.0,1413.0,12.0,,,,,,,,,,,,1.0
german_credit,99,26.0,1.0,1.0,2.0,0.0,2.0,1.0,8229.0,36.0,,,,,,,,,,,,0.0
german_credit,100,53.0,1.0,1.0,2.0,0.0,1.0,1.0,7119.0,48.0,,,,,,,,,,,,0.0
german_credit,101,26.0,0.0,1.0,4.0,0.0,2.0,3.0,1934.0,12.0,,,,,,,,,,,,1.0
german_credit,102,46.0,0.0,1.0,4.0,0.0,2.0,3.0,2611.0,24.0,,,,,,,,,,,,1.0
german_credit,103,34.0,0.0,2.0,1.0,0.0,1.0,3.0,1337.0,9.0,,,,,,,,,,,,0.0
german_credit,104,23.0,0.0,0.0,3.0,4.0,2.0,3.0,1936.0,18.0,,,,,,,,,,,,1.0
german_credit,105,40.0,0.0,1.0,3.0,0.0,0.0,2.0,1559.0,24.0,,,,,,,,,,,,1.0
german_credit,106,36.0,1.0,1.0,2.0,0.0,2.0,2.0,3915.0,27.0,,,,,,,,,,,,0.0
german_credit,107,21.0,0.0,1.0,3.0,0.0,2.0,4.0,902.0,12.0,,,,,,,,,,,,0.0
german_credit,108,61.0,0.0,0.0,4.0,0.0,2.0,4.0,1255.0,12.0,,,,,,,,,,,,1.0
german_credit,109,31.0,0.0,1.0,2.0,0.0,2.0,3.0,6758.0,48.0,,,,,,,,,,,,0.0
german_credit,110,29.0,0.0,1.0,3.0,1.0,0.0,4.0,1437.0,9.0,,,,,,,,,,,,0.0
german_credit,111,36.0,0.0,0.0,4.0,3.0,2.0,2.0,1572.0,21.0,,,,,,,,,,,,1.0
german_credit,112,32.0,0.0,1.0,3.0,4.0,2.0,4.0,1285.0,24.0,,,,,,,,,,,,0.0
german_credit,113,39.0,1.0,2.0,4.0,0.0,0.0,4.0,6458.0,18.0,,,,,,,,,,,,0.0
german_credit,114,39.0,1.0,2.0,2.0,0.0,2.0,0.0,11938.0,24.0,,,,,,,,,,,,0.0
german_credit,115,22.0,0.0,1.0,2.0,0.0,2.0,1.0,2462.0,18.0,,,,,,,,,,,,0.0
german_credit,116,30.0,0.0,2.0,3.0,4.0,2.0,1.0,14179.0,39.0,,,,,,,,,,,,1.0
german_credit,117,41.0,1.0,1.0,4.0,0.0,2.0,1.0,2712.0,36.0,,,,,,,,,,,,0.0
german_credit,118,27.0,0.0,1.0,2.0,4.0,2.0,3.0,3711.0,36.0,,,,,,,,,,,,1.0
german_credit,119,36.0,0.0,1.0,2.0,4.0,2.0,4.0,3079.0,36.0,,,,,,,,,,,,1.0
diabetes,0,1.0,1.0,1.0,0.0,1.0,5.0,1.0,0.0,,,,,,,,,,,,,1.0
diabetes,1,1.0,0.0,0.0,0.0,0.0,3.0,1.0,1.0,,,,,,,,,,,,,1.0
diabetes,2,0.0,0.0,0.0,0.0,1.0,4.0,1.0,0.0,,,,,,,,,,,,,0.0
diabetes,3,1.0,1.0,1.0,0.0,0.0,4.0,1.0,0.0,,,,,,,,,,,,,1.0
diabetes,4,0.0,0.0,1.0,0.0,1.0,3.0,1.0,0.0,,,,,,,,,,,,,0.0
diabetes,5,1.0,0.0,1.0,0.0,0.0,5.0,1.0,0.0,,,,,,,,,,,,,1.0
diabetes,6,0.0,1.0,1.0,0.0,1.0,2.0,1.0,1.0,,,,,,,,,,,,,0.0
diabetes,7,0.0,0.0,0.0,0.0,0.0,4.0,1.0,0.0,,,,,,,,,,,,,1.0
diabetes,8,0.0,1.0,1.0,0.0,0.0,3.0,1.0,0.0,,,,,,,,,,,,,1.0
diabetes,9,1.0,0.0,1.0,0.0,1.0,4.0,1.0,1.0,,,,,,,,,,,,,0.0
diabetes,10,1.0,0.0,0.0,0.0,0.0,3.0,1.0,0.0,,,,,,,,,,,,,0.0
diabetes,11,1.0,1.0,1.0,0.0,0.0,5.0,1.0,0.0,,,,,,,,,,,,,1.0
diabetes,12,1.0,1.0,0.0,0.0,1.0,4.0,1.0,0.0,,,,,,,,,,,,,0.0
diabetes,13,0.0,1.0,1.0,0.0,0.0,3.0,1.0,0.0,,,,,,,,,,,,,1.0
diabetes,14,1.0,1.0,1.0,0.0,0.0,5.0,1.0,1.0,,,,,,,,,,,,,1.0
diabetes,15,1.0,0.0,1.0,0.0,1.0,5.0,1.0,0.0,,,,,,,,,,,,,0.0
diabetes,16,1.0,1.0,1.0,0.0,0.0,4.0,1.0,1.0,,,,,,,,,,,,,0.0
diabetes,17,1.0,0.0,1.0,0.0,1.0,5.0,1.0,1.0,,,,,,,,,,,,,0.0
diabetes,18,1.0,1.0,1.0,0.0,0.0,5.0,1.0,0.0,,,,,,,,,,,,,1.0
diabetes,19,1.0,0.0,1.0,0.0,0.0,5.0,1.0,0.0,,,,,,,,,,,,,1.0
diabetes,20,1.0,1.0,1.0,1.0,1.0,5.0,1.0,0.0,,,,,,,,,,,,,0.0
diabetes,21,0.0,1.0,1.0,0.0,1.0,5.0,1.0,1.0,,,,,,,,,,,,,0.0
diabetes,22,1.0,0.0,0.0,0.0,0.0,5.0,1.0,0.0,,,,,,,,,,,,,1.0
diabetes,23,1.0,1.0,1.0,0.0,0.0,5.0,1.0,1.0,,,,,,,,,,,,,1.0
diabetes,24,1.0,1.0,1.0,0.0,0.0,1.0,1.0,0.0,,,,,,,,,,,,,0.0
diabetes,25,0.0,1.0,1.0,0.0,1.0,3.0,1.0,1.0,,,,,,,,,,,,,0.0
diabetes,26,1.0,0.0,1.0,0.0,1.0,3.0,1.0,1.0,,,,,,,,,,,,,1.0
diabetes,27,0.0,1.0,0.0,0.0,0.0,3.0,1.0,1.0,,,,,,,,,,,,,1.0
diabetes,28,1.0,0.0,1.0,0.0,1.0,3.0,1.0,0.0,,,,,,,,,,,,,1.0
diabetes,29,1.0,1.0,1.0,0.0,0.0,4.0,1.0,0.0,,,,,,,,,,,,,1.0
diabetes,30,1.0,1.0,1.0,1.0,1.0,5.0,1.0,1.0,,,,,,,,,,,,,0.0
diabetes,31,0.0,1.0,1.0,0.0,1.0,4.0,1.0,0.0,,,,,,,,,,,,,0.0
diabetes,32,1.0,0.0,0.0,0.0,1.0,3.0,1.0,1.0,,,,,,,,,,,,,0.0
diabetes,33,0.0,0.0,1.0,0.0,0.0,3.0,1.0,1.0,,,,,,,,,,,,,1.0
diabetes,34,1.0,1.0,1.0,0.0,0.0,4.0,1.0,0.0,,,,,,,,,,,,,1.0
diabetes,35,1.0,1.0,1.0,0.0,1.0,5.0,1.0,0.0,,,,,,,,,,,,,1.0
diabetes,36,1.0,1.0,0.0,0.0,1.0,3.0,1.0,0.0,,,,,,,,,,,,,1.0
diabetes,37,1.0,1.0,1.0,0.0,1.0,3.0,1.0,1.0,,,,,,,,,,,,,1.0
diabetes,38,1.0,0.0,0.0,0.0,0.0,3.0,1.0,1.0,,,,,,,,,,,,,0.0
diabetes,39,1.0,1.0,1.0,0.0,1.0,5.0,1.0,0.0,,,,,,,,,,,,,0.0
diabetes,40,1.0,1.0,1.0,0.0,0.0,5.0,1.0,0.0,,,,,,,,,,,,,1.0
diabetes,41,0.0,0.0,1.0,0.0,0.0,5.0,1.0,0.0,,,,,,,,,,,,,1.0
diabetes,42,1.0,1.0,1.0,0.0,0.0,3.0,1.0,1.0,,,,,,,,,,,,,0.0
diabetes,43,1.0,1.0,1.0,0.0,0.0,5.0,1.0,0.0,,,,,,,,,,,,,1.0
diabetes,44,0.0,0.0,1.0,0.0,1.0,4.0,1.0,1.0,,,,,,,,,,,,,0.0
diabetes,45,1.0,1.0,1.0,0.0,0.0,3.0,1.0,0.0,,,,,,,,,,,,,0.0
diabetes,46,1.0,0.0,1.0,0.0,1.0,3.0,1.0,0.0,,,,,,,,,,,,,0.0
diabetes,47,1.0,1.0,1.0,0.0,0.0,3.0,1.0,0.0,,,,,,,,,,,,,0.0
diabetes,48,1.0,1.0,1.0,0.0,1.0,5.0,1.0,0.0,,,,,,,,,,,,,1.0
diabetes,49,1.0,1.0,1.0,0.0,1.0,5.0,1.0,1.0,,,,,,,,,,,,,0.0
diabetes,50,1.0,1.0,1.0,1.0,0.0,5.0,1.0,0.0,,,,,,,,,,,,,1.0
diabetes,51,1.0,0.0,1.0,1.0,0.0,5.0,1.0,0.0,,,,,,,,,,,,,1.0
diabetes,52,0.0,1.0,1.0,0.0,1.0,3.0,1.0,0.0,,,,,,,,,,,,,1.0
diabetes,53,1.0,0.0,0.0,0.0,0.0,5.0,1.0,1.0,,,,,,,,,,,,,1.0
diabetes,54,1.0,0.0,1.0,0.0,0.0,5.0,1.0,0.0,,,,,,,,,,,,,1.0
diabetes,55,1.0,1.0,1.0,0.0,0.0,5.0,1.0,0.0,,,,,,,,,,,,,0.0
diabetes,56,1.0,0.0,1.0,0.0,1.0,5.0,1.0,0.0,,,,,,,,,,,,,1.0
diabetes,57,1.0,1.0,1.0,0.0,1.0,4.0,1.0,0.0,,,,,,,,,,,,,0.0
diabetes,58,1.0,0.0,1.0,0.0,1.0,3.0,0.0,0.0,,,,,,,,,,,,,1.0
diabetes,59,1.0,0.0,1.0,0.0,0.0,5.0,1.0,0.0,,,,,,,,,,,,,1.0
diabetes,60,1.0,0.0,1.0,0.0,0.0,4.0,0.0,1.0,,,,,,,,,,,,,0.0
diabetes,61,1.0,0.0,1.0,0.0,0.0,5.0,1.0,1.0,,,,,,,,,,,,,1.0
diabetes,62,0.0,0.0,1.0,0.0,1.0,3.0,1.0,1.0,,,,,,,,,,,,,0.0
diabetes,63,0.0,1.0,1.0,0.0,0.0,3.0,1.0,1.0,,,,,,,,,,,,,0.0
diabetes,64,1.0,1.0,1.0,0.0,0.0,4.0,1.0,0.0,,,,,,,,,,,,,1.0
diabetes,65,1.0,1.0,1.0,0.0,1.0,5.0,1.0,1.0,,,,,,,,,,,,,1.0
diabetes,66,0.0,1.0,0.0,0.0,1.0,5.0,1.0,1.0,,,,,,,,,,,,,0.0
diabetes,67,0.0,1.0,1.0,0.0,1.0,4.0,1.0,0.0,,,,,,,,,,,,,0.0
diabetes,68,0.0,0.0,1.0,0.0,0.0,3.0,1.0,1.0,,,,,,,,,,,,,1.0
diabetes,69,1.0,1.0,1.0,0.0,1.0,3.0,1.0,0.0,,,,,,,,,,,,,1.0
diabetes,70,1.0,1.0,1.0,0.0,1.0,4.0,1.0,1.0,,,,,,,,,,,,,0.0
diabetes,71,1.0,1.0,1.0,0.0,1.0,3.0,1.0,1.0,,,,,,,,,,,,,0.0
diabetes,72,0.0,1.0,0.0,0.0,1.0,4.0,1.0,0.0,,,,,,,,,,,,,1.0
diabetes,73,0.0,0.0,1.0,1.0,1.0,3.0,1.0,1.0,,,,,,,,,,,,,0.0
diabetes,74,1.0,0.0,1.0,0.0,0.0,1.0,0.0,1.0,,,,,,,,,,,,,1.0
diabetes,75,1.0,1.0,1.0,0.0,1.0,4.0,1.0,0.0,,,,,,,,,,,,,1.0
diabetes,76,0.0,1.0,1.0,0.0,1.0,4.0,1.0,0.0,,,,,,,,,,,,,0.0
diabetes,77,1.0,0.0,0.0,0.0,1.0,4.0,1.0,0.0,,,,,,,,,,,,,0.0
diabetes,78,1.0,0.0,1.0,0.0,1.0,4.0,1.0,1.0,,,,,,,,,,,,,0.0
diabetes,79,1.0,0.0,1.0,0.0,0.0,3.0,1.0,1.0,,,,,,,,,,,,,0.0
diabetes,80,1.0,1.0,0.0,0.0,0.0,5.0,1.0,0.0,,,,,,,,,,,,,1.0
diabetes,81,1.0,1.0,1.0,0.0,1.0,4.0,1.0,1.0,,,,,,,,,,,,,0.0
diabetes,82,0.0,1.0,1.0,0.0,1.0,3.0,1.0,0.0,,,,,,,,,,,,,1.0
diabetes,83,1.0,1.0,1.0,0.0,0.0,5.0,0.0,0.0,,,,,,,,,,,,,1.0
diabetes,84,1.0,1.0,1.0,0.0,0.0,5.0,1.0,1.0,,,,,,,,,,,,,1.0
diabetes,85,1.0,0.0,1.0,0.0,0.0,4.0,1.0,1.0,,,,,,,,,,,,,0.0
diabetes,86,0.0,1.0,1.0,0.0,1.0,4.0,1.0,0.0,,,,,,,,,,,,,1.0
diabetes,87,1.0,1.0,1.0,0.0,1.0,4.0,1.0,0.0,,,,,,,,,,,,,1.0
diabetes,88,0.0,0.0,1.0,0.0,0.0,4.0,1.0,1.0,,,,,,,,,,,,,0.0
diabetes,89,1.0,0.0,1.0,0.0,1.0,4.0,1.0,0.0,,,,,,,,,,,,,1.0
diabetes,90,1.0,0.0,1.0,0.0,0.0,5.0,1.0,1.0,,,,,,,,,,,,,0.0
diabetes,91,1.0,1.0,1.0,0.0,1.0,3.0,1.0,0.0,,,,,,,,,,,,,0.0
diabetes,92,1.0,1.0,0.0,0.0,0.0,4.0,1.0,0.0,,,,,,,,,,,,,1.0
diabetes,93,0.0,0.0,1.0,0.0,1.0,1.0,1.0,0.0,,,,,,,,,,,,,0.0
diabetes,94,1.0,0.0,1.0,0.0,1.0,4.0,1.0,1.0,,,,,,,,,,,,,1.0
diabetes,95,1.0,0.0,1.0,1.0,0.0,5.0,1.0,0.0,,,,,,,,,,,,,1.0
diabetes,96,1.0,0.0,1.0,0.0,0.0,5.0,1.0,1.0,,,,,,,,,,,,,0.0
diabetes,97,0.0,1.0,1.0,0.0,1.0,1.0,1.0,1.0,,,,,,,,,,,,,0.0
diabetes,98,1.0,1.0,0.0,0.0,0.0,1.0,1.0,0.0,,,,,,,,,,,,,1.0
diabetes,99,1.0,1.0,1.0,0.0,1.0,5.0,1.0,1.0,,,,,,,,,,,,,0.0
diabetes,100,1.0,1.0,1.0,0.0,0.0,4.0,1.0,0.0,,,,,,,,,,,,,0.0
diabetes,101,0.0,0.0,1.0,0.0,1.0,3.0,1.0,1.0,,,,,,,,,,,,,0.0
diabetes,102,1.0,1.0,1.0,0.0,1.0,3.0,1.0,1.0,,,,,,,,,,,,,0.0
diabetes,103,1.0,1.0,1.0,0.0,0.0,4.0,1.0,1.0,,,,,,,,,,,,,1.0
diabetes,104,0.0,1.0,1.0,0.0,1.0,3.0,1.0,0.0,,,,,,,,,,,,,0.0
diabetes,105,1.0,1.0,1.0,0.0,1.0,4.0,1.0,0.0,,,,,,,,,,,,,0.0
diabetes,106,1.0,0.0,1.0,0.0,1.0,4.0,0.0,1.0,,,,,,,,,,,,,0.0
diabetes,107,1.0,1.0,1.0,0.0,0.0,4.0,1.0,0.0,,,,,,,,,,,,,0.0
diabetes,108,1.0,1.0,1.0,0.0,1.0,4.0,1.0,1.0,,,,,,,,,,,,,0.0
diabetes,109,1.0,1.0,1.0,0.0,1.0,3.0,1.0,0.0,,,,,,,,,,,,,0.0
diabetes,110,1.0,1.0,1.0,0.0,0.0,5.0,1.0,0.0,,,,,,,,,,,,,1.0
diabetes,111,1.0,0.0,1.0,0.0,0.0,4.0,1.0,1.0,,,,,,,,,,,,,1.0
diabetes,112,1.0,1.0,1.0,0.0,0.0,4.0,1.0,1.0,,,,,,,,,,,,,1.0
diabetes,113,0.0,0.0,0.0,0.0,0.0,2.0,1.0,0.0,,,,,,,,,,,,,0.0
diabetes,114,0.0,1.0,1.0,0.0,0.0,4.0,1.0,0.0,,,,,,,,,,,,,0.0
diabetes,115,1.0,0.0,1.0,0.0,1.0,5.0,1.0,0.0,,,,,,,,,,,,,1.0
diabetes,116,1.0,1.0,1.0,0.0,1.0,4.0,1.0,0.0,,,,,,,,,,,,,0.0
diabetes,117,0.0,1.0,1.0,1.0,1.0,5.0,1.0,0.0,,,,,,,,,,,,,1.0
diabetes,118,1.0,0.0,0.0,0.0,0.0,3.0,1.0,0.0,,,,,,,,,,,,,0.0
diabetes,119,1.0,0.0,1.0,0.0,0.0,5.0,1.0,1.0,,,,,,,,,,,,,1.0
wine_quality,0,10.8,0.63,30.0,0.39,3.18,0.093,,,,,,,,,,,,,,,1.0
wine_quality,1,9.5,0.62,35.0,0.52,3.38,0.085,,,,,,,,,,,,,,,1.0
wine_quality,2,8.7,0.75,55.0,0.42,3.34,0.084,,,,,,,,,,,,,,,0.0
wine_quality,3,10.2,0.87,15.0,0.46,2.99,0.071,,,,,,,,,,,,,,,0.0
wine_quality,4,9.5,0.62,78.0,0.45,3.38,0.08,,,,,,,,,,,,,,,0.0
wine_quality,5,12.0,1.13,18.0,0.27,3.2,0.074,,,,,,,,,,,,,,,1.0
wine_quality,6,10.9,0.68,22.0,0.765,3.33,0.084,,,,,,,,,,,,,,,0.0
wine_quality,7,13.6,0.88,89.0,0.47,3.54,0.048,,,,,,,,,,,,,,,1.0
wine_quality,8,11.2,0.74,22.0,0.33,3.26,0.084,,,,,,,,,,,,,,,1.0
wine_quality,9,11.7,0.75,29.0,0.42,3.24,0.1159999999999999,,,,,,,,,,,,,,,1.0
wine_quality,10,12.1,0.77,34.0,0.42,3.24,0.085,,,,,,,,,,,,,,,1.0
wine_quality,11,11.2,0.82,24.0,0.56,3.4,0.074,,,,,,,,,,,,,,,0.0
wine_quality,12,12.0,0.7,24.0,0.35,3.23,0.11,,,,,,,,,,,,,,,1.0
wine_quality,13,10.1,0.65,92.0,0.56,3.3,0.102,,,,,,,,,,,,,,,0.0
wine_quality,14,9.9,0.7,39.0,0.68,3.5,0.078,,,,,,,,,,,,,,,0.0
wine_quality,15,10.0,0.7,28.0,0.31,3.42,0.066,,,,,,,,,,,,,,,1.0
wine_quality,16,9.5,0.79,49.0,0.5,3.36,0.075,,,,,,,,,,,,,,,0.0
wine_quality,17,9.9,0.76,41.0,0.41,3.02,0.095,,,,,,,,,,,,,,,1.0
wine_quality,18,11.8,0.76,88.0,0.18,3.33,0.071,,,,,,,,,,,,,,,1.0
wine_quality,19,10.1,0.69,11.0,0.64,3.37,0.115,,,,,,,,,,,,,,,1.0
wine_quality,20,11.0,0.65,16.0,0.35,3.15,0.07,,,,,,,,,,,,,,,1.0
wine_quality,21,9.9,0.51,141.0,0.69,3.25,0.08,,,,,,,,,,,,,,,0.0
wine_quality,22,12.8,0.63,11.0,0.66,3.71,0.087,,,,,,,,,,,,,,,1.0
wine_quality,23,9.4,0.52,72.0,0.41,3.44,0.083,,,,,,,,,,,,,,,0.0
wine_quality,24,12.0,0.66,35.0,0.35,3.2,0.066,,,,,,,,,,,,,,,1.0
wine_quality,25,9.4,0.49,121.0,0.6,3.37,0.07,,,,,,,,,,,,,,,0.0
wine_quality,26,12.4,0.86,19.0,0.53,3.3,0.039,,,,,,,,,,,,,,,0.0
wine_quality,27,11.7,0.39,100.0,0.28,3.26,0.012,,,,,,,,,,,,,,,1.0
wine_quality,28,11.8,0.73,67.0,0.56,3.28,0.089,,,,,,,,,,,,,,,1.0
wine_quality,29,10.8,0.62,90.0,0.815,3.38,0.074,,,,,,,,,,,,,,,0.0
wine_quality,30,9.4,0.7,90.0,0.62,3.16,0.146,,,,,,,,,,,,,,,0.0
wine_quality,31,10.6,0.82,47.0,0.35,3.26,0.0579999999999999,,,,,,,,,,,,,,,1.0
wine_quality,32,12.8,0.63,11.0,0.66,3.71,0.087,,,,,,,,,,,,,,,1.0
wine_quality,33,11.5,0.55,14.0,0.59,3.42,0.091,,,,,,,,,,,,,,,1.0
wine_quality,34,11.7,0.82,19.0,0.4,3.27,0.0969999999999999,,,,,,,,,,,,,,,1.0
wine_quality,35,10.2,0.62,28.0,0.6,3.52,0.083,,,,,,,,,,,,,,,1.0
wine_quality,36,9.5,0.53,45.0,0.62,3.34,0.084,,,,,,,,,,,,,,,0.0
wine_quality,37,10.8,0.6,15.0,0.6,3.42,0.086,,,,,,,,,,,,,,,0.0
wine_quality,38,11.5,0.6,52.0,0.76,3.51,0.072,,,,,,,,,,,,,,,0.0
wine_quality,39,9.5,0.63,12.0,0.43,3.19,0.214,,,,,,,,,,,,,,,0.0
wine_quality,40,10.0,1.1,13.0,0.33,3.23,0.061,,,,,,,,,,,,,,,1.0
wine_quality,41,10.0,0.6,29.0,0.64,3.32,0.077,,,,,,,,,,,,,,,0.0
wine_quality,42,10.1,0.63,20.0,0.67,3.4,0.107,,,,,,,,,,,,,,,0.0
wine_quality,43,10.2,0.65,23.0,0.915,3.35,0.143,,,,,,,,,,,,,,,1.0
wine_quality,44,10.3,0.87,28.0,0.22,3.41,0.078,,,,,,,,,,,,,,,0.0
wine_quality,45,11.3,0.49,29.0,0.4,3.28,0.061,,,,,,,,,,,,,,,1.0
wine_quality,46,11.0,0.65,49.0,0.59,3.18,0.087,,,,,,,,,,,,,,,0.0
wine_quality,47,10.2,0.75,26.0,0.39,3.34,0.073,,,,,,,,,,,,,,,0.0
wine_quality,48,9.5,0.61,126.0,0.63,3.28,0.099,,,,,,,,,,,,,,,0.0
wine_quality,49,11.1,0.79,20.0,0.44,3.14,0.071,,,,,,,,,,,,,,,1.0
wine_quality,50,10.2,0.72,10.0,0.26,3.2,0.071,,,,,,,,,,,,,,,1.0
wine_quality,51,10.1,0.54,99.0,0.6,3.35,0.095,,,,,,,,,,,,,,,0.0
wine_quality,52,13.3,0.79,25.0,0.41,3.34,0.055,,,,,,,,,,,,,,,1.0
wine_quality,53,10.3,0.46,57.0,0.645,3.37,0.086,,,,,,,,,,,,,,,0.0
wine_quality,54,12.8,0.86,37.0,0.35,3.35,0.078,,,,,,,,,,,,,,,1.0
wine_quality,55,12.8,0.55,8.0,0.36,3.36,0.067,,,,,,,,,,,,,,,1.0
wine_quality,56,11.5,0.71,59.0,0.66,3.37,0.083,,,,,,,,,,,,,,,1.0
wine_quality,57,12.6,0.82,13.0,0.32,3.23,0.073,,,,,,,,,,,,,,,1.0
wine_quality,58,11.0,0.86,48.0,0.34,3.34,0.065,,,,,,,,,,,,,,,0.0
wine_quality,59,9.5,0.59,115.0,0.58,3.23,0.081,,,,,,,,,,,,,,,0.0
wine_quality,60,11.0,0.64,8.0,0.27,3.4,0.05,,,,,,,,,,,,,,,1.0
wine_quality,61,12.9,0.72,42.0,0.38,3.34,0.068,,,,,,,,,,,,,,,1.0
wine_quality,62,10.0,0.58,45.0,0.4,3.26,0.083,,,,,,,,,,,,,,,0.0
wine_quality,63,11.1,0.72,20.0,0.36,3.14,0.087,,,,,,,,,,,,,,,1.0
wine_quality,64,10.9,0.73,55.0,0.36,3.47,0.08,,,,,,,,,,,,,,,0.0
wine_quality,65,10.0,0.7,49.0,0.38,3.19,0.096,,,,,,,,,,,,,,,1.0
wine_quality,66,10.5,0.77,47.0,0.4,3.38,0.087,,,,,,,,,,,,,,,1.0
wine_quality,67,9.5,0.54,81.0,0.715,3.24,0.075,,,,,,,,,,,,,,,0.0
wine_quality,68,10.8,0.66,24.0,0.53,3.29,0.071,,,,,,,,,,,,,,,0.0
wine_quality,69,10.0,0.46,16.0,1.0,3.43,0.102,,,,,,,,,,,,,,,0.0
wine_quality,70,12.5,0.53,26.0,0.27,3.17,0.065,,,,,,,,,,,,,,,0.0
wine_quality,71,10.7,0.58,15.0,0.705,3.44,0.076,,,,,,,,,,,,,,,0.0
wine_quality,72,11.0,0.65,53.0,0.35,3.42,0.096,,,,,,,,,,,,,,,0.0
wine_quality,73,9.2,0.84,24.0,0.21,3.07,0.075,,,,,,,,,,,,,,,1.0
wine_quality,74,10.1,0.97,27.0,0.3,3.11,0.067,,,,,,,,,,,,,,,0.0
wine_quality,75,11.2,0.68,18.0,0.48,3.37,0.089,,,,,,,,,,,,,,,1.0
wine_quality,76,10.0,0.73,42.0,0.615,3.07,0.083,,,,,,,,,,,,,,,1.0
wine_quality,77,9.2,0.7,15.0,0.315,2.98,0.084,,,,,,,,,,,,,,,0.0
wine_quality,78,11.2,0.53,36.0,0.58,3.24,0.102,,,,,,,,,,,,,,,0.0
wine_quality,79,9.7,0.74,39.0,0.67,3.4,0.08,,,,,,,,,,,,,,,0.0
wine_quality,80,11.0,0.65,49.0,0.59,3.18,0.087,,,,,,,,,,,,,,,0.0
wine_quality,81,10.8,0.49,17.0,0.725,3.35,0.1169999999999999,,,,,,,,,,,,,,,0.0
wine_quality,82,10.2,0.66,28.0,0.705,3.6,0.081,,,,,,,,,,,,,,,0.0
wine_quality,83,9.9,0.52,49.0,0.38,3.37,0.078,,,,,,,,,,,,,,,0.0
wine_quality,84,9.0,0.57,47.0,0.58,3.25,0.074,,,,,,,,,,,,,,,0.0
wine_quality,85,12.5,0.69,16.0,0.4,3.21,0.071,,,,,,,,,,,,,,,1.0
wine_quality,86,10.7,0.58,37.0,0.62,3.31,0.088,,,,,,,,,,,,,,,0.0
wine_quality,87,11.0,0.58,15.0,0.55,3.35,0.093,,,,,,,,,,,,,,,1.0
wine_quality,88,11.5,0.83,13.0,0.44,3.28,0.107,,,,,,,,,,,,,,,0.0
wine_quality,89,13.1,0.72,17.0,0.54,3.2,0.076,,,,,,,,,,,,,,,1.0
wine_quality,90,9.8,0.82,29.0,0.31,2.88,0.072,,,,,,,,,,,,,,,1.0
wine_quality,91,12.4,0.8,41.0,0.25,3.52,0.063,,,,,,,,,,,,,,,1.0
wine_quality,92,10.5,0.88,19.0,0.3,3.31,0.054,,,,,,,,,,,,,,,1.0
wine_quality,93,12.0,0.86,31.0,0.31,3.33,0.079,,,,,,,,,,,,,,,1.0
wine_quality,94,9.6,0.57,49.0,0.46,3.05,0.07,,,,,,,,,,,,,,,0.0
wine_quality,95,10.9,1.04,24.0,0.26,3.18,0.078,,,,,,,,,,,,,,,1.0
wine_quality,96,10.5,0.77,47.0,0.4,3.38,0.087,,,,,,,,,,,,,,,1.0
wine_quality,97,10.7,0.67,61.0,0.545,3.36,0.087,,,,,,,,,,,,,,,0.0
wine_quality,98,13.6,0.66,80.0,0.4,3.49,0.046,,,,,,,,,,,,,,,0.0
wine_quality,99,11.2,0.67,28.0,0.48,3.33,0.066,,,,,,,,,,,,,,,1.0
wine_quality,100,11.6,0.76,53.0,0.58,3.35,0.062,,,,,,,,,,,,,,,1.0
wine_quality,101,12.0,1.13,18.0,0.27,3.2,0.074,,,,,,,,,,,,,,,1.0
wine_quality,102,10.5,0.54,31.0,0.51,3.36,0.084,,,,,,,,,,,,,,,0.0
wine_quality,103,9.8,0.49,109.0,0.58,3.08,0.102,,,,,,,,,,,,,,,0.0
wine_quality,104,10.0,0.56,32.0,0.48,3.28,0.102,,,,,,,,,,,,,,,0.0
wine_quality,105,12.2,0.64,10.0,0.395,3.27,0.094,,,,,,,,,,,,,,,1.0
wine_quality,106,12.3,0.55,12.0,0.28,3.25,0.067,,,,,,,,,,,,,,,1.0
wine_quality,107,10.6,0.86,49.0,0.52,3.34,0.091,,,,,,,,,,,,,,,1.0
wine_quality,108,10.5,0.56,18.0,0.58,3.32,0.088,,,,,,,,,,,,,,,1.0
wine_quality,109,10.3,0.68,49.0,0.64,3.35,0.083,,,,,,,,,,,,,,,0.0
wine_quality,110,9.8,0.75,30.0,0.63,3.4,0.078,,,,,,,,,,,,,,,0.0
wine_quality,111,10.5,0.92,16.0,0.59,3.42,0.065,,,,,,,,,,,,,,,1.0
wine_quality,112,9.5,0.7,73.0,0.59,3.28,0.09,,,,,,,,,,,,,,,0.0
wine_quality,113,11.7,0.92,17.0,0.3,3.15,0.08,,,,,,,,,,,,,,,1.0
wine_quality,114,12.4,0.66,25.0,0.48,3.28,0.073,,,,,,,,,,,,,,,0.0
wine_quality,115,11.8,0.79,16.0,0.31,3.31,0.109,,,,,,,,,,,,,,,1.0
wine_quality,116,10.0,0.65,54.0,0.48,3.3,0.062,,,,,,,,,,,,,,,1.0
wine_quality,117,12.5,0.72,26.0,0.52,3.4,0.07,,,,,,,,,,,,,,,1.0
wine_quality,118,9.4,0.61,25.0,0.53,3.27,0.171,,,,,,,,,,,,,,,0.0
wine_quality,119,9.9,0.76,41.0,0.41,3.02,0.095,,,,,,,,,,,,,,,1.0
wine_quality,120,11.3,0.9,34.0,0.28,3.28,0.062,,,,,,,,,,,,,,,1.0
wine_quality,121,11.0,0.9,24.0,0.24,3.15,0.066,,,,,,,,,,,,,,,1.0
wine_quality,122,12.1,0.59,10.0,0.48,3.21,0.1009999999999999,,,,,,,,,,,,,,,1.0
wine_quality,123,12.3,0.54,17.0,0.23,3.21,0.069,,,,,,,,,,,,,,,0.0
wine_quality,124,9.1,0.5,119.0,0.59,3.15,0.109,,,,,,,,,,,,,,,0.0
wine_quality,125,11.4,0.68,43.0,0.29,3.04,0.084,,,,,,,,,,,,,,,1.0
wine_quality,126,10.5,0.63,20.0,0.47,3.32,0.114,,,,,,,,,,,,,,,0.0
wine_quality,127,10.8,0.59,18.0,0.59,3.41,0.06,,,,,,,,,,,,,,,1.0
wine_quality,128,11.8,0.71,19.0,0.32,3.14,0.075,,,,,,,,,,,,,,,1.0
wine_quality,129,10.5,0.73,72.0,0.38,3.1,0.081,,,,,,,,,,,,,,,0.0
wine_quality,130,10.5,0.8,33.0,0.31,3.36,0.085,,,,,,,,,,,,,,,1.0
wine_quality,131,12.8,0.55,8.0,0.36,3.36,0.067,,,,,,,,,,,,,,,1.0
wine_quality,132,9.9,0.52,59.0,0.615,3.58,0.089,,,,,,,,,,,,,,,0.0
wine_quality,133,10.5,0.57,47.0,0.37,3.15,0.09,,,,,,,,,,,,,,,0.0
wine_quality,134,11.7,0.84,27.0,0.29,3.26,0.063,,,,,,,,,,,,,,,1.0
wine_quality,135,11.4,0.57,19.0,0.6,3.14,0.075,,,,,,,,,,,,,,,0.0
wine_quality,136,10.55,0.68,24.0,0.56,3.44,0.065,,,,,,,,,,,,,,,1.0
wine_quality,137,13.1,0.56,65.0,0.52,3.9,0.054,,,,,,,,,,,,,,,0.0
wine_quality,138,12.2,0.84,21.0,0.695,3.17,0.128,,,,,,,,,,,,,,,1.0
wine_quality,139,11.0,0.58,14.0,0.845,3.32,0.07,,,,,,,,,,,,,,,0.0
wine_quality,140,9.6,0.7,27.0,0.57,3.36,0.076,,,,,,,,,,,,,,,0.0
wine_quality,141,9.6,0.5,32.0,0.43,2.89,0.106,,,,,,,,,,,,,,,0.0
wine_quality,142,12.9,0.87,101.0,0.51,3.46,0.042,,,,,,,,,,,,,,,1.0
wine_quality,143,12.3,0.51,289.0,0.3,3.01,0.05,,,,,,,,,,,,,,,1.0
wine_quality,144,12.1,0.64,24.0,0.3,3.27,0.09,,,,,,,,,,,,,,,1.0
wine_quality,145,12.9,0.94,86.0,0.585,3.56,0.044,,,,,,,,,,,,,,,1.0
wine_quality,146,10.5,0.72,129.0,0.43,3.42,0.07,,,,,,,,,,,,,,,0.0
wine_quality,147,9.9,1.08,10.0,0.27,3.25,0.358,,,,,,,,,,,,,,,1.0
wine_quality,148,11.7,0.69,12.0,0.42,3.35,0.068,,,,,,,,,,,,,,,1.0
wine_quality,149,9.6,0.78,15.0,0.32,3.2,0.077,,,,,,,,,,,,,,,0.0
wine_quality,150,11.2,0.68,43.0,0.685,2.95,0.1,,,,,,,,,,,,,,,1.0
wine_quality,151,10.0,0.56,31.0,0.53,3.33,0.076,,,,,,,,,,,,,,,0.0
wine_quality,152,10.7,0.78,32.0,0.57,3.12,0.0819999999999999,,,,,,,,,,,,,,,0.0
wine_quality,153,10.3,0.64,58.0,0.43,3.31,0.08,,,,,,,,,,,,,,,0.0
wine_quality,154,10.5,0.74,13.0,0.29,3.05,0.059,,,,,,,,,,,,,,,1.0
wine_quality,155,9.6,0.51,48.0,0.775,3.18,0.079,,,,,,,,,,,,,,,0.0
wine_quality,156,10.9,0.83,10.0,0.31,3.02,0.06,,,,,,,,,,,,,,,1.0
wine_quality,157,10.9,0.83,10.0,0.31,3.02,0.06,,,,,,,,,,,,,,,1.0
wine_quality,158,14.0,0.82,87.0,0.49,3.5,0.044,,,,,,,,,,,,,,,1.0
wine_quality,159,10.3,1.2,23.0,0.66,3.3,0.069,,,,,,,,,,,,,,,0.0
wine_quality,160,12.3,0.64,55.0,0.42,3.78,0.092,,,,,,,,,,,,,,,1.0
wine_quality,161,9.5,0.53,34.0,0.71,3.44,0.08,,,,,,,,,,,,,,,0.0
wine_quality,162,10.0,0.47,21.0,0.65,3.39,0.065,,,,,,,,,,,,,,,1.0
wine_quality,163,9.1,0.49,15.0,0.6,3.36,0.098,,,,,,,,,,,,,,,0.0
wine_quality,164,11.5,0.62,14.0,0.5,3.32,0.086,,,,,,,,,,,,,,,0.0
wine_quality,165,12.4,0.88,48.0,0.33,3.32,0.074,,,,,,,,,,,,,,,1.0
wine_quality,166,11.0,0.9,24.0,0.24,3.15,0.066,,,,,,,,,,,,,,,1.0
wine_quality,167,10.7,0.62,45.0,0.78,3.31,0.076,,,,,,,,,,,,,,,0.0
wine_quality,168,9.9,0.49,105.0,0.6,3.3,0.08,,,,,,,,,,,,,,,0.0
wine_quality,169,10.8,0.81,42.0,0.37,3.24,0.038,,,,,,,,,,,,,,,1.0
wine_quality,170,11.2,0.87,24.0,0.39,3.45,0.071,,,,,,,,,,,,,,,1.0
wine_quality,171,13.3,0.99,24.0,0.625,3.11,0.088,,,,,,,,,,,,,,,0.0
wine_quality,172,9.5,0.49,18.0,0.39,3.16,0.091,,,,,,,,,,,,,,,0.0
wine_quality,173,12.7,0.74,45.0,0.57,3.46,0.065,,,,,,,,,,,,,,,1.0
wine_quality,174,10.8,0.59,18.0,0.59,3.41,0.06,,,,,,,,,,,,,,,1.0
wine_quality,175,10.8,0.77,28.0,0.3,3.2,0.095,,,,,,,,,,,,,,,1.0
wine_quality,176,11.2,0.8,28.0,0.47,3.18,0.055,,,,,,,,,,,,,,,0.0
wine_quality,177,11.6,0.65,13.0,0.38,3.22,0.104,,,,,,,,,,,,,,,1.0
wine_quality,178,12.5,0.77,43.0,0.31,3.31,0.078,,,,,,,,,,,,,,,1.0
wine_quality,179,12.0,0.85,76.0,0.44,3.17,0.074,,,,,,,,,,,,,,,1.0
wine_quality,180,12.3,0.89,34.0,0.815,3.58,0.072,,,,,,,,,,,,,,,1.0
wine_quality,181,9.3,0.57,119.0,0.57,3.26,0.073,,,,,,,,,,,,,,,0.0
wine_quality,182,9.4,0.61,125.0,0.47,3.31,0.084,,,,,,,,,,,,,,,0.0
wine_quality,183,12.0,0.73,19.0,0.33,3.3,0.063,,,,,,,,,,,,,,,1.0
wine_quality,184,11.0,0.87,77.0,0.22,3.47,0.064,,,,,,,,,,,,,,,1.0
wine_quality,185,10.2,0.86,67.0,0.25,3.44,0.071,,,,,,,,,,,,,,,1.0
wine_quality,186,12.8,0.7,10.0,0.28,3.33,0.052,,,,,,,,,,,,,,,1.0
wine_quality,187,12.2,0.79,20.0,0.41,3.34,0.072,,,,,,,,,,,,,,,1.0
wine_quality,188,10.7,0.76,80.0,0.33,3.3,0.093,,,,,,,,,,,,,,,1.0
wine_quality,189,10.0,0.65,54.0,0.48,3.3,0.062,,,,,,,,,,,,,,,1.0
wine_quality,190,9.3,0.58,65.0,0.61,3.54,0.077,,,,,,,,,,,,,,,0.0
wine_quality,191,9.7,0.65,71.0,0.39,3.52,0.0819999999999999,,,,,,,,,,,,,,,0.0
wine_quality,192,12.5,0.84,27.0,0.57,3.57,0.054,,,,,,,,,,,,,,,1.0
wine_quality,193,9.5,0.59,11.0,0.41,3.28,0.08,,,,,,,,,,,,,,,0.0
wine_quality,194,9.9,0.54,74.0,0.43,3.26,0.069,,,,,,,,,,,,,,,0.0
wine_quality,195,10.2,0.7,17.0,0.46,3.13,0.122,,,,,,,,,,,,,,,0.0
wine_quality,196,12.1,0.77,37.0,0.34,3.35,0.064,,,,,,,,,,,,,,,1.0
wine_quality,197,9.1,1.33,64.0,0.76,2.9,0.414,,,,,,,,,,,,,,,0.0
wine_quality,198,9.9,0.66,21.0,0.28,2.98,0.074,,,,,,,,,,,,,,,1.0
wine_quality,199,10.7,0.63,12.0,0.34,3.52,0.079,,,,,,,,,,,,,,,0.0
wine_quality,200,11.4,0.58,13.0,0.54,3.72,0.049,,,,,,,,,,,,,,,0.0
wine_quality,201,9.8,0.66,31.0,0.64,3.59,0.081,,,,,,,,,,,,,,,0.0
wine_quality,202,10.7,0.58,43.0,0.59,3.42,0.08,,,,,,,,,,,,,,,0.0
wine_quality,203,11.4,0.49,48.0,0.67,3.49,0.045,,,,,,,,,,,,,,,0.0
wine_quality,204,11.0,0.82,55.0,0.36,3.18,0.06,,,,,,,,,,,,,,,1.0
wine_quality,205,10.5,0.53,21.0,0.35,3.17,0.09,,,,,,,,,,,,,,,0.0
wine_quality,206,10.5,0.56,18.0,0.58,3.32,0.088,,,,,,,,,,,,,,,1.0
wine_quality,207,11.9,0.6,26.0,0.35,3.36,0.068,,,,,,,,,,,,,,,0.0
wine_quality,208,11.8,0.63,74.0,0.26,2.98,0.083,,,,,,,,,,,,,,,1.0
wine_quality,209,9.0,0.59,35.0,0.545,3.3,0.08,,,,,,,,,,,,,,,0.0
wine_quality,210,8.4,0.63,16.0,0.61,3.16,0.2,,,,,,,,,,,,,,,0.0
wine_quality,211,11.3,0.71,36.0,0.57,3.47,0.12,,,,,,,,,,,,,,,1.0
wine_quality,212,9.7,0.53,111.0,0.48,3.1,0.08,,,,,,,,,,,,,,,0.0
wine_quality,213,9.2,0.73,114.0,0.935,3.25,0.114,,,,,,,,,,,,,,,0.0
wine_quality,214,11.0,0.5,37.0,0.52,3.46,0.081,,,,,,,,,,,,,,,0.0
wine_quality,215,12.9,0.82,88.0,0.85,3.56,0.045,,,,,,,,,,,,,,,1.0
wine_quality,216,10.1,0.74,25.0,0.4,3.42,0.069,,,,,,,,,,,,,,,1.0
wine_quality,217,12.7,0.77,20.0,0.33,3.38,0.07,,,,,,,,,,,,,,,1.0
wine_quality,218,11.7,0.62,29.0,0.56,3.42,0.064,,,,,,,,,,,,,,,1.0
wine_quality,219,10.3,0.54,160.0,0.29,3.33,0.067,,,,,,,,,,,,,,,0.0
wine_quality,220,9.4,0.57,33.0,0.63,3.09,0.077,,,,,,,,,,,,,,,0.0
wine_quality,221,10.7,0.56,23.0,0.775,3.45,0.102,,,,,,,,,,,,,,,0.0
wine_quality,222,12.5,0.78,26.0,0.49,3.16,0.072,,,,,,,,,,,,,,,1.0
wine_quality,223,10.8,0.92,67.0,0.32,3.32,0.081,,,,,,,,,,,,,,,1.0
wine_quality,224,9.4,0.55,142.0,0.4,3.22,0.085,,,,,,,,,,,,,,,0.0
wine_quality,225,10.7,0.67,61.0,0.545,3.36,0.087,,,,,,,,,,,,,,,0.0
wine_quality,226,10.1,0.57,88.0,1.02,3.08,0.076,,,,,,,,,,,,,,,0.0
wine_quality,227,9.4,0.62,141.0,0.67,3.17,0.1169999999999999,,,,,,,,,,,,,,,0.0
wine_quality,228,9.4,0.55,76.0,0.74,3.14,0.111,,,,,,,,,,,,,,,0.0
wine_quality,229,12.0,0.78,26.0,0.31,3.22,0.1939999999999999,,,,,,,,,,,,,,,0.0
wine_quality,230,11.2,0.58,7.0,0.58,3.22,0.12,,,,,,,,,,,,,,,0.0
wine_quality,231,9.5,0.54,140.0,0.52,3.23,0.079,,,,,,,,,,,,,,,0.0
wine_quality,232,14.0,0.74,50.0,0.42,3.72,0.06,,,,,,,,,,,,,,,1.0
wine_quality,233,9.8,0.68,41.0,0.38,3.17,0.088,,,,,,,,,,,,,,,0.0
wine_quality,234,9.6,0.54,130.0,0.64,3.23,0.084,,,,,,,,,,,,,,,0.0
wine_quality,235,12.8,0.7,10.0,0.28,3.33,0.052,,,,,,,,,,,,,,,1.0
wine_quality,236,12.8,0.76,12.0,0.33,3.3,0.067,,,,,,,,,,,,,,,1.0
wine_quality,237,11.1,0.89,37.0,0.33,3.18,0.057,,,,,,,,,,,,,,,1.0
wine_quality,238,11.0,0.65,16.0,0.35,3.15,0.07,,,,,,,,,,,,,,,1.0
wine_quality,239,12.4,0.76,25.0,0.33,3.36,0.074,,,,,,,,,,,,,,,1.0
wine_quality,240,9.5,0.5,98.0,0.64,3.28,0.168,,,,,,,,,,,,,,,0.0
wine_quality,241,10.5,0.68,42.0,0.5,2.92,0.073,,,,,,,,,,,,,,,1.0
wine_quality,242,12.9,0.6,106.0,0.6,3.85,0.0579999999999999,,,,,,,,,,,,,,,0.0
wine_quality,243,10.6,0.67,32.0,0.28,3.15,0.054,,,,,,,,,,,,,,,1.0
wine_quality,244,12.5,0.77,43.0,0.31,3.31,0.078,,,,,,,,,,,,,,,1.0
wine_quality,245,12.7,0.68,47.0,0.47,3.3,0.085,,,,,,,,,,,,,,,0.0
wine_quality,246,11.3,0.6,21.0,0.69,3.38,0.091,,,,,,,,,,,,,,,0.0
wine_quality,247,11.1,0.85,38.0,0.47,3.16,0.0579999999999999,,,,,,,,,,,,,,,0.0
wine_quality,248,9.7,0.49,12.0,0.755,3.34,0.084,,,,,,,,,,,,,,,0.0
wine_quality,249,10.6,0.67,56.0,0.775,3.31,0.078,,,,,,,,,,,,,,,0.0
wine_quality,250,11.9,0.76,21.0,0.12,3.41,0.075,,,,,,,,,,,,,,,1.0
wine_quality,251,11.2,0.83,28.0,0.31,3.24,0.075,,,,,,,,,,,,,,,1.0
wine_quality,252,11.4,0.55,7.0,0.34,3.19,0.066,,,,,,,,,,,,,,,1.0
wine_quality,253,9.3,0.61,84.0,0.685,3.21,0.111,,,,,,,,,,,,,,,0.0
wine_quality,254,11.3,0.73,28.0,0.37,3.23,0.062,,,,,,,,,,,,,,,1.0
wine_quality,255,11.5,0.71,59.0,0.66,3.37,0.083,,,,,,,,,,,,,,,1.0
wine_quality,256,9.5,0.55,88.0,0.6,3.53,0.076,,,,,,,,,,,,,,,0.0
wine_quality,257,10.8,0.51,12.0,0.885,3.56,0.166,,,,,,,,,,,,,,,0.0
wine_quality,258,9.5,0.5,22.0,0.965,3.26,0.1119999999999999,,,,,,,,,,,,,,,0.0
wine_quality,259,14.0,0.74,42.0,0.42,3.71,0.048,,,,,,,,,,,,,,,1.0
wine_quality,260,12.2,0.62,106.0,0.48,3.54,0.054,,,,,,,,,,,,,,,1.0
wine_quality,261,12.1,0.62,13.0,0.33,3.3,0.073,,,,,,,,,,,,,,,1.0
wine_quality,262,11.0,0.59,12.0,0.74,3.36,0.1,,,,,,,,,,,,,,,0.0
wine_quality,263,11.4,0.76,13.0,0.52,3.22,0.08,,,,,,,,,,,,,,,0.0
wine_quality,264,10.4,0.37,8.0,0.61,3.33,0.069,,,,,,,,,,,,,,,0.0
wine_quality,265,9.9,0.68,52.0,0.77,3.62,0.066,,,,,,,,,,,,,,,0.0
wine_quality,266,10.1,0.64,45.0,0.41,3.38,0.084,,,,,,,,,,,,,,,0.0
wine_quality,267,12.4,0.62,12.0,0.28,3.26,0.093,,,,,,,,,,,,,,,1.0
wine_quality,268,9.2,0.54,65.0,0.58,3.28,0.0969999999999999,,,,,,,,,,,,,,,0.0
wine_quality,269,11.5,0.74,14.0,0.53,3.05,0.121,,,,,,,,,,,,,,,1.0
wine_quality,270,11.5,0.5,149.0,0.39,3.12,0.07,,,,,,,,,,,,,,,0.0
wine_quality,271,10.8,0.51,12.0,0.885,3.56,0.166,,,,,,,,,,,,,,,0.0
wine_quality,272,10.8,0.69,33.0,0.635,3.58,0.08,,,,,,,,,,,,,,,1.0
wine_quality,273,9.8,0.54,9.0,0.57,3.16,0.069,,,,,,,,,,,,,,,0.0
wine_quality,274,11.6,0.74,81.0,0.69,3.48,0.086,,,,,,,,,,,,,,,0.0
wine_quality,275,12.7,0.66,11.0,0.66,3.35,0.052,,,,,,,,,,,,,,,1.0
wine_quality,276,9.5,0.59,70.0,0.38,3.42,0.073,,,,,,,,,,,,,,,0.0
wine_quality,277,9.8,0.59,85.0,0.59,3.55,0.077,,,,,,,,,,,,,,,0.0
wine_quality,278,9.4,0.61,112.0,0.54,3.27,0.076,,,,,,,,,,,,,,,0.0
wine_quality,279,10.4,0.6,43.0,0.83,3.33,0.095,,,,,,,,,,,,,,,0.0
wine_quality,280,9.1,0.62,63.0,0.58,3.17,0.096,,,,,,,,,,,,,,,0.0
wine_quality,281,10.7,0.49,37.0,0.46,3.36,0.076,,,,,,,,,,,,,,,0.0
wine_quality,282,11.8,0.66,15.0,0.51,3.09,0.107,,,,,,,,,,,,,,,1.0
wine_quality,283,9.2,0.58,92.0,0.77,3.2,0.098,,,,,,,,,,,,,,,0.0
wine_quality,284,10.0,0.58,31.0,0.71,3.38,0.092,,,,,,,,,,,,,,,0.0
wine_quality,285,10.0,0.59,54.0,0.59,3.43,0.076,,,,,,,,,,,,,,,0.0
wine_quality,286,12.1,0.79,56.0,0.52,3.15,0.066,,,,,,,,,,,,,,,1.0
wine_quality,287,11.6,0.63,19.0,0.44,3.23,0.077,,,,,,,,,,,,,,,1.0
wine_quality,288,11.5,0.72,12.0,0.43,3.44,0.062,,,,,,,,,,,,,,,1.0
wine_quality,289,13.0,0.6,38.0,0.37,3.22,0.066,,,,,,,,,,,,,,,1.0
wine_quality,290,10.4,0.85,23.0,0.43,3.15,0.109,,,,,,,,,,,,,,,1.0
wine_quality,291,11.7,0.84,25.0,0.3,3.26,0.064,,,,,,,,,,,,,,,1.0
wine_quality,292,9.3,1.28,56.0,0.56,3.11,0.368,,,,,,,,,,,,,,,0.0
wine_quality,293,11.8,0.49,14.0,0.41,3.21,0.071,,,,,,,,,,,,,,,1.0
wine_quality,294,9.8,0.75,14.0,0.39,3.3,0.118,,,,,,,,,,,,,,,0.0
wine_quality,295,9.7,0.6,45.0,0.5,3.24,0.094,,,,,,,,,,,,,,,1.0
wine_quality,296,13.6,0.73,88.0,0.42,3.68,0.044,,,,,,,,,,,,,,,1.0
wine_quality,297,12.3,0.51,278.0,0.3,3.01,0.05,,,,,,,,,,,,,,,1.0
wine_quality,298,10.3,0.83,44.0,0.53,3.38,0.063,,,,,,,,,,,,,,,0.0
wine_quality,299,9.5,0.56,115.0,0.63,3.22,0.235,,,,,,,,,,,,,,,0.0
wine_quality,300,9.7,0.73,30.0,0.38,3.23,0.066,,,,,,,,,,,,,,,1.0
wine_quality,301,10.0,0.64,52.0,0.43,3.22,0.092,,,,,,,,,,,,,,,1.0
wine_quality,302,9.3,0.4,60.0,0.61,3.1,0.076,,,,,,,,,,,,,,,0.0
wine_quality,303,9.5,0.57,18.0,0.58,3.36,0.073,,,,,,,,,,,,,,,1.0
wine_quality,304,13.4,0.9,27.0,0.4,3.32,0.052,,,,,,,,,,,,,,,1.0
wine_quality,305,9.8,1.36,29.0,0.28,3.11,0.0819999999999999,,,,,,,,,,,,,,,1.0
wine_quality,306,12.8,0.65,24.0,0.37,3.0,0.078,,,,,,,,,,,,,,,0.0
wine_quality,307,12.3,0.56,48.0,0.84,3.52,0.059,,,,,,,,,,,,,,,1.0
wine_quality,308,10.8,1.02,21.0,0.24,3.25,0.075,,,,,,,,,,,,,,,1.0
wine_quality,309,11.0,0.57,49.0,0.625,3.14,0.1009999999999999,,,,,,,,,,,,,,,0.0
wine_quality,310,9.7,0.56,48.0,0.59,3.14,0.084,,,,,,,,,,,,,,,0.0
wine_quality,311,10.6,0.6,34.0,0.46,3.39,0.077,,,,,,,,,,,,,,,0.0
wine_quality,312,12.6,0.77,42.0,0.41,3.24,0.078,,,,,,,,,,,,,,,1.0
wine_quality,313,9.1,0.49,15.0,0.6,3.36,0.098,,,,,,,,,,,,,,,0.0
wine_quality,314,12.1,0.69,9.0,0.34,3.2,0.052,,,,,,,,,,,,,,,1.0
wine_quality,315,10.5,0.58,63.0,0.43,3.37,0.073,,,,,,,,,,,,,,,0.0
wine_quality,316,10.4,0.57,55.0,0.635,3.31,0.089,,,,,,,,,,,,,,,0.0
wine_quality,317,12.8,0.61,32.0,0.75,3.55,0.078,,,,,,,,,,,,,,,0.0
wine_quality,318,12.4,1.01,53.0,0.29,3.27,0.048,,,,,,,,,,,,,,,1.0
wine_quality,319,9.0,0.56,35.0,0.46,3.1,0.071,,,,,,,,,,,,,,,0.0
wine_quality,320,12.6,0.75,28.0,0.38,3.27,0.068,,,,,,,,,,,,,,,1.0
wine_quality,321,10.0,0.63,35.0,0.56,3.44,0.084,,,,,,,,,,,,,,,0.0
wine_quality,322,11.0,0.54,45.0,0.6,3.38,0.071,,,,,,,,,,,,,,,0.0
wine_quality,323,12.4,0.62,12.0,0.28,3.26,0.093,,,,,,,,,,,,,,,1.0
wine_quality,324,10.8,1.05,22.0,0.24,3.21,0.077,,,,,,,,,,,,,,,1.0
wine_quality,325,9.9,0.96,23.0,0.66,3.61,0.084,,,,,,,,,,,,,,,0.0
wine_quality,326,11.3,0.76,29.0,0.38,3.23,0.0559999999999999,,,,,,,,,,,,,,,1.0
wine_quality,327,11.2,0.8,28.0,0.47,3.18,0.055,,,,,,,,,,,,,,,0.0
wine_quality,328,11.3,0.59,27.0,0.24,3.14,0.055,,,,,,,,,,,,,,,1.0
wine_quality,329,10.5,0.83,87.0,0.45,3.33,0.074,,,,,,,,,,,,,,,0.0
wine_quality,330,11.9,0.58,10.0,0.38,3.13,0.103,,,,,,,,,,,,,,,1.0
wine_quality,331,10.4,0.64,74.0,0.77,3.3,0.0819999999999999,,,,,,,,,,,,,,,0.0
wine_quality,332,10.8,0.77,28.0,0.3,3.2,0.095,,,,,,,,,,,,,,,1.0
wine_quality,333,10.2,1.17,110.0,0.6,3.3,0.068,,,,,,,,,,,,,,,0.0
wine_quality,334,11.9,0.76,21.0,0.12,3.41,0.075,,,,,,,,,,,,,,,1.0
wine_quality,335,9.4,0.56,34.0,0.7,3.51,0.076,,,,,,,,,,,,,,,0.0
wine_quality,336,11.9,0.8,15.0,0.2,3.32,0.054,,,,,,,,,,,,,,,1.0
wine_quality,337,13.6,0.88,38.0,0.36,3.38,0.075,,,,,,,,,,,,,,,1.0
wine_quality,338,11.3,0.78,47.0,0.26,3.4,0.073,,,,,,,,,,,,,,,1.0
wine_quality,339,11.3,0.66,54.0,0.68,3.51,0.103,,,,,,,,,,,,,,,0.0
wine_quality,340,10.5,0.67,12.0,0.36,3.2,0.062,,,,,,,,,,,,,,,0.0
wine_quality,341,9.5,0.59,42.0,0.61,3.19,0.067,,,,,,,,,,,,,,,0.0
wine_quality,342,9.9,0.89,54.0,0.41,3.15,0.076,,,,,,,,,,,,,,,0.0
wine_quality,343,10.5,0.75,103.0,0.28,3.3,0.092,,,,,,,,,,,,,,,1.0
wine_quality,344,9.2,0.61,18.0,0.42,3.29,0.073,,,,,,,,,,,,,,,0.0
wine_quality,345,9.7,0.59,35.0,0.55,3.36,0.075,,,,,,,,,,,,,,,0.0
wine_quality,346,12.5,0.71,10.0,0.25,3.27,0.0409999999999999,,,,,,,,,,,,,,,1.0
wine_quality,347,11.7,0.74,38.0,0.65,3.34,0.078,,,,,,,,,,,,,,,1.0
wine_quality,348,9.5,0.54,48.0,0.67,3.31,0.091,,,,,,,,,,,,,,,0.0
wine_quality,349,9.5,0.68,11.0,0.57,3.46,0.067,,,,,,,,,,,,,,,0.0
wine_quality,350,11.6,0.76,52.0,0.53,3.19,0.093,,,,,,,,,,,,,,,1.0
wine_quality,351,9.5,0.64,86.0,0.51,3.34,0.079,,,,,,,,,,,,,,,0.0
wine_quality,352,11.0,0.85,44.0,0.36,3.4,0.074,,,,,,,,,,,,,,,1.0
wine_quality,353,11.8,0.74,15.0,0.28,3.3,0.061,,,,,,,,,,,,,,,1.0
wine_quality,354,11.8,0.66,15.0,0.51,3.09,0.107,,,,,,,,,,,,,,,1.0
wine_quality,355,11.0,0.85,44.0,0.36,3.4,0.074,,,,,,,,,,,,,,,1.0
wine_quality,356,10.8,0.62,35.0,0.57,3.36,0.077,,,,,,,,,,,,,,,0.0
wine_quality,357,9.2,0.48,34.0,0.49,3.29,0.069,,,,,,,,,,,,,,,0.0
wine_quality,358,12.0,0.85,76.0,0.44,3.17,0.074,,,,,,,,,,,,,,,1.0
wine_quality,359,10.6,1.02,47.0,0.31,3.12,0.094,,,,,,,,,,,,,,,1.0
wine_quality,360,10.4,0.51,31.0,0.54,3.37,0.085,,,,,,,,,,,,,,,0.0
wine_quality,361,11.0,0.78,17.0,0.32,3.33,0.104,,,,,,,,,,,,,,,1.0
wine_quality,362,13.4,0.69,19.0,0.62,3.22,0.086,,,,,,,,,,,,,,,1.0
wine_quality,363,9.2,0.84,24.0,0.21,3.07,0.075,,,,,,,,,,,,,,,1.0
wine_quality,364,9.1,1.06,32.0,0.48,3.09,0.415,,,,,,,,,,,,,,,0.0
wine_quality,365,9.8,0.66,31.0,0.64,3.59,0.081,,,,,,,,,,,,,,,0.0
wine_quality,366,9.5,0.51,101.0,0.39,3.13,0.095,,,,,,,,,,,,,,,0.0
wine_quality,367,10.3,0.6,23.0,0.68,3.38,0.07,,,,,,,,,,,,,,,0.0
wine_quality,368,11.4,0.7,24.0,0.36,3.24,0.074,,,,,,,,,,,,,,,1.0
wine_quality,369,12.0,0.63,25.0,0.49,3.35,0.071,,,,,,,,,,,,,,,0.0
wine_quality,370,9.7,0.59,147.0,0.54,3.26,0.089,,,,,,,,,,,,,,,0.0
wine_quality,371,11.8,0.65,10.0,0.38,3.12,0.104,,,,,,,,,,,,,,,1.0
wine_quality,372,9.4,0.48,68.0,0.33,3.3,0.083,,,,,,,,,,,,,,,0.0
wine_quality,373,12.4,0.93,35.0,0.36,3.37,0.23,,,,,,,,,,,,,,,0.0
wine_quality,374,9.5,0.55,40.0,0.65,3.29,0.089,,,,,,,,,,,,,,,0.0
wine_quality,375,9.8,0.58,26.0,0.5,3.4,0.06,,,,,,,,,,,,,,,0.0
wine_quality,376,11.7,0.39,100.0,0.28,3.26,0.012,,,,,,,,,,,,,,,1.0
wine_quality,377,11.2,0.81,19.0,0.37,3.17,0.063,,,,,,,,,,,,,,,1.0
wine_quality,378,9.4,0.57,19.0,0.38,3.42,0.072,,,,,,,,,,,,,,,0.0
wine_quality,379,10.9,0.4,9.0,1.58,3.5,0.1369999999999999,,,,,,,,,,,,,,,0.0
wine_quality,380,11.1,0.58,10.0,0.21,3.23,0.067,,,,,,,,,,,,,,,1.0
wine_quality,381,11.0,0.85,44.0,0.36,3.4,0.074,,,,,,,,,,,,,,,1.0
wine_quality,382,9.8,0.53,38.0,0.6,3.15,0.118,,,,,,,,,,,,,,,0.0
wine_quality,383,10.6,0.65,17.0,0.37,3.17,0.085,,,,,,,,,,,,,,,1.0
wine_quality,384,10.8,0.69,33.0,0.635,3.58,0.08,,,,,,,,,,,,,,,1.0
wine_quality,385,9.7,0.57,71.0,0.6,3.5,0.079,,,,,,,,,,,,,,,0.0
wine_quality,386,9.5,0.58,37.0,0.29,3.25,0.113,,,,,,,,,,,,,,,0.0
wine_quality,387,10.5,0.58,44.0,0.6,3.45,0.09,,,,,,,,,,,,,,,0.0
wine_quality,388,12.5,0.59,35.0,0.31,3.22,0.0819999999999999,,,,,,,,,,,,,,,1.0
wine_quality,389,10.6,0.86,49.0,0.52,3.34,0.091,,,,,,,,,,,,,,,1.0
wine_quality,390,10.9,0.81,39.0,0.39,3.29,0.069,,,,,,,,,,,,,,,1.0
wine_quality,391,12.5,0.81,16.0,0.31,3.15,0.216,,,,,,,,,,,,,,,1.0
wine_quality,392,9.4,0.43,88.0,0.35,3.15,0.092,,,,,,,,,,,,,,,0.0
wine_quality,393,11.8,0.51,46.0,0.62,3.32,0.065,,,,,,,,,,,,,,,0.0
wine_quality,394,11.0,0.85,44.0,0.36,3.4,0.074,,,,,,,,,,,,,,,1.0
wine_quality,395,11.2,0.54,10.0,0.34,3.27,0.065,,,,,,,,,,,,,,,1.0
wine_quality,396,12.0,0.99,24.0,0.44,3.29,0.092,,,,,,,,,,,,,,,1.0
wine_quality,397,10.9,0.76,49.0,0.25,3.4,0.054,,,,,,,,,,,,,,,1.0
wine_quality,398,10.0,0.72,28.0,0.705,3.51,0.092,,,,,,,,,,,,,,,0.0
wine_quality,399,9.3,0.53,120.0,0.57,3.29,0.069,,,,,,,,,,,,,,,0.0
mushrooms,0,0.0,7.06,18.35,0.0,8.35,1.0,,,,,,,,,,,,,,,0.0
mushrooms,1,0.0,6.42,12.97,1.0,7.81,1.0,,,,,,,,,,,,,,,1.0
mushrooms,2,0.0,6.69,11.31,0.0,7.17,1.0,,,,,,,,,,,,,,,1.0
mushrooms,3,0.0,2.15,2.65,0.0,1.82,1.0,,,,,,,,,,,,,,,0.0
mushrooms,4,0.0,6.78,21.63,0.0,13.39,1.0,,,,,,,,,,,,,,,1.0
mushrooms,5,1.0,8.12,33.99,0.0,21.41,1.0,,,,,,,,,,,,,,,0.0
mushrooms,6,0.0,3.69,2.67,0.0,3.09,1.0,,,,,,,,,,,,,,,0.0
mushrooms,7,0.0,4.1,6.09,0.0,1.33,0.0,,,,,,,,,,,,,,,0.0
mushrooms,8,0.0,4.92,5.03,1.0,4.02,1.0,,,,,,,,,,,,,,,1.0
mushrooms,9,0.0,3.29,1.53,0.0,0.99,1.0,,,,,,,,,,,,,,,0.0
mushrooms,10,0.0,11.41,18.26,0.0,12.69,1.0,,,,,,,,,,,,,,,1.0
mushrooms,11,0.0,4.8,2.23,1.0,1.46,1.0,,,,,,,,,,,,,,,1.0
mushrooms,12,1.0,2.99,9.48,0.0,6.25,1.0,,,,,,,,,,,,,,,0.0
mushrooms,13,0.0,4.62,16.7,0.0,7.35,1.0,,,,,,,,,,,,,,,0.0
mushrooms,14,0.0,2.28,2.4,0.0,1.39,1.0,,,,,,,,,,,,,,,0.0
mushrooms,15,0.0,5.17,12.94,1.0,5.38,1.0,,,,,,,,,,,,,,,0.0
mushrooms,16,0.0,4.9,12.08,1.0,5.13,1.0,,,,,,,,,,,,,,,0.0
mushrooms,17,0.0,11.88,30.0,0.0,10.56,1.0,,,,,,,,,,,,,,,0.0
mushrooms,18,1.0,6.34,15.51,0.0,9.03,1.0,,,,,,,,,,,,,,,0.0
mushrooms,19,0.0,7.52,3.57,1.0,2.56,1.0,,,,,,,,,,,,,,,1.0
mushrooms,20,0.0,2.81,5.0,0.0,2.48,1.0,,,,,,,,,,,,,,,1.0
mushrooms,21,0.0,7.62,13.81,0.0,7.68,1.0,,,,,,,,,,,,,,,1.0
mushrooms,22,0.0,3.78,6.43,0.0,3.88,1.0,,,,,,,,,,,,,,,1.0
mushrooms,23,1.0,5.24,16.81,0.0,6.94,1.0,,,,,,,,,,,,,,,0.0
mushrooms,24,0.0,5.57,11.82,1.0,3.76,1.0,,,,,,,,,,,,,,,0.0
mushrooms,25,0.0,5.53,14.28,1.0,5.03,0.0,,,,,,,,,,,,,,,1.0
mushrooms,26,0.0,6.41,20.1,0.0,15.82,1.0,,,,,,,,,,,,,,,1.0
mushrooms,27,0.0,5.43,4.69,0.0,5.43,1.0,,,,,,,,,,,,,,,1.0
mushrooms,28,0.0,4.67,2.27,0.0,1.25,1.0,,,,,,,,,,,,,,,1.0
mushrooms,29,1.0,5.28,14.04,0.0,5.04,1.0,,,,,,,,,,,,,,,0.0
mushrooms,30,0.0,5.08,2.6,0.0,1.61,1.0,,,,,,,,,,,,,,,1.0
mushrooms,31,0.0,2.04,2.47,0.0,1.48,1.0,,,,,,,,,,,,,,,0.0
mushrooms,32,0.0,4.49,11.49,0.0,4.88,1.0,,,,,,,,,,,,,,,0.0
mushrooms,33,0.0,3.31,6.02,1.0,3.33,1.0,,,,,,,,,,,,,,,1.0
mushrooms,34,0.0,5.8,10.68,1.0,5.01,1.0,,,,,,,,,,,,,,,1.0
mushrooms,35,1.0,4.69,10.6,0.0,4.44,1.0,,,,,,,,,,,,,,,0.0
mushrooms,36,0.0,5.77,13.98,1.0,8.98,1.0,,,,,,,,,,,,,,,1.0
mushrooms,37,0.0,5.58,10.58,1.0,6.4,1.0,,,,,,,,,,,,,,,1.0
mushrooms,38,0.0,6.19,16.36,0.0,8.19,1.0,,,,,,,,,,,,,,,0.0
mushrooms,39,0.0,2.21,2.6,0.0,1.4,1.0,,,,,,,,,,,,,,,0.0
mushrooms,40,1.0,5.94,13.66,0.0,5.87,1.0,,,,,,,,,,,,,,,0.0
mushrooms,41,0.0,4.89,16.33,1.0,6.35,1.0,,,,,,,,,,,,,,,0.0
mushrooms,42,0.0,4.84,16.99,0.0,7.09,1.0,,,,,,,,,,,,,,,0.0
mushrooms,43,0.0,6.52,12.13,0.0,8.63,1.0,,,,,,,,,,,,,,,1.0
mushrooms,44,1.0,6.78,28.97,1.0,16.14,1.0,,,,,,,,,,,,,,,0.0
mushrooms,45,1.0,4.75,14.82,0.0,6.77,1.0,,,,,,,,,,,,,,,0.0
mushrooms,46,0.0,4.76,4.1,0.0,1.97,1.0,,,,,,,,,,,,,,,1.0
mushrooms,47,0.0,3.9,10.11,1.0,5.35,1.0,,,,,,,,,,,,,,,0.0
mushrooms,48,0.0,3.16,1.53,0.0,0.99,1.0,,,,,,,,,,,,,,,0.0
mushrooms,49,0.0,6.39,5.18,1.0,5.04,1.0,,,,,,,,,,,,,,,0.0
mushrooms,50,0.0,3.51,5.43,0.0,1.32,0.0,,,,,,,,,,,,,,,0.0
mushrooms,51,0.0,2.94,2.28,0.0,2.61,1.0,,,,,,,,,,,,,,,0.0
mushrooms,52,0.0,8.52,15.18,1.0,11.38,1.0,,,,,,,,,,,,,,,1.0
mushrooms,53,0.0,5.9,5.57,1.0,4.56,1.0,,,,,,,,,,,,,,,1.0
mushrooms,54,0.0,3.3,5.55,1.0,4.01,1.0,,,,,,,,,,,,,,,1.0
mushrooms,55,0.0,3.86,7.26,1.0,4.3,1.0,,,,,,,,,,,,,,,1.0
mushrooms,56,0.0,6.53,5.59,0.0,4.76,1.0,,,,,,,,,,,,,,,1.0
mushrooms,57,0.0,9.17,15.42,0.0,10.0,1.0,,,,,,,,,,,,,,,1.0
mushrooms,58,0.0,1.96,2.57,0.0,1.64,1.0,,,,,,,,,,,,,,,0.0
mushrooms,59,0.0,7.75,13.79,0.0,7.25,1.0,,,,,,,,,,,,,,,1.0
mushrooms,60,0.0,8.19,12.5,0.0,7.66,1.0,,,,,,,,,,,,,,,1.0
mushrooms,61,0.0,5.51,17.82,0.0,7.66,1.0,,,,,,,,,,,,,,,0.0
mushrooms,62,0.0,5.53,17.69,1.0,7.47,1.0,,,,,,,,,,,,,,,0.0
mushrooms,63,0.0,5.9,14.17,0.0,5.4,1.0,,,,,,,,,,,,,,,0.0
mushrooms,64,0.0,8.81,6.56,1.0,4.13,1.0,,,,,,,,,,,,,,,1.0
mushrooms,65,0.0,5.38,2.64,0.0,1.67,1.0,,,,,,,,,,,,,,,1.0
mushrooms,66,0.0,3.33,1.95,0.0,1.12,1.0,,,,,,,,,,,,,,,0.0
mushrooms,67,1.0,7.11,31.4,1.0,19.76,1.0,,,,,,,,,,,,,,,0.0
mushrooms,68,0.0,6.24,21.34,0.0,14.69,1.0,,,,,,,,,,,,,,,1.0
mushrooms,69,0.0,6.1,4.6,1.0,4.38,1.0,,,,,,,,,,,,,,,0.0
mushrooms,70,0.0,5.34,17.2,0.0,6.97,1.0,,,,,,,,,,,,,,,0.0
mushrooms,71,1.0,5.94,17.13,0.0,8.58,1.0,,,,,,,,,,,,,,,0.0
mushrooms,72,1.0,6.11,14.4,0.0,5.88,1.0,,,,,,,,,,,,,,,0.0
mushrooms,73,0.0,6.11,16.99,0.0,7.34,1.0,,,,,,,,,,,,,,,0.0
mushrooms,74,0.0,6.9,11.75,0.0,6.06,1.0,,,,,,,,,,,,,,,1.0
mushrooms,75,0.0,5.72,20.09,1.0,12.83,1.0,,,,,,,,,,,,,,,1.0
mushrooms,76,0.0,5.65,4.68,0.0,2.83,1.0,,,,,,,,,,,,,,,1.0
mushrooms,77,0.0,12.35,32.21,0.0,11.85,1.0,,,,,,,,,,,,,,,0.0
mushrooms,78,0.0,5.63,11.89,0.0,6.95,1.0,,,,,,,,,,,,,,,1.0
mushrooms,79,0.0,6.58,18.65,1.0,11.99,1.0,,,,,,,,,,,,,,,1.0
mushrooms,80,0.0,8.73,25.43,0.0,7.83,1.0,,,,,,,,,,,,,,,0.0
mushrooms,81,0.0,7.48,6.62,0.0,5.4,1.0,,,,,,,,,,,,,,,1.0
mushrooms,82,0.0,7.99,14.0,0.0,7.64,1.0,,,,,,,,,,,,,,,1.0
mushrooms,83,0.0,2.87,5.98,0.0,3.54,1.0,,,,,,,,,,,,,,,1.0
mushrooms,84,0.0,5.65,11.99,1.0,6.4,1.0,,,,,,,,,,,,,,,1.0
mushrooms,85,1.0,6.44,29.41,1.0,15.41,1.0,,,,,,,,,,,,,,,0.0
mushrooms,86,0.0,4.99,11.65,0.0,4.85,1.0,,,,,,,,,,,,,,,0.0
mushrooms,87,0.0,5.38,13.64,0.0,6.11,1.0,,,,,,,,,,,,,,,0.0
mushrooms,88,0.0,6.06,11.8,0.0,6.21,1.0,,,,,,,,,,,,,,,1.0
mushrooms,89,1.0,6.58,17.06,0.0,9.37,1.0,,,,,,,,,,,,,,,0.0
mushrooms,90,0.0,3.21,6.33,1.0,3.62,1.0,,,,,,,,,,,,,,,1.0
mushrooms,91,0.0,4.89,2.59,1.0,1.24,1.0,,,,,,,,,,,,,,,1.0
mushrooms,92,0.0,3.04,2.31,0.0,2.71,1.0,,,,,,,,,,,,,,,0.0
mushrooms,93,0.0,4.08,5.71,1.0,1.31,0.0,,,,,,,,,,,,,,,0.0
mushrooms,94,0.0,6.99,22.1,0.0,8.64,1.0,,,,,,,,,,,,,,,0.0
mushrooms,95,0.0,2.07,2.54,0.0,1.62,1.0,,,,,,,,,,,,,,,0.0
mushrooms,96,0.0,3.13,5.75,0.0,3.13,1.0,,,,,,,,,,,,,,,1.0
mushrooms,97,0.0,7.0,22.23,0.0,14.2,1.0,,,,,,,,,,,,,,,1.0
mushrooms,98,0.0,6.61,4.73,0.0,2.44,1.0,,,,,,,,,,,,,,,1.0
mushrooms,99,0.0,4.3,6.32,1.0,1.31,0.0,,,,,,,,,,,,,,,0.0
mushrooms,100,0.0,11.2,31.23,0.0,11.47,1.0,,,,,,,,,,,,,,,0.0
mushrooms,101,0.0,6.36,11.63,0.0,6.18,1.0,,,,,,,,,,,,,,,1.0
mushrooms,102,0.0,6.28,13.28,0.0,6.81,1.0,,,,,,,,,,,,,,,1.0
mushrooms,103,0.0,11.89,30.65,0.0,11.46,1.0,,,,,,,,,,,,,,,0.0
mushrooms,104,0.0,6.79,24.04,1.0,14.92,1.0,,,,,,,,,,,,,,,1.0
mushrooms,105,0.0,7.01,13.41,1.0,7.78,1.0,,,,,,,,,,,,,,,1.0
mushrooms,106,0.0,10.83,28.98,0.0,13.45,1.0,,,,,,,,,,,,,,,0.0
mushrooms,107,0.0,5.24,9.72,1.0,5.65,1.0,,,,,,,,,,,,,,,1.0
mushrooms,108,1.0,6.46,27.85,1.0,15.28,1.0,,,,,,,,,,,,,,,0.0
mushrooms,109,0.0,5.66,11.5,0.0,6.05,1.0,,,,,,,,,,,,,,,1.0
mushrooms,110,0.0,11.35,29.89,0.0,10.47,1.0,,,,,,,,,,,,,,,0.0
mushrooms,111,0.0,10.79,31.25,0.0,10.29,1.0,,,,,,,,,,,,,,,0.0
mushrooms,112,0.0,7.9,13.31,0.0,8.46,1.0,,,,,,,,,,,,,,,1.0
mushrooms,113,0.0,10.56,30.78,0.0,9.37,1.0,,,,,,,,,,,,,,,0.0
mushrooms,114,0.0,7.63,25.57,0.0,18.67,1.0,,,,,,,,,,,,,,,1.0
mushrooms,115,0.0,7.05,22.11,0.0,16.92,1.0,,,,,,,,,,,,,,,1.0
mushrooms,116,0.0,4.52,2.44,0.0,1.39,1.0,,,,,,,,,,,,,,,1.0
mushrooms,117,0.0,12.03,30.33,0.0,8.6,1.0,,,,,,,,,,,,,,,0.0
mushrooms,118,0.0,10.96,35.15,0.0,11.77,1.0,,,,,,,,,,,,,,,0.0
mushrooms,119,0.0,5.62,17.99,1.0,7.7,1.0,,,,,,,,,,,,,,,0.0
mushrooms,120,0.0,6.19,5.39,1.0,4.98,1.0,,,,,,,,,,,,,,,1.0
mushrooms,121,0.0,5.85,13.8,1.0,5.76,1.0,,,,,,,,,,,,,,,0.0
mushrooms,122,0.0,5.17,3.51,1.0,4.54,1.0,,,,,,,,,,,,,,,1.0
mushrooms,123,0.0,5.5,2.61,1.0,1.61,1.0,,,,,,,,,,,,,,,1.0
mushrooms,124,0.0,6.33,16.8,0.0,7.57,0.0,,,,,,,,,,,,,,,1.0
mushrooms,125,0.0,5.42,19.89,0.0,17.36,1.0,,,,,,,,,,,,,,,1.0
mushrooms,126,0.0,6.84,18.01,1.0,7.37,1.0,,,,,,,,,,,,,,,0.0
mushrooms,127,0.0,4.9,2.52,0.0,1.54,1.0,,,,,,,,,,,,,,,1.0
mushrooms,128,0.0,3.92,6.13,0.0,3.85,1.0,,,,,,,,,,,,,,,1.0
mushrooms,129,0.0,3.31,2.62,0.0,3.36,1.0,,,,,,,,,,,,,,,0.0
mushrooms,130,0.0,5.06,4.65,1.0,4.13,1.0,,,,,,,,,,,,,,,0.0
mushrooms,131,0.0,9.24,25.5,0.0,10.19,1.0,,,,,,,,,,,,,,,0.0
mushrooms,132,0.0,2.89,2.41,0.0,3.19,1.0,,,,,,,,,,,,,,,0.0
mushrooms,133,0.0,1.77,2.41,0.0,1.47,1.0,,,,,,,,,,,,,,,0.0
mushrooms,134,0.0,5.74,5.08,1.0,4.08,1.0,,,,,,,,,,,,,,,0.0
mushrooms,135,1.0,7.57,25.32,0.0,18.84,1.0,,,,,,,,,,,,,,,0.0
mushrooms,136,0.0,4.75,11.8,0.0,4.25,1.0,,,,,,,,,,,,,,,0.0
mushrooms,137,0.0,2.23,1.23,0.0,0.82,1.0,,,,,,,,,,,,,,,0.0
mushrooms,138,0.0,6.66,13.41,1.0,6.13,1.0,,,,,,,,,,,,,,,0.0
mushrooms,139,0.0,4.27,6.03,0.0,1.37,0.0,,,,,,,,,,,,,,,0.0
mushrooms,140,0.0,3.04,4.48,1.0,1.15,0.0,,,,,,,,,,,,,,,0.0
mushrooms,141,0.0,4.26,6.9,0.0,3.88,1.0,,,,,,,,,,,,,,,1.0
mushrooms,142,0.0,4.57,2.32,1.0,1.76,1.0,,,,,,,,,,,,,,,1.0
mushrooms,143,0.0,5.68,10.08,1.0,6.24,1.0,,,,,,,,,,,,,,,1.0
mushrooms,144,0.0,5.75,13.48,1.0,5.3,1.0,,,,,,,,,,,,,,,0.0
mushrooms,145,0.0,6.04,4.74,0.0,2.95,1.0,,,,,,,,,,,,,,,1.0
mushrooms,146,0.0,4.61,3.24,0.0,1.3,1.0,,,,,,,,,,,,,,,1.0
mushrooms,147,0.0,6.59,13.64,0.0,7.37,1.0,,,,,,,,,,,,,,,1.0
mushrooms,148,0.0,5.26,3.43,1.0,4.12,1.0,,,,,,,,,,,,,,,1.0
mushrooms,149,0.0,5.62,5.07,0.0,6.09,1.0,,,,,,,,,,,,,,,1.0
mushrooms,150,0.0,12.32,31.65,0.0,14.47,1.0,,,,,,,,,,,,,,,0.0
mushrooms,151,1.0,4.48,13.7,0.0,3.95,1.0,,,,,,,,,,,,,,,0.0
mushrooms,152,1.0,4.86,15.95,0.0,4.34,1.0,,,,,,,,,,,,,,,0.0
mushrooms,153,0.0,9.53,30.72,0.0,8.08,1.0,,,,,,,,,,,,,,,0.0
mushrooms,154,0.0,5.29,2.64,0.0,1.62,1.0,,,,,,,,,,,,,,,1.0
mushrooms,155,0.0,4.73,4.86,0.0,4.35,1.0,,,,,,,,,,,,,,,1.0
mushrooms,156,0.0,2.2,4.21,0.0,2.52,1.0,,,,,,,,,,,,,,,1.0
mushrooms,157,0.0,4.31,2.11,1.0,1.22,1.0,,,,,,,,,,,,,,,1.0
mushrooms,158,0.0,6.5,18.25,0.0,8.52,1.0,,,,,,,,,,,,,,,0.0
mushrooms,159,0.0,5.61,4.78,1.0,4.03,1.0,,,,,,,,,,,,,,,0.0
mushrooms,160,0.0,5.09,20.96,0.0,14.77,1.0,,,,,,,,,,,,,,,1.0
mushrooms,161,0.0,5.64,2.94,1.0,1.84,1.0,,,,,,,,,,,,,,,1.0
mushrooms,162,0.0,3.72,8.29,1.0,5.32,1.0,,,,,,,,,,,,,,,1.0
mushrooms,163,0.0,4.59,2.27,0.0,1.41,1.0,,,,,,,,,,,,,,,1.0
mushrooms,164,0.0,4.17,6.97,1.0,3.85,1.0,,,,,,,,,,,,,,,1.0
mushrooms,165,0.0,3.78,5.58,0.0,1.17,0.0,,,,,,,,,,,,,,,0.0
mushrooms,166,0.0,5.38,4.97,0.0,6.24,1.0,,,,,,,,,,,,,,,1.0
mushrooms,167,0.0,4.12,6.17,0.0,3.72,1.0,,,,,,,,,,,,,,,1.0
mushrooms,168,0.0,8.61,24.5,0.0,6.73,1.0,,,,,,,,,,,,,,,0.0
mushrooms,169,0.0,6.42,17.79,1.0,6.79,1.0,,,,,,,,,,,,,,,0.0
mushrooms,170,0.0,3.64,6.57,0.0,3.46,1.0,,,,,,,,,,,,,,,1.0
mushrooms,171,0.0,2.02,2.66,0.0,1.87,1.0,,,,,,,,,,,,,,,0.0
mushrooms,172,0.0,3.25,5.24,1.0,1.25,0.0,,,,,,,,,,,,,,,0.0
mushrooms,173,0.0,6.46,4.49,0.0,2.38,1.0,,,,,,,,,,,,,,,1.0
mushrooms,174,0.0,6.98,11.96,0.0,7.94,1.0,,,,,,,,,,,,,,,1.0
mushrooms,175,0.0,6.73,12.45,0.0,8.17,1.0,,,,,,,,,,,,,,,1.0
mushrooms,176,0.0,6.16,5.65,0.0,5.01,1.0,,,,,,,,,,,,,,,1.0
mushrooms,177,0.0,3.15,1.58,0.0,1.0,1.0,,,,,,,,,,,,,,,0.0
mushrooms,178,0.0,6.14,4.81,0.0,3.39,1.0,,,,,,,,,,,,,,,1.0
mushrooms,179,0.0,6.75,4.88,0.0,5.48,1.0,,,,,,,,,,,,,,,1.0
mushrooms,180,0.0,6.68,4.93,0.0,2.81,1.0,,,,,,,,,,,,,,,1.0
mushrooms,181,0.0,6.09,5.25,1.0,3.76,1.0,,,,,,,,,,,,,,,1.0
mushrooms,182,0.0,4.95,2.65,1.0,1.29,1.0,,,,,,,,,,,,,,,1.0
mushrooms,183,0.0,6.32,17.94,0.0,8.32,1.0,,,,,,,,,,,,,,,0.0
mushrooms,184,0.0,2.0,2.61,0.0,1.7,1.0,,,,,,,,,,,,,,,0.0
mushrooms,185,0.0,6.24,14.91,1.0,6.4,1.0,,,,,,,,,,,,,,,0.0
mushrooms,186,0.0,2.44,4.74,0.0,1.18,0.0,,,,,,,,,,,,,,,0.0
mushrooms,187,0.0,6.38,5.25,0.0,6.28,1.0,,,,,,,,,,,,,,,1.0
mushrooms,188,1.0,4.83,19.82,0.0,12.22,1.0,,,,,,,,,,,,,,,0.0
mushrooms,189,0.0,5.94,21.73,0.0,19.53,1.0,,,,,,,,,,,,,,,1.0
mushrooms,190,0.0,5.9,4.73,0.0,6.23,1.0,,,,,,,,,,,,,,,1.0
mushrooms,191,0.0,5.18,13.22,1.0,5.95,1.0,,,,,,,,,,,,,,,0.0
mushrooms,192,0.0,1.62,2.0,0.0,1.35,1.0,,,,,,,,,,,,,,,0.0
mushrooms,193,0.0,3.61,5.49,0.0,1.23,0.0,,,,,,,,,,,,,,,0.0
mushrooms,194,0.0,12.18,28.73,0.0,12.26,1.0,,,,,,,,,,,,,,,0.0
mushrooms,195,0.0,5.26,11.65,1.0,5.62,1.0,,,,,,,,,,,,,,,1.0
mushrooms,196,0.0,9.83,15.04,1.0,9.14,1.0,,,,,,,,,,,,,,,1.0
mushrooms,197,0.0,6.37,16.57,0.0,7.77,1.0,,,,,,,,,,,,,,,0.0
mushrooms,198,0.0,3.38,1.39,0.0,0.83,1.0,,,,,,,,,,,,,,,0.0
mushrooms,199,0.0,6.88,11.22,0.0,6.43,1.0,,,,,,,,,,,,,,,1.0
mushrooms,200,0.0,3.34,1.88,0.0,1.03,1.0,,,,,,,,,,,,,,,0.0
mushrooms,201,0.0,6.81,4.52,0.0,2.24,1.0,,,,,,,,,,,,,,,1.0
mushrooms,202,0.0,5.52,4.65,0.0,4.82,1.0,,,,,,,,,,,,,,,1.0
mushrooms,203,0.0,2.42,1.18,0.0,0.71,1.0,,,,,,,,,,,,,,,0.0
mushrooms,204,0.0,6.9,5.3,1.0,4.7,1.0,,,,,,,,,,,,,,,0.0
mushrooms,205,0.0,1.73,2.4,0.0,1.5,1.0,,,,,,,,,,,,,,,0.0
mushrooms,206,1.0,5.55,16.61,0.0,7.95,1.0,,,,,,,,,,,,,,,0.0
mushrooms,207,0.0,5.55,14.03,0.0,6.75,0.0,,,,,,,,,,,,,,,1.0
mushrooms,208,0.0,6.92,4.76,0.0,5.71,1.0,,,,,,,,,,,,,,,1.0
mushrooms,209,1.0,7.03,30.94,0.0,17.16,1.0,,,,,,,,,,,,,,,0.0
mushrooms,210,0.0,6.28,11.64,1.0,5.07,1.0,,,,,,,,,,,,,,,1.0
mushrooms,211,0.0,6.91,23.86,0.0,18.87,1.0,,,,,,,,,,,,,,,1.0
mushrooms,212,0.0,4.28,3.51,0.0,1.77,1.0,,,,,,,,,,,,,,,1.0
mushrooms,213,0.0,7.95,7.24,0.0,5.6,1.0,,,,,,,,,,,,,,,1.0
mushrooms,214,0.0,5.71,5.23,1.0,5.09,1.0,,,,,,,,,,,,,,,0.0
mushrooms,215,0.0,2.58,1.3,0.0,0.97,1.0,,,,,,,,,,,,,,,0.0
mushrooms,216,0.0,9.42,13.79,1.0,7.92,1.0,,,,,,,,,,,,,,,1.0
mushrooms,217,0.0,5.88,5.23,0.0,2.54,1.0,,,,,,,,,,,,,,,1.0
mushrooms,218,0.0,3.99,2.46,0.0,3.07,1.0,,,,,,,,,,,,,,,0.0
mushrooms,219,0.0,6.58,12.82,0.0,8.27,1.0,,,,,,,,,,,,,,,1.0
mushrooms,220,0.0,4.15,5.7,0.0,1.26,0.0,,,,,,,,,,,,,,,0.0
mushrooms,221,0.0,7.25,12.11,0.0,7.37,1.0,,,,,,,,,,,,,,,1.0
mushrooms,222,1.0,5.63,24.73,1.0,15.04,1.0,,,,,,,,,,,,,,,0.0
mushrooms,223,1.0,6.47,29.5,0.0,14.64,1.0,,,,,,,,,,,,,,,0.0
mushrooms,224,0.0,6.38,4.27,0.0,2.85,1.0,,,,,,,,,,,,,,,1.0
mushrooms,225,0.0,3.18,2.18,0.0,2.53,1.0,,,,,,,,,,,,,,,0.0
mushrooms,226,0.0,6.52,5.24,1.0,4.16,1.0,,,,,,,,,,,,,,,0.0
mushrooms,227,0.0,7.69,3.44,1.0,2.38,1.0,,,,,,,,,,,,,,,1.0
mushrooms,228,0.0,2.89,1.36,0.0,0.9,1.0,,,,,,,,,,,,,,,0.0
mushrooms,229,0.0,10.41,29.84,0.0,10.38,1.0,,,,,,,,,,,,,,,0.0
mushrooms,230,0.0,6.38,4.2,0.0,2.61,1.0,,,,,,,,,,,,,,,1.0
mushrooms,231,0.0,3.24,5.72,1.0,3.08,1.0,,,,,,,,,,,,,,,1.0
mushrooms,232,0.0,1.81,2.21,0.0,1.36,1.0,,,,,,,,,,,,,,,0.0
mushrooms,233,0.0,6.53,17.85,0.0,7.35,1.0,,,,,,,,,,,,,,,0.0
mushrooms,234,0.0,5.88,4.89,0.0,3.29,1.0,,,,,,,,,,,,,,,1.0
mushrooms,235,0.0,7.6,12.01,0.0,10.64,1.0,,,,,,,,,,,,,,,1.0
mushrooms,236,1.0,6.04,30.61,1.0,15.43,1.0,,,,,,,,,,,,,,,0.0
mushrooms,237,0.0,7.35,6.04,0.0,6.35,1.0,,,,,,,,,,,,,,,1.0
mushrooms,238,0.0,5.69,4.89,1.0,4.24,1.0,,,,,,,,,,,,,,,0.0
mushrooms,239,0.0,1.99,2.5,0.0,1.45,1.0,,,,,,,,,,,,,,,0.0
mushrooms,240,0.0,10.44,15.0,0.0,12.04,1.0,,,,,,,,,,,,,,,1.0
mushrooms,241,0.0,3.55,5.98,0.0,3.94,1.0,,,,,,,,,,,,,,,1.0
mushrooms,242,0.0,4.38,2.85,1.0,1.57,1.0,,,,,,,,,,,,,,,1.0
mushrooms,243,0.0,6.54,18.69,0.0,7.75,1.0,,,,,,,,,,,,,,,0.0
mushrooms,244,0.0,2.72,1.43,0.0,1.18,1.0,,,,,,,,,,,,,,,0.0
mushrooms,245,0.0,9.02,14.89,1.0,11.67,1.0,,,,,,,,,,,,,,,1.0
mushrooms,246,0.0,4.25,11.88,0.0,4.33,0.0,,,,,,,,,,,,,,,1.0
mushrooms,247,0.0,5.05,2.53,0.0,1.53,1.0,,,,,,,,,,,,,,,1.0
mushrooms,248,1.0,8.18,35.9,1.0,20.88,1.0,,,,,,,,,,,,,,,0.0
mushrooms,249,1.0,6.78,15.61,0.0,5.88,1.0,,,,,,,,,,,,,,,0.0
mushrooms,250,0.0,3.9,5.88,1.0,3.74,1.0,,,,,,,,,,,,,,,1.0
mushrooms,251,0.0,6.05,4.83,0.0,6.21,1.0,,,,,,,,,,,,,,,1.0
mushrooms,252,0.0,7.14,6.12,1.0,5.0,1.0,,,,,,,,,,,,,,,1.0
mushrooms,253,0.0,7.02,13.47,0.0,9.72,1.0,,,,,,,,,,,,,,,1.0
mushrooms,254,0.0,1.99,2.47,0.0,1.43,1.0,,,,,,,,,,,,,,,0.0
mushrooms,255,1.0,8.16,33.86,0.0,21.29,1.0,,,,,,,,,,,,,,,0.0
mushrooms,256,0.0,7.15,5.54,0.0,5.78,1.0,,,,,,,,,,,,,,,1.0
mushrooms,257,0.0,8.22,13.61,0.0,10.18,1.0,,,,,,,,,,,,,,,1.0
mushrooms,258,1.0,6.27,32.21,0.0,16.59,1.0,,,,,,,,,,,,,,,0.0
mushrooms,259,0.0,10.92,27.82,0.0,9.43,1.0,,,,,,,,,,,,,,,0.0
mushrooms,260,0.0,4.47,2.28,1.0,1.35,1.0,,,,,,,,,,,,,,,1.0
mushrooms,261,0.0,3.67,5.2,0.0,1.17,0.0,,,,,,,,,,,,,,,0.0
mushrooms,262,0.0,9.85,27.6,0.0,9.19,1.0,,,,,,,,,,,,,,,0.0
mushrooms,263,0.0,3.96,8.91,1.0,5.05,0.0,,,,,,,,,,,,,,,1.0
mushrooms,264,0.0,3.53,5.37,0.0,1.27,0.0,,,,,,,,,,,,,,,0.0
mushrooms,265,0.0,7.44,18.29,0.0,8.53,1.0,,,,,,,,,,,,,,,0.0
mushrooms,266,0.0,3.05,1.52,0.0,0.93,1.0,,,,,,,,,,,,,,,0.0
mushrooms,267,0.0,2.72,5.32,1.0,2.46,1.0,,,,,,,,,,,,,,,1.0
mushrooms,268,0.0,2.77,1.45,0.0,0.82,1.0,,,,,,,,,,,,,,,0.0
mushrooms,269,0.0,2.16,1.22,0.0,0.87,1.0,,,,,,,,,,,,,,,0.0
mushrooms,270,0.0,4.61,5.9,1.0,4.39,1.0,,,,,,,,,,,,,,,1.0
mushrooms,271,0.0,7.58,5.1,0.0,4.42,1.0,,,,,,,,,,,,,,,1.0
mushrooms,272,0.0,4.96,13.12,0.0,6.72,0.0,,,,,,,,,,,,,,,1.0
mushrooms,273,0.0,8.17,23.18,1.0,15.66,1.0,,,,,,,,,,,,,,,1.0
mushrooms,274,0.0,6.42,5.3,0.0,5.1,1.0,,,,,,,,,,,,,,,1.0
mushrooms,275,0.0,3.69,5.67,1.0,3.18,1.0,,,,,,,,,,,,,,,1.0
mushrooms,276,0.0,7.54,13.42,0.0,8.16,1.0,,,,,,,,,,,,,,,1.0
mushrooms,277,0.0,4.55,10.11,1.0,6.16,1.0,,,,,,,,,,,,,,,1.0
mushrooms,278,0.0,3.58,6.09,1.0,3.37,1.0,,,,,,,,,,,,,,,1.0
mushrooms,279,0.0,3.76,5.99,1.0,3.48,1.0,,,,,,,,,,,,,,,1.0
mushrooms,280,0.0,5.49,4.97,1.0,4.5,1.0,,,,,,,,,,,,,,,1.0
mushrooms,281,0.0,4.07,9.29,1.0,5.6,1.0,,,,,,,,,,,,,,,1.0
mushrooms,282,0.0,8.25,19.11,1.0,16.25,1.0,,,,,,,,,,,,,,,1.0
mushrooms,283,0.0,4.96,3.42,1.0,2.52,1.0,,,,,,,,,,,,,,,1.0
mushrooms,284,0.0,4.59,12.88,0.0,4.64,1.0,,,,,,,,,,,,,,,0.0
mushrooms,285,0.0,2.96,1.39,0.0,0.9,1.0,,,,,,,,,,,,,,,0.0
mushrooms,286,0.0,5.51,4.86,1.0,3.94,1.0,,,,,,,,,,,,,,,0.0
mushrooms,287,0.0,5.21,15.39,1.0,6.72,1.0,,,,,,,,,,,,,,,0.0
mushrooms,288,0.0,4.68,6.17,0.0,1.35,0.0,,,,,,,,,,,,,,,0.0
mushrooms,289,0.0,3.28,5.79,0.0,1.19,0.0,,,,,,,,,,,,,,,0.0
mushrooms,290,0.0,5.34,11.52,0.0,6.74,1.0,,,,,,,,,,,,,,,1.0
mushrooms,291,0.0,1.68,2.41,0.0,1.62,1.0,,,,,,,,,,,,,,,0.0
mushrooms,292,0.0,5.74,4.64,1.0,5.51,1.0,,,,,,,,,,,,,,,1.0
mushrooms,293,0.0,6.44,17.39,0.0,7.75,1.0,,,,,,,,,,,,,,,0.0
mushrooms,294,0.0,4.81,2.36,0.0,1.68,1.0,,,,,,,,,,,,,,,1.0
mushrooms,295,0.0,8.84,13.43,0.0,7.27,1.0,,,,,,,,,,,,,,,1.0
mushrooms,296,0.0,5.97,5.27,1.0,4.02,1.0,,,,,,,,,,,,,,,0.0
mushrooms,297,0.0,9.67,28.13,0.0,10.28,1.0,,,,,,,,,,,,,,,0.0
mushrooms,298,0.0,3.28,4.97,1.0,3.55,1.0,,,,,,,,,,,,,,,1.0
mushrooms,299,0.0,5.78,3.93,1.0,4.32,1.0,,,,,,,,,,,,,,,1.0
mushrooms,300,0.0,8.53,14.24,1.0,8.3,1.0,,,,,,,,,,,,,,,1.0
mushrooms,301,0.0,3.87,2.59,0.0,3.18,1.0,,,,,,,,,,,,,,,0.0
mushrooms,302,0.0,5.88,17.72,0.0,8.23,1.0,,,,,,,,,,,,,,,0.0
mushrooms,303,0.0,6.22,17.77,0.0,7.42,1.0,,,,,,,,,,,,,,,0.0
mushrooms,304,0.0,6.01,11.87,1.0,4.78,1.0,,,,,,,,,,,,,,,1.0
mushrooms,305,0.0,4.75,2.57,0.0,1.49,1.0,,,,,,,,,,,,,,,1.0
mushrooms,306,0.0,3.22,2.41,0.0,2.97,1.0,,,,,,,,,,,,,,,0.0
mushrooms,307,0.0,6.61,4.92,0.0,4.97,1.0,,,,,,,,,,,,,,,1.0
mushrooms,308,0.0,5.15,10.18,1.0,6.14,1.0,,,,,,,,,,,,,,,1.0
mushrooms,309,0.0,6.41,12.73,1.0,6.14,1.0,,,,,,,,,,,,,,,1.0
mushrooms,310,0.0,5.36,4.85,1.0,4.51,1.0,,,,,,,,,,,,,,,0.0
mushrooms,311,0.0,8.96,14.77,0.0,10.86,1.0,,,,,,,,,,,,,,,1.0
mushrooms,312,0.0,5.97,10.33,1.0,6.53,1.0,,,,,,,,,,,,,,,1.0
mushrooms,313,1.0,6.16,16.42,0.0,6.95,1.0,,,,,,,,,,,,,,,0.0
mushrooms,314,0.0,4.37,9.31,1.0,4.32,1.0,,,,,,,,,,,,,,,1.0
mushrooms,315,0.0,2.83,4.9,1.0,1.19,0.0,,,,,,,,,,,,,,,0.0
mushrooms,316,0.0,5.63,5.16,1.0,4.47,1.0,,,,,,,,,,,,,,,0.0
mushrooms,317,0.0,1.36,2.04,0.0,1.35,1.0,,,,,,,,,,,,,,,0.0
mushrooms,318,1.0,7.05,16.82,0.0,7.21,1.0,,,,,,,,,,,,,,,0.0
mushrooms,319,0.0,7.68,13.18,0.0,7.67,1.0,,,,,,,,,,,,,,,1.0
mushrooms,320,0.0,11.28,32.11,0.0,13.23,1.0,,,,,,,,,,,,,,,0.0
mushrooms,321,0.0,5.06,4.41,0.0,3.87,1.0,,,,,,,,,,,,,,,1.0
mushrooms,322,0.0,10.7,31.78,0.0,9.94,1.0,,,,,,,,,,,,,,,0.0
mushrooms,323,0.0,5.7,12.55,0.0,7.86,1.0,,,,,,,,,,,,,,,1.0
mushrooms,324,0.0,11.1,29.8,0.0,9.37,1.0,,,,,,,,,,,,,,,0.0
mushrooms,325,0.0,5.99,18.05,0.0,6.2,1.0,,,,,,,,,,,,,,,0.0
mushrooms,326,0.0,1.84,2.62,0.0,1.64,1.0,,,,,,,,,,,,,,,0.0
mushrooms,327,0.0,7.6,5.46,1.0,5.01,1.0,,,,,,,,,,,,,,,1.0
mushrooms,328,0.0,5.61,9.82,1.0,5.99,1.0,,,,,,,,,,,,,,,1.0
mushrooms,329,0.0,5.56,4.62,0.0,1.83,1.0,,,,,,,,,,,,,,,1.0
mushrooms,330,0.0,6.21,24.09,1.0,19.32,1.0,,,,,,,,,,,,,,,1.0
mushrooms,331,0.0,11.28,30.71,0.0,10.8,1.0,,,,,,,,,,,,,,,0.0
mushrooms,332,0.0,9.69,26.94,0.0,8.78,1.0,,,,,,,,,,,,,,,0.0
mushrooms,333,0.0,2.37,2.52,0.0,1.52,1.0,,,,,,,,,,,,,,,0.0
mushrooms,334,0.0,8.42,15.48,1.0,9.35,1.0,,,,,,,,,,,,,,,1.0
mushrooms,335,0.0,4.63,14.69,1.0,4.29,1.0,,,,,,,,,,,,,,,0.0
mushrooms,336,0.0,4.53,6.0,0.0,1.24,0.0,,,,,,,,,,,,,,,0.0
mushrooms,337,0.0,6.34,16.01,0.0,12.74,1.0,,,,,,,,,,,,,,,1.0
mushrooms,338,0.0,2.11,2.56,0.0,1.12,1.0,,,,,,,,,,,,,,,0.0
mushrooms,339,0.0,5.35,17.62,0.0,7.74,1.0,,,,,,,,,,,,,,,0.0
mushrooms,340,1.0,6.71,17.14,0.0,6.91,1.0,,,,,,,,,,,,,,,0.0
mushrooms,341,0.0,8.03,22.6,0.0,13.96,1.0,,,,,,,,,,,,,,,1.0
mushrooms,342,0.0,3.36,4.94,1.0,1.16,0.0,,,,,,,,,,,,,,,0.0
mushrooms,343,1.0,6.2,26.06,0.0,12.59,1.0,,,,,,,,,,,,,,,0.0
mushrooms,344,0.0,11.21,32.71,0.0,9.12,1.0,,,,,,,,,,,,,,,0.0
mushrooms,345,1.0,7.64,27.54,1.0,19.68,1.0,,,,,,,,,,,,,,,0.0
mushrooms,346,0.0,4.53,2.36,1.0,1.33,1.0,,,,,,,,,,,,,,,1.0
mushrooms,347,0.0,7.09,5.34,0.0,2.86,1.0,,,,,,,,,,,,,,,1.0
mushrooms,348,0.0,6.08,4.49,0.0,4.8,1.0,,,,,,,,,,,,,,,1.0
mushrooms,349,0.0,11.67,32.1,0.0,13.21,1.0,,,,,,,,,,,,,,,0.0
mushrooms,350,0.0,10.11,16.15,1.0,11.5,1.0,,,,,,,,,,,,,,,1.0
mushrooms,351,0.0,1.68,2.43,0.0,1.46,1.0,,,,,,,,,,,,,,,0.0
mushrooms,352,0.0,5.14,11.79,0.0,5.46,1.0,,,,,,,,,,,,,,,0.0
mushrooms,353,0.0,6.37,12.45,1.0,6.46,1.0,,,,,,,,,,,,,,,1.0
mushrooms,354,0.0,4.49,13.88,1.0,6.68,0.0,,,,,,,,,,,,,,,1.0
mushrooms,355,0.0,4.56,11.16,0.0,4.73,1.0,,,,,,,,,,,,,,,1.0
mushrooms,356,0.0,5.51,5.32,0.0,4.83,1.0,,,,,,,,,,,,,,,1.0
mushrooms,357,0.0,4.68,3.01,1.0,3.75,1.0,,,,,,,,,,,,,,,1.0
mushrooms,358,0.0,6.44,5.18,1.0,5.09,1.0,,,,,,,,,,,,,,,0.0
mushrooms,359,0.0,5.77,4.74,1.0,4.07,1.0,,,,,,,,,,,,,,,0.0
mushrooms,360,0.0,5.3,17.15,0.0,7.69,1.0,,,,,,,,,,,,,,,0.0
mushrooms,361,0.0,6.73,18.64,1.0,7.7,1.0,,,,,,,,,,,,,,,0.0
mushrooms,362,0.0,4.13,2.66,0.0,2.48,1.0,,,,,,,,,,,,,,,0.0
mushrooms,363,0.0,4.96,2.37,1.0,1.24,1.0,,,,,,,,,,,,,,,1.0
mushrooms,364,0.0,9.25,14.33,1.0,10.7,1.0,,,,,,,,,,,,,,,1.0
mushrooms,365,0.0,2.36,4.5,1.0,1.2,0.0,,,,,,,,,,,,,,,0.0
mushrooms,366,1.0,8.63,36.86,0.0,20.46,1.0,,,,,,,,,,,,,,,0.0
mushrooms,367,0.0,4.02,2.63,0.0,3.09,1.0,,,,,,,,,,,,,,,0.0
mushrooms,368,0.0,7.45,12.65,0.0,8.53,1.0,,,,,,,,,,,,,,,1.0
mushrooms,369,0.0,3.77,2.5,0.0,3.28,1.0,,,,,,,,,,,,,,,0.0
mushrooms,370,0.0,5.57,14.32,0.0,6.73,0.0,,,,,,,,,,,,,,,1.0
mushrooms,371,0.0,5.34,12.62,0.0,5.63,1.0,,,,,,,,,,,,,,,1.0
mushrooms,372,0.0,2.31,2.64,0.0,1.57,1.0,,,,,,,,,,,,,,,0.0
mushrooms,373,0.0,4.2,10.25,1.0,6.14,1.0,,,,,,,,,,,,,,,1.0
mushrooms,374,1.0,8.07,30.54,1.0,17.73,1.0,,,,,,,,,,,,,,,0.0
mushrooms,375,0.0,4.6,5.26,0.0,3.84,1.0,,,,,,,,,,,,,,,1.0
mushrooms,376,0.0,3.62,1.89,0.0,1.18,1.0,,,,,,,,,,,,,,,0.0
mushrooms,377,0.0,11.37,32.43,0.0,12.37,1.0,,,,,,,,,,,,,,,0.0
mushrooms,378,0.0,5.23,3.63,0.0,4.75,1.0,,,,,,,,,,,,,,,1.0
mushrooms,379,1.0,4.94,11.14,0.0,5.5,1.0,,,,,,,,,,,,,,,0.0
mushrooms,380,0.0,1.81,2.35,0.0,1.32,1.0,,,,,,,,,,,,,,,0.0
mushrooms,381,0.0,4.06,2.43,0.0,3.36,1.0,,,,,,,,,,,,,,,0.0
mushrooms,382,0.0,8.74,27.65,0.0,11.41,1.0,,,,,,,,,,,,,,,0.0
mushrooms,383,0.0,5.54,2.65,1.0,1.64,1.0,,,,,,,,,,,,,,,1.0
mushrooms,384,1.0,7.65,31.86,0.0,19.85,1.0,,,,,,,,,,,,,,,0.0
mushrooms,385,0.0,3.29,1.94,0.0,1.04,1.0,,,,,,,,,,,,,,,0.0
mushrooms,386,0.0,4.22,2.56,1.0,2.83,1.0,,,,,,,,,,,,,,,1.0
mushrooms,387,1.0,7.11,31.41,0.0,18.38,1.0,,,,,,,,,,,,,,,0.0
mushrooms,388,1.0,6.06,15.2,0.0,5.59,1.0,,,,,,,,,,,,,,,0.0
mushrooms,389,0.0,5.5,13.65,1.0,4.49,1.0,,,,,,,,,,,,,,,0.0
mushrooms,390,0.0,3.76,5.7,1.0,1.31,0.0,,,,,,,,,,,,,,,0.0
mushrooms,391,0.0,5.24,13.03,1.0,3.92,0.0,,,,,,,,,,,,,,,1.0
mushrooms,392,1.0,4.47,12.55,0.0,4.85,1.0,,,,,,,,,,,,,,,0.0
mushrooms,393,0.0,7.6,17.48,1.0,6.93,1.0,,,,,,,,,,,,,,,0.0
mushrooms,394,0.0,3.16,5.85,1.0,2.74,1.0,,,,,,,,,,,,,,,1.0
mushrooms,395,0.0,10.57,34.69,0.0,9.6,1.0,,,,,,,,,,,,,,,0.0
mushrooms,396,0.0,2.23,2.47,0.0,1.61,1.0,,,,,,,,,,,,,,,0.0
mushrooms,397,0.0,2.24,2.5,0.0,1.56,1.0,,,,,,,,,,,,,,,0.0
mushrooms,398,0.0,5.73,5.01,0.0,3.19,1.0,,,,,,,,,,,,,,,1.0
mushrooms,399,0.0,6.57,12.11,0.0,7.79,1.0,,,,,,,,,,,,,,,1.0
adult,0,20.0,0.0,0.0,10.0,1.0,0.0,,,,,,,,,,,,,,,0.0
adult,1,38.0,0.0,1.0,9.0,1.0,0.0,,,,,,,,,,,,,,,1.0
adult,2,38.0,0.0,1.0,10.0,1.0,0.0,,,,,,,,,,,,,,,1.0
adult,3,48.0,7298.0,1.0,14.0,1.0,0.0,,,,,,,,,,,,,,,1.0
adult,4,22.0,0.0,0.0,10.0,0.0,0.0,,,,,,,,,,,,,,,0.0
adult,5,23.0,0.0,1.0,9.0,1.0,0.0,,,,,,,,,,,,,,,0.0
adult,6,66.0,0.0,1.0,9.0,1.0,0.0,,,,,,,,,,,,,,,1.0
adult,7,49.0,0.0,1.0,13.0,1.0,0.0,,,,,,,,,,,,,,,1.0
adult,8,34.0,0.0,0.0,13.0,0.0,0.0,,,,,,,,,,,,,,,0.0
adult,9,59.0,0.0,1.0,9.0,1.0,0.0,,,,,,,,,,,,,,,0.0
adult,10,76.0,0.0,0.0,3.0,1.0,0.0,,,,,,,,,,,,,,,0.0
adult,11,33.0,0.0,1.0,9.0,1.0,0.0,,,,,,,,,,,,,,,1.0
adult,12,40.0,0.0,1.0,13.0,1.0,0.0,,,,,,,,,,,,,,,1.0
adult,13,63.0,7688.0,1.0,5.0,1.0,0.0,,,,,,,,,,,,,,,1.0
adult,14,39.0,0.0,0.0,9.0,0.0,0.0,,,,,,,,,,,,,,,0.0
adult,15,52.0,4787.0,0.0,14.0,0.0,0.0,,,,,,,,,,,,,,,1.0
adult,16,45.0,0.0,1.0,14.0,1.0,0.0,,,,,,,,,,,,,,,1.0
adult,17,31.0,27828.0,0.0,14.0,0.0,0.0,,,,,,,,,,,,,,,1.0
adult,18,55.0,0.0,1.0,11.0,1.0,0.0,,,,,,,,,,,,,,,0.0
adult,19,51.0,0.0,0.0,10.0,0.0,0.0,,,,,,,,,,,,,,,0.0
adult,20,42.0,0.0,0.0,13.0,0.0,0.0,,,,,,,,,,,,,,,0.0
adult,21,36.0,0.0,1.0,9.0,1.0,0.0,,,,,,,,,,,,,,,1.0
adult,22,28.0,0.0,1.0,9.0,1.0,0.0,,,,,,,,,,,,,,,0.0
adult,23,24.0,0.0,0.0,12.0,1.0,0.0,,,,,,,,,,,,,,,0.0
adult,24,33.0,0.0,1.0,9.0,1.0,0.0,,,,,,,,,,,,,,,0.0
adult,25,79.0,0.0,1.0,11.0,1.0,0.0,,,,,,,,,,,,,,,1.0
adult,26,48.0,0.0,1.0,15.0,1.0,0.0,,,,,,,,,,,,,,,1.0
adult,27,55.0,0.0,1.0,14.0,1.0,0.0,,,,,,,,,,,,,,,1.0
adult,28,32.0,0.0,0.0,12.0,0.0,0.0,,,,,,,,,,,,,,,0.0
adult,29,41.0,0.0,1.0,9.0,1.0,0.0,,,,,,,,,,,,,,,0.0
adult,30,37.0,0.0,1.0,9.0,1.0,0.0,,,,,,,,,,,,,,,1.0
adult,31,41.0,0.0,1.0,15.0,0.0,0.0,,,,,,,,,,,,,,,1.0
adult,32,43.0,0.0,0.0,13.0,1.0,0.0,,,,,,,,,,,,,,,0.0
adult,33,33.0,0.0,0.0,13.0,0.0,0.0,,,,,,,,,,,,,,,0.0
adult,34,27.0,0.0,0.0,9.0,1.0,0.0,,,,,,,,,,,,,,,0.0
adult,35,29.0,0.0,0.0,10.0,1.0,0.0,,,,,,,,,,,,,,,0.0
adult,36,38.0,0.0,0.0,11.0,1.0,0.0,,,,,,,,,,,,,,,0.0
adult,37,17.0,0.0,0.0,6.0,1.0,0.0,,,,,,,,,,,,,,,0.0
adult,38,40.0,0.0,1.0,7.0,1.0,0.0,,,,,,,,,,,,,,,0.0
adult,39,24.0,0.0,0.0,9.0,1.0,0.0,,,,,,,,,,,,,,,0.0
adult,40,20.0,0.0,0.0,11.0,1.0,0.0,,,,,,,,,,,,,,,0.0
adult,41,38.0,0.0,1.0,16.0,1.0,0.0,,,,,,,,,,,,,,,0.0
adult,42,38.0,0.0,0.0,13.0,1.0,0.0,,,,,,,,,,,,,,,1.0
adult,43,25.0,0.0,0.0,13.0,0.0,0.0,,,,,,,,,,,,,,,0.0
adult,44,75.0,0.0,0.0,13.0,1.0,0.0,,,,,,,,,,,,,,,1.0
adult,45,44.0,0.0,0.0,12.0,1.0,0.0,,,,,,,,,,,,,,,0.0
adult,46,26.0,0.0,0.0,3.0,0.0,0.0,,,,,,,,,,,,,,,0.0
adult,47,30.0,0.0,1.0,13.0,1.0,1977.0,,,,,,,,,,,,,,,1.0
adult,48,30.0,0.0,1.0,14.0,1.0,0.0,,,,,,,,,,,,,,,1.0
adult,49,25.0,0.0,1.0,9.0,1.0,0.0,,,,,,,,,,,,,,,1.0
adult,50,35.0,0.0,0.0,13.0,0.0,0.0,,,,,,,,,,,,,,,0.0
adult,51,50.0,0.0,1.0,9.0,1.0,0.0,,,,,,,,,,,,,,,1.0
adult,52,34.0,0.0,1.0,9.0,1.0,0.0,,,,,,,,,,,,,,,1.0
adult,53,33.0,0.0,1.0,9.0,1.0,0.0,,,,,,,,,,,,,,,1.0
adult,54,34.0,0.0,1.0,16.0,1.0,0.0,,,,,,,,,,,,,,,1.0
adult,55,29.0,0.0,1.0,14.0,0.0,0.0,,,,,,,,,,,,,,,1.0
adult,56,25.0,0.0,0.0,13.0,0.0,0.0,,,,,,,,,,,,,,,0.0
adult,57,41.0,0.0,1.0,14.0,0.0,0.0,,,,,,,,,,,,,,,1.0
adult,58,23.0,0.0,0.0,11.0,0.0,0.0,,,,,,,,,,,,,,,0.0
adult,59,35.0,0.0,0.0,10.0,1.0,1974.0,,,,,,,,,,,,,,,0.0
adult,60,39.0,0.0,1.0,13.0,0.0,0.0,,,,,,,,,,,,,,,1.0
adult,61,45.0,6849.0,0.0,10.0,0.0,0.0,,,,,,,,,,,,,,,0.0
adult,62,65.0,0.0,0.0,9.0,1.0,0.0,,,,,,,,,,,,,,,0.0
adult,63,31.0,0.0,0.0,13.0,1.0,0.0,,,,,,,,,,,,,,,0.0
adult,64,22.0,0.0,0.0,13.0,1.0,0.0,,,,,,,,,,,,,,,0.0
adult,65,26.0,0.0,1.0,13.0,1.0,0.0,,,,,,,,,,,,,,,0.0
adult,66,35.0,0.0,0.0,6.0,1.0,0.0,,,,,,,,,,,,,,,0.0
adult,67,45.0,0.0,1.0,10.0,1.0,0.0,,,,,,,,,,,,,,,0.0
adult,68,28.0,0.0,1.0,13.0,1.0,1887.0,,,,,,,,,,,,,,,1.0
adult,69,45.0,0.0,1.0,10.0,1.0,0.0,,,,,,,,,,,,,,,0.0
adult,70,33.0,15024.0,1.0,14.0,1.0,0.0,,,,,,,,,,,,,,,1.0
adult,71,47.0,0.0,1.0,9.0,1.0,0.0,,,,,,,,,,,,,,,1.0
adult,72,20.0,0.0,0.0,10.0,1.0,0.0,,,,,,,,,,,,,,,0.0
adult,73,54.0,0.0,1.0,9.0,1.0,0.0,,,,,,,,,,,,,,,0.0
adult,74,30.0,0.0,1.0,13.0,0.0,0.0,,,,,,,,,,,,,,,1.0
adult,75,39.0,0.0,0.0,10.0,0.0,0.0,,,,,,,,,,,,,,,1.0
adult,76,34.0,0.0,0.0,5.0,1.0,0.0,,,,,,,,,,,,,,,0.0
adult,77,18.0,0.0,0.0,7.0,0.0,0.0,,,,,,,,,,,,,,,0.0
adult,78,42.0,0.0,0.0,16.0,0.0,0.0,,,,,,,,,,,,,,,0.0
adult,79,32.0,0.0,1.0,11.0,1.0,0.0,,,,,,,,,,,,,,,1.0
adult,80,58.0,8614.0,0.0,9.0,1.0,0.0,,,,,,,,,,,,,,,1.0
adult,81,36.0,15024.0,1.0,9.0,1.0,0.0,,,,,,,,,,,,,,,1.0
adult,82,29.0,4650.0,0.0,13.0,1.0,0.0,,,,,,,,,,,,,,,0.0
adult,83,18.0,0.0,0.0,8.0,1.0,0.0,,,,,,,,,,,,,,,0.0
adult,84,39.0,0.0,0.0,6.0,1.0,1590.0,,,,,,,,,,,,,,,0.0
adult,85,30.0,0.0,1.0,4.0,1.0,0.0,,,,,,,,,,,,,,,0.0
adult,86,41.0,0.0,1.0,15.0,1.0,0.0,,,,,,,,,,,,,,,1.0
adult,87,26.0,3103.0,1.0,10.0,1.0,0.0,,,,,,,,,,,,,,,1.0
adult,88,47.0,15024.0,1.0,14.0,1.0,0.0,,,,,,,,,,,,,,,1.0
adult,89,30.0,0.0,0.0,8.0,0.0,0.0,,,,,,,,,,,,,,,0.0
adult,90,49.0,0.0,1.0,13.0,1.0,1977.0,,,,,,,,,,,,,,,1.0
adult,91,33.0,0.0,1.0,15.0,1.0,1977.0,,,,,,,,,,,,,,,1.0
adult,92,51.0,0.0,0.0,14.0,1.0,0.0,,,,,,,,,,,,,,,1.0
adult,93,40.0,0.0,1.0,10.0,1.0,0.0,,,,,,,,,,,,,,,1.0
adult,94,17.0,0.0,0.0,6.0,1.0,0.0,,,,,,,,,,,,,,,0.0
adult,95,58.0,0.0,1.0,14.0,1.0,0.0,,,,,,,,,,,,,,,1.0
adult,96,42.0,0.0,1.0,13.0,0.0,0.0,,,,,,,,,,,,,,,0.0
adult,97,19.0,0.0,0.0,10.0,0.0,0.0,,,,,,,,,,,,,,,0.0
adult,98,59.0,0.0,1.0,9.0,1.0,0.0,,,,,,,,,,,,,,,0.0
adult,99,46.0,99999.0,1.0,14.0,1.0,0.0,,,,,,,,,,,,,,,1.0
adult,100,20.0,0.0,0.0,5.0,0.0,0.0,,,,,,,,,,,,,,,0.0
adult,101,54.0,0.0,0.0,9.0,0.0,0.0,,,,,,,,,,,,,,,0.0
adult,102,47.0,0.0,1.0,9.0,1.0,0.0,,,,,,,,,,,,,,,1.0
adult,103,39.0,0.0,0.0,10.0,1.0,0.0,,,,,,,,,,,,,,,0.0
adult,104,35.0,0.0,1.0,10.0,1.0,0.0,,,,,,,,,,,,,,,1.0
adult,105,34.0,0.0,1.0,14.0,1.0,0.0,,,,,,,,,,,,,,,1.0
adult,106,50.0,0.0,1.0,13.0,0.0,0.0,,,,,,,,,,,,,,,1.0
adult,107,30.0,0.0,0.0,9.0,0.0,0.0,,,,,,,,,,,,,,,0.0
adult,108,20.0,0.0,0.0,10.0,0.0,0.0,,,,,,,,,,,,,,,0.0
adult,109,49.0,0.0,1.0,9.0,1.0,0.0,,,,,,,,,,,,,,,1.0
adult,110,38.0,0.0,1.0,11.0,1.0,0.0,,,,,,,,,,,,,,,1.0
adult,111,41.0,0.0,1.0,9.0,1.0,0.0,,,,,,,,,,,,,,,0.0
adult,112,30.0,0.0,1.0,7.0,1.0,0.0,,,,,,,,,,,,,,,0.0
adult,113,56.0,0.0,1.0,13.0,1.0,0.0,,,,,,,,,,,,,,,1.0
adult,114,25.0,0.0,0.0,9.0,1.0,1590.0,,,,,,,,,,,,,,,0.0
adult,115,42.0,0.0,1.0,13.0,1.0,0.0,,,,,,,,,,,,,,,0.0
adult,116,33.0,5178.0,1.0,9.0,1.0,0.0,,,,,,,,,,,,,,,1.0
adult,117,36.0,0.0,1.0,9.0,1.0,0.0,,,,,,,,,,,,,,,0.0
adult,118,45.0,0.0,1.0,13.0,1.0,0.0,,,,,,,,,,,,,,,1.0
adult,119,30.0,10520.0,0.0,14.0,1.0,0.0,,,,,,,,,,,,,,,1.0
adult,120,36.0,0.0,1.0,13.0,1.0,0.0,,,,,,,,,,,,,,,1.0
adult,121,17.0,0.0,0.0,7.0,1.0,0.0,,,,,,,,,,,,,,,0.0
adult,122,58.0,0.0,1.0,10.0,1.0,1977.0,,,,,,,,,,,,,,,1.0
adult,123,55.0,4787.0,0.0,9.0,1.0,0.0,,,,,,,,,,,,,,,1.0
adult,124,76.0,0.0,0.0,9.0,0.0,0.0,,,,,,,,,,,,,,,0.0
adult,125,36.0,0.0,1.0,10.0,1.0,0.0,,,,,,,,,,,,,,,1.0
adult,126,50.0,0.0,1.0,6.0,1.0,0.0,,,,,,,,,,,,,,,1.0
adult,127,32.0,15024.0,1.0,13.0,1.0,0.0,,,,,,,,,,,,,,,1.0
adult,128,25.0,0.0,0.0,12.0,1.0,0.0,,,,,,,,,,,,,,,0.0
adult,129,21.0,0.0,0.0,12.0,0.0,0.0,,,,,,,,,,,,,,,0.0
adult,130,37.0,99999.0,1.0,12.0,0.0,0.0,,,,,,,,,,,,,,,1.0
adult,131,26.0,0.0,0.0,10.0,1.0,0.0,,,,,,,,,,,,,,,0.0
adult,132,26.0,0.0,0.0,14.0,0.0,0.0,,,,,,,,,,,,,,,0.0
adult,133,74.0,0.0,1.0,6.0,1.0,0.0,,,,,,,,,,,,,,,0.0
adult,134,29.0,0.0,0.0,9.0,1.0,0.0,,,,,,,,,,,,,,,0.0
adult,135,41.0,7688.0,1.0,13.0,1.0,0.0,,,,,,,,,,,,,,,1.0
adult,136,24.0,0.0,1.0,9.0,1.0,0.0,,,,,,,,,,,,,,,0.0
adult,137,37.0,0.0,1.0,13.0,0.0,0.0,,,,,,,,,,,,,,,1.0
adult,138,36.0,7298.0,1.0,10.0,1.0,0.0,,,,,,,,,,,,,,,1.0
adult,139,36.0,0.0,1.0,14.0,1.0,0.0,,,,,,,,,,,,,,,1.0
adult,140,21.0,0.0,0.0,10.0,1.0,0.0,,,,,,,,,,,,,,,0.0
adult,141,37.0,0.0,1.0,10.0,1.0,1887.0,,,,,,,,,,,,,,,1.0
adult,142,42.0,0.0,0.0,13.0,1.0,0.0,,,,,,,,,,,,,,,0.0
adult,143,38.0,0.0,1.0,9.0,1.0,0.0,,,,,,,,,,,,,,,0.0
adult,144,19.0,0.0,0.0,9.0,0.0,0.0,,,,,,,,,,,,,,,0.0
adult,145,39.0,0.0,1.0,13.0,1.0,0.0,,,,,,,,,,,,,,,1.0
adult,146,43.0,0.0,0.0,13.0,0.0,0.0,,,,,,,,,,,,,,,1.0
adult,147,44.0,99999.0,1.0,15.0,1.0,0.0,,,,,,,,,,,,,,,1.0
adult,148,65.0,0.0,1.0,11.0,0.0,0.0,,,,,,,,,,,,,,,1.0
adult,149,58.0,0.0,1.0,6.0,1.0,1887.0,,,,,,,,,,,,,,,1.0
adult,150,49.0,0.0,1.0,11.0,0.0,0.0,,,,,,,,,,,,,,,0.0
adult,151,23.0,0.0,0.0,9.0,1.0,0.0,,,,,,,,,,,,,,,0.0
adult,152,33.0,0.0,1.0,12.0,1.0,1887.0,,,,,,,,,,,,,,,1.0
adult,153,20.0,0.0,0.0,9.0,1.0,0.0,,,,,,,,,,,,,,,0.0
adult,154,31.0,0.0,0.0,13.0,1.0,0.0,,,,,,,,,,,,,,,0.0
adult,155,49.0,0.0,0.0,13.0,0.0,1564.0,,,,,,,,,,,,,,,1.0
adult,156,25.0,0.0,0.0,13.0,0.0,0.0,,,,,,,,,,,,,,,0.0
adult,157,41.0,0.0,1.0,10.0,1.0,0.0,,,,,,,,,,,,,,,1.0
adult,158,48.0,0.0,1.0,13.0,1.0,0.0,,,,,,,,,,,,,,,1.0
adult,159,25.0,4416.0,0.0,9.0,1.0,0.0,,,,,,,,,,,,,,,0.0
adult,160,56.0,0.0,0.0,13.0,1.0,0.0,,,,,,,,,,,,,,,0.0
adult,161,29.0,0.0,0.0,13.0,0.0,2258.0,,,,,,,,,,,,,,,1.0
adult,162,56.0,15024.0,1.0,10.0,1.0,0.0,,,,,,,,,,,,,,,1.0
adult,163,62.0,0.0,1.0,13.0,1.0,0.0,,,,,,,,,,,,,,,1.0
adult,164,47.0,0.0,1.0,13.0,1.0,0.0,,,,,,,,,,,,,,,1.0
adult,165,28.0,0.0,1.0,12.0,1.0,0.0,,,,,,,,,,,,,,,1.0
adult,166,29.0,0.0,1.0,13.0,0.0,0.0,,,,,,,,,,,,,,,1.0
adult,167,31.0,0.0,1.0,12.0,1.0,0.0,,,,,,,,,,,,,,,1.0
adult,168,34.0,0.0,0.0,12.0,0.0,0.0,,,,,,,,,,,,,,,1.0
adult,169,44.0,0.0,1.0,9.0,1.0,0.0,,,,,,,,,,,,,,,0.0
adult,170,18.0,0.0,0.0,10.0,0.0,0.0,,,,,,,,,,,,,,,0.0
adult,171,30.0,0.0,1.0,13.0,1.0,1740.0,,,,,,,,,,,,,,,0.0
adult,172,43.0,25236.0,0.0,16.0,1.0,0.0,,,,,,,,,,,,,,,1.0
adult,173,49.0,0.0,1.0,10.0,1.0,0.0,,,,,,,,,,,,,,,1.0
adult,174,37.0,0.0,1.0,15.0,1.0,0.0,,,,,,,,,,,,,,,1.0
adult,175,52.0,0.0,1.0,10.0,1.0,0.0,,,,,,,,,,,,,,,1.0
adult,176,58.0,0.0,1.0,10.0,1.0,0.0,,,,,,,,,,,,,,,1.0
adult,177,72.0,6723.0,0.0,11.0,0.0,0.0,,,,,,,,,,,,,,,0.0
adult,178,48.0,0.0,1.0,12.0,1.0,0.0,,,,,,,,,,,,,,,1.0
adult,179,37.0,3411.0,1.0,13.0,1.0,0.0,,,,,,,,,,,,,,,0.0
adult,180,26.0,0.0,1.0,10.0,1.0,0.0,,,,,,,,,,,,,,,0.0
adult,181,38.0,0.0,1.0,10.0,1.0,1887.0,,,,,,,,,,,,,,,1.0
adult,182,19.0,0.0,0.0,9.0,0.0,0.0,,,,,,,,,,,,,,,0.0
adult,183,76.0,0.0,1.0,9.0,1.0,0.0,,,,,,,,,,,,,,,1.0
adult,184,36.0,0.0,0.0,9.0,0.0,0.0,,,,,,,,,,,,,,,0.0
adult,185,46.0,0.0,0.0,13.0,1.0,0.0,,,,,,,,,,,,,,,0.0
adult,186,64.0,0.0,1.0,9.0,1.0,0.0,,,,,,,,,,,,,,,1.0
adult,187,41.0,0.0,1.0,10.0,1.0,0.0,,,,,,,,,,,,,,,0.0
adult,188,42.0,0.0,1.0,14.0,1.0,1902.0,,,,,,,,,,,,,,,1.0
adult,189,27.0,0.0,1.0,9.0,0.0,0.0,,,,,,,,,,,,,,,1.0
adult,190,33.0,0.0,1.0,13.0,1.0,0.0,,,,,,,,,,,,,,,1.0
adult,191,43.0,0.0,1.0,10.0,1.0,0.0,,,,,,,,,,,,,,,0.0
adult,192,32.0,0.0,0.0,9.0,0.0,0.0,,,,,,,,,,,,,,,0.0
adult,193,28.0,0.0,0.0,10.0,0.0,0.0,,,,,,,,,,,,,,,0.0
adult,194,53.0,99999.0,1.0,16.0,0.0,0.0,,,,,,,,,,,,,,,1.0
adult,195,43.0,0.0,1.0,10.0,1.0,0.0,,,,,,,,,,,,,,,1.0
adult,196,20.0,0.0,0.0,6.0,1.0,0.0,,,,,,,,,,,,,,,0.0
adult,197,44.0,0.0,1.0,10.0,1.0,0.0,,,,,,,,,,,,,,,0.0
adult,198,78.0,0.0,0.0,9.0,1.0,0.0,,,,,,,,,,,,,,,1.0
adult,199,23.0,0.0,1.0,10.0,1.0,0.0,,,,,,,,,,,,,,,1.0
adult,200,27.0,0.0,0.0,13.0,1.0,0.0,,,,,,,,,,,,,,,0.0
adult,201,44.0,0.0,1.0,9.0,1.0,0.0,,,,,,,,,,,,,,,0.0
adult,202,45.0,0.0,1.0,13.0,1.0,0.0,,,,,,,,,,,,,,,1.0
adult,203,33.0,0.0,0.0,9.0,0.0,0.0,,,,,,,,,,,,,,,0.0
adult,204,48.0,0.0,0.0,13.0,1.0,0.0,,,,,,,,,,,,,,,0.0
adult,205,24.0,0.0,1.0,11.0,1.0,0.0,,,,,,,,,,,,,,,0.0
adult,206,34.0,0.0,0.0,10.0,1.0,0.0,,,,,,,,,,,,,,,0.0
adult,207,48.0,0.0,1.0,14.0,1.0,0.0,,,,,,,,,,,,,,,1.0
adult,208,28.0,0.0,1.0,14.0,1.0,0.0,,,,,,,,,,,,,,,0.0
adult,209,19.0,0.0,0.0,10.0,0.0,0.0,,,,,,,,,,,,,,,0.0
adult,210,53.0,7298.0,1.0,14.0,1.0,0.0,,,,,,,,,,,,,,,1.0
adult,211,34.0,0.0,1.0,14.0,1.0,0.0,,,,,,,,,,,,,,,1.0
adult,212,46.0,0.0,1.0,10.0,1.0,0.0,,,,,,,,,,,,,,,1.0
adult,213,26.0,0.0,1.0,9.0,1.0,0.0,,,,,,,,,,,,,,,0.0
adult,214,37.0,4787.0,0.0,13.0,1.0,0.0,,,,,,,,,,,,,,,1.0
adult,215,26.0,0.0,0.0,9.0,1.0,0.0,,,,,,,,,,,,,,,0.0
adult,216,33.0,0.0,1.0,15.0,0.0,0.0,,,,,,,,,,,,,,,1.0
adult,217,21.0,0.0,0.0,10.0,0.0,0.0,,,,,,,,,,,,,,,0.0
adult,218,46.0,4386.0,1.0,10.0,1.0,0.0,,,,,,,,,,,,,,,1.0
adult,219,36.0,0.0,1.0,14.0,1.0,0.0,,,,,,,,,,,,,,,1.0
adult,220,34.0,0.0,0.0,10.0,1.0,0.0,,,,,,,,,,,,,,,1.0
adult,221,25.0,13550.0,0.0,13.0,1.0,0.0,,,,,,,,,,,,,,,1.0
adult,222,44.0,0.0,1.0,14.0,1.0,0.0,,,,,,,,,,,,,,,1.0
adult,223,33.0,0.0,1.0,9.0,1.0,1672.0,,,,,,,,,,,,,,,0.0
adult,224,54.0,0.0,1.0,9.0,1.0,0.0,,,,,,,,,,,,,,,1.0
adult,225,51.0,7688.0,1.0,9.0,0.0,0.0,,,,,,,,,,,,,,,1.0
adult,226,25.0,0.0,0.0,13.0,1.0,0.0,,,,,,,,,,,,,,,0.0
adult,227,31.0,0.0,1.0,10.0,1.0,0.0,,,,,,,,,,,,,,,0.0
adult,228,66.0,0.0,0.0,4.0,0.0,0.0,,,,,,,,,,,,,,,0.0
adult,229,61.0,0.0,0.0,10.0,0.0,0.0,,,,,,,,,,,,,,,0.0
adult,230,47.0,0.0,0.0,7.0,1.0,0.0,,,,,,,,,,,,,,,0.0
adult,231,24.0,0.0,0.0,9.0,0.0,0.0,,,,,,,,,,,,,,,0.0
adult,232,40.0,0.0,0.0,11.0,0.0,0.0,,,,,,,,,,,,,,,1.0
adult,233,35.0,0.0,1.0,13.0,1.0,0.0,,,,,,,,,,,,,,,0.0
adult,234,36.0,0.0,1.0,10.0,1.0,0.0,,,,,,,,,,,,,,,1.0
adult,235,38.0,0.0,1.0,10.0,1.0,0.0,,,,,,,,,,,,,,,1.0
adult,236,22.0,0.0,1.0,9.0,1.0,0.0,,,,,,,,,,,,,,,0.0
adult,237,26.0,0.0,0.0,9.0,1.0,0.0,,,,,,,,,,,,,,,0.0
adult,238,43.0,0.0,1.0,11.0,1.0,0.0,,,,,,,,,,,,,,,1.0
adult,239,33.0,0.0,0.0,14.0,1.0,0.0,,,,,,,,,,,,,,,1.0
adult,240,44.0,7688.0,1.0,14.0,1.0,0.0,,,,,,,,,,,,,,,1.0
adult,241,21.0,0.0,0.0,10.0,1.0,0.0,,,,,,,,,,,,,,,0.0
adult,242,49.0,0.0,0.0,10.0,0.0,0.0,,,,,,,,,,,,,,,1.0
adult,243,52.0,0.0,1.0,10.0,1.0,0.0,,,,,,,,,,,,,,,1.0
adult,244,68.0,9386.0,1.0,12.0,1.0,0.0,,,,,,,,,,,,,,,1.0
adult,245,35.0,1151.0,0.0,9.0,0.0,0.0,,,,,,,,,,,,,,,0.0
adult,246,36.0,0.0,1.0,14.0,1.0,0.0,,,,,,,,,,,,,,,1.0
adult,247,43.0,0.0,1.0,13.0,1.0,0.0,,,,,,,,,,,,,,,1.0
adult,248,41.0,0.0,1.0,8.0,1.0,0.0,,,,,,,,,,,,,,,1.0
adult,249,33.0,0.0,1.0,11.0,1.0,0.0,,,,,,,,,,,,,,,1.0
adult,250,44.0,0.0,1.0,8.0,1.0,0.0,,,,,,,,,,,,,,,1.0
adult,251,20.0,0.0,0.0,10.0,1.0,0.0,,,,,,,,,,,,,,,0.0
adult,252,38.0,0.0,1.0,14.0,1.0,1977.0,,,,,,,,,,,,,,,1.0
adult,253,48.0,0.0,1.0,10.0,1.0,0.0,,,,,,,,,,,,,,,1.0
adult,254,17.0,0.0,0.0,7.0,0.0,0.0,,,,,,,,,,,,,,,0.0
adult,255,31.0,0.0,1.0,9.0,1.0,0.0,,,,,,,,,,,,,,,1.0
adult,256,76.0,0.0,0.0,10.0,1.0,0.0,,,,,,,,,,,,,,,0.0
adult,257,27.0,0.0,1.0,6.0,1.0,0.0,,,,,,,,,,,,,,,0.0
adult,258,53.0,15024.0,1.0,9.0,1.0,0.0,,,,,,,,,,,,,,,1.0
adult,259,43.0,0.0,0.0,9.0,1.0,0.0,,,,,,,,,,,,,,,0.0
adult,260,46.0,0.0,0.0,9.0,0.0,0.0,,,,,,,,,,,,,,,0.0
adult,261,21.0,0.0,0.0,9.0,0.0,0.0,,,,,,,,,,,,,,,0.0
adult,262,65.0,0.0,1.0,9.0,1.0,0.0,,,,,,,,,,,,,,,0.0
adult,263,31.0,0.0,1.0,9.0,1.0,0.0,,,,,,,,,,,,,,,0.0
adult,264,22.0,0.0,0.0,6.0,0.0,0.0,,,,,,,,,,,,,,,0.0
adult,265,57.0,0.0,1.0,10.0,1.0,0.0,,,,,,,,,,,,,,,1.0
adult,266,37.0,0.0,1.0,14.0,0.0,0.0,,,,,,,,,,,,,,,1.0
adult,267,25.0,0.0,0.0,9.0,1.0,0.0,,,,,,,,,,,,,,,0.0
adult,268,26.0,0.0,0.0,4.0,1.0,0.0,,,,,,,,,,,,,,,0.0
adult,269,36.0,0.0,1.0,9.0,0.0,0.0,,,,,,,,,,,,,,,0.0
adult,270,28.0,0.0,1.0,13.0,1.0,0.0,,,,,,,,,,,,,,,1.0
adult,271,24.0,0.0,1.0,13.0,1.0,0.0,,,,,,,,,,,,,,,0.0
adult,272,61.0,0.0,1.0,12.0,1.0,0.0,,,,,,,,,,,,,,,1.0
adult,273,52.0,0.0,1.0,13.0,1.0,0.0,,,,,,,,,,,,,,,1.0
adult,274,39.0,0.0,1.0,13.0,1.0,0.0,,,,,,,,,,,,,,,1.0
adult,275,51.0,0.0,1.0,12.0,1.0,0.0,,,,,,,,,,,,,,,0.0
adult,276,33.0,4064.0,1.0,10.0,0.0,0.0,,,,,,,,,,,,,,,0.0
adult,277,63.0,20051.0,1.0,10.0,0.0,0.0,,,,,,,,,,,,,,,1.0
adult,278,36.0,0.0,0.0,10.0,1.0,0.0,,,,,,,,,,,,,,,0.0
adult,279,27.0,0.0,0.0,12.0,0.0,0.0,,,,,,,,,,,,,,,0.0
adult,280,45.0,15024.0,1.0,15.0,1.0,0.0,,,,,,,,,,,,,,,1.0
adult,281,65.0,0.0,1.0,9.0,1.0,0.0,,,,,,,,,,,,,,,0.0
adult,282,21.0,0.0,0.0,9.0,1.0,0.0,,,,,,,,,,,,,,,0.0
adult,283,42.0,4386.0,1.0,4.0,1.0,0.0,,,,,,,,,,,,,,,1.0
adult,284,36.0,0.0,1.0,4.0,1.0,0.0,,,,,,,,,,,,,,,0.0
adult,285,61.0,0.0,1.0,9.0,1.0,0.0,,,,,,,,,,,,,,,1.0
adult,286,47.0,0.0,1.0,10.0,0.0,0.0,,,,,,,,,,,,,,,1.0
adult,287,48.0,0.0,1.0,13.0,1.0,0.0,,,,,,,,,,,,,,,1.0
adult,288,68.0,0.0,0.0,9.0,0.0,0.0,,,,,,,,,,,,,,,0.0
adult,289,51.0,10520.0,0.0,13.0,1.0,0.0,,,,,,,,,,,,,,,1.0
adult,290,36.0,0.0,1.0,12.0,0.0,0.0,,,,,,,,,,,,,,,1.0
adult,291,60.0,0.0,0.0,6.0,0.0,0.0,,,,,,,,,,,,,,,0.0
adult,292,53.0,4386.0,1.0,9.0,1.0,0.0,,,,,,,,,,,,,,,1.0
adult,293,57.0,0.0,1.0,10.0,1.0,0.0,,,,,,,,,,,,,,,1.0
adult,294,20.0,0.0,0.0,9.0,0.0,0.0,,,,,,,,,,,,,,,0.0
adult,295,45.0,0.0,0.0,10.0,1.0,0.0,,,,,,,,,,,,,,,0.0
adult,296,24.0,0.0,0.0,10.0,1.0,0.0,,,,,,,,,,,,,,,0.0
adult,297,64.0,0.0,0.0,13.0,0.0,0.0,,,,,,,,,,,,,,,0.0
adult,298,24.0,0.0,0.0,10.0,1.0,0.0,,,,,,,,,,,,,,,0.0
adult,299,57.0,0.0,1.0,13.0,1.0,0.0,,,,,,,,,,,,,,,1.0
adult,300,44.0,0.0,0.0,13.0,0.0,0.0,,,,,,,,,,,,,,,0.0
adult,301,29.0,0.0,0.0,9.0,0.0,0.0,,,,,,,,,,,,,,,0.0
adult,302,54.0,0.0,1.0,14.0,1.0,0.0,,,,,,,,,,,,,,,0.0
adult,303,67.0,0.0,0.0,14.0,1.0,0.0,,,,,,,,,,,,,,,0.0
adult,304,60.0,0.0,1.0,10.0,1.0,0.0,,,,,,,,,,,,,,,0.0
adult,305,30.0,0.0,1.0,13.0,1.0,0.0,,,,,,,,,,,,,,,1.0
adult,306,21.0,0.0,0.0,9.0,0.0,0.0,,,,,,,,,,,,,,,0.0
adult,307,59.0,0.0,1.0,10.0,1.0,0.0,,,,,,,,,,,,,,,1.0
adult,308,43.0,0.0,1.0,10.0,1.0,0.0,,,,,,,,,,,,,,,1.0
adult,309,57.0,0.0,0.0,4.0,0.0,0.0,,,,,,,,,,,,,,,0.0
adult,310,21.0,0.0,0.0,9.0,1.0,0.0,,,,,,,,,,,,,,,0.0
adult,311,59.0,0.0,1.0,15.0,1.0,0.0,,,,,,,,,,,,,,,1.0
adult,312,37.0,0.0,1.0,9.0,1.0,0.0,,,,,,,,,,,,,,,0.0
adult,313,22.0,0.0,0.0,9.0,1.0,0.0,,,,,,,,,,,,,,,0.0
adult,314,39.0,0.0,0.0,13.0,1.0,1669.0,,,,,,,,,,,,,,,0.0
adult,315,39.0,0.0,0.0,10.0,0.0,0.0,,,,,,,,,,,,,,,0.0
adult,316,23.0,0.0,0.0,9.0,1.0,0.0,,,,,,,,,,,,,,,0.0
adult,317,32.0,0.0,1.0,10.0,1.0,0.0,,,,,,,,,,,,,,,0.0
adult,318,24.0,0.0,1.0,9.0,1.0,0.0,,,,,,,,,,,,,,,1.0
adult,319,49.0,27828.0,0.0,13.0,0.0,0.0,,,,,,,,,,,,,,,1.0
adult,320,32.0,0.0,1.0,9.0,1.0,0.0,,,,,,,,,,,,,,,1.0
adult,321,26.0,0.0,0.0,9.0,0.0,0.0,,,,,,,,,,,,,,,0.0
adult,322,33.0,0.0,0.0,10.0,1.0,0.0,,,,,,,,,,,,,,,0.0
adult,323,32.0,15024.0,1.0,10.0,1.0,0.0,,,,,,,,,,,,,,,1.0
adult,324,43.0,0.0,1.0,14.0,1.0,0.0,,,,,,,,,,,,,,,1.0
adult,325,81.0,2062.0,0.0,5.0,0.0,0.0,,,,,,,,,,,,,,,0.0
adult,326,74.0,0.0,1.0,9.0,1.0,0.0,,,,,,,,,,,,,,,1.0
adult,327,36.0,0.0,1.0,9.0,1.0,0.0,,,,,,,,,,,,,,,1.0
adult,328,34.0,0.0,0.0,9.0,0.0,0.0,,,,,,,,,,,,,,,0.0
adult,329,34.0,0.0,0.0,9.0,0.0,0.0,,,,,,,,,,,,,,,0.0
adult,330,46.0,15024.0,1.0,14.0,1.0,0.0,,,,,,,,,,,,,,,1.0
adult,331,51.0,0.0,0.0,10.0,1.0,0.0,,,,,,,,,,,,,,,1.0
adult,332,29.0,0.0,0.0,9.0,0.0,0.0,,,,,,,,,,,,,,,0.0
adult,333,45.0,0.0,1.0,10.0,1.0,0.0,,,,,,,,,,,,,,,1.0
adult,334,41.0,0.0,0.0,9.0,1.0,0.0,,,,,,,,,,,,,,,0.0
adult,335,27.0,7688.0,1.0,13.0,1.0,0.0,,,,,,,,,,,,,,,1.0
adult,336,54.0,0.0,1.0,13.0,1.0,1977.0,,,,,,,,,,,,,,,1.0
adult,337,64.0,0.0,1.0,9.0,0.0,0.0,,,,,,,,,,,,,,,0.0
adult,338,40.0,0.0,1.0,9.0,1.0,0.0,,,,,,,,,,,,,,,0.0
adult,339,34.0,3103.0,1.0,14.0,1.0,0.0,,,,,,,,,,,,,,,1.0
adult,340,58.0,4787.0,0.0,9.0,1.0,0.0,,,,,,,,,,,,,,,1.0
adult,341,38.0,0.0,0.0,10.0,0.0,0.0,,,,,,,,,,,,,,,0.0
adult,342,47.0,0.0,1.0,9.0,0.0,0.0,,,,,,,,,,,,,,,1.0
adult,343,34.0,0.0,1.0,12.0,0.0,0.0,,,,,,,,,,,,,,,1.0
adult,344,23.0,0.0,0.0,9.0,1.0,0.0,,,,,,,,,,,,,,,0.0
adult,345,49.0,0.0,0.0,10.0,0.0,0.0,,,,,,,,,,,,,,,0.0
adult,346,36.0,0.0,0.0,13.0,0.0,0.0,,,,,,,,,,,,,,,1.0
adult,347,51.0,0.0,0.0,6.0,1.0,0.0,,,,,,,,,,,,,,,0.0
adult,348,28.0,0.0,0.0,10.0,1.0,0.0,,,,,,,,,,,,,,,0.0
adult,349,51.0,0.0,1.0,3.0,1.0,0.0,,,,,,,,,,,,,,,0.0
adult,350,42.0,0.0,0.0,10.0,1.0,0.0,,,,,,,,,,,,,,,0.0
adult,351,42.0,15024.0,1.0,13.0,1.0,0.0,,,,,,,,,,,,,,,1.0
adult,352,44.0,7688.0,1.0,10.0,1.0,0.0,,,,,,,,,,,,,,,1.0
adult,353,47.0,0.0,1.0,4.0,1.0,0.0,,,,,,,,,,,,,,,1.0
adult,354,25.0,0.0,1.0,9.0,1.0,0.0,,,,,,,,,,,,,,,0.0
adult,355,22.0,1055.0,0.0,10.0,1.0,0.0,,,,,,,,,,,,,,,0.0
adult,356,29.0,5013.0,1.0,13.0,1.0,0.0,,,,,,,,,,,,,,,0.0
adult,357,32.0,0.0,1.0,11.0,1.0,0.0,,,,,,,,,,,,,,,1.0
adult,358,30.0,0.0,1.0,9.0,1.0,0.0,,,,,,,,,,,,,,,1.0
adult,359,49.0,3325.0,0.0,10.0,1.0,0.0,,,,,,,,,,,,,,,0.0
adult,360,59.0,0.0,1.0,6.0,1.0,0.0,,,,,,,,,,,,,,,0.0
adult,361,20.0,0.0,0.0,10.0,1.0,0.0,,,,,,,,,,,,,,,0.0
adult,362,34.0,0.0,1.0,6.0,0.0,0.0,,,,,,,,,,,,,,,0.0
adult,363,52.0,0.0,0.0,9.0,0.0,0.0,,,,,,,,,,,,,,,0.0
adult,364,46.0,0.0,1.0,13.0,1.0,0.0,,,,,,,,,,,,,,,1.0
adult,365,40.0,0.0,0.0,10.0,0.0,0.0,,,,,,,,,,,,,,,0.0
adult,366,47.0,0.0,0.0,9.0,0.0,0.0,,,,,,,,,,,,,,,0.0
adult,367,43.0,0.0,0.0,9.0,1.0,0.0,,,,,,,,,,,,,,,0.0
adult,368,39.0,0.0,1.0,10.0,1.0,0.0,,,,,,,,,,,,,,,0.0
adult,369,45.0,0.0,1.0,13.0,1.0,0.0,,,,,,,,,,,,,,,1.0
adult,370,25.0,0.0,0.0,9.0,0.0,0.0,,,,,,,,,,,,,,,0.0
adult,371,35.0,0.0,0.0,14.0,1.0,0.0,,,,,,,,,,,,,,,0.0
adult,372,39.0,0.0,0.0,6.0,1.0,0.0,,,,,,,,,,,,,,,0.0
adult,373,27.0,0.0,1.0,10.0,0.0,0.0,,,,,,,,,,,,,,,0.0
adult,374,31.0,0.0,1.0,10.0,1.0,0.0,,,,,,,,,,,,,,,1.0
adult,375,43.0,0.0,1.0,14.0,1.0,1977.0,,,,,,,,,,,,,,,1.0
adult,376,43.0,0.0,1.0,13.0,1.0,0.0,,,,,,,,,,,,,,,1.0
adult,377,44.0,0.0,1.0,11.0,0.0,0.0,,,,,,,,,,,,,,,0.0
adult,378,33.0,0.0,0.0,13.0,0.0,0.0,,,,,,,,,,,,,,,1.0
adult,379,62.0,0.0,1.0,13.0,1.0,0.0,,,,,,,,,,,,,,,1.0
adult,380,52.0,0.0,1.0,12.0,1.0,0.0,,,,,,,,,,,,,,,0.0
adult,381,69.0,0.0,1.0,15.0,1.0,0.0,,,,,,,,,,,,,,,1.0
adult,382,43.0,0.0,1.0,14.0,1.0,0.0,,,,,,,,,,,,,,,1.0
adult,383,39.0,0.0,0.0,13.0,1.0,1564.0,,,,,,,,,,,,,,,1.0
adult,384,65.0,0.0,0.0,9.0,0.0,0.0,,,,,,,,,,,,,,,0.0
adult,385,38.0,0.0,1.0,11.0,0.0,1902.0,,,,,,,,,,,,,,,0.0
adult,386,33.0,0.0,0.0,12.0,0.0,880.0,,,,,,,,,,,,,,,0.0
adult,387,61.0,0.0,1.0,9.0,1.0,1902.0,,,,,,,,,,,,,,,1.0
adult,388,49.0,0.0,0.0,10.0,0.0,0.0,,,,,,,,,,,,,,,0.0
adult,389,29.0,0.0,0.0,12.0,1.0,0.0,,,,,,,,,,,,,,,0.0
adult,390,59.0,0.0,1.0,14.0,1.0,0.0,,,,,,,,,,,,,,,1.0
adult,391,28.0,0.0,0.0,14.0,0.0,0.0,,,,,,,,,,,,,,,1.0
adult,392,19.0,0.0,0.0,9.0,1.0,0.0,,,,,,,,,,,,,,,0.0
adult,393,53.0,0.0,1.0,14.0,1.0,0.0,,,,,,,,,,,,,,,1.0
adult,394,31.0,0.0,0.0,9.0,0.0,0.0,,,,,,,,,,,,,,,0.0
adult,395,38.0,0.0,1.0,9.0,1.0,0.0,,,,,,,,,,,,,,,0.0
adult,396,37.0,0.0,1.0,9.0,0.0,0.0,,,,,,,,,,,,,,,1.0
adult,397,28.0,0.0,1.0,9.0,1.0,0.0,,,,,,,,,,,,,,,0.0
adult,398,60.0,0.0,1.0,10.0,1.0,0.0,,,,,,,,,,,,,,,1.0
adult,399,56.0,7688.0,1.0,13.0,0.0,0.0,,,,,,,,,,,,,,,1.0
forest_cover,0,2260.0,96.0,28.0,192.0,1045.0,251.0,,,,,,,,,,,,,,,1.0
forest_cover,1,2234.0,147.0,11.0,0.0,446.0,235.0,,,,,,,,,,,,,,,1.0
forest_cover,2,2078.0,326.0,9.0,0.0,1342.0,198.0,,,,,,,,,,,,,,,1.0
forest_cover,3,2571.0,131.0,10.0,108.0,1822.0,237.0,,,,,,,,,,,,,,,0.0
forest_cover,4,2499.0,102.0,13.0,30.0,1199.0,242.0,,,,,,,,,,,,,,,0.0
forest_cover,5,2293.0,131.0,38.0,268.0,984.0,249.0,,,,,,,,,,,,,,,1.0
forest_cover,6,2161.0,340.0,32.0,175.0,421.0,135.0,,,,,,,,,,,,,,,0.0
forest_cover,7,2350.0,84.0,17.0,175.0,418.0,242.0,,,,,,,,,,,,,,,0.0
forest_cover,8,2122.0,352.0,13.0,0.0,1236.0,196.0,,,,,,,,,,,,,,,1.0
forest_cover,9,2278.0,153.0,20.0,170.0,1191.0,240.0,,,,,,,,,,,,,,,1.0
forest_cover,10,2361.0,70.0,13.0,182.0,404.0,234.0,,,,,,,,,,,,,,,0.0
forest_cover,11,2181.0,135.0,22.0,0.0,1189.0,248.0,,,,,,,,,,,,,,,1.0
forest_cover,12,2348.0,94.0,8.0,30.0,1301.0,232.0,,,,,,,,,,,,,,,0.0
forest_cover,13,2364.0,320.0,30.0,376.0,1368.0,129.0,,,,,,,,,,,,,,,0.0
forest_cover,14,2287.0,270.0,28.0,400.0,663.0,136.0,,,,,,,,,,,,,,,0.0
forest_cover,15,2097.0,47.0,10.0,0.0,983.0,224.0,,,,,,,,,,,,,,,1.0
forest_cover,16,2233.0,112.0,17.0,60.0,607.0,247.0,,,,,,,,,,,,,,,1.0
forest_cover,17,2334.0,111.0,25.0,258.0,824.0,253.0,,,,,,,,,,,,,,,1.0
forest_cover,18,2271.0,333.0,37.0,228.0,918.0,112.0,,,,,,,,,,,,,,,0.0
forest_cover,19,2270.0,158.0,27.0,402.0,1315.0,237.0,,,,,,,,,,,,,,,1.0
forest_cover,20,2184.0,326.0,19.0,247.0,589.0,169.0,,,,,,,,,,,,,,,0.0
forest_cover,21,2074.0,80.0,12.0,30.0,966.0,236.0,,,,,,,,,,,,,,,1.0
forest_cover,22,2292.0,89.0,34.0,30.0,1570.0,247.0,,,,,,,,,,,,,,,0.0
forest_cover,23,2242.0,135.0,23.0,0.0,1572.0,249.0,,,,,,,,,,,,,,,1.0
forest_cover,24,2554.0,118.0,19.0,192.0,1812.0,249.0,,,,,,,,,,,,,,,0.0
forest_cover,25,2271.0,23.0,12.0,0.0,931.0,213.0,,,,,,,,,,,,,,,1.0
forest_cover,26,2309.0,100.0,5.0,0.0,924.0,229.0,,,,,,,,,,,,,,,1.0
forest_cover,27,2362.0,107.0,22.0,324.0,811.0,251.0,,,,,,,,,,,,,,,1.0
forest_cover,28,2111.0,269.0,24.0,120.0,150.0,151.0,,,,,,,,,,,,,,,0.0
forest_cover,29,2077.0,336.0,30.0,537.0,638.0,141.0,,,,,,,,,,,,,,,0.0
forest_cover,30,2258.0,210.0,7.0,0.0,1673.0,215.0,,,,,,,,,,,,,,,1.0
forest_cover,31,2297.0,167.0,15.0,234.0,1218.0,231.0,,,,,,,,,,,,,,,1.0
forest_cover,32,2570.0,156.0,12.0,576.0,624.0,234.0,,,,,,,,,,,,,,,0.0
forest_cover,33,2422.0,122.0,31.0,242.0,339.0,254.0,,,,,,,,,,,,,,,0.0
forest_cover,34,2145.0,232.0,8.0,339.0,433.0,207.0,,,,,,,,,,,,,,,0.0
forest_cover,35,2362.0,90.0,21.0,324.0,566.0,247.0,,,,,,,,,,,,,,,1.0
forest_cover,36,2546.0,227.0,32.0,60.0,1126.0,158.0,,,,,,,,,,,,,,,0.0
forest_cover,37,2488.0,302.0,9.0,228.0,210.0,194.0,,,,,,,,,,,,,,,0.0
forest_cover,38,2659.0,160.0,17.0,384.0,576.0,235.0,,,,,,,,,,,,,,,0.0
forest_cover,39,2376.0,104.0,14.0,0.0,1020.0,243.0,,,,,,,,,,,,,,,1.0
forest_cover,40,2119.0,56.0,30.0,190.0,362.0,223.0,,,,,,,,,,,,,,,0.0
forest_cover,41,2696.0,152.0,14.0,443.0,658.0,237.0,,,,,,,,,,,,,,,0.0
forest_cover,42,1993.0,291.0,41.0,127.0,150.0,78.0,,,,,,,,,,,,,,,0.0
forest_cover,43,2356.0,132.0,29.0,404.0,467.0,251.0,,,,,,,,,,,,,,,0.0
forest_cover,44,2474.0,175.0,27.0,242.0,247.0,223.0,,,,,,,,,,,,,,,0.0
forest_cover,45,2044.0,107.0,19.0,0.0,726.0,248.0,,,,,,,,,,,,,,,1.0
forest_cover,46,2238.0,134.0,24.0,134.0,1421.0,249.0,,,,,,,,,,,,,,,1.0
forest_cover,47,2605.0,239.0,35.0,277.0,2021.0,135.0,,,,,,,,,,,,,,,0.0
forest_cover,48,2203.0,85.0,3.0,0.0,1445.0,223.0,,,,,,,,,,,,,,,1.0
forest_cover,49,2353.0,117.0,9.0,228.0,960.0,236.0,,,,,,,,,,,,,,,1.0
forest_cover,50,2187.0,107.0,22.0,108.0,1224.0,251.0,,,,,,,,,,,,,,,1.0
forest_cover,51,2367.0,323.0,11.0,433.0,1477.0,191.0,,,,,,,,,,,,,,,0.0
forest_cover,52,2242.0,83.0,22.0,0.0,469.0,244.0,,,,,,,,,,,,,,,1.0
forest_cover,53,2440.0,29.0,14.0,540.0,1368.0,214.0,,,,,,,,,,,,,,,0.0
forest_cover,54,2539.0,115.0,18.0,242.0,1036.0,248.0,,,,,,,,,,,,,,,0.0
forest_cover,55,2541.0,38.0,32.0,339.0,1296.0,202.0,,,,,,,,,,,,,,,0.0
forest_cover,56,2438.0,204.0,25.0,95.0,1275.0,197.0,,,,,,,,,,,,,,,0.0
forest_cover,57,2395.0,146.0,14.0,85.0,534.0,238.0,,,,,,,,,,,,,,,0.0
forest_cover,58,2308.0,65.0,8.0,309.0,1416.0,228.0,,,,,,,,,,,,,,,1.0
forest_cover,59,2020.0,73.0,29.0,30.0,339.0,239.0,,,,,,,,,,,,,,,1.0
forest_cover,60,2305.0,119.0,18.0,458.0,1332.0,248.0,,,,,,,,,,,,,,,1.0
forest_cover,61,2281.0,80.0,9.0,0.0,1019.0,233.0,,,,,,,,,,,,,,,1.0
forest_cover,62,2581.0,117.0,18.0,417.0,793.0,248.0,,,,,,,,,,,,,,,0.0
forest_cover,63,2509.0,228.0,24.0,95.0,618.0,176.0,,,,,,,,,,,,,,,0.0
forest_cover,64,2600.0,149.0,12.0,300.0,1405.0,236.0,,,,,,,,,,,,,,,0.0
forest_cover,65,2589.0,193.0,37.0,42.0,2708.0,189.0,,,,,,,,,,,,,,,0.0
forest_cover,66,2125.0,109.0,17.0,0.0,1167.0,247.0,,,,,,,,,,,,,,,1.0
forest_cover,67,2003.0,113.0,31.0,212.0,216.0,254.0,,,,,,,,,,,,,,,0.0
forest_cover,68,2263.0,140.0,39.0,216.0,1032.0,244.0,,,,,,,,,,,,,,,1.0
forest_cover,69,2338.0,341.0,25.0,270.0,1091.0,160.0,,,,,,,,,,,,,,,0.0
forest_cover,70,2651.0,329.0,1.0,457.0,700.0,215.0,,,,,,,,,,,,,,,0.0
forest_cover,71,2306.0,348.0,23.0,0.0,983.0,172.0,,,,,,,,,,,,,,,1.0
forest_cover,72,2652.0,59.0,12.0,644.0,782.0,229.0,,,,,,,,,,,,,,,0.0
forest_cover,73,2386.0,81.0,22.0,216.0,1296.0,243.0,,,,,,,,,,,,,,,0.0
forest_cover,74,2535.0,222.0,23.0,85.0,1050.0,185.0,,,,,,,,,,,,,,,0.0
forest_cover,75,2578.0,120.0,22.0,335.0,342.0,251.0,,,,,,,,,,,,,,,0.0
forest_cover,76,2283.0,9.0,14.0,309.0,816.0,203.0,,,,,,,,,,,,,,,0.0
forest_cover,77,2404.0,104.0,24.0,90.0,603.0,252.0,,,,,,,,,,,,,,,0.0
forest_cover,78,2601.0,135.0,31.0,408.0,390.0,250.0,,,,,,,,,,,,,,,0.0
forest_cover,79,2312.0,122.0,27.0,216.0,816.0,253.0,,,,,,,,,,,,,,,1.0
forest_cover,80,2275.0,197.0,18.0,361.0,1082.0,212.0,,,,,,,,,,,,,,,1.0
forest_cover,81,1947.0,34.0,34.0,60.0,108.0,194.0,,,,,,,,,,,,,,,0.0
forest_cover,82,2245.0,159.0,38.0,162.0,794.0,229.0,,,,,,,,,,,,,,,0.0
forest_cover,83,2628.0,131.0,15.0,295.0,1634.0,243.0,,,,,,,,,,,,,,,0.0
forest_cover,84,2163.0,3.0,26.0,67.0,742.0,175.0,,,,,,,,,,,,,,,0.0
forest_cover,85,2203.0,87.0,23.0,0.0,771.0,246.0,,,,,,,,,,,,,,,1.0
forest_cover,86,2130.0,17.0,33.0,42.0,908.0,173.0,,,,,,,,,,,,,,,0.0
forest_cover,87,2606.0,186.0,26.0,60.0,1943.0,214.0,,,,,,,,,,,,,,,0.0
forest_cover,88,2069.0,323.0,17.0,0.0,957.0,175.0,,,,,,,,,,,,,,,1.0
forest_cover,89,2384.0,81.0,11.0,240.0,1050.0,235.0,,,,,,,,,,,,,,,1.0
forest_cover,90,2311.0,102.0,25.0,525.0,1392.0,252.0,,,,,,,,,,,,,,,1.0
forest_cover,91,2191.0,328.0,22.0,277.0,598.0,162.0,,,,,,,,,,,,,,,0.0
forest_cover,92,2537.0,315.0,33.0,180.0,342.0,117.0,,,,,,,,,,,,,,,0.0
forest_cover,93,2060.0,62.0,19.0,30.0,454.0,232.0,,,,,,,,,,,,,,,1.0
forest_cover,94,2315.0,311.0,31.0,134.0,1167.0,124.0,,,,,,,,,,,,,,,0.0
forest_cover,95,2238.0,139.0,25.0,323.0,1233.0,248.0,,,,,,,,,,,,,,,1.0
forest_cover,96,2152.0,331.0,7.0,0.0,752.0,203.0,,,,,,,,,,,,,,,1.0
forest_cover,97,2025.0,348.0,18.0,67.0,108.0,185.0,,,,,,,,,,,,,,,0.0
forest_cover,98,2205.0,336.0,21.0,0.0,1084.0,169.0,,,,,,,,,,,,,,,1.0
forest_cover,99,2075.0,229.0,20.0,0.0,1026.0,187.0,,,,,,,,,,,,,,,1.0
forest_cover,100,2578.0,189.0,5.0,60.0,765.0,220.0,,,,,,,,,,,,,,,0.0
forest_cover,101,2252.0,196.0,32.0,255.0,1110.0,194.0,,,,,,,,,,,,,,,1.0
forest_cover,102,2185.0,121.0,28.0,150.0,819.0,254.0,,,,,,,,,,,,,,,1.0
forest_cover,103,2683.0,136.0,16.0,342.0,1550.0,243.0,,,,,,,,,,,,,,,0.0
forest_cover,104,2532.0,203.0,15.0,192.0,2195.0,211.0,,,,,,,,,,,,,,,0.0
forest_cover,105,2173.0,22.0,13.0,30.0,1271.0,211.0,,,,,,,,,,,,,,,1.0
forest_cover,106,2542.0,239.0,48.0,162.0,1902.0,89.0,,,,,,,,,,,,,,,0.0
forest_cover,107,2248.0,111.0,13.0,0.0,902.0,242.0,,,,,,,,,,,,,,,1.0
forest_cover,108,2011.0,100.0,33.0,95.0,150.0,252.0,,,,,,,,,,,,,,,0.0
forest_cover,109,2526.0,124.0,13.0,319.0,342.0,241.0,,,,,,,,,,,,,,,0.0
forest_cover,110,2499.0,317.0,8.0,331.0,67.0,199.0,,,,,,,,,,,,,,,0.0
forest_cover,111,2490.0,22.0,17.0,218.0,934.0,207.0,,,,,,,,,,,,,,,0.0
forest_cover,112,2497.0,231.0,14.0,30.0,973.0,198.0,,,,,,,,,,,,,,,0.0
forest_cover,113,2187.0,205.0,4.0,0.0,882.0,217.0,,,,,,,,,,,,,,,1.0
forest_cover,114,2438.0,72.0,10.0,319.0,300.0,232.0,,,,,,,,,,,,,,,0.0
forest_cover,115,2353.0,239.0,15.0,256.0,1123.0,191.0,,,,,,,,,,,,,,,1.0
forest_cover,116,2336.0,101.0,22.0,85.0,127.0,250.0,,,,,,,,,,,,,,,0.0
forest_cover,117,2302.0,7.0,29.0,379.0,698.0,173.0,,,,,,,,,,,,,,,0.0
forest_cover,118,2084.0,85.0,36.0,0.0,418.0,244.0,,,,,,,,,,,,,,,0.0
forest_cover,119,2509.0,359.0,11.0,228.0,918.0,204.0,,,,,,,,,,,,,,,0.0
forest_cover,120,2331.0,87.0,25.0,90.0,1630.0,247.0,,,,,,,,,,,,,,,0.0
forest_cover,121,2432.0,143.0,10.0,324.0,930.0,234.0,,,,,,,,,,,,,,,0.0
forest_cover,122,2380.0,62.0,27.0,335.0,764.0,231.0,,,,,,,,,,,,,,,1.0
forest_cover,123,2277.0,357.0,28.0,366.0,1207.0,165.0,,,,,,,,,,,,,,,0.0
forest_cover,124,2250.0,16.0,31.0,150.0,1026.0,177.0,,,,,,,,,,,,,,,0.0
forest_cover,125,1984.0,53.0,24.0,0.0,300.0,225.0,,,,,,,,,,,,,,,0.0
forest_cover,126,2253.0,293.0,34.0,108.0,764.0,109.0,,,,,,,,,,,,,,,0.0
forest_cover,127,2316.0,33.0,14.0,0.0,532.0,216.0,,,,,,,,,,,,,,,1.0
forest_cover,128,2108.0,335.0,14.0,0.0,1260.0,187.0,,,,,,,,,,,,,,,1.0
forest_cover,129,2710.0,108.0,20.0,190.0,2341.0,250.0,,,,,,,,,,,,,,,0.0
forest_cover,130,2010.0,70.0,23.0,0.0,212.0,238.0,,,,,,,,,,,,,,,1.0
forest_cover,131,2207.0,337.0,23.0,30.0,1405.0,164.0,,,,,,,,,,,,,,,1.0
forest_cover,132,2485.0,46.0,28.0,228.0,774.0,216.0,,,,,,,,,,,,,,,0.0
forest_cover,133,2033.0,116.0,25.0,30.0,360.0,253.0,,,,,,,,,,,,,,,0.0
forest_cover,134,2261.0,3.0,15.0,0.0,1100.0,198.0,,,,,,,,,,,,,,,1.0
forest_cover,135,2332.0,258.0,10.0,424.0,90.0,195.0,,,,,,,,,,,,,,,0.0
forest_cover,136,2266.0,105.0,23.0,150.0,573.0,251.0,,,,,,,,,,,,,,,1.0
forest_cover,137,2264.0,115.0,20.0,150.0,1296.0,250.0,,,,,,,,,,,,,,,1.0
forest_cover,138,2254.0,138.0,24.0,162.0,1380.0,248.0,,,,,,,,,,,,,,,1.0
forest_cover,139,2330.0,335.0,14.0,300.0,957.0,187.0,,,,,,,,,,,,,,,0.0
forest_cover,140,2415.0,347.0,21.0,234.0,339.0,175.0,,,,,,,,,,,,,,,0.0
forest_cover,141,2068.0,74.0,6.0,0.0,577.0,228.0,,,,,,,,,,,,,,,1.0
forest_cover,142,2388.0,315.0,15.0,510.0,765.0,177.0,,,,,,,,,,,,,,,0.0
forest_cover,143,2222.0,24.0,27.0,67.0,1563.0,195.0,,,,,,,,,,,,,,,0.0
forest_cover,144,2245.0,165.0,19.0,0.0,658.0,233.0,,,,,,,,,,,,,,,1.0
forest_cover,145,2355.0,65.0,28.0,127.0,480.0,234.0,,,,,,,,,,,,,,,0.0
forest_cover,146,2395.0,301.0,28.0,295.0,1189.0,133.0,,,,,,,,,,,,,,,0.0
forest_cover,147,2395.0,320.0,28.0,150.0,212.0,137.0,,,,,,,,,,,,,,,0.0
forest_cover,148,2129.0,107.0,34.0,95.0,636.0,254.0,,,,,,,,,,,,,,,1.0
forest_cover,149,2319.0,37.0,22.0,212.0,960.0,214.0,,,,,,,,,,,,,,,0.0
forest_cover,150,2507.0,208.0,7.0,150.0,1020.0,215.0,,,,,,,,,,,,,,,0.0
forest_cover,151,2573.0,53.0,12.0,212.0,443.0,227.0,,,,,,,,,,,,,,,0.0
forest_cover,152,2391.0,101.0,17.0,60.0,1033.0,246.0,,,,,,,,,,,,,,,0.0
forest_cover,153,2088.0,178.0,31.0,162.0,569.0,217.0,,,,,,,,,,,,,,,0.0
forest_cover,154,2395.0,358.0,28.0,256.0,765.0,165.0,,,,,,,,,,,,,,,0.0
forest_cover,155,2217.0,156.0,21.0,0.0,1463.0,238.0,,,,,,,,,,,,,,,1.0
forest_cover,156,2059.0,311.0,17.0,30.0,807.0,170.0,,,,,,,,,,,,,,,1.0
forest_cover,157,2302.0,339.0,27.0,300.0,1167.0,153.0,,,,,,,,,,,,,,,0.0
forest_cover,158,2304.0,122.0,9.0,0.0,108.0,235.0,,,,,,,,,,,,,,,1.0
forest_cover,159,2253.0,170.0,5.0,0.0,404.0,224.0,,,,,,,,,,,,,,,1.0
forest_cover,160,2287.0,141.0,22.0,400.0,1082.0,246.0,,,,,,,,,,,,,,,1.0
forest_cover,161,2305.0,41.0,10.0,30.0,1253.0,221.0,,,,,,,,,,,,,,,1.0
forest_cover,162,2614.0,136.0,31.0,418.0,400.0,250.0,,,,,,,,,,,,,,,0.0
forest_cover,163,2190.0,19.0,31.0,67.0,1170.0,180.0,,,,,,,,,,,,,,,0.0
forest_cover,164,2695.0,227.0,15.0,175.0,2656.0,196.0,,,,,,,,,,,,,,,0.0
forest_cover,165,2173.0,326.0,11.0,42.0,1256.0,194.0,,,,,,,,,,,,,,,1.0
forest_cover,166,2215.0,9.0,11.0,0.0,430.0,208.0,,,,,,,,,,,,,,,1.0
forest_cover,167,2300.0,114.0,21.0,67.0,300.0,250.0,,,,,,,,,,,,,,,1.0
forest_cover,168,2490.0,124.0,28.0,540.0,510.0,253.0,,,,,,,,,,,,,,,0.0
forest_cover,169,2322.0,208.0,17.0,362.0,1224.0,206.0,,,,,,,,,,,,,,,1.0
forest_cover,170,2212.0,182.0,22.0,0.0,1495.0,220.0,,,,,,,,,,,,,,,1.0
forest_cover,171,2140.0,105.0,36.0,134.0,552.0,253.0,,,,,,,,,,,,,,,1.0
forest_cover,172,2153.0,5.0,15.0,0.0,1221.0,200.0,,,,,,,,,,,,,,,1.0
forest_cover,173,2348.0,136.0,24.0,313.0,722.0,249.0,,,,,,,,,,,,,,,1.0
forest_cover,174,2252.0,66.0,16.0,0.0,421.0,234.0,,,,,,,,,,,,,,,1.0
forest_cover,175,2652.0,201.0,13.0,418.0,722.0,214.0,,,,,,,,,,,,,,,0.0
forest_cover,176,2176.0,121.0,29.0,108.0,1020.0,254.0,,,,,,,,,,,,,,,1.0
forest_cover,177,2739.0,65.0,5.0,212.0,1590.0,225.0,,,,,,,,,,,,,,,0.0
forest_cover,178,2012.0,155.0,27.0,30.0,240.0,239.0,,,,,,,,,,,,,,,1.0
forest_cover,179,2043.0,43.0,22.0,67.0,511.0,218.0,,,,,,,,,,,,,,,1.0
forest_cover,180,2545.0,228.0,30.0,390.0,666.0,163.0,,,,,,,,,,,,,,,0.0
forest_cover,181,2530.0,85.0,14.0,256.0,510.0,240.0,,,,,,,,,,,,,,,0.0
forest_cover,182,2513.0,119.0,21.0,85.0,1101.0,251.0,,,,,,,,,,,,,,,0.0
forest_cover,183,2325.0,345.0,30.0,361.0,875.0,146.0,,,,,,,,,,,,,,,0.0
forest_cover,184,2358.0,73.0,12.0,218.0,984.0,234.0,,,,,,,,,,,,,,,1.0
forest_cover,185,2271.0,122.0,25.0,175.0,937.0,253.0,,,,,,,,,,,,,,,1.0
forest_cover,186,2128.0,117.0,28.0,42.0,953.0,254.0,,,,,,,,,,,,,,,1.0
forest_cover,187,2768.0,134.0,15.0,446.0,2643.0,243.0,,,,,,,,,,,,,,,0.0
forest_cover,188,2222.0,296.0,32.0,277.0,1549.0,115.0,,,,,,,,,,,,,,,0.0
forest_cover,189,2439.0,99.0,22.0,212.0,865.0,250.0,,,,,,,,,,,,,,,0.0
forest_cover,190,2095.0,8.0,9.0,30.0,1385.0,210.0,,,,,,,,,,,,,,,1.0
forest_cover,191,2116.0,62.0,7.0,30.0,1190.0,226.0,,,,,,,,,,,,,,,1.0
forest_cover,192,2663.0,154.0,7.0,0.0,1924.0,229.0,,,,,,,,,,,,,,,0.0
forest_cover,193,2614.0,4.0,17.0,268.0,1434.0,196.0,,,,,,,,,,,,,,,0.0
forest_cover,194,1997.0,45.0,25.0,0.0,150.0,218.0,,,,,,,,,,,,,,,1.0
forest_cover,195,2297.0,142.0,24.0,371.0,1061.0,246.0,,,,,,,,,,,,,,,1.0
forest_cover,196,2104.0,116.0,13.0,0.0,1065.0,242.0,,,,,,,,,,,,,,,1.0
forest_cover,197,2449.0,242.0,21.0,60.0,866.0,175.0,,,,,,,,,,,,,,,0.0
forest_cover,198,2478.0,323.0,18.0,518.0,680.0,173.0,,,,,,,,,,,,,,,0.0
forest_cover,199,2389.0,346.0,21.0,300.0,1376.0,173.0,,,,,,,,,,,,,,,0.0
forest_cover,200,2273.0,161.0,37.0,234.0,1050.0,229.0,,,,,,,,,,,,,,,1.0
forest_cover,201,2361.0,330.0,9.0,0.0,792.0,199.0,,,,,,,,,,,,,,,1.0
forest_cover,202,2162.0,73.0,27.0,0.0,810.0,239.0,,,,,,,,,,,,,,,1.0
forest_cover,203,2422.0,255.0,27.0,85.0,499.0,147.0,,,,,,,,,,,,,,,0.0
forest_cover,204,2475.0,106.0,19.0,201.0,781.0,249.0,,,,,,,,,,,,,,,0.0
forest_cover,205,2137.0,100.0,36.0,124.0,579.0,251.0,,,,,,,,,,,,,,,1.0
forest_cover,206,2395.0,124.0,21.0,258.0,350.0,250.0,,,,,,,,,,,,,,,1.0
forest_cover,207,2173.0,348.0,28.0,30.0,1131.0,157.0,,,,,,,,,,,,,,,1.0
forest_cover,208,2395.0,13.0,6.0,319.0,1235.0,214.0,,,,,,,,,,,,,,,0.0
forest_cover,209,2601.0,161.0,13.0,192.0,1758.0,233.0,,,,,,,,,,,,,,,0.0
forest_cover,210,2271.0,133.0,36.0,300.0,768.0,249.0,,,,,,,,,,,,,,,1.0
forest_cover,211,1996.0,96.0,13.0,0.0,210.0,240.0,,,,,,,,,,,,,,,1.0
forest_cover,212,2484.0,294.0,17.0,564.0,743.0,171.0,,,,,,,,,,,,,,,0.0
forest_cover,213,2303.0,49.0,19.0,134.0,1106.0,224.0,,,,,,,,,,,,,,,1.0
forest_cover,214,2025.0,316.0,20.0,0.0,573.0,163.0,,,,,,,,,,,,,,,1.0
forest_cover,215,2080.0,62.0,8.0,0.0,765.0,227.0,,,,,,,,,,,,,,,1.0
forest_cover,216,2383.0,101.0,37.0,277.0,1672.0,251.0,,,,,,,,,,,,,,,0.0
forest_cover,217,2365.0,124.0,32.0,201.0,319.0,253.0,,,,,,,,,,,,,,,1.0
forest_cover,218,2191.0,190.0,18.0,0.0,841.0,218.0,,,,,,,,,,,,,,,1.0
forest_cover,219,2372.0,116.0,19.0,350.0,792.0,249.0,,,,,,,,,,,,,,,1.0
forest_cover,220,2650.0,135.0,22.0,124.0,2318.0,248.0,,,,,,,,,,,,,,,0.0
forest_cover,221,2356.0,83.0,19.0,360.0,616.0,243.0,,,,,,,,,,,,,,,1.0
forest_cover,222,2068.0,68.0,30.0,67.0,247.0,235.0,,,,,,,,,,,,,,,1.0
forest_cover,223,2298.0,274.0,24.0,95.0,571.0,147.0,,,,,,,,,,,,,,,0.0
forest_cover,224,2162.0,168.0,26.0,150.0,633.0,230.0,,,,,,,,,,,,,,,0.0
forest_cover,225,2050.0,3.0,13.0,201.0,297.0,201.0,,,,,,,,,,,,,,,0.0
forest_cover,226,2300.0,30.0,36.0,85.0,1482.0,184.0,,,,,,,,,,,,,,,0.0
forest_cover,227,2360.0,38.0,5.0,150.0,1347.0,220.0,,,,,,,,,,,,,,,0.0
forest_cover,228,2376.0,124.0,30.0,216.0,342.0,254.0,,,,,,,,,,,,,,,1.0
forest_cover,229,2249.0,133.0,26.0,324.0,1168.0,250.0,,,,,,,,,,,,,,,1.0
forest_cover,230,2252.0,34.0,31.0,0.0,1486.0,199.0,,,,,,,,,,,,,,,1.0
forest_cover,231,2175.0,187.0,20.0,150.0,190.0,218.0,,,,,,,,,,,,,,,0.0
forest_cover,232,2431.0,153.0,14.0,342.0,842.0,236.0,,,,,,,,,,,,,,,0.0
forest_cover,233,2380.0,130.0,27.0,228.0,300.0,252.0,,,,,,,,,,,,,,,1.0
forest_cover,234,2384.0,124.0,7.0,120.0,591.0,232.0,,,,,,,,,,,,,,,0.0
forest_cover,235,2383.0,339.0,18.0,60.0,836.0,178.0,,,,,,,,,,,,,,,0.0
forest_cover,236,2214.0,132.0,32.0,218.0,659.0,251.0,,,,,,,,,,,,,,,1.0
forest_cover,237,2317.0,124.0,5.0,0.0,595.0,229.0,,,,,,,,,,,,,,,1.0
forest_cover,238,2139.0,342.0,39.0,85.0,180.0,114.0,,,,,,,,,,,,,,,0.0
forest_cover,239,2174.0,280.0,36.0,60.0,960.0,103.0,,,,,,,,,,,,,,,0.0
forest_cover,240,2178.0,30.0,35.0,42.0,1182.0,187.0,,,,,,,,,,,,,,,0.0
forest_cover,241,2302.0,144.0,19.0,60.0,95.0,244.0,,,,,,,,,,,,,,,0.0
forest_cover,242,2311.0,336.0,25.0,85.0,1233.0,156.0,,,,,,,,,,,,,,,0.0
forest_cover,243,2291.0,68.0,32.0,350.0,616.0,234.0,,,,,,,,,,,,,,,1.0
forest_cover,244,2420.0,194.0,23.0,90.0,1082.0,209.0,,,,,,,,,,,,,,,0.0
forest_cover,245,2311.0,52.0,8.0,0.0,968.0,225.0,,,,,,,,,,,,,,,1.0
forest_cover,246,2380.0,123.0,20.0,376.0,774.0,249.0,,,,,,,,,,,,,,,1.0
forest_cover,247,2477.0,96.0,20.0,212.0,424.0,248.0,,,,,,,,,,,,,,,0.0
forest_cover,248,2399.0,251.0,17.0,42.0,420.0,180.0,,,,,,,,,,,,,,,0.0
forest_cover,249,2274.0,142.0,23.0,201.0,1383.0,246.0,,,,,,,,,,,,,,,1.0
forest_cover,250,2101.0,275.0,12.0,350.0,458.0,188.0,,,,,,,,,,,,,,,0.0
forest_cover,251,2089.0,312.0,27.0,120.0,361.0,136.0,,,,,,,,,,,,,,,0.0
forest_cover,252,2312.0,344.0,8.0,0.0,1172.0,203.0,,,,,,,,,,,,,,,1.0
forest_cover,253,2058.0,9.0,5.0,0.0,646.0,215.0,,,,,,,,,,,,,,,1.0
forest_cover,254,2283.0,130.0,27.0,218.0,808.0,252.0,,,,,,,,,,,,,,,0.0
forest_cover,255,2173.0,101.0,22.0,95.0,1183.0,250.0,,,,,,,,,,,,,,,1.0
forest_cover,256,2141.0,109.0,20.0,30.0,1315.0,250.0,,,,,,,,,,,,,,,1.0
forest_cover,257,2027.0,61.0,23.0,0.0,268.0,232.0,,,,,,,,,,,,,,,1.0
forest_cover,258,2192.0,45.0,4.0,0.0,872.0,221.0,,,,,,,,,,,,,,,1.0
forest_cover,259,2264.0,80.0,20.0,60.0,323.0,242.0,,,,,,,,,,,,,,,1.0
forest_cover,260,2517.0,316.0,27.0,424.0,1031.0,141.0,,,,,,,,,,,,,,,0.0
forest_cover,261,2310.0,95.0,14.0,30.0,190.0,241.0,,,,,,,,,,,,,,,1.0
forest_cover,262,2301.0,141.0,19.0,339.0,1172.0,244.0,,,,,,,,,,,,,,,1.0
forest_cover,263,2188.0,41.0,11.0,0.0,1682.0,222.0,,,,,,,,,,,,,,,1.0
forest_cover,264,2367.0,318.0,18.0,162.0,1380.0,169.0,,,,,,,,,,,,,,,0.0
forest_cover,265,2414.0,45.0,19.0,0.0,690.0,221.0,,,,,,,,,,,,,,,1.0
forest_cover,266,2277.0,143.0,22.0,382.0,1103.0,245.0,,,,,,,,,,,,,,,1.0
forest_cover,267,2325.0,109.0,19.0,150.0,134.0,249.0,,,,,,,,,,,,,,,0.0
forest_cover,268,2289.0,4.0,15.0,339.0,979.0,200.0,,,,,,,,,,,,,,,0.0
forest_cover,269,2085.0,17.0,18.0,162.0,162.0,202.0,,,,,,,,,,,,,,,0.0
forest_cover,270,2413.0,179.0,16.0,162.0,1090.0,225.0,,,,,,,,,,,,,,,0.0
forest_cover,271,2264.0,109.0,30.0,180.0,700.0,254.0,,,,,,,,,,,,,,,1.0
forest_cover,272,2213.0,337.0,13.0,0.0,819.0,190.0,,,,,,,,,,,,,,,1.0
forest_cover,273,1976.0,292.0,30.0,60.0,190.0,125.0,,,,,,,,,,,,,,,0.0
forest_cover,274,2089.0,4.0,27.0,85.0,454.0,173.0,,,,,,,,,,,,,,,0.0
forest_cover,275,2241.0,80.0,18.0,124.0,618.0,241.0,,,,,,,,,,,,,,,1.0
forest_cover,276,2475.0,90.0,30.0,339.0,524.0,249.0,,,,,,,,,,,,,,,0.0
forest_cover,277,2327.0,109.0,27.0,547.0,1452.0,254.0,,,,,,,,,,,,,,,1.0
forest_cover,278,2312.0,225.0,10.0,400.0,85.0,207.0,,,,,,,,,,,,,,,0.0
forest_cover,279,2069.0,100.0,17.0,30.0,547.0,246.0,,,,,,,,,,,,,,,1.0
forest_cover,280,2486.0,91.0,25.0,190.0,875.0,249.0,,,,,,,,,,,,,,,0.0
forest_cover,281,2153.0,217.0,2.0,0.0,1235.0,217.0,,,,,,,,,,,,,,,1.0
forest_cover,282,2127.0,255.0,5.0,30.0,977.0,209.0,,,,,,,,,,,,,,,1.0
forest_cover,283,2284.0,62.0,26.0,258.0,1489.0,231.0,,,,,,,,,,,,,,,0.0
forest_cover,284,2280.0,110.0,26.0,190.0,573.0,253.0,,,,,,,,,,,,,,,1.0
forest_cover,285,2576.0,169.0,24.0,0.0,1776.0,230.0,,,,,,,,,,,,,,,0.0
forest_cover,286,2315.0,307.0,29.0,216.0,541.0,130.0,,,,,,,,,,,,,,,0.0
forest_cover,287,2130.0,144.0,12.0,30.0,1167.0,237.0,,,,,,,,,,,,,,,1.0
forest_cover,288,2547.0,153.0,11.0,180.0,1187.0,233.0,,,,,,,,,,,,,,,0.0
forest_cover,289,2477.0,191.0,19.0,108.0,1991.0,216.0,,,,,,,,,,,,,,,0.0
forest_cover,290,2337.0,206.0,11.0,342.0,934.0,213.0,,,,,,,,,,,,,,,1.0
forest_cover,291,2248.0,0.0,38.0,451.0,726.0,139.0,,,,,,,,,,,,,,,0.0
forest_cover,292,2265.0,313.0,22.0,272.0,1168.0,156.0,,,,,,,,,,,,,,,0.0
forest_cover,293,2328.0,353.0,26.0,228.0,1279.0,166.0,,,,,,,,,,,,,,,0.0
forest_cover,294,2355.0,100.0,11.0,384.0,966.0,238.0,,,,,,,,,,,,,,,1.0
forest_cover,295,2239.0,93.0,22.0,134.0,638.0,248.0,,,,,,,,,,,,,,,1.0
forest_cover,296,2760.0,79.0,10.0,182.0,2563.0,234.0,,,,,,,,,,,,,,,0.0
forest_cover,297,2515.0,322.0,17.0,335.0,67.0,176.0,,,,,,,,,,,,,,,0.0
forest_cover,298,2228.0,43.0,9.0,0.0,1356.0,222.0,,,,,,,,,,,,,,,1.0
forest_cover,299,2455.0,11.0,5.0,390.0,1050.0,215.0,,,,,,,,,,,,,,,0.0
forest_cover,300,2296.0,230.0,20.0,384.0,1018.0,186.0,,,,,,,,,,,,,,,1.0
forest_cover,301,2590.0,236.0,19.0,134.0,1124.0,184.0,,,,,,,,,,,,,,,0.0
forest_cover,302,2340.0,309.0,23.0,255.0,902.0,151.0,,,,,,,,,,,,,,,0.0
forest_cover,303,2533.0,135.0,15.0,42.0,1074.0,242.0,,,,,,,,,,,,,,,0.0
forest_cover,304,2319.0,171.0,17.0,408.0,1298.0,229.0,,,,,,,,,,,,,,,1.0
forest_cover,305,2470.0,198.0,26.0,153.0,1261.0,202.0,,,,,,,,,,,,,,,0.0
forest_cover,306,2190.0,293.0,27.0,192.0,750.0,135.0,,,,,,,,,,,,,,,0.0
forest_cover,307,2218.0,99.0,23.0,90.0,743.0,250.0,,,,,,,,,,,,,,,1.0
forest_cover,308,2119.0,122.0,17.0,0.0,1187.0,247.0,,,,,,,,,,,,,,,1.0
forest_cover,309,2516.0,74.0,12.0,313.0,931.0,234.0,,,,,,,,,,,,,,,0.0
forest_cover,310,2189.0,80.0,10.0,0.0,618.0,234.0,,,,,,,,,,,,,,,1.0
forest_cover,311,2533.0,190.0,30.0,331.0,960.0,204.0,,,,,,,,,,,,,,,0.0
forest_cover,312,2473.0,82.0,21.0,0.0,430.0,243.0,,,,,,,,,,,,,,,1.0
forest_cover,313,2216.0,127.0,25.0,170.0,1298.0,252.0,,,,,,,,,,,,,,,1.0
forest_cover,314,2426.0,172.0,7.0,270.0,957.0,225.0,,,,,,,,,,,,,,,0.0
forest_cover,315,2211.0,45.0,7.0,0.0,644.0,222.0,,,,,,,,,,,,,,,1.0
forest_cover,316,2032.0,61.0,12.0,0.0,295.0,230.0,,,,,,,,,,,,,,,1.0
forest_cover,317,2533.0,59.0,7.0,469.0,942.0,226.0,,,,,,,,,,,,,,,0.0
forest_cover,318,2391.0,308.0,30.0,256.0,666.0,123.0,,,,,,,,,,,,,,,0.0
forest_cover,319,2289.0,105.0,41.0,277.0,876.0,250.0,,,,,,,,,,,,,,,1.0
forest_cover,320,2193.0,339.0,11.0,0.0,895.0,196.0,,,,,,,,,,,,,,,1.0
forest_cover,321,2419.0,21.0,32.0,268.0,730.0,182.0,,,,,,,,,,,,,,,0.0
forest_cover,322,2741.0,158.0,23.0,361.0,2613.0,237.0,,,,,,,,,,,,,,,0.0
forest_cover,323,2292.0,110.0,29.0,240.0,616.0,254.0,,,,,,,,,,,,,,,1.0
forest_cover,324,2231.0,135.0,8.0,0.0,1530.0,233.0,,,,,,,,,,,,,,,1.0
forest_cover,325,2213.0,90.0,17.0,60.0,900.0,243.0,,,,,,,,,,,,,,,0.0
forest_cover,326,2151.0,129.0,28.0,95.0,819.0,252.0,,,,,,,,,,,,,,,1.0
forest_cover,327,2447.0,238.0,23.0,212.0,162.0,171.0,,,,,,,,,,,,,,,0.0
forest_cover,328,2226.0,120.0,33.0,228.0,633.0,254.0,,,,,,,,,,,,,,,1.0
forest_cover,329,2539.0,105.0,13.0,474.0,451.0,242.0,,,,,,,,,,,,,,,0.0
forest_cover,330,2325.0,124.0,27.0,242.0,799.0,253.0,,,,,,,,,,,,,,,1.0
forest_cover,331,2346.0,110.0,9.0,30.0,1382.0,236.0,,,,,,,,,,,,,,,0.0
forest_cover,332,2049.0,76.0,32.0,42.0,242.0,240.0,,,,,,,,,,,,,,,1.0
forest_cover,333,2354.0,165.0,28.0,175.0,417.0,231.0,,,,,,,,,,,,,,,0.0
forest_cover,334,2536.0,282.0,10.0,382.0,900.0,193.0,,,,,,,,,,,,,,,0.0
forest_cover,335,2213.0,139.0,5.0,0.0,1110.0,227.0,,,,,,,,,,,,,,,1.0
forest_cover,336,2628.0,217.0,12.0,430.0,1585.0,206.0,,,,,,,,,,,,,,,0.0
forest_cover,337,2578.0,196.0,26.0,351.0,2259.0,204.0,,,,,,,,,,,,,,,0.0
forest_cover,338,2247.0,119.0,17.0,0.0,1475.0,247.0,,,,,,,,,,,,,,,1.0
forest_cover,339,2164.0,295.0,29.0,190.0,390.0,126.0,,,,,,,,,,,,,,,0.0
forest_cover,340,2040.0,107.0,12.0,0.0,741.0,240.0,,,,,,,,,,,,,,,1.0
forest_cover,341,2145.0,337.0,17.0,0.0,787.0,181.0,,,,,,,,,,,,,,,1.0
forest_cover,342,2242.0,126.0,38.0,201.0,1015.0,250.0,,,,,,,,,,,,,,,1.0
forest_cover,343,2578.0,110.0,17.0,85.0,1532.0,247.0,,,,,,,,,,,,,,,0.0
forest_cover,344,2601.0,244.0,22.0,242.0,1121.0,169.0,,,,,,,,,,,,,,,0.0
forest_cover,345,2198.0,281.0,11.0,30.0,1519.0,190.0,,,,,,,,,,,,,,,1.0
forest_cover,346,2061.0,103.0,18.0,0.0,872.0,247.0,,,,,,,,,,,,,,,1.0
forest_cover,347,2359.0,83.0,11.0,0.0,1234.0,236.0,,,,,,,,,,,,,,,1.0
forest_cover,348,2131.0,5.0,18.0,342.0,366.0,195.0,,,,,,,,,,,,,,,0.0
forest_cover,349,2276.0,35.0,30.0,0.0,1589.0,201.0,,,,,,,,,,,,,,,1.0
forest_cover,350,2120.0,79.0,2.0,0.0,792.0,222.0,,,,,,,,,,,,,,,1.0
forest_cover,351,2108.0,155.0,7.0,30.0,1248.0,228.0,,,,,,,,,,,,,,,1.0
forest_cover,352,2278.0,58.0,17.0,268.0,1364.0,230.0,,,,,,,,,,,,,,,1.0
forest_cover,353,2491.0,287.0,9.0,268.0,543.0,195.0,,,,,,,,,,,,,,,0.0
forest_cover,354,2329.0,23.0,20.0,0.0,1200.0,204.0,,,,,,,,,,,,,,,0.0
forest_cover,355,2640.0,127.0,17.0,175.0,2108.0,245.0,,,,,,,,,,,,,,,0.0
forest_cover,356,2368.0,125.0,29.0,300.0,1087.0,253.0,,,,,,,,,,,,,,,1.0
forest_cover,357,2750.0,165.0,16.0,360.0,1670.0,232.0,,,,,,,,,,,,,,,0.0
forest_cover,358,2165.0,78.0,11.0,0.0,684.0,234.0,,,,,,,,,,,,,,,1.0
forest_cover,359,2236.0,94.0,10.0,0.0,1626.0,236.0,,,,,,,,,,,,,,,1.0
forest_cover,360,2174.0,123.0,22.0,0.0,1296.0,251.0,,,,,,,,,,,,,,,1.0
forest_cover,361,2221.0,63.0,13.0,0.0,1383.0,231.0,,,,,,,,,,,,,,,1.0
forest_cover,362,2561.0,185.0,28.0,90.0,1041.0,212.0,,,,,,,,,,,,,,,0.0
forest_cover,363,2168.0,352.0,7.0,0.0,661.0,208.0,,,,,,,,,,,,,,,1.0
forest_cover,364,2226.0,46.0,33.0,258.0,730.0,209.0,,,,,,,,,,,,,,,0.0
forest_cover,365,2068.0,170.0,25.0,30.0,853.0,228.0,,,,,,,,,,,,,,,1.0
forest_cover,366,2363.0,123.0,15.0,170.0,871.0,244.0,,,,,,,,,,,,,,,0.0
forest_cover,367,2521.0,257.0,28.0,450.0,450.0,143.0,,,,,,,,,,,,,,,0.0
forest_cover,368,2137.0,131.0,28.0,108.0,769.0,251.0,,,,,,,,,,,,,,,1.0
forest_cover,369,2267.0,155.0,25.0,150.0,1168.0,240.0,,,,,,,,,,,,,,,1.0
forest_cover,370,2281.0,307.0,12.0,30.0,1026.0,187.0,,,,,,,,,,,,,,,1.0
forest_cover,371,2172.0,283.0,22.0,30.0,1167.0,153.0,,,,,,,,,,,,,,,1.0
forest_cover,372,2444.0,305.0,17.0,228.0,30.0,171.0,,,,,,,,,,,,,,,0.0
forest_cover,373,2568.0,237.0,11.0,379.0,2397.0,200.0,,,,,,,,,,,,,,,0.0
forest_cover,374,2279.0,306.0,9.0,30.0,997.0,196.0,,,,,,,,,,,,,,,1.0
forest_cover,375,2294.0,153.0,32.0,258.0,1026.0,239.0,,,,,,,,,,,,,,,1.0
forest_cover,376,2274.0,105.0,36.0,150.0,1681.0,253.0,,,,,,,,,,,,,,,0.0
forest_cover,377,2112.0,337.0,23.0,0.0,1260.0,164.0,,,,,,,,,,,,,,,1.0
forest_cover,378,2122.0,0.0,3.0,0.0,1155.0,215.0,,,,,,,,,,,,,,,1.0
forest_cover,379,2156.0,350.0,18.0,30.0,1323.0,184.0,,,,,,,,,,,,,,,0.0
forest_cover,380,2291.0,129.0,16.0,0.0,1065.0,244.0,,,,,,,,,,,,,,,1.0
forest_cover,381,2214.0,299.0,13.0,0.0,741.0,183.0,,,,,,,,,,,,,,,1.0
forest_cover,382,2304.0,247.0,27.0,342.0,1019.0,153.0,,,,,,,,,,,,,,,1.0
forest_cover,383,2294.0,114.0,19.0,319.0,1148.0,249.0,,,,,,,,,,,,,,,1.0
forest_cover,384,2221.0,117.0,27.0,85.0,1018.0,254.0,,,,,,,,,,,,,,,1.0
forest_cover,385,2633.0,38.0,11.0,390.0,892.0,220.0,,,,,,,,,,,,,,,0.0
forest_cover,386,2287.0,52.0,6.0,190.0,690.0,223.0,,,,,,,,,,,,,,,0.0
forest_cover,387,2322.0,100.0,30.0,270.0,642.0,252.0,,,,,,,,,,,,,,,1.0
forest_cover,388,2275.0,344.0,30.0,192.0,953.0,146.0,,,,,,,,,,,,,,,0.0
forest_cover,389,2331.0,133.0,30.0,306.0,1041.0,251.0,,,,,,,,,,,,,,,1.0
forest_cover,390,2340.0,109.0,19.0,339.0,1003.0,249.0,,,,,,,,,,,,,,,1.0
forest_cover,391,2379.0,98.0,19.0,384.0,841.0,248.0,,,,,,,,,,,,,,,1.0
forest_cover,392,2262.0,26.0,6.0,0.0,721.0,217.0,,,,,,,,,,,,,,,1.0
forest_cover,393,2390.0,78.0,12.0,192.0,319.0,235.0,,,,,,,,,,,,,,,0.0
forest_cover,394,2343.0,92.0,16.0,361.0,1026.0,243.0,,,,,,,,,,,,,,,1.0
forest_cover,395,2768.0,126.0,19.0,446.0,2603.0,248.0,,,,,,,,,,,,,,,0.0
forest_cover,396,2537.0,196.0,20.0,108.0,1087.0,211.0,,,,,,,,,,,,,,,0.0
forest_cover,397,2297.0,275.0,36.0,134.0,1358.0,104.0,,,,,,,,,,,,,,,0.0
forest_cover,398,2192.0,353.0,21.0,495.0,603.0,180.0,,,,,,,,,,,,,,,0.0
forest_cover,399,2420.0,57.0,23.0,201.0,805.0,228.0,,,,,,,,,,,,,,,0.0
breast_cancer,0,67.08,0.01952,331.6,10.42,0.05588,62.92,,,,,,,,,,,,,,,0.0
breast_cancer,1,113.7,0.03157,932.7,17.38,0.1035,98.17,,,,,,,,,,,,,,,0.0
breast_cancer,2,96.31,0.01883,621.9,14.13,0.06608,84.18,,,,,,,,,,,,,,,0.0
breast_cancer,3,125.9,0.06462,1088.0,19.56,0.1479,102.6,,,,,,,,,,,,,,,1.0
breast_cancer,4,86.26,0.03003,509.6,13.15,0.06042,78.11,,,,,,,,,,,,,,,0.0
breast_cancer,5,109.4,0.07064,803.6,16.34,0.1397,95.77,,,,,,,,,,,,,,,0.0
breast_cancer,6,79.12,0.02361,467.2,12.37,0.06296,73.53,,,,,,,,,,,,,,,0.0
breast_cancer,7,188.0,0.08632,2615.0,29.17,0.2009,137.2,,,,,,,,,,,,,,,1.0
breast_cancer,8,99.17,0.02369,688.6,15.05,0.06845,89.77,,,,,,,,,,,,,,,0.0
breast_cancer,9,103.1,0.06495,749.9,15.8,0.1069,93.86,,,,,,,,,,,,,,,0.0
breast_cancer,10,104.4,0.05602,750.1,15.75,0.1654,90.96,,,,,,,,,,,,,,,1.0
breast_cancer,11,113.1,0.05397,861.5,16.97,0.1251,106.3,,,,,,,,,,,,,,,0.0
breast_cancer,12,92.48,0.03275,629.6,14.37,0.07958,84.88,,,,,,,,,,,,,,,0.0
breast_cancer,13,72.42,0.01369,392.2,11.37,0.03194,69.14,,,,,,,,,,,,,,,0.0
breast_cancer,14,65.27,0.02381,302.0,9.981,0.04762,56.74,,,,,,,,,,,,,,,0.0
breast_cancer,15,71.94,0.01915,375.6,11.17,0.05575,65.12,,,,,,,,,,,,,,,0.0
breast_cancer,16,85.22,0.01393,546.3,13.3,0.06913,75.51,,,,,,,,,,,,,,,0.0
breast_cancer,17,100.2,0.04304,706.7,15.3,0.1048,91.38,,,,,,,,,,,,,,,0.0
breast_cancer,18,99.71,0.02563,706.2,15.34,0.08056,87.88,,,,,,,,,,,,,,,0.0
breast_cancer,19,109.1,0.04819,809.8,16.25,0.1489,97.03,,,,,,,,,,,,,,,0.0
breast_cancer,20,150.2,0.07726,1657.0,23.06,0.1425,131.1,,,,,,,,,,,,,,,1.0
breast_cancer,21,86.57,0.03132,549.8,13.32,0.09815,75.49,,,,,,,,,,,,,,,0.0
breast_cancer,22,119.8,0.1242,928.8,17.73,0.2229,103.2,,,,,,,,,,,,,,,1.0
breast_cancer,23,135.1,0.04744,1320.0,20.92,0.1136,115.2,,,,,,,,,,,,,,,1.0
breast_cancer,24,65.13,0.02076,314.9,10.23,0.06227,60.34,,,,,,,,,,,,,,,0.0
breast_cancer,25,205.7,0.1471,2642.0,29.92,0.2475,165.5,,,,,,,,,,,,,,,1.0
breast_cancer,26,162.3,0.09333,1844.0,24.33,0.1697,132.9,,,,,,,,,,,,,,,1.0
breast_cancer,27,96.08,0.01723,656.7,14.67,0.08586,87.21,,,,,,,,,,,,,,,0.0
breast_cancer,28,85.56,0.002924,564.1,13.5,0.008772,79.83,,,,,,,,,,,,,,,0.0
breast_cancer,29,64.48,0.01924,284.4,9.628,0.105,55.84,,,,,,,,,,,,,,,0.0
breast_cancer,30,99.43,0.03783,701.9,15.11,0.1284,88.73,,,,,,,,,,,,,,,0.0
breast_cancer,31,127.1,0.04178,1210.0,19.82,0.08341,114.6,,,,,,,,,,,,,,,0.0
breast_cancer,32,152.9,0.08271,1623.0,24.56,0.1956,122.0,,,,,,,,,,,,,,,1.0
breast_cancer,33,140.9,0.0795,1485.0,21.84,0.1776,118.7,,,,,,,,,,,,,,,1.0
breast_cancer,34,133.3,0.06254,1292.0,20.38,0.1535,117.5,,,,,,,,,,,,,,,1.0
breast_cancer,35,153.2,0.074,1606.0,22.88,0.1932,119.6,,,,,,,,,,,,,,,1.0
breast_cancer,36,151.7,0.1118,1332.0,20.96,0.1767,132.4,,,,,,,,,,,,,,,1.0
breast_cancer,37,89.02,0.04391,547.4,13.37,0.09265,81.92,,,,,,,,,,,,,,,0.0
breast_cancer,38,87.16,0.02854,472.9,12.58,0.1218,73.93,,,,,,,,,,,,,,,0.0
breast_cancer,39,158.8,0.128,1696.0,23.68,0.1923,134.7,,,,,,,,,,,,,,,1.0
breast_cancer,40,69.86,0.0129,368.6,11.02,0.02579,64.55,,,,,,,,,,,,,,,0.0
breast_cancer,41,65.5,0.04375,324.7,10.31,0.175,58.79,,,,,,,,,,,,,,,0.0
breast_cancer,42,114.1,0.063,809.2,16.46,0.1108,98.22,,,,,,,,,,,,,,,0.0
breast_cancer,43,90.72,0.04083,591.0,13.74,0.08296,83.05,,,,,,,,,,,,,,,0.0
breast_cancer,44,99.48,0.05102,639.3,14.55,0.1126,87.02,,,,,,,,,,,,,,,0.0
breast_cancer,45,111.4,0.04223,862.1,16.67,0.1414,94.15,,,,,,,,,,,,,,,0.0
breast_cancer,46,83.74,0.02623,510.5,12.82,0.08958,73.34,,,,,,,,,,,,,,,0.0
breast_cancer,47,97.19,0.01329,725.9,15.34,0.06019,88.12,,,,,,,,,,,,,,,0.0
breast_cancer,48,117.9,0.0598,1044.0,18.33,0.1838,94.49,,,,,,,,,,,,,,,1.0
breast_cancer,49,92.15,0.04107,638.4,14.44,0.108,78.54,,,,,,,,,,,,,,,0.0
breast_cancer,50,57.26,0.005917,242.2,8.964,0.02564,51.71,,,,,,,,,,,,,,,0.0
breast_cancer,51,107.0,0.07798,709.0,15.3,0.1505,97.83,,,,,,,,,,,,,,,0.0
breast_cancer,52,129.2,0.05596,1261.0,20.58,0.1185,114.2,,,,,,,,,,,,,,,1.0
breast_cancer,53,124.1,0.07364,943.2,17.46,0.1712,96.73,,,,,,,,,,,,,,,1.0
breast_cancer,54,126.9,0.09052,1031.0,18.55,0.1732,108.8,,,,,,,,,,,,,,,1.0
breast_cancer,55,93.96,0.008829,672.4,14.73,0.03532,82.71,,,,,,,,,,,,,,,0.0
breast_cancer,56,118.6,0.08878,784.7,16.08,0.1727,100.4,,,,,,,,,,,,,,,1.0
breast_cancer,57,116.2,0.05598,799.6,15.89,0.1447,93.63,,,,,,,,,,,,,,,1.0
breast_cancer,58,86.43,0.01428,520.5,13.07,0.06664,74.2,,,,,,,,,,,,,,,0.0
breast_cancer,59,195.0,0.1501,2227.0,27.66,0.2432,147.2,,,,,,,,,,,,,,,1.0
breast_cancer,60,84.08,0.01963,532.8,13.14,0.07025,76.84,,,,,,,,,,,,,,,0.0
breast_cancer,61,98.37,0.03711,670.0,14.98,0.09993,88.99,,,,,,,,,,,,,,,0.0
breast_cancer,62,88.28,0.01105,602.0,13.94,0.0497,84.13,,,,,,,,,,,,,,,0.0
breast_cancer,63,67.88,0.01116,347.3,10.65,0.02232,64.73,,,,,,,,,,,,,,,0.0
breast_cancer,64,163.1,0.08591,1972.0,25.7,0.1999,126.5,,,,,,,,,,,,,,,1.0
breast_cancer,65,77.98,0.01615,455.7,12.25,0.06136,68.01,,,,,,,,,,,,,,,0.0
breast_cancer,66,97.67,0.03483,677.3,14.77,0.09722,85.31,,,,,,,,,,,,,,,0.0
breast_cancer,67,88.12,0.02402,566.9,13.65,0.08224,80.88,,,,,,,,,,,,,,,0.0
breast_cancer,68,157.1,0.08481,1748.0,23.17,0.2134,102.9,,,,,,,,,,,,,,,1.0
breast_cancer,69,82.66,0.01861,503.0,12.78,0.06402,73.66,,,,,,,,,,,,,,,0.0
breast_cancer,70,84.42,0.03239,521.5,13.01,0.1099,74.68,,,,,,,,,,,,,,,0.0
breast_cancer,71,110.2,0.03876,867.1,16.76,0.1308,97.53,,,,,,,,,,,,,,,0.0
breast_cancer,72,122.4,0.08783,896.9,17.62,0.2701,97.41,,,,,,,,,,,,,,,1.0
breast_cancer,73,91.63,0.01867,645.8,14.4,0.05601,82.63,,,,,,,,,,,,,,,0.0
breast_cancer,74,143.4,0.07762,1426.0,21.53,0.1489,118.4,,,,,,,,,,,,,,,1.0
breast_cancer,75,75.4,0.01071,403.7,11.48,0.03571,65.05,,,,,,,,,,,,,,,0.0
breast_cancer,76,160.0,0.1265,1671.0,24.19,0.2152,133.7,,,,,,,,,,,,,,,1.0
breast_cancer,77,88.14,0.05564,528.1,13.36,0.1416,76.38,,,,,,,,,,,,,,,0.0
breast_cancer,78,95.14,0.0209,626.9,14.45,0.06384,82.67,,,,,,,,,,,,,,,0.0
breast_cancer,79,121.2,0.06553,1050.0,18.51,0.1526,98.0,,,,,,,,,,,,,,,1.0
breast_cancer,80,87.65,0.02534,529.9,13.13,0.0914,78.78,,,,,,,,,,,,,,,0.0
breast_cancer,81,69.92,0.005159,376.3,11.11,0.02579,63.19,,,,,,,,,,,,,,,0.0
breast_cancer,82,69.35,0.01111,366.3,10.94,0.02222,66.82,,,,,,,,,,,,,,,0.0
breast_cancer,83,101.9,0.03152,719.8,15.35,0.1427,87.44,,,,,,,,,,,,,,,0.0
breast_cancer,84,83.9,0.00816,505.6,13.03,0.03264,68.89,,,,,,,,,,,,,,,0.0
breast_cancer,85,89.0,0.02653,610.2,14.1,0.09532,78.41,,,,,,,,,,,,,,,0.0
breast_cancer,86,126.3,0.08399,1035.0,18.49,0.2014,103.7,,,,,,,,,,,,,,,1.0
breast_cancer,87,81.81,0.02278,506.2,12.84,0.06316,73.34,,,,,,,,,,,,,,,0.0
breast_cancer,88,76.51,0.05941,351.9,10.85,0.1465,70.15,,,,,,,,,,,,,,,0.0
breast_cancer,89,124.9,0.08087,1156.0,19.26,0.1514,101.7,,,,,,,,,,,,,,,1.0
breast_cancer,90,68.03,0.01043,349.9,10.67,0.04866,61.68,,,,,,,,,,,,,,,0.0
breast_cancer,91,214.0,0.08646,3432.0,32.49,0.1659,135.7,,,,,,,,,,,,,,,1.0
breast_cancer,92,82.04,0.01969,467.6,12.4,0.07431,73.99,,,,,,,,,,,,,,,0.0
breast_cancer,93,104.5,0.02657,819.1,16.2,0.08178,97.65,,,,,,,,,,,,,,,0.0
breast_cancer,94,148.7,0.1149,1589.0,22.63,0.1732,130.4,,,,,,,,,,,,,,,1.0
breast_cancer,95,78.78,0.02594,457.8,12.26,0.06918,74.65,,,,,,,,,,,,,,,0.0
breast_cancer,96,110.3,0.05069,812.4,16.57,0.1383,90.43,,,,,,,,,,,,,,,1.0
breast_cancer,97,112.5,0.06211,854.3,17.01,0.1452,102.8,,,,,,,,,,,,,,,0.0
breast_cancer,98,86.92,0.02798,549.9,13.45,0.07393,77.83,,,,,,,,,,,,,,,0.0
breast_cancer,99,67.03,0.01504,330.7,10.41,0.06517,60.11,,,,,,,,,,,,,,,0.0
breast_cancer,100,153.9,0.1194,1740.0,23.96,0.206,128.1,,,,,,,,,,,,,,,1.0
breast_cancer,101,171.1,0.1062,2053.0,25.93,0.198,129.5,,,,,,,,,,,,,,,1.0
breast_cancer,102,73.23,0.01968,394.5,11.38,0.06696,65.75,,,,,,,,,,,,,,,0.0
breast_cancer,103,105.9,0.0226,829.5,16.43,0.08308,95.88,,,,,,,,,,,,,,,0.0
breast_cancer,104,127.1,0.08923,1095.0,18.81,0.2027,98.64,,,,,,,,,,,,,,,1.0
breast_cancer,105,152.0,0.1015,1645.0,23.23,0.1613,134.7,,,,,,,,,,,,,,,1.0
breast_cancer,106,87.22,0.02647,564.9,13.61,0.107,78.94,,,,,,,,,,,,,,,0.0
breast_cancer,107,160.2,0.1322,1809.0,24.3,0.2148,137.8,,,,,,,,,,,,,,,1.0
breast_cancer,108,90.14,0.03613,476.4,12.36,0.1555,71.73,,,,,,,,,,,,,,,0.0
breast_cancer,109,64.01,0.0,317.0,10.17,0.0,55.27,,,,,,,,,,,,,,,0.0
breast_cancer,110,101.7,0.06602,767.3,15.77,0.1021,96.03,,,,,,,,,,,,,,,0.0
breast_cancer,111,79.67,0.02322,475.8,12.51,0.06548,73.02,,,,,,,,,,,,,,,0.0
breast_cancer,112,87.82,0.01781,579.7,13.75,0.08312,81.87,,,,,,,,,,,,,,,0.0
breast_cancer,113,112.1,0.03058,828.5,16.45,0.1339,92.41,,,,,,,,,,,,,,,0.0
breast_cancer,114,100.3,0.01141,725.9,15.49,0.05104,88.44,,,,,,,,,,,,,,,0.0
breast_cancer,115,138.1,0.08824,1349.0,21.08,0.1974,117.8,,,,,,,,,,,,,,,1.0
breast_cancer,116,108.5,0.04349,862.0,16.76,0.09186,94.29,,,,,,,,,,,,,,,0.0
breast_cancer,117,62.86,0.01282,295.8,9.845,0.02564,59.01,,,,,,,,,,,,,,,0.0
breast_cancer,118,62.06,0.009259,273.9,9.565,0.02778,54.66,,,,,,,,,,,,,,,0.0
breast_cancer,119,128.7,0.09429,915.0,17.52,0.2356,103.4,,,,,,,,,,,,,,,1.0
breast_cancer,120,86.67,0.03279,552.0,13.57,0.08411,81.25,,,,,,,,,,,,,,,0.0
breast_cancer,121,88.54,0.01924,553.7,13.5,0.06343,81.78,,,,,,,,,,,,,,,0.0
breast_cancer,122,62.25,0.0,303.8,9.968,0.0,60.73,,,,,,,,,,,,,,,0.0
breast_cancer,123,119.1,0.08653,959.5,17.67,0.1785,96.42,,,,,,,,,,,,,,,1.0
breast_cancer,124,129.1,0.05778,1228.0,19.76,0.09181,117.4,,,,,,,,,,,,,,,1.0
breast_cancer,125,70.88,0.01514,385.2,11.14,0.0656,61.49,,,,,,,,,,,,,,,0.0
breast_cancer,126,74.08,0.0,412.3,11.66,0.0,68.51,,,,,,,,,,,,,,,0.0
breast_cancer,127,92.0,0.003261,636.9,14.41,0.025,84.07,,,,,,,,,,,,,,,0.0
breast_cancer,128,73.47,0.01216,395.4,11.52,0.04464,66.62,,,,,,,,,,,,,,,0.0
breast_cancer,129,117.7,0.0852,909.4,17.11,0.2163,103.8,,,,,,,,,,,,,,,1.0
breast_cancer,130,170.3,0.1604,1623.0,23.37,0.2508,143.7,,,,,,,,,,,,,,,1.0
breast_cancer,131,82.76,0.02932,472.4,12.4,0.07887,70.39,,,,,,,,,,,,,,,0.0
breast_cancer,132,88.87,0.01835,586.8,13.82,0.03612,80.98,,,,,,,,,,,,,,,0.0
breast_cancer,133,86.7,0.0133,570.7,13.63,0.0399,81.29,,,,,,,,,,,,,,,0.0
breast_cancer,134,93.22,0.03078,605.8,14.09,0.09783,82.89,,,,,,,,,,,,,,,0.0
breast_cancer,135,84.93,0.0555,476.1,12.84,0.1318,73.16,,,,,,,,,,,,,,,0.0
breast_cancer,136,88.18,0.001852,608.8,14.0,0.009259,82.01,,,,,,,,,,,,,,,0.0
breast_cancer,137,81.93,0.04497,475.7,12.64,0.1105,75.46,,,,,,,,,,,,,,,0.0
breast_cancer,138,72.01,0.02583,396.5,11.35,0.04306,70.21,,,,,,,,,,,,,,,0.0
breast_cancer,139,107.1,0.03562,809.7,16.25,0.08405,97.84,,,,,,,,,,,,,,,0.0
breast_cancer,140,102.5,0.04408,764.0,15.75,0.08219,92.55,,,,,,,,,,,,,,,0.0
breast_cancer,141,139.2,0.05814,1410.0,21.31,0.1571,118.6,,,,,,,,,,,,,,,1.0
breast_cancer,142,109.5,0.05839,826.4,16.33,0.1565,94.48,,,,,,,,,,,,,,,1.0
breast_cancer,143,97.9,0.009937,706.6,15.27,0.03312,88.37,,,,,,,,,,,,,,,0.0
breast_cancer,144,76.38,0.005664,435.9,11.93,0.02832,71.3,,,,,,,,,,,,,,,0.0
breast_cancer,145,83.12,0.02069,508.9,12.97,0.06544,73.28,,,,,,,,,,,,,,,0.0
breast_cancer,146,97.82,0.04846,580.6,13.78,0.1342,82.85,,,,,,,,,,,,,,,0.0
breast_cancer,147,176.5,0.1496,2089.0,26.68,0.2903,142.7,,,,,,,,,,,,,,,1.0
breast_cancer,148,184.6,0.152,1821.0,25.74,0.265,140.1,,,,,,,,,,,,,,,1.0
breast_cancer,149,82.74,0.005592,523.4,13.07,0.02796,76.09,,,,,,,,,,,,,,,0.0
breast_cancer,150,113.1,0.06158,907.2,17.38,0.1492,87.32,,,,,,,,,,,,,,,1.0
breast_cancer,151,63.3,0.0151,275.6,9.473,0.08512,54.53,,,,,,,,,,,,,,,0.0
breast_cancer,152,70.89,0.02037,357.1,10.88,0.04074,66.2,,,,,,,,,,,,,,,0.0
breast_cancer,153,180.2,0.06637,2477.0,27.9,0.1625,128.0,,,,,,,,,,,,,,,1.0
breast_cancer,154,97.17,0.03088,643.8,14.48,0.1012,83.74,,,,,,,,,,,,,,,0.0
breast_cancer,155,96.09,0.0311,630.5,14.5,0.07283,85.63,,,,,,,,,,,,,,,0.0
breast_cancer,156,142.0,0.1021,1313.0,20.82,0.1825,128.9,,,,,,,,,,,,,,,1.0
breast_cancer,157,128.8,0.06638,1223.0,19.77,0.152,104.1,,,,,,,,,,,,,,,1.0
breast_cancer,158,91.06,0.01762,628.5,14.34,0.05921,82.61,,,,,,,,,,,,,,,0.0
breast_cancer,159,94.22,0.05603,591.2,14.19,0.1258,85.09,,,,,,,,,,,,,,,0.0
breast_cancer,160,90.67,0.02036,624.0,14.2,0.118,81.35,,,,,,,,,,,,,,,0.0
breast_cancer,161,160.5,0.09431,1646.0,23.73,0.1613,130.5,,,,,,,,,,,,,,,1.0
breast_cancer,162,195.9,0.1088,2384.0,28.19,0.1841,147.3,,,,,,,,,,,,,,,1.0
breast_cancer,163,113.3,0.08172,844.4,16.41,0.2051,88.64,,,,,,,,,,,,,,,1.0
breast_cancer,164,109.8,0.04563,928.2,17.32,0.1357,104.7,,,,,,,,,,,,,,,0.0
breast_cancer,165,79.76,0.03341,440.0,11.92,0.1075,71.49,,,,,,,,,,,,,,,0.0
breast_cancer,166,79.82,0.003125,452.3,12.08,0.02083,71.76,,,,,,,,,,,,,,,0.0
breast_cancer,167,124.3,0.07041,1070.0,18.76,0.1981,105.8,,,,,,,,,,,,,,,1.0
breast_cancer,168,93.85,0.02027,624.6,14.29,0.08829,78.31,,,,,,,,,,,,,,,0.0
breast_cancer,169,83.85,0.01108,543.4,13.2,0.04052,78.61,,,,,,,,,,,,,,,0.0
breast_cancer,170,76.08,0.04268,411.1,11.69,0.09514,71.25,,,,,,,,,,,,,,,0.0
breast_cancer,171,130.3,0.09479,1272.0,20.19,0.2034,105.7,,,,,,,,,,,,,,,1.0
breast_cancer,172,93.76,0.01473,663.5,14.73,0.06987,85.48,,,,,,,,,,,,,,,0.0
breast_cancer,173,144.9,0.08886,1417.0,21.65,0.1564,129.1,,,,,,,,,,,,,,,1.0
breast_cancer,174,58.36,0.0,259.2,9.262,0.0,54.42,,,,,,,,,,,,,,,0.0
breast_cancer,175,71.08,0.02438,357.4,10.83,0.08333,65.85,,,,,,,,,,,,,,,0.0
breast_cancer,176,160.5,0.1244,1670.0,23.15,0.1848,124.8,,,,,,,,,,,,,,,1.0
breast_cancer,177,134.9,0.07953,1227.0,20.01,0.1456,115.0,,,,,,,,,,,,,,,1.0
breast_cancer,178,136.8,0.1028,1315.0,20.96,0.2073,108.1,,,,,,,,,,,,,,,1.0
breast_cancer,179,95.54,0.02899,698.8,14.99,0.02899,95.54,,,,,,,,,,,,,,,1.0
breast_cancer,180,104.4,0.0207,830.5,16.41,0.0815,88.73,,,,,,,,,,,,,,,0.0
breast_cancer,181,76.91,0.007583,436.1,11.98,0.02022,71.94,,,,,,,,,,,,,,,0.0
breast_cancer,182,150.6,0.1009,1567.0,22.82,0.2378,123.7,,,,,,,,,,,,,,,1.0
breast_cancer,183,106.4,0.06618,762.4,15.74,0.1772,94.37,,,,,,,,,,,,,,,1.0
breast_cancer,184,170.1,0.08994,2145.0,26.14,0.2091,125.5,,,,,,,,,,,,,,,1.0
breast_cancer,185,92.12,0.0339,595.6,13.9,0.1017,84.08,,,,,,,,,,,,,,,0.0
breast_cancer,186,177.4,0.09961,1651.0,24.09,0.2493,128.3,,,,,,,,,,,,,,,1.0
breast_cancer,187,184.6,0.1471,2019.0,25.38,0.2654,122.8,,,,,,,,,,,,,,,1.0
breast_cancer,188,206.0,0.1237,2944.0,31.01,0.2593,153.5,,,,,,,,,,,,,,,1.0
breast_cancer,189,74.22,0.01201,402.8,11.54,0.03203,67.41,,,,,,,,,,,,,,,0.0
breast_cancer,190,152.4,0.1401,1461.0,22.25,0.255,116.0,,,,,,,,,,,,,,,1.0
breast_cancer,191,84.46,0.02923,545.9,13.3,0.05013,82.61,,,,,,,,,,,,,,,0.0
breast_cancer,192,141.2,0.08811,1408.0,22.51,0.2066,113.4,,,,,,,,,,,,,,,1.0
breast_cancer,193,102.8,0.05778,745.5,15.7,0.1221,94.28,,,,,,,,,,,,,,,0.0
breast_cancer,194,101.2,0.02944,750.0,15.66,0.07453,89.78,,,,,,,,,,,,,,,0.0
breast_cancer,195,91.76,0.06367,508.1,13.24,0.2524,73.3,,,,,,,,,,,,,,,1.0
breast_cancer,196,129.8,0.08488,1121.0,19.28,0.1583,106.9,,,,,,,,,,,,,,,1.0
breast_cancer,197,122.1,0.09194,939.7,17.39,0.1775,109.8,,,,,,,,,,,,,,,1.0
breast_cancer,198,123.5,0.08815,1025.0,18.23,0.2115,100.3,,,,,,,,,,,,,,,1.0
breast_cancer,199,152.1,0.1255,1535.0,22.69,0.1966,141.3,,,,,,,,,,,,,,,1.0
breast_cancer,200,149.3,0.08751,1269.0,20.27,0.2024,102.4,,,,,,,,,,,,,,,1.0
breast_cancer,201,77.79,0.007875,441.2,11.95,0.03413,68.26,,,,,,,,,,,,,,,0.0
breast_cancer,202,84.11,0.02054,533.1,13.18,0.04793,78.29,,,,,,,,,,,,,,,0.0
breast_cancer,203,251.2,0.1689,4254.0,36.04,0.2625,186.9,,,,,,,,,,,,,,,1.0
breast_cancer,204,102.8,0.0734,759.4,15.67,0.2088,85.98,,,,,,,,,,,,,,,1.0
breast_cancer,205,113.5,0.0389,808.9,16.22,0.1205,95.81,,,,,,,,,,,,,,,0.0
breast_cancer,206,89.0,0.06021,527.4,13.33,0.1105,82.15,,,,,,,,,,,,,,,0.0
breast_cancer,207,86.04,0.02017,527.8,13.12,0.06835,74.87,,,,,,,,,,,,,,,0.0
breast_cancer,208,115.0,0.02833,733.5,15.44,0.1357,86.87,,,,,,,,,,,,,,,0.0
breast_cancer,209,117.2,0.04835,1009.0,18.13,0.09123,106.6,,,,,,,,,,,,,,,0.0
breast_cancer,210,78.28,0.02642,424.8,11.88,0.07926,69.28,,,,,,,,,,,,,,,0.0
breast_cancer,211,78.0,0.0223,466.7,12.33,0.06961,71.8,,,,,,,,,,,,,,,0.0
breast_cancer,212,71.11,0.005769,380.2,11.15,0.025,61.06,,,,,,,,,,,,,,,0.0
breast_cancer,213,94.11,0.03731,683.4,14.85,0.09222,87.38,,,,,,,,,,,,,,,0.0
breast_cancer,214,87.54,0.02008,583.0,13.67,0.07247,76.53,,,,,,,,,,,,,,,0.0
breast_cancer,215,106.4,0.09601,827.2,16.31,0.1986,87.21,,,,,,,,,,,,,,,1.0
breast_cancer,216,128.5,0.09176,1153.0,19.2,0.2013,91.56,,,,,,,,,,,,,,,1.0
breast_cancer,217,151.6,0.07944,1681.0,23.32,0.1899,114.2,,,,,,,,,,,,,,,1.0
breast_cancer,218,177.0,0.0917,2215.0,26.46,0.2095,110.0,,,,,,,,,,,,,,,1.0
breast_cancer,219,186.8,0.09498,2398.0,27.32,0.2388,130.0,,,,,,,,,,,,,,,1.0
breast_cancer,220,170.3,0.08691,2009.0,25.73,0.182,129.7,,,,,,,,,,,,,,,1.0
breast_cancer,221,125.1,0.09756,980.9,18.07,0.2393,102.5,,,,,,,,,,,,,,,1.0
breast_cancer,222,96.53,0.02652,688.9,14.91,0.08216,89.59,,,,,,,,,,,,,,,0.0
breast_cancer,223,76.53,0.04796,434.0,11.92,0.08611,73.0,,,,,,,,,,,,,,,0.0
breast_cancer,224,75.79,0.01406,439.6,12.02,0.05052,59.82,,,,,,,,,,,,,,,0.0
breast_cancer,225,79.15,0.02594,478.6,12.47,0.08542,72.76,,,,,,,,,,,,,,,0.0
breast_cancer,226,90.82,0.02645,616.7,14.16,0.06296,83.51,,,,,,,,,,,,,,,0.0
breast_cancer,227,78.27,0.02755,457.5,12.32,0.0875,72.23,,,,,,,,,,,,,,,0.0
breast_cancer,228,71.25,0.02292,353.6,10.75,0.0812,61.64,,,,,,,,,,,,,,,0.0
breast_cancer,229,88.13,0.03099,551.3,13.46,0.07625,80.43,,,,,,,,,,,,,,,0.0
breast_cancer,230,152.5,0.1279,1709.0,23.57,0.243,130.0,,,,,,,,,,,,,,,1.0
breast_cancer,231,120.3,0.02771,1032.0,18.22,0.08436,108.4,,,,,,,,,,,,,,,0.0
breast_cancer,232,163.2,0.1121,1760.0,23.86,0.2113,137.8,,,,,,,,,,,,,,,1.0
breast_cancer,233,102.3,0.02877,777.5,16.31,0.07971,94.89,,,,,,,,,,,,,,,0.0
breast_cancer,234,220.8,0.1878,3216.0,33.12,0.2688,182.1,,,,,,,,,,,,,,,1.0
breast_cancer,235,82.98,0.01115,516.5,12.98,0.03715,74.72,,,,,,,,,,,,,,,0.0
breast_cancer,236,75.39,0.002404,437.0,11.87,0.01042,63.76,,,,,,,,,,,,,,,0.0
breast_cancer,237,81.25,0.02639,473.8,12.45,0.1056,76.31,,,,,,,,,,,,,,,0.0
breast_cancer,238,80.88,0.02929,491.8,12.65,0.09608,73.87,,,,,,,,,,,,,,,0.0
breast_cancer,239,70.1,0.01875,362.7,10.93,0.03125,66.85,,,,,,,,,,,,,,,0.0
breast_cancer,240,58.08,0.02168,249.8,9.092,0.07879,53.27,,,,,,,,,,,,,,,0.0
breast_cancer,241,112.0,0.05364,876.5,16.84,0.1119,103.7,,,,,,,,,,,,,,,1.0
breast_cancer,242,149.6,0.1198,1304.0,20.8,0.1964,124.4,,,,,,,,,,,,,,,1.0
breast_cancer,243,115.9,0.04528,947.9,17.71,0.1129,104.3,,,,,,,,,,,,,,,0.0
breast_cancer,244,96.05,0.03821,677.9,14.97,0.1015,81.09,,,,,,,,,,,,,,,0.0
breast_cancer,245,92.2,0.03791,546.1,13.24,0.1155,77.87,,,,,,,,,,,,,,,0.0
breast_cancer,246,66.5,0.0,330.6,10.49,0.0,59.26,,,,,,,,,,,,,,,0.0
breast_cancer,247,96.66,0.06987,614.9,15.53,0.1708,86.49,,,,,,,,,,,,,,,0.0
breast_cancer,248,96.59,0.02864,623.7,14.24,0.09173,85.79,,,,,,,,,,,,,,,0.0
breast_cancer,249,59.16,0.0,268.6,9.456,0.0,47.92,,,,,,,,,,,,,,,0.0
breast_cancer,250,102.5,0.02031,787.9,15.93,0.1112,86.18,,,,,,,,,,,,,,,1.0
breast_cancer,251,115.7,0.08123,985.5,17.87,0.1834,95.55,,,,,,,,,,,,,,,1.0
breast_cancer,252,177.0,0.162,1986.0,25.12,0.2733,158.9,,,,,,,,,,,,,,,1.0
breast_cancer,253,79.46,0.07404,472.4,12.4,0.08946,76.2,,,,,,,,,,,,,,,0.0
breast_cancer,254,88.91,0.03738,543.9,13.32,0.07909,76.1,,,,,,,,,,,,,,,0.0
breast_cancer,255,101.2,0.01339,718.9,15.14,0.06222,88.97,,,,,,,,,,,,,,,0.0
breast_cancer,256,145.3,0.08744,1603.0,22.66,0.1708,123.7,,,,,,,,,,,,,,,1.0
breast_cancer,257,139.8,0.09063,1421.0,21.44,0.1466,127.7,,,,,,,,,,,,,,,1.0
breast_cancer,258,94.17,0.01917,661.1,14.67,0.05802,88.06,,,,,,,,,,,,,,,0.0
breast_cancer,259,85.1,0.03515,553.6,13.36,0.0716,75.0,,,,,,,,,,,,,,,1.0
breast_cancer,260,98.91,0.01238,739.1,15.5,0.05185,86.24,,,,,,,,,,,,,,,0.0
breast_cancer,261,123.8,0.03323,1150.0,19.19,0.09975,102.7,,,,,,,,,,,,,,,1.0
breast_cancer,262,105.0,0.0398,639.1,14.39,0.1561,84.95,,,,,,,,,,,,,,,0.0
breast_cancer,263,71.98,0.01775,384.0,11.16,0.06499,64.41,,,,,,,,,,,,,,,0.0
breast_cancer,264,73.07,0.03716,390.2,11.26,0.0991,64.6,,,,,,,,,,,,,,,0.0
breast_cancer,265,105.5,0.05252,740.7,16.23,0.1607,85.42,,,,,,,,,,,,,,,1.0
breast_cancer,266,91.99,0.028,632.1,14.26,0.08978,86.1,,,,,,,,,,,,,,,0.0
breast_cancer,267,92.04,0.02548,618.8,14.19,0.08411,82.29,,,,,,,,,,,,,,,0.0
breast_cancer,268,87.36,0.02978,488.4,12.57,0.1092,78.75,,,,,,,,,,,,,,,0.0
breast_cancer,269,127.3,0.02307,1084.0,19.18,0.08737,107.1,,,,,,,,,,,,,,,1.0
breast_cancer,270,94.52,0.06615,653.3,14.62,0.1015,90.31,,,,,,,,,,,,,,,0.0
breast_cancer,271,108.6,0.05532,766.9,15.85,0.1599,93.97,,,,,,,,,,,,,,,0.0
breast_cancer,272,82.96,0.0335,512.5,13.06,0.08449,74.34,,,,,,,,,,,,,,,0.0
breast_cancer,273,91.62,0.02272,633.5,14.34,0.09851,80.62,,,,,,,,,,,,,,,0.0
breast_cancer,274,79.93,0.02875,462.0,12.32,0.08476,73.06,,,,,,,,,,,,,,,0.0
breast_cancer,275,142.2,0.09451,1493.0,21.86,0.151,120.8,,,,,,,,,,,,,,,1.0
breast_cancer,276,75.19,0.0,439.6,11.92,0.0,70.67,,,,,,,,,,,,,,,0.0
breast_cancer,277,105.9,0.08534,762.6,16.11,0.1423,99.58,,,,,,,,,,,,,,,0.0
breast_cancer,278,103.7,0.01877,840.8,16.46,0.05813,92.68,,,,,,,,,,,,,,,0.0
breast_cancer,279,76.25,0.01786,440.8,11.99,0.05506,70.87,,,,,,,,,,,,,,,0.0
breast_cancer,280,68.62,0.04908,297.1,10.06,0.1145,60.07,,,,,,,,,,,,,,,0.0
breast_cancer,281,80.78,0.01571,433.1,11.94,0.07966,70.41,,,,,,,,,,,,,,,0.0
breast_cancer,282,68.09,0.01407,355.2,10.75,0.05159,61.5,,,,,,,,,,,,,,,0.0
breast_cancer,283,92.8,0.034,599.5,14.04,0.1155,82.82,,,,,,,,,,,,,,,0.0
breast_cancer,284,95.23,0.0288,600.5,14.18,0.09804,80.64,,,,,,,,,,,,,,,0.0
breast_cancer,285,107.5,0.07483,830.9,16.43,0.1476,100.2,,,,,,,,,,,,,,,1.0
breast_cancer,286,82.14,0.02941,495.2,12.83,0.05882,77.79,,,,,,,,,,,,,,,0.0
breast_cancer,287,91.36,0.06556,605.5,14.08,0.07407,87.91,,,,,,,,,,,,,,,0.0
breast_cancer,288,171.1,0.1504,1938.0,25.3,0.2685,135.9,,,,,,,,,,,,,,,1.0
breast_cancer,289,146.0,0.1259,1479.0,22.03,0.2173,133.8,,,,,,,,,,,,,,,1.0
breast_cancer,290,110.4,0.04603,873.2,16.77,0.1087,92.51,,,,,,,,,,,,,,,0.0
breast_cancer,291,82.28,0.04105,474.2,12.48,0.09653,74.52,,,,,,,,,,,,,,,0.0
breast_cancer,292,71.04,0.07857,380.5,11.02,0.1571,63.78,,,,,,,,,,,,,,,0.0
breast_cancer,293,56.65,0.0,240.1,8.952,0.0,54.09,,,,,,,,,,,,,,,0.0
breast_cancer,294,82.68,0.01777,495.1,12.77,0.08288,73.88,,,,,,,,,,,,,,,0.0
breast_cancer,295,96.42,0.03251,684.5,14.92,0.07911,89.75,,,,,,,,,,,,,,,0.0
breast_cancer,296,152.1,0.06431,1648.0,22.96,0.1555,111.2,,,,,,,,,,,,,,,1.0
breast_cancer,297,180.9,0.2012,2073.0,26.02,0.2248,166.2,,,,,,,,,,,,,,,1.0
breast_cancer,298,114.2,0.0378,808.2,16.41,0.1379,97.45,,,,,,,,,,,,,,,0.0
breast_cancer,299,114.2,0.03528,880.8,17.27,0.1251,94.87,,,,,,,,,,,,,,,0.0
breast_cancer,300,98.4,0.02733,749.9,15.53,0.0589,90.03,,,,,,,,,,,,,,,0.0
breast_cancer,301,105.9,0.03736,733.5,15.48,0.1105,96.39,,,,,,,,,,,,,,,0.0
breast_cancer,302,155.0,0.09791,1731.0,23.69,0.1628,131.2,,,,,,,,,,,,,,,1.0
breast_cancer,303,108.4,0.04938,808.9,16.21,0.1225,94.25,,,,,,,,,,,,,,,1.0
breast_cancer,304,137.9,0.07507,1295.0,20.39,0.1528,114.4,,,,,,,,,,,,,,,1.0
breast_cancer,305,76.51,0.02867,410.4,11.69,0.086,69.5,,,,,,,,,,,,,,,0.0
breast_cancer,306,88.1,0.01499,594.7,13.87,0.06498,81.35,,,,,,,,,,,,,,,0.0
breast_cancer,307,94.44,0.00625,684.6,14.91,0.03333,90.3,,,,,,,,,,,,,,,0.0
breast_cancer,308,93.63,0.02995,624.1,14.45,0.08045,82.51,,,,,,,,,,,,,,,0.0
breast_cancer,309,95.29,0.05074,633.7,14.38,0.1407,82.69,,,,,,,,,,,,,,,0.0
breast_cancer,310,88.7,0.02107,574.4,13.71,0.05602,81.25,,,,,,,,,,,,,,,0.0
breast_cancer,311,72.22,0.03029,361.2,10.76,0.09749,63.95,,,,,,,,,,,,,,,0.0
breast_cancer,312,85.09,0.02179,522.9,13.05,0.08263,76.39,,,,,,,,,,,,,,,0.0
breast_cancer,313,84.16,0.0325,516.4,13.06,0.07864,75.03,,,,,,,,,,,,,,,0.0
breast_cancer,314,104.3,0.06139,728.3,15.29,0.1362,93.77,,,,,,,,,,,,,,,1.0
breast_cancer,315,98.87,0.1052,567.7,14.91,0.2575,77.58,,,,,,,,,,,,,,,1.0
breast_cancer,316,100.9,0.0351,689.1,14.8,0.1181,85.98,,,,,,,,,,,,,,,0.0
breast_cancer,317,72.62,0.03068,374.4,11.16,0.06136,68.64,,,,,,,,,,,,,,,0.0
breast_cancer,318,103.9,0.04951,783.6,16.01,0.1017,96.12,,,,,,,,,,,,,,,0.0
breast_cancer,319,85.56,0.01921,544.1,13.29,0.08442,79.01,,,,,,,,,,,,,,,0.0
breast_cancer,320,157.6,0.1103,1540.0,22.75,0.2255,129.9,,,,,,,,,,,,,,,1.0
breast_cancer,321,81.6,0.005051,513.1,12.85,0.01852,77.25,,,,,,,,,,,,,,,0.0
breast_cancer,322,98.27,0.01896,715.5,15.33,0.07963,89.79,,,,,,,,,,,,,,,0.0
breast_cancer,323,99.16,0.02031,670.6,14.84,0.06987,87.84,,,,,,,,,,,,,,,0.0
breast_cancer,324,87.36,0.02822,553.0,13.58,0.08194,79.85,,,,,,,,,,,,,,,0.0
breast_cancer,325,54.49,0.01364,223.6,8.678,0.05,48.34,,,,,,,,,,,,,,,0.0
breast_cancer,326,108.1,0.05246,826.0,16.39,0.1374,91.43,,,,,,,,,,,,,,,1.0
breast_cancer,327,130.9,0.08353,1222.0,19.85,0.1857,113.0,,,,,,,,,,,,,,,1.0
breast_cancer,328,88.83,0.01527,547.4,13.34,0.0569,78.29,,,,,,,,,,,,,,,0.0
breast_cancer,329,86.16,0.026,546.7,13.33,0.06968,74.72,,,,,,,,,,,,,,,0.0
breast_cancer,330,123.5,0.08866,981.2,17.79,0.2035,109.3,,,,,,,,,,,,,,,1.0
breast_cancer,331,161.7,0.06022,1750.0,24.22,0.1445,132.5,,,,,,,,,,,,,,,1.0
breast_cancer,332,110.1,0.02739,931.4,17.26,0.06575,96.71,,,,,,,,,,,,,,,1.0
breast_cancer,333,89.27,0.01615,597.5,13.9,0.0578,82.38,,,,,,,,,,,,,,,0.0
breast_cancer,334,113.7,0.07981,975.2,17.73,0.1047,107.5,,,,,,,,,,,,,,,1.0
breast_cancer,335,50.41,0.0,185.2,7.93,0.0,43.79,,,,,,,,,,,,,,,0.0
breast_cancer,336,91.46,0.03745,574.7,13.83,0.1205,79.78,,,,,,,,,,,,,,,0.0
breast_cancer,337,199.5,0.08465,3143.0,30.75,0.182,140.9,,,,,,,,,,,,,,,1.0
breast_cancer,338,104.6,0.03781,793.7,16.11,0.08485,96.22,,,,,,,,,,,,,,,0.0
breast_cancer,339,84.7,0.02763,533.7,13.31,0.0829,74.24,,,,,,,,,,,,,,,0.0
breast_cancer,340,129.0,0.05843,1236.0,19.96,0.1294,120.9,,,,,,,,,,,,,,,1.0
breast_cancer,341,139.9,0.07731,1403.0,21.31,0.149,122.1,,,,,,,,,,,,,,,1.0
breast_cancer,342,77.37,0.003333,458.0,12.2,0.01111,71.79,,,,,,,,,,,,,,,0.0
breast_cancer,343,126.7,0.05302,1124.0,18.98,0.1418,108.3,,,,,,,,,,,,,,,1.0
breast_cancer,344,148.2,0.05627,1538.0,22.32,0.1218,123.4,,,,,,,,,,,,,,,1.0
breast_cancer,345,97.11,0.01117,680.6,14.69,0.05781,85.89,,,,,,,,,,,,,,,0.0
breast_cancer,346,79.73,0.02074,447.1,12.09,0.06754,70.67,,,,,,,,,,,,,,,0.0
breast_cancer,347,113.2,0.03085,848.7,16.89,0.1329,87.76,,,,,,,,,,,,,,,1.0
breast_cancer,348,87.24,0.02377,567.6,13.6,0.05547,76.85,,,,,,,,,,,,,,,0.0
breast_cancer,349,80.79,0.007246,496.7,12.68,0.05556,70.31,,,,,,,,,,,,,,,0.0
breast_cancer,350,83.51,0.02386,507.2,12.79,0.0875,76.83,,,,,,,,,,,,,,,0.0
breast_cancer,351,92.82,0.02369,607.3,14.06,0.1053,80.45,,,,,,,,,,,,,,,0.0
breast_cancer,352,101.4,0.04812,708.8,15.14,0.1407,89.46,,,,,,,,,,,,,,,0.0
breast_cancer,353,113.9,0.06463,869.3,17.04,0.1827,91.12,,,,,,,,,,,,,,,1.0
breast_cancer,354,91.29,0.02068,632.9,14.35,0.06005,84.1,,,,,,,,,,,,,,,0.0
breast_cancer,355,86.97,0.037,549.1,13.5,0.09391,78.85,,,,,,,,,,,,,,,0.0
breast_cancer,356,145.4,0.08293,1437.0,21.53,0.197,117.3,,,,,,,,,,,,,,,1.0
breast_cancer,357,136.1,0.1203,1344.0,20.88,0.1847,112.8,,,,,,,,,,,,,,,1.0
breast_cancer,358,159.8,0.0974,1933.0,25.28,0.2507,130.7,,,,,,,,,,,,,,,1.0
breast_cancer,359,133.5,0.06018,1229.0,20.01,0.1813,110.1,,,,,,,,,,,,,,,1.0
breast_cancer,360,106.2,0.09353,739.3,15.49,0.206,87.5,,,,,,,,,,,,,,,1.0
breast_cancer,361,73.2,0.0,408.3,11.54,0.0,67.49,,,,,,,,,,,,,,,0.0
breast_cancer,362,83.69,0.01404,489.5,12.76,0.07485,68.79,,,,,,,,,,,,,,,0.0
breast_cancer,363,114.6,0.09029,925.1,17.31,0.1614,97.4,,,,,,,,,,,,,,,1.0
breast_cancer,364,86.65,0.01654,546.7,13.35,0.04815,78.83,,,,,,,,,,,,,,,0.0
breast_cancer,365,156.1,0.08683,1750.0,24.22,0.1573,132.4,,,,,,,,,,,,,,,1.0
breast_cancer,366,166.8,0.08941,1946.0,25.37,0.2112,134.8,,,,,,,,,,,,,,,1.0
breast_cancer,367,99.7,0.04781,711.2,15.11,0.1288,87.46,,,,,,,,,,,,,,,0.0
breast_cancer,368,95.29,0.01256,648.3,14.5,0.04195,84.06,,,,,,,,,,,,,,,0.0
breast_cancer,369,119.4,0.05182,888.7,16.82,0.1546,77.93,,,,,,,,,,,,,,,1.0
breast_cancer,370,166.1,0.1389,2027.0,25.45,0.2216,142.0,,,,,,,,,,,,,,,1.0
breast_cancer,371,85.51,0.03485,521.7,13.14,0.1218,75.17,,,,,,,,,,,,,,,0.0
breast_cancer,372,102.2,0.05271,758.2,15.79,0.1359,93.97,,,,,,,,,,,,,,,1.0
breast_cancer,373,95.48,0.004419,698.7,14.97,0.0221,85.69,,,,,,,,,,,,,,,0.0
breast_cancer,374,105.3,0.06861,706.0,15.2,0.1977,85.26,,,,,,,,,,,,,,,1.0
breast_cancer,375,125.0,0.1097,1102.0,18.79,0.1827,102.5,,,,,,,,,,,,,,,1.0
breast_cancer,376,133.5,0.109,1189.0,19.59,0.2543,113.4,,,,,,,,,,,,,,,1.0
breast_cancer,377,109.7,0.06142,856.9,16.76,0.1018,98.73,,,,,,,,,,,,,,,0.0
breast_cancer,378,78.44,0.006434,470.9,12.36,0.03002,70.79,,,,,,,,,,,,,,,0.0
breast_cancer,379,69.1,0.009615,364.2,10.93,0.03846,61.05,,,,,,,,,,,,,,,0.0
breast_cancer,380,172.0,0.1562,2081.0,26.23,0.2422,144.4,,,,,,,,,,,,,,,1.0
breast_cancer,381,87.0,0.02157,550.6,13.35,0.0812,75.21,,,,,,,,,,,,,,,0.0
breast_cancer,382,168.2,0.1155,2022.0,25.68,0.228,138.1,,,,,,,,,,,,,,,1.0
breast_cancer,383,84.53,0.008535,544.3,13.35,0.03983,77.88,,,,,,,,,,,,,,,0.0
breast_cancer,384,161.4,0.07593,1813.0,24.15,0.1785,127.9,,,,,,,,,,,,,,,1.0
breast_cancer,385,146.6,0.09667,1495.0,22.03,0.1777,126.3,,,,,,,,,,,,,,,1.0
breast_cancer,386,174.9,0.1286,2232.0,26.73,0.2247,130.7,,,,,,,,,,,,,,,1.0
breast_cancer,387,91.88,0.02315,622.1,14.24,0.07926,83.19,,,,,,,,,,,,,,,0.0
breast_cancer,388,84.48,0.04274,513.9,12.98,0.1202,77.61,,,,,,,,,,,,,,,0.0
breast_cancer,389,143.2,0.09934,1362.0,20.99,0.1827,111.8,,,,,,,,,,,,,,,1.0
breast_cancer,390,86.82,0.005449,585.7,13.72,0.01635,79.42,,,,,,,,,,,,,,,0.0
breast_cancer,391,129.0,0.05943,1233.0,19.92,0.1216,105.1,,,,,,,,,,,,,,,1.0
breast_cancer,392,79.29,0.02173,459.3,12.36,0.06203,72.17,,,,,,,,,,,,,,,0.0
breast_cancer,393,108.8,0.08025,697.7,15.03,0.2208,93.6,,,,,,,,,,,,,,,1.0
breast_cancer,394,79.62,0.01471,453.5,12.12,0.03922,71.24,,,,,,,,,,,,,,,0.0
breast_cancer,395,145.4,0.08665,1549.0,22.25,0.1674,121.4,,,,,,,,,,,,,,,1.0
breast_cancer,396,89.61,0.02799,515.8,12.88,0.0737,81.47,,,,,,,,,,,,,,,0.0
breast_cancer,397,92.04,0.02704,653.6,14.49,0.09331,81.72,,,,,,,,,,,,,,,1.0
breast_cancer,398,120.4,0.06597,1021.0,18.07,0.1099,114.5,,,,,,,,,,,,,,,1.0
breast_cancer,399,184.2,0.09702,2403.0,28.01,0.2346,152.1,,,,,,,,,,,,,,,1.0
wine_binary,0,1065.0,14.23,5.64,3.06,2.8,127.0,,,,,,,,,,,,,,,0.0
wine_binary,1,1050.0,13.2,4.38,2.76,2.65,100.0,,,,,,,,,,,,,,,0.0
wine_binary,2,1185.0,13.16,5.68,3.24,2.8,101.0,,,,,,,,,,,,,,,0.0
wine_binary,3,1480.0,14.37,7.8,3.49,3.85,113.0,,,,,,,,,,,,,,,0.0
wine_binary,4,735.0,13.24,4.32,2.69,2.8,118.0,,,,,,,,,,,,,,,0.0
wine_binary,5,1450.0,14.2,6.75,3.39,3.27,112.0,,,,,,,,,,,,,,,0.0
wine_binary,6,1290.0,14.39,5.25,2.52,2.5,96.0,,,,,,,,,,,,,,,0.0
wine_binary,7,1295.0,14.06,5.05,2.51,2.6,121.0,,,,,,,,,,,,,,,0.0
wine_binary,8,1045.0,14.83,5.2,2.98,2.8,97.0,,,,,,,,,,,,,,,0.0
wine_binary,9,1045.0,13.86,7.22,3.15,2.98,98.0,,,,,,,,,,,,,,,0.0
wine_binary,10,1510.0,14.1,5.75,3.32,2.95,105.0,,,,,,,,,,,,,,,0.0
wine_binary,11,1280.0,14.12,5.0,2.43,2.2,95.0,,,,,,,,,,,,,,,0.0
wine_binary,12,1320.0,13.75,5.6,2.76,2.6,89.0,,,,,,,,,,,,,,,0.0
wine_binary,13,1150.0,14.75,5.4,3.69,3.1,91.0,,,,,,,,,,,,,,,0.0
wine_binary,14,1547.0,14.38,7.5,3.64,3.3,102.0,,,,,,,,,,,,,,,0.0
wine_binary,15,1310.0,13.63,7.3,2.91,2.85,112.0,,,,,,,,,,,,,,,0.0
wine_binary,16,1280.0,14.3,6.2,3.14,2.8,120.0,,,,,,,,,,,,,,,0.0
wine_binary,17,1130.0,13.83,6.6,3.4,2.95,115.0,,,,,,,,,,,,,,,0.0
wine_binary,18,1680.0,14.19,8.7,3.93,3.3,108.0,,,,,,,,,,,,,,,0.0
wine_binary,19,845.0,13.64,5.1,3.03,2.7,116.0,,,,,,,,,,,,,,,0.0
wine_binary,20,780.0,14.06,5.65,3.17,3.0,126.0,,,,,,,,,,,,,,,0.0
wine_binary,21,770.0,12.93,4.5,2.41,2.41,102.0,,,,,,,,,,,,,,,0.0
wine_binary,22,1035.0,13.71,3.8,2.88,2.61,101.0,,,,,,,,,,,,,,,0.0
wine_binary,23,1015.0,12.85,3.93,2.37,2.48,95.0,,,,,,,,,,,,,,,0.0
wine_binary,24,845.0,13.5,3.52,2.61,2.53,96.0,,,,,,,,,,,,,,,0.0
wine_binary,25,830.0,13.05,3.58,2.68,2.63,124.0,,,,,,,,,,,,,,,0.0
wine_binary,26,1195.0,13.39,4.8,2.94,2.85,93.0,,,,,,,,,,,,,,,0.0
wine_binary,27,1285.0,13.3,3.95,2.19,2.4,94.0,,,,,,,,,,,,,,,0.0
wine_binary,28,915.0,13.87,4.5,2.97,2.95,107.0,,,,,,,,,,,,,,,0.0
wine_binary,29,1035.0,14.02,4.7,2.33,2.65,96.0,,,,,,,,,,,,,,,0.0
wine_binary,30,1285.0,13.73,5.7,3.25,3.0,101.0,,,,,,,,,,,,,,,0.0
wine_binary,31,1515.0,13.58,6.9,3.19,2.86,106.0,,,,,,,,,,,,,,,0.0
wine_binary,32,990.0,13.68,3.84,2.69,2.42,104.0,,,,,,,,,,,,,,,0.0
wine_binary,33,1235.0,13.76,5.4,2.74,2.95,132.0,,,,,,,,,,,,,,,0.0
wine_binary,34,1095.0,13.51,4.2,2.53,2.35,110.0,,,,,,,,,,,,,,,0.0
wine_binary,35,920.0,13.48,5.1,2.98,2.7,100.0,,,,,,,,,,,,,,,0.0
wine_binary,36,880.0,13.28,4.6,2.68,2.6,110.0,,,,,,,,,,,,,,,0.0
wine_binary,37,1105.0,13.05,4.25,2.43,2.45,98.0,,,,,,,,,,,,,,,0.0
wine_binary,38,1020.0,13.07,3.7,2.64,2.4,98.0,,,,,,,,,,,,,,,0.0
wine_binary,39,760.0,14.22,5.1,3.04,3.0,128.0,,,,,,,,,,,,,,,0.0
wine_binary,40,795.0,13.56,6.13,3.29,3.15,117.0,,,,,,,,,,,,,,,0.0
wine_binary,41,1035.0,13.41,4.28,2.68,2.45,90.0,,,,,,,,,,,,,,,0.0
wine_binary,42,1095.0,13.88,5.43,3.56,3.25,101.0,,,,,,,,,,,,,,,0.0
wine_binary,43,680.0,13.24,4.36,2.63,2.64,103.0,,,,,,,,,,,,,,,0.0
wine_binary,44,885.0,13.05,5.04,3.0,3.0,107.0,,,,,,,,,,,,,,,0.0
wine_binary,45,1080.0,14.21,5.24,2.65,2.85,111.0,,,,,,,,,,,,,,,0.0
wine_binary,46,1065.0,14.38,4.9,3.17,3.25,102.0,,,,,,,,,,,,,,,0.0
wine_binary,47,985.0,13.9,6.1,3.39,3.1,101.0,,,,,,,,,,,,,,,0.0
wine_binary,48,1060.0,14.1,6.2,2.92,2.75,103.0,,,,,,,,,,,,,,,0.0
wine_binary,49,1260.0,13.94,8.9,3.54,2.88,108.0,,,,,,,,,,,,,,,0.0
wine_binary,50,1150.0,13.05,7.2,3.27,2.72,92.0,,,,,,,,,,,,,,,0.0
wine_binary,51,1265.0,13.83,5.6,2.99,2.45,94.0,,,,,,,,,,,,,,,0.0
wine_binary,52,1190.0,13.82,7.05,3.74,3.88,111.0,,,,,,,,,,,,,,,0.0
wine_binary,53,1375.0,13.77,6.3,2.79,3.0,115.0,,,,,,,,,,,,,,,0.0
wine_binary,54,1060.0,13.74,5.85,2.9,2.6,118.0,,,,,,,,,,,,,,,0.0
wine_binary,55,1120.0,13.56,6.25,2.78,2.96,116.0,,,,,,,,,,,,,,,0.0
wine_binary,56,970.0,14.22,6.38,3.0,3.2,118.0,,,,,,,,,,,,,,,0.0
wine_binary,57,1270.0,13.29,6.0,3.23,3.0,102.0,,,,,,,,,,,,,,,0.0
wine_binary,58,1285.0,13.72,6.8,3.67,3.4,108.0,,,,,,,,,,,,,,,0.0
wine_binary,59,520.0,12.37,1.95,0.57,1.98,88.0,,,,,,,,,,,,,,,1.0
wine_binary,60,680.0,12.33,3.27,1.09,2.05,101.0,,,,,,,,,,,,,,,1.0
wine_binary,61,450.0,12.64,5.75,1.41,2.02,100.0,,,,,,,,,,,,,,,1.0
wine_binary,62,630.0,13.67,3.8,1.79,2.1,94.0,,,,,,,,,,,,,,,1.0
wine_binary,63,420.0,12.37,4.45,3.1,3.5,87.0,,,,,,,,,,,,,,,1.0
wine_binary,64,355.0,12.17,2.95,1.75,1.89,104.0,,,,,,,,,,,,,,,1.0
wine_binary,65,678.0,12.37,4.6,2.65,2.42,98.0,,,,,,,,,,,,,,,1.0
wine_binary,66,502.0,13.11,5.3,3.18,2.98,78.0,,,,,,,,,,,,,,,1.0
wine_binary,67,510.0,12.37,4.68,2.0,2.11,78.0,,,,,,,,,,,,,,,1.0
wine_binary,68,750.0,13.34,3.17,1.3,2.53,110.0,,,,,,,,,,,,,,,1.0
wine_binary,69,718.0,12.21,2.85,1.28,1.85,151.0,,,,,,,,,,,,,,,1.0
wine_binary,70,870.0,12.29,3.05,1.02,1.1,103.0,,,,,,,,,,,,,,,1.0
wine_binary,71,410.0,13.86,3.38,2.86,2.95,86.0,,,,,,,,,,,,,,,1.0
wine_binary,72,472.0,13.49,3.74,1.84,1.88,87.0,,,,,,,,,,,,,,,1.0
wine_binary,73,985.0,12.99,3.35,2.89,3.3,139.0,,,,,,,,,,,,,,,1.0
wine_binary,74,886.0,11.96,3.21,2.14,3.38,101.0,,,,,,,,,,,,,,,1.0
wine_binary,75,428.0,11.66,3.8,1.57,1.61,97.0,,,,,,,,,,,,,,,1.0
wine_binary,76,392.0,13.03,4.6,2.03,1.95,86.0,,,,,,,,,,,,,,,1.0
wine_binary,77,500.0,11.84,2.65,1.32,1.72,112.0,,,,,,,,,,,,,,,1.0
wine_binary,78,750.0,12.33,3.4,1.85,1.9,136.0,,,,,,,,,,,,,,,1.0
wine_binary,79,463.0,12.7,2.57,2.55,2.83,101.0,,,,,,,,,,,,,,,1.0
wine_binary,80,278.0,12.0,2.5,2.26,2.42,86.0,,,,,,,,,,,,,,,1.0
wine_binary,81,714.0,12.72,3.9,2.53,2.2,86.0,,,,,,,,,,,,,,,1.0
wine_binary,82,630.0,12.08,2.2,1.58,2.0,78.0,,,,,,,,,,,,,,,1.0
wine_binary,83,515.0,13.05,4.8,1.59,1.65,85.0,,,,,,,,,,,,,,,1.0
wine_binary,84,520.0,11.84,3.05,2.21,2.2,94.0,,,,,,,,,,,,,,,1.0
wine_binary,85,450.0,12.67,2.62,1.94,2.2,99.0,,,,,,,,,,,,,,,1.0
wine_binary,86,495.0,12.16,2.45,1.69,1.78,90.0,,,,,,,,,,,,,,,1.0
wine_binary,87,562.0,11.65,2.6,1.61,1.92,88.0,,,,,,,,,,,,,,,1.0
wine_binary,88,680.0,11.64,2.8,1.69,1.95,84.0,,,,,,,,,,,,,,,1.0
wine_binary,89,625.0,12.08,1.74,1.59,2.2,70.0,,,,,,,,,,,,,,,1.0
wine_binary,90,480.0,12.08,2.4,1.5,1.6,81.0,,,,,,,,,,,,,,,1.0
wine_binary,91,450.0,12.0,3.6,1.25,1.45,86.0,,,,,,,,,,,,,,,1.0
wine_binary,92,495.0,12.69,3.05,1.46,1.38,80.0,,,,,,,,,,,,,,,1.0
wine_binary,93,290.0,12.29,2.15,2.25,2.45,88.0,,,,,,,,,,,,,,,1.0
wine_binary,94,345.0,11.62,3.25,2.26,3.02,98.0,,,,,,,,,,,,,,,1.0
wine_binary,95,937.0,12.47,2.6,2.27,2.5,162.0,,,,,,,,,,,,,,,1.0
wine_binary,96,625.0,11.81,2.5,0.99,1.6,134.0,,,,,,,,,,,,,,,1.0
wine_binary,97,428.0,12.29,2.9,2.5,2.55,85.0,,,,,,,,,,,,,,,1.0
wine_binary,98,660.0,12.37,4.5,3.75,3.52,88.0,,,,,,,,,,,,,,,1.0
wine_binary,99,406.0,12.29,2.3,2.99,2.85,88.0,,,,,,,,,,,,,,,1.0
wine_binary,100,710.0,12.08,3.3,2.17,2.23,97.0,,,,,,,,,,,,,,,1.0
wine_binary,101,562.0,12.6,2.45,1.36,1.45,88.0,,,,,,,,,,,,,,,1.0
wine_binary,102,438.0,12.34,2.8,2.11,2.56,98.0,,,,,,,,,,,,,,,1.0
wine_binary,103,415.0,11.82,2.06,1.64,2.5,86.0,,,,,,,,,,,,,,,1.0
wine_binary,104,672.0,12.51,2.94,1.92,2.2,85.0,,,,,,,,,,,,,,,1.0
wine_binary,105,315.0,12.42,2.7,1.84,1.68,90.0,,,,,,,,,,,,,,,1.0
wine_binary,106,510.0,12.25,3.4,2.03,1.65,80.0,,,,,,,,,,,,,,,1.0
wine_binary,107,488.0,12.72,3.3,1.76,1.38,84.0,,,,,,,,,,,,,,,1.0
wine_binary,108,312.0,12.22,2.7,2.04,2.36,92.0,,,,,,,,,,,,,,,1.0
wine_binary,109,680.0,11.61,2.65,2.92,2.74,94.0,,,,,,,,,,,,,,,1.0
wine_binary,110,562.0,11.46,2.9,2.58,3.18,107.0,,,,,,,,,,,,,,,1.0
wine_binary,111,325.0,12.52,2.0,2.27,2.55,88.0,,,,,,,,,,,,,,,1.0
wine_binary,112,607.0,11.76,3.8,2.03,1.75,103.0,,,,,,,,,,,,,,,1.0
wine_binary,113,434.0,11.41,3.08,2.01,2.48,88.0,,,,,,,,,,,,,,,1.0
wine_binary,114,385.0,12.08,2.9,2.29,2.56,84.0,,,,,,,,,,,,,,,1.0
wine_binary,115,407.0,11.03,1.9,2.17,2.46,85.0,,,,,,,,,,,,,,,1.0
wine_binary,116,495.0,11.82,1.95,1.6,1.98,86.0,,,,,,,,,,,,,,,1.0
wine_binary,117,345.0,12.42,2.06,2.09,2.0,108.0,,,,,,,,,,,,,,,1.0
wine_binary,118,372.0,12.77,3.4,1.25,1.63,80.0,,,,,,,,,,,,,,,1.0
wine_binary,119,564.0,12.0,1.28,1.64,2.0,87.0,,,,,,,,,,,,,,,1.0
wine_binary,120,625.0,11.45,3.25,2.79,2.9,96.0,,,,,,,,,,,,,,,1.0
wine_binary,121,465.0,11.56,6.0,5.08,3.18,119.0,,,,,,,,,,,,,,,1.0
wine_binary,122,365.0,12.42,2.08,2.13,2.2,102.0,,,,,,,,,,,,,,,1.0
wine_binary,123,380.0,13.05,2.6,2.65,2.62,86.0,,,,,,,,,,,,,,,1.0
wine_binary,124,380.0,11.87,2.8,3.03,2.86,82.0,,,,,,,,,,,,,,,1.0
wine_binary,125,378.0,12.07,2.76,2.65,2.6,85.0,,,,,,,,,,,,,,,1.0
wine_binary,126,352.0,12.43,3.94,3.15,2.74,86.0,,,,,,,,,,,,,,,1.0
wine_binary,127,466.0,11.79,3.0,2.24,2.13,92.0,,,,,,,,,,,,,,,1.0
wine_binary,128,342.0,12.37,2.12,2.45,2.22,88.0,,,,,,,,,,,,,,,1.0
wine_binary,129,580.0,12.04,2.6,1.75,2.1,80.0,,,,,,,,,,,,,,,1.0
digits_0_vs_1,0,0.0,0.0,8.0,8.0,0.0,1.0,,,,,,,,,,,,,,,0.0
digits_0_vs_1,1,16.0,16.0,0.0,0.0,16.0,16.0,,,,,,,,,,,,,,,1.0
digits_0_vs_1,2,0.0,0.0,8.0,8.0,0.0,1.0,,,,,,,,,,,,,,,0.0
digits_0_vs_1,3,16.0,16.0,0.0,0.0,16.0,16.0,,,,,,,,,,,,,,,1.0
digits_0_vs_1,4,0.0,0.0,8.0,2.0,1.0,0.0,,,,,,,,,,,,,,,0.0
digits_0_vs_1,5,16.0,16.0,0.0,0.0,16.0,16.0,,,,,,,,,,,,,,,1.0
digits_0_vs_1,6,0.0,0.0,4.0,5.0,0.0,1.0,,,,,,,,,,,,,,,0.0
digits_0_vs_1,7,0.0,0.0,6.0,5.0,0.0,6.0,,,,,,,,,,,,,,,0.0
digits_0_vs_1,8,16.0,15.0,0.0,0.0,16.0,16.0,,,,,,,,,,,,,,,1.0
digits_0_vs_1,9,16.0,16.0,0.0,0.0,16.0,16.0,,,,,,,,,,,,,,,1.0
digits_0_vs_1,10,0.0,0.0,8.0,8.0,0.0,0.0,,,,,,,,,,,,,,,0.0
digits_0_vs_1,11,0.0,0.0,9.0,6.0,2.0,0.0,,,,,,,,,,,,,,,0.0
digits_0_vs_1,12,0.0,0.0,7.0,6.0,10.0,4.0,,,,,,,,,,,,,,,0.0
digits_0_vs_1,13,16.0,16.0,0.0,0.0,16.0,16.0,,,,,,,,,,,,,,,1.0
digits_0_vs_1,14,16.0,16.0,0.0,0.0,16.0,16.0,,,,,,,,,,,,,,,1.0
digits_0_vs_1,15,2.0,0.0,7.0,3.0,10.0,2.0,,,,,,,,,,,,,,,0.0
digits_0_vs_1,16,0.0,0.0,8.0,1.0,8.0,0.0,,,,,,,,,,,,,,,0.0
digits_0_vs_1,17,0.0,0.0,8.0,6.0,3.0,0.0,,,,,,,,,,,,,,,0.0
digits_0_vs_1,18,16.0,16.0,0.0,0.0,16.0,16.0,,,,,,,,,,,,,,,1.0
digits_0_vs_1,19,16.0,16.0,0.0,0.0,16.0,16.0,,,,,,,,,,,,,,,1.0
digits_0_vs_1,20,16.0,16.0,0.0,0.0,16.0,15.0,,,,,,,,,,,,,,,1.0
digits_0_vs_1,21,16.0,16.0,0.0,0.0,16.0,16.0,,,,,,,,,,,,,,,1.0
digits_0_vs_1,22,13.0,13.0,0.0,0.0,16.0,13.0,,,,,,,,,,,,,,,1.0
digits_0_vs_1,23,0.0,0.0,4.0,4.0,11.0,0.0,,,,,,,,,,,,,,,0.0
digits_0_vs_1,24,16.0,15.0,0.0,0.0,16.0,13.0,,,,,,,,,,,,,,,1.0
digits_0_vs_1,25,0.0,0.0,7.0,3.0,6.0,0.0,,,,,,,,,,,,,,,0.0
digits_0_vs_1,26,0.0,0.0,8.0,7.0,0.0,0.0,,,,,,,,,,,,,,,0.0
digits_0_vs_1,27,8.0,8.0,4.0,7.0,16.0,11.0,,,,,,,,,,,,,,,1.0
digits_0_vs_1,28,0.0,0.0,5.0,5.0,3.0,4.0,,,,,,,,,,,,,,,0.0
digits_0_vs_1,29,16.0,16.0,0.0,0.0,16.0,16.0,,,,,,,,,,,,,,,1.0
digits_0_vs_1,30,0.0,0.0,9.0,5.0,4.0,0.0,,,,,,,,,,,,,,,0.0
digits_0_vs_1,31,12.0,10.0,0.0,1.0,16.0,11.0,,,,,,,,,,,,,,,1.0
digits_0_vs_1,32,0.0,0.0,8.0,8.0,2.0,2.0,,,,,,,,,,,,,,,0.0
digits_0_vs_1,33,0.0,0.0,8.0,6.0,0.0,3.0,,,,,,,,,,,,,,,0.0
digits_0_vs_1,34,16.0,16.0,8.0,5.0,16.0,16.0,,,,,,,,,,,,,,,1.0
digits_0_vs_1,35,14.0,8.0,7.0,8.0,16.0,8.0,,,,,,,,,,,,,,,1.0
digits_0_vs_1,36,0.0,0.0,8.0,8.0,1.0,0.0,,,,,,,,,,,,,,,0.0
digits_0_vs_1,37,0.0,0.0,5.0,3.0,6.0,0.0,,,,,,,,,,,,,,,0.0
digits_0_vs_1,38,1.0,0.0,8.0,7.0,6.0,6.0,,,,,,,,,,,,,,,0.0
digits_0_vs_1,39,16.0,16.0,0.0,0.0,16.0,16.0,,,,,,,,,,,,,,,1.0
digits_0_vs_1,40,16.0,16.0,0.0,0.0,16.0,16.0,,,,,,,,,,,,,,,1.0
digits_0_vs_1,41,0.0,0.0,8.0,7.0,3.0,1.0,,,,,,,,,,,,,,,0.0
digits_0_vs_1,42,0.0,0.0,8.0,8.0,8.0,12.0,,,,,,,,,,,,,,,0.0
digits_0_vs_1,43,4.0,0.0,8.0,4.0,11.0,0.0,,,,,,,,,,,,,,,0.0
digits_0_vs_1,44,16.0,16.0,0.0,2.0,16.0,16.0,,,,,,,,,,,,,,,1.0
digits_0_vs_1,45,16.0,16.0,0.0,0.0,16.0,15.0,,,,,,,,,,,,,,,1.0
digits_0_vs_1,46,16.0,8.0,4.0,4.0,16.0,10.0,,,,,,,,,,,,,,,1.0
digits_0_vs_1,47,16.0,16.0,0.0,0.0,16.0,16.0,,,,,,,,,,,,,,,1.0
digits_0_vs_1,48,16.0,16.0,0.0,1.0,16.0,16.0,,,,,,,,,,,,,,,1.0
digits_0_vs_1,49,0.0,0.0,8.0,8.0,1.0,0.0,,,,,,,,,,,,,,,0.0
digits_0_vs_1,50,16.0,16.0,4.0,4.0,16.0,16.0,,,,,,,,,,,,,,,1.0
digits_0_vs_1,51,0.0,0.0,8.0,7.0,4.0,1.0,,,,,,,,,,,,,,,0.0
digits_0_vs_1,52,0.0,0.0,7.0,8.0,0.0,2.0,,,,,,,,,,,,,,,0.0
digits_0_vs_1,53,16.0,14.0,0.0,0.0,16.0,10.0,,,,,,,,,,,,,,,1.0
digits_0_vs_1,54,0.0,0.0,8.0,8.0,6.0,0.0,,,,,,,,,,,,,,,0.0
digits_0_vs_1,55,16.0,16.0,0.0,0.0,16.0,16.0,,,,,,,,,,,,,,,1.0
digits_0_vs_1,56,0.0,0.0,4.0,8.0,0.0,0.0,,,,,,,,,,,,,,,0.0
digits_0_vs_1,57,16.0,16.0,0.0,0.0,16.0,16.0,,,,,,,,,,,,,,,1.0
digits_0_vs_1,58,0.0,0.0,4.0,8.0,0.0,1.0,,,,,,,,,,,,,,,0.0
digits_0_vs_1,59,0.0,0.0,6.0,8.0,0.0,0.0,,,,,,,,,,,,,,,0.0
digits_0_vs_1,60,16.0,16.0,0.0,0.0,16.0,16.0,,,,,,,,,,,,,,,1.0
digits_0_vs_1,61,16.0,16.0,0.0,0.0,16.0,16.0,,,,,,,,,,,,,,,1.0
digits_0_vs_1,62,0.0,0.0,8.0,7.0,0.0,0.0,,,,,,,,,,,,,,,0.0
digits_0_vs_1,63,0.0,0.0,7.0,8.0,1.0,0.0,,,,,,,,,,,,,,,0.0
digits_0_vs_1,64,0.0,0.0,8.0,8.0,0.0,0.0,,,,,,,,,,,,,,,0.0
digits_0_vs_1,65,16.0,16.0,0.0,0.0,16.0,15.0,,,,,,,,,,,,,,,1.0
digits_0_vs_1,66,16.0,13.0,0.0,0.0,16.0,13.0,,,,,,,,,,,,,,,1.0
digits_0_vs_1,67,0.0,0.0,6.0,6.0,0.0,0.0,,,,,,,,,,,,,,,0.0
digits_0_vs_1,68,0.0,0.0,8.0,8.0,0.0,0.0,,,,,,,,,,,,,,,0.0
digits_0_vs_1,69,0.0,0.0,5.0,5.0,4.0,1.0,,,,,,,,,,,,,,,0.0
digits_0_vs_1,70,16.0,14.0,0.0,0.0,16.0,14.0,,,,,,,,,,,,,,,1.0
digits_0_vs_1,71,16.0,16.0,0.0,0.0,16.0,16.0,,,,,,,,,,,,,,,1.0
digits_0_vs_1,72,16.0,16.0,0.0,0.0,16.0,16.0,,,,,,,,,,,,,,,1.0
digits_0_vs_1,73,15.0,15.0,0.0,0.0,15.0,16.0,,,,,,,,,,,,,,,1.0
digits_0_vs_1,74,16.0,16.0,0.0,0.0,16.0,16.0,,,,,,,,,,,,,,,1.0
digits_0_vs_1,75,0.0,0.0,8.0,8.0,11.0,0.0,,,,,,,,,,,,,,,0.0
digits_0_vs_1,76,12.0,13.0,0.0,0.0,10.0,11.0,,,,,,,,,,,,,,,1.0
digits_0_vs_1,77,0.0,0.0,9.0,6.0,2.0,0.0,,,,,,,,,,,,,,,0.0
digits_0_vs_1,78,0.0,0.0,8.0,5.0,9.0,0.0,,,,,,,,,,,,,,,0.0
digits_0_vs_1,79,16.0,13.0,4.0,4.0,16.0,12.0,,,,,,,,,,,,,,,1.0
digits_0_vs_1,80,0.0,0.0,8.0,8.0,6.0,1.0,,,,,,,,,,,,,,,0.0
digits_0_vs_1,81,16.0,16.0,0.0,0.0,16.0,16.0,,,,,,,,,,,,,,,1.0
digits_0_vs_1,82,0.0,0.0,8.0,6.0,5.0,0.0,,,,,,,,,,,,,,,0.0
digits_0_vs_1,83,16.0,16.0,4.0,1.0,16.0,16.0,,,,,,,,,,,,,,,1.0
digits_0_vs_1,84,1.0,0.0,4.0,5.0,5.0,7.0,,,,,,,,,,,,,,,0.0
digits_0_vs_1,85,0.0,0.0,8.0,8.0,5.0,1.0,,,,,,,,,,,,,,,0.0
digits_0_vs_1,86,16.0,16.0,0.0,0.0,16.0,16.0,,,,,,,,,,,,,,,1.0
digits_0_vs_1,87,16.0,16.0,0.0,0.0,16.0,16.0,,,,,,,,,,,,,,,1.0
digits_0_vs_1,88,0.0,0.0,8.0,5.0,1.0,0.0,,,,,,,,,,,,,,,0.0
digits_0_vs_1,89,0.0,0.0,8.0,8.0,3.0,0.0,,,,,,,,,,,,,,,0.0
digits_0_vs_1,90,0.0,0.0,8.0,8.0,0.0,0.0,,,,,,,,,,,,,,,0.0
digits_0_vs_1,91,9.0,14.0,0.0,0.0,5.0,16.0,,,,,,,,,,,,,,,1.0
digits_0_vs_1,92,16.0,16.0,0.0,0.0,16.0,16.0,,,,,,,,,,,,,,,1.0
digits_0_vs_1,93,0.0,0.0,7.0,8.0,3.0,3.0,,,,,,,,,,,,,,,0.0
digits_0_vs_1,94,0.0,0.0,8.0,8.0,0.0,0.0,,,,,,,,,,,,,,,0.0
digits_0_vs_1,95,0.0,0.0,8.0,3.0,7.0,0.0,,,,,,,,,,,,,,,0.0
digits_0_vs_1,96,16.0,16.0,0.0,0.0,16.0,16.0,,,,,,,,,,,,,,,1.0
digits_0_vs_1,97,16.0,16.0,0.0,0.0,16.0,16.0,,,,,,,,,,,,,,,1.0
digits_0_vs_1,98,16.0,16.0,0.0,0.0,16.0,16.0,,,,,,,,,,,,,,,1.0
digits_0_vs_1,99,16.0,16.0,0.0,0.0,16.0,16.0,,,,,,,,,,,,,,,1.0
digits_0_vs_1,100,16.0,16.0,0.0,0.0,16.0,16.0,,,,,,,,,,,,,,,1.0
digits_0_vs_1,101,2.0,0.0,8.0,2.0,11.0,1.0,,,,,,,,,,,,,,,0.0
digits_0_vs_1,102,16.0,16.0,1.0,0.0,16.0,16.0,,,,,,,,,,,,,,,1.0
digits_0_vs_1,103,0.0,0.0,8.0,8.0,1.0,0.0,,,,,,,,,,,,,,,0.0
digits_0_vs_1,104,1.0,0.0,3.0,4.0,1.0,0.0,,,,,,,,,,,,,,,0.0
digits_0_vs_1,105,12.0,16.0,0.0,0.0,9.0,13.0,,,,,,,,,,,,,,,1.0
digits_0_vs_1,106,0.0,0.0,7.0,8.0,0.0,0.0,,,,,,,,,,,,,,,0.0
digits_0_vs_1,107,6.0,10.0,0.0,0.0,3.0,15.0,,,,,,,,,,,,,,,1.0
digits_0_vs_1,108,2.0,0.0,5.0,8.0,6.0,0.0,,,,,,,,,,,,,,,0.0
digits_0_vs_1,109,9.0,14.0,0.0,0.0,6.0,16.0,,,,,,,,,,,,,,,1.0
digits_0_vs_1,110,0.0,0.0,3.0,3.0,0.0,0.0,,,,,,,,,,,,,,,0.0
digits_0_vs_1,111,0.0,0.0,9.0,5.0,2.0,0.0,,,,,,,,,,,,,,,0.0
digits_0_vs_1,112,8.0,11.0,0.0,0.0,4.0,16.0,,,,,,,,,,,,,,,1.0
digits_0_vs_1,113,9.0,14.0,0.0,0.0,7.0,14.0,,,,,,,,,,,,,,,1.0
digits_0_vs_1,114,1.0,0.0,4.0,6.0,6.0,0.0,,,,,,,,,,,,,,,0.0
digits_0_vs_1,115,1.0,0.0,13.0,10.0,0.0,0.0,,,,,,,,,,,,,,,0.0
digits_0_vs_1,116,0.0,0.0,3.0,7.0,0.0,0.0,,,,,,,,,,,,,,,0.0
digits_0_vs_1,117,5.0,10.0,0.0,0.0,1.0,15.0,,,,,,,,,,,,,,,1.0
digits_0_vs_1,118,9.0,14.0,0.0,0.0,7.0,16.0,,,,,,,,,,,,,,,1.0
digits_0_vs_1,119,3.0,0.0,0.0,0.0,13.0,1.0,,,,,,,,,,,,,,,0.0
digits_0_vs_1,120,1.0,0.0,7.0,6.0,7.0,0.0,,,,,,,,,,,,,,,0.0
digits_0_vs_1,121,2.0,0.0,0.0,0.0,1.0,1.0,,,,,,,,,,,,,,,0.0
digits_0_vs_1,122,6.0,10.0,0.0,0.0,4.0,15.0,,,,,,,,,,,,,,,1.0
digits_0_vs_1,123,15.0,16.0,0.0,0.0,12.0,15.0,,,,,,,,,,,,,,,1.0
digits_0_vs_1,124,6.0,7.0,0.0,0.0,5.0,9.0,,,,,,,,,,,,,,,1.0
digits_0_vs_1,125,13.0,16.0,0.0,0.0,11.0,15.0,,,,,,,,,,,,,,,1.0
digits_0_vs_1,126,16.0,16.0,0.0,0.0,16.0,16.0,,,,,,,,,,,,,,,1.0
digits_0_vs_1,127,0.0,0.0,0.0,4.0,0.0,1.0,,,,,,,,,,,,,,,0.0
digits_0_vs_1,128,16.0,16.0,0.0,0.0,16.0,12.0,,,,,,,,,,,,,,,1.0
digits_0_vs_1,129,0.0,0.0,7.0,8.0,2.0,0.0,,,,,,,,,,,,,,,0.0
digits_0_vs_1,130,0.0,0.0,11.0,10.0,1.0,2.0,,,,,,,,,,,,,,,0.0
digits_0_vs_1,131,16.0,16.0,0.0,0.0,16.0,16.0,,,,,,,,,,,,,,,1.0
digits_0_vs_1,132,0.0,0.0,0.0,4.0,0.0,9.0,,,,,,,,,,,,,,,0.0
digits_0_vs_1,133,15.0,15.0,0.0,0.0,16.0,16.0,,,,,,,,,,,,,,,1.0
digits_0_vs_1,134,0.0,0.0,11.0,10.0,0.0,5.0,,,,,,,,,,,,,,,0.0
digits_0_vs_1,135,10.0,8.0,0.0,0.0,13.0,12.0,,,,,,,,,,,,,,,1.0
digits_0_vs_1,136,0.0,0.0,3.0,6.0,0.0,0.0,,,,,,,,,,,,,,,0.0
digits_0_vs_1,137,0.0,0.0,8.0,8.0,2.0,1.0,,,,,,,,,,,,,,,0.0
digits_0_vs_1,138,16.0,16.0,0.0,0.0,16.0,16.0,,,,,,,,,,,,,,,1.0
digits_0_vs_1,139,16.0,16.0,0.0,0.0,16.0,12.0,,,,,,,,,,,,,,,1.0
digits_0_vs_1,140,0.0,0.0,8.0,6.0,0.0,3.0,,,,,,,,,,,,,,,0.0
digits_0_vs_1,141,0.0,0.0,4.0,5.0,0.0,2.0,,,,,,,,,,,,,,,0.0
digits_0_vs_1,142,0.0,1.0,6.0,8.0,4.0,15.0,,,,,,,,,,,,,,,0.0
digits_0_vs_1,143,16.0,16.0,0.0,0.0,16.0,16.0,,,,,,,,,,,,,,,1.0
digits_0_vs_1,144,13.0,8.0,0.0,0.0,16.0,7.0,,,,,,,,,,,,,,,1.0
digits_0_vs_1,145,0.0,0.0,7.0,7.0,0.0,7.0,,,,,,,,,,,,,,,0.0
digits_0_vs_1,146,0.0,0.0,8.0,8.0,1.0,8.0,,,,,,,,,,,,,,,0.0
digits_0_vs_1,147,0.0,0.0,8.0,8.0,1.0,0.0,,,,,,,,,,,,,,,0.0
digits_0_vs_1,148,16.0,16.0,0.0,0.0,16.0,16.0,,,,,,,,,,,,,,,1.0
digits_0_vs_1,149,15.0,8.0,0.0,0.0,16.0,3.0,,,,,,,,,,,,,,,1.0
digits_0_vs_1,150,16.0,14.0,0.0,0.0,16.0,9.0,,,,,,,,,,,,,,,1.0
digits_0_vs_1,151,16.0,10.0,0.0,0.0,16.0,16.0,,,,,,,,,,,,,,,1.0
digits_0_vs_1,152,16.0,9.0,0.0,0.0,16.0,6.0,,,,,,,,,,,,,,,1.0
digits_0_vs_1,153,0.0,0.0,10.0,5.0,1.0,0.0,,,,,,,,,,,,,,,0.0
digits_0_vs_1,154,16.0,13.0,0.0,0.0,16.0,9.0,,,,,,,,,,,,,,,1.0
digits_0_vs_1,155,0.0,0.0,5.0,8.0,1.0,3.0,,,,,,,,,,,,,,,0.0
digits_0_vs_1,156,0.0,0.0,8.0,8.0,0.0,0.0,,,,,,,,,,,,,,,0.0
digits_0_vs_1,157,16.0,16.0,0.0,0.0,16.0,13.0,,,,,,,,,,,,,,,1.0
digits_0_vs_1,158,0.0,0.0,10.0,12.0,0.0,0.0,,,,,,,,,,,,,,,0.0
digits_0_vs_1,159,16.0,16.0,0.0,0.0,16.0,16.0,,,,,,,,,,,,,,,1.0
digits_0_vs_1,160,0.0,0.0,8.0,8.0,0.0,0.0,,,,,,,,,,,,,,,0.0
digits_0_vs_1,161,16.0,16.0,0.0,0.0,16.0,16.0,,,,,,,,,,,,,,,1.0
digits_0_vs_1,162,0.0,0.0,8.0,8.0,0.0,0.0,,,,,,,,,,,,,,,0.0
digits_0_vs_1,163,0.0,0.0,7.0,8.0,0.0,0.0,,,,,,,,,,,,,,,0.0
digits_0_vs_1,164,16.0,16.0,0.0,0.0,16.0,16.0,,,,,,,,,,,,,,,1.0
digits_0_vs_1,165,16.0,16.0,0.0,0.0,16.0,15.0,,,,,,,,,,,,,,,1.0
digits_0_vs_1,166,0.0,0.0,8.0,8.0,16.0,0.0,,,,,,,,,,,,,,,0.0
digits_0_vs_1,167,0.0,0.0,8.0,8.0,10.0,0.0,,,,,,,,,,,,,,,0.0
digits_0_vs_1,168,0.0,0.0,8.0,8.0,0.0,1.0,,,,,,,,,,,,,,,0.0
digits_0_vs_1,169,5.0,10.0,0.0,0.0,2.0,14.0,,,,,,,,,,,,,,,1.0
digits_0_vs_1,170,16.0,16.0,0.0,0.0,16.0,16.0,,,,,,,,,,,,,,,1.0
digits_0_vs_1,171,0.0,0.0,5.0,5.0,0.0,0.0,,,,,,,,,,,,,,,0.0
digits_0_vs_1,172,0.0,3.0,4.0,6.0,2.0,10.0,,,,,,,,,,,,,,,0.0
digits_0_vs_1,173,0.0,0.0,8.0,6.0,0.0,0.0,,,,,,,,,,,,,,,0.0
digits_0_vs_1,174,12.0,13.0,0.0,0.0,16.0,11.0,,,,,,,,,,,,,,,1.0
digits_0_vs_1,175,16.0,14.0,0.0,0.0,16.0,8.0,,,,,,,,,,,,,,,1.0
digits_0_vs_1,176,12.0,16.0,0.0,0.0,16.0,15.0,,,,,,,,,,,,,,,1.0
digits_0_vs_1,177,15.0,14.0,0.0,0.0,16.0,14.0,,,,,,,,,,,,,,,1.0
digits_0_vs_1,178,16.0,16.0,0.0,0.0,16.0,15.0,,,,,,,,,,,,,,,1.0
digits_0_vs_1,179,0.0,0.0,8.0,8.0,0.0,0.0,,,,,,,,,,,,,,,0.0
digits_0_vs_1,180,16.0,16.0,0.0,0.0,16.0,15.0,,,,,,,,,,,,,,,1.0
digits_0_vs_1,181,0.0,0.0,7.0,8.0,0.0,0.0,,,,,,,,,,,,,,,0.0
digits_0_vs_1,182,5.0,10.0,0.0,0.0,1.0,14.0,,,,,,,,,,,,,,,1.0
digits_0_vs_1,183,0.0,0.0,8.0,8.0,0.0,0.0,,,,,,,,,,,,,,,0.0
digits_0_vs_1,184,10.0,12.0,0.0,0.0,6.0,16.0,,,,,,,,,,,,,,,1.0
digits_0_vs_1,185,0.0,0.0,8.0,6.0,0.0,0.0,,,,,,,,,,,,,,,0.0
digits_0_vs_1,186,6.0,10.0,0.0,0.0,4.0,16.0,,,,,,,,,,,,,,,1.0
digits_0_vs_1,187,0.0,0.0,8.0,4.0,1.0,0.0,,,,,,,,,,,,,,,0.0
digits_0_vs_1,188,0.0,0.0,8.0,8.0,0.0,0.0,,,,,,,,,,,,,,,0.0
digits_0_vs_1,189,16.0,13.0,0.0,0.0,16.0,4.0,,,,,,,,,,,,,,,1.0
digits_0_vs_1,190,13.0,14.0,0.0,0.0,6.0,8.0,,,,,,,,,,,,,,,1.0
digits_0_vs_1,191,0.0,0.0,8.0,8.0,0.0,0.0,,,,,,,,,,,,,,,0.0
digits_0_vs_1,192,9.0,16.0,0.0,0.0,3.0,13.0,,,,,,,,,,,,,,,1.0
digits_0_vs_1,193,16.0,14.0,0.0,0.0,12.0,6.0,,,,,,,,,,,,,,,1.0
digits_0_vs_1,194,0.0,0.0,8.0,7.0,0.0,0.0,,,,,,,,,,,,,,,0.0
digits_0_vs_1,195,0.0,0.0,5.0,8.0,0.0,0.0,,,,,,,,,,,,,,,0.0
digits_0_vs_1,196,0.0,0.0,8.0,7.0,2.0,0.0,,,,,,,,,,,,,,,0.0
digits_0_vs_1,197,15.0,16.0,0.0,0.0,10.0,15.0,,,,,,,,,,,,,,,1.0
digits_0_vs_1,198,5.0,10.0,0.0,0.0,5.0,14.0,,,,,,,,,,,,,,,1.0
digits_0_vs_1,199,13.0,16.0,0.0,0.0,6.0,16.0,,,,,,,,,,,,,,,1.0
digits_0_vs_1,200,16.0,15.0,0.0,0.0,10.0,12.0,,,,,,,,,,,,,,,1.0
digits_0_vs_1,201,16.0,14.0,0.0,0.0,10.0,8.0,,,,,,,,,,,,,,,1.0
digits_0_vs_1,202,0.0,0.0,8.0,8.0,0.0,0.0,,,,,,,,,,,,,,,0.0
digits_0_vs_1,203,11.0,16.0,0.0,0.0,5.0,14.0,,,,,,,,,,,,,,,1.0
digits_0_vs_1,204,0.0,0.0,8.0,8.0,0.0,0.0,,,,,,,,,,,,,,,0.0
digits_0_vs_1,205,0.0,0.0,8.0,7.0,0.0,0.0,,,,,,,,,,,,,,,0.0
digits_0_vs_1,206,16.0,16.0,0.0,0.0,16.0,16.0,,,,,,,,,,,,,,,1.0
digits_0_vs_1,207,0.0,0.0,9.0,6.0,0.0,0.0,,,,,,,,,,,,,,,0.0
digits_0_vs_1,208,16.0,16.0,0.0,0.0,16.0,16.0,,,,,,,,,,,,,,,1.0
digits_0_vs_1,209,0.0,0.0,10.0,5.0,1.0,0.0,,,,,,,,,,,,,,,0.0
digits_0_vs_1,210,16.0,16.0,0.0,0.0,16.0,16.0,,,,,,,,,,,,,,,1.0
digits_0_vs_1,211,0.0,0.0,8.0,6.0,0.0,0.0,,,,,,,,,,,,,,,0.0
digits_0_vs_1,212,0.0,0.0,10.0,5.0,3.0,0.0,,,,,,,,,,,,,,,0.0
digits_0_vs_1,213,16.0,16.0,0.0,0.0,16.0,16.0,,,,,,,,,,,,,,,1.0
digits_0_vs_1,214,16.0,16.0,0.0,0.0,16.0,16.0,,,,,,,,,,,,,,,1.0
digits_0_vs_1,215,0.0,0.0,9.0,5.0,0.0,0.0,,,,,,,,,,,,,,,0.0
digits_0_vs_1,216,0.0,0.0,10.0,5.0,0.0,0.0,,,,,,,,,,,,,,,0.0
digits_0_vs_1,217,0.0,0.0,11.0,10.0,0.0,0.0,,,,,,,,,,,,,,,0.0
digits_0_vs_1,218,11.0,5.0,0.0,0.0,15.0,7.0,,,,,,,,,,,,,,,1.0
digits_0_vs_1,219,16.0,13.0,0.0,0.0,16.0,16.0,,,,,,,,,,,,,,,1.0
digits_0_vs_1,220,0.0,0.0,8.0,8.0,2.0,0.0,,,,,,,,,,,,,,,0.0
digits_0_vs_1,221,0.0,0.0,12.0,10.0,0.0,0.0,,,,,,,,,,,,,,,0.0
digits_0_vs_1,222,0.0,0.0,14.0,9.0,0.0,0.0,,,,,,,,,,,,,,,0.0
digits_0_vs_1,223,12.0,14.0,0.0,0.0,15.0,12.0,,,,,,,,,,,,,,,1.0
digits_0_vs_1,224,16.0,16.0,0.0,0.0,16.0,16.0,,,,,,,,,,,,,,,1.0
digits_0_vs_1,225,16.0,16.0,0.0,2.0,16.0,16.0,,,,,,,,,,,,,,,1.0
digits_0_vs_1,226,16.0,16.0,0.0,0.0,16.0,16.0,,,,,,,,,,,,,,,1.0
digits_0_vs_1,227,12.0,5.0,0.0,0.0,15.0,6.0,,,,,,,,,,,,,,,1.0
digits_0_vs_1,228,0.0,0.0,7.0,6.0,0.0,0.0,,,,,,,,,,,,,,,0.0
digits_0_vs_1,229,16.0,16.0,0.0,0.0,16.0,13.0,,,,,,,,,,,,,,,1.0
digits_0_vs_1,230,0.0,0.0,9.0,6.0,0.0,0.0,,,,,,,,,,,,,,,0.0
digits_0_vs_1,231,0.0,0.0,7.0,5.0,0.0,0.0,,,,,,,,,,,,,,,0.0
digits_0_vs_1,232,16.0,16.0,0.0,0.0,16.0,16.0,,,,,,,,,,,,,,,1.0
digits_0_vs_1,233,0.0,0.0,8.0,8.0,0.0,2.0,,,,,,,,,,,,,,,0.0
digits_0_vs_1,234,16.0,16.0,0.0,0.0,16.0,16.0,,,,,,,,,,,,,,,1.0
digits_0_vs_1,235,0.0,0.0,5.0,8.0,1.0,2.0,,,,,,,,,,,,,,,0.0
digits_0_vs_1,236,10.0,8.0,0.0,0.0,16.0,7.0,,,,,,,,,,,,,,,1.0
digits_0_vs_1,237,0.0,0.0,1.0,2.0,0.0,4.0,,,,,,,,,,,,,,,0.0
digits_0_vs_1,238,0.0,0.0,9.0,11.0,0.0,5.0,,,,,,,,,,,,,,,0.0
digits_0_vs_1,239,16.0,16.0,0.0,0.0,16.0,16.0,,,,,,,,,,,,,,,1.0
digits_0_vs_1,240,16.0,16.0,0.0,0.0,16.0,16.0,,,,,,,,,,,,,,,1.0
digits_0_vs_1,241,0.0,0.0,6.0,7.0,0.0,5.0,,,,,,,,,,,,,,,0.0
digits_0_vs_1,242,0.0,0.0,6.0,6.0,0.0,7.0,,,,,,,,,,,,,,,0.0
digits_0_vs_1,243,0.0,0.0,3.0,3.0,0.0,5.0,,,,,,,,,,,,,,,0.0
digits_0_vs_1,244,14.0,15.0,0.0,0.0,14.0,13.0,,,,,,,,,,,,,,,1.0
digits_0_vs_1,245,13.0,12.0,0.0,0.0,16.0,9.0,,,,,,,,,,,,,,,1.0
digits_0_vs_1,246,0.0,0.0,3.0,7.0,0.0,4.0,,,,,,,,,,,,,,,0.0
digits_0_vs_1,247,0.0,0.0,3.0,6.0,0.0,5.0,,,,,,,,,,,,,,,0.0
digits_0_vs_1,248,0.0,0.0,2.0,5.0,0.0,2.0,,,,,,,,,,,,,,,0.0
digits_0_vs_1,249,16.0,16.0,0.0,0.0,16.0,14.0,,,,,,,,,,,,,,,1.0
digits_0_vs_1,250,16.0,16.0,0.0,0.0,16.0,13.0,,,,,,,,,,,,,,,1.0
digits_0_vs_1,251,15.0,14.0,0.0,0.0,16.0,12.0,,,,,,,,,,,,,,,1.0
digits_0_vs_1,252,15.0,14.0,0.0,0.0,16.0,9.0,,,,,,,,,,,,,,,1.0
digits_0_vs_1,253,10.0,1.0,0.0,0.0,12.0,0.0,,,,,,,,,,,,,,,1.0
digits_0_vs_1,254,0.0,0.0,4.0,3.0,8.0,0.0,,,,,,,,,,,,,,,0.0
digits_0_vs_1,255,1.0,1.0,0.0,0.0,5.0,1.0,,,,,,,,,,,,,,,1.0
digits_0_vs_1,256,0.0,0.0,2.0,8.0,0.0,9.0,,,,,,,,,,,,,,,0.0
digits_0_vs_1,257,0.0,0.0,10.0,8.0,1.0,0.0,,,,,,,,,,,,,,,0.0
digits_0_vs_1,258,8.0,10.0,0.0,0.0,6.0,13.0,,,,,,,,,,,,,,,1.0
digits_0_vs_1,259,0.0,0.0,4.0,5.0,5.0,0.0,,,,,,,,,,,,,,,0.0
digits_0_vs_1,260,16.0,15.0,0.0,0.0,16.0,13.0,,,,,,,,,,,,,,,1.0
digits_0_vs_1,261,0.0,0.0,9.0,7.0,1.0,0.0,,,,,,,,,,,,,,,0.0
digits_0_vs_1,262,5.0,3.0,0.0,0.0,15.0,4.0,,,,,,,,,,,,,,,1.0
digits_0_vs_1,263,0.0,0.0,13.0,10.0,4.0,0.0,,,,,,,,,,,,,,,0.0
digits_0_vs_1,264,0.0,1.0,4.0,6.0,1.0,8.0,,,,,,,,,,,,,,,0.0
digits_0_vs_1,265,11.0,12.0,0.0,0.0,13.0,12.0,,,,,,,,,,,,,,,1.0
digits_0_vs_1,266,16.0,16.0,0.0,0.0,16.0,15.0,,,,,,,,,,,,,,,1.0
digits_0_vs_1,267,0.0,0.0,11.0,9.0,0.0,1.0,,,,,,,,,,,,,,,0.0
digits_0_vs_1,268,0.0,0.0,11.0,9.0,1.0,1.0,,,,,,,,,,,,,,,0.0
digits_0_vs_1,269,0.0,0.0,11.0,10.0,2.0,3.0,,,,,,,,,,,,,,,0.0
digits_0_vs_1,270,13.0,12.0,0.0,0.0,16.0,11.0,,,,,,,,,,,,,,,1.0
digits_0_vs_1,271,16.0,13.0,0.0,0.0,16.0,13.0,,,,,,,,,,,,,,,1.0
digits_0_vs_1,272,0.0,0.0,2.0,4.0,0.0,1.0,,,,,,,,,,,,,,,0.0
digits_0_vs_1,273,0.0,0.0,7.0,7.0,0.0,1.0,,,,,,,,,,,,,,,0.0
digits_0_vs_1,274,4.0,0.0,9.0,7.0,0.0,0.0,,,,,,,,,,,,,,,0.0
digits_0_vs_1,275,16.0,16.0,0.0,0.0,16.0,16.0,,,,,,,,,,,,,,,1.0
digits_0_vs_1,276,16.0,16.0,0.0,0.0,16.0,16.0,,,,,,,,,,,,,,,1.0
digits_0_vs_1,277,16.0,14.0,0.0,0.0,16.0,13.0,,,,,,,,,,,,,,,1.0
digits_0_vs_1,278,13.0,15.0,0.0,0.0,14.0,16.0,,,,,,,,,,,,,,,1.0
digits_0_vs_1,279,14.0,9.0,0.0,0.0,15.0,14.0,,,,,,,,,,,,,,,1.0
digits_0_vs_1,280,0.0,0.0,8.0,4.0,1.0,0.0,,,,,,,,,,,,,,,0.0
digits_0_vs_1,281,10.0,9.0,0.0,0.0,12.0,7.0,,,,,,,,,,,,,,,1.0
digits_0_vs_1,282,0.0,0.0,9.0,9.0,1.0,2.0,,,,,,,,,,,,,,,0.0
digits_0_vs_1,283,0.0,0.0,8.0,8.0,0.0,0.0,,,,,,,,,,,,,,,0.0
digits_0_vs_1,284,15.0,16.0,0.0,0.0,15.0,16.0,,,,,,,,,,,,,,,1.0
digits_0_vs_1,285,0.0,0.0,8.0,4.0,3.0,0.0,,,,,,,,,,,,,,,0.0
digits_0_vs_1,286,10.0,11.0,0.0,0.0,14.0,10.0,,,,,,,,,,,,,,,1.0
digits_0_vs_1,287,0.0,0.0,8.0,8.0,2.0,0.0,,,,,,,,,,,,,,,0.0
digits_0_vs_1,288,16.0,16.0,0.0,0.0,16.0,14.0,,,,,,,,,,,,,,,1.0
digits_0_vs_1,289,0.0,0.0,8.0,5.0,2.0,0.0,,,,,,,,,,,,,,,0.0
digits_0_vs_1,290,0.0,0.0,8.0,8.0,7.0,0.0,,,,,,,,,,,,,,,0.0
digits_0_vs_1,291,10.0,4.0,5.0,4.0,16.0,7.0,,,,,,,,,,,,,,,1.0
digits_0_vs_1,292,3.0,4.0,4.0,4.0,16.0,4.0,,,,,,,,,,,,,,,1.0
digits_0_vs_1,293,0.0,0.0,8.0,8.0,1.0,0.0,,,,,,,,,,,,,,,0.0
digits_0_vs_1,294,0.0,0.0,8.0,8.0,2.0,0.0,,,,,,,,,,,,,,,0.0
digits_0_vs_1,295,0.0,0.0,12.0,11.0,4.0,0.0,,,,,,,,,,,,,,,0.0
digits_0_vs_1,296,8.0,8.0,3.0,0.0,12.0,8.0,,,,,,,,,,,,,,,1.0
digits_0_vs_1,297,8.0,8.0,5.0,2.0,13.0,8.0,,,,,,,,,,,,,,,1.0
digits_0_vs_1,298,0.0,0.0,12.0,11.0,4.0,0.0,,,,,,,,,,,,,,,0.0
digits_0_vs_1,299,0.0,0.0,12.0,12.0,6.0,0.0,,,,,,,,,,,,,,,0.0
digits_0_vs_1,300,0.0,0.0,8.0,6.0,0.0,0.0,,,,,,,,,,,,,,,0.0
digits_0_vs_1,301,4.0,5.0,8.0,8.0,13.0,5.0,,,,,,,,,,,,,,,1.0
digits_0_vs_1,302,14.0,14.0,0.0,0.0,14.0,15.0,,,,,,,,,,,,,,,1.0
digits_0_vs_1,303,16.0,16.0,0.0,0.0,16.0,15.0,,,,,,,,,,,,,,,1.0
digits_0_vs_1,304,8.0,8.0,0.0,0.0,14.0,7.0,,,,,,,,,,,,,,,1.0
digits_0_vs_1,305,0.0,1.0,4.0,4.0,10.0,3.0,,,,,,,,,,,,,,,1.0
digits_0_vs_1,306,0.0,0.0,8.0,4.0,2.0,0.0,,,,,,,,,,,,,,,0.0
digits_0_vs_1,307,10.0,12.0,0.0,4.0,11.0,12.0,,,,,,,,,,,,,,,1.0
digits_0_vs_1,308,0.0,0.0,8.0,8.0,1.0,0.0,,,,,,,,,,,,,,,0.0
digits_0_vs_1,309,0.0,0.0,8.0,8.0,1.0,1.0,,,,,,,,,,,,,,,0.0
digits_0_vs_1,310,16.0,16.0,0.0,0.0,16.0,16.0,,,,,,,,,,,,,,,1.0
digits_0_vs_1,311,0.0,0.0,7.0,5.0,0.0,1.0,,,,,,,,,,,,,,,0.0
digits_0_vs_1,312,16.0,13.0,0.0,0.0,16.0,11.0,,,,,,,,,,,,,,,1.0
digits_0_vs_1,313,0.0,0.0,2.0,4.0,1.0,3.0,,,,,,,,,,,,,,,0.0
digits_0_vs_1,314,14.0,11.0,0.0,0.0,16.0,9.0,,,,,,,,,,,,,,,1.0
digits_0_vs_1,315,0.0,3.0,0.0,0.0,1.0,16.0,,,,,,,,,,,,,,,0.0
digits_0_vs_1,316,0.0,0.0,5.0,5.0,0.0,0.0,,,,,,,,,,,,,,,0.0
digits_0_vs_1,317,16.0,16.0,0.0,0.0,16.0,16.0,,,,,,,,,,,,,,,1.0
digits_0_vs_1,318,14.0,11.0,0.0,0.0,15.0,10.0,,,,,,,,,,,,,,,1.0
digits_0_vs_1,319,0.0,0.0,2.0,1.0,1.0,3.0,,,,,,,,,,,,,,,0.0
digits_0_vs_1,320,0.0,0.0,4.0,5.0,0.0,2.0,,,,,,,,,,,,,,,0.0
digits_0_vs_1,321,0.0,0.0,8.0,5.0,1.0,0.0,,,,,,,,,,,,,,,0.0
digits_0_vs_1,322,16.0,14.0,0.0,0.0,16.0,10.0,,,,,,,,,,,,,,,1.0
digits_0_vs_1,323,15.0,13.0,0.0,0.0,15.0,15.0,,,,,,,,,,,,,,,1.0
digits_0_vs_1,324,0.0,0.0,6.0,1.0,1.0,4.0,,,,,,,,,,,,,,,0.0
digits_0_vs_1,325,0.0,0.0,11.0,9.0,0.0,0.0,,,,,,,,,,,,,,,0.0
digits_0_vs_1,326,13.0,11.0,0.0,0.0,16.0,10.0,,,,,,,,,,,,,,,1.0
digits_0_vs_1,327,13.0,13.0,0.0,0.0,13.0,9.0,,,,,,,,,,,,,,,1.0
digits_0_vs_1,328,16.0,16.0,0.0,0.0,16.0,16.0,,,,,,,,,,,,,,,1.0
digits_0_vs_1,329,15.0,16.0,0.0,0.0,16.0,15.0,,,,,,,,,,,,,,,1.0
digits_0_vs_1,330,16.0,16.0,0.0,0.0,16.0,16.0,,,,,,,,,,,,,,,1.0
digits_0_vs_1,331,0.0,0.0,4.0,5.0,0.0,5.0,,,,,,,,,,,,,,,0.0
digits_0_vs_1,332,16.0,16.0,0.0,0.0,16.0,16.0,,,,,,,,,,,,,,,1.0
digits_0_vs_1,333,0.0,0.0,5.0,5.0,0.0,1.0,,,,,,,,,,,,,,,0.0
digits_0_vs_1,334,0.0,0.0,8.0,7.0,3.0,0.0,,,,,,,,,,,,,,,0.0
digits_0_vs_1,335,10.0,12.0,0.0,0.0,14.0,15.0,,,,,,,,,,,,,,,1.0
digits_0_vs_1,336,0.0,0.0,8.0,5.0,3.0,0.0,,,,,,,,,,,,,,,0.0
digits_0_vs_1,337,16.0,16.0,0.0,0.0,16.0,16.0,,,,,,,,,,,,,,,1.0
digits_0_vs_1,338,0.0,0.0,8.0,3.0,10.0,0.0,,,,,,,,,,,,,,,0.0
digits_0_vs_1,339,11.0,10.0,0.0,0.0,14.0,14.0,,,,,,,,,,,,,,,1.0
digits_0_vs_1,340,0.0,0.0,8.0,8.0,0.0,2.0,,,,,,,,,,,,,,,0.0
digits_0_vs_1,341,0.0,0.0,8.0,6.0,0.0,7.0,,,,,,,,,,,,,,,0.0
digits_0_vs_1,342,16.0,16.0,0.0,0.0,16.0,16.0,,,,,,,,,,,,,,,1.0
digits_0_vs_1,343,16.0,16.0,0.0,0.0,16.0,15.0,,,,,,,,,,,,,,,1.0
digits_0_vs_1,344,0.0,0.0,8.0,7.0,3.0,4.0,,,,,,,,,,,,,,,0.0
digits_0_vs_1,345,0.0,0.0,7.0,4.0,0.0,1.0,,,,,,,,,,,,,,,0.0
digits_0_vs_1,346,0.0,0.0,8.0,3.0,6.0,11.0,,,,,,,,,,,,,,,0.0
digits_0_vs_1,347,16.0,16.0,0.0,0.0,16.0,16.0,,,,,,,,,,,,,,,1.0
digits_0_vs_1,348,16.0,16.0,0.0,2.0,16.0,14.0,,,,,,,,,,,,,,,1.0
digits_0_vs_1,349,0.0,0.0,8.0,8.0,5.0,5.0,,,,,,,,,,,,,,,0.0
digits_0_vs_1,350,0.0,0.0,5.0,4.0,0.0,0.0,,,,,,,,,,,,,,,0.0
digits_0_vs_1,351,0.0,0.0,5.0,4.0,11.0,1.0,,,,,,,,,,,,,,,0.0
digits_0_vs_1,352,16.0,16.0,0.0,0.0,16.0,16.0,,,,,,,,,,,,,,,1.0
digits_0_vs_1,353,16.0,16.0,1.0,0.0,16.0,16.0,,,,,,,,,,,,,,,1.0
digits_0_vs_1,354,16.0,16.0,0.0,0.0,16.0,16.0,,,,,,,,,,,,,,,1.0
digits_0_vs_1,355,16.0,16.0,0.0,0.0,16.0,15.0,,,,,,,,,,,,,,,1.0
digits_0_vs_1,356,16.0,16.0,0.0,0.0,16.0,16.0,,,,,,,,,,,,,,,1.0
digits_0_vs_1,357,0.0,0.0,9.0,4.0,1.0,0.0,,,,,,,,,,,,,,,0.0
digits_0_vs_1,358,16.0,16.0,0.0,0.0,16.0,16.0,,,,,,,,,,,,,,,1.0
digits_0_vs_1,359,0.0,0.0,6.0,8.0,0.0,9.0,,,,,,,,,,,,,,,0.0
digits_3_vs_8,0,0.0,0.0,1.0,2.0,0.0,1.0,,,,,,,,,,,,,,,0.0
digits_3_vs_8,1,8.0,16.0,16.0,3.0,4.0,9.0,,,,,,,,,,,,,,,1.0
digits_3_vs_8,2,0.0,0.0,2.0,0.0,0.0,0.0,,,,,,,,,,,,,,,0.0
digits_3_vs_8,3,1.0,12.0,13.0,1.0,12.0,4.0,,,,,,,,,,,,,,,1.0
digits_3_vs_8,4,0.0,0.0,0.0,0.0,0.0,0.0,,,,,,,,,,,,,,,0.0
digits_3_vs_8,5,3.0,15.0,16.0,0.0,11.0,8.0,,,,,,,,,,,,,,,1.0
digits_3_vs_8,6,11.0,8.0,16.0,8.0,14.0,10.0,,,,,,,,,,,,,,,1.0
digits_3_vs_8,7,7.0,14.0,16.0,1.0,10.0,7.0,,,,,,,,,,,,,,,1.0
digits_3_vs_8,8,0.0,0.0,0.0,0.0,0.0,0.0,,,,,,,,,,,,,,,0.0
digits_3_vs_8,9,15.0,8.0,9.0,0.0,0.0,5.0,,,,,,,,,,,,,,,1.0
digits_3_vs_8,10,0.0,0.0,4.0,0.0,0.0,0.0,,,,,,,,,,,,,,,0.0
digits_3_vs_8,11,0.0,0.0,0.0,0.0,0.0,0.0,,,,,,,,,,,,,,,0.0
digits_3_vs_8,12,0.0,0.0,0.0,0.0,0.0,0.0,,,,,,,,,,,,,,,0.0
digits_3_vs_8,13,0.0,0.0,3.0,0.0,0.0,0.0,,,,,,,,,,,,,,,0.0
digits_3_vs_8,14,16.0,15.0,16.0,13.0,10.0,16.0,,,,,,,,,,,,,,,1.0
digits_3_vs_8,15,0.0,0.0,0.0,0.0,0.0,0.0,,,,,,,,,,,,,,,0.0
digits_3_vs_8,16,0.0,0.0,0.0,0.0,0.0,0.0,,,,,,,,,,,,,,,0.0
digits_3_vs_8,17,1.0,0.0,4.0,0.0,0.0,0.0,,,,,,,,,,,,,,,0.0
digits_3_vs_8,18,10.0,14.0,16.0,13.0,15.0,11.0,,,,,,,,,,,,,,,1.0
digits_3_vs_8,19,0.0,0.0,0.0,0.0,0.0,0.0,,,,,,,,,,,,,,,0.0
digits_3_vs_8,20,4.0,0.0,7.0,0.0,0.0,0.0,,,,,,,,,,,,,,,0.0
digits_3_vs_8,21,15.0,13.0,16.0,7.0,4.0,11.0,,,,,,,,,,,,,,,1.0
digits_3_vs_8,22,9.0,10.0,16.0,0.0,2.0,3.0,,,,,,,,,,,,,,,1.0
digits_3_vs_8,23,15.0,11.0,16.0,0.0,1.0,5.0,,,,,,,,,,,,,,,1.0
digits_3_vs_8,24,13.0,14.0,12.0,5.0,14.0,8.0,,,,,,,,,,,,,,,1.0
digits_3_vs_8,25,16.0,8.0,16.0,6.0,5.0,7.0,,,,,,,,,,,,,,,1.0
digits_3_vs_8,26,0.0,0.0,0.0,0.0,0.0,0.0,,,,,,,,,,,,,,,0.0
digits_3_vs_8,27,5.0,16.0,16.0,9.0,13.0,16.0,,,,,,,,,,,,,,,1.0
digits_3_vs_8,28,0.0,0.0,0.0,0.0,0.0,0.0,,,,,,,,,,,,,,,0.0
digits_3_vs_8,29,12.0,16.0,16.0,13.0,11.0,16.0,,,,,,,,,,,,,,,1.0
digits_3_vs_8,30,1.0,0.0,4.0,0.0,0.0,0.0,,,,,,,,,,,,,,,0.0
digits_3_vs_8,31,3.0,12.0,13.0,1.0,15.0,5.0,,,,,,,,,,,,,,,1.0
digits_3_vs_8,32,2.0,16.0,16.0,9.0,16.0,14.0,,,,,,,,,,,,,,,1.0
digits_3_vs_8,33,13.0,11.0,15.0,2.0,1.0,10.0,,,,,,,,,,,,,,,1.0
digits_3_vs_8,34,1.0,0.0,7.0,0.0,0.0,0.0,,,,,,,,,,,,,,,0.0
digits_3_vs_8,35,5.0,15.0,14.0,3.0,9.0,12.0,,,,,,,,,,,,,,,1.0
digits_3_vs_8,36,0.0,0.0,0.0,0.0,0.0,0.0,,,,,,,,,,,,,,,0.0
digits_3_vs_8,37,0.0,0.0,0.0,0.0,0.0,0.0,,,,,,,,,,,,,,,0.0
digits_3_vs_8,38,0.0,0.0,0.0,0.0,0.0,0.0,,,,,,,,,,,,,,,0.0
digits_3_vs_8,39,0.0,0.0,1.0,0.0,0.0,0.0,,,,,,,,,,,,,,,0.0
digits_3_vs_8,40,11.0,12.0,16.0,5.0,3.0,12.0,,,,,,,,,,,,,,,1.0
digits_3_vs_8,41,0.0,0.0,3.0,0.0,0.0,0.0,,,,,,,,,,,,,,,0.0
digits_3_vs_8,42,2.0,0.0,3.0,0.0,0.0,0.0,,,,,,,,,,,,,,,0.0
digits_3_vs_8,43,0.0,0.0,5.0,0.0,0.0,0.0,,,,,,,,,,,,,,,0.0
digits_3_vs_8,44,3.0,16.0,12.0,5.0,16.0,5.0,,,,,,,,,,,,,,,1.0
digits_3_vs_8,45,0.0,0.0,3.0,0.0,0.0,0.0,,,,,,,,,,,,,,,0.0
digits_3_vs_8,46,1.0,0.0,1.0,0.0,0.0,0.0,,,,,,,,,,,,,,,0.0
digits_3_vs_8,47,9.0,15.0,16.0,1.0,7.0,6.0,,,,,,,,,,,,,,,1.0
digits_3_vs_8,48,11.0,15.0,16.0,2.0,6.0,8.0,,,,,,,,,,,,,,,1.0
digits_3_vs_8,49,8.0,13.0,15.0,2.0,8.0,3.0,,,,,,,,,,,,,,,1.0
digits_3_vs_8,50,8.0,16.0,16.0,0.0,7.0,2.0,,,,,,,,,,,,,,,1.0
digits_3_vs_8,51,14.0,13.0,16.0,11.0,7.0,15.0,,,,,,,,,,,,,,,1.0
digits_3_vs_8,52,0.0,0.0,3.0,0.0,0.0,4.0,,,,,,,,,,,,,,,0.0
digits_3_vs_8,53,7.0,8.0,15.0,12.0,5.0,13.0,,,,,,,,,,,,,,,1.0
digits_3_vs_8,54,0.0,0.0,9.0,4.0,1.0,10.0,,,,,,,,,,,,,,,0.0
digits_3_vs_8,55,12.0,6.0,16.0,16.0,7.0,16.0,,,,,,,,,,,,,,,1.0
digits_3_vs_8,56,0.0,0.0,3.0,0.0,0.0,2.0,,,,,,,,,,,,,,,0.0
digits_3_vs_8,57,13.0,9.0,16.0,15.0,3.0,14.0,,,,,,,,,,,,,,,1.0
digits_3_vs_8,58,1.0,14.0,15.0,4.0,6.0,11.0,,,,,,,,,,,,,,,1.0
digits_3_vs_8,59,9.0,15.0,15.0,5.0,3.0,15.0,,,,,,,,,,,,,,,1.0
digits_3_vs_8,60,0.0,0.0,11.0,0.0,0.0,7.0,,,,,,,,,,,,,,,0.0
digits_3_vs_8,61,14.0,4.0,9.0,16.0,1.0,15.0,,,,,,,,,,,,,,,1.0
digits_3_vs_8,62,1.0,0.0,16.0,2.0,3.0,3.0,,,,,,,,,,,,,,,0.0
digits_3_vs_8,63,0.0,0.0,3.0,0.0,0.0,3.0,,,,,,,,,,,,,,,0.0
digits_3_vs_8,64,0.0,0.0,7.0,2.0,0.0,1.0,,,,,,,,,,,,,,,0.0
digits_3_vs_8,65,0.0,0.0,11.0,3.0,1.0,1.0,,,,,,,,,,,,,,,0.0
digits_3_vs_8,66,6.0,10.0,16.0,16.0,9.0,12.0,,,,,,,,,,,,,,,1.0
digits_3_vs_8,67,0.0,0.0,11.0,0.0,0.0,8.0,,,,,,,,,,,,,,,0.0
digits_3_vs_8,68,0.0,0.0,8.0,0.0,0.0,2.0,,,,,,,,,,,,,,,0.0
digits_3_vs_8,69,1.0,0.0,16.0,0.0,1.0,1.0,,,,,,,,,,,,,,,0.0
digits_3_vs_8,70,2.0,16.0,16.0,14.0,12.0,16.0,,,,,,,,,,,,,,,1.0
digits_3_vs_8,71,0.0,2.0,16.0,3.0,12.0,2.0,,,,,,,,,,,,,,,0.0
digits_3_vs_8,72,0.0,0.0,3.0,0.0,0.0,0.0,,,,,,,,,,,,,,,0.0
digits_3_vs_8,73,5.0,15.0,16.0,12.0,8.0,11.0,,,,,,,,,,,,,,,1.0
digits_3_vs_8,74,0.0,12.0,7.0,9.0,8.0,10.0,,,,,,,,,,,,,,,1.0
digits_3_vs_8,75,5.0,9.0,14.0,9.0,3.0,16.0,,,,,,,,,,,,,,,1.0
digits_3_vs_8,76,10.0,12.0,16.0,9.0,7.0,16.0,,,,,,,,,,,,,,,1.0
digits_3_vs_8,77,0.0,0.0,7.0,0.0,0.0,1.0,,,,,,,,,,,,,,,0.0
digits_3_vs_8,78,0.0,3.0,8.0,0.0,0.0,0.0,,,,,,,,,,,,,,,0.0
digits_3_vs_8,79,9.0,11.0,14.0,5.0,1.0,13.0,,,,,,,,,,,,,,,1.0
digits_3_vs_8,80,0.0,10.0,3.0,0.0,0.0,15.0,,,,,,,,,,,,,,,0.0
digits_3_vs_8,81,0.0,13.0,15.0,5.0,10.0,14.0,,,,,,,,,,,,,,,1.0
digits_3_vs_8,82,0.0,13.0,0.0,0.0,7.0,5.0,,,,,,,,,,,,,,,0.0
digits_3_vs_8,83,14.0,5.0,16.0,13.0,15.0,14.0,,,,,,,,,,,,,,,1.0
digits_3_vs_8,84,12.0,11.0,16.0,15.0,4.0,15.0,,,,,,,,,,,,,,,1.0
digits_3_vs_8,85,10.0,12.0,15.0,9.0,3.0,14.0,,,,,,,,,,,,,,,1.0
digits_3_vs_8,86,0.0,4.0,8.0,0.0,0.0,11.0,,,,,,,,,,,,,,,0.0
digits_3_vs_8,87,15.0,2.0,6.0,4.0,0.0,16.0,,,,,,,,,,,,,,,1.0
digits_3_vs_8,88,0.0,5.0,7.0,0.0,0.0,15.0,,,,,,,,,,,,,,,0.0
digits_3_vs_8,89,0.0,6.0,11.0,9.0,0.0,12.0,,,,,,,,,,,,,,,0.0
digits_3_vs_8,90,3.0,10.0,4.0,3.0,0.0,15.0,,,,,,,,,,,,,,,0.0
digits_3_vs_8,91,0.0,0.0,4.0,4.0,2.0,13.0,,,,,,,,,,,,,,,0.0
digits_3_vs_8,92,3.0,14.0,15.0,3.0,4.0,13.0,,,,,,,,,,,,,,,1.0
digits_3_vs_8,93,0.0,8.0,7.0,3.0,0.0,8.0,,,,,,,,,,,,,,,0.0
digits_3_vs_8,94,0.0,0.0,3.0,3.0,0.0,7.0,,,,,,,,,,,,,,,0.0
digits_3_vs_8,95,0.0,0.0,10.0,0.0,0.0,7.0,,,,,,,,,,,,,,,0.0
digits_3_vs_8,96,0.0,10.0,10.0,14.0,15.0,8.0,,,,,,,,,,,,,,,1.0
digits_3_vs_8,97,0.0,0.0,12.0,3.0,4.0,2.0,,,,,,,,,,,,,,,0.0
digits_3_vs_8,98,0.0,6.0,0.0,0.0,0.0,10.0,,,,,,,,,,,,,,,0.0
digits_3_vs_8,99,10.0,12.0,16.0,16.0,12.0,14.0,,,,,,,,,,,,,,,1.0
digits_3_vs_8,100,1.0,12.0,14.0,16.0,12.0,15.0,,,,,,,,,,,,,,,1.0
digits_3_vs_8,101,9.0,15.0,16.0,12.0,7.0,16.0,,,,,,,,,,,,,,,1.0
digits_3_vs_8,102,4.0,15.0,16.0,9.0,10.0,16.0,,,,,,,,,,,,,,,1.0
digits_3_vs_8,103,9.0,7.0,16.0,11.0,4.0,12.0,,,,,,,,,,,,,,,1.0
digits_3_vs_8,104,0.0,0.0,0.0,6.0,0.0,15.0,,,,,,,,,,,,,,,0.0
digits_3_vs_8,105,0.0,12.0,8.0,1.0,15.0,0.0,,,,,,,,,,,,,,,1.0
digits_3_vs_8,106,0.0,0.0,2.0,4.0,0.0,14.0,,,,,,,,,,,,,,,0.0
digits_3_vs_8,107,2.0,14.0,16.0,8.0,11.0,8.0,,,,,,,,,,,,,,,1.0
digits_3_vs_8,108,1.0,0.0,10.0,5.0,0.0,12.0,,,,,,,,,,,,,,,0.0
digits_3_vs_8,109,6.0,14.0,16.0,4.0,5.0,9.0,,,,,,,,,,,,,,,1.0
digits_3_vs_8,110,1.0,15.0,12.0,2.0,13.0,7.0,,,,,,,,,,,,,,,1.0
digits_3_vs_8,111,8.0,16.0,16.0,1.0,2.0,7.0,,,,,,,,,,,,,,,1.0
digits_3_vs_8,112,0.0,0.0,0.0,0.0,0.0,9.0,,,,,,,,,,,,,,,0.0
digits_3_vs_8,113,11.0,13.0,12.0,2.0,1.0,8.0,,,,,,,,,,,,,,,1.0
digits_3_vs_8,114,0.0,0.0,0.0,7.0,0.0,10.0,,,,,,,,,,,,,,,0.0
digits_3_vs_8,115,0.0,2.0,0.0,0.0,0.0,7.0,,,,,,,,,,,,,,,0.0
digits_3_vs_8,116,2.0,3.0,7.0,5.0,0.0,16.0,,,,,,,,,,,,,,,0.0
digits_3_vs_8,117,0.0,0.0,2.0,6.0,0.0,12.0,,,,,,,,,,,,,,,0.0
digits_3_vs_8,118,4.0,15.0,14.0,0.0,5.0,4.0,,,,,,,,,,,,,,,1.0
digits_3_vs_8,119,0.0,0.0,2.0,5.0,0.0,9.0,,,,,,,,,,,,,,,0.0
digits_3_vs_8,120,1.0,0.0,10.0,0.0,0.0,12.0,,,,,,,,,,,,,,,0.0
digits_3_vs_8,121,0.0,3.0,5.0,9.0,0.0,13.0,,,,,,,,,,,,,,,0.0
digits_3_vs_8,122,7.0,16.0,16.0,2.0,5.0,4.0,,,,,,,,,,,,,,,1.0
digits_3_vs_8,123,0.0,0.0,0.0,1.0,0.0,11.0,,,,,,,,,,,,,,,0.0
digits_3_vs_8,124,0.0,0.0,6.0,2.0,0.0,14.0,,,,,,,,,,,,,,,0.0
digits_3_vs_8,125,7.0,16.0,16.0,10.0,7.0,12.0,,,,,,,,,,,,,,,1.0
digits_3_vs_8,126,0.0,14.0,12.0,0.0,8.0,0.0,,,,,,,,,,,,,,,1.0
digits_3_vs_8,127,4.0,16.0,14.0,0.0,3.0,0.0,,,,,,,,,,,,,,,1.0
digits_3_vs_8,128,9.0,14.0,16.0,5.0,3.0,7.0,,,,,,,,,,,,,,,1.0
digits_3_vs_8,129,1.0,13.0,15.0,4.0,12.0,4.0,,,,,,,,,,,,,,,1.0
digits_3_vs_8,130,2.0,0.0,10.0,0.0,0.0,12.0,,,,,,,,,,,,,,,0.0
digits_3_vs_8,131,9.0,13.0,16.0,11.0,4.0,15.0,,,,,,,,,,,,,,,1.0
digits_3_vs_8,132,0.0,0.0,1.0,1.0,0.0,12.0,,,,,,,,,,,,,,,0.0
digits_3_vs_8,133,0.0,12.0,12.0,14.0,15.0,13.0,,,,,,,,,,,,,,,1.0
digits_3_vs_8,134,3.0,0.0,15.0,0.0,0.0,12.0,,,,,,,,,,,,,,,0.0
digits_3_vs_8,135,10.0,12.0,16.0,10.0,5.0,16.0,,,,,,,,,,,,,,,1.0
digits_3_vs_8,136,13.0,13.0,16.0,11.0,13.0,11.0,,,,,,,,,,,,,,,1.0
digits_3_vs_8,137,10.0,11.0,16.0,12.0,12.0,13.0,,,,,,,,,,,,,,,1.0
digits_3_vs_8,138,0.0,0.0,0.0,4.0,0.0,11.0,,,,,,,,,,,,,,,0.0
digits_3_vs_8,139,7.0,14.0,16.0,15.0,10.0,8.0,,,,,,,,,,,,,,,1.0
digits_3_vs_8,140,0.0,0.0,0.0,0.0,0.0,7.0,,,,,,,,,,,,,,,0.0
digits_3_vs_8,141,0.0,0.0,5.0,0.0,0.0,8.0,,,,,,,,,,,,,,,0.0
digits_3_vs_8,142,0.0,0.0,1.0,0.0,0.0,4.0,,,,,,,,,,,,,,,0.0
digits_3_vs_8,143,0.0,0.0,13.0,0.0,0.0,2.0,,,,,,,,,,,,,,,0.0
digits_3_vs_8,144,16.0,5.0,15.0,13.0,0.0,14.0,,,,,,,,,,,,,,,1.0
digits_3_vs_8,145,0.0,0.0,1.0,0.0,0.0,9.0,,,,,,,,,,,,,,,0.0
digits_3_vs_8,146,0.0,0.0,0.0,0.0,0.0,5.0,,,,,,,,,,,,,,,0.0
digits_3_vs_8,147,4.0,1.0,16.0,1.0,8.0,5.0,,,,,,,,,,,,,,,0.0
digits_3_vs_8,148,13.0,10.0,16.0,16.0,7.0,13.0,,,,,,,,,,,,,,,1.0
digits_3_vs_8,149,0.0,0.0,16.0,1.0,2.0,7.0,,,,,,,,,,,,,,,0.0
digits_3_vs_8,150,5.0,0.0,16.0,0.0,2.0,3.0,,,,,,,,,,,,,,,0.0
digits_3_vs_8,151,9.0,16.0,16.0,14.0,13.0,15.0,,,,,,,,,,,,,,,1.0
digits_3_vs_8,152,7.0,14.0,16.0,16.0,9.0,13.0,,,,,,,,,,,,,,,1.0
digits_3_vs_8,153,14.0,16.0,15.0,8.0,16.0,11.0,,,,,,,,,,,,,,,1.0
digits_3_vs_8,154,4.0,16.0,16.0,12.0,10.0,16.0,,,,,,,,,,,,,,,1.0
digits_3_vs_8,155,11.0,15.0,16.0,14.0,16.0,15.0,,,,,,,,,,,,,,,1.0
digits_3_vs_8,156,0.0,0.0,15.0,9.0,8.0,0.0,,,,,,,,,,,,,,,0.0
digits_3_vs_8,157,16.0,4.0,16.0,14.0,7.0,11.0,,,,,,,,,,,,,,,1.0
digits_3_vs_8,158,0.0,0.0,12.0,2.0,1.0,0.0,,,,,,,,,,,,,,,0.0
digits_3_vs_8,159,6.0,0.0,15.0,15.0,8.0,15.0,,,,,,,,,,,,,,,1.0
digits_3_vs_8,160,0.0,0.0,7.0,0.0,0.0,0.0,,,,,,,,,,,,,,,0.0
digits_3_vs_8,161,16.0,13.0,13.0,14.0,15.0,15.0,,,,,,,,,,,,,,,1.0
digits_3_vs_8,162,15.0,1.0,11.0,14.0,0.0,15.0,,,,,,,,,,,,,,,1.0
digits_3_vs_8,163,4.0,0.0,8.0,13.0,1.0,16.0,,,,,,,,,,,,,,,1.0
digits_3_vs_8,164,0.0,1.0,15.0,1.0,5.0,0.0,,,,,,,,,,,,,,,0.0
digits_3_vs_8,165,4.0,0.0,9.0,15.0,2.0,16.0,,,,,,,,,,,,,,,1.0
digits_3_vs_8,166,0.0,1.0,15.0,2.0,3.0,0.0,,,,,,,,,,,,,,,0.0
digits_3_vs_8,167,4.0,8.0,16.0,1.0,8.0,0.0,,,,,,,,,,,,,,,0.0
digits_3_vs_8,168,0.0,0.0,7.0,1.0,0.0,0.0,,,,,,,,,,,,,,,0.0
digits_3_vs_8,169,1.0,0.0,15.0,1.0,0.0,0.0,,,,,,,,,,,,,,,0.0
digits_3_vs_8,170,14.0,1.0,12.0,7.0,0.0,14.0,,,,,,,,,,,,,,,1.0
digits_3_vs_8,171,0.0,0.0,5.0,0.0,0.0,0.0,,,,,,,,,,,,,,,0.0
digits_3_vs_8,172,0.0,0.0,7.0,1.0,0.0,0.0,,,,,,,,,,,,,,,0.0
digits_3_vs_8,173,0.0,0.0,5.0,0.0,0.0,0.0,,,,,,,,,,,,,,,0.0
digits_3_vs_8,174,15.0,1.0,16.0,14.0,7.0,14.0,,,,,,,,,,,,,,,1.0
digits_3_vs_8,175,0.0,7.0,8.0,0.0,0.0,0.0,,,,,,,,,,,,,,,0.0
digits_3_vs_8,176,0.0,0.0,5.0,0.0,0.0,6.0,,,,,,,,,,,,,,,0.0
digits_3_vs_8,177,9.0,0.0,12.0,16.0,3.0,16.0,,,,,,,,,,,,,,,1.0
digits_3_vs_8,178,13.0,0.0,12.0,15.0,2.0,16.0,,,,,,,,,,,,,,,1.0
digits_3_vs_8,179,3.0,16.0,10.0,6.0,14.0,15.0,,,,,,,,,,,,,,,1.0
digits_3_vs_8,180,11.0,0.0,14.0,14.0,7.0,16.0,,,,,,,,,,,,,,,1.0
digits_3_vs_8,181,16.0,2.0,16.0,16.0,15.0,15.0,,,,,,,,,,,,,,,1.0
digits_3_vs_8,182,0.0,7.0,0.0,0.0,0.0,0.0,,,,,,,,,,,,,,,0.0
digits_3_vs_8,183,2.0,15.0,13.0,13.0,10.0,15.0,,,,,,,,,,,,,,,1.0
digits_3_vs_8,184,0.0,6.0,0.0,2.0,0.0,0.0,,,,,,,,,,,,,,,0.0
digits_3_vs_8,185,9.0,9.0,14.0,8.0,1.0,14.0,,,,,,,,,,,,,,,1.0
digits_3_vs_8,186,0.0,0.0,4.0,8.0,1.0,0.0,,,,,,,,,,,,,,,0.0
digits_3_vs_8,187,6.0,13.0,16.0,16.0,5.0,12.0,,,,,,,,,,,,,,,1.0
digits_3_vs_8,188,7.0,14.0,16.0,9.0,2.0,15.0,,,,,,,,,,,,,,,1.0
digits_3_vs_8,189,8.0,10.0,14.0,5.0,1.0,14.0,,,,,,,,,,,,,,,1.0
digits_3_vs_8,190,0.0,3.0,1.0,12.0,0.0,1.0,,,,,,,,,,,,,,,0.0
digits_3_vs_8,191,11.0,7.0,14.0,9.0,1.0,11.0,,,,,,,,,,,,,,,1.0
digits_3_vs_8,192,0.0,1.0,4.0,0.0,0.0,0.0,,,,,,,,,,,,,,,0.0
digits_3_vs_8,193,0.0,8.0,0.0,0.0,0.0,0.0,,,,,,,,,,,,,,,0.0
digits_3_vs_8,194,0.0,13.0,0.0,0.0,0.0,0.0,,,,,,,,,,,,,,,0.0
digits_3_vs_8,195,0.0,14.0,2.0,0.0,1.0,3.0,,,,,,,,,,,,,,,0.0
digits_3_vs_8,196,3.0,15.0,15.0,10.0,6.0,14.0,,,,,,,,,,,,,,,1.0
digits_3_vs_8,197,0.0,16.0,2.0,0.0,8.0,0.0,,,,,,,,,,,,,,,0.0
digits_3_vs_8,198,0.0,7.0,0.0,0.0,0.0,0.0,,,,,,,,,,,,,,,0.0
digits_3_vs_8,199,0.0,13.0,1.0,0.0,3.0,0.0,,,,,,,,,,,,,,,0.0
digits_3_vs_8,200,14.0,2.0,6.0,9.0,0.0,16.0,,,,,,,,,,,,,,,1.0
digits_3_vs_8,201,0.0,1.0,10.0,0.0,2.0,0.0,,,,,,,,,,,,,,,0.0
digits_3_vs_8,202,0.0,15.0,0.0,0.0,3.0,0.0,,,,,,,,,,,,,,,0.0
digits_3_vs_8,203,2.0,16.0,13.0,7.0,12.0,13.0,,,,,,,,,,,,,,,1.0
digits_3_vs_8,204,12.0,4.0,12.0,9.0,0.0,11.0,,,,,,,,,,,,,,,1.0
digits_3_vs_8,205,9.0,12.0,16.0,11.0,1.0,13.0,,,,,,,,,,,,,,,1.0
digits_3_vs_8,206,0.0,0.0,0.0,0.0,0.0,6.0,,,,,,,,,,,,,,,0.0
digits_3_vs_8,207,16.0,9.0,14.0,16.0,12.0,16.0,,,,,,,,,,,,,,,1.0
digits_3_vs_8,208,0.0,0.0,1.0,0.0,0.0,5.0,,,,,,,,,,,,,,,0.0
digits_3_vs_8,209,10.0,8.0,14.0,4.0,0.0,12.0,,,,,,,,,,,,,,,1.0
digits_3_vs_8,210,0.0,0.0,4.0,0.0,0.0,7.0,,,,,,,,,,,,,,,0.0
digits_3_vs_8,211,0.0,13.0,13.0,5.0,13.0,14.0,,,,,,,,,,,,,,,1.0
digits_3_vs_8,212,14.0,11.0,16.0,14.0,2.0,13.0,,,,,,,,,,,,,,,1.0
digits_3_vs_8,213,9.0,16.0,15.0,7.0,5.0,15.0,,,,,,,,,,,,,,,1.0
digits_3_vs_8,214,0.0,0.0,2.0,0.0,0.0,6.0,,,,,,,,,,,,,,,0.0
digits_3_vs_8,215,9.0,6.0,14.0,3.0,1.0,15.0,,,,,,,,,,,,,,,1.0
digits_3_vs_8,216,0.0,0.0,0.0,0.0,0.0,3.0,,,,,,,,,,,,,,,0.0
digits_3_vs_8,217,0.0,0.0,1.0,0.0,0.0,5.0,,,,,,,,,,,,,,,0.0
digits_3_vs_8,218,0.0,0.0,0.0,0.0,0.0,8.0,,,,,,,,,,,,,,,0.0
digits_3_vs_8,219,0.0,0.0,5.0,0.0,0.0,3.0,,,,,,,,,,,,,,,0.0
digits_3_vs_8,220,5.0,15.0,14.0,1.0,3.0,10.0,,,,,,,,,,,,,,,1.0
digits_3_vs_8,221,0.0,0.0,4.0,3.0,1.0,3.0,,,,,,,,,,,,,,,0.0
digits_3_vs_8,222,0.0,0.0,0.0,0.0,0.0,1.0,,,,,,,,,,,,,,,0.0
digits_3_vs_8,223,0.0,3.0,16.0,0.0,7.0,11.0,,,,,,,,,,,,,,,0.0
digits_3_vs_8,224,7.0,14.0,14.0,4.0,2.0,14.0,,,,,,,,,,,,,,,1.0
digits_3_vs_8,225,0.0,0.0,1.0,0.0,0.0,3.0,,,,,,,,,,,,,,,0.0
digits_3_vs_8,226,0.0,0.0,2.0,5.0,0.0,10.0,,,,,,,,,,,,,,,0.0
digits_3_vs_8,227,14.0,5.0,14.0,15.0,1.0,14.0,,,,,,,,,,,,,,,1.0
digits_3_vs_8,228,12.0,1.0,11.0,5.0,0.0,12.0,,,,,,,,,,,,,,,1.0
digits_3_vs_8,229,3.0,14.0,14.0,0.0,7.0,5.0,,,,,,,,,,,,,,,1.0
digits_3_vs_8,230,8.0,14.0,15.0,0.0,2.0,6.0,,,,,,,,,,,,,,,1.0
digits_3_vs_8,231,4.0,15.0,14.0,2.0,6.0,12.0,,,,,,,,,,,,,,,1.0
digits_3_vs_8,232,0.0,0.0,1.0,0.0,0.0,3.0,,,,,,,,,,,,,,,0.0
digits_3_vs_8,233,5.0,11.0,15.0,12.0,2.0,3.0,,,,,,,,,,,,,,,1.0
digits_3_vs_8,234,0.0,0.0,2.0,0.0,0.0,1.0,,,,,,,,,,,,,,,0.0
digits_3_vs_8,235,15.0,16.0,16.0,13.0,10.0,16.0,,,,,,,,,,,,,,,1.0
digits_3_vs_8,236,0.0,0.0,0.0,0.0,0.0,0.0,,,,,,,,,,,,,,,0.0
digits_3_vs_8,237,15.0,15.0,16.0,9.0,8.0,16.0,,,,,,,,,,,,,,,1.0
digits_3_vs_8,238,5.0,12.0,16.0,13.0,9.0,6.0,,,,,,,,,,,,,,,1.0
digits_3_vs_8,239,1.0,5.0,10.0,11.0,13.0,13.0,,,,,,,,,,,,,,,1.0
digits_3_vs_8,240,11.0,0.0,16.0,3.0,5.0,0.0,,,,,,,,,,,,,,,0.0
digits_3_vs_8,241,15.0,2.0,16.0,11.0,6.0,8.0,,,,,,,,,,,,,,,1.0
digits_3_vs_8,242,0.0,0.0,0.0,0.0,0.0,0.0,,,,,,,,,,,,,,,0.0
digits_3_vs_8,243,0.0,0.0,7.0,0.0,0.0,0.0,,,,,,,,,,,,,,,0.0
digits_3_vs_8,244,0.0,0.0,0.0,0.0,0.0,0.0,,,,,,,,,,,,,,,0.0
digits_3_vs_8,245,0.0,0.0,0.0,0.0,0.0,0.0,,,,,,,,,,,,,,,0.0
digits_3_vs_8,246,7.0,8.0,14.0,6.0,1.0,12.0,,,,,,,,,,,,,,,1.0
digits_3_vs_8,247,0.0,0.0,7.0,0.0,0.0,3.0,,,,,,,,,,,,,,,0.0
digits_3_vs_8,248,0.0,0.0,0.0,0.0,0.0,0.0,,,,,,,,,,,,,,,0.0
digits_3_vs_8,249,0.0,0.0,11.0,3.0,0.0,1.0,,,,,,,,,,,,,,,0.0
digits_3_vs_8,250,7.0,5.0,13.0,1.0,1.0,9.0,,,,,,,,,,,,,,,1.0
digits_3_vs_8,251,0.0,0.0,2.0,0.0,0.0,0.0,,,,,,,,,,,,,,,0.0
digits_3_vs_8,252,1.0,0.0,8.0,0.0,0.0,0.0,,,,,,,,,,,,,,,0.0
digits_3_vs_8,253,15.0,6.0,16.0,14.0,7.0,7.0,,,,,,,,,,,,,,,1.0
digits_3_vs_8,254,14.0,13.0,16.0,8.0,8.0,14.0,,,,,,,,,,,,,,,1.0
digits_3_vs_8,255,3.0,14.0,14.0,5.0,10.0,11.0,,,,,,,,,,,,,,,1.0
digits_3_vs_8,256,8.0,13.0,16.0,3.0,5.0,9.0,,,,,,,,,,,,,,,1.0
digits_3_vs_8,257,10.0,14.0,16.0,5.0,7.0,11.0,,,,,,,,,,,,,,,1.0
digits_3_vs_8,258,0.0,0.0,4.0,0.0,0.0,0.0,,,,,,,,,,,,,,,0.0
digits_3_vs_8,259,15.0,11.0,16.0,15.0,6.0,16.0,,,,,,,,,,,,,,,1.0
digits_3_vs_8,260,0.0,0.0,0.0,0.0,0.0,0.0,,,,,,,,,,,,,,,0.0
digits_3_vs_8,261,15.0,12.0,16.0,14.0,9.0,12.0,,,,,,,,,,,,,,,1.0
digits_3_vs_8,262,1.0,6.0,6.0,5.0,3.0,1.0,,,,,,,,,,,,,,,0.0
digits_3_vs_8,263,10.0,15.0,16.0,10.0,13.0,15.0,,,,,,,,,,,,,,,1.0
digits_3_vs_8,264,8.0,15.0,16.0,1.0,8.0,10.0,,,,,,,,,,,,,,,1.0
digits_3_vs_8,265,14.0,11.0,16.0,6.0,4.0,13.0,,,,,,,,,,,,,,,1.0
digits_3_vs_8,266,0.0,0.0,8.0,0.0,0.0,8.0,,,,,,,,,,,,,,,0.0
digits_3_vs_8,267,13.0,11.0,16.0,13.0,4.0,14.0,,,,,,,,,,,,,,,1.0
digits_3_vs_8,268,0.0,4.0,7.0,0.0,0.0,3.0,,,,,,,,,,,,,,,0.0
digits_3_vs_8,269,0.0,0.0,0.0,0.0,0.0,10.0,,,,,,,,,,,,,,,0.0
digits_3_vs_8,270,2.0,0.0,1.0,0.0,0.0,10.0,,,,,,,,,,,,,,,0.0
digits_3_vs_8,271,0.0,0.0,0.0,0.0,0.0,9.0,,,,,,,,,,,,,,,0.0
digits_3_vs_8,272,14.0,9.0,16.0,15.0,6.0,16.0,,,,,,,,,,,,,,,1.0
digits_3_vs_8,273,1.0,0.0,7.0,1.0,0.0,4.0,,,,,,,,,,,,,,,0.0
digits_3_vs_8,274,0.0,0.0,7.0,0.0,0.0,3.0,,,,,,,,,,,,,,,0.0
digits_3_vs_8,275,1.0,0.0,15.0,0.0,0.0,2.0,,,,,,,,,,,,,,,0.0
digits_3_vs_8,276,7.0,10.0,16.0,1.0,2.0,13.0,,,,,,,,,,,,,,,1.0
digits_3_vs_8,277,0.0,0.0,0.0,0.0,0.0,14.0,,,,,,,,,,,,,,,0.0
digits_3_vs_8,278,0.0,0.0,11.0,0.0,0.0,4.0,,,,,,,,,,,,,,,0.0
digits_3_vs_8,279,6.0,12.0,14.0,0.0,5.0,3.0,,,,,,,,,,,,,,,1.0
digits_3_vs_8,280,16.0,13.0,16.0,7.0,5.0,16.0,,,,,,,,,,,,,,,1.0
digits_3_vs_8,281,13.0,16.0,16.0,14.0,12.0,11.0,,,,,,,,,,,,,,,1.0
digits_3_vs_8,282,1.0,15.0,12.0,4.0,11.0,13.0,,,,,,,,,,,,,,,1.0
digits_3_vs_8,283,0.0,0.0,5.0,0.0,0.0,10.0,,,,,,,,,,,,,,,0.0
digits_3_vs_8,284,11.0,2.0,7.0,10.0,0.0,14.0,,,,,,,,,,,,,,,1.0
digits_3_vs_8,285,0.0,4.0,3.0,0.0,0.0,7.0,,,,,,,,,,,,,,,0.0
digits_3_vs_8,286,13.0,2.0,13.0,12.0,0.0,15.0,,,,,,,,,,,,,,,1.0
digits_3_vs_8,287,0.0,0.0,10.0,4.0,1.0,3.0,,,,,,,,,,,,,,,0.0
digits_3_vs_8,288,12.0,2.0,14.0,13.0,0.0,11.0,,,,,,,,,,,,,,,1.0
digits_3_vs_8,289,10.0,6.0,14.0,16.0,0.0,15.0,,,,,,,,,,,,,,,1.0
digits_3_vs_8,290,10.0,8.0,11.0,4.0,0.0,14.0,,,,,,,,,,,,,,,1.0
digits_3_vs_8,291,0.0,0.0,10.0,0.0,0.0,0.0,,,,,,,,,,,,,,,0.0
digits_3_vs_8,292,0.0,0.0,10.0,15.0,2.0,13.0,,,,,,,,,,,,,,,1.0
digits_3_vs_8,293,1.0,5.0,10.0,2.0,1.0,3.0,,,,,,,,,,,,,,,0.0
digits_3_vs_8,294,0.0,1.0,5.0,0.0,0.0,0.0,,,,,,,,,,,,,,,0.0
digits_3_vs_8,295,0.0,5.0,0.0,0.0,0.0,0.0,,,,,,,,,,,,,,,0.0
digits_3_vs_8,296,0.0,2.0,2.0,0.0,0.0,0.0,,,,,,,,,,,,,,,0.0
digits_3_vs_8,297,9.0,0.0,0.0,3.0,0.0,13.0,,,,,,,,,,,,,,,1.0
digits_3_vs_8,298,0.0,0.0,2.0,0.0,0.0,0.0,,,,,,,,,,,,,,,0.0
digits_3_vs_8,299,0.0,0.0,11.0,4.0,3.0,2.0,,,,,,,,,,,,,,,0.0
digits_3_vs_8,300,0.0,3.0,10.0,0.0,0.0,2.0,,,,,,,,,,,,,,,0.0
digits_3_vs_8,301,11.0,0.0,4.0,9.0,0.0,16.0,,,,,,,,,,,,,,,1.0
digits_3_vs_8,302,0.0,0.0,6.0,0.0,0.0,3.0,,,,,,,,,,,,,,,0.0
digits_3_vs_8,303,0.0,0.0,8.0,2.0,0.0,0.0,,,,,,,,,,,,,,,0.0
digits_3_vs_8,304,8.0,0.0,6.0,14.0,1.0,16.0,,,,,,,,,,,,,,,1.0
digits_3_vs_8,305,13.0,0.0,13.0,15.0,6.0,14.0,,,,,,,,,,,,,,,1.0
digits_3_vs_8,306,15.0,0.0,14.0,16.0,1.0,12.0,,,,,,,,,,,,,,,1.0
digits_3_vs_8,307,11.0,0.0,11.0,15.0,1.0,16.0,,,,,,,,,,,,,,,1.0
digits_3_vs_8,308,14.0,0.0,15.0,16.0,5.0,11.0,,,,,,,,,,,,,,,1.0
digits_3_vs_8,309,0.0,0.0,2.0,0.0,0.0,0.0,,,,,,,,,,,,,,,0.0
digits_3_vs_8,310,2.0,10.0,6.0,15.0,7.0,15.0,,,,,,,,,,,,,,,1.0
digits_3_vs_8,311,0.0,0.0,0.0,0.0,0.0,5.0,,,,,,,,,,,,,,,0.0
digits_3_vs_8,312,0.0,0.0,5.0,0.0,0.0,6.0,,,,,,,,,,,,,,,0.0
digits_3_vs_8,313,14.0,8.0,6.0,16.0,15.0,16.0,,,,,,,,,,,,,,,1.0
digits_3_vs_8,314,15.0,15.0,16.0,15.0,16.0,13.0,,,,,,,,,,,,,,,1.0
digits_3_vs_8,315,0.0,13.0,12.0,10.0,16.0,6.0,,,,,,,,,,,,,,,1.0
digits_3_vs_8,316,6.0,0.0,12.0,1.0,0.0,0.0,,,,,,,,,,,,,,,0.0
digits_3_vs_8,317,5.0,16.0,16.0,11.0,15.0,16.0,,,,,,,,,,,,,,,1.0
digits_3_vs_8,318,9.0,0.0,15.0,4.0,2.0,6.0,,,,,,,,,,,,,,,0.0
digits_3_vs_8,319,9.0,0.0,15.0,0.0,0.0,0.0,,,,,,,,,,,,,,,0.0
digits_3_vs_8,320,16.0,5.0,14.0,0.0,1.0,0.0,,,,,,,,,,,,,,,0.0
digits_3_vs_8,321,4.0,0.0,15.0,2.0,2.0,0.0,,,,,,,,,,,,,,,0.0
digits_3_vs_8,322,6.0,15.0,16.0,0.0,8.0,0.0,,,,,,,,,,,,,,,1.0
digits_3_vs_8,323,0.0,0.0,2.0,0.0,0.0,5.0,,,,,,,,,,,,,,,0.0
digits_3_vs_8,324,0.0,0.0,0.0,0.0,0.0,0.0,,,,,,,,,,,,,,,0.0
digits_3_vs_8,325,0.0,0.0,2.0,3.0,0.0,16.0,,,,,,,,,,,,,,,0.0
digits_3_vs_8,326,0.0,12.0,10.0,11.0,16.0,15.0,,,,,,,,,,,,,,,1.0
digits_3_vs_8,327,0.0,0.0,2.0,0.0,0.0,2.0,,,,,,,,,,,,,,,0.0
digits_3_vs_8,328,0.0,0.0,0.0,0.0,0.0,2.0,,,,,,,,,,,,,,,0.0
digits_3_vs_8,329,2.0,14.0,11.0,8.0,16.0,6.0,,,,,,,,,,,,,,,1.0
digits_3_vs_8,330,5.0,15.0,16.0,0.0,15.0,0.0,,,,,,,,,,,,,,,1.0
digits_3_vs_8,331,0.0,0.0,11.0,11.0,2.0,2.0,,,,,,,,,,,,,,,0.0
digits_3_vs_8,332,7.0,13.0,13.0,0.0,5.0,4.0,,,,,,,,,,,,,,,1.0
digits_3_vs_8,333,13.0,2.0,16.0,5.0,6.0,0.0,,,,,,,,,,,,,,,0.0
digits_3_vs_8,334,1.0,16.0,14.0,7.0,15.0,13.0,,,,,,,,,,,,,,,1.0
digits_3_vs_8,335,7.0,1.0,11.0,15.0,10.0,9.0,,,,,,,,,,,,,,,0.0
digits_3_vs_8,336,0.0,16.0,12.0,7.0,12.0,8.0,,,,,,,,,,,,,,,1.0
digits_3_vs_8,337,9.0,16.0,16.0,7.0,11.0,16.0,,,,,,,,,,,,,,,1.0
digits_3_vs_8,338,13.0,15.0,16.0,11.0,7.0,16.0,,,,,,,,,,,,,,,1.0
digits_3_vs_8,339,11.0,1.0,16.0,5.0,9.0,0.0,,,,,,,,,,,,,,,0.0
digits_3_vs_8,340,10.0,4.0,16.0,12.0,1.0,15.0,,,,,,,,,,,,,,,1.0
digits_3_vs_8,341,11.0,4.0,16.0,0.0,9.0,5.0,,,,,,,,,,,,,,,0.0
digits_3_vs_8,342,16.0,13.0,16.0,0.0,9.0,0.0,,,,,,,,,,,,,,,0.0
digits_3_vs_8,343,0.0,0.0,8.0,16.0,4.0,9.0,,,,,,,,,,,,,,,0.0
digits_3_vs_8,344,11.0,0.0,16.0,5.0,13.0,0.0,,,,,,,,,,,,,,,0.0
digits_3_vs_8,345,0.0,13.0,14.0,10.0,16.0,8.0,,,,,,,,,,,,,,,1.0
digits_3_vs_8,346,3.0,0.0,16.0,1.0,1.0,0.0,,,,,,,,,,,,,,,0.0
digits_3_vs_8,347,1.0,0.0,5.0,0.0,0.0,0.0,,,,,,,,,,,,,,,0.0
digits_3_vs_8,348,3.0,0.0,16.0,7.0,9.0,0.0,,,,,,,,,,,,,,,0.0
digits_3_vs_8,349,14.0,8.0,16.0,7.0,3.0,15.0,,,,,,,,,,,,,,,1.0
digits_3_vs_8,350,1.0,0.0,15.0,16.0,8.0,7.0,,,,,,,,,,,,,,,0.0
digits_3_vs_8,351,0.0,0.0,5.0,6.0,0.0,0.0,,,,,,,,,,,,,,,0.0
digits_3_vs_8,352,1.0,16.0,14.0,7.0,14.0,9.0,,,,,,,,,,,,,,,1.0
digits_3_vs_8,353,11.0,16.0,16.0,3.0,12.0,8.0,,,,,,,,,,,,,,,1.0
digits_3_vs_8,354,16.0,8.0,15.0,0.0,1.0,2.0,,,,,,,,,,,,,,,1.0
digits_3_vs_8,355,14.0,16.0,16.0,8.0,9.0,16.0,,,,,,,,,,,,,,,1.0
digits_3_vs_8,356,6.0,16.0,15.0,5.0,12.0,15.0,,,,,,,,,,,,,,,1.0
digits_4_vs_9,0,5.0,16.0,13.0,16.0,15.0,0.0,,,,,,,,,,,,,,,0.0
digits_4_vs_9,1,0.0,3.0,0.0,13.0,0.0,13.0,,,,,,,,,,,,,,,1.0
digits_4_vs_9,2,9.0,15.0,16.0,16.0,10.0,1.0,,,,,,,,,,,,,,,0.0
digits_4_vs_9,3,0.0,0.0,0.0,0.0,0.0,0.0,,,,,,,,,,,,,,,1.0
digits_4_vs_9,4,6.0,10.0,13.0,16.0,5.0,1.0,,,,,,,,,,,,,,,0.0
digits_4_vs_9,5,0.0,0.0,0.0,0.0,0.0,2.0,,,,,,,,,,,,,,,1.0
digits_4_vs_9,6,0.0,0.0,0.0,0.0,0.0,6.0,,,,,,,,,,,,,,,1.0
digits_4_vs_9,7,0.0,0.0,0.0,1.0,0.0,0.0,,,,,,,,,,,,,,,1.0
digits_4_vs_9,8,0.0,0.0,0.0,0.0,0.0,12.0,,,,,,,,,,,,,,,1.0
digits_4_vs_9,9,9.0,16.0,16.0,16.0,9.0,0.0,,,,,,,,,,,,,,,0.0
digits_4_vs_9,10,12.0,16.0,16.0,16.0,15.0,1.0,,,,,,,,,,,,,,,0.0
digits_4_vs_9,11,2.0,7.0,16.0,11.0,0.0,0.0,,,,,,,,,,,,,,,0.0
digits_4_vs_9,12,0.0,16.0,4.0,0.0,3.0,16.0,,,,,,,,,,,,,,,1.0
digits_4_vs_9,13,0.0,0.0,0.0,0.0,0.0,3.0,,,,,,,,,,,,,,,1.0
digits_4_vs_9,14,5.0,13.0,16.0,16.0,2.0,2.0,,,,,,,,,,,,,,,0.0
digits_4_vs_9,15,0.0,0.0,1.0,0.0,0.0,16.0,,,,,,,,,,,,,,,1.0
digits_4_vs_9,16,5.0,12.0,16.0,16.0,6.0,1.0,,,,,,,,,,,,,,,0.0
digits_4_vs_9,17,4.0,14.0,16.0,16.0,10.0,0.0,,,,,,,,,,,,,,,0.0
digits_4_vs_9,18,0.0,0.0,0.0,0.0,0.0,7.0,,,,,,,,,,,,,,,1.0
digits_4_vs_9,19,4.0,8.0,16.0,12.0,0.0,0.0,,,,,,,,,,,,,,,0.0
digits_4_vs_9,20,4.0,7.0,16.0,16.0,1.0,0.0,,,,,,,,,,,,,,,0.0
digits_4_vs_9,21,0.0,0.0,0.0,0.0,0.0,5.0,,,,,,,,,,,,,,,1.0
digits_4_vs_9,22,4.0,14.0,13.0,14.0,0.0,0.0,,,,,,,,,,,,,,,0.0
digits_4_vs_9,23,8.0,14.0,16.0,16.0,6.0,0.0,,,,,,,,,,,,,,,0.0
digits_4_vs_9,24,0.0,0.0,10.0,0.0,0.0,3.0,,,,,,,,,,,,,,,1.0
digits_4_vs_9,25,0.0,0.0,0.0,0.0,0.0,16.0,,,,,,,,,,,,,,,1.0
digits_4_vs_9,26,8.0,7.0,14.0,16.0,0.0,2.0,,,,,,,,,,,,,,,0.0
digits_4_vs_9,27,0.0,0.0,0.0,0.0,0.0,8.0,,,,,,,,,,,,,,,1.0
digits_4_vs_9,28,8.0,10.0,14.0,16.0,4.0,0.0,,,,,,,,,,,,,,,0.0
digits_4_vs_9,29,0.0,0.0,0.0,0.0,0.0,13.0,,,,,,,,,,,,,,,1.0
digits_4_vs_9,30,10.0,13.0,16.0,16.0,12.0,11.0,,,,,,,,,,,,,,,0.0
digits_4_vs_9,31,0.0,0.0,0.0,0.0,0.0,5.0,,,,,,,,,,,,,,,1.0
digits_4_vs_9,32,0.0,0.0,0.0,0.0,0.0,5.0,,,,,,,,,,,,,,,1.0
digits_4_vs_9,33,0.0,0.0,0.0,0.0,3.0,16.0,,,,,,,,,,,,,,,1.0
digits_4_vs_9,34,0.0,0.0,0.0,0.0,0.0,4.0,,,,,,,,,,,,,,,1.0
digits_4_vs_9,35,6.0,16.0,16.0,16.0,15.0,0.0,,,,,,,,,,,,,,,0.0
digits_4_vs_9,36,5.0,16.0,16.0,15.0,16.0,2.0,,,,,,,,,,,,,,,0.0
digits_4_vs_9,37,0.0,16.0,16.0,13.0,16.0,1.0,,,,,,,,,,,,,,,0.0
digits_4_vs_9,38,0.0,0.0,3.0,3.0,0.0,3.0,,,,,,,,,,,,,,,1.0
digits_4_vs_9,39,0.0,0.0,9.0,0.0,0.0,11.0,,,,,,,,,,,,,,,1.0
digits_4_vs_9,40,0.0,0.0,5.0,5.0,0.0,9.0,,,,,,,,,,,,,,,1.0
digits_4_vs_9,41,10.0,15.0,14.0,16.0,15.0,1.0,,,,,,,,,,,,,,,0.0
digits_4_vs_9,42,12.0,14.0,16.0,16.0,12.0,4.0,,,,,,,,,,,,,,,0.0
digits_4_vs_9,43,0.0,0.0,4.0,0.0,0.0,5.0,,,,,,,,,,,,,,,1.0
digits_4_vs_9,44,2.0,16.0,16.0,16.0,16.0,3.0,,,,,,,,,,,,,,,0.0
digits_4_vs_9,45,6.0,16.0,16.0,16.0,15.0,5.0,,,,,,,,,,,,,,,0.0
digits_4_vs_9,46,4.0,13.0,15.0,16.0,16.0,5.0,,,,,,,,,,,,,,,0.0
digits_4_vs_9,47,10.0,14.0,13.0,16.0,7.0,4.0,,,,,,,,,,,,,,,0.0
digits_4_vs_9,48,0.0,0.0,0.0,7.0,0.0,12.0,,,,,,,,,,,,,,,1.0
digits_4_vs_9,49,0.0,1.0,7.0,8.0,1.0,6.0,,,,,,,,,,,,,,,1.0
digits_4_vs_9,50,2.0,8.0,16.0,15.0,2.0,0.0,,,,,,,,,,,,,,,0.0
digits_4_vs_9,51,0.0,1.0,16.0,2.0,0.0,15.0,,,,,,,,,,,,,,,1.0
digits_4_vs_9,52,9.0,12.0,16.0,16.0,8.0,0.0,,,,,,,,,,,,,,,0.0
digits_4_vs_9,53,0.0,11.0,12.0,6.0,0.0,16.0,,,,,,,,,,,,,,,1.0
digits_4_vs_9,54,7.0,12.0,16.0,16.0,9.0,0.0,,,,,,,,,,,,,,,0.0
digits_4_vs_9,55,0.0,0.0,0.0,0.0,0.0,10.0,,,,,,,,,,,,,,,1.0
digits_4_vs_9,56,0.0,0.0,0.0,0.0,0.0,16.0,,,,,,,,,,,,,,,1.0
digits_4_vs_9,57,0.0,0.0,4.0,0.0,0.0,12.0,,,,,,,,,,,,,,,1.0
digits_4_vs_9,58,0.0,0.0,0.0,3.0,0.0,12.0,,,,,,,,,,,,,,,1.0
digits_4_vs_9,59,7.0,16.0,16.0,15.0,14.0,0.0,,,,,,,,,,,,,,,0.0
digits_4_vs_9,60,10.0,16.0,16.0,16.0,14.0,0.0,,,,,,,,,,,,,,,0.0
digits_4_vs_9,61,12.0,16.0,15.0,16.0,16.0,0.0,,,,,,,,,,,,,,,0.0
digits_4_vs_9,62,0.0,4.0,15.0,1.0,0.0,12.0,,,,,,,,,,,,,,,1.0
digits_4_vs_9,63,0.0,8.0,11.0,2.0,0.0,15.0,,,,,,,,,,,,,,,1.0
digits_4_vs_9,64,7.0,15.0,16.0,16.0,8.0,0.0,,,,,,,,,,,,,,,0.0
digits_4_vs_9,65,0.0,1.0,15.0,2.0,0.0,16.0,,,,,,,,,,,,,,,1.0
digits_4_vs_9,66,12.0,16.0,16.0,16.0,16.0,0.0,,,,,,,,,,,,,,,0.0
digits_4_vs_9,67,6.0,13.0,16.0,16.0,6.0,0.0,,,,,,,,,,,,,,,0.0
digits_4_vs_9,68,0.0,7.0,14.0,0.0,0.0,14.0,,,,,,,,,,,,,,,1.0
digits_4_vs_9,69,10.0,14.0,16.0,15.0,16.0,0.0,,,,,,,,,,,,,,,0.0
digits_4_vs_9,70,8.0,10.0,16.0,16.0,12.0,0.0,,,,,,,,,,,,,,,0.0
digits_4_vs_9,71,0.0,0.0,9.0,4.0,0.0,7.0,,,,,,,,,,,,,,,1.0
digits_4_vs_9,72,11.0,16.0,16.0,16.0,16.0,0.0,,,,,,,,,,,,,,,0.0
digits_4_vs_9,73,7.0,12.0,16.0,16.0,7.0,0.0,,,,,,,,,,,,,,,0.0
digits_4_vs_9,74,1.0,0.0,5.0,7.0,0.0,7.0,,,,,,,,,,,,,,,1.0
digits_4_vs_9,75,0.0,2.0,15.0,3.0,0.0,15.0,,,,,,,,,,,,,,,1.0
digits_4_vs_9,76,5.0,12.0,16.0,14.0,15.0,2.0,,,,,,,,,,,,,,,0.0
digits_4_vs_9,77,0.0,0.0,0.0,0.0,0.0,14.0,,,,,,,,,,,,,,,1.0
digits_4_vs_9,78,8.0,16.0,16.0,13.0,16.0,3.0,,,,,,,,,,,,,,,0.0
digits_4_vs_9,79,0.0,0.0,0.0,0.0,4.0,11.0,,,,,,,,,,,,,,,1.0
digits_4_vs_9,80,6.0,16.0,16.0,16.0,16.0,8.0,,,,,,,,,,,,,,,0.0
digits_4_vs_9,81,0.0,0.0,0.0,1.0,2.0,15.0,,,,,,,,,,,,,,,1.0
digits_4_vs_9,82,0.0,1.0,2.0,5.0,3.0,13.0,,,,,,,,,,,,,,,1.0
digits_4_vs_9,83,0.0,3.0,1.0,7.0,0.0,9.0,,,,,,,,,,,,,,,1.0
digits_4_vs_9,84,0.0,0.0,0.0,0.0,0.0,14.0,,,,,,,,,,,,,,,1.0
digits_4_vs_9,85,6.0,9.0,16.0,16.0,8.0,12.0,,,,,,,,,,,,,,,0.0
digits_4_vs_9,86,8.0,16.0,16.0,13.0,16.0,5.0,,,,,,,,,,,,,,,0.0
digits_4_vs_9,87,4.0,12.0,16.0,16.0,12.0,0.0,,,,,,,,,,,,,,,0.0
digits_4_vs_9,88,0.0,0.0,0.0,2.0,0.0,12.0,,,,,,,,,,,,,,,1.0
digits_4_vs_9,89,0.0,1.0,1.0,9.0,0.0,14.0,,,,,,,,,,,,,,,1.0
digits_4_vs_9,90,5.0,12.0,14.0,16.0,11.0,6.0,,,,,,,,,,,,,,,0.0
digits_4_vs_9,91,0.0,0.0,0.0,5.0,0.0,8.0,,,,,,,,,,,,,,,1.0
digits_4_vs_9,92,8.0,16.0,16.0,11.0,16.0,2.0,,,,,,,,,,,,,,,0.0
digits_4_vs_9,93,4.0,12.0,16.0,14.0,12.0,7.0,,,,,,,,,,,,,,,0.0
digits_4_vs_9,94,0.0,2.0,3.0,11.0,4.0,11.0,,,,,,,,,,,,,,,1.0
digits_4_vs_9,95,9.0,5.0,14.0,16.0,4.0,6.0,,,,,,,,,,,,,,,0.0
digits_4_vs_9,96,5.0,9.0,16.0,16.0,13.0,0.0,,,,,,,,,,,,,,,0.0
digits_4_vs_9,97,0.0,1.0,0.0,5.0,8.0,11.0,,,,,,,,,,,,,,,1.0
digits_4_vs_9,98,6.0,14.0,16.0,16.0,7.0,4.0,,,,,,,,,,,,,,,0.0
digits_4_vs_9,99,2.0,14.0,16.0,16.0,16.0,0.0,,,,,,,,,,,,,,,0.0
digits_4_vs_9,100,0.0,1.0,4.0,0.0,3.0,16.0,,,,,,,,,,,,,,,1.0
digits_4_vs_9,101,0.0,0.0,0.0,7.0,3.0,13.0,,,,,,,,,,,,,,,1.0
digits_4_vs_9,102,13.0,16.0,14.0,14.0,16.0,3.0,,,,,,,,,,,,,,,0.0
digits_4_vs_9,103,1.0,0.0,0.0,15.0,0.0,15.0,,,,,,,,,,,,,,,1.0
digits_4_vs_9,104,12.0,16.0,3.0,16.0,9.0,5.0,,,,,,,,,,,,,,,0.0
digits_4_vs_9,105,0.0,0.0,0.0,9.0,3.0,16.0,,,,,,,,,,,,,,,1.0
digits_4_vs_9,106,10.0,15.0,16.0,12.0,16.0,0.0,,,,,,,,,,,,,,,0.0
digits_4_vs_9,107,1.0,0.0,0.0,11.0,0.0,13.0,,,,,,,,,,,,,,,1.0
digits_4_vs_9,108,0.0,0.0,12.0,6.0,2.0,16.0,,,,,,,,,,,,,,,1.0
digits_4_vs_9,109,0.0,0.0,0.0,0.0,3.0,16.0,,,,,,,,,,,,,,,1.0
digits_4_vs_9,110,2.0,2.0,0.0,15.0,1.0,16.0,,,,,,,,,,,,,,,1.0
digits_4_vs_9,111,8.0,16.0,13.0,13.0,15.0,2.0,,,,,,,,,,,,,,,0.0
digits_4_vs_9,112,9.0,16.0,16.0,14.0,16.0,0.0,,,,,,,,,,,,,,,0.0
digits_4_vs_9,113,10.0,16.0,11.0,16.0,11.0,0.0,,,,,,,,,,,,,,,0.0
digits_4_vs_9,114,0.0,0.0,0.0,1.0,0.0,14.0,,,,,,,,,,,,,,,1.0
digits_4_vs_9,115,0.0,0.0,0.0,1.0,0.0,13.0,,,,,,,,,,,,,,,1.0
digits_4_vs_9,116,9.0,16.0,14.0,13.0,16.0,5.0,,,,,,,,,,,,,,,0.0
digits_4_vs_9,117,2.0,0.0,0.0,15.0,0.0,16.0,,,,,,,,,,,,,,,1.0
digits_4_vs_9,118,12.0,16.0,15.0,13.0,16.0,7.0,,,,,,,,,,,,,,,0.0
digits_4_vs_9,119,10.0,16.0,15.0,14.0,16.0,13.0,,,,,,,,,,,,,,,0.0
digits_4_vs_9,120,3.0,0.0,0.0,14.0,0.0,15.0,,,,,,,,,,,,,,,1.0
digits_4_vs_9,121,10.0,14.0,16.0,9.0,11.0,9.0,,,,,,,,,,,,,,,0.0
digits_4_vs_9,122,9.0,16.0,16.0,13.0,16.0,3.0,,,,,,,,,,,,,,,0.0
digits_4_vs_9,123,0.0,0.0,0.0,0.0,0.0,16.0,,,,,,,,,,,,,,,1.0
digits_4_vs_9,124,12.0,16.0,14.0,10.0,16.0,7.0,,,,,,,,,,,,,,,0.0
digits_4_vs_9,125,10.0,16.0,11.0,13.0,16.0,6.0,,,,,,,,,,,,,,,0.0
digits_4_vs_9,126,0.0,0.0,0.0,1.0,0.0,13.0,,,,,,,,,,,,,,,1.0
digits_4_vs_9,127,0.0,2.0,0.0,2.0,2.0,16.0,,,,,,,,,,,,,,,1.0
digits_4_vs_9,128,9.0,12.0,16.0,16.0,10.0,6.0,,,,,,,,,,,,,,,0.0
digits_4_vs_9,129,0.0,0.0,6.0,7.0,0.0,8.0,,,,,,,,,,,,,,,1.0
digits_4_vs_9,130,11.0,15.0,16.0,16.0,16.0,0.0,,,,,,,,,,,,,,,0.0
digits_4_vs_9,131,2.0,0.0,3.0,16.0,0.0,3.0,,,,,,,,,,,,,,,1.0
digits_4_vs_9,132,11.0,12.0,13.0,15.0,13.0,16.0,,,,,,,,,,,,,,,0.0
digits_4_vs_9,133,0.0,0.0,4.0,5.0,0.0,1.0,,,,,,,,,,,,,,,1.0
digits_4_vs_9,134,5.0,0.0,5.0,16.0,4.0,9.0,,,,,,,,,,,,,,,1.0
digits_4_vs_9,135,0.0,0.0,12.0,7.0,0.0,15.0,,,,,,,,,,,,,,,1.0
digits_4_vs_9,136,2.0,0.0,6.0,12.0,0.0,2.0,,,,,,,,,,,,,,,1.0
digits_4_vs_9,137,8.0,9.0,16.0,16.0,8.0,13.0,,,,,,,,,,,,,,,0.0
digits_4_vs_9,138,9.0,4.0,16.0,16.0,2.0,15.0,,,,,,,,,,,,,,,0.0
digits_4_vs_9,139,10.0,16.0,16.0,13.0,15.0,5.0,,,,,,,,,,,,,,,0.0
digits_4_vs_9,140,0.0,0.0,5.0,11.0,0.0,4.0,,,,,,,,,,,,,,,1.0
digits_4_vs_9,141,2.0,0.0,8.0,16.0,0.0,11.0,,,,,,,,,,,,,,,1.0
digits_4_vs_9,142,12.0,16.0,16.0,15.0,16.0,6.0,,,,,,,,,,,,,,,0.0
digits_4_vs_9,143,1.0,0.0,3.0,11.0,0.0,15.0,,,,,,,,,,,,,,,1.0
digits_4_vs_9,144,10.0,16.0,15.0,15.0,16.0,12.0,,,,,,,,,,,,,,,0.0
digits_4_vs_9,145,3.0,11.0,9.0,16.0,3.0,16.0,,,,,,,,,,,,,,,0.0
digits_4_vs_9,146,0.0,3.0,1.0,15.0,2.0,8.0,,,,,,,,,,,,,,,1.0
digits_4_vs_9,147,14.0,13.0,16.0,6.0,13.0,12.0,,,,,,,,,,,,,,,0.0
digits_4_vs_9,148,2.0,12.0,10.0,16.0,5.0,7.0,,,,,,,,,,,,,,,0.0
digits_4_vs_9,149,1.0,0.0,8.0,11.0,0.0,4.0,,,,,,,,,,,,,,,1.0
digits_4_vs_9,150,14.0,16.0,16.0,10.0,16.0,6.0,,,,,,,,,,,,,,,0.0
digits_4_vs_9,151,7.0,10.0,13.0,16.0,4.0,12.0,,,,,,,,,,,,,,,0.0
digits_4_vs_9,152,0.0,0.0,5.0,7.0,0.0,14.0,,,,,,,,,,,,,,,1.0
digits_4_vs_9,153,2.0,0.0,15.0,12.0,0.0,10.0,,,,,,,,,,,,,,,1.0
digits_4_vs_9,154,13.0,15.0,16.0,12.0,16.0,0.0,,,,,,,,,,,,,,,0.0
digits_4_vs_9,155,0.0,0.0,0.0,0.0,0.0,9.0,,,,,,,,,,,,,,,1.0
digits_4_vs_9,156,14.0,16.0,16.0,16.0,14.0,1.0,,,,,,,,,,,,,,,0.0
digits_4_vs_9,157,0.0,0.0,0.0,5.0,0.0,16.0,,,,,,,,,,,,,,,1.0
digits_4_vs_9,158,14.0,16.0,16.0,10.0,16.0,0.0,,,,,,,,,,,,,,,0.0
digits_4_vs_9,159,0.0,0.0,0.0,1.0,5.0,14.0,,,,,,,,,,,,,,,1.0
digits_4_vs_9,160,0.0,0.0,0.0,0.0,0.0,16.0,,,,,,,,,,,,,,,1.0
digits_4_vs_9,161,0.0,0.0,0.0,1.0,0.0,3.0,,,,,,,,,,,,,,,1.0
digits_4_vs_9,162,0.0,0.0,0.0,0.0,0.0,16.0,,,,,,,,,,,,,,,1.0
digits_4_vs_9,163,10.0,16.0,16.0,15.0,16.0,0.0,,,,,,,,,,,,,,,0.0
digits_4_vs_9,164,14.0,16.0,16.0,16.0,16.0,0.0,,,,,,,,,,,,,,,0.0
digits_4_vs_9,165,12.0,16.0,16.0,16.0,16.0,0.0,,,,,,,,,,,,,,,0.0
digits_4_vs_9,166,0.0,0.0,0.0,0.0,1.0,16.0,,,,,,,,,,,,,,,1.0
digits_4_vs_9,167,0.0,0.0,2.0,4.0,0.0,11.0,,,,,,,,,,,,,,,1.0
digits_4_vs_9,168,14.0,13.0,14.0,15.0,16.0,1.0,,,,,,,,,,,,,,,0.0
digits_4_vs_9,169,0.0,0.0,3.0,0.0,0.0,16.0,,,,,,,,,,,,,,,1.0
digits_4_vs_9,170,14.0,16.0,16.0,11.0,16.0,0.0,,,,,,,,,,,,,,,0.0
digits_4_vs_9,171,9.0,6.0,16.0,12.0,14.0,0.0,,,,,,,,,,,,,,,0.0
digits_4_vs_9,172,0.0,0.0,0.0,0.0,0.0,13.0,,,,,,,,,,,,,,,1.0
digits_4_vs_9,173,11.0,16.0,16.0,15.0,16.0,0.0,,,,,,,,,,,,,,,0.0
digits_4_vs_9,174,12.0,14.0,16.0,16.0,12.0,0.0,,,,,,,,,,,,,,,0.0
digits_4_vs_9,175,0.0,0.0,0.0,0.0,1.0,16.0,,,,,,,,,,,,,,,1.0
digits_4_vs_9,176,12.0,16.0,16.0,13.0,16.0,0.0,,,,,,,,,,,,,,,0.0
digits_4_vs_9,177,11.0,12.0,16.0,14.0,14.0,1.0,,,,,,,,,,,,,,,0.0
digits_4_vs_9,178,0.0,0.0,0.0,0.0,7.0,11.0,,,,,,,,,,,,,,,1.0
digits_4_vs_9,179,0.0,0.0,0.0,0.0,0.0,16.0,,,,,,,,,,,,,,,1.0
digits_4_vs_9,180,10.0,14.0,15.0,16.0,16.0,0.0,,,,,,,,,,,,,,,0.0
digits_4_vs_9,181,0.0,0.0,0.0,0.0,0.0,7.0,,,,,,,,,,,,,,,1.0
digits_4_vs_9,182,11.0,16.0,16.0,16.0,16.0,0.0,,,,,,,,,,,,,,,0.0
digits_4_vs_9,183,0.0,0.0,0.0,0.0,0.0,11.0,,,,,,,,,,,,,,,1.0
digits_4_vs_9,184,13.0,4.0,11.0,16.0,4.0,2.0,,,,,,,,,,,,,,,0.0
digits_4_vs_9,185,0.0,0.0,0.0,1.0,0.0,12.0,,,,,,,,,,,,,,,1.0
digits_4_vs_9,186,0.0,0.0,0.0,0.0,0.0,16.0,,,,,,,,,,,,,,,1.0
digits_4_vs_9,187,0.0,0.0,0.0,1.0,0.0,14.0,,,,,,,,,,,,,,,1.0
digits_4_vs_9,188,0.0,0.0,0.0,0.0,0.0,10.0,,,,,,,,,,,,,,,1.0
digits_4_vs_9,189,8.0,3.0,9.0,16.0,4.0,0.0,,,,,,,,,,,,,,,0.0
digits_4_vs_9,190,9.0,0.0,5.0,16.0,0.0,0.0,,,,,,,,,,,,,,,0.0
digits_4_vs_9,191,12.0,6.0,14.0,16.0,5.0,3.0,,,,,,,,,,,,,,,0.0
digits_4_vs_9,192,0.0,0.0,0.0,0.0,0.0,13.0,,,,,,,,,,,,,,,1.0
digits_4_vs_9,193,0.0,0.0,0.0,0.0,0.0,9.0,,,,,,,,,,,,,,,1.0
digits_4_vs_9,194,5.0,8.0,8.0,16.0,13.0,0.0,,,,,,,,,,,,,,,0.0
digits_4_vs_9,195,0.0,0.0,0.0,1.0,4.0,13.0,,,,,,,,,,,,,,,1.0
digits_4_vs_9,196,11.0,0.0,3.0,15.0,0.0,0.0,,,,,,,,,,,,,,,0.0
digits_4_vs_9,197,5.0,12.0,14.0,15.0,12.0,0.0,,,,,,,,,,,,,,,0.0
digits_4_vs_9,198,0.0,0.0,0.0,0.0,0.0,8.0,,,,,,,,,,,,,,,1.0
digits_4_vs_9,199,10.0,12.0,16.0,16.0,12.0,0.0,,,,,,,,,,,,,,,0.0
digits_4_vs_9,200,13.0,0.0,11.0,16.0,2.0,0.0,,,,,,,,,,,,,,,0.0
digits_4_vs_9,201,0.0,0.0,0.0,0.0,1.0,15.0,,,,,,,,,,,,,,,1.0
digits_4_vs_9,202,6.0,0.0,13.0,12.0,0.0,0.0,,,,,,,,,,,,,,,0.0
digits_4_vs_9,203,11.0,11.0,16.0,16.0,4.0,0.0,,,,,,,,,,,,,,,0.0
digits_4_vs_9,204,1.0,0.0,0.0,10.0,0.0,4.0,,,,,,,,,,,,,,,1.0
digits_4_vs_9,205,0.0,0.0,0.0,2.0,0.0,10.0,,,,,,,,,,,,,,,1.0
digits_4_vs_9,206,4.0,1.0,15.0,15.0,0.0,1.0,,,,,,,,,,,,,,,0.0
digits_4_vs_9,207,0.0,0.0,0.0,3.0,0.0,7.0,,,,,,,,,,,,,,,1.0
digits_4_vs_9,208,6.0,0.0,13.0,12.0,0.0,0.0,,,,,,,,,,,,,,,0.0
digits_4_vs_9,209,1.0,0.0,0.0,9.0,0.0,13.0,,,,,,,,,,,,,,,1.0
digits_4_vs_9,210,9.0,1.0,14.0,16.0,4.0,0.0,,,,,,,,,,,,,,,0.0
digits_4_vs_9,211,0.0,0.0,0.0,4.0,0.0,3.0,,,,,,,,,,,,,,,1.0
digits_4_vs_9,212,0.0,2.0,3.0,6.0,0.0,10.0,,,,,,,,,,,,,,,1.0
digits_4_vs_9,213,0.0,0.0,0.0,5.0,0.0,8.0,,,,,,,,,,,,,,,1.0
digits_4_vs_9,214,0.0,0.0,0.0,2.0,0.0,12.0,,,,,,,,,,,,,,,1.0
digits_4_vs_9,215,6.0,0.0,8.0,15.0,0.0,0.0,,,,,,,,,,,,,,,0.0
digits_4_vs_9,216,5.0,4.0,16.0,16.0,1.0,0.0,,,,,,,,,,,,,,,0.0
digits_4_vs_9,217,0.0,8.0,16.0,8.0,0.0,1.0,,,,,,,,,,,,,,,0.0
digits_4_vs_9,218,1.0,0.0,0.0,11.0,0.0,14.0,,,,,,,,,,,,,,,1.0
digits_4_vs_9,219,0.0,3.0,13.0,3.0,0.0,12.0,,,,,,,,,,,,,,,1.0
digits_4_vs_9,220,5.0,1.0,15.0,16.0,0.0,0.0,,,,,,,,,,,,,,,0.0
digits_4_vs_9,221,2.0,0.0,0.0,10.0,0.0,2.0,,,,,,,,,,,,,,,1.0
digits_4_vs_9,222,7.0,8.0,16.0,16.0,2.0,0.0,,,,,,,,,,,,,,,0.0
digits_4_vs_9,223,9.0,8.0,15.0,16.0,6.0,0.0,,,,,,,,,,,,,,,0.0
digits_4_vs_9,224,0.0,0.0,1.0,0.0,0.0,15.0,,,,,,,,,,,,,,,1.0
digits_4_vs_9,225,10.0,9.0,11.0,14.0,12.0,0.0,,,,,,,,,,,,,,,0.0
digits_4_vs_9,226,4.0,0.0,10.0,15.0,0.0,0.0,,,,,,,,,,,,,,,0.0
digits_4_vs_9,227,0.0,0.0,7.0,7.0,0.0,9.0,,,,,,,,,,,,,,,1.0
digits_4_vs_9,228,8.0,8.0,16.0,16.0,7.0,0.0,,,,,,,,,,,,,,,0.0
digits_4_vs_9,229,11.0,8.0,16.0,16.0,4.0,3.0,,,,,,,,,,,,,,,0.0
digits_4_vs_9,230,0.0,0.0,1.0,9.0,0.0,9.0,,,,,,,,,,,,,,,1.0
digits_4_vs_9,231,0.0,0.0,7.0,0.0,0.0,11.0,,,,,,,,,,,,,,,1.0
digits_4_vs_9,232,8.0,15.0,16.0,16.0,11.0,0.0,,,,,,,,,,,,,,,0.0
digits_4_vs_9,233,0.0,0.0,0.0,5.0,0.0,12.0,,,,,,,,,,,,,,,1.0
digits_4_vs_9,234,12.0,16.0,16.0,14.0,16.0,3.0,,,,,,,,,,,,,,,0.0
digits_4_vs_9,235,0.0,0.0,0.0,0.0,0.0,11.0,,,,,,,,,,,,,,,1.0
digits_4_vs_9,236,12.0,14.0,16.0,13.0,12.0,0.0,,,,,,,,,,,,,,,0.0
digits_4_vs_9,237,0.0,6.0,7.0,9.0,0.0,12.0,,,,,,,,,,,,,,,1.0
digits_4_vs_9,238,0.0,0.0,0.0,4.0,0.0,8.0,,,,,,,,,,,,,,,1.0
digits_4_vs_9,239,0.0,0.0,0.0,2.0,0.0,15.0,,,,,,,,,,,,,,,1.0
digits_4_vs_9,240,0.0,0.0,0.0,2.0,0.0,7.0,,,,,,,,,,,,,,,1.0
digits_4_vs_9,241,9.0,16.0,16.0,16.0,16.0,0.0,,,,,,,,,,,,,,,0.0
digits_4_vs_9,242,14.0,16.0,16.0,7.0,16.0,0.0,,,,,,,,,,,,,,,0.0
digits_4_vs_9,243,11.0,8.0,16.0,15.0,10.0,0.0,,,,,,,,,,,,,,,0.0
digits_4_vs_9,244,0.0,0.0,1.0,0.0,0.0,10.0,,,,,,,,,,,,,,,1.0
digits_4_vs_9,245,0.0,0.0,3.0,1.0,0.0,15.0,,,,,,,,,,,,,,,1.0
digits_4_vs_9,246,9.0,16.0,16.0,16.0,13.0,0.0,,,,,,,,,,,,,,,0.0
digits_4_vs_9,247,0.0,0.0,0.0,2.0,0.0,10.0,,,,,,,,,,,,,,,1.0
digits_4_vs_9,248,11.0,16.0,16.0,16.0,15.0,0.0,,,,,,,,,,,,,,,0.0
digits_4_vs_9,249,11.0,16.0,16.0,16.0,16.0,0.0,,,,,,,,,,,,,,,0.0
digits_4_vs_9,250,0.0,0.0,1.0,1.0,0.0,13.0,,,,,,,,,,,,,,,1.0
digits_4_vs_9,251,8.0,12.0,16.0,12.0,14.0,3.0,,,,,,,,,,,,,,,0.0
digits_4_vs_9,252,12.0,12.0,16.0,15.0,15.0,0.0,,,,,,,,,,,,,,,0.0
digits_4_vs_9,253,0.0,0.0,1.0,3.0,0.0,15.0,,,,,,,,,,,,,,,1.0
digits_4_vs_9,254,11.0,16.0,15.0,15.0,16.0,1.0,,,,,,,,,,,,,,,0.0
digits_4_vs_9,255,7.0,12.0,16.0,16.0,5.0,0.0,,,,,,,,,,,,,,,0.0
digits_4_vs_9,256,0.0,0.0,0.0,0.0,0.0,11.0,,,,,,,,,,,,,,,1.0
digits_4_vs_9,257,0.0,0.0,1.0,2.0,0.0,5.0,,,,,,,,,,,,,,,1.0
digits_4_vs_9,258,5.0,7.0,14.0,16.0,13.0,0.0,,,,,,,,,,,,,,,0.0
digits_4_vs_9,259,0.0,0.0,0.0,6.0,0.0,13.0,,,,,,,,,,,,,,,1.0
digits_4_vs_9,260,3.0,4.0,7.0,15.0,13.0,0.0,,,,,,,,,,,,,,,0.0
digits_4_vs_9,261,0.0,0.0,0.0,0.0,0.0,13.0,,,,,,,,,,,,,,,1.0
digits_4_vs_9,262,0.0,5.0,11.0,14.0,13.0,0.0,,,,,,,,,,,,,,,0.0
digits_4_vs_9,263,0.0,0.0,0.0,0.0,0.0,11.0,,,,,,,,,,,,,,,1.0
digits_4_vs_9,264,0.0,0.0,0.0,0.0,0.0,16.0,,,,,,,,,,,,,,,1.0
digits_4_vs_9,265,0.0,0.0,0.0,3.0,0.0,8.0,,,,,,,,,,,,,,,1.0
digits_4_vs_9,266,0.0,0.0,0.0,9.0,0.0,12.0,,,,,,,,,,,,,,,1.0
digits_4_vs_9,267,7.0,9.0,15.0,14.0,15.0,3.0,,,,,,,,,,,,,,,0.0
digits_4_vs_9,268,6.0,12.0,13.0,15.0,16.0,1.0,,,,,,,,,,,,,,,0.0
digits_4_vs_9,269,6.0,16.0,16.0,14.0,16.0,0.0,,,,,,,,,,,,,,,0.0
digits_4_vs_9,270,0.0,0.0,0.0,0.0,0.0,15.0,,,,,,,,,,,,,,,1.0
digits_4_vs_9,271,0.0,0.0,0.0,0.0,0.0,14.0,,,,,,,,,,,,,,,1.0
digits_4_vs_9,272,8.0,9.0,15.0,15.0,15.0,0.0,,,,,,,,,,,,,,,0.0
digits_4_vs_9,273,0.0,5.0,0.0,0.0,4.0,14.0,,,,,,,,,,,,,,,1.0
digits_4_vs_9,274,6.0,8.0,10.0,15.0,16.0,3.0,,,,,,,,,,,,,,,0.0
digits_4_vs_9,275,12.0,15.0,16.0,16.0,12.0,0.0,,,,,,,,,,,,,,,0.0
digits_4_vs_9,276,0.0,0.0,0.0,0.0,0.0,16.0,,,,,,,,,,,,,,,1.0
digits_4_vs_9,277,12.0,13.0,11.0,13.0,16.0,1.0,,,,,,,,,,,,,,,0.0
digits_4_vs_9,278,12.0,14.0,11.0,12.0,16.0,1.0,,,,,,,,,,,,,,,0.0
digits_4_vs_9,279,0.0,0.0,0.0,3.0,0.0,16.0,,,,,,,,,,,,,,,1.0
digits_4_vs_9,280,14.0,7.0,8.0,16.0,12.0,0.0,,,,,,,,,,,,,,,0.0
digits_4_vs_9,281,9.0,16.0,16.0,13.0,15.0,0.0,,,,,,,,,,,,,,,0.0
digits_4_vs_9,282,0.0,4.0,0.0,0.0,3.0,15.0,,,,,,,,,,,,,,,1.0
digits_4_vs_9,283,14.0,16.0,14.0,13.0,16.0,0.0,,,,,,,,,,,,,,,0.0
digits_4_vs_9,284,0.0,0.0,0.0,0.0,0.0,15.0,,,,,,,,,,,,,,,1.0
digits_4_vs_9,285,11.0,16.0,16.0,13.0,16.0,0.0,,,,,,,,,,,,,,,0.0
digits_4_vs_9,286,0.0,0.0,0.0,0.0,0.0,16.0,,,,,,,,,,,,,,,1.0
digits_4_vs_9,287,14.0,15.0,16.0,15.0,16.0,1.0,,,,,,,,,,,,,,,0.0
digits_4_vs_9,288,0.0,0.0,0.0,0.0,0.0,9.0,,,,,,,,,,,,,,,1.0
digits_4_vs_9,289,0.0,0.0,0.0,0.0,0.0,9.0,,,,,,,,,,,,,,,1.0
digits_4_vs_9,290,0.0,0.0,0.0,0.0,0.0,15.0,,,,,,,,,,,,,,,1.0
digits_4_vs_9,291,0.0,0.0,0.0,0.0,4.0,9.0,,,,,,,,,,,,,,,1.0
digits_4_vs_9,292,14.0,15.0,16.0,15.0,15.0,2.0,,,,,,,,,,,,,,,0.0
digits_4_vs_9,293,11.0,16.0,16.0,11.0,16.0,0.0,,,,,,,,,,,,,,,0.0
digits_4_vs_9,294,14.0,16.0,16.0,14.0,15.0,0.0,,,,,,,,,,,,,,,0.0
digits_4_vs_9,295,0.0,0.0,0.0,0.0,0.0,10.0,,,,,,,,,,,,,,,1.0
digits_4_vs_9,296,0.0,0.0,0.0,0.0,0.0,11.0,,,,,,,,,,,,,,,1.0
digits_4_vs_9,297,11.0,16.0,16.0,12.0,16.0,0.0,,,,,,,,,,,,,,,0.0
digits_4_vs_9,298,0.0,0.0,0.0,0.0,0.0,15.0,,,,,,,,,,,,,,,1.0
digits_4_vs_9,299,14.0,15.0,16.0,15.0,16.0,3.0,,,,,,,,,,,,,,,0.0
digits_4_vs_9,300,13.0,16.0,16.0,14.0,16.0,0.0,,,,,,,,,,,,,,,0.0
digits_4_vs_9,301,0.0,0.0,0.0,0.0,0.0,8.0,,,,,,,,,,,,,,,1.0
digits_4_vs_9,302,14.0,16.0,16.0,13.0,16.0,0.0,,,,,,,,,,,,,,,0.0
digits_4_vs_9,303,13.0,13.0,12.0,16.0,8.0,1.0,,,,,,,,,,,,,,,0.0
digits_4_vs_9,304,0.0,0.0,0.0,0.0,0.0,14.0,,,,,,,,,,,,,,,1.0
digits_4_vs_9,305,14.0,16.0,16.0,16.0,16.0,0.0,,,,,,,,,,,,,,,0.0
digits_4_vs_9,306,10.0,14.0,16.0,16.0,15.0,0.0,,,,,,,,,,,,,,,0.0
digits_4_vs_9,307,0.0,0.0,1.0,0.0,0.0,16.0,,,,,,,,,,,,,,,1.0
digits_4_vs_9,308,0.0,0.0,0.0,0.0,0.0,16.0,,,,,,,,,,,,,,,1.0
digits_4_vs_9,309,6.0,11.0,16.0,16.0,5.0,0.0,,,,,,,,,,,,,,,0.0
digits_4_vs_9,310,0.0,0.0,1.0,6.0,0.0,8.0,,,,,,,,,,,,,,,1.0
digits_4_vs_9,311,5.0,12.0,16.0,16.0,11.0,0.0,,,,,,,,,,,,,,,0.0
digits_4_vs_9,312,0.0,0.0,4.0,0.0,0.0,16.0,,,,,,,,,,,,,,,1.0
digits_4_vs_9,313,12.0,14.0,16.0,15.0,11.0,0.0,,,,,,,,,,,,,,,0.0
digits_4_vs_9,314,0.0,0.0,7.0,0.0,0.0,4.0,,,,,,,,,,,,,,,1.0
digits_4_vs_9,315,0.0,0.0,10.0,0.0,0.0,14.0,,,,,,,,,,,,,,,1.0
digits_4_vs_9,316,0.0,0.0,14.0,3.0,0.0,5.0,,,,,,,,,,,,,,,1.0
digits_4_vs_9,317,0.0,6.0,16.0,2.0,0.0,16.0,,,,,,,,,,,,,,,1.0
digits_4_vs_9,318,9.0,16.0,16.0,16.0,16.0,0.0,,,,,,,,,,,,,,,0.0
digits_4_vs_9,319,7.0,10.0,16.0,16.0,3.0,0.0,,,,,,,,,,,,,,,0.0
digits_4_vs_9,320,0.0,14.0,10.0,0.0,0.0,7.0,,,,,,,,,,,,,,,0.0
digits_4_vs_9,321,0.0,0.0,11.0,0.0,0.0,9.0,,,,,,,,,,,,,,,1.0
digits_4_vs_9,322,0.0,0.0,0.0,0.0,0.0,10.0,,,,,,,,,,,,,,,1.0
digits_4_vs_9,323,0.0,14.0,8.0,4.0,0.0,13.0,,,,,,,,,,,,,,,0.0
digits_4_vs_9,324,0.0,3.0,16.0,5.0,0.0,12.0,,,,,,,,,,,,,,,1.0
digits_4_vs_9,325,10.0,16.0,16.0,15.0,16.0,0.0,,,,,,,,,,,,,,,0.0
digits_4_vs_9,326,7.0,15.0,16.0,16.0,11.0,0.0,,,,,,,,,,,,,,,0.0
digits_4_vs_9,327,0.0,0.0,0.0,0.0,0.0,12.0,,,,,,,,,,,,,,,1.0
digits_4_vs_9,328,7.0,9.0,16.0,16.0,13.0,0.0,,,,,,,,,,,,,,,0.0
digits_4_vs_9,329,11.0,15.0,15.0,16.0,10.0,1.0,,,,,,,,,,,,,,,0.0
digits_4_vs_9,330,0.0,0.0,7.0,0.0,10.0,14.0,,,,,,,,,,,,,,,1.0
digits_4_vs_9,331,0.0,16.0,4.0,6.0,1.0,14.0,,,,,,,,,,,,,,,0.0
digits_4_vs_9,332,10.0,9.0,16.0,15.0,16.0,0.0,,,,,,,,,,,,,,,0.0
digits_4_vs_9,333,0.0,9.0,13.0,2.0,0.0,13.0,,,,,,,,,,,,,,,1.0
digits_4_vs_9,334,0.0,2.0,15.0,1.0,0.0,4.0,,,,,,,,,,,,,,,1.0
digits_4_vs_9,335,1.0,12.0,15.0,14.0,14.0,6.0,,,,,,,,,,,,,,,0.0
digits_4_vs_9,336,0.0,0.0,0.0,0.0,0.0,14.0,,,,,,,,,,,,,,,1.0
digits_4_vs_9,337,6.0,16.0,16.0,16.0,16.0,0.0,,,,,,,,,,,,,,,0.0
digits_4_vs_9,338,0.0,0.0,0.0,2.0,0.0,14.0,,,,,,,,,,,,,,,1.0
digits_4_vs_9,339,4.0,16.0,16.0,16.0,16.0,0.0,,,,,,,,,,,,,,,0.0
digits_4_vs_9,340,0.0,0.0,0.0,0.0,0.0,8.0,,,,,,,,,,,,,,,1.0
digits_4_vs_9,341,0.0,0.0,0.0,0.0,0.0,10.0,,,,,,,,,,,,,,,1.0
digits_4_vs_9,342,0.0,0.0,4.0,0.0,0.0,16.0,,,,,,,,,,,,,,,1.0
digits_4_vs_9,343,0.0,0.0,1.0,0.0,0.0,16.0,,,,,,,,,,,,,,,1.0
digits_4_vs_9,344,5.0,16.0,16.0,16.0,16.0,1.0,,,,,,,,,,,,,,,0.0
digits_4_vs_9,345,4.0,12.0,15.0,16.0,12.0,0.0,,,,,,,,,,,,,,,0.0
digits_4_vs_9,346,5.0,16.0,16.0,16.0,16.0,0.0,,,,,,,,,,,,,,,0.0
digits_4_vs_9,347,0.0,0.0,0.0,2.0,3.0,11.0,,,,,,,,,,,,,,,1.0
digits_4_vs_9,348,0.0,0.0,0.0,0.0,0.0,7.0,,,,,,,,,,,,,,,1.0
digits_4_vs_9,349,12.0,16.0,16.0,15.0,16.0,3.0,,,,,,,,,,,,,,,0.0
digits_4_vs_9,350,0.0,0.0,0.0,0.0,0.0,16.0,,,,,,,,,,,,,,,1.0
digits_4_vs_9,351,10.0,16.0,16.0,14.0,16.0,0.0,,,,,,,,,,,,,,,0.0
digits_4_vs_9,352,9.0,10.0,14.0,16.0,6.0,0.0,,,,,,,,,,,,,,,0.0
digits_4_vs_9,353,0.0,0.0,4.0,0.0,0.0,16.0,,,,,,,,,,,,,,,1.0
digits_4_vs_9,354,10.0,12.0,13.0,16.0,12.0,0.0,,,,,,,,,,,,,,,0.0
digits_4_vs_9,355,11.0,16.0,16.0,16.0,16.0,3.0,,,,,,,,,,,,,,,0.0
digits_4_vs_9,356,0.0,0.0,4.0,0.0,0.0,16.0,,,,,,,,,,,,,,,1.0
digits_4_vs_9,357,13.0,16.0,16.0,15.0,16.0,2.0,,,,,,,,,,,,,,,0.0
digits_4_vs_9,358,13.0,16.0,16.0,16.0,16.0,0.0,,,,,,,,,,,,,,,0.0
digits_4_vs_9,359,0.0,0.0,0.0,0.0,0.0,16.0,,,,,,,,,,,,,,,1.0
digits_4_vs_9,360,0.0,0.0,0.0,5.0,0.0,15.0,,,,,,,,,,,,,,,1.0
