dataId,modelName,expMethod,instanceId,pred,i_max,a0_i,a1_i,a2_i,a3_i,a4_i,intercept
wine_quality,mlp,__prediction_only__,786,0,,,,,,,
wine_quality,mlp,__prediction_only__,1057,0,,,,,,,
wine_quality,mlp,__prediction_only__,150,0,,,,,,,
wine_quality,mlp,__prediction_only__,184,0,,,,,,,
wine_quality,mlp,__prediction_only__,943,0,,,,,,,
wine_quality,mlp,__prediction_only__,1256,0,,,,,,,
wine_quality,mlp,__prediction_only__,63,0,,,,,,,
wine_quality,mlp,__prediction_only__,673,0,,,,,,,
wine_quality,mlp,__prediction_only__,1435,0,,,,,,,
wine_quality,mlp,__prediction_only__,153,0,,,,,,,
wine_quality,mlp,__prediction_only__,912,0,,,,,,,
wine_quality,mlp,__prediction_only__,28,0,,,,,,,
wine_quality,mlp,__prediction_only__,697,0,,,,,,,
wine_quality,mlp,__prediction_only__,59,0,,,,,,,
wine_quality,mlp,__prediction_only__,273,0,,,,,,,
wine_quality,mlp,__prediction_only__,740,0,,,,,,,
wine_quality,mlp,__prediction_only__,1068,1,,,,,,,
wine_quality,mlp,__prediction_only__,597,0,,,,,,,
wine_quality,mlp,__prediction_only__,1501,0,,,,,,,
wine_quality,mlp,__prediction_only__,249,0,,,,,,,
wine_quality,mlp,__prediction_only__,83,0,,,,,,,
wine_quality,mlp,__prediction_only__,49,0,,,,,,,
wine_quality,mlp,__prediction_only__,497,0,,,,,,,
wine_quality,mlp,__prediction_only__,1579,0,,,,,,,
wine_quality,mlp,__prediction_only__,803,0,,,,,,,
wine_quality,mlp,__prediction_only__,815,0,,,,,,,
wine_quality,mlp,__prediction_only__,996,0,,,,,,,
wine_quality,mlp,__prediction_only__,53,0,,,,,,,
wine_quality,mlp,__prediction_only__,1088,0,,,,,,,
wine_quality,mlp,__prediction_only__,1268,0,,,,,,,
wine_quality,mlp,__prediction_only__,1570,1,,,,,,,
wine_quality,mlp,__prediction_only__,1548,0,,,,,,,
wine_quality,mlp,__prediction_only__,208,0,,,,,,,
wine_quality,mlp,__prediction_only__,610,0,,,,,,,
wine_quality,mlp,__prediction_only__,883,0,,,,,,,
wine_quality,mlp,__prediction_only__,773,0,,,,,,,
wine_quality,mlp,__prediction_only__,699,0,,,,,,,
wine_quality,mlp,__prediction_only__,1093,1,,,,,,,
wine_quality,mlp,__prediction_only__,816,0,,,,,,,
wine_quality,mlp,__prediction_only__,963,0,,,,,,,
wine_quality,mlp,__prediction_only__,384,0,,,,,,,
wine_quality,mlp,__prediction_only__,139,0,,,,,,,
wine_quality,mlp,__prediction_only__,1554,0,,,,,,,
wine_quality,mlp,__prediction_only__,1002,1,,,,,,,
wine_quality,mlp,__prediction_only__,636,0,,,,,,,
wine_quality,mlp,__prediction_only__,936,0,,,,,,,
wine_quality,mlp,__prediction_only__,644,0,,,,,,,
wine_quality,mlp,__prediction_only__,937,0,,,,,,,
wine_quality,mlp,__prediction_only__,564,0,,,,,,,
wine_quality,mlp,__prediction_only__,341,1,,,,,,,
wine_quality,mlp,__prediction_only__,702,0,,,,,,,
wine_quality,mlp,__prediction_only__,605,0,,,,,,,
wine_quality,mlp,__prediction_only__,465,0,,,,,,,
wine_quality,mlp,__prediction_only__,288,0,,,,,,,
wine_quality,mlp,__prediction_only__,867,1,,,,,,,
wine_quality,mlp,__prediction_only__,1368,0,,,,,,,
wine_quality,mlp,__prediction_only__,180,0,,,,,,,
wine_quality,mlp,__prediction_only__,256,0,,,,,,,
wine_quality,mlp,__prediction_only__,115,0,,,,,,,
wine_quality,mlp,__prediction_only__,1249,0,,,,,,,
wine_quality,mlp,__prediction_only__,1364,0,,,,,,,
wine_quality,mlp,__prediction_only__,188,0,,,,,,,
wine_quality,mlp,__prediction_only__,353,0,,,,,,,
wine_quality,mlp,__prediction_only__,1296,0,,,,,,,
wine_quality,mlp,__prediction_only__,788,0,,,,,,,
wine_quality,mlp,__prediction_only__,272,0,,,,,,,
wine_quality,mlp,__prediction_only__,352,0,,,,,,,
wine_quality,mlp,__prediction_only__,799,0,,,,,,,
wine_quality,mlp,__prediction_only__,148,0,,,,,,,
wine_quality,mlp,__prediction_only__,1598,0,,,,,,,
wine_quality,mlp,__prediction_only__,1361,0,,,,,,,
wine_quality,mlp,__prediction_only__,324,0,,,,,,,
wine_quality,mlp,__prediction_only__,254,0,,,,,,,
wine_quality,mlp,__prediction_only__,1097,0,,,,,,,
wine_quality,mlp,__prediction_only__,784,0,,,,,,,
wine_quality,mlp,__prediction_only__,533,0,,,,,,,
wine_quality,mlp,__prediction_only__,1451,0,,,,,,,
wine_quality,mlp,__prediction_only__,1497,0,,,,,,,
wine_quality,mlp,__prediction_only__,1372,0,,,,,,,
wine_quality,mlp,__prediction_only__,945,1,,,,,,,
wine_quality,mlp,__prediction_only__,1047,0,,,,,,,
wine_quality,mlp,__prediction_only__,866,1,,,,,,,
wine_quality,mlp,__prediction_only__,859,0,,,,,,,
wine_quality,mlp,__prediction_only__,670,0,,,,,,,
wine_quality,mlp,__prediction_only__,709,0,,,,,,,
wine_quality,mlp,__prediction_only__,967,0,,,,,,,
wine_quality,mlp,__prediction_only__,895,0,,,,,,,
wine_quality,mlp,__prediction_only__,1282,0,,,,,,,
wine_quality,mlp,__prediction_only__,919,1,,,,,,,
wine_quality,mlp,__prediction_only__,360,0,,,,,,,
wine_quality,mlp,__prediction_only__,56,0,,,,,,,
wine_quality,mlp,__prediction_only__,665,0,,,,,,,
wine_quality,mlp,__prediction_only__,872,0,,,,,,,
wine_quality,mlp,__prediction_only__,1234,0,,,,,,,
wine_quality,mlp,__prediction_only__,479,0,,,,,,,
wine_quality,mlp,__prediction_only__,1532,0,,,,,,,
wine_quality,mlp,__prediction_only__,608,0,,,,,,,
wine_quality,mlp,__prediction_only__,874,1,,,,,,,
wine_quality,mlp,__prediction_only__,305,0,,,,,,,
wine_quality,mlp,__prediction_only__,1433,0,,,,,,,
wine_quality,mlp,__prediction_only__,499,0,,,,,,,
wine_quality,mlp,__prediction_only__,335,1,,,,,,,
wine_quality,mlp,__prediction_only__,1074,0,,,,,,,
wine_quality,mlp,__prediction_only__,1089,0,,,,,,,
wine_quality,mlp,__prediction_only__,1566,0,,,,,,,
wine_quality,mlp,__prediction_only__,1489,0,,,,,,,
wine_quality,mlp,__prediction_only__,1050,0,,,,,,,
wine_quality,mlp,__prediction_only__,751,0,,,,,,,
wine_quality,mlp,__prediction_only__,1446,0,,,,,,,
wine_quality,mlp,__prediction_only__,711,0,,,,,,,
wine_quality,mlp,__prediction_only__,817,1,,,,,,,
wine_quality,mlp,__prediction_only__,262,0,,,,,,,
wine_quality,mlp,__prediction_only__,920,0,,,,,,,
wine_quality,mlp,__prediction_only__,823,0,,,,,,,
wine_quality,mlp,__prediction_only__,729,0,,,,,,,
wine_quality,mlp,__prediction_only__,222,0,,,,,,,
wine_quality,mlp,__prediction_only__,1587,0,,,,,,,
wine_quality,mlp,__prediction_only__,129,0,,,,,,,
wine_quality,mlp,__prediction_only__,760,0,,,,,,,
wine_quality,mlp,__prediction_only__,65,0,,,,,,,
wine_quality,mlp,__prediction_only__,1020,0,,,,,,,
wine_quality,mlp,__prediction_only__,551,0,,,,,,,
wine_quality,mlp,__prediction_only__,114,0,,,,,,,
wine_quality,mlp,__prediction_only__,1086,1,,,,,,,
wine_quality,mlp,__prediction_only__,941,0,,,,,,,
wine_quality,mlp,__prediction_only__,1139,0,,,,,,,
wine_quality,mlp,__prediction_only__,1379,0,,,,,,,
wine_quality,mlp,__prediction_only__,33,0,,,,,,,
wine_quality,mlp,__prediction_only__,1373,0,,,,,,,
wine_quality,mlp,__prediction_only__,238,0,,,,,,,
wine_quality,mlp,__prediction_only__,716,0,,,,,,,
wine_quality,mlp,__prediction_only__,1474,0,,,,,,,
wine_quality,mlp,__prediction_only__,1233,0,,,,,,,
wine_quality,mlp,__prediction_only__,1007,1,,,,,,,
wine_quality,mlp,__prediction_only__,181,0,,,,,,,
wine_quality,mlp,__prediction_only__,356,0,,,,,,,
wine_quality,mlp,__prediction_only__,1096,0,,,,,,,
wine_quality,mlp,__prediction_only__,223,0,,,,,,,
wine_quality,mlp,__prediction_only__,669,0,,,,,,,
wine_quality,mlp,__prediction_only__,759,0,,,,,,,
wine_quality,mlp,__prediction_only__,107,0,,,,,,,
wine_quality,mlp,__prediction_only__,1454,0,,,,,,,
wine_quality,mlp,__prediction_only__,1331,0,,,,,,,
wine_quality,mlp,__prediction_only__,652,0,,,,,,,
wine_quality,mlp,__prediction_only__,1230,0,,,,,,,
wine_quality,mlp,__prediction_only__,91,0,,,,,,,
wine_quality,mlp,__prediction_only__,1202,1,,,,,,,
wine_quality,mlp,__prediction_only__,253,0,,,,,,,
wine_quality,mlp,__prediction_only__,1351,0,,,,,,,
wine_quality,mlp,__prediction_only__,266,0,,,,,,,
wine_quality,mlp,__prediction_only__,825,0,,,,,,,
wine_quality,mlp,__prediction_only__,387,0,,,,,,,
wine_quality,mlp,__prediction_only__,926,0,,,,,,,
wine_quality,mlp,__prediction_only__,1174,0,,,,,,,
wine_quality,mlp,__prediction_only__,75,0,,,,,,,
wine_quality,mlp,__prediction_only__,1163,0,,,,,,,
wine_quality,mlp,__prediction_only__,421,0,,,,,,,
wine_quality,mlp,__prediction_only__,1464,0,,,,,,,
wine_quality,mlp,__prediction_only__,418,0,,,,,,,
wine_quality,mlp,__prediction_only__,297,0,,,,,,,
wine_quality,mlp,__prediction_only__,724,0,,,,,,,
wine_quality,mlp,__prediction_only__,1375,0,,,,,,,
wine_quality,mlp,__prediction_only__,1536,0,,,,,,,
wine_quality,mlp,__prediction_only__,86,0,,,,,,,
wine_quality,mlp,__prediction_only__,1419,0,,,,,,,
wine_quality,mlp,__prediction_only__,14,0,,,,,,,
wine_quality,mlp,__prediction_only__,1272,0,,,,,,,
wine_quality,mlp,__prediction_only__,1175,0,,,,,,,
wine_quality,mlp,__prediction_only__,383,0,,,,,,,
wine_quality,mlp,__prediction_only__,1572,0,,,,,,,
wine_quality,mlp,__prediction_only__,1000,0,,,,,,,
wine_quality,mlp,__prediction_only__,654,0,,,,,,,
wine_quality,mlp,__prediction_only__,1393,0,,,,,,,
wine_quality,mlp,__prediction_only__,162,0,,,,,,,
wine_quality,mlp,__prediction_only__,854,0,,,,,,,
wine_quality,mlp,__prediction_only__,878,0,,,,,,,
wine_quality,mlp,__prediction_only__,1216,0,,,,,,,
wine_quality,mlp,__prediction_only__,283,0,,,,,,,
wine_quality,mlp,__prediction_only__,281,0,,,,,,,
wine_quality,mlp,__prediction_only__,1525,0,,,,,,,
wine_quality,mlp,__prediction_only__,938,1,,,,,,,
wine_quality,mlp,__prediction_only__,399,0,,,,,,,
wine_quality,mlp,__prediction_only__,517,0,,,,,,,
wine_quality,mlp,__prediction_only__,1162,1,,,,,,,
wine_quality,mlp,__prediction_only__,74,0,,,,,,,
wine_quality,mlp,__prediction_only__,1578,0,,,,,,,
wine_quality,mlp,__prediction_only__,676,0,,,,,,,
wine_quality,mlp,__prediction_only__,1486,0,,,,,,,
wine_quality,mlp,__prediction_only__,1458,0,,,,,,,
wine_quality,mlp,__prediction_only__,355,0,,,,,,,
wine_quality,mlp,__prediction_only__,934,0,,,,,,,
wine_quality,mlp,__prediction_only__,695,0,,,,,,,
wine_quality,mlp,__prediction_only__,1099,0,,,,,,,
wine_quality,mlp,__prediction_only__,464,0,,,,,,,
wine_quality,mlp,__prediction_only__,329,0,,,,,,,
wine_quality,mlp,__prediction_only__,732,0,,,,,,,
wine_quality,mlp,__prediction_only__,72,0,,,,,,,
wine_quality,mlp,__prediction_only__,1257,0,,,,,,,
wine_quality,mlp,__prediction_only__,138,0,,,,,,,
wine_quality,mlp,__prediction_only__,1521,0,,,,,,,
wine_quality,mlp,__prediction_only__,1212,0,,,,,,,
wine_quality,mlp,__prediction_only__,1103,0,,,,,,,
wine_quality,mlp,__prediction_only__,1471,0,,,,,,,
wine_quality,mlp,__prediction_only__,1463,0,,,,,,,
wine_quality,mlp,__prediction_only__,1491,0,,,,,,,
wine_quality,mlp,__prediction_only__,576,0,,,,,,,
wine_quality,mlp,__prediction_only__,128,1,,,,,,,
wine_quality,mlp,__prediction_only__,1467,0,,,,,,,
wine_quality,mlp,__prediction_only__,1477,1,,,,,,,
wine_quality,mlp,__prediction_only__,326,1,,,,,,,
wine_quality,mlp,__prediction_only__,931,0,,,,,,,
wine_quality,mlp,__prediction_only__,1561,0,,,,,,,
wine_quality,mlp,__prediction_only__,1411,0,,,,,,,
wine_quality,mlp,__prediction_only__,489,0,,,,,,,
wine_quality,mlp,__prediction_only__,1382,0,,,,,,,
wine_quality,mlp,__prediction_only__,210,1,,,,,,,
wine_quality,mlp,__prediction_only__,1409,0,,,,,,,
wine_quality,mlp,__prediction_only__,869,0,,,,,,,
wine_quality,mlp,__prediction_only__,469,0,,,,,,,
wine_quality,mlp,__prediction_only__,220,0,,,,,,,
wine_quality,mlp,__prediction_only__,413,1,,,,,,,
wine_quality,mlp,__prediction_only__,174,0,,,,,,,
wine_quality,mlp,__prediction_only__,1091,0,,,,,,,
wine_quality,mlp,__prediction_only__,560,0,,,,,,,
wine_quality,mlp,__prediction_only__,832,0,,,,,,,
wine_quality,mlp,__prediction_only__,1592,0,,,,,,,
wine_quality,mlp,__prediction_only__,650,0,,,,,,,
wine_quality,mlp,__prediction_only__,836,1,,,,,,,
wine_quality,mlp,__prediction_only__,683,0,,,,,,,
wine_quality,mlp,__prediction_only__,308,0,,,,,,,
wine_quality,mlp,__prediction_only__,1105,0,,,,,,,
wine_quality,mlp,__prediction_only__,1054,0,,,,,,,
wine_quality,mlp,__prediction_only__,1332,0,,,,,,,
wine_quality,mlp,__prediction_only__,1258,0,,,,,,,
wine_quality,mlp,__prediction_only__,389,0,,,,,,,
wine_quality,mlp,__prediction_only__,1313,0,,,,,,,
wine_quality,mlp,__prediction_only__,1083,0,,,,,,,
wine_quality,mlp,__prediction_only__,1198,0,,,,,,,
wine_quality,mlp,__prediction_only__,922,1,,,,,,,
wine_quality,mlp,__prediction_only__,1225,0,,,,,,,
wine_quality,mlp,__prediction_only__,1208,0,,,,,,,
wine_quality,mlp,__prediction_only__,369,1,,,,,,,
wine_quality,mlp,__prediction_only__,478,0,,,,,,,
wine_quality,mlp,__prediction_only__,1036,0,,,,,,,
wine_quality,mlp,__prediction_only__,1394,0,,,,,,,
wine_quality,mlp,__prediction_only__,110,0,,,,,,,
wine_quality,mlp,__prediction_only__,1588,0,,,,,,,
wine_quality,mlp,__prediction_only__,97,0,,,,,,,
wine_quality,mlp,__prediction_only__,1100,1,,,,,,,
wine_quality,mlp,__prediction_only__,93,0,,,,,,,
wine_quality,mlp,__prediction_only__,617,0,,,,,,,
wine_quality,mlp,__prediction_only__,952,0,,,,,,,
wine_quality,mlp,__prediction_only__,756,0,,,,,,,
wine_quality,mlp,__prediction_only__,858,0,,,,,,,
wine_quality,mlp,__prediction_only__,373,0,,,,,,,
wine_quality,mlp,__prediction_only__,68,0,,,,,,,
wine_quality,mlp,__prediction_only__,1140,0,,,,,,,
wine_quality,mlp,__prediction_only__,701,0,,,,,,,
wine_quality,mlp,__prediction_only__,801,0,,,,,,,
wine_quality,mlp,__prediction_only__,1201,0,,,,,,,
wine_quality,mlp,__prediction_only__,1468,0,,,,,,,
wine_quality,mlp,__prediction_only__,1190,0,,,,,,,
wine_quality,mlp,__prediction_only__,1191,0,,,,,,,
wine_quality,mlp,__prediction_only__,791,0,,,,,,,
wine_quality,mlp,__prediction_only__,135,0,,,,,,,
wine_quality,mlp,__prediction_only__,627,0,,,,,,,
wine_quality,mlp,__prediction_only__,881,0,,,,,,,
wine_quality,mlp,__prediction_only__,1271,0,,,,,,,
wine_quality,mlp,__prediction_only__,144,0,,,,,,,
wine_quality,mlp,__prediction_only__,393,0,,,,,,,
wine_quality,mlp,__prediction_only__,428,0,,,,,,,
wine_quality,mlp,__prediction_only__,885,0,,,,,,,
wine_quality,mlp,__prediction_only__,233,0,,,,,,,
wine_quality,mlp,__prediction_only__,1567,0,,,,,,,
wine_quality,mlp,__prediction_only__,331,0,,,,,,,
wine_quality,mlp,__prediction_only__,310,0,,,,,,,
wine_quality,mlp,__prediction_only__,805,1,,,,,,,
wine_quality,mlp,__prediction_only__,643,0,,,,,,,
wine_quality,mlp,__prediction_only__,1573,0,,,,,,,
wine_quality,mlp,__prediction_only__,1323,1,,,,,,,
wine_quality,mlp,__prediction_only__,1133,0,,,,,,,
wine_quality,mlp,__prediction_only__,573,0,,,,,,,
wine_quality,mlp,__prediction_only__,320,0,,,,,,,
wine_quality,mlp,__prediction_only__,215,0,,,,,,,
wine_quality,mlp,__prediction_only__,757,0,,,,,,,
wine_quality,mlp,__prediction_only__,169,0,,,,,,,
wine_quality,mlp,__prediction_only__,268,0,,,,,,,
wine_quality,mlp,__prediction_only__,884,0,,,,,,,
wine_quality,mlp,__prediction_only__,831,0,,,,,,,
wine_quality,mlp,__prediction_only__,444,1,,,,,,,
wine_quality,mlp,__prediction_only__,323,0,,,,,,,
wine_quality,mlp,__prediction_only__,232,0,,,,,,,
wine_quality,mlp,__prediction_only__,1481,0,,,,,,,
wine_quality,mlp,__prediction_only__,1283,0,,,,,,,
wine_quality,mlp,__prediction_only__,293,0,,,,,,,
wine_quality,mlp,__prediction_only__,1543,0,,,,,,,
wine_quality,mlp,__prediction_only__,1380,0,,,,,,,
wine_quality,mlp,__prediction_only__,994,0,,,,,,,
wine_quality,mlp,__prediction_only__,1353,0,,,,,,,
wine_quality,mlp,__prediction_only__,34,0,,,,,,,
wine_quality,mlp,__prediction_only__,8,0,,,,,,,
wine_quality,mlp,__prediction_only__,862,0,,,,,,,
wine_quality,mlp,__prediction_only__,1259,0,,,,,,,
wine_quality,mlp,__prediction_only__,386,0,,,,,,,
wine_quality,mlp,__prediction_only__,745,0,,,,,,,
wine_quality,mlp,__prediction_only__,602,0,,,,,,,
wine_quality,mlp,__prediction_only__,1431,0,,,,,,,
wine_quality,mlp,__prediction_only__,1171,0,,,,,,,
wine_quality,mlp,__prediction_only__,258,0,,,,,,,
wine_quality,mlp,__prediction_only__,1110,0,,,,,,,
wine_quality,mlp,__prediction_only__,385,0,,,,,,,
wine_quality,mlp,__prediction_only__,574,0,,,,,,,
wine_quality,mlp,__prediction_only__,201,0,,,,,,,
wine_quality,mlp,__prediction_only__,746,0,,,,,,,
wine_quality,mlp,__prediction_only__,101,0,,,,,,,
wine_quality,mlp,__prediction_only__,1265,0,,,,,,,
wine_quality,mlp,__prediction_only__,834,0,,,,,,,
wine_quality,mlp,__prediction_only__,1299,0,,,,,,,
wine_quality,mlp,__prediction_only__,230,0,,,,,,,
wine_quality,mlp,__prediction_only__,904,0,,,,,,,
wine_quality,mlp,__prediction_only__,484,0,,,,,,,
wine_quality,mlp,__prediction_only__,247,0,,,,,,,
wine_quality,mlp,__prediction_only__,976,0,,,,,,,
wine_quality,mlp,__prediction_only__,898,1,,,,,,,
wine_quality,mlp,__prediction_only__,661,0,,,,,,,
wine_quality,mlp,__prediction_only__,737,0,,,,,,,
wine_quality,mlp,__prediction_only__,968,0,,,,,,,
wine_quality,mlp,__prediction_only__,198,0,,,,,,,
wine_quality,mlp,__prediction_only__,111,0,,,,,,,
wine_quality,mlp,__prediction_only__,239,0,,,,,,,
wine_quality,mlp,__prediction_only__,47,0,,,,,,,
wine_quality,mlp,__prediction_only__,348,0,,,,,,,
wine_quality,mlp,__prediction_only__,78,0,,,,,,,
wine_quality,mlp,__prediction_only__,364,0,,,,,,,
wine_quality,mlp,__prediction_only__,449,0,,,,,,,
wine_quality,mlp,__prediction_only__,1217,0,,,,,,,
wine_quality,mlp,__prediction_only__,651,0,,,,,,,
wine_quality,mlp,__prediction_only__,804,0,,,,,,,
wine_quality,mlp,__prediction_only__,1338,0,,,,,,,
wine_quality,mlp,__prediction_only__,1366,0,,,,,,,
wine_quality,mlp,__prediction_only__,522,0,,,,,,,
wine_quality,mlp,__prediction_only__,1165,0,,,,,,,
wine_quality,mlp,__prediction_only__,189,0,,,,,,,
wine_quality,mlp,__prediction_only__,1014,0,,,,,,,
wine_quality,mlp,__prediction_only__,880,0,,,,,,,
wine_quality,mlp,__prediction_only__,1457,0,,,,,,,
wine_quality,mlp,__prediction_only__,983,0,,,,,,,
wine_quality,mlp,__prediction_only__,591,0,,,,,,,
wine_quality,mlp,__prediction_only__,985,0,,,,,,,
wine_quality,mlp,__prediction_only__,427,0,,,,,,,
wine_quality,mlp,__prediction_only__,671,0,,,,,,,
wine_quality,mlp,__prediction_only__,1186,0,,,,,,,
wine_quality,mlp,__prediction_only__,109,0,,,,,,,
wine_quality,mlp,__prediction_only__,1164,0,,,,,,,
wine_quality,mlp,__prediction_only__,392,0,,,,,,,
wine_quality,mlp,__prediction_only__,634,0,,,,,,,
wine_quality,mlp,__prediction_only__,1117,0,,,,,,,
wine_quality,mlp,__prediction_only__,663,0,,,,,,,
wine_quality,mlp,__prediction_only__,1034,0,,,,,,,
wine_quality,mlp,__prediction_only__,730,0,,,,,,,
wine_quality,mlp,__prediction_only__,781,0,,,,,,,
wine_quality,mlp,__prediction_only__,545,0,,,,,,,
wine_quality,mlp,__prediction_only__,287,0,,,,,,,
wine_quality,mlp,__prediction_only__,795,0,,,,,,,
wine_quality,mlp,__prediction_only__,5,0,,,,,,,
wine_quality,mlp,__prediction_only__,876,0,,,,,,,
wine_quality,mlp,__prediction_only__,89,0,,,,,,,
wine_quality,mlp,__prediction_only__,1143,0,,,,,,,
wine_quality,mlp,__prediction_only__,518,1,,,,,,,
wine_quality,mlp,__prediction_only__,401,0,,,,,,,
wine_quality,mlp,__prediction_only__,332,0,,,,,,,
wine_quality,mlp,__prediction_only__,445,0,,,,,,,
wine_quality,mlp,__prediction_only__,419,0,,,,,,,
wine_quality,mlp,__prediction_only__,349,0,,,,,,,
wine_quality,mlp,__prediction_only__,178,0,,,,,,,
wine_quality,mlp,__prediction_only__,1076,1,,,,,,,
wine_quality,mlp,__prediction_only__,1090,1,,,,,,,
wine_quality,mlp,__prediction_only__,512,0,,,,,,,
wine_quality,mlp,__prediction_only__,1397,0,,,,,,,
wine_quality,mlp,__prediction_only__,664,0,,,,,,,
wine_quality,mlp,__prediction_only__,846,0,,,,,,,
wine_quality,mlp,__prediction_only__,1214,0,,,,,,,
wine_quality,mlp,__prediction_only__,886,0,,,,,,,
wine_quality,mlp,__prediction_only__,1294,0,,,,,,,
wine_quality,mlp,__prediction_only__,1232,0,,,,,,,
wine_quality,mlp,__prediction_only__,224,0,,,,,,,
wine_quality,mlp,__prediction_only__,714,0,,,,,,,
wine_quality,mlp,__prediction_only__,797,0,,,,,,,
wine_quality,mlp,__prediction_only__,321,0,,,,,,,
wine_quality,mlp,__prediction_only__,1219,1,,,,,,,
wine_quality,mlp,__prediction_only__,796,0,,,,,,,
wine_quality,mlp,__prediction_only__,887,1,,,,,,,
wine_quality,mlp,__prediction_only__,343,0,,,,,,,
wine_quality,mlp,__prediction_only__,105,0,,,,,,,
wine_quality,mlp,__prediction_only__,147,0,,,,,,,
wine_quality,mlp,__prediction_only__,1320,0,,,,,,,
wine_quality,mlp,__prediction_only__,1129,0,,,,,,,
wine_quality,mlp,__prediction_only__,275,0,,,,,,,
wine_quality,mlp,__prediction_only__,837,1,,,,,,,
wine_quality,mlp,__prediction_only__,1343,0,,,,,,,
wine_quality,mlp,__prediction_only__,1406,1,,,,,,,
wine_quality,mlp,__prediction_only__,7,0,,,,,,,
wine_quality,mlp,__prediction_only__,771,0,,,,,,,
wine_quality,mlp,__prediction_only__,1015,1,,,,,,,
wine_quality,mlp,__prediction_only__,529,0,,,,,,,
wine_quality,mlp,__prediction_only__,1290,0,,,,,,,
wine_quality,mlp,__prediction_only__,567,0,,,,,,,
wine_quality,mlp,__prediction_only__,1305,0,,,,,,,
wine_quality,mlp,__prediction_only__,879,0,,,,,,,
wine_quality,mlp,__prediction_only__,1443,0,,,,,,,
wine_quality,mlp,__prediction_only__,1112,0,,,,,,,
wine_quality,mlp,__prediction_only__,704,0,,,,,,,
wine_quality,mlp,__prediction_only__,1506,0,,,,,,,
wine_quality,mlp,__prediction_only__,966,1,,,,,,,
wine_quality,mlp,__prediction_only__,500,0,,,,,,,
wine_quality,mlp,__prediction_only__,734,0,,,,,,,
wine_quality,mlp,__prediction_only__,698,0,,,,,,,
wine_quality,mlp,__prediction_only__,1575,0,,,,,,,
wine_quality,mlp,__prediction_only__,77,0,,,,,,,
wine_quality,mlp,__prediction_only__,826,0,,,,,,,
wine_quality,mlp,__prediction_only__,780,0,,,,,,,
wine_quality,mlp,__prediction_only__,1318,0,,,,,,,
wine_quality,mlp,__prediction_only__,907,0,,,,,,,
wine_quality,mlp,__prediction_only__,1168,0,,,,,,,
wine_quality,mlp,__prediction_only__,1118,0,,,,,,,
wine_quality,mlp,__prediction_only__,1381,0,,,,,,,
wine_quality,mlp,__prediction_only__,1358,0,,,,,,,
wine_quality,mlp,__prediction_only__,946,1,,,,,,,
wine_quality,mlp,__prediction_only__,67,0,,,,,,,
wine_quality,mlp,__prediction_only__,2,0,,,,,,,
wine_quality,mlp,__prediction_only__,1569,0,,,,,,,
wine_quality,mlp,__prediction_only__,694,0,,,,,,,
wine_quality,mlp,__prediction_only__,619,0,,,,,,,
wine_quality,mlp,__prediction_only__,235,0,,,,,,,
wine_quality,mlp,__prediction_only__,753,0,,,,,,,
wine_quality,mlp,__prediction_only__,690,0,,,,,,,
wine_quality,mlp,__prediction_only__,658,0,,,,,,,
wine_quality,mlp,__prediction_only__,462,1,,,,,,,
wine_quality,mlp,__prediction_only__,1187,0,,,,,,,
wine_quality,mlp,__prediction_only__,949,1,,,,,,,
wine_quality,mlp,__prediction_only__,630,0,,,,,,,
wine_quality,mlp,__prediction_only__,604,0,,,,,,,
wine_quality,mlp,__prediction_only__,1500,0,,,,,,,
wine_quality,mlp,__prediction_only__,944,1,,,,,,,
wine_quality,mlp,__prediction_only__,264,1,,,,,,,
wine_quality,mlp,__prediction_only__,420,0,,,,,,,
wine_quality,mlp,__prediction_only__,131,0,,,,,,,
wine_quality,mlp,__prediction_only__,1311,0,,,,,,,
wine_quality,mlp,__prediction_only__,467,1,,,,,,,
wine_quality,mlp,__prediction_only__,1284,0,,,,,,,
wine_quality,mlp,__prediction_only__,179,0,,,,,,,
wine_quality,mlp,__prediction_only__,1498,0,,,,,,,
wine_quality,mlp,__prediction_only__,312,0,,,,,,,
wine_quality,mlp,__prediction_only__,1166,0,,,,,,,
wine_quality,mlp,__prediction_only__,609,0,,,,,,,
wine_quality,mlp,__prediction_only__,911,0,,,,,,,
wine_quality,mlp,__prediction_only__,336,1,,,,,,,
wine_quality,mlp,__prediction_only__,338,0,,,,,,,
wine_quality,mlp,__prediction_only__,1073,0,,,,,,,
wine_quality,mlp,__prediction_only__,116,0,,,,,,,
wine_quality,mlp,__prediction_only__,625,0,,,,,,,
wine_quality,mlp,__prediction_only__,1427,0,,,,,,,
wine_quality,mlp,__prediction_only__,1109,0,,,,,,,
wine_quality,mlp,__prediction_only__,170,0,,,,,,,
wine_quality,mlp,__prediction_only__,1595,0,,,,,,,
wine_quality,mlp,__prediction_only__,1339,0,,,,,,,
wine_quality,mlp,__prediction_only__,43,0,,,,,,,
wine_quality,mlp,__prediction_only__,1422,0,,,,,,,
wine_quality,mlp,__prediction_only__,1116,0,,,,,,,
wine_quality,mlp,__prediction_only__,1475,1,,,,,,,
wine_quality,mlp,__prediction_only__,1169,0,,,,,,,
wine_quality,mlp,__prediction_only__,1231,0,,,,,,,
wine_quality,mlp,__prediction_only__,1048,0,,,,,,,
wine_quality,mlp,__prediction_only__,914,0,,,,,,,
wine_quality,mlp,__prediction_only__,1352,0,,,,,,,
wine_quality,mlp,__prediction_only__,918,0,,,,,,,
wine_quality,mlp,__prediction_only__,1304,0,,,,,,,
wine_quality,mlp,__prediction_only__,226,0,,,,,,,
wine_quality,mlp,__prediction_only__,368,0,,,,,,,
wine_quality,mlp,__prediction_only__,1483,0,,,,,,,
wine_quality,mlp,__prediction_only__,35,0,,,,,,,
wine_quality,mlp,__prediction_only__,1349,0,,,,,,,
wine_quality,mlp,__prediction_only__,1390,0,,,,,,,
wine_quality,mlp,__prediction_only__,388,0,,,,,,,
wine_quality,mlp,__prediction_only__,577,0,,,,,,,
wine_quality,mlp,__prediction_only__,164,0,,,,,,,
wine_quality,mlp,__prediction_only__,1456,0,,,,,,,
wine_quality,mlp,__prediction_only__,657,0,,,,,,,
wine_quality,mlp,__prediction_only__,1530,0,,,,,,,
wine_quality,mlp,__prediction_only__,1277,0,,,,,,,
wine_quality,mlp,__prediction_only__,1383,0,,,,,,,
wine_quality,mlp,__prediction_only__,1402,1,,,,,,,
wine_quality,mlp,__prediction_only__,405,0,,,,,,,
wine_quality,mlp,__prediction_only__,1321,0,,,,,,,
wine_quality,mlp,__prediction_only__,645,0,,,,,,,
wine_quality,mlp,__prediction_only__,1551,0,,,,,,,
wine_quality,mlp,__prediction_only__,1582,0,,,,,,,
wine_quality,mlp,__prediction_only__,611,0,,,,,,,
wine_quality,mlp,__prediction_only__,750,0,,,,,,,
wine_quality,mlp,__prediction_only__,1141,0,,,,,,,
wine_quality,mlp,__prediction_only__,1281,0,,,,,,,
wine_quality,mlp,__prediction_only__,1541,0,,,,,,,
wine_quality,mlp,__prediction_only__,1228,0,,,,,,,
wine_quality,mlp,__prediction_only__,6,0,,,,,,,
wine_quality,mlp,__prediction_only__,527,0,,,,,,,
wine_quality,mlp,__prediction_only__,1266,0,,,,,,,
wine_quality,mlp,__prediction_only__,1142,0,,,,,,,
wine_quality,mlp,__prediction_only__,1558,0,,,,,,,
wine_quality,mlp,__prediction_only__,571,0,,,,,,,
wine_quality,mlp,__prediction_only__,1243,0,,,,,,,
wine_quality,mlp,__prediction_only__,1412,1,,,,,,,
wine_quality,mlp,__prediction_only__,1138,0,,,,,,,
wine_quality,mlp,__prediction_only__,145,0,,,,,,,
wine_quality,mlp,__prediction_only__,298,0,,,,,,,
wine_quality,mlp,__prediction_only__,900,0,,,,,,,
wine_quality,mlp,__prediction_only__,1106,0,,,,,,,
wine_quality,mlp,__prediction_only__,1123,0,,,,,,,
wine_quality,mlp,__prediction_only__,1589,0,,,,,,,
wine_quality,mlp,__prediction_only__,1067,1,,,,,,,
wine_quality,mlp,__prediction_only__,534,0,,,,,,,
wine_quality,mlp,__prediction_only__,313,0,,,,,,,
wine_quality,mlp,__prediction_only__,1517,0,,,,,,,
wine_quality,mlp,__prediction_only__,1104,0,,,,,,,
wine_quality,mlp,__prediction_only__,183,0,,,,,,,
wine_quality,mlp,__prediction_only__,3,0,,,,,,,
wine_quality,mlp,__prediction_only__,12,0,,,,,,,
wine_quality,mlp,__prediction_only__,141,0,,,,,,,
wine_quality,mlp,__prediction_only__,1270,0,,,,,,,
wine_quality,mlp,__prediction_only__,1049,0,,,,,,,
wine_quality,mlp,__prediction_only__,1221,0,,,,,,,
wine_quality,mlp,__prediction_only__,1429,0,,,,,,,
wine_quality,mlp,__prediction_only__,435,0,,,,,,,
wine_quality,mlp,__prediction_only__,971,0,,,,,,,
wine_quality,mlp,__prediction_only__,762,0,,,,,,,
wine_quality,mlp,__prediction_only__,1325,0,,,,,,,
wine_quality,mlp,__prediction_only__,504,1,,,,,,,
wine_quality,mlp,__prediction_only__,177,0,,,,,,,
wine_quality,mlp,__prediction_only__,485,0,,,,,,,
wine_quality,mlp,__prediction_only__,379,0,,,,,,,
wine_quality,mlp,__prediction_only__,286,0,,,,,,,
wine_quality,mlp,__prediction_only__,52,0,,,,,,,
wine_quality,mlp,__prediction_only__,340,0,,,,,,,
wine_quality,mlp,__prediction_only__,1522,0,,,,,,,
wine_quality,mlp,__prediction_only__,1542,0,,,,,,,
wine_quality,mlp,__prediction_only__,908,0,,,,,,,
wine_quality,mlp,__prediction_only__,64,0,,,,,,,
wine_quality,mlp,__prediction_only__,236,0,,,,,,,
wine_quality,mlp,__prediction_only__,1003,0,,,,,,,
wine_quality,mlp,__prediction_only__,916,0,,,,,,,
wine_quality,mlp,__prediction_only__,1196,0,,,,,,,
wine_quality,mlp,__prediction_only__,1053,1,,,,,,,
wine_quality,mlp,__prediction_only__,506,1,,,,,,,
wine_quality,mlp,__prediction_only__,637,0,,,,,,,
wine_quality,mlp,__prediction_only__,408,1,,,,,,,
wine_quality,mlp,__prediction_only__,412,0,,,,,,,
wine_quality,mlp,__prediction_only__,974,1,,,,,,,
wine_quality,mlp,__prediction_only__,1156,0,,,,,,,
wine_quality,mlp,__prediction_only__,1594,0,,,,,,,
wine_quality,mlp,__prediction_only__,1342,0,,,,,,,
wine_quality,mlp,__prediction_only__,603,0,,,,,,,
wine_quality,mlp,__prediction_only__,561,0,,,,,,,
wine_quality,mlp,__prediction_only__,1549,1,,,,,,,
wine_quality,mlp,__prediction_only__,403,0,,,,,,,
wine_quality,mlp,__prediction_only__,648,0,,,,,,,
wine_quality,mlp,__prediction_only__,1072,0,,,,,,,
wine_quality,mlp,__prediction_only__,322,0,,,,,,,
wine_quality,mlp,__prediction_only__,333,0,,,,,,,
wine_quality,mlp,__prediction_only__,1585,1,,,,,,,
wine_quality,mlp,__prediction_only__,1345,0,,,,,,,
wine_quality,mlp,__prediction_only__,70,0,,,,,,,
wine_quality,mlp,__prediction_only__,1580,0,,,,,,,
wine_quality,mlp,__prediction_only__,1223,1,,,,,,,
wine_quality,mlp,__prediction_only__,1153,0,,,,,,,
wine_quality,mlp,__prediction_only__,607,0,,,,,,,
wine_quality,mlp,__prediction_only__,1314,0,,,,,,,
wine_quality,mlp,__prediction_only__,1222,0,,,,,,,
wine_quality,mlp,__prediction_only__,334,0,,,,,,,
wine_quality,mlp,__prediction_only__,840,1,,,,,,,
wine_quality,mlp,__prediction_only__,82,0,,,,,,,
wine_quality,mlp,__prediction_only__,1312,0,,,,,,,
wine_quality,mlp,__prediction_only__,359,0,,,,,,,
wine_quality,mlp,__prediction_only__,942,0,,,,,,,
wine_quality,mlp,__prediction_only__,1423,0,,,,,,,
wine_quality,mlp,__prediction_only__,85,0,,,,,,,
wine_quality,mlp,__prediction_only__,549,0,,,,,,,
wine_quality,mlp,__prediction_only__,718,0,,,,,,,
wine_quality,mlp,__prediction_only__,749,0,,,,,,,
wine_quality,mlp,__prediction_only__,475,0,,,,,,,
wine_quality,mlp,__prediction_only__,1101,0,,,,,,,
wine_quality,mlp,__prediction_only__,1537,0,,,,,,,
wine_quality,mlp,__prediction_only__,790,0,,,,,,,
wine_quality,mlp,__prediction_only__,1252,0,,,,,,,
wine_quality,mlp,__prediction_only__,411,0,,,,,,,
wine_quality,mlp,__prediction_only__,1581,0,,,,,,,
wine_quality,mlp,__prediction_only__,190,0,,,,,,,
wine_quality,mlp,__prediction_only__,1401,0,,,,,,,
wine_quality,mlp,__prediction_only__,587,0,,,,,,,
wine_quality,mlp,__prediction_only__,706,0,,,,,,,
wine_quality,mlp,__prediction_only__,1527,0,,,,,,,
wine_quality,mlp,__prediction_only__,26,0,,,,,,,
wine_quality,mlp,__prediction_only__,58,0,,,,,,,
wine_quality,mlp,__prediction_only__,95,0,,,,,,,
wine_quality,mlp,__prediction_only__,1115,0,,,,,,,
wine_quality,mlp,__prediction_only__,808,0,,,,,,,
wine_quality,mlp,__prediction_only__,225,0,,,,,,,
wine_quality,mlp,__prediction_only__,300,0,,,,,,,
wine_quality,mlp,__prediction_only__,1077,0,,,,,,,
wine_quality,mlp,__prediction_only__,395,0,,,,,,,
wine_quality,mlp,__prediction_only__,674,0,,,,,,,
wine_quality,mlp,__prediction_only__,1056,0,,,,,,,
wine_quality,mlp,__prediction_only__,520,0,,,,,,,
wine_quality,mlp,__prediction_only__,678,0,,,,,,,
wine_quality,mlp,__prediction_only__,123,0,,,,,,,
wine_quality,mlp,__prediction_only__,1293,0,,,,,,,
wine_quality,mlp,__prediction_only__,1013,0,,,,,,,
wine_quality,mlp,__prediction_only__,1326,0,,,,,,,
wine_quality,mlp,__prediction_only__,1004,0,,,,,,,
wine_quality,mlp,__prediction_only__,84,0,,,,,,,
wine_quality,mlp,__prediction_only__,903,0,,,,,,,
wine_quality,mlp,__prediction_only__,775,0,,,,,,,
wine_quality,mlp,__prediction_only__,361,0,,,,,,,
wine_quality,mlp,__prediction_only__,1492,0,,,,,,,
wine_quality,mlp,__prediction_only__,1155,0,,,,,,,
wine_quality,mlp,__prediction_only__,747,0,,,,,,,
wine_quality,mlp,__prediction_only__,668,0,,,,,,,
wine_quality,mlp,__prediction_only__,337,0,,,,,,,
wine_quality,mlp,__prediction_only__,1300,0,,,,,,,
wine_quality,mlp,__prediction_only__,219,0,,,,,,,
wine_quality,mlp,__prediction_only__,457,0,,,,,,,
wine_quality,mlp,__prediction_only__,1391,0,,,,,,,
wine_quality,mlp,__prediction_only__,970,0,,,,,,,
wine_quality,mlp,__prediction_only__,1023,0,,,,,,,
wine_quality,mlp,__prediction_only__,812,0,,,,,,,
wine_quality,mlp,__prediction_only__,1499,0,,,,,,,
wine_quality,mlp,__prediction_only__,1333,0,,,,,,,
wine_quality,mlp,__prediction_only__,296,0,,,,,,,
wine_quality,mlp,__prediction_only__,263,0,,,,,,,
wine_quality,mlp,__prediction_only__,708,0,,,,,,,
wine_quality,mlp,__prediction_only__,793,0,,,,,,,
wine_quality,mlp,__prediction_only__,374,0,,,,,,,
wine_quality,mlp,__prediction_only__,60,0,,,,,,,
wine_quality,mlp,__prediction_only__,998,0,,,,,,,
wine_quality,mlp,__prediction_only__,106,0,,,,,,,
wine_quality,mlp,__prediction_only__,1078,0,,,,,,,
wine_quality,mlp,__prediction_only__,371,0,,,,,,,
wine_quality,mlp,__prediction_only__,851,0,,,,,,,
wine_quality,mlp,__prediction_only__,142,0,,,,,,,
wine_quality,mlp,__prediction_only__,1084,0,,,,,,,
wine_quality,mlp,__prediction_only__,1309,0,,,,,,,
wine_quality,mlp,__prediction_only__,1209,1,,,,,,,
wine_quality,mlp,__prediction_only__,1149,0,,,,,,,
wine_quality,mlp,__prediction_only__,838,1,,,,,,,
wine_quality,mlp,__prediction_only__,31,0,,,,,,,
wine_quality,mlp,__prediction_only__,913,1,,,,,,,
wine_quality,mlp,__prediction_only__,550,0,,,,,,,
wine_quality,mlp,__prediction_only__,556,0,,,,,,,
wine_quality,mlp,__prediction_only__,1111,0,,,,,,,
wine_quality,mlp,__prediction_only__,257,0,,,,,,,
wine_quality,mlp,__prediction_only__,896,1,,,,,,,
wine_quality,mlp,__prediction_only__,1042,0,,,,,,,
wine_quality,mlp,__prediction_only__,986,0,,,,,,,
wine_quality,mlp,__prediction_only__,1064,0,,,,,,,
wine_quality,mlp,__prediction_only__,977,0,,,,,,,
wine_quality,mlp,__prediction_only__,1189,0,,,,,,,
wine_quality,mlp,__prediction_only__,710,0,,,,,,,
wine_quality,mlp,__prediction_only__,1006,1,,,,,,,
wine_quality,mlp,__prediction_only__,251,0,,,,,,,
wine_quality,mlp,__prediction_only__,628,0,,,,,,,
wine_quality,mlp,__prediction_only__,483,0,,,,,,,
wine_quality,mlp,__prediction_only__,807,1,,,,,,,
wine_quality,mlp,__prediction_only__,1308,0,,,,,,,
wine_quality,mlp,__prediction_only__,118,0,,,,,,,
wine_quality,mlp,__prediction_only__,1465,0,,,,,,,
wine_quality,mlp,__prediction_only__,154,0,,,,,,,
wine_quality,mlp,__prediction_only__,143,0,,,,,,,
wine_quality,mlp,__prediction_only__,358,1,,,,,,,
wine_quality,mlp,__prediction_only__,351,0,,,,,,,
wine_quality,mlp,__prediction_only__,433,0,,,,,,,
wine_quality,mlp,__prediction_only__,593,0,,,,,,,
wine_quality,mlp,__prediction_only__,1385,0,,,,,,,
wine_quality,mlp,__prediction_only__,1387,0,,,,,,,
wine_quality,mlp,__prediction_only__,569,0,,,,,,,
wine_quality,mlp,__prediction_only__,1063,1,,,,,,,
wine_quality,mlp,__prediction_only__,1033,0,,,,,,,
wine_quality,mlp,__prediction_only__,1307,0,,,,,,,
wine_quality,mlp,__prediction_only__,1376,0,,,,,,,
wine_quality,mlp,__prediction_only__,463,0,,,,,,,
wine_quality,mlp,__prediction_only__,426,0,,,,,,,
wine_quality,mlp,__prediction_only__,290,0,,,,,,,
wine_quality,mlp,__prediction_only__,492,1,,,,,,,
wine_quality,mlp,__prediction_only__,1444,0,,,,,,,
wine_quality,mlp,__prediction_only__,741,0,,,,,,,
wine_quality,mlp,__prediction_only__,700,0,,,,,,,
wine_quality,mlp,__prediction_only__,397,0,,,,,,,
wine_quality,mlp,__prediction_only__,161,0,,,,,,,
wine_quality,mlp,__prediction_only__,102,0,,,,,,,
wine_quality,mlp,__prediction_only__,276,0,,,,,,,
wine_quality,mlp,__prediction_only__,993,0,,,,,,,
wine_quality,mlp,__prediction_only__,969,0,,,,,,,
wine_quality,mlp,__prediction_only__,474,0,,,,,,,
wine_quality,mlp,__prediction_only__,459,0,,,,,,,
wine_quality,mlp,__prediction_only__,487,0,,,,,,,
wine_quality,mlp,__prediction_only__,51,0,,,,,,,
wine_quality,mlp,__prediction_only__,1182,0,,,,,,,
wine_quality,mlp,__prediction_only__,589,1,,,,,,,
wine_quality,mlp,__prediction_only__,1503,0,,,,,,,
wine_quality,mlp,__prediction_only__,1514,0,,,,,,,
wine_quality,mlp,__prediction_only__,621,0,,,,,,,
wine_quality,mlp,__prediction_only__,1334,0,,,,,,,
wine_quality,mlp,__prediction_only__,304,0,,,,,,,
wine_quality,mlp,__prediction_only__,1043,0,,,,,,,
wine_quality,mlp,__prediction_only__,112,0,,,,,,,
wine_quality,mlp,__prediction_only__,1040,0,,,,,,,
wine_quality,mlp,__prediction_only__,514,1,,,,,,,
wine_quality,mlp,__prediction_only__,493,0,,,,,,,
wine_quality,mlp,__prediction_only__,606,1,,,,,,,
wine_quality,mlp,__prediction_only__,677,0,,,,,,,
wine_quality,mlp,__prediction_only__,516,1,,,,,,,
wine_quality,mlp,__prediction_only__,541,0,,,,,,,
wine_quality,mlp,__prediction_only__,314,0,,,,,,,
wine_quality,mlp,__prediction_only__,1193,0,,,,,,,
wine_quality,mlp,__prediction_only__,1161,0,,,,,,,
wine_quality,mlp,__prediction_only__,693,0,,,,,,,
wine_quality,mlp,__prediction_only__,88,0,,,,,,,
wine_quality,mlp,__prediction_only__,1239,0,,,,,,,
wine_quality,mlp,__prediction_only__,1008,1,,,,,,,
wine_quality,mlp,__prediction_only__,1434,0,,,,,,,
wine_quality,mlp,__prediction_only__,199,0,,,,,,,
wine_quality,mlp,__prediction_only__,176,0,,,,,,,
wine_quality,mlp,__prediction_only__,1298,0,,,,,,,
wine_quality,mlp,__prediction_only__,1460,0,,,,,,,
wine_quality,mlp,__prediction_only__,36,0,,,,,,,
wine_quality,mlp,__prediction_only__,9,0,,,,,,,
wine_quality,mlp,__prediction_only__,980,0,,,,,,,
wine_quality,mlp,__prediction_only__,1538,0,,,,,,,
wine_quality,mlp,__prediction_only__,1114,0,,,,,,,
wine_quality,mlp,__prediction_only__,415,0,,,,,,,
wine_quality,mlp,__prediction_only__,357,1,,,,,,,
wine_quality,mlp,__prediction_only__,171,0,,,,,,,
wine_quality,mlp,__prediction_only__,1280,0,,,,,,,
wine_quality,mlp,__prediction_only__,689,0,,,,,,,
wine_quality,mlp,__prediction_only__,1400,0,,,,,,,
wine_quality,mlp,__prediction_only__,30,0,,,,,,,
wine_quality,mlp,__prediction_only__,1069,0,,,,,,,
wine_quality,mlp,__prediction_only__,988,0,,,,,,,
wine_quality,mlp,__prediction_only__,32,0,,,,,,,
wine_quality,mlp,__prediction_only__,667,0,,,,,,,
wine_quality,mlp,__prediction_only__,1493,0,,,,,,,
wine_quality,mlp,__prediction_only__,1544,1,,,,,,,
wine_quality,mlp,__prediction_only__,1553,0,,,,,,,
wine_quality,mlp,__prediction_only__,848,0,,,,,,,
wine_quality,mlp,__prediction_only__,55,0,,,,,,,
wine_quality,mlp,__prediction_only__,11,0,,,,,,,
wine_quality,mlp,__prediction_only__,792,0,,,,,,,
wine_quality,mlp,__prediction_only__,744,0,,,,,,,
wine_quality,mlp,__prediction_only__,1520,0,,,,,,,
wine_quality,mlp,__prediction_only__,538,1,,,,,,,
wine_quality,mlp,__prediction_only__,563,0,,,,,,,
wine_quality,mlp,__prediction_only__,1545,0,,,,,,,
wine_quality,mlp,__prediction_only__,821,1,,,,,,,
wine_quality,mlp,__prediction_only__,0,0,,,,,,,
wine_quality,mlp,__prediction_only__,1534,0,,,,,,,
wine_quality,mlp,__prediction_only__,901,0,,,,,,,
wine_quality,mlp,__prediction_only__,822,0,,,,,,,
wine_quality,mlp,__prediction_only__,221,0,,,,,,,
wine_quality,mlp,__prediction_only__,601,0,,,,,,,
wine_quality,mlp,__prediction_only__,400,0,,,,,,,
wine_quality,mlp,__prediction_only__,1584,1,,,,,,,
wine_quality,mlp,__prediction_only__,1386,0,,,,,,,
wine_quality,mlp,__prediction_only__,991,0,,,,,,,
wine_quality,mlp,__prediction_only__,915,1,,,,,,,
wine_quality,mlp,__prediction_only__,1030,0,,,,,,,
wine_quality,mlp,__prediction_only__,629,0,,,,,,,
wine_quality,mlp,__prediction_only__,175,0,,,,,,,
wine_quality,mlp,__prediction_only__,552,0,,,,,,,
wine_quality,mlp,__prediction_only__,1154,0,,,,,,,
wine_quality,mlp,__prediction_only__,785,0,,,,,,,
wine_quality,mlp,__prediction_only__,1335,0,,,,,,,
wine_quality,mlp,__prediction_only__,1098,1,,,,,,,
wine_quality,mlp,__prediction_only__,833,0,,,,,,,
wine_quality,mlp,__prediction_only__,1213,0,,,,,,,
wine_quality,mlp,__prediction_only__,146,0,,,,,,,
wine_quality,mlp,__prediction_only__,679,0,,,,,,,
wine_quality,mlp,__prediction_only__,367,0,,,,,,,
wine_quality,mlp,__prediction_only__,1273,0,,,,,,,
wine_quality,mlp,__prediction_only__,927,0,,,,,,,
wine_quality,mlp,__prediction_only__,752,0,,,,,,,
wine_quality,mlp,__prediction_only__,346,1,,,,,,,
wine_quality,mlp,__prediction_only__,917,0,,,,,,,
wine_quality,mlp,__prediction_only__,248,0,,,,,,,
wine_quality,mlp,__prediction_only__,891,0,,,,,,,
wine_quality,mlp,__prediction_only__,48,0,,,,,,,
wine_quality,mlp,__prediction_only__,1248,0,,,,,,,
wine_quality,mlp,__prediction_only__,530,0,,,,,,,
wine_quality,mlp,__prediction_only__,1062,0,,,,,,,
wine_quality,mlp,__prediction_only__,1470,0,,,,,,,
wine_quality,mlp,__prediction_only__,134,0,,,,,,,
wine_quality,mlp,__prediction_only__,829,0,,,,,,,
wine_quality,mlp,__prediction_only__,962,0,,,,,,,
wine_quality,mlp,__prediction_only__,615,0,,,,,,,
wine_quality,mlp,__prediction_only__,526,0,,,,,,,
wine_quality,mlp,__prediction_only__,99,0,,,,,,,
wine_quality,mlp,__prediction_only__,847,0,,,,,,,
wine_quality,mlp,__prediction_only__,1479,0,,,,,,,
wine_quality,mlp,__prediction_only__,531,0,,,,,,,
wine_quality,mlp,__prediction_only__,598,0,,,,,,,
wine_quality,mlp,__prediction_only__,315,0,,,,,,,
wine_quality,mlp,__prediction_only__,87,0,,,,,,,
wine_quality,mlp,__prediction_only__,1226,0,,,,,,,
wine_quality,mlp,__prediction_only__,748,0,,,,,,,
wine_quality,mlp,__prediction_only__,1005,0,,,,,,,
wine_quality,mlp,__prediction_only__,1037,0,,,,,,,
wine_quality,mlp,__prediction_only__,731,0,,,,,,,
wine_quality,mlp,__prediction_only__,252,0,,,,,,,
wine_quality,mlp,__prediction_only__,1523,0,,,,,,,
wine_quality,mlp,__prediction_only__,519,0,,,,,,,
wine_quality,mlp,__prediction_only__,317,0,,,,,,,
wine_quality,mlp,__prediction_only__,1526,0,,,,,,,
wine_quality,mlp,__prediction_only__,477,1,,,,,,,
wine_quality,mlp,__prediction_only__,565,0,,,,,,,
wine_quality,mlp,__prediction_only__,1085,0,,,,,,,
wine_quality,mlp,__prediction_only__,662,0,,,,,,,
wine_quality,mlp,__prediction_only__,899,0,,,,,,,
wine_quality,mlp,__prediction_only__,612,0,,,,,,,
wine_quality,mlp,__prediction_only__,1108,0,,,,,,,
wine_quality,mlp,__prediction_only__,594,0,,,,,,,
wine_quality,mlp,__prediction_only__,1254,0,,,,,,,
wine_quality,mlp,__prediction_only__,1028,0,,,,,,,
wine_quality,mlp,__prediction_only__,363,0,,,,,,,
wine_quality,mlp,__prediction_only__,1022,0,,,,,,,
wine_quality,mlp,__prediction_only__,416,0,,,,,,,
wine_quality,mlp,__prediction_only__,468,0,,,,,,,
wine_quality,mlp,__prediction_only__,585,0,,,,,,,
wine_quality,mlp,__prediction_only__,860,0,,,,,,,
wine_quality,mlp,__prediction_only__,777,0,,,,,,,
wine_quality,mlp,__prediction_only__,990,0,,,,,,,
wine_quality,mlp,__prediction_only__,1557,0,,,,,,,
wine_quality,mlp,__prediction_only__,375,1,,,,,,,
wine_quality,mlp,__prediction_only__,1052,0,,,,,,,
wine_quality,mlp,__prediction_only__,391,0,,,,,,,
wine_quality,mlp,__prediction_only__,1425,0,,,,,,,
wine_quality,mlp,__prediction_only__,536,0,,,,,,,
wine_quality,mlp,__prediction_only__,1264,0,,,,,,,
wine_quality,mlp,__prediction_only__,1466,0,,,,,,,
wine_quality,mlp,__prediction_only__,865,0,,,,,,,
wine_quality,mlp,__prediction_only__,1564,0,,,,,,,
wine_quality,mlp,__prediction_only__,987,0,,,,,,,
wine_quality,mlp,__prediction_only__,482,0,,,,,,,
wine_quality,mlp,__prediction_only__,809,0,,,,,,,
wine_quality,mlp,__prediction_only__,794,0,,,,,,,
wine_quality,mlp,__prediction_only__,1119,0,,,,,,,
wine_quality,mlp,__prediction_only__,414,0,,,,,,,
wine_quality,mlp,__prediction_only__,398,0,,,,,,,
wine_quality,mlp,__prediction_only__,279,0,,,,,,,
wine_quality,mlp,__prediction_only__,402,0,,,,,,,
wine_quality,mlp,__prediction_only__,437,0,,,,,,,
wine_quality,mlp,__prediction_only__,168,0,,,,,,,
wine_quality,mlp,__prediction_only__,1395,0,,,,,,,
wine_quality,mlp,__prediction_only__,151,0,,,,,,,
wine_quality,mlp,__prediction_only__,649,0,,,,,,,
wine_quality,mlp,__prediction_only__,583,0,,,,,,,
wine_quality,mlp,__prediction_only__,924,1,,,,,,,
wine_quality,mlp,__prediction_only__,1241,0,,,,,,,
wine_quality,mlp,__prediction_only__,787,0,,,,,,,
wine_quality,mlp,__prediction_only__,381,0,,,,,,,
wine_quality,mlp,__prediction_only__,1362,0,,,,,,,
wine_quality,mlp,__prediction_only__,1513,0,,,,,,,
wine_quality,mlp,__prediction_only__,132,0,,,,,,,
wine_quality,mlp,__prediction_only__,303,0,,,,,,,
wine_quality,mlp,__prediction_only__,1179,0,,,,,,,
wine_quality,mlp,__prediction_only__,1066,1,,,,,,,
wine_quality,mlp,__prediction_only__,547,0,,,,,,,
wine_quality,mlp,__prediction_only__,125,0,,,,,,,
wine_quality,mlp,__prediction_only__,498,0,,,,,,,
wine_quality,mlp,__prediction_only__,1484,0,,,,,,,
wine_quality,mlp,__prediction_only__,555,0,,,,,,,
wine_quality,mlp,__prediction_only__,1167,1,,,,,,,
wine_quality,mlp,__prediction_only__,187,0,,,,,,,
wine_quality,mlp,__prediction_only__,62,0,,,,,,,
wine_quality,mlp,__prediction_only__,137,0,,,,,,,
wine_quality,mlp,__prediction_only__,325,0,,,,,,,
wine_quality,mlp,__prediction_only__,455,1,,,,,,,
wine_quality,mlp,__prediction_only__,548,0,,,,,,,
wine_quality,mlp,__prediction_only__,1122,0,,,,,,,
wine_quality,mlp,__prediction_only__,758,0,,,,,,,
wine_quality,mlp,__prediction_only__,509,1,,,,,,,
wine_quality,mlp,__prediction_only__,345,0,,,,,,,
wine_quality,mlp,__prediction_only__,723,0,,,,,,,
wine_quality,mlp,__prediction_only__,130,0,,,,,,,
wine_quality,mlp,__prediction_only__,277,0,,,,,,,
wine_quality,mlp,__prediction_only__,76,0,,,,,,,
wine_quality,mlp,__prediction_only__,1360,0,,,,,,,
wine_quality,mlp,__prediction_only__,430,1,,,,,,,
wine_quality,mlp,__prediction_only__,948,1,,,,,,,
wine_quality,mlp,__prediction_only__,614,0,,,,,,,
wine_quality,mlp,__prediction_only__,245,0,,,,,,,
wine_quality,mlp,__prediction_only__,202,0,,,,,,,
wine_quality,mlp,__prediction_only__,624,0,,,,,,,
wine_quality,mlp,__prediction_only__,240,0,,,,,,,
wine_quality,mlp,__prediction_only__,1336,0,,,,,,,
wine_quality,mlp,__prediction_only__,200,0,,,,,,,
wine_quality,mlp,__prediction_only__,633,0,,,,,,,
wine_quality,mlp,__prediction_only__,1041,0,,,,,,,
wine_quality,mlp,__prediction_only__,488,0,,,,,,,
wine_quality,mlp,__prediction_only__,205,1,,,,,,,
wine_quality,mlp,__prediction_only__,120,0,,,,,,,
wine_quality,mlp,__prediction_only__,443,0,,,,,,,
wine_quality,mlp,__prediction_only__,932,0,,,,,,,
wine_quality,mlp,__prediction_only__,404,0,,,,,,,
wine_quality,mlp,__prediction_only__,1147,0,,,,,,,
wine_quality,mlp,__prediction_only__,1244,0,,,,,,,
wine_quality,mlp,__prediction_only__,1359,0,,,,,,,
wine_quality,mlp,__prediction_only__,1220,0,,,,,,,
wine_quality,mlp,__prediction_only__,978,0,,,,,,,
wine_quality,mlp,__prediction_only__,1421,0,,,,,,,
wine_quality,mlp,__prediction_only__,682,0,,,,,,,
wine_quality,mlp,__prediction_only__,1448,0,,,,,,,
wine_quality,mlp,__prediction_only__,1194,0,,,,,,,
wine_quality,mlp,__prediction_only__,685,0,,,,,,,
wine_quality,mlp,__prediction_only__,659,0,,,,,,,
wine_quality,mlp,__prediction_only__,802,1,,,,,,,
wine_quality,mlp,__prediction_only__,600,0,,,,,,,
wine_quality,mlp,__prediction_only__,1420,0,,,,,,,
wine_quality,mlp,__prediction_only__,844,0,,,,,,,
wine_quality,mlp,__prediction_only__,71,0,,,,,,,
wine_quality,mlp,__prediction_only__,1593,0,,,,,,,
wine_quality,mlp,__prediction_only__,365,1,,,,,,,
wine_quality,mlp,__prediction_only__,1031,0,,,,,,,
wine_quality,mlp,__prediction_only__,1240,0,,,,,,,
wine_quality,mlp,__prediction_only__,407,0,,,,,,,
wine_quality,mlp,__prediction_only__,328,0,,,,,,,
wine_quality,mlp,__prediction_only__,1245,0,,,,,,,
wine_quality,mlp,__prediction_only__,440,0,,,,,,,
wine_quality,mlp,__prediction_only__,271,0,,,,,,,
wine_quality,mlp,__prediction_only__,81,0,,,,,,,
wine_quality,mlp,__prediction_only__,394,0,,,,,,,
wine_quality,mlp,__prediction_only__,618,0,,,,,,,
wine_quality,mlp,__prediction_only__,280,0,,,,,,,
wine_quality,mlp,__prediction_only__,1286,0,,,,,,,
wine_quality,mlp,__prediction_only__,494,0,,,,,,,
wine_quality,mlp,__prediction_only__,1583,0,,,,,,,
wine_quality,mlp,__prediction_only__,1591,0,,,,,,,
wine_quality,mlp,__prediction_only__,892,0,,,,,,,
wine_quality,mlp,__prediction_only__,436,0,,,,,,,
wine_quality,mlp,__prediction_only__,1246,0,,,,,,,
wine_quality,mlp,__prediction_only__,309,0,,,,,,,
wine_quality,mlp,__prediction_only__,229,0,,,,,,,
wine_quality,mlp,__prediction_only__,476,0,,,,,,,
wine_quality,mlp,__prediction_only__,1439,0,,,,,,,
wine_quality,mlp,__prediction_only__,204,0,,,,,,,
wine_quality,mlp,__prediction_only__,923,0,,,,,,,
wine_quality,mlp,__prediction_only__,318,0,,,,,,,
wine_quality,mlp,__prediction_only__,1450,1,,,,,,,
wine_quality,mlp,__prediction_only__,1181,0,,,,,,,
wine_quality,mlp,__prediction_only__,857,0,,,,,,,
wine_quality,mlp,__prediction_only__,508,0,,,,,,,
wine_quality,mlp,__prediction_only__,955,0,,,,,,,
wine_quality,mlp,__prediction_only__,1027,0,,,,,,,
wine_quality,mlp,__prediction_only__,1178,0,,,,,,,
wine_quality,mlp,__prediction_only__,1188,0,,,,,,,
wine_quality,mlp,__prediction_only__,902,0,,,,,,,
wine_quality,mlp,__prediction_only__,818,0,,,,,,,
wine_quality,mlp,__prediction_only__,38,0,,,,,,,
wine_quality,mlp,__prediction_only__,1255,0,,,,,,,
wine_quality,mlp,__prediction_only__,496,0,,,,,,,
wine_quality,mlp,__prediction_only__,947,1,,,,,,,
wine_quality,mlp,__prediction_only__,861,0,,,,,,,
wine_quality,mlp,__prediction_only__,839,0,,,,,,,
wine_quality,mlp,__prediction_only__,1559,0,,,,,,,
wine_quality,mlp,__prediction_only__,1125,0,,,,,,,
wine_quality,mlp,__prediction_only__,1124,0,,,,,,,
wine_quality,mlp,__prediction_only__,1328,0,,,,,,,
wine_quality,mlp,__prediction_only__,1453,0,,,,,,,
wine_quality,mlp,__prediction_only__,234,0,,,,,,,
wine_quality,mlp,__prediction_only__,1289,0,,,,,,,
wine_quality,mlp,__prediction_only__,696,0,,,,,,,
wine_quality,mlp,__prediction_only__,626,0,,,,,,,
wine_quality,mlp,__prediction_only__,819,0,,,,,,,
wine_quality,mlp,__prediction_only__,933,0,,,,,,,
wine_quality,mlp,__prediction_only__,1107,1,,,,,,,
wine_quality,mlp,__prediction_only__,1016,1,,,,,,,
wine_quality,mlp,__prediction_only__,511,0,,,,,,,
wine_quality,mlp,__prediction_only__,1494,0,,,,,,,
wine_quality,mlp,__prediction_only__,1365,0,,,,,,,
wine_quality,mlp,__prediction_only__,1437,0,,,,,,,
wine_quality,mlp,__prediction_only__,870,0,,,,,,,
wine_quality,mlp,__prediction_only__,1253,0,,,,,,,
wine_quality,mlp,__prediction_only__,228,0,,,,,,,
wine_quality,mlp,__prediction_only__,1461,0,,,,,,,
wine_quality,mlp,__prediction_only__,647,0,,,,,,,
wine_quality,mlp,__prediction_only__,1263,0,,,,,,,
wine_quality,mlp,__prediction_only__,1586,0,,,,,,,
wine_quality,mlp,__prediction_only__,616,0,,,,,,,
wine_quality,mlp,__prediction_only__,452,0,,,,,,,
wine_quality,mlp,__prediction_only__,456,0,,,,,,,
wine_quality,mlp,__prediction_only__,61,0,,,,,,,
wine_quality,mlp,__prediction_only__,982,1,,,,,,,
wine_quality,mlp,__prediction_only__,1410,0,,,,,,,
wine_quality,mlp,__prediction_only__,1472,0,,,,,,,
wine_quality,mlp,__prediction_only__,1399,0,,,,,,,
wine_quality,mlp,__prediction_only__,1531,0,,,,,,,
wine_quality,mlp,__prediction_only__,1075,0,,,,,,,
wine_quality,mlp,__prediction_only__,961,0,,,,,,,
wine_quality,mlp,__prediction_only__,1170,0,,,,,,,
wine_quality,mlp,__prediction_only__,1061,1,,,,,,,
wine_quality,mlp,__prediction_only__,1337,0,,,,,,,
wine_quality,mlp,__prediction_only__,410,0,,,,,,,
wine_quality,mlp,__prediction_only__,950,1,,,,,,,
wine_quality,mlp,__prediction_only__,596,0,,,,,,,
wine_quality,mlp,__prediction_only__,939,0,,,,,,,
wine_quality,mlp,__prediction_only__,429,0,,,,,,,
wine_quality,mlp,__prediction_only__,193,0,,,,,,,
wine_quality,mlp,__prediction_only__,1508,0,,,,,,,
wine_quality,mlp,__prediction_only__,733,0,,,,,,,
wine_quality,mlp,__prediction_only__,578,0,,,,,,,
wine_quality,mlp,__prediction_only__,1442,0,,,,,,,
wine_quality,mlp,__prediction_only__,1121,0,,,,,,,
wine_quality,mlp,__prediction_only__,849,0,,,,,,,
wine_quality,mlp,__prediction_only__,1051,0,,,,,,,
wine_quality,mlp,__prediction_only__,172,0,,,,,,,
wine_quality,mlp,__prediction_only__,1392,0,,,,,,,
wine_quality,mlp,__prediction_only__,1152,0,,,,,,,
wine_quality,mlp,__prediction_only__,448,0,,,,,,,
wine_quality,mlp,__prediction_only__,554,0,,,,,,,
wine_quality,mlp,__prediction_only__,1495,0,,,,,,,
wine_quality,mlp,__prediction_only__,274,0,,,,,,,
wine_quality,mlp,__prediction_only__,1029,0,,,,,,,
wine_quality,mlp,__prediction_only__,765,0,,,,,,,
wine_quality,mlp,__prediction_only__,1018,0,,,,,,,
wine_quality,mlp,__prediction_only__,930,0,,,,,,,
wine_quality,mlp,__prediction_only__,470,0,,,,,,,
wine_quality,mlp,__prediction_only__,237,0,,,,,,,
wine_quality,mlp,__prediction_only__,366,0,,,,,,,
wine_quality,mlp,__prediction_only__,1396,0,,,,,,,
wine_quality,mlp,__prediction_only__,725,0,,,,,,,
wine_quality,mlp,__prediction_only__,1218,0,,,,,,,
wine_quality,mlp,__prediction_only__,875,1,,,,,,,
wine_quality,mlp,__prediction_only__,267,1,,,,,,,
wine_quality,mlp,__prediction_only__,713,0,,,,,,,
wine_quality,mlp,__prediction_only__,13,0,,,,,,,
wine_quality,mlp,__prediction_only__,1424,0,,,,,,,
wine_quality,mlp,__prediction_only__,588,1,,,,,,,
wine_quality,mlp,__prediction_only__,157,0,,,,,,,
wine_quality,mlp,__prediction_only__,1398,0,,,,,,,
wine_quality,mlp,__prediction_only__,928,1,,,,,,,
wine_quality,mlp,__prediction_only__,1291,0,,,,,,,
wine_quality,mlp,__prediction_only__,1087,0,,,,,,,
wine_quality,mlp,__prediction_only__,540,0,,,,,,,
wine_quality,mlp,__prediction_only__,377,1,,,,,,,
wine_quality,mlp,__prediction_only__,1426,0,,,,,,,
wine_quality,mlp,__prediction_only__,981,0,,,,,,,
wine_quality,mlp,__prediction_only__,1136,1,,,,,,,
wine_quality,mlp,__prediction_only__,739,0,,,,,,,
wine_quality,mlp,__prediction_only__,244,0,,,,,,,
wine_quality,mlp,__prediction_only__,528,0,,,,,,,
wine_quality,mlp,__prediction_only__,18,0,,,,,,,
wine_quality,mlp,__prediction_only__,431,0,,,,,,,
wine_quality,mlp,__prediction_only__,1229,0,,,,,,,
wine_quality,mlp,__prediction_only__,1095,0,,,,,,,
wine_quality,mlp,__prediction_only__,841,0,,,,,,,
wine_quality,mlp,__prediction_only__,909,0,,,,,,,
wine_quality,mlp,__prediction_only__,800,0,,,,,,,
wine_quality,mlp,__prediction_only__,1355,0,,,,,,,
wine_quality,mlp,__prediction_only__,1275,0,,,,,,,
wine_quality,mlp,__prediction_only__,1197,0,,,,,,,
wine_quality,mlp,__prediction_only__,1059,0,,,,,,,
wine_quality,mlp,__prediction_only__,580,0,,,,,,,
wine_quality,mlp,__prediction_only__,1113,0,,,,,,,
wine_quality,mlp,__prediction_only__,581,0,,,,,,,
wine_quality,mlp,__prediction_only__,989,0,,,,,,,
wine_quality,mlp,__prediction_only__,261,0,,,,,,,
wine_quality,mlp,__prediction_only__,1001,0,,,,,,,
wine_quality,mlp,__prediction_only__,789,0,,,,,,,
wine_quality,mlp,__prediction_only__,1512,0,,,,,,,
wine_quality,mlp,__prediction_only__,1388,0,,,,,,,
wine_quality,mlp,__prediction_only__,1571,0,,,,,,,
wine_quality,mlp,__prediction_only__,23,0,,,,,,,
wine_quality,mlp,__prediction_only__,1021,0,,,,,,,
wine_quality,mlp,__prediction_only__,940,1,,,,,,,
wine_quality,mlp,__prediction_only__,1211,0,,,,,,,
wine_quality,mlp,__prediction_only__,289,0,,,,,,,
wine_quality,mlp,__prediction_only__,1319,0,,,,,,,
wine_quality,mlp,__prediction_only__,501,0,,,,,,,
wine_quality,mlp,__prediction_only__,523,0,,,,,,,
wine_quality,mlp,__prediction_only__,845,0,,,,,,,
wine_quality,mlp,__prediction_only__,687,0,,,,,,,
wine_quality,mlp,__prediction_only__,888,0,,,,,,,
wine_quality,mlp,__prediction_only__,1322,0,,,,,,,
wine_quality,mlp,__prediction_only__,772,0,,,,,,,
wine_quality,mlp,__prediction_only__,1560,0,,,,,,,
wine_quality,mlp,__prediction_only__,1250,0,,,,,,,
wine_quality,mlp,__prediction_only__,1574,0,,,,,,,
wine_quality,mlp,__prediction_only__,44,0,,,,,,,
wine_quality,mlp,__prediction_only__,15,0,,,,,,,
wine_quality,mlp,__prediction_only__,1476,0,,,,,,,
wine_quality,mlp,__prediction_only__,1556,0,,,,,,,
wine_quality,mlp,__prediction_only__,214,0,,,,,,,
wine_quality,mlp,__prediction_only__,152,0,,,,,,,
wine_quality,mlp,__prediction_only__,160,0,,,,,,,
wine_quality,mlp,__prediction_only__,1330,0,,,,,,,
wine_quality,mlp,__prediction_only__,1341,0,,,,,,,
wine_quality,mlp,__prediction_only__,265,0,,,,,,,
wine_quality,mlp,__prediction_only__,954,0,,,,,,,
wine_quality,mlp,__prediction_only__,344,1,,,,,,,
wine_quality,mlp,__prediction_only__,1482,0,,,,,,,
wine_quality,mlp,__prediction_only__,1127,0,,,,,,,
wine_quality,mlp,__prediction_only__,1539,0,,,,,,,
wine_quality,mlp,__prediction_only__,1367,0,,,,,,,
wine_quality,mlp,__prediction_only__,69,1,,,,,,,
wine_quality,mlp,__prediction_only__,764,0,,,,,,,
wine_quality,mlp,__prediction_only__,1547,0,,,,,,,
wine_quality,mlp,__prediction_only__,27,0,,,,,,,
wine_quality,mlp,__prediction_only__,1436,0,,,,,,,
wine_quality,mlp,__prediction_only__,163,0,,,,,,,
wine_quality,mlp,__prediction_only__,964,1,,,,,,,
wine_quality,mlp,__prediction_only__,1555,0,,,,,,,
wine_quality,mlp,__prediction_only__,1227,0,,,,,,,
wine_quality,mlp,__prediction_only__,1173,0,,,,,,,
wine_quality,mlp,__prediction_only__,692,0,,,,,,,
wine_quality,mlp,__prediction_only__,284,0,,,,,,,
wine_quality,mlp,__prediction_only__,1274,0,,,,,,,
wine_quality,mlp,__prediction_only__,1045,0,,,,,,,
wine_quality,mlp,__prediction_only__,451,0,,,,,,,
wine_quality,mlp,__prediction_only__,382,0,,,,,,,
wine_quality,mlp,__prediction_only__,632,0,,,,,,,
wine_quality,mlp,__prediction_only__,1301,0,,,,,,,
wine_quality,mlp,__prediction_only__,1267,1,,,,,,,
wine_quality,mlp,__prediction_only__,1370,0,,,,,,,
wine_quality,mlp,__prediction_only__,380,0,,,,,,,
wine_quality,mlp,__prediction_only__,810,0,,,,,,,
wine_quality,mlp,__prediction_only__,1502,0,,,,,,,
wine_quality,mlp,__prediction_only__,39,0,,,,,,,
wine_quality,mlp,__prediction_only__,270,0,,,,,,,
wine_quality,mlp,__prediction_only__,311,0,,,,,,,
wine_quality,mlp,__prediction_only__,450,0,,,,,,,
wine_quality,mlp,__prediction_only__,197,0,,,,,,,
wine_quality,mlp,__prediction_only__,1251,0,,,,,,,
wine_quality,mlp,__prediction_only__,216,0,,,,,,,
wine_quality,mlp,__prediction_only__,1473,0,,,,,,,
wine_quality,mlp,__prediction_only__,871,0,,,,,,,
wine_quality,mlp,__prediction_only__,243,0,,,,,,,
wine_quality,mlp,__prediction_only__,705,0,,,,,,,
wine_quality,mlp,__prediction_only__,992,0,,,,,,,
wine_quality,mlp,__prediction_only__,957,0,,,,,,,
wine_quality,mlp,__prediction_only__,1478,0,,,,,,,
wine_quality,mlp,__prediction_only__,100,0,,,,,,,
wine_quality,mlp,__prediction_only__,1324,0,,,,,,,
wine_quality,mlp,__prediction_only__,29,0,,,,,,,
wine_quality,mlp,__prediction_only__,532,0,,,,,,,
wine_quality,mlp,__prediction_only__,231,0,,,,,,,
wine_quality,mlp,__prediction_only__,820,0,,,,,,,
wine_quality,mlp,__prediction_only__,1405,1,,,,,,,
wine_quality,mlp,__prediction_only__,1297,0,,,,,,,
wine_quality,mlp,__prediction_only__,40,0,,,,,,,
wine_quality,mlp,__prediction_only__,1205,0,,,,,,,
wine_quality,mlp,__prediction_only__,1278,0,,,,,,,
wine_quality,mlp,__prediction_only__,999,0,,,,,,,
wine_quality,mlp,__prediction_only__,646,0,,,,,,,
wine_quality,mlp,__prediction_only__,22,0,,,,,,,
wine_quality,mlp,__prediction_only__,1120,1,,,,,,,
wine_quality,mlp,__prediction_only__,255,0,,,,,,,
wine_quality,mlp,__prediction_only__,140,0,,,,,,,
wine_quality,mlp,__prediction_only__,1357,0,,,,,,,
wine_quality,mlp,__prediction_only__,90,0,,,,,,,
wine_quality,mlp,__prediction_only__,242,0,,,,,,,
wine_quality,mlp,__prediction_only__,461,0,,,,,,,
wine_quality,mlp,__prediction_only__,660,0,,,,,,,
wine_quality,mlp,__prediction_only__,1452,0,,,,,,,
wine_quality,mlp,__prediction_only__,1292,0,,,,,,,
wine_quality,mlp,__prediction_only__,513,1,,,,,,,
wine_quality,mlp,__prediction_only__,1344,0,,,,,,,
wine_quality,mlp,__prediction_only__,79,0,,,,,,,
wine_quality,mlp,__prediction_only__,439,0,,,,,,,
wine_quality,mlp,__prediction_only__,735,0,,,,,,,
wine_quality,mlp,__prediction_only__,417,0,,,,,,,
wine_quality,mlp,__prediction_only__,1597,0,,,,,,,
wine_quality,mlp,__prediction_only__,738,0,,,,,,,
wine_quality,mlp,__prediction_only__,877,0,,,,,,,
wine_quality,mlp,__prediction_only__,1260,0,,,,,,,
wine_quality,mlp,__prediction_only__,495,0,,,,,,,
wine_quality,mlp,__prediction_only__,80,0,,,,,,,
wine_quality,mlp,__prediction_only__,521,0,,,,,,,
wine_quality,mlp,__prediction_only__,194,0,,,,,,,
wine_quality,mlp,__prediction_only__,1371,1,,,,,,,
wine_quality,mlp,__prediction_only__,681,0,,,,,,,
wine_quality,mlp,__prediction_only__,306,0,,,,,,,
wine_quality,mlp,__prediction_only__,1511,0,,,,,,,
wine_quality,mlp,__prediction_only__,4,0,,,,,,,
wine_quality,mlp,__prediction_only__,57,0,,,,,,,
wine_quality,mlp,__prediction_only__,491,1,,,,,,,
wine_quality,mlp,__prediction_only__,1070,1,,,,,,,
wine_quality,mlp,__prediction_only__,1590,1,,,,,,,
wine_quality,mlp,__prediction_only__,1416,0,,,,,,,
wine_quality,mlp,__prediction_only__,1329,0,,,,,,,
wine_quality,mlp,__prediction_only__,925,0,,,,,,,
wine_quality,mlp,__prediction_only__,136,0,,,,,,,
wine_quality,mlp,__prediction_only__,1438,0,,,,,,,
wine_quality,mlp,__prediction_only__,246,0,,,,,,,
wine_quality,mlp,__prediction_only__,1490,0,,,,,,,
wine_quality,mlp,__prediction_only__,21,0,,,,,,,
wine_quality,mlp,__prediction_only__,269,0,,,,,,,
wine_quality,mlp,__prediction_only__,688,0,,,,,,,
wine_quality,mlp,__prediction_only__,46,0,,,,,,,
wine_quality,mlp,__prediction_only__,1524,0,,,,,,,
wine_quality,mlp,__prediction_only__,505,1,,,,,,,
wine_quality,mlp,__prediction_only__,1550,0,,,,,,,
wine_quality,mlp,__prediction_only__,1044,0,,,,,,,
wine_quality,mlp,__prediction_only__,572,0,,,,,,,
wine_quality,mlp,__prediction_only__,568,0,,,,,,,
wine_quality,mlp,__prediction_only__,122,0,,,,,,,
wine_quality,mlp,__prediction_only__,486,0,,,,,,,
wine_quality,mlp,__prediction_only__,1469,0,,,,,,,
wine_quality,mlp,__prediction_only__,882,1,,,,,,,
wine_quality,mlp,__prediction_only__,166,0,,,,,,,
wine_quality,mlp,__prediction_only__,1496,0,,,,,,,
wine_quality,mlp,__prediction_only__,1060,0,,,,,,,
wine_quality,mlp,__prediction_only__,1552,0,,,,,,,
wine_quality,mlp,__prediction_only__,1102,0,,,,,,,
wine_quality,mlp,__prediction_only__,559,0,,,,,,,
wine_quality,mlp,__prediction_only__,1082,0,,,,,,,
wine_quality,mlp,__prediction_only__,1485,0,,,,,,,
wine_quality,mlp,__prediction_only__,672,0,,,,,,,
wine_quality,mlp,__prediction_only__,1369,0,,,,,,,
wine_quality,mlp,__prediction_only__,1519,0,,,,,,,
wine_quality,mlp,__prediction_only__,507,0,,,,,,,
wine_quality,mlp,__prediction_only__,707,0,,,,,,,
wine_quality,mlp,__prediction_only__,191,0,,,,,,,
wine_quality,mlp,__prediction_only__,852,0,,,,,,,
wine_quality,mlp,__prediction_only__,842,0,,,,,,,
wine_quality,mlp,__prediction_only__,599,0,,,,,,,
wine_quality,mlp,__prediction_only__,666,0,,,,,,,
wine_quality,mlp,__prediction_only__,1529,0,,,,,,,
wine_quality,mlp,__prediction_only__,362,0,,,,,,,
wine_quality,mlp,__prediction_only__,782,0,,,,,,,
wine_quality,mlp,__prediction_only__,124,0,,,,,,,
wine_quality,mlp,__prediction_only__,192,0,,,,,,,
wine_quality,mlp,__prediction_only__,539,0,,,,,,,
wine_quality,mlp,__prediction_only__,544,0,,,,,,,
wine_quality,mlp,__prediction_only__,1,0,,,,,,,
wine_quality,mlp,__prediction_only__,1389,0,,,,,,,
wine_quality,mlp,__prediction_only__,1172,1,,,,,,,
wine_quality,mlp,__prediction_only__,566,0,,,,,,,
wine_quality,mlp,__prediction_only__,960,1,,,,,,,
wine_quality,mlp,__prediction_only__,480,0,,,,,,,
wine_quality,mlp,__prediction_only__,1132,1,,,,,,,
wine_quality,mlp,__prediction_only__,376,0,,,,,,,
wine_quality,mlp,__prediction_only__,1151,0,,,,,,,
wine_quality,mlp,__prediction_only__,959,0,,,,,,,
wine_quality,mlp,__prediction_only__,92,0,,,,,,,
wine_quality,mlp,__prediction_only__,66,0,,,,,,,
wine_quality,mlp,__prediction_only__,182,0,,,,,,,
wine_quality,mlp,__prediction_only__,294,0,,,,,,,
wine_quality,mlp,__prediction_only__,1128,0,,,,,,,
wine_quality,mlp,__prediction_only__,906,0,,,,,,,
wine_quality,mlp,__prediction_only__,856,0,,,,,,,
wine_quality,mlp,__prediction_only__,1447,0,,,,,,,
wine_quality,mlp,__prediction_only__,1306,0,,,,,,,
wine_quality,mlp,__prediction_only__,1176,0,,,,,,,
wine_quality,mlp,__prediction_only__,1130,0,,,,,,,
wine_quality,mlp,__prediction_only__,1577,0,,,,,,,
wine_quality,mlp,__prediction_only__,1346,0,,,,,,,
wine_quality,mlp,__prediction_only__,342,0,,,,,,,
wine_quality,mlp,__prediction_only__,1185,0,,,,,,,
wine_quality,mlp,__prediction_only__,728,0,,,,,,,
wine_quality,mlp,__prediction_only__,1160,1,,,,,,,
wine_quality,mlp,__prediction_only__,1157,0,,,,,,,
wine_quality,mlp,__prediction_only__,1055,0,,,,,,,
wine_quality,mlp,__prediction_only__,196,0,,,,,,,
wine_quality,mlp,__prediction_only__,1445,0,,,,,,,
wine_quality,mlp,__prediction_only__,595,0,,,,,,,
wine_quality,mlp,__prediction_only__,1144,0,,,,,,,
wine_quality,mlp,__prediction_only__,562,0,,,,,,,
wine_quality,mlp,__prediction_only__,622,0,,,,,,,
wine_quality,mlp,__prediction_only__,438,0,,,,,,,
wine_quality,mlp,__prediction_only__,890,0,,,,,,,
wine_quality,mlp,__prediction_only__,798,0,,,,,,,
wine_quality,mlp,__prediction_only__,1126,0,,,,,,,
wine_quality,mlp,__prediction_only__,354,0,,,,,,,
wine_quality,mlp,__prediction_only__,613,0,,,,,,,
wine_quality,mlp,__prediction_only__,779,0,,,,,,,
wine_quality,mlp,__prediction_only__,1432,1,,,,,,,
wine_quality,mlp,__prediction_only__,173,0,,,,,,,
wine_quality,mlp,__prediction_only__,703,0,,,,,,,
wine_quality,mlp,__prediction_only__,1177,0,,,,,,,
wine_quality,mlp,__prediction_only__,186,0,,,,,,,
wine_quality,mlp,__prediction_only__,1317,0,,,,,,,
wine_quality,mlp,__prediction_only__,1192,1,,,,,,,
wine_quality,mlp,__prediction_only__,209,0,,,,,,,
wine_quality,mlp,__prediction_only__,525,0,,,,,,,
wine_quality,mlp,__prediction_only__,1374,0,,,,,,,
wine_quality,mlp,__prediction_only__,1183,0,,,,,,,
wine_quality,mlp,__prediction_only__,1413,0,,,,,,,
wine_quality,mlp,__prediction_only__,1269,1,,,,,,,
wine_quality,mlp,__prediction_only__,481,1,,,,,,,
wine_quality,mlp,__prediction_only__,1302,1,,,,,,,
wine_quality,mlp,__prediction_only__,592,0,,,,,,,
wine_quality,mlp,__prediction_only__,1080,0,,,,,,,
wine_quality,mlp,__prediction_only__,24,0,,,,,,,
wine_quality,mlp,__prediction_only__,156,0,,,,,,,
wine_quality,mlp,__prediction_only__,434,0,,,,,,,
wine_quality,mlp,__prediction_only__,515,0,,,,,,,
wine_quality,mlp,__prediction_only__,425,0,,,,,,,
wine_quality,mlp,__prediction_only__,207,0,,,,,,,
wine_quality,mlp,__prediction_only__,929,1,,,,,,,
wine_quality,mlp,__prediction_only__,766,0,,,,,,,
wine_quality,mlp,__prediction_only__,675,0,,,,,,,
wine_quality,mlp,__prediction_only__,769,0,,,,,,,
wine_quality,mlp,__prediction_only__,1327,0,,,,,,,
wine_quality,mlp,__prediction_only__,1528,0,,,,,,,
wine_quality,mlp,__prediction_only__,442,0,,,,,,,
wine_quality,mlp,__prediction_only__,1158,0,,,,,,,
wine_quality,mlp,__prediction_only__,302,0,,,,,,,
wine_quality,mlp,__prediction_only__,579,0,,,,,,,
wine_quality,mlp,__prediction_only__,278,1,,,,,,,
wine_quality,mlp,__prediction_only__,50,0,,,,,,,
wine_quality,mlp,__prediction_only__,997,0,,,,,,,
wine_quality,mlp,__prediction_only__,350,0,,,,,,,
wine_quality,mlp,__prediction_only__,126,0,,,,,,,
wine_quality,mlp,__prediction_only__,1134,1,,,,,,,
wine_quality,mlp,__prediction_only__,466,0,,,,,,,
wine_quality,mlp,__prediction_only__,1535,0,,,,,,,
wine_quality,mlp,__prediction_only__,307,0,,,,,,,
wine_quality,mlp,__prediction_only__,1236,0,,,,,,,
wine_quality,mlp,__prediction_only__,42,1,,,,,,,
wine_quality,mlp,__prediction_only__,1378,0,,,,,,,
wine_quality,mlp,__prediction_only__,686,0,,,,,,,
wine_quality,mlp,__prediction_only__,1565,0,,,,,,,
wine_quality,mlp,__prediction_only__,905,0,,,,,,,
wine_quality,mlp,__prediction_only__,889,0,,,,,,,
wine_quality,mlp,__prediction_only__,1356,0,,,,,,,
wine_quality,mlp,__prediction_only__,1533,0,,,,,,,
wine_quality,mlp,__prediction_only__,19,0,,,,,,,
wine_quality,mlp,__prediction_only__,830,0,,,,,,,
wine_quality,mlp,__prediction_only__,1092,0,,,,,,,
wine_quality,mlp,__prediction_only__,1204,0,,,,,,,
wine_quality,mlp,__prediction_only__,295,0,,,,,,,
wine_quality,mlp,__prediction_only__,447,0,,,,,,,
wine_quality,mlp,__prediction_only__,726,0,,,,,,,
wine_quality,mlp,__prediction_only__,1010,0,,,,,,,
wine_quality,mlp,__prediction_only__,642,0,,,,,,,
wine_quality,mlp,__prediction_only__,727,0,,,,,,,
wine_quality,mlp,__prediction_only__,1462,0,,,,,,,
wine_quality,mlp,__prediction_only__,1428,0,,,,,,,
wine_quality,mlp,__prediction_only__,1207,0,,,,,,,
wine_quality,mlp,__prediction_only__,623,1,,,,,,,
wine_quality,mlp,__prediction_only__,1224,1,,,,,,,
wine_quality,mlp,__prediction_only__,502,0,,,,,,,
wine_quality,mlp,__prediction_only__,1058,0,,,,,,,
wine_quality,mlp,__prediction_only__,1285,0,,,,,,,
wine_quality,mlp,__prediction_only__,1418,0,,,,,,,
wine_quality,mlp,__prediction_only__,712,0,,,,,,,
wine_quality,mlp,__prediction_only__,1261,0,,,,,,,
wine_quality,mlp,__prediction_only__,1017,0,,,,,,,
wine_quality,mlp,__prediction_only__,956,0,,,,,,,
wine_quality,mlp,__prediction_only__,1596,0,,,,,,,
wine_quality,mlp,__prediction_only__,814,0,,,,,,,
wine_quality,mlp,__prediction_only__,868,0,,,,,,,
wine_quality,mlp,__prediction_only__,213,0,,,,,,,
wine_quality,mlp,__prediction_only__,1025,0,,,,,,,
wine_quality,mlp,__prediction_only__,1576,0,,,,,,,
wine_quality,mlp,__prediction_only__,472,0,,,,,,,
wine_quality,mlp,__prediction_only__,921,0,,,,,,,
wine_quality,mlp,__prediction_only__,873,0,,,,,,,
wine_quality,mlp,__prediction_only__,546,0,,,,,,,
wine_quality,mlp,__prediction_only__,743,0,,,,,,,
wine_quality,mlp,__prediction_only__,446,0,,,,,,,
wine_quality,mlp,__prediction_only__,299,0,,,,,,,
wine_quality,mlp,__prediction_only__,503,1,,,,,,,
wine_quality,mlp,__prediction_only__,935,0,,,,,,,
wine_quality,mlp,__prediction_only__,582,0,,,,,,,
wine_quality,mlp,__prediction_only__,631,0,,,,,,,
wine_quality,mlp,__prediction_only__,864,0,,,,,,,
wine_quality,mlp,__prediction_only__,1295,0,,,,,,,
wine_quality,mlp,__prediction_only__,241,0,,,,,,,
wine_quality,mlp,__prediction_only__,542,0,,,,,,,
wine_quality,mlp,__prediction_only__,1150,1,,,,,,,
wine_quality,mlp,__prediction_only__,460,0,,,,,,,
wine_quality,mlp,__prediction_only__,490,0,,,,,,,
wine_quality,mlp,__prediction_only__,1509,0,,,,,,,
wine_quality,mlp,__prediction_only__,316,0,,,,,,,
wine_quality,mlp,__prediction_only__,396,0,,,,,,,
wine_quality,mlp,__prediction_only__,1131,0,,,,,,,
wine_quality,mlp,__prediction_only__,167,0,,,,,,,
wine_quality,mlp,__prediction_only__,37,0,,,,,,,
wine_quality,mlp,__prediction_only__,1024,0,,,,,,,
wine_quality,mlp,__prediction_only__,855,0,,,,,,,
wine_quality,mlp,__prediction_only__,1414,0,,,,,,,
wine_quality,mlp,__prediction_only__,1137,1,,,,,,,
wine_quality,mlp,__prediction_only__,45,0,,,,,,,
wine_quality,mlp,__prediction_only__,17,0,,,,,,,
wine_quality,mlp,__prediction_only__,10,0,,,,,,,
wine_quality,mlp,__prediction_only__,441,1,,,,,,,
wine_quality,mlp,__prediction_only__,763,0,,,,,,,
wine_quality,mlp,__prediction_only__,1288,0,,,,,,,
wine_quality,mlp,__prediction_only__,1237,0,,,,,,,
wine_quality,mlp,__prediction_only__,1032,0,,,,,,,
wine_quality,mlp,__prediction_only__,783,0,,,,,,,
wine_quality,mlp,__prediction_only__,422,0,,,,,,,
wine_quality,mlp,__prediction_only__,217,0,,,,,,,
wine_quality,mlp,__prediction_only__,159,0,,,,,,,
wine_quality,mlp,__prediction_only__,1310,0,,,,,,,
wine_quality,mlp,__prediction_only__,1247,0,,,,,,,
wine_quality,mlp,__prediction_only__,285,0,,,,,,,
wine_quality,mlp,__prediction_only__,454,0,,,,,,,
wine_quality,mlp,__prediction_only__,1242,0,,,,,,,
wine_quality,mlp,__prediction_only__,824,0,,,,,,,
wine_quality,mlp,__prediction_only__,543,0,,,,,,,
wine_quality,mlp,__prediction_only__,119,0,,,,,,,
wine_quality,mlp,__prediction_only__,897,0,,,,,,,
wine_quality,mlp,__prediction_only__,94,0,,,,,,,
wine_quality,mlp,__prediction_only__,218,0,,,,,,,
wine_quality,mlp,__prediction_only__,117,0,,,,,,,
wine_quality,mlp,__prediction_only__,1046,0,,,,,,,
wine_quality,mlp,__prediction_only__,1408,1,,,,,,,
wine_quality,mlp,__prediction_only__,96,0,,,,,,,
wine_quality,mlp,__prediction_only__,1505,0,,,,,,,
wine_quality,mlp,__prediction_only__,893,0,,,,,,,
wine_quality,mlp,__prediction_only__,211,0,,,,,,,
wine_quality,mlp,__prediction_only__,1146,0,,,,,,,
wine_quality,mlp,__prediction_only__,524,0,,,,,,,
wine_quality,mlp,__prediction_only__,1384,0,,,,,,,
wine_quality,mlp,__prediction_only__,720,0,,,,,,,
wine_quality,mlp,__prediction_only__,127,0,,,,,,,
wine_quality,mlp,__prediction_only__,1195,0,,,,,,,
wine_quality,mlp,__prediction_only__,1350,0,,,,,,,
wine_quality,mlp,__prediction_only__,1039,0,,,,,,,
wine_quality,mlp,__prediction_only__,1287,0,,,,,,,
wine_quality,mlp,__prediction_only__,975,0,,,,,,,
wine_quality,mlp,__prediction_only__,1415,0,,,,,,,
wine_quality,mlp,__prediction_only__,813,0,,,,,,,
wine_quality,mlp,__prediction_only__,471,0,,,,,,,
wine_quality,mlp,__prediction_only__,1546,0,,,,,,,
wine_quality,mlp,__prediction_only__,453,1,,,,,,,
wine_quality,mlp,__prediction_only__,776,0,,,,,,,
wine_quality,mlp,__prediction_only__,586,0,,,,,,,
wine_quality,mlp,__prediction_only__,853,0,,,,,,,
wine_quality,mlp,__prediction_only__,778,0,,,,,,,
wine_quality,mlp,__prediction_only__,1510,0,,,,,,,
wine_quality,mlp,__prediction_only__,1403,0,,,,,,,
wine_quality,mlp,__prediction_only__,432,0,,,,,,,
wine_quality,mlp,__prediction_only__,806,1,,,,,,,
wine_quality,mlp,__prediction_only__,827,0,,,,,,,
wine_quality,mlp,__prediction_only__,584,0,,,,,,,
wine_quality,mlp,__prediction_only__,25,0,,,,,,,
wine_quality,mlp,__prediction_only__,1019,0,,,,,,,
wine_quality,mlp,__prediction_only__,691,0,,,,,,,
wine_quality,mlp,__prediction_only__,715,0,,,,,,,
wine_quality,mlp,__prediction_only__,850,0,,,,,,,
wine_quality,mlp,__prediction_only__,1455,0,,,,,,,
wine_quality,mlp,__prediction_only__,424,0,,,,,,,
wine_quality,mlp,__prediction_only__,535,0,,,,,,,
wine_quality,mlp,__prediction_only__,590,0,,,,,,,
wine_quality,mlp,__prediction_only__,1348,0,,,,,,,
wine_quality,mlp,__prediction_only__,113,0,,,,,,,
wine_quality,mlp,__prediction_only__,319,0,,,,,,,
wine_quality,mlp,__prediction_only__,1210,0,,,,,,,
wine_quality,mlp,__prediction_only__,1180,0,,,,,,,
wine_quality,mlp,__prediction_only__,1430,0,,,,,,,
wine_quality,mlp,__prediction_only__,575,0,,,,,,,
wine_quality,mlp,__prediction_only__,1262,0,,,,,,,
wine_quality,mlp,__prediction_only__,843,0,,,,,,,
wine_quality,mlp,__prediction_only__,260,0,,,,,,,
wine_quality,mlp,__prediction_only__,1515,0,,,,,,,
wine_quality,mlp,__prediction_only__,684,0,,,,,,,
wine_quality,mlp,__prediction_only__,1238,0,,,,,,,
wine_quality,mlp,__prediction_only__,557,0,,,,,,,
wine_quality,mlp,__prediction_only__,653,0,,,,,,,
wine_quality,mlp,__prediction_only__,767,0,,,,,,,
wine_quality,mlp,__prediction_only__,1315,0,,,,,,,
wine_quality,mlp,__prediction_only__,1012,0,,,,,,,
wine_quality,mlp,__prediction_only__,953,1,,,,,,,
wine_quality,mlp,__prediction_only__,291,0,,,,,,,
wine_quality,mlp,__prediction_only__,984,0,,,,,,,
wine_quality,mlp,__prediction_only__,1011,0,,,,,,,
wine_quality,mlp,__prediction_only__,327,1,,,,,,,
wine_quality,mlp,__prediction_only__,195,0,,,,,,,
wine_quality,mlp,__prediction_only__,1148,0,,,,,,,
wine_quality,mlp,__prediction_only__,510,0,,,,,,,
wine_quality,mlp,__prediction_only__,282,0,,,,,,,
wine_quality,mlp,__prediction_only__,1488,0,,,,,,,
wine_quality,mlp,__prediction_only__,1377,0,,,,,,,
wine_quality,mlp,__prediction_only__,958,0,,,,,,,
wine_quality,mlp,__prediction_only__,1159,0,,,,,,,
wine_quality,mlp,__prediction_only__,1026,0,,,,,,,
wine_quality,mlp,__prediction_only__,1071,0,,,,,,,
wine_quality,mlp,__prediction_only__,41,0,,,,,,,
wine_quality,mlp,__prediction_only__,1235,0,,,,,,,
wine_quality,mlp,__prediction_only__,1507,0,,,,,,,
wine_quality,mlp,__prediction_only__,1206,0,,,,,,,
wine_quality,mlp,__prediction_only__,1504,0,,,,,,,
wine_quality,mlp,__prediction_only__,774,0,,,,,,,
wine_quality,mlp,__prediction_only__,1094,0,,,,,,,
wine_quality,mlp,__prediction_only__,259,0,,,,,,,
wine_quality,mlp,__prediction_only__,1009,0,,,,,,,
wine_quality,mlp,__prediction_only__,1135,0,,,,,,,
wine_quality,mlp,__prediction_only__,409,0,,,,,,,
wine_quality,mlp,__prediction_only__,104,0,,,,,,,
wine_quality,mlp,__prediction_only__,828,0,,,,,,,
wine_quality,mlp,__prediction_only__,680,0,,,,,,,
wine_quality,mlp,__prediction_only__,1516,0,,,,,,,
wine_quality,mlp,__prediction_only__,1203,0,,,,,,,
wine_quality,mlp,__prediction_only__,1276,0,,,,,,,
wine_quality,mlp,__prediction_only__,370,0,,,,,,,
wine_quality,mlp,__prediction_only__,203,0,,,,,,,
wine_quality,mlp,__prediction_only__,1563,0,,,,,,,
wine_quality,mlp,__prediction_only__,301,0,,,,,,,
wine_quality,mlp,__prediction_only__,20,0,,,,,,,
wine_quality,mlp,__prediction_only__,121,0,,,,,,,
wine_quality,mlp,__prediction_only__,894,0,,,,,,,
wine_quality,mlp,__prediction_only__,73,0,,,,,,,
wine_quality,mlp,__prediction_only__,1568,0,,,,,,,
wine_quality,mlp,__prediction_only__,719,0,,,,,,,
wine_quality,mlp,__prediction_only__,1199,0,,,,,,,
wine_quality,mlp,__prediction_only__,458,1,,,,,,,
wine_quality,mlp,__prediction_only__,1340,0,,,,,,,
wine_quality,mlp,__prediction_only__,292,0,,,,,,,
wine_quality,mlp,__prediction_only__,1038,1,,,,,,,
wine_quality,mlp,__prediction_only__,754,0,,,,,,,
wine_quality,mlp,__prediction_only__,250,0,,,,,,,
wine_quality,mlp,__prediction_only__,558,0,,,,,,,
wine_quality,mlp,__prediction_only__,722,0,,,,,,,
wine_quality,mlp,__prediction_only__,1363,0,,,,,,,
wine_quality,mlp,__prediction_only__,979,0,,,,,,,
wine_quality,mlp,__prediction_only__,972,1,,,,,,,
wine_quality,mlp,__prediction_only__,1316,0,,,,,,,
wine_quality,mlp,__prediction_only__,570,1,,,,,,,
wine_quality,mlp,__prediction_only__,770,0,,,,,,,
wine_quality,mlp,__prediction_only__,656,0,,,,,,,
wine_quality,mlp,__prediction_only__,1449,1,,,,,,,
wine_quality,mlp,__prediction_only__,108,0,,,,,,,
wine_quality,mlp,__prediction_only__,768,0,,,,,,,
wine_quality,mlp,__prediction_only__,16,0,,,,,,,
wine_quality,mlp,__prediction_only__,98,0,,,,,,,
wine_quality,mlp,__prediction_only__,1404,0,,,,,,,
wine_quality,mlp,__prediction_only__,206,1,,,,,,,
wine_quality,mlp,__prediction_only__,1081,0,,,,,,,
wine_quality,mlp,__prediction_only__,742,0,,,,,,,
wine_quality,mlp,__prediction_only__,1407,0,,,,,,,
wine_quality,mlp,__prediction_only__,423,1,,,,,,,
wine_quality,mlp,__prediction_only__,835,0,,,,,,,
wine_quality,mlp,__prediction_only__,1184,0,,,,,,,
wine_quality,mlp,__prediction_only__,1562,0,,,,,,,
wine_quality,mlp,__prediction_only__,1459,1,,,,,,,
wine_quality,mlp,__prediction_only__,165,0,,,,,,,
wine_quality,mlp,__prediction_only__,1354,0,,,,,,,
wine_quality,mlp,__prediction_only__,951,1,,,,,,,
wine_quality,mlp,__prediction_only__,1487,0,,,,,,,
wine_quality,mlp,__prediction_only__,717,0,,,,,,,
wine_quality,mlp,__prediction_only__,378,0,,,,,,,
wine_quality,mlp,__prediction_only__,736,0,,,,,,,
wine_quality,mlp,__prediction_only__,390,0,,,,,,,
wine_quality,mlp,__prediction_only__,227,0,,,,,,,
wine_quality,mlp,__prediction_only__,1065,0,,,,,,,
wine_quality,mlp,__prediction_only__,155,0,,,,,,,
wine_quality,mlp,__prediction_only__,910,0,,,,,,,
wine_quality,mlp,__prediction_only__,1079,0,,,,,,,
wine_quality,mlp,__prediction_only__,339,0,,,,,,,
wine_quality,mlp,__prediction_only__,721,0,,,,,,,
wine_quality,mlp,__prediction_only__,1303,0,,,,,,,
wine_quality,mlp,__prediction_only__,965,0,,,,,,,
wine_quality,mlp,__prediction_only__,1441,0,,,,,,,
wine_quality,mlp,__prediction_only__,473,0,,,,,,,
wine_quality,mlp,__prediction_only__,1417,1,,,,,,,
wine_quality,mlp,__prediction_only__,406,0,,,,,,,
wine_quality,mlp,__prediction_only__,1347,0,,,,,,,
wine_quality,mlp,__prediction_only__,103,0,,,,,,,
wine_quality,mlp,__prediction_only__,640,0,,,,,,,
wine_quality,mlp,__prediction_only__,537,0,,,,,,,
wine_quality,mlp,__prediction_only__,995,0,,,,,,,
wine_quality,mlp,__prediction_only__,1540,0,,,,,,,
wine_quality,mlp,__prediction_only__,638,0,,,,,,,
wine_quality,mlp,__prediction_only__,158,0,,,,,,,
wine_quality,mlp,__prediction_only__,1440,1,,,,,,,
wine_quality,mlp,__prediction_only__,1145,0,,,,,,,
wine_quality,mlp,__prediction_only__,1279,1,,,,,,,
wine_quality,mlp,__prediction_only__,641,0,,,,,,,
wine_quality,mlp,__prediction_only__,347,1,,,,,,,
wine_quality,mlp,__prediction_only__,553,0,,,,,,,
wine_quality,mlp,__prediction_only__,1518,0,,,,,,,
wine_quality,mlp,__prediction_only__,755,0,,,,,,,
wine_quality,mlp,__prediction_only__,811,0,,,,,,,
wine_quality,mlp,__prediction_only__,1480,0,,,,,,,
wine_quality,mlp,__prediction_only__,761,0,,,,,,,
wine_quality,mlp,__prediction_only__,973,0,,,,,,,
wine_quality,mlp,__prediction_only__,372,0,,,,,,,
wine_quality,mlp,__prediction_only__,1215,0,,,,,,,
wine_quality,mlp,__prediction_only__,330,0,,,,,,,
wine_quality,mlp,__prediction_only__,212,0,,,,,,,
wine_quality,mlp,__prediction_only__,655,0,,,,,,,
wine_quality,mlp,__prediction_only__,1200,0,,,,,,,
wine_quality,mlp,__prediction_only__,639,0,,,,,,,
wine_quality,mlp,__prediction_only__,133,0,,,,,,,
wine_quality,mlp,__prediction_only__,863,0,,,,,,,
wine_quality,mlp,__prediction_only__,1035,0,,,,,,,
wine_quality,mlp,__prediction_only__,635,0,,,,,,,
wine_quality,mlp,__prediction_only__,149,0,,,,,,,
wine_quality,mlp,__prediction_only__,185,0,,,,,,,
wine_quality,mlp,__prediction_only__,620,0,,,,,,,
wine_quality,mlp,__prediction_only__,54,0,,,,,,,
wine_quality,mlp,lime,128,1,0.08999997292122858,-0.09931711753608688,1.0,0.5743006528647862,-0.1920228717727868,-0.05701722769457765,0.08613472320180535
wine_quality,mlp,lime,643,0,0.12962476497581293,-1.0,0.09099762452867648,-0.4695637712976178,-0.04515166771308926,-0.30477241365128616,0.16595725463173838
wine_quality,mlp,lime,1007,1,0.26067790517129635,1.0,0.3519254092018408,0.18078785031123462,0.37827158096389546,0.056936621178655104,-0.009806247821518232
wine_quality,mlp,lime,373,0,0.13720335784903237,-1.0,0.26003487261797065,-0.5966172342735411,-0.15810177882299076,0.00038011645829882007,0.16886502630388245
wine_quality,mlp,lime,626,0,0.15267645864352877,-1.0,-0.44214913719976884,0.2975193018422776,-0.0158893836697295,-0.07341113316186028,0.17337732395373645
wine_quality,mlp,lime,696,0,0.1470308147958528,-1.0,0.01968807734897691,0.2514940527668528,-0.6295018880213217,-0.19528878598147706,0.17897205444976974
wine_quality,mlp,lime,267,1,0.2782272589010225,1.0,0.35882118316055317,0.142794976097238,0.16535689634793746,0.03298763670107104,0.002175928766777302
wine_quality,mlp,lime,1523,0,0.051123384663967424,0.32191590556517546,-0.5705898606324193,0.03998572106082692,1.0,-0.06670253770662259,0.09720304780799971
wine_quality,mlp,lime,948,1,0.24127834372644422,1.0,0.3142420552970419,0.28120132889670046,0.4406483258337319,0.03908485913534332,0.0066901195676526
wine_quality,mlp,lime,514,1,0.2663069883693568,1.0,0.060414441685155876,0.19936285888125785,0.13813457413481664,0.04765745680615588,0.02590335263901994
wine_quality,mlp,lime,1280,0,0.036413477862919284,0.031143223092504814,0.4180373039445579,-0.47713827332401193,1.0,0.15176192847557218,0.10738617987663573
wine_quality,mlp,lime,739,0,0.13460000335799716,-1.0,-0.16194742923692754,-0.003457383196288604,-0.6390216831123386,-0.04471125084317491,0.18205035618634674
wine_quality,mlp,lime,588,1,0.2717684905970441,1.0,0.32737870528337465,-0.029874430047602027,0.056943294672207365,-0.16524194501321154,0.04197966677793549
wine_quality,mlp,lime,1061,1,0.23377942221667888,1.0,0.07501132919996654,0.26591721868607804,0.10817980752556712,0.04635414750520589,0.02954371555715722
wine_quality,mlp,lime,1086,1,0.2579720450919489,1.0,0.03215985387268198,0.21130882039765958,0.2866212330196174,-0.023807064121778878,0.0173855544019524
wine_quality,mlp,lime,1489,0,0.0791112949885279,0.3725568834857083,1.0,0.7362981055270564,-0.09532708383350486,-0.2849744157221542,0.07475369437803632
wine_quality,mlp,lime,336,1,0.21659791367317027,1.0,0.15696355465100006,0.2661186840379724,0.21017446766418865,-0.04933298159032877,0.01981197196067723
wine_quality,mlp,lime,2,0,0.1116338533410749,-0.9204106301522433,0.05885216522338769,-0.16186782299216387,-1.0,0.1555104104212376,0.1631821141822128
wine_quality,mlp,lime,1405,1,0.24684654844523216,1.0,0.3433103194243262,0.10449421618022821,0.3742599118692422,0.08377280090609851,-0.008483969831965976
wine_quality,mlp,lime,1018,0,0.2443094430709644,1.0,-0.27660016204863375,-0.27575794040677176,0.378393179831012,0.09287285974103689,0.06487828845840081
wine_quality,mlp,lime,1170,0,0.07504121304766068,0.20684612606316588,0.533653901197411,0.8597215963627778,1.0,0.4984399582920289,0.05456612797663332
wine_quality,mlp,lime,837,1,0.2286626539581364,1.0,-0.16425406451343805,-0.24719561544946492,0.27066750967608666,0.09735040134942106,0.04649533513263771
wine_quality,mlp,lime,1167,1,0.29844118729699853,1.0,0.3061179356459573,-0.05818307932392637,0.2644882289390407,-0.022618538462688815,0.007227336188868672
wine_quality,mlp,lime,718,0,0.09807391077887226,-1.0,-0.6315005648443273,0.5299880816197814,-0.1016943290167415,0.06558700125818166,0.14835742611859704
wine_quality,mlp,lime,393,0,0.1313431820269261,-1.0,-0.46259092969130283,-0.42125986138812166,-0.7453125270765772,0.002313037234232987,0.20509302650154115
wine_quality,mlp,lime,875,1,0.25718879306732995,1.0,0.5322818229327744,0.22184689190586865,0.29935245490497064,0.04003102776785024,-0.017589346927115834
wine_quality,mlp,lime,982,1,0.2669375579986259,1.0,0.2920467678359429,-0.27036006316308486,0.16694374295819825,-0.023718215603713542,0.038050016652470195
wine_quality,mlp,lime,57,0,0.1409352229808155,-1.0,0.47314240550090425,-0.4597293907275761,-0.17080923067344297,0.22115234402478204,0.14958469895645193
wine_quality,mlp,lime,43,0,0.09688287927229802,-0.09259965674226799,0.8172616829311615,0.2506003697091122,-1.0,-0.06229797776965905,0.11870460290958909
wine_quality,mlp,lime,1450,1,0.24606880142010207,1.0,0.08629645609081253,0.05720741685485165,0.3667326360788719,0.07062629693783622,0.012426386241032178
wine_quality,mlp,lime,1049,0,0.0910197732651871,0.02023600028674353,1.0,0.13481816613072437,0.2497443418741306,0.47738133317497916,0.07299162921049213
wine_quality,mlp,lime,945,1,0.10982548700118008,0.14833847033815722,1.0,0.5643032125595737,0.47848379413244135,-0.07268352740175764,0.06430506958368117
wine_quality,mlp,lime,1330,0,0.10130428540873367,-1.0,-0.2783462390854861,-0.5123821662393993,-0.10766274142834861,0.10267638791716632,0.15875953355915123
wine_quality,mlp,lime,989,0,0.05861588983040061,-0.1863112983226428,-1.0,0.9134494464245588,0.9839493188049936,0.2607932653450008,0.10745002575583444
wine_quality,mlp,lime,69,1,0.09726646330994267,0.33967644194939023,0.8913725020949491,0.4239977652285935,-1.0,0.09773625964478867,0.09603522722066801
wine_quality,mlp,lime,1076,1,0.2677628929661179,1.0,0.0190988736171601,0.19640388608564105,0.30896289209763067,0.007582454474053915,0.020778270853179334
wine_quality,mlp,lime,101,0,0.06368353149477962,0.28188532607700245,-0.33810728506312915,0.9708901434145456,1.0,0.18672687760554527,0.07916283130546198
wine_quality,mlp,lime,874,1,0.2584570480455026,1.0,0.08896368183754894,0.09950315335671009,0.31097943575479237,0.015271715897874205,0.017870111711643835
wine_quality,mlp,lime,183,0,0.13769991371563273,-1.0,-0.17873836190490192,-0.336498765909506,-0.1117768330044087,-0.1943536258081738,0.17722045855759733
wine_quality,mlp,lime,1508,0,0.08144479115754145,-0.05731581482862418,0.018832833579200486,0.31635925820319544,1.0,0.0514701877561435,0.07924006915716952
wine_quality,mlp,lime,15,0,0.15989299153491254,-1.0,0.5390798863542965,-0.5681211173858369,-0.11589138825537908,0.020408209998528715,0.17088449623541052
wine_quality,mlp,lime,344,1,0.07230709946481075,0.06215290492783068,1.0,0.5096929627227554,-0.23329521654958796,-0.19365461063935804,0.10033697126081659
wine_quality,mlp,lime,271,0,0.11485165708890346,-1.0,0.9681942941941021,0.18060103712186143,0.6464790110591387,0.06225036806197451,0.08925375370697111
wine_quality,mlp,lime,898,1,0.2951101840840821,1.0,0.28844445236105054,-0.010408978172288507,0.2409084023677437,0.08752045415728468,0.005058335538540654
wine_quality,mlp,lime,120,0,0.1235792747012222,-1.0,-0.2939902831959255,-0.49258290486403955,-0.6251888764427498,0.0431735103259911,0.18550863614519747
wine_quality,mlp,lime,444,1,0.24906498103192518,1.0,0.5002621745837398,0.059778154637766076,-0.013672145445441057,-0.06851040355521561,0.02181833059113336
wine_quality,mlp,lime,1371,1,0.26350272250580165,1.0,0.41075070199702596,0.21000913708713653,-0.037675071043704364,0.02814554896055147,0.007506700001374239
wine_quality,mlp,lime,940,1,0.2511151446572995,1.0,0.28777644011076975,0.06201195350654751,0.2453498788997067,-0.0210894267564373,0.01792255736700364
wine_quality,mlp,lime,999,0,0.24598594895745984,1.0,-0.26067893981646273,0.17444566868568845,-0.3414692804160018,-0.13769223578552015,0.08434392186397088
wine_quality,mlp,lime,1380,0,0.03546052097447848,-0.728403064367458,-0.8077641952478354,1.0,-0.5892766517263124,0.024544999099341044,0.12212492570980618
wine_quality,mlp,lime,1544,1,0.25937171853298935,1.0,0.3717876899924172,0.29945365727247375,0.3472011155530618,0.016794153975282385,-0.017434875092398577
wine_quality,mlp,lime,1521,0,0.11835704537061588,-1.0,-0.4251472674309695,0.11714564515961821,0.25857700272614964,-0.13968615313955007,0.1356311548790279
wine_quality,mlp,lime,1219,1,0.08165283242825574,0.10337146052530899,0.4724637819159969,0.18585627401381505,1.0,0.05205902466235914,0.06590464418728215
wine_quality,mlp,lime,572,0,0.0792486897098757,0.04664637451230106,-0.3706608596654718,0.36860818771536097,1.0,0.10498415173816938,0.0841569974444123
wine_quality,mlp,lime,66,0,0.10799175341846616,-1.0,-0.43624415339457023,-0.1394560644921578,0.34352857804739084,-0.07349833498726017,0.15483101217072312
wine_quality,mlp,lime,1120,1,0.24920530790600146,1.0,0.07064256913682321,0.23366167175976343,-0.0046080281200452065,0.026654072123722384,0.028520532195000767
wine_quality,mlp,lime,1068,1,0.10983737294512824,-0.047492408093011175,1.0,0.4666560703285852,0.6413577696445095,0.26692948488230483,0.05583404687029782
wine_quality,mlp,lime,315,0,0.07345115117753294,-0.14739688207759258,0.36356946216624303,-0.06088065840108729,1.0,-0.47997447112350466,0.09379717042223688
wine_quality,mlp,lime,1063,1,0.23953170775508015,1.0,0.1702210214857869,0.15286195659284504,0.28005514951458427,0.051347426391236635,0.007961723861202655
wine_quality,mlp,lime,645,0,0.10082953161919388,-1.0,0.1841648562825901,0.7376397042400561,-0.9583798628733368,-0.15271951338355313,0.14354495605633733
wine_quality,mlp,lime,1590,1,0.2467305209120645,1.0,0.345216639916807,0.1487782030873346,0.0019911300904158435,0.0849881598760565,0.017292541995365576
wine_quality,mlp,lime,1251,0,0.08507858562150221,-1.0,-0.41782811179707824,-0.14877238322223982,-0.1304035502495254,0.21340135425757015,0.13486102026772145
wine_quality,mlp,lime,479,0,0.08943306409206314,-0.7784742568969918,0.1668827283358787,0.22353741812975594,-1.0,0.07569919657434353,0.13238923936134553
wine_quality,mlp,lime,36,0,0.07069281449231594,0.18842733589278476,-0.6130861093819713,1.0,-0.12916437684065613,-0.46538618831813144,0.12119590136711476
wine_quality,mlp,lime,974,1,0.22799092306444832,1.0,-0.1606650122307023,0.21032465358566904,0.29245982571934676,0.10066819550458907,0.031593162674563066
wine_quality,mlp,lime,957,0,0.07736354335429511,0.019745439999838584,-0.3674141274026246,0.03740505843568513,1.0,0.10349099682315777,0.10253201525264757
wine_quality,mlp,lime,289,0,0.1510288156619742,-1.0,0.3403165021225411,-0.4335904196332619,0.13188448928582833,-0.006437073235594788,0.15866623835564372
wine_quality,mlp,lime,1102,0,0.25681765612255153,1.0,-0.23856651092183312,0.09136322781240452,0.12750044766425261,-0.07540571713845122,0.0578513328835059
wine_quality,mlp,lime,268,0,0.16237854830363654,-1.0,0.4537152087370877,0.2120166932400549,-0.08538218942577033,-0.2139019501938592,0.1531323419957584
wine_quality,mlp,lime,335,1,0.25996124884403016,1.0,0.30321483115107495,0.1712593080875026,-0.361207016885635,0.032516645912808465,0.0416543833964409
wine_quality,mlp,lime,476,0,0.10796286507145735,-1.0,0.2101571601683269,0.3941660933608357,0.7814615447470379,0.19790171926285344,0.10162576044606263
wine_quality,mlp,lime,838,1,0.2805409733788023,1.0,0.367078094890427,0.042436773165072446,0.3590619512534129,0.07590839990765923,-0.0086366573533328
wine_quality,mlp,lime,1472,0,0.06241378617627936,0.22774389639598255,0.9325989782003309,0.02242128972053668,1.0,-0.252739811795847,0.07525525802953406
wine_quality,mlp,lime,1494,0,0.09437033723074581,-1.0,0.2758292842444746,0.030148836737598127,0.7507640766242755,-0.20026787873700583,0.1182050587375415
wine_quality,mlp,lime,428,0,0.1396442795219477,-1.0,-0.14136014769461985,0.031179136733848957,0.3092831298876654,0.22634229485952087,0.13280463254983826
wine_quality,mlp,lime,652,0,0.2333467365832101,1.0,0.32918313018084283,-0.358987801582617,0.3169087027995688,-0.02039042941178253,0.03652356035481828
wine_quality,mlp,lime,505,1,0.2162735905269534,1.0,0.3274748956498741,0.18201828782145957,0.1618771590000648,0.035898439523003166,0.013493693035965135
wine_quality,mlp,lime,660,0,0.11133286120861464,-1.0,0.8196302231784983,0.6250519767227646,0.5100439726481556,0.12523564709367244,0.08252391809010301
wine_quality,mlp,lime,554,0,0.1291532804886851,0.13058974840195683,0.9737051653778114,0.20955144557326888,-1.0,0.09537206669098493,0.11504704796873055
wine_quality,mlp,lime,1420,0,0.10735353345228338,-1.0,-0.5412234216206214,0.3512877835571835,-0.13076304110326187,-0.07872392747861062,0.1566932453097727
wine_quality,mlp,lime,966,1,0.24955018906246398,1.0,-0.1649169179219858,0.10592222080201875,0.35368515360927183,0.021746528858755425,0.027113362264164498
wine_quality,mlp,lime,296,0,0.09659929519553442,-1.0,-0.565060250777609,-0.557495112906774,-0.989868935985682,0.1361396108566607,0.18754060183701465
wine_quality,mlp,lime,960,1,0.07553557010119505,0.011726547143883648,1.0,-0.12170376465510359,0.6150294255390337,0.2357288810409431,0.09104012079157886
wine_quality,mlp,lime,1060,0,0.10464364938527748,-1.0,0.3817256226852484,0.5891247954264752,0.6587509769076204,0.06141867675218101,0.09112178998776514
wine_quality,mlp,lime,700,0,0.09439867900846878,-1.0,-0.34078556866614823,-0.5879912207995495,-0.9813287640724572,-0.04600293936505136,0.18588327823284362
wine_quality,mlp,lime,1425,0,0.09843254815819627,-1.0,0.07447918894221059,0.18897199875832768,0.7112166516940795,-0.24632566351750754,0.11215635999897393
wine_quality,mlp,lime,805,1,0.26381324598644584,1.0,0.03380785263867401,0.15122150517226826,0.2644224083705633,-0.019696778070981583,0.021231012124212745
wine_quality,mlp,lime,1016,1,0.2838919538960344,1.0,0.31430914926106557,0.11993979581124178,0.36863059972280915,0.14213325968031837,-0.015515975149189731
wine_quality,mlp,lime,1476,0,0.15206125218611669,-1.0,0.3600896799072098,-0.4647178932109807,0.3474312093239327,0.0906114726888813,0.1488561746010211
wine_quality,mlp,lime,1015,1,0.2740222552165909,1.0,0.34648961787761173,0.04641015986015803,0.3434266696944018,-0.0102256359067952,-0.004295071323893784
wine_quality,mlp,lime,927,0,0.13068331373664807,-1.0,-0.222573195555312,-0.48803709658762934,-0.6795781360925889,0.05077748684777453,0.1918245386936691
wine_quality,mlp,lime,154,0,0.0786308485053594,0.11841341108811895,0.4650251395214527,-1.0,0.36352132321132774,-0.5008333287003763,0.12116334778793351
wine_quality,mlp,lime,882,1,0.2732957741351682,1.0,0.376566500749395,0.12037019591134004,0.24268571073245354,0.009507721913481848,0.0050006231243530375
wine_quality,mlp,lime,1399,0,0.09743040479442021,-0.016897045239443523,0.22492768603825972,0.36454615551852804,-1.0,-0.5061849776112685,0.13170322978662055
wine_quality,mlp,lime,648,0,0.21821463608704889,1.0,0.06443483247885405,0.0496352286999912,0.21386042056074417,0.0460476419706305,0.029231078956741874
wine_quality,mlp,lime,384,0,0.1488902833260423,-1.0,0.44575894269938127,-0.03446468533416538,0.17870724739426674,-0.33532910420051143,0.1470322169932903
wine_quality,mlp,lime,1162,1,0.2612717505019721,1.0,0.0470811645046782,0.23748282152922914,0.2694981136521335,-0.030658874549614763,0.014309026061267646
wine_quality,mlp,lime,807,1,0.2548091980421281,1.0,0.05519600751229672,0.12202142639773948,0.36010863631948553,0.0744779503650964,0.009919544975228345
wine_quality,mlp,lime,559,0,0.2556730737875666,1.0,0.0751698681305229,-0.03202171816036391,0.1741739028449781,0.07711187120633387,0.03301822271473488
wine_quality,mlp,lime,839,0,0.09531255221829539,-1.0,-0.5973491834240613,0.3767754014177899,0.6760280156050849,-0.03836743595446275,0.1262564658340814
wine_quality,mlp,lime,264,1,0.10067853408675256,0.12265404044500704,1.0,0.4115928797617627,-0.18916947137499104,0.1306890223257607,0.08697348967083082
wine_quality,mlp,lime,1098,1,0.2817882222214968,1.0,0.3051094843452144,0.21285201739231924,0.3117394385588983,-0.05473071955969559,-0.005850214101265794
wine_quality,mlp,lime,130,0,0.14110675925578184,-1.0,0.059340512071066054,-0.5161642619606011,-0.6658545081166991,0.10194869372641142,0.18672420447727212
wine_quality,mlp,lime,8,0,0.1462785257917866,-1.0,-0.22047613857137482,0.25922066372665487,-0.18180981483649458,0.22665907227930993,0.15342510403073906
wine_quality,mlp,lime,1473,0,0.06055363721662699,-0.6746908551220615,-1.0,0.049543899176072326,-0.2349404332085048,-0.2387495645632846,0.15070838782408158
wine_quality,mlp,lime,124,0,0.14803600269501543,-1.0,-0.3349420288909053,-0.2847083629582125,0.15348940802792957,-0.12620835539165032,0.1808722746945205
wine_quality,mlp,lime,405,0,0.08967224328943892,-1.0,0.48145987814253255,0.25464863933984605,0.6270149701674653,0.004354824810224692,0.09170924047104766
wine_quality,mlp,lime,477,1,0.06969166023342946,-0.05846590419340543,1.0,0.6235695661034609,0.7500452657433846,0.18765985028393667,0.0741850211353651
wine_quality,mlp,lime,920,0,0.05228446333475367,0.0758969358663077,-1.0,0.6638934781433472,0.6753551666550156,0.5684193040744173,0.10969956346818929
wine_quality,mlp,lime,205,1,0.07418885633166149,-0.14614134365508838,1.0,0.46970083187371153,0.9132299885580626,0.18493504969086355,0.07702599458266873
wine_quality,mlp,lime,928,1,0.24910787243306348,1.0,0.34952192525533143,0.09149707275113333,0.17800590416868997,0.014614200836152783,0.014258324428868568
wine_quality,mlp,lime,992,0,0.13497528810071083,-1.0,-0.42718145731666685,-0.02155313760011733,0.2432926283651674,0.07038522282525074,0.14970096835901248
wine_quality,mlp,lime,148,0,0.04270668620898298,-0.28386497326947857,-0.028457018103003856,0.6425803916198412,1.0,-0.6767336569349737,0.10005485697217009
wine_quality,mlp,lime,312,0,0.1445654946425251,-1.0,0.0911642376473257,-0.48097080923838526,0.1648888295438072,0.1201465481185747,0.15782662300854186
wine_quality,mlp,lime,369,1,0.27176125936604306,1.0,0.36783769331457117,0.17213540819076725,0.30107294964296816,0.014230164444310543,-0.009576531049116765
wine_quality,mlp,lime,1124,0,0.22312361623499966,1.0,-0.1414973863624969,0.16622028536510253,-0.11811112065659962,-0.09240764609181343,0.06288655248081497
wine_quality,mlp,lime,944,1,0.25188094343650996,1.0,0.09053738688217955,0.09954395807283517,0.22261853843205182,0.049948203094576864,0.02237263844387974
wine_quality,mlp,lime,1189,0,0.09509617009276515,-0.9795131328183858,-0.5241906948048196,0.5174468304748594,-1.0,0.1444526541164797,0.1532830289177001
wine_quality,mlp,lime,1588,0,0.21540741505905783,1.0,0.25429237804644417,-0.2579313293967221,-0.435350198469545,0.06113142781170959,0.07539386368249426
wine_quality,mlp,lime,491,1,0.2807926104619063,1.0,0.4230140610023127,0.18978982306289055,0.07023335421444046,-0.015446268068528278,-0.0013796824415887032
wine_quality,mlp,lime,1341,0,0.06859985323482277,0.05170981226252693,-1.0,0.40961278490407604,0.44629303811789395,0.15266960688703052,0.10288320929609873
wine_quality,mlp,lime,529,0,0.13604535687520936,-1.0,-0.25083387675306323,0.2611134731614736,0.0039504343373926686,0.08670570955855149,0.14485348251492017
wine_quality,mlp,lime,518,1,0.25735696439353417,1.0,0.020294844373695026,0.0342505741624046,0.2365558107949709,0.1379315194188438,0.01992193785074546
wine_quality,mlp,lime,538,1,0.21492394418119096,1.0,0.16250407741891512,0.09762358816478049,0.4049233241698226,0.025265081434692478,0.013809747542519263
wine_quality,mlp,lime,240,0,0.13670635793721192,-1.0,0.3559862539442505,-0.09456562779049286,-0.16339089742873192,0.09360450691371454,0.14249503158572174
wine_quality,mlp,lime,930,0,0.055041693000208794,-0.43837842234605123,0.4244379993588599,1.0,0.329260602905674,-0.1266627030446219,0.09334530259511785
wine_quality,mlp,lime,1490,0,0.22618959986011977,1.0,-0.17327023337219022,0.20171458447969728,0.34918357295900854,0.11134564015685,0.026628675377967093
wine_quality,mlp,lime,1338,0,0.1510138936036929,-1.0,-0.4184308084047084,0.009844376660653789,0.2971524521609639,0.048161601206606695,0.16307306036926525
wine_quality,mlp,lime,1090,1,0.24564200487022392,1.0,0.10996256050572009,-0.2947911162651799,0.27882082905438627,0.09630252505585835,0.04051506975644714
wine_quality,mlp,lime,1208,0,0.0802938138775663,0.22431082910833086,1.0,-0.04749777436689521,0.8271807649262188,0.26005459723501356,0.06738893068852417
wine_quality,mlp,lime,1524,0,0.10486111974945102,-1.0,0.6805089932735741,-0.17560297973253564,0.3050109943909174,0.14732713803261469,0.1172166809193484
wine_quality,mlp,lime,909,0,0.2620902687944208,1.0,-0.30435001869436884,0.1763502919368545,0.2755651308455282,0.06290031266218207,0.04161275858246556
wine_quality,mlp,lime,1070,1,0.10072674131993387,0.011243915308549231,1.0,0.1030377711831699,0.8259617392933588,0.020375669585490384,0.0773651561674943
wine_quality,mlp,lime,1047,0,0.051691883883358346,-0.05481144874542494,-0.0019802749934124376,-0.35693208848754704,0.5398291601424127,-1.0,0.13061274583979232
wine_quality,mlp,lime,867,1,0.28000054335474633,1.0,0.42930578417011217,0.18873882364800332,0.1771187625652185,0.040941791273209405,-0.011513099386156966
wine_quality,mlp,lime,1549,1,0.24513182277907913,1.0,0.05697401845776747,0.1604760169191541,0.25497151067541485,0.02633455339563096,0.017279279765111094
wine_quality,mlp,lime,1498,0,0.09045853792828022,0.10736571078575098,-0.6986625830979939,0.6793314237093132,-1.0,-0.29997561724436755,0.14841438774823199
wine_quality,mlp,lime,1438,0,0.06844179286098924,-0.1883421002309834,-0.9020153246282338,1.0,-0.243421686677036,-0.2258144574981873,0.12361827828240976
wine_quality,mlp,lime,947,1,0.22748168778842331,1.0,-0.09382988891689396,0.2733464914262102,0.2951320635636885,0.09840677890229524,0.021067826894299507
wine_quality,mlp,lime,1475,1,0.26139103976905537,1.0,0.27344684987236145,-0.24150010083704448,0.19830594611333077,-0.10461208550969603,0.04418300090691585
wine_quality,mlp,lime,1246,0,0.09356933864035719,-1.0,-0.6779234079562158,-0.04122043179830305,-0.7131424298281993,0.168654898745886,0.16281189760724643
wine_quality,mlp,lime,752,0,0.1371754626571058,-1.0,-0.08137965606461343,-0.3639487986556054,-0.08821165459464592,0.146477408123614,0.16169395909350642
wine_quality,mlp,lime,817,1,0.23436177900127483,1.0,0.14686204038612008,0.09343459470572948,0.37990815096188324,0.11259809453200843,0.0031180681355827133
wine_quality,mlp,lime,521,0,0.16112370546605015,-1.0,0.051638392803469546,0.01601740077191014,0.23858119992773102,-0.20105196471399603,0.16644891809691825
wine_quality,mlp,lime,279,0,0.08925329474500374,-0.03678050130046805,1.0,-0.07052109709395402,0.6110675463844751,0.21669905479155263,0.0730970380943341
wine_quality,mlp,lime,1223,1,0.26801952535228896,1.0,0.38445781567403103,0.15509815060844856,0.29262851030700926,0.10390257265161221,-0.009228347574124052
wine_quality,mlp,lime,794,0,0.26947683207940687,1.0,-0.2194347813816486,0.05959168647192769,0.34198490632767,0.0008093391759447397,0.033903045255578454
wine_quality,mlp,lime,122,0,0.14313824789564966,-1.0,-0.44651195043261727,0.33102997633142417,-0.5666581340621955,-0.034548733742762607,0.18064414370049697
wine_quality,mlp,lime,672,0,0.12856123044095472,-1.0,-0.4280162133918561,-0.5005325265839999,-0.7964351677571261,0.10939340648692372,0.19945721900087632
wine_quality,mlp,lime,1359,0,0.10834918964544753,-1.0,0.0005235081319631561,0.3998750638882992,0.2694457555354241,0.11922223750126869,0.12660062518001333
wine_quality,mlp,lime,463,0,0.14062513117548747,-1.0,-0.29294112363711106,-0.3040503656008808,-0.6876388454130958,0.11068820560198421,0.19619985492349218
wine_quality,mlp,lime,436,0,0.10321218426670105,0.1142792357782742,-0.3248388855700663,0.009759042964145528,-1.0,0.06367117986686373,0.14631355824655706
wine_quality,mlp,lime,1551,0,0.13116229837317783,-1.0,-0.3339275323203603,0.09850809918013619,-0.7292548146254059,-0.22494314539392699,0.189654708764932
wine_quality,mlp,lime,1344,0,0.08024594162942746,0.2932079270905381,-0.7819071019977587,1.0,0.9578655531640935,0.03085680318924999,0.08580520150626562
wine_quality,mlp,lime,709,0,0.09707804099242018,-1.0,0.39115108384016306,0.3015792691395617,0.7002779035041918,0.25636425290005277,0.09679517379434771
wine_quality,mlp,lime,221,0,0.1441950040610267,-1.0,-0.19246302466945378,-0.449812544203396,-0.04979621718852108,0.13286744850166754,0.17607413858554044
wine_quality,mlp,lime,1053,1,0.2943780296642203,1.0,0.4624933558579763,0.23437012188262984,0.19378242400591852,0.07621489791281987,-0.022495264687890537
wine_quality,mlp,lime,374,0,0.08120525470160753,0.06727650183399349,1.0,0.07078744638109212,0.4581155854748879,0.02894593114849857,0.07959407040859072
wine_quality,mlp,lime,1584,1,0.2692999429819982,1.0,0.3595416326236775,0.16811699717317122,0.31898501846564165,0.1140260306715636,-0.010283392837272948
wine_quality,mlp,lime,773,0,0.15862557375489936,-1.0,0.5966810389651978,-0.05137528302980122,0.2566325908904369,0.05863619934339334,0.12706633720421334
wine_quality,mlp,lime,326,1,0.2345310653687893,1.0,0.328018145705849,0.19190073851622497,-0.1012153851076068,-0.03704334300060145,0.022052554562326812
wine_quality,mlp,lime,1218,0,0.03770533528148356,0.16292703699346556,0.33146724102233016,0.4843629106934412,1.0,0.16428781835317074,0.0913983898527979
wine_quality,mlp,lime,53,0,0.14751374729006478,-1.0,-0.19331324512301665,-0.425007657565006,0.22852071798345774,0.059016113450668865,0.16909680687788955
wine_quality,mlp,lime,922,1,0.28487536585338,1.0,0.37049337524008985,-0.04176578729552705,-0.08482719152411013,0.062026454983401313,0.026869551485456736
wine_quality,mlp,lime,990,0,0.14134341770119446,-1.0,-0.31897975514948257,0.08936612414546274,0.5182209859054034,0.18530475575684494,0.1346841144826865
wine_quality,mlp,lime,1006,1,0.26967160876674057,1.0,0.4232180518949162,0.1015157566158722,0.22582402845321628,0.11286297099985934,-0.0073803670294425305
wine_quality,mlp,lime,166,0,0.09029099399643893,0.1119030524104067,-0.7425082646127878,-0.6445529115836203,-1.0,0.19285687949840646,0.15344844606872526
wine_quality,mlp,lime,1222,0,0.07760199414284025,-1.0,-0.6257582818846606,-0.7001261303941665,-0.23670540785684308,0.1340522987265124,0.15089912127477567
wine_quality,mlp,lime,1323,1,0.08057453926058215,0.08182397009117151,1.0,-0.06997827611044755,0.7475156924641154,0.509372207677409,0.06550112409099565
wine_quality,mlp,lime,1589,0,0.12471378375480809,-1.0,-0.37771114524080857,-0.47396738586427584,-0.7700914889369606,0.17274581165158548,0.18677780637545283
wine_quality,mlp,lime,1,0,0.11749345836108412,-0.9148665087931959,0.3054107046483166,-0.544710519340614,-1.0,0.07293250390977449,0.17760498952227116
wine_quality,mlp,lime,1045,0,0.2494884760186236,1.0,-0.17889568423976013,-0.07228983861182013,0.09502527670954387,-0.03174136504146303,0.06536986201397779
wine_quality,mlp,lime,34,0,0.13583835786063514,-1.0,-0.4280145718235546,0.12407357751402665,0.5662252760191205,0.1496491346285706,0.13601631234906703
wine_quality,mlp,lime,1254,0,0.10558495202854576,0.029932172075406938,0.18864963392723524,0.35193959029299654,-1.0,-0.0035611596742247233,0.13793688311087912
wine_quality,mlp,lime,90,0,0.14600116236001653,-1.0,-0.34953079208074467,-0.4034687109812375,0.19848373580913917,0.25751348240795796,0.17126420699786
wine_quality,mlp,lime,91,0,0.08132226396041262,-1.0,0.8428964849737263,-0.7664584363584213,0.6351803073481457,0.16894582568358446,0.10203951821019698
wine_quality,mlp,lime,262,0,0.10092744363019104,-1.0,-0.2531426384560578,0.22502680390026153,0.3434827778797272,0.07257206468702423,0.12428404708105717
wine_quality,mlp,lime,504,1,0.13662162318492937,-0.036951131882637024,1.0,0.5161348264918459,0.7423820216573072,-0.017930269052882905,0.043486681006198694
wine_quality,mlp,lime,1402,1,0.30518750099164993,1.0,0.3008434713109265,0.13320646607361863,0.216189133948627,-0.024738357215260402,0.0022305259918468934
wine_quality,mlp,lime,306,0,0.13570784872062636,-1.0,-0.5565552003277314,-0.11226314851672697,-0.07765093462676885,0.09670477537968726,0.17403171315661697
wine_quality,mlp,lime,480,0,0.13745687322953332,-1.0,0.17989487904755952,0.12319492214801274,0.4886899594755698,0.21564411281034407,0.10698259659990773
wine_quality,mlp,lime,341,1,0.24142733756132245,1.0,0.2647882864798666,0.28393313584236995,0.1665671477724396,-0.009918715180711973,0.003087993196834407
wine_quality,mlp,lime,931,0,0.0979420742684979,-1.0,0.1229251159756299,-0.08943753493689115,-0.1899046744897857,-0.15346625994859409,0.14359156577868018
wine_quality,mlp,lime,1132,1,0.26632926543667274,1.0,0.2964065838258946,0.011385103263211065,0.19588883287414718,-0.011522904161227825,0.015372266710713456
wine_quality,mlp,lime,659,0,0.10204556825692017,-0.17409008797312805,-0.4144943906438858,0.5968671253020816,-1.0,-0.08898138428787836,0.1394639738197342
wine_quality,mlp,lime,1373,0,0.12583090839919941,-1.0,-0.40613058906300054,-0.4502745490253504,-0.7615938821692044,0.03017406736165173,0.19406327809677748
wine_quality,mlp,lime,210,1,0.2320610593806226,1.0,0.3417075928459794,0.19578940720866356,-0.11406046508896155,0.08264587350082397,0.018755053285904752
wine_quality,mlp,lime,358,1,0.10625008285825838,-0.3072672963928637,1.0,0.380049444220384,0.27782509654061266,0.08801625306473772,0.08517996029362901
wine_quality,mlp,lime,949,1,0.26564045199687386,1.0,0.42042543233141716,0.2112344203089689,0.2898147865133775,-0.21457534726188915,0.028842939613072882
wine_quality,mlp,lime,494,0,0.23100301924067868,1.0,-0.27045186147606814,-0.25676593073767695,0.3693059532326366,-0.16343597652715378,0.07642392825732665
wine_quality,mlp,lime,577,0,0.14325034489810204,-1.0,-0.3528725432809413,-0.44497557209880667,0.2555845848719913,0.05589015716050553,0.1724393266368458
wine_quality,mlp,lime,599,0,0.14622246563454339,-1.0,0.1696554804737664,0.24628890667737283,-0.18365143533091452,-0.004293122406783584,0.1476689208897177
wine_quality,mlp,lime,705,0,0.10692873988727694,-1.0,-0.6089592648041485,-0.15187358928334221,-0.8819885252936778,0.22874888840923843,0.18249427530311293
wine_quality,mlp,lime,144,0,0.2736727356694938,1.0,0.3841912887646567,-0.26665216323489016,0.2653138759272344,-0.06599495945287522,0.029754708876119154
wine_quality,mlp,lime,1366,0,0.09993122058795643,-0.9271640714591406,-0.6426235999405839,-0.030365252300293844,-1.0,0.24870898253847779,0.16659239761168948
wine_quality,mlp,lime,1477,1,0.25985019989500246,1.0,0.336651628410336,-0.20274796699745953,0.19647658397222448,-0.1299362984687003,0.04266274938793098
wine_quality,mlp,lime,1066,1,0.2314076264836377,1.0,0.03031555361948028,0.06427779552515175,0.29492283081754644,0.10650650448815603,0.031343156213062995
wine_quality,mlp,lime,964,1,0.07565752851659285,0.14220148777130967,1.0,0.19265846427891573,0.5425024923173676,-0.05886287687314859,0.08778778152026628
wine_quality,mlp,lime,1107,1,0.2515145974463334,1.0,0.465416382308787,0.21656154174686565,0.4037950008402507,0.054571573628533314,-0.015619789769584752
wine_quality,mlp,lime,614,0,0.09410190755492882,0.11089326043043893,0.6762130540451697,-0.7934051819924121,-1.0,-0.1583060130507646,0.1395483288858425
wine_quality,mlp,lime,587,0,0.12812829250699556,-1.0,-0.12402730822894265,-0.44622637773013746,-0.6178043227912521,0.02747226028214173,0.17785177453660095
wine_quality,mlp,lime,462,1,0.2404364654779378,1.0,-0.19655228908406816,0.1579363591420607,0.37802078851873583,-4.954810883323314e-05,0.03671674473427611
wine_quality,mlp,lime,1059,0,0.27232271686719384,1.0,-0.07475952812654296,0.1631190190549145,0.15412408948862363,-0.02607736537095673,0.037131640475509584
wine_quality,mlp,lime,852,0,0.0993843230950819,-1.0,0.717141387192441,-0.8936129578275173,0.41047665326014987,0.15317110453645727,0.1262981383650547
wine_quality,mlp,lime,408,1,0.22705176164013902,1.0,0.13105912352412194,0.17819337638880273,0.30623211923274263,0.10126325556467954,0.008078377594465877
wine_quality,mlp,lime,1333,0,0.09895834132461102,-0.9479539682834248,-0.5917730881204538,-0.03346269303237961,-1.0,0.22483735083290765,0.1729032185707589
wine_quality,mlp,lime,516,1,0.2778039654315818,1.0,0.3314274987229505,0.10972452543454925,-0.031187353819426625,0.05174794603953075,0.009084537178694854
wine_quality,mlp,lime,1116,0,0.2660752583431543,1.0,-0.18354229884324552,0.21300401424546272,-0.37143523006322365,-0.022328382832179843,0.07208953681184249
wine_quality,mlp,lime,100,0,0.039199837487731246,0.17715428073572975,-1.0,0.33396238643414977,-0.13371312641100397,0.14024460837239877,0.11941105623576681
wine_quality,mlp,lime,1136,1,0.2464463096515799,1.0,0.30102992796509265,0.22719983029114071,0.1501510985050451,0.12042314442527385,0.0065755788072950905
wine_quality,mlp,lime,1008,1,0.25153298444725675,1.0,0.0554543911633664,0.06942135842578116,0.28773550224227623,0.09002728247953266,0.015205456394825692
wine_quality,mlp,lime,980,0,0.05221211153864924,-0.15091774669537322,-0.034810956506854486,0.4879980538073673,1.0,0.5433897589755649,0.08456899841677132
wine_quality,mlp,lime,1436,0,0.14391787728718208,-1.0,0.0840544768846565,-0.425855707808635,0.4055214861235125,0.23731636846289342,0.14452348003988216
wine_quality,mlp,lime,597,0,0.10239787303405724,-1.0,0.18507498999825955,0.3227450985943657,-0.14001661049471995,0.06378338393921121,0.1279087484162252
wine_quality,mlp,lime,1313,0,0.08602865183513553,-1.0,-0.6385859142668381,-0.5283015209300445,0.8585487143407049,0.05611547062652641,0.13233951299586752
wine_quality,mlp,lime,1556,0,0.08237598554155293,-1.0,-0.4071554348368584,0.6195434578169527,-0.9818523868541434,-0.2142982686473186,0.14575234973216636
wine_quality,mlp,lime,1260,0,0.14224219416729003,-1.0,0.5145746144027609,-0.03832069324766667,-0.02606163765788338,-0.09246825656435614,0.14038619982031098
wine_quality,mlp,lime,467,1,0.27622588839012313,1.0,0.2797874474539655,0.1651232893417483,0.19204115584479411,0.024974039107587366,-0.0022982347502837897
wine_quality,mlp,lime,70,0,0.13882692666113763,-1.0,-0.3505889942776165,0.14750797135563004,-0.20276224732496287,-0.04769318166125962,0.16543969157642022
wine_quality,mlp,lime,987,0,0.14032848178921165,-1.0,-0.4396946980957722,-0.5310397386128681,0.3633683408963441,-0.13982107358582405,0.1808708845390032
wine_quality,mlp,lime,194,0,0.09963546746492871,-1.0,-0.5840921146311546,0.21323249294632915,0.09592931837529202,0.06376673284709297,0.14690614013079945
wine_quality,mlp,lime,1283,0,0.0868348124557642,-0.19937212919191552,0.08490890046081243,-1.0,0.001281442881611386,0.22199495750124323,0.13559275742690502
wine_quality,mlp,lime,1369,0,0.0680083243291143,0.05119232860117303,-1.0,0.4902173134562911,-0.14258379592695222,0.12958845399217087,0.11613796137580111
wine_quality,mlp,lime,1202,1,0.29421146143146115,1.0,-0.04851234784451732,0.16568363579350556,0.17337234482978126,0.062081629078875954,0.02946363833877881
wine_quality,mlp,lime,1048,0,0.09427067679354398,0.09524243742512152,1.0,0.5334576801367646,0.3252128606374863,0.37587700434026616,0.05464030783991726
wine_quality,mlp,lime,608,0,0.09483523219893883,0.10508940140213374,0.215821387924055,-0.687260175008964,-1.0,0.23360248818987525,0.1315717016063147
wine_quality,mlp,lime,23,0,0.1488335159310926,-1.0,-0.4200856934596007,-0.33515908189305665,0.278119752278025,-0.009465732423867583,0.1780000661450034
wine_quality,mlp,lime,1117,0,0.25441135489476524,1.0,-0.10064829684487743,0.21445285254841776,-0.34298398640421285,0.06029118667206723,0.06174302331466264
wine_quality,mlp,lime,784,0,0.10106372530071306,-1.0,-0.318780045594383,-0.46004951148085965,-0.22568986556140572,-0.07602682224280996,0.16631409149150614
wine_quality,mlp,lime,950,1,0.27215539774332675,1.0,0.3779025678360486,0.2191657167335229,0.3755109525739967,-0.07563790998717236,0.015504732068552934
wine_quality,mlp,lime,214,0,0.10319602540741667,-1.0,-0.08994500113680948,-0.006620195984772689,-0.8677312994985572,0.1330177741587681,0.16510209648413765
wine_quality,mlp,lime,377,1,0.25716296118527926,1.0,0.19761000476603102,0.237908038995877,0.3671658169242444,0.07377085448378437,-0.009312498200161085
wine_quality,mlp,lime,615,0,0.10035503342357453,-1.0,-0.3994132596049442,-0.6337299657608036,-0.3307839130167206,-0.2943596403497857,0.18367561519138964
wine_quality,mlp,lime,825,0,0.08389965993666315,0.15249241397602004,-1.0,0.44273229124575925,0.5982281469230285,0.27471652421482823,0.10065792204898961
wine_quality,mlp,lime,192,0,0.13304516469516964,-1.0,-0.2714640126217795,-0.5120963022254225,-0.18600677593695467,-0.11552764903846392,0.1892706019912
wine_quality,mlp,lime,13,0,0.16838626593169592,-1.0,0.721175103143833,0.10066550279788714,-0.04605323558421171,0.10979027703701112,0.13455190812131326
wine_quality,mlp,lime,1073,0,0.04409238740742198,-0.019602512603223654,-1.0,0.5086145683663538,-0.3611170917204431,0.3688407321973868,0.1244855327909139
wine_quality,mlp,lime,749,0,0.147856402505729,-1.0,0.0844173809569509,0.25862996724378196,0.256225337178674,-0.03643729234547917,0.13353501756094213
wine_quality,mlp,lime,430,1,0.08455114086752093,0.22511008674495298,1.0,0.6105787857217608,0.7541662764961136,-0.17594394887814857,0.061879691051265104
wine_quality,mlp,lime,1082,0,0.13676003795696146,-1.0,-0.16189088678309574,-0.3325943960523094,0.4104166929881647,-0.22082640444977217,0.1616824360345682
wine_quality,mlp,lime,140,0,0.10381661543767937,-0.9568358102550721,0.5104099954225408,-0.5398192864736155,-1.0,0.05837258453573761,0.1596687254365648
wine_quality,mlp,lime,280,0,0.14198079621170304,-1.0,0.4465685344141316,0.3155855515410532,0.4707693567737156,0.12351178040895881,0.10136322406071965
wine_quality,mlp,lime,887,1,0.2645431589438201,1.0,0.4068051156192423,-0.03211003515015249,0.19661119259117157,0.011833771111996749,0.019632606591249713
wine_quality,mlp,lime,782,0,0.09714897077107089,-0.9777440572486511,-0.7516026238680583,-0.5351678139723036,-1.0,-0.125589158691906,0.1968029817437114
wine_quality,mlp,lime,983,0,0.0455244108786397,-0.17221138644079925,0.9178425980234002,0.5396979482189691,1.0,0.3648793204807282,0.07906281065170605
wine_quality,mlp,lime,1545,0,0.08956338533973676,-1.0,0.347498284577279,0.3609705087551481,-0.19762665418530156,-0.11645169126431579,0.12414924278473234
wine_quality,mlp,lime,836,1,0.2359368272959636,1.0,-0.2557753089378029,-0.1889809354582365,0.289504321112665,0.04407149333728252,0.05968446902601896
wine_quality,mlp,lime,1267,1,0.25287040655137066,1.0,0.3837081920589506,0.1927242454083599,0.18329187751932188,-0.027768991115687324,0.009622890374175658
wine_quality,mlp,lime,1172,1,0.23241157320434816,1.0,0.3176321400971236,0.21044013707442924,0.2070390871447775,-0.05232687343869094,0.008764368086793928
wine_quality,mlp,lime,1205,0,0.056666718181958745,0.26238229332070406,1.0,-0.18553357472865517,0.9580531309084745,-0.15020573136162474,0.08902083595062876
wine_quality,mlp,lime,1119,0,0.22902135848324962,1.0,-0.10882881246226314,0.15918132535150098,-0.43185000516342853,-0.02876138648557512,0.07463694631649051
wine_quality,mlp,lime,1306,0,0.10814822965870001,-1.0,-0.36584967664045476,-0.6313271980752243,-0.923052502566096,0.16118956634678686,0.19537629802068485
wine_quality,mlp,lime,456,0,0.03742992170557406,-0.15829387269956335,-0.9475581316924876,1.0,-0.29390348876562605,0.47346481027568016,0.10871963655938852
wine_quality,mlp,lime,866,1,0.22544475487770493,1.0,0.4976426556236207,0.23494157175260702,0.25743425293451067,-0.15303045255923234,0.0062551859081766
wine_quality,mlp,lime,1423,0,0.04138827175575462,-0.0956133397851418,0.5904695136741481,0.05884199959263989,-0.3943767569724159,-1.0,0.12233435352063929
wine_quality,mlp,lime,567,0,0.14892300923210416,-1.0,-0.3079003898407797,0.3800669155686017,-0.7352077326123121,0.08889758451384056,0.18642065157362997
wine_quality,mlp,lime,849,0,0.10634782417100075,-1.0,0.141896807629872,-0.00036610068403763877,-0.20192718905484872,-0.3078047301298471,0.15495436780006294
wine_quality,mlp,lime,1495,0,0.10092254483835869,0.01782149073138918,1.0,0.16799498229389656,0.2273100606893318,-0.08669839112449143,0.08121975718234829
wine_quality,mlp,lime,509,1,0.2452329423285809,1.0,0.11827039632208709,-0.030160385128584384,0.3083285706208799,0.05743510796235969,0.024899965395230206
wine_quality,mlp,lime,618,0,0.05437928171291928,0.13238450242185307,0.3362903776620095,0.800545663679523,1.0,0.40869889041077767,0.07716098601481673
wine_quality,mlp,lime,911,0,0.09447154962301611,-0.061575541879965175,-0.5060874901028121,0.515737725811111,1.0,0.1401133704664917,0.10260147455086482
wine_quality,mlp,lime,61,0,0.13100761864953195,-1.0,0.30467165639197924,-0.489423171079644,-0.6252378986556869,0.06465905774425075,0.16602861917159667
wine_quality,mlp,lime,789,0,0.1273411268958301,-1.0,-0.3725440896542522,-0.38963176464226007,-0.11440304707145238,-0.069232284272854,0.17295791086809326
wine_quality,mlp,lime,1104,0,0.24779209064739427,1.0,0.04763054743704744,0.13792907566123164,0.21933360984384004,0.00990131781762655,0.02414450200077066
wine_quality,mlp,lime,413,1,0.23224168399693484,1.0,0.2685899143214412,0.25857555775352614,0.1630486046786776,0.07913300830873098,0.004720772541788945
wine_quality,mlp,lime,256,0,0.1557801134631783,-1.0,-0.15975709549250283,0.24723626897492487,0.38825366867561856,0.05062265308522066,0.14548207416212133
wine_quality,mlp,lime,357,1,0.259185561778042,1.0,0.3991440840508215,0.08210498154304195,0.1268305079539935,0.09181094753550156,0.004756946941187945
wine_quality,mlp,lime,688,0,0.1468411979681777,-1.0,-0.4812240168223373,0.34600026715281845,-0.6045121137325828,0.006955445946085265,0.1851470688823117
wine_quality,mlp,lime,22,0,0.15435534184614744,-1.0,0.5178555836544992,0.35789183671910596,0.24880046193161046,0.0439099895568304,0.11328825436951744
wine_quality,mlp,lime,816,0,0.044821558353220686,-0.16727365009299838,-0.7855988360727335,0.3751279281929192,1.0,0.46518645688684007,0.10668524689011288
wine_quality,mlp,lime,276,0,0.14287156127733516,-1.0,0.44155256301118107,-0.005029500979870012,-0.15763489164168054,-0.12379448811860509,0.14407724798951227
wine_quality,mlp,lime,915,1,0.22206592153589358,1.0,0.04520477440486031,0.2093946433977255,0.30144606159629417,0.09024817281744388,0.029171457856311298
wine_quality,mlp,lime,939,0,0.2523399540829566,1.0,-0.24839611968366676,0.13381448366260248,0.0771980331653308,-0.0776894168050937,0.055112346942599755
wine_quality,mlp,lime,692,0,0.1697315386692103,-1.0,0.561976320937481,-0.10675623514410239,0.2978400865973758,0.027526107461690107,0.1407646910231484
wine_quality,mlp,lime,670,0,0.097410828776143,-1.0,-0.4012138482635302,0.055726319134380094,0.08945666070065243,0.15138996100454716,0.13888101146660423
wine_quality,mlp,lime,1147,0,0.2282886577666298,1.0,-0.30867614437836616,0.19906288348790696,0.1853918169242626,0.020948788900351657,0.04747655982006209
wine_quality,mlp,lime,1095,0,0.07808397410938035,-0.014182193668718052,-1.0,0.4368476523965267,0.5316839963983001,0.23263614966104368,0.1069183195266657
wine_quality,mlp,lime,79,0,0.13728483147712287,-1.0,0.5937020257760369,-0.7207948581421735,-0.09590940376520919,0.14449721947994967,0.15471334023526934
wine_quality,mlp,lime,924,1,0.2952382292930313,1.0,0.3637170958523658,0.12768369486230546,0.15710734607837487,-0.038512861731131894,0.011553192622305308
wine_quality,mlp,lime,847,0,0.10166137387917779,-1.0,0.19126125492584067,-0.0770203204953572,-0.8860315089797662,-0.16646433512218173,0.16121985232975228
wine_quality,mlp,lime,610,0,0.14735689249310846,-1.0,-0.36535198844119743,-0.07198819958196447,0.47849940821435394,0.029941848347395317,0.1557027802484774
wine_quality,mlp,lime,1121,0,0.2321217741754001,1.0,-0.25750421665929174,0.07022205121222228,0.27653845133894417,-0.11592874306418165,0.04653207331286824
wine_quality,mlp,lime,449,0,0.058158026322571665,-0.1951819141494379,-0.6102075005886735,0.49956404004694666,1.0,0.542087522548505,0.09487014008355651
wine_quality,mlp,lime,1357,0,0.076587819257108,-0.2405406316487851,-0.434128112320652,-1.0,0.747339221235646,-0.23598814730379852,0.13579735902898665
wine_quality,mlp,lime,1097,0,0.1298599425031087,-1.0,-0.49877003598846653,0.22477399759232491,0.35701866921392333,0.06262795510676154,0.13664194850613706
wine_quality,mlp,lime,985,0,0.2620554983603215,1.0,-0.12838972451595818,0.2315077391756104,-0.0945898142013227,-0.05797166713754393,0.05814656836340791
wine_quality,mlp,lime,1512,0,0.099293352119498,0.16734169422128198,0.056136033346909794,0.48169662664099516,-1.0,-0.38720134092736286,0.12769551647686353
wine_quality,mlp,lime,12,0,0.09574799387234749,-1.0,-0.48436199363146365,-0.20547120243718975,-0.281782005322394,-0.19866037064106806,0.15698185310511392
wine_quality,mlp,lime,800,0,0.1443675141939511,-1.0,-0.3727862342871054,-0.3787284256613794,-0.03410663750904219,0.07146935378543633,0.18553726391850772
wine_quality,mlp,lime,923,0,0.11004539932130039,-1.0,0.26051477619826385,0.24345692496109245,0.5537795569246634,0.08806686765457802,0.10895856017229846
wine_quality,mlp,lime,687,0,0.09929703109554844,-0.8900786999806906,-0.2562161227228673,-0.19008317068091554,-1.0,0.23684530844540283,0.16427712292322666
wine_quality,mlp,lime,249,0,0.09883594225740847,-1.0,0.9463570530528964,0.513425404445322,-0.9587677144509407,-0.2523882067135209,0.12845048132817827
wine_quality,mlp,lime,1030,0,0.2353405736586668,1.0,-0.2784353996943206,0.2207121133154801,-0.0541739831074638,-0.1454494233715341,0.06927314963122622
wine_quality,mlp,lime,346,1,0.24732184526532996,1.0,0.324243006278224,0.11441824198170686,-0.40409449256939134,-0.050865977297594726,0.050671664474805436
wine_quality,mlp,lime,197,0,0.11231690560918982,-1.0,0.7606837384668943,0.04235236560984859,0.6589690909407031,0.07093181027911419,0.09690669401915473
wine_quality,mlp,lime,237,0,0.12030257875352125,-1.0,-0.1678367338028202,-0.139317986567878,-0.709543699827461,-0.09549683278281032,0.16319150674049548
wine_quality,mlp,lime,605,0,0.1459094473616611,-1.0,-0.16182449377726987,0.08470828907164424,-0.017276031731074934,0.19480173290733352,0.15238082138429632
wine_quality,mlp,lime,1297,0,0.23762058995324012,1.0,-0.22392141616883535,0.14129036105187234,-0.12102162686071459,-0.05944956864074898,0.07242585802970801
wine_quality,mlp,lime,68,0,0.09608324962929299,0.05676313838610683,0.47663911109257484,-0.5813283200193812,1.0,0.02459075632306482,0.08539600676819255
wine_quality,mlp,lime,513,1,0.21399232601118734,1.0,0.14775814781016697,0.18879789441716763,0.1381583805573241,-0.020062504696414633,0.024220181427398554
wine_quality,mlp,lime,233,0,0.06277924098368971,0.0618821775721685,-0.9771519130111116,0.3841752327525358,1.0,-0.5087382541354258,0.11233032960899762
wine_quality,mlp,lime,401,0,0.07529274453595139,0.18807404818798004,-0.327072309374475,0.018363164380745395,1.0,0.3481460389620305,0.08375040576283008
wine_quality,mlp,lime,1485,0,0.09222124945686182,-1.0,-0.733898118954127,0.3009082867944251,-0.9146636118130874,-0.13760074471112954,0.16808401629251432
wine_quality,mlp,lime,1469,0,0.09010852361418152,-0.9887083297300056,-0.542980557175008,-0.12558539839156416,-1.0,0.14188148736074435,0.16687158231979504
wine_quality,mlp,lime,1164,0,0.11114183900569415,-0.9811529480501064,0.0272636613181481,0.44801969103196,-1.0,0.09737025005345239,0.15766386237683697
wine_quality,mlp,lime,356,0,0.06898588712703542,0.1638336350360499,1.0,-0.010043585741595867,0.39910571222595354,0.3578930203639972,0.08174916765171603
wine_quality,mlp,lime,1188,0,0.09244137537885512,-0.029729194430196677,-0.01750728427032287,-0.7849545842804095,-1.0,-0.0038768240377446556,0.15130672264138462
wine_quality,mlp,lime,39,0,0.08359116491248722,-0.028410172721598032,1.0,-0.9117874798040301,0.5013758956119496,0.14811961218371722,0.09863928420699361
wine_quality,mlp,lime,886,0,0.10007695136697349,-0.3273993410373605,0.0987008351470544,0.32747890549890907,-1.0,0.0754681223424295,0.13696991487566113
wine_quality,mlp,lime,1112,0,0.09718591189191207,0.013953947161056612,0.011963492987421253,0.15294750657481734,1.0,-0.013761531093376756,0.08189145389169017
wine_quality,mlp,lime,1552,0,0.24904599980022096,1.0,0.10532781036797184,-0.1022742524952616,-0.4774225117460572,-0.08821819420608998,0.08913378296528351
wine_quality,mlp,lime,457,0,0.09243228456533183,-1.0,-0.33586410396772337,-0.6646845065073552,-0.1875594089877274,0.31775810601490856,0.15237492421513768
wine_quality,mlp,lime,1426,0,0.24427926187083845,1.0,0.12388235443039455,-0.12488685823094804,0.3666571431118062,-0.05903641500569219,0.03695685044252646
wine_quality,mlp,lime,1594,0,0.052563149763034264,-0.02813310408633406,-1.0,-0.21430328712795874,0.07400043922994629,-0.41957779939127376,0.14613966091481692
wine_quality,mlp,lime,606,1,0.2490327729491316,1.0,0.38910773928481746,0.2382138882898736,0.20215052132088707,0.0309046789857213,0.000845334130516795
wine_quality,mlp,lime,343,0,0.10767227542716419,-1.0,0.8352587699996495,0.7770351901433431,0.6686105130185758,0.1131175481425288,0.06772912873844683
wine_quality,mlp,lime,523,0,0.13743766880586453,-1.0,-0.32530813417562665,-0.25850888731253563,0.19021727075505332,-0.055602984616274886,0.1685596378457443
wine_quality,mlp,lime,685,0,0.2672485234388482,1.0,-0.16895523743495255,0.1820066768785323,-0.3524070896098868,-0.030660064200406165,0.07793725162835166
wine_quality,mlp,lime,1396,0,0.10499691385325276,-0.7798190228193096,0.22705830965438806,0.512973476814861,-1.0,0.45549427029810174,0.11799601400125141
wine_quality,mlp,lime,1290,0,0.10311099081311795,0.09781192228033758,-0.40548624934501487,0.2188214817453249,-1.0,0.13055672860926718,0.14401717265908837
wine_quality,mlp,lime,946,1,0.2709526806476481,1.0,0.2498582651012748,0.09547330364642843,0.10478976135924863,-0.046909817497658476,0.02237797510521948
wine_quality,mlp,lime,137,0,0.14654522335981637,-1.0,0.06293945486976553,-0.037600869069474734,0.2691213589779701,-0.07778531870543234,0.14582144039474176
wine_quality,mlp,lime,896,1,0.2571677319086784,1.0,0.4176389294888604,-0.046779351674841436,0.41672523546084156,0.003857049523337909,0.0035880687072351036
wine_quality,mlp,lime,83,0,0.1591848496688369,-1.0,0.5906226650321681,-0.012313386364924881,-0.6428949204563656,-0.0304888642412733,0.17309222555734785
wine_quality,mlp,lime,1002,1,0.2694216621766131,1.0,0.3451047643592195,0.10040226537202862,0.2534497967939934,0.12733730124271145,-0.007652041728009262
wine_quality,mlp,lime,82,0,0.12911173084961103,-1.0,-0.3452289938919526,-0.5267551350286602,0.3789474108630775,0.13742801802991417,0.15401479822813302
wine_quality,mlp,lime,933,0,0.0935853259033406,-1.0,0.1561498088372727,-0.09329548389783238,-0.23413575078072602,-0.36238539984008733,0.14828633510858516
wine_quality,mlp,lime,1539,0,0.09581251088002947,-1.0,0.6767298232051546,-0.21975957642476407,0.7394134550464647,-0.08025271564901504,0.10693262835730906
wine_quality,mlp,lime,1581,0,0.23101773968925013,1.0,-0.14473510112324406,0.09231828733024144,-0.08177445928030116,-0.1443953913432758,0.06825874441408891
wine_quality,mlp,lime,226,0,0.14564075694436387,-1.0,0.42034545147630215,-0.5975868194183055,-0.025907019707420584,0.01822740007514324,0.15956279706346885
wine_quality,mlp,lime,417,0,0.043263969544898376,0.012167267423300836,-0.7739260581540568,-1.0,-0.19991952361261914,-0.9431065658811675,0.12964691500716524
wine_quality,mlp,lime,904,0,0.048029991816466715,0.07488465228685781,-0.8072775963435448,1.0,-0.45008538755652466,-0.5185624066815907,0.11943772615640486
wine_quality,mlp,lime,593,0,0.14497258919316344,-1.0,-0.0977481660751036,-0.00945463222608385,0.30520604330906537,0.05046268870142159,0.1448188819552071
wine_quality,mlp,lime,506,1,0.10123659157605211,0.022062133476216512,1.0,0.6451107339245933,0.9285149220171587,0.21631341544797406,0.041572404294965226
wine_quality,mlp,lime,856,0,0.08852567514112152,0.10735468705877711,0.5295232440688042,-0.15660986256833204,1.0,-0.25051117107818466,0.07344203291068895
wine_quality,mlp,lime,1595,0,0.2296857022236913,1.0,0.340150160688689,0.09765019660580705,-0.055243196071901125,-0.014438421591282743,0.0330674452316439
wine_quality,mlp,lime,879,0,0.13090252077497613,-1.0,-0.44604686224623435,-0.4577497189855037,-0.0666627712350105,-0.22909257828509613,0.1868546089208368
wine_quality,mlp,shap,847,0,0.08422160883944321,-1.0,0.14322665949696503,0.029660825999258844,-0.3963073863731089,-0.5815375247038206,0.15534195488339053
wine_quality,mlp,shap,1497,0,0.09534400872184079,0.9249999199359743,-0.4448048394855647,0.2323051383753114,-1.0,0.09762609626017502,0.15534195488339053
wine_quality,mlp,shap,867,1,0.19675896659575914,0.7524291850813549,1.0,0.381902512428799,0.07070441354440697,-0.18216741786437976,0.15534195488339053
wine_quality,mlp,shap,1066,1,0.27340876860413404,1.0,0.29380440381149664,0.11933897706910063,0.04069217237653823,-0.09386872636081806,0.15534195488339053
wine_quality,mlp,shap,1371,1,0.24015875718023053,0.9883043262969465,1.0,0.7582291945585017,-0.07613573687168808,-0.16586757168520946,0.15534195488339053
wine_quality,mlp,shap,1136,1,0.15220935461683677,1.0,0.8419063450147944,0.4984852993229154,0.1379592909201882,0.1752658641740107,0.15534195488339053
wine_quality,mlp,shap,735,0,0.07384625900449457,-0.7384660654240632,-0.45721787908992867,0.08797605950845105,-1.0,0.004121928471523839,0.15534195488339053
wine_quality,mlp,shap,1198,0,0.13552542192791836,0.43174405335439103,0.14948221289359123,-1.0,0.47981523525618264,0.3757588955460651,0.15534195488339053
wine_quality,mlp,shap,887,1,0.22367667613797784,1.0,0.5125594504098707,-0.13612986271326108,0.12503180826007512,0.10876955799197412,0.15534195488339053
wine_quality,mlp,shap,948,1,0.3018026659854586,1.0,0.3678917687490011,0.24074425577874728,0.19805990240684088,-0.0605045145592956,0.15534195488339053
wine_quality,mlp,shap,822,0,0.0792080008754341,-1.0,-0.1302600466822657,0.06929916650637138,-0.03548513059722735,-0.859960446407346,0.15534195488339053
wine_quality,mlp,shap,672,0,0.051943040247398,-0.758149905212024,-0.3893346992278948,-0.9575205599259828,-1.0,0.11438401197441987,0.15534195488339053
wine_quality,mlp,shap,1070,1,0.2227467923514548,0.7438117641423149,1.0,0.24398698082435066,0.36941152491802065,0.204408533878056,0.15534195488339053
wine_quality,mlp,shap,1027,0,0.08113686830772344,0.9379364725593968,-0.991352473886214,-0.023523716266105252,-1.0,-0.048399892966145525,0.15534195488339053
wine_quality,mlp,shap,866,1,0.18567431342533763,0.8868544536506527,1.0,0.3603547147742774,0.08494458975105676,-0.22919188066861412,0.15534195488339053
wine_quality,mlp,shap,898,1,0.3091220180457494,1.0,0.3783547715245065,-0.01368360403607543,0.21341804584435292,0.03963732246489922,0.15534195488339053
wine_quality,mlp,shap,547,0,0.17754107014186613,0.2999967293911812,1.0,0.3330625315754281,0.12723964276624136,0.1152662237573682,0.15534195488339053
wine_quality,mlp,shap,1132,1,0.3549708802343645,1.0,0.551990870856599,0.051119793591298146,0.11410740899300456,0.07836810626713406,0.15534195488339053
wine_quality,mlp,shap,216,0,0.06867299039379433,0.4075323462715724,-1.0,0.070142364681111,-0.8805371969894272,0.14431521676382503,0.15534195488339053
wine_quality,mlp,shap,67,0,0.061523795706362745,-0.0016779576100215935,-1.0,0.3147851740680147,-0.7652417182459414,-0.02776689947196947,0.15534195488339053
wine_quality,mlp,shap,1067,1,0.16964546836455063,0.7136586398823537,1.0,0.6127108899455831,0.646930604090769,0.5910939744452673,0.15534195488339053
wine_quality,mlp,shap,150,0,0.06930761322147691,-0.7560690745293217,-1.0,0.24808935635416074,0.320220241427539,-0.14122039415838136,0.15534195488339053
wine_quality,mlp,shap,1219,1,0.1620656568834709,0.6402908429372555,1.0,-0.01554612289737568,0.35338539516111217,0.34622148084479365,0.15534195488339053
wine_quality,mlp,shap,581,0,0.08397454665971922,-0.9848557450451636,-1.0,0.12543067059094923,0.0033966593093956426,0.09620030094213536,0.15534195488339053
wine_quality,mlp,shap,875,1,0.28151615074532704,1.0,0.5439459306665546,0.3158818811138462,0.2667660346742876,0.004923705981195822,0.15534195488339053
wine_quality,mlp,shap,1120,1,0.2722017462305588,1.0,0.3205313054805484,0.19241530110995125,0.13857660602522445,0.07537463028228167,0.15534195488339053
wine_quality,mlp,shap,1544,1,0.17241059589524554,0.8792929690295611,1.0,0.45323706199199476,0.37827881597233487,0.3087015014972061,0.15534195488339053
wine_quality,mlp,shap,788,0,0.05999602456607029,-1.0,-0.8489818429195125,-0.3234735316356724,-0.3861946436521249,0.26507501709054604,0.15534195488339053
wine_quality,mlp,shap,913,1,0.26705984893889867,1.0,-0.0289713483783328,0.2716286832334418,0.32472198767175736,0.06217242891421971,0.15534195488339053
wine_quality,mlp,shap,256,0,0.1619292247076331,-1.0,-0.11307868685214349,0.1066749508426754,0.1291522981092806,0.08218982866708932,0.15534195488339053
wine_quality,mlp,shap,491,1,0.33731672805563356,1.0,0.43583288189649766,0.13068952900401554,0.16953073616081665,0.05167052652814646,0.15534195488339053
wine_quality,mlp,shap,580,0,0.08397454665971922,-0.9848557450451636,-1.0,0.12543067059094923,0.0033966593093956426,0.09620030094213536,0.15534195488339053
wine_quality,mlp,shap,1410,0,0.1393468812214672,0.5133373065791583,-0.5518433536515056,0.0411591122395736,-1.0,-0.11730446614280872,0.15534195488339053
wine_quality,mlp,shap,550,0,0.09488976274999429,-1.0,-0.41257458270517755,0.15178474884958337,0.06313138482326554,-0.020117162757899102,0.15534195488339053
wine_quality,mlp,shap,154,0,0.12964191117008694,-0.19949759042844592,0.10678417679300924,-1.0,0.06604980687240482,-0.17157434902398003,0.15534195488339053
wine_quality,mlp,shap,1098,1,0.28704703965787876,1.0,0.5661764724943942,0.26261231979130506,0.23246205355809718,0.025162161193675953,0.15534195488339053
wine_quality,mlp,shap,940,1,0.32293737323986277,1.0,0.38750491149459787,0.16019591473262107,0.22040651444357698,-0.021883121910779273,0.15534195488339053
wine_quality,mlp,shap,1251,0,0.08260522573885148,-1.0,-0.3178421937368095,-0.3393414464143278,-0.2213630376552338,0.034320348101158415,0.15534195488339053
wine_quality,mlp,shap,764,0,0.07887560339345992,-1.0,-0.43418301790358593,-0.05049919887855528,-0.44913025682959373,-0.030975218308868742,0.15534195488339053
wine_quality,mlp,shap,5,0,0.08444792879466878,-1.0,-0.35059209901183047,-0.01612048923072434,-0.25067974604423854,-0.22180479858605684,0.15534195488339053
wine_quality,mlp,shap,1073,0,0.06473199262805329,-0.005448927439173527,-1.0,0.10743064495258166,-0.47380712857370383,-0.06262286723927082,0.15534195488339053
wine_quality,mlp,shap,1015,1,0.191004653898357,0.899689827147791,1.0,0.4549580456665212,0.46206562762293757,0.224903714940108,0.15534195488339053
wine_quality,mlp,shap,909,0,0.14360560889368681,1.0,-0.8285432951175608,0.23693598581773326,0.5603420321651545,0.04229384321632171,0.15534195488339053
wine_quality,mlp,shap,1172,1,0.29622902429284154,1.0,0.3750078237786356,0.24791535717023003,0.21370775427292307,0.04858418477100522,0.15534195488339053
wine_quality,mlp,shap,947,1,0.2874150801183046,1.0,-0.1025868107162895,0.16509363073650926,0.3672482629808347,0.07378205093698387,0.15534195488339053
wine_quality,mlp,shap,657,0,0.0670066350440553,0.42474649829654165,1.0,0.5817372844666848,0.13667099558178827,0.15858377306795937,0.15534195488339053
wine_quality,mlp,shap,614,0,0.04451928596980421,-0.46381820923122813,-1.0,-0.7764674023624868,-0.7539121903251027,-0.49512040027164966,0.15534195488339053
wine_quality,mlp,shap,1584,1,0.21274965227582612,1.0,0.7446984909099689,0.15212599891570294,0.29279134587952854,0.019738636115438277,0.15534195488339053
wine_quality,mlp,shap,882,1,0.2734156927885464,1.0,0.5115311420480464,0.21755372903052234,0.28250836557985903,0.111649449531859,0.15534195488339053
wine_quality,mlp,shap,852,0,0.09118181749126304,-0.8602503421648341,0.08561289764276173,-1.0,0.10099001145764724,-0.03000313187106629,0.15534195488339053
wine_quality,mlp,shap,1590,1,0.19261494736728632,1.0,0.9074894134566762,0.14460628761943717,-0.006561228778266213,-0.047042942152172314,0.15534195488339053
wine_quality,mlp,shap,904,0,0.056727338364604786,0.14385583026020407,-1.0,0.4139083344455293,-0.23469178784262873,-0.17723677402329685,0.15534195488339053
wine_quality,mlp,shap,477,1,0.14107962843306185,0.8918337076445337,1.0,0.9192137759064904,0.8911602570883635,-0.28084249027289115,0.15534195488339053
wine_quality,mlp,shap,749,0,0.12814495957038466,-1.0,0.1755105164529937,0.10023922539738063,0.014440067802025352,-0.49748755787757604,0.15534195488339053
wine_quality,mlp,shap,1107,1,0.2643483974881149,1.0,0.7582844642670803,0.28320659611711013,0.24001309699261095,0.03283714126399295,0.15534195488339053
wine_quality,mlp,shap,1398,0,0.04693379511134027,-1.0,-0.47315343346728156,0.31667052424578174,-0.26473060334105003,-0.9417422714776588,0.15534195488339053
wine_quality,mlp,shap,427,0,0.09073799501317627,-0.1040783905670479,-0.6370834052167945,0.07812094362989268,-1.0,-0.021196942651070298,0.15534195488339053
wine_quality,mlp,shap,455,1,0.2543255752238285,1.0,0.24402672566257091,0.1479865423792293,-0.026683471500909262,0.07723843210105613,0.15534195488339053
wine_quality,mlp,shap,1309,0,0.10279833135379154,-1.0,-0.17725295805793817,-0.16303839688347108,-0.18281547821494407,0.012003253053727252,0.15534195488339053
wine_quality,mlp,shap,1412,1,0.20798084416934037,0.5556757412339743,1.0,0.4054598123312022,0.11364564547296954,0.13410657653224392,0.15534195488339053
wine_quality,mlp,shap,1502,0,0.07908788891619889,-1.0,-0.44628196263500164,-0.27925091658623696,-0.20651412596047322,-0.014602434245087417,0.15534195488339053
wine_quality,mlp,shap,11,0,0.1566054424084257,-0.2158883679608167,0.25865230789065724,-1.0,0.025700528875661332,-0.05988200964705806,0.15534195488339053
wine_quality,mlp,shap,77,0,0.06344719228566988,-0.06950737033285981,-0.842284637843966,0.18947280800598454,-1.0,-0.168202473232837,0.15534195488339053
wine_quality,mlp,shap,919,1,0.24041176489952684,1.0,0.9410024736968202,-0.036612390445447056,-0.10839611298534113,0.08221154784560494,0.15534195488339053
wine_quality,mlp,shap,807,1,0.3421771861813299,1.0,0.17218222449124548,0.1843173605763668,0.23872009307093167,0.0466989365666984,0.15534195488339053
wine_quality,mlp,shap,172,0,0.14192869527515223,-1.0,-0.15167238152200724,0.11311683407988773,0.09783957741665122,0.009325527564863965,0.15534195488339053
wine_quality,mlp,shap,1550,0,0.07951964743341262,-1.0,-0.4688130264236272,0.0876263138114764,-0.37668512538841004,-0.18046223641338946,0.15534195488339053
wine_quality,mlp,shap,1321,0,0.13521236796771488,1.0,-0.3138058252244752,-0.2634207057965155,-0.639912590621048,-0.5124819399271794,0.15534195488339053
wine_quality,mlp,shap,1257,0,0.04841598598246932,1.0,0.5907824682495489,-0.8248590528426017,-0.2977341040158397,-0.02450511517378195,0.15534195488339053
wine_quality,mlp,shap,1450,1,0.13340160703538714,1.0,0.6424248478167466,0.314074837824045,0.4763847993895765,0.2241631622238982,0.15534195488339053
wine_quality,mlp,shap,1063,1,0.22865963327336475,1.0,-0.08242036529144768,0.24578465114646875,0.4756006150539881,0.1520586149794532,0.15534195488339053
wine_quality,mlp,shap,27,0,0.2061470571735844,-1.0,0.25024691022660106,0.013382779489237799,0.11502040433430676,0.12271228389593153,0.15534195488339053
wine_quality,mlp,shap,1016,1,0.30502121934796117,1.0,0.36155058155540826,0.12942156963377846,0.22256322327949998,0.06325601215727664,0.15534195488339053
wine_quality,mlp,shap,588,1,0.30663318282997015,1.0,0.27654566431932953,-0.15318425369914304,0.076437124425167,-0.04559271090710237,0.15534195488339053
wine_quality,mlp,shap,375,1,0.23662996136532943,0.8457949737680241,1.0,0.5380823274637453,0.13902849023107558,-0.1426159744581925,0.15534195488339053
wine_quality,mlp,shap,1004,0,0.07968836123572155,-0.41080123091158866,-1.0,0.05700827465677104,0.26559677847220825,0.1732527738297742,0.15534195488339053
wine_quality,mlp,shap,326,1,0.16707071151797487,1.0,0.9838245890100413,0.49523346485797637,0.2352024661437842,0.2781233844752559,0.15534195488339053
wine_quality,mlp,shap,1140,0,0.10362433097131785,-1.0,-0.06341318158333231,-0.34503708033904523,0.08519522542427821,-0.1757693527645774,0.15534195488339053
wine_quality,mlp,shap,69,1,0.2706852233969551,0.19495094400488971,1.0,0.4872175104760328,-0.16709815351806753,0.22432813864061446,0.15534195488339053
wine_quality,mlp,shap,311,0,0.09494618222242063,-1.0,-0.23441891744396604,-0.37857304506066036,-0.05142415100877983,0.02831082067373372,0.15534195488339053
wine_quality,mlp,shap,568,0,0.12447687169566699,0.20355478110080116,1.0,0.379191391272896,0.15986653293461242,-0.08794993272946601,0.15534195488339053
wine_quality,mlp,shap,1171,0,0.036772815027357804,0.5921721635593331,0.20519507467672876,0.17725830395628708,-0.4438899252054229,-1.0,0.15534195488339053
wine_quality,mlp,shap,70,0,0.08342044276880865,-1.0,-0.528405707414527,0.09831245181661694,-0.29807053353540913,-0.021028077013462473,0.15534195488339053
wine_quality,mlp,shap,514,1,0.19236012987448653,1.0,0.21766641250843363,0.29530033115360393,0.23628032188631376,0.22134680997195058,0.15534195488339053
wine_quality,mlp,shap,1006,1,0.25808057870504103,1.0,0.7470834219030084,0.2535019888295532,0.2538731312649995,0.05088391326526809,0.15534195488339053
wine_quality,mlp,shap,234,0,0.06402732770133317,-0.9900971714929364,-0.36780473184592205,-0.003528067937034249,-1.0,-0.06475210507762483,0.15534195488339053
wine_quality,mlp,shap,836,1,0.27281492524056017,1.0,0.10673476938476281,0.20974400675919463,0.7418554222629189,0.13760220758238692,0.15534195488339053
wine_quality,mlp,shap,1149,0,0.21145765184153098,1.0,-0.5826555819047572,0.08225751394976306,0.4769894061842367,0.15118074312169244,0.15534195488339053
wine_quality,mlp,shap,838,1,0.18660598555819743,0.862986478248978,1.0,0.3297713458277759,0.30442903164434365,0.13393409475916476,0.15534195488339053
wine_quality,mlp,shap,936,0,0.197288348320322,1.0,0.11685437008328779,-0.36067279832899196,0.2362625052141937,-0.1388329581057454,0.15534195488339053
wine_quality,mlp,shap,539,0,0.08466439726520425,1.0,-0.39808772424720673,0.48507015407235954,0.2896045072956869,0.33486420045516424,0.15534195488339053
wine_quality,mlp,shap,193,0,0.07628432126704868,-1.0,-0.7003965460968036,0.16987569328679653,-0.051679173264126965,0.05004711042145386,0.15534195488339053
wine_quality,mlp,shap,707,0,0.08111765362080846,-0.2396755790715581,-1.0,0.06522213732865473,0.06330234015597581,-0.1571213775150612,0.15534195488339053
wine_quality,mlp,shap,1419,0,0.05695052822849526,-0.7374147444069578,-0.6045450292857949,-1.0,-0.398142605497327,0.012437514810708468,0.15534195488339053
wine_quality,mlp,shap,492,1,0.3468901419254045,1.0,0.6376066457400354,0.1489847923175316,0.12103468745163679,0.05066520938105399,0.15534195488339053
wine_quality,mlp,shap,643,0,0.08857420420773915,-1.0,-0.13509195201491322,-0.27049771976027437,-0.1205104645573054,-0.22768695047194895,0.15534195488339053
wine_quality,mlp,shap,506,1,0.2182182535079973,0.42966695143229644,1.0,0.5142172004904062,0.2331332388023907,0.05374552929249645,0.15534195488339053
wine_quality,mlp,shap,417,0,0.06788401932803184,-0.4287391244963829,-0.5072408802668924,-1.0,-0.18728523535700803,-0.16507776078099143,0.15534195488339053
wine_quality,mlp,shap,1061,1,0.28883138551051835,1.0,0.18141622756575723,0.20321062348331417,0.3056506786702691,0.10705596672158632,0.15534195488339053
wine_quality,mlp,shap,313,0,0.06956220573416314,-1.0,-0.3491059299815412,-0.902576608982565,0.024600729089238566,-0.006055469775718701,0.15534195488339053
wine_quality,mlp,shap,323,0,0.11142922621823634,-1.0,0.10118325429571529,-0.43402877117802663,-0.09911554493594728,0.037975903770513596,0.15534195488339053
wine_quality,mlp,shap,1167,1,0.3350719152744026,1.0,0.5948936128512688,-0.014549094947745525,0.17474646820857695,0.025484107360532984,0.15534195488339053
wine_quality,mlp,shap,1570,1,0.34820297027262764,1.0,0.7260429147434273,0.11258173340626548,0.11188988985703348,-0.002231211928621804,0.15534195488339053
wine_quality,mlp,shap,269,0,0.12046385679480633,-0.9260962751718059,1.0,0.4284628955736984,-0.245082546898374,0.05959975256508036,0.15534195488339053
wine_quality,mlp,shap,518,1,0.211633424434463,1.0,0.12102851317791659,0.09109744045801009,0.41483437831036707,0.16498784956473714,0.15534195488339053
wine_quality,mlp,shap,64,0,0.10671249909983788,0.08207133460056273,-1.0,0.09558589265590947,-0.5570218495667771,-0.06752600619632242,0.15534195488339053
wine_quality,mlp,shap,551,0,0.0822890992033496,-0.5686092967174187,1.0,0.36185495288152525,0.5205546187437028,0.7586144647413393,0.15534195488339053
wine_quality,mlp,shap,1555,0,0.04623481559031008,-0.36556943642795264,-0.04200718384789649,0.5060520388580928,-0.15731587741841116,-1.0,0.15534195488339053
wine_quality,mlp,shap,960,1,0.21513258440564365,0.6604295549281052,1.0,0.22302625068088636,0.22057788551171567,0.25625292562882257,0.15534195488339053
wine_quality,mlp,shap,549,0,0.11433732118587388,-1.0,-0.18749469528563897,0.14956015993862473,0.029817763017502462,0.06339693978444814,0.15534195488339053
wine_quality,mlp,shap,1007,1,0.259048098154188,1.0,0.7462720872595041,0.27492667974448487,0.2525876716636554,0.0487990454420439,0.15534195488339053
wine_quality,mlp,shap,1465,0,0.09673054826003323,-1.0,0.01071708774200432,-0.23465391707152972,-0.14552801668171272,-0.221643828239498,0.15534195488339053
wine_quality,mlp,shap,1223,1,0.2635722187908215,1.0,0.4785542746489928,0.24524160730785272,0.27846367741840516,0.0992122995313805,0.15534195488339053
wine_quality,mlp,shap,1082,0,0.10061161744951423,-1.0,-0.19325305364544915,-0.24762070653655097,0.0900038670211731,-0.19218892217090255,0.15534195488339053
wine_quality,mlp,shap,452,0,0.05529086095061078,-1.0,-0.20261002739128078,0.20514352297973487,-0.02583094460776961,-0.6306158415680468,0.15534195488339053
wine_quality,mlp,shap,1594,0,0.03991127436892701,-0.18554748742337204,-1.0,0.057623867523403524,-0.26357101736202715,-0.48347403502438363,0.15534195488339053
wine_quality,mlp,shap,1005,0,0.2793459114545267,1.0,-0.3661103407261412,0.10596324311420836,0.3137995803705222,0.043634512298587724,0.15534195488339053
wine_quality,mlp,shap,1585,1,0.1854217727856926,1.0,0.9121003222762584,-0.0951509544792405,0.24279535280412176,0.006105278494164799,0.15534195488339053
wine_quality,mlp,shap,874,1,0.22621661191170958,1.0,0.047777438022592766,0.3309429957203764,0.5331994069523898,0.2516854099789697,0.15534195488339053
wine_quality,mlp,shap,513,1,0.19236012987448653,1.0,0.21766641250843363,0.29530033115360393,0.23628032188631376,0.22134680997195058,0.15534195488339053
wine_quality,mlp,shap,823,0,0.0792080008754341,-1.0,-0.1302600466822657,0.06929916650637138,-0.03548513059722735,-0.859960446407346,0.15534195488339053
wine_quality,mlp,shap,1041,0,0.08426274706543561,-1.0,-0.08985667358343233,0.22664700909284907,0.1156479850657911,-0.2442820117736322,0.15534195488339053
wine_quality,mlp,shap,1202,1,0.2130169195442721,1.0,0.20650933050072928,0.40862458766577625,0.27588501332124243,-0.06162333182799823,0.15534195488339053
wine_quality,mlp,shap,772,0,0.06489461379103258,-0.9143811649288317,-0.3618547445692963,-1.0,-0.1291404879325779,0.011619106825050261,0.15534195488339053
wine_quality,mlp,shap,231,0,0.06992659834683662,-1.0,-0.6205051262141462,-0.02403879353934349,0.2495997414508712,-0.2050752770992387,0.15534195488339053
wine_quality,mlp,shap,758,0,0.07730063173897218,-0.5834355703032986,-0.4958646548592282,0.0613307273093348,-1.0,0.008391618757252025,0.15534195488339053
wine_quality,mlp,shap,355,0,0.16528050244122422,1.0,-0.40153602442698777,-0.003225903390072434,-0.5354548127830628,0.02655196295350406,0.15534195488339053
wine_quality,mlp,shap,358,1,0.19392809401241,0.10702451039710689,1.0,0.41905790476252097,0.2783407476987067,0.4290331953769083,0.15534195488339053
wine_quality,mlp,shap,849,0,0.08483933363477074,-1.0,-0.05185069195046291,0.09953999974556825,-0.21876924322903024,-0.6500832556318399,0.15534195488339053
wine_quality,mlp,shap,924,1,0.18229628504291148,0.7193115931096736,1.0,0.33436401778651853,0.212076038932885,0.28713443977503167,0.15534195488339053
wine_quality,mlp,shap,1241,0,0.11280509987027633,-1.0,-0.23420822150551587,-0.3103193105749698,0.2421583999298607,0.27293161830344437,0.15534195488339053
wine_quality,mlp,shap,583,0,0.11005241468299812,-0.6718005589548242,0.23769013985334714,0.3349604336394025,0.8260216632437226,1.0,0.15534195488339053
wine_quality,mlp,shap,964,1,0.21513258440564365,0.6604295549281052,1.0,0.22302625068088636,0.22057788551171567,0.25625292562882257,0.15534195488339053
wine_quality,mlp,shap,443,0,0.15736732030834588,1.0,-0.17047113362136562,0.3038661794640181,0.35160080715214603,0.1713640615077542,0.15534195488339053
wine_quality,mlp,shap,385,0,0.12055414603211083,-1.0,0.26765347125506306,0.017048064643983507,-0.17536365869694484,-0.3627469426546684,0.15534195488339053
wine_quality,mlp,shap,538,1,0.2112457965885751,1.0,0.028748193914531112,0.014709832585719144,0.38835302779566555,0.19978787875211462,0.15534195488339053
wine_quality,mlp,shap,928,1,0.18229628504291148,0.7193115931096736,1.0,0.33436401778651853,0.212076038932885,0.28713443977503167,0.15534195488339053
wine_quality,mlp,shap,1117,0,0.07208445810407402,0.8330686238476086,-0.8044031725070034,0.27705890975030845,-1.0,0.03406931342510709,0.15534195488339053
wine_quality,mlp,shap,802,1,0.3936176441783031,1.0,0.47652931280563215,-0.31195231377706145,-0.001615552864724585,0.29919025803065336,0.15534195488339053
wine_quality,mlp,shap,713,0,0.1077633532832954,-1.0,-0.3801361321073193,-0.06020913512191305,0.07051389857530774,-0.052397824810367505,0.15534195488339053
wine_quality,mlp,shap,110,0,0.15319726444634843,-1.0,0.2609568089569846,-0.1639673825971256,-0.09056757401373657,-0.007740131662751077,0.15534195488339053
wine_quality,mlp,shap,606,1,0.30383728134058535,1.0,0.5296641496511743,0.23034822556578713,0.1804267812104125,-0.0293097877737478,0.15534195488339053
wine_quality,mlp,shap,1439,0,0.09636400944193112,0.09247743088008599,0.0308986183883703,-1.0,-0.6426409296839062,0.0013110592756527138,0.15534195488339053
wine_quality,mlp,shap,15,0,0.09022268218807052,-0.9428753644917288,0.4158822431631072,-1.0,-0.17224240886322506,-0.022526127919557198,0.15534195488339053
wine_quality,mlp,shap,204,0,0.11721720667859602,-1.0,-0.28629314513977355,-0.00800388160499972,0.08044447151348998,-0.053586234778280104,0.15534195488339053
wine_quality,mlp,shap,821,1,0.3183520481028133,1.0,0.30925433990633705,-0.05271933216005354,0.08619182185763183,-0.0038064599329201455,0.15534195488339053
wine_quality,mlp,shap,1345,0,0.08537087159924144,-0.5472085112772467,-1.0,0.14810594045041087,0.19741658255388506,0.11921868433999319,0.15534195488339053
wine_quality,mlp,shap,589,1,0.14064579611109299,0.2480939502801051,0.7320590929420532,0.3729927987189475,0.6869596699017146,1.0,0.15534195488339053
wine_quality,mlp,shap,632,0,0.06336212314865187,-0.2516572907687414,-1.0,0.032853639018823835,0.3523486816850529,-0.11217871749058708,0.15534195488339053
wine_quality,mlp,shap,267,1,0.3578621588475976,1.0,0.5490172942275263,0.06647820849270787,0.1487080438094663,0.011276374147787467,0.15534195488339053
wine_quality,mlp,shap,1138,0,0.13517090609144145,-1.0,-0.10046126693539867,-0.24674960000073667,0.08979085195555472,0.10819577910310159,0.15534195488339053
wine_quality,mlp,shap,464,0,0.20090904947107907,-1.0,0.17379948895047936,0.1241606731472234,0.2740919339126713,0.27639185136866884,0.15534195488339053
wine_quality,mlp,shap,950,1,0.3018026659854586,1.0,0.3678917687490011,0.24074425577874728,0.19805990240684088,-0.0605045145592956,0.15534195488339053
wine_quality,mlp,shap,810,0,0.10874635983461177,-0.24375918350209494,-1.0,0.1278145998990537,0.05270340568848912,-0.020053579427549564,0.15534195488339053
wine_quality,mlp,shap,669,0,0.183274475274651,-1.0,0.03096014040758978,0.132887490961961,0.2687860510990393,0.1920879339109641,0.15534195488339053
wine_quality,mlp,shap,683,0,0.12096491471767797,0.36101899704905616,-0.6270941660273507,0.09310789825090347,-1.0,-0.06874457821413539,0.15534195488339053
wine_quality,mlp,shap,128,1,0.2782271218974225,0.2379093952216496,1.0,0.49405260037288656,0.0737490227636098,0.06277809646212276,0.15534195488339053
wine_quality,mlp,shap,939,0,0.10743119176295186,0.8625779508991769,-1.0,0.3892147990997802,0.1432495794554684,-0.5644980031913419,0.15534195488339053
wine_quality,mlp,shap,125,0,0.09313877172674091,-1.0,0.10093074526662778,-0.5852783721202165,-0.26828730831702846,0.0847810902396219,0.15534195488339053
wine_quality,mlp,shap,1339,0,0.0749747713380438,-0.26789885887045733,-1.0,0.1482340454340899,0.042983132262609955,-0.14609108791912737,0.15534195488339053
wine_quality,mlp,shap,357,1,0.1967151317362636,1.0,0.5970075204737837,0.22788990713815174,0.2831975636530257,0.12931048708113385,0.15534195488339053
wine_quality,mlp,shap,1128,0,0.10414648234564289,-0.8523504591649853,0.07907227069014947,-1.0,0.13396101131283564,0.15969787062098925,0.15534195488339053
wine_quality,mlp,shap,1175,0,0.1099303395703203,1.0,0.1875266344285763,-0.4482770057794324,-0.14691661055113303,-0.5947303888523059,0.15534195488339053
wine_quality,mlp,shap,426,0,0.08755107095586631,0.7476134399736892,-1.0,-0.04966677175646151,-0.4799519974626317,-0.1298506080477332,0.15534195488339053
wine_quality,mlp,shap,532,0,0.05789132007909366,-0.2532076953739499,-0.4951222695219724,0.29314233732466916,0.8620380054090866,1.0,0.15534195488339053
wine_quality,mlp,shap,485,0,0.07322810536427814,-0.6184407008799174,-1.0,0.12696255964265948,-0.6707309309685794,0.045235268711829334,0.15534195488339053
wine_quality,mlp,shap,1240,0,0.07905717860783491,-1.0,-0.5374640363953965,-0.11825509228585432,-0.3370554465682145,0.027860436085812956,0.15534195488339053
wine_quality,mlp,shap,1093,1,0.3047434345968813,1.0,0.6932691004037062,0.16185572987772215,0.18699335835689673,-0.0229862764983835,0.15534195488339053
wine_quality,mlp,shap,1402,1,0.2979757588980634,1.0,0.6149780373874272,0.2250415957110408,0.1499682839298401,-0.14277122432761166,0.15534195488339053
wine_quality,mlp,shap,413,1,0.244197080467092,1.0,0.765695330044735,0.34890383983726475,0.24304315579223826,0.04097353924429478,0.15534195488339053
wine_quality,mlp,shap,986,0,0.15265474065493162,1.0,-0.5788846793234739,0.3642722732367505,0.6929977426927257,0.30638839108625265,0.15534195488339053
wine_quality,mlp,shap,1522,0,0.13332634883741698,-0.3526218944942,0.5176087109303835,-1.0,0.16218710475480502,-0.18443538042775123,0.15534195488339053
wine_quality,mlp,shap,1152,0,0.06509346680457426,-0.9935261180269667,-1.0,0.07054683460473565,-0.507524632711449,0.1439423812584501,0.15534195488339053
wine_quality,mlp,shap,1143,0,0.13758655611607148,-1.0,0.4223729528847832,0.1758524030795563,-0.049037315246808266,-0.651697273197353,0.15534195488339053
wine_quality,mlp,shap,365,1,0.26908317909337265,1.0,0.922336158840637,0.3910724462239001,0.16598288963692837,0.0024276033374672754,0.15534195488339053
wine_quality,mlp,shap,1366,0,0.055830292858849884,-0.9894064554020906,-0.7952380422160548,-0.035492956121296534,-1.0,0.038923721977834176,0.15534195488339053
wine_quality,mlp,shap,752,0,0.09860424367148633,-1.0,-0.17263649863485978,-0.2481353845106116,-0.03944823456095634,-0.11507958928334441,0.15534195488339053
wine_quality,mlp,shap,181,0,0.07812849902241259,-1.0,0.2308902921384533,-0.8163953702769323,-0.24425977365729418,-0.158523120286641,0.15534195488339053
wine_quality,mlp,shap,540,0,0.11218837411951144,-1.0,0.05995116080912335,-0.15015354175127152,-0.233710171208018,0.07363530009364119,0.15534195488339053
wine_quality,mlp,shap,1102,0,0.08920192911128466,0.5973294832853224,-1.0,0.06502975125380858,0.06895979530914939,-0.36069565731494746,0.15534195488339053
wine_quality,mlp,shap,151,0,0.050640158914932974,-0.8503442184159855,-1.0,-0.2918882871231442,-0.05533101609151612,-0.8700010005174605,0.15534195488339053
wine_quality,mlp,shap,1056,0,0.21367425909796234,1.0,-0.31588759808467093,0.22791916548193047,0.23409635801039672,0.14883101495107548,0.15534195488339053
wine_quality,mlp,shap,1323,1,0.1380057091318016,0.8413990556237091,1.0,-0.17367849106276995,0.49519969321961527,0.43992567352702494,0.15534195488339053
wine_quality,mlp,shap,982,1,0.3411155151212848,1.0,0.33315403359370166,-0.15588657671951592,0.05179057224574165,0.05897339017022213,0.15534195488339053
wine_quality,mlp,shap,90,0,0.07014535620471275,-0.8546680083552202,-0.374259872022734,-1.0,-0.041646856649464215,0.05600255027398862,0.15534195488339053
wine_quality,mlp,shap,115,0,0.07735387627334632,0.23394479564897536,0.005059655865510642,-0.15321755436381831,0.8174234683490007,1.0,0.15534195488339053
wine_quality,mlp,shap,386,0,0.14363102874728878,-1.0,0.15727927644468925,-0.0675074782031758,-0.026287441981253084,-0.14475380778631505,0.15534195488339053
wine_quality,mlp,shap,523,0,0.07728001359147127,-0.9067705315207778,-0.3010128130087239,-1.0,0.11418935538531735,0.08347587896573147,0.15534195488339053
wine_quality,mlp,shap,377,1,0.31454703386219496,1.0,0.3517584964283135,0.48632317373817974,0.4409679483519521,-0.1224317671151635,0.15534195488339053
wine_quality,mlp,shap,1264,0,0.18561353351618437,1.0,0.2898009470980604,-0.17955886570879895,0.20706179637033065,-0.15334152091476697,0.15534195488339053
wine_quality,mlp,shap,1076,1,0.1911546011424988,1.0,0.41216364038242415,0.44170323853018545,0.5644013812366472,0.28123750891117666,0.15534195488339053
wine_quality,mlp,shap,243,0,0.22348892423269098,-1.0,0.30650889046446167,0.14101935320449374,0.11990451367524829,0.21975743905428255,0.15534195488339053
wine_quality,mlp,shap,1405,1,0.2304113165633755,0.8911713186397676,1.0,0.2385189355228151,0.2294430040748304,0.02293124105299775,0.15534195488339053
wine_quality,mlp,shap,567,0,0.09576965097255886,-1.0,-0.2686322037088117,0.10272647299759016,-0.4142956721292356,-0.039635150834086086,0.15534195488339053
wine_quality,mlp,shap,1209,1,0.24064253728882523,0.7617783807553028,1.0,0.34768879084624643,0.11422195827943364,-0.14248836329395373,0.15534195488339053
wine_quality,mlp,shap,870,0,0.09946635196936897,1.0,-0.738048137686909,-0.05806971233691479,-0.6823869611589091,-0.009578194184905823,0.15534195488339053
wine_quality,mlp,shap,7,0,0.06798483453639849,-0.6842886194573945,-1.0,0.21207574060232537,-0.35849542599069256,-0.07242669916681072,0.15534195488339053
wine_quality,mlp,shap,337,0,0.02770210595412085,-0.6175065364166273,-0.12447005897289794,-0.16203355044271903,1.0,-0.06708332776499171,0.15534195488339053
wine_quality,mlp,shap,1549,1,0.1516727995291059,1.0,0.3364035578008459,0.33601910086026887,0.4580609057181141,0.1721264771982736,0.15534195488339053
wine_quality,mlp,shap,160,0,0.08569279226916242,-0.6338108423709113,-0.33122997332518117,0.09240528090037053,-1.0,0.059858262862693086,0.15534195488339053
wine_quality,mlp,shap,392,0,0.11330104811651562,-1.0,-0.5622053712125296,0.09655130994529441,0.18516522679872635,0.17405975549394287,0.15534195488339053
wine_quality,mlp,shap,817,1,0.2552210902006889,1.0,0.3567863560919881,0.1844248029725202,0.3162620896420582,0.04986524436202252,0.15534195488339053
wine_quality,mlp,shap,1305,0,0.07935351514881009,-1.0,-0.33507609096964464,-0.3897370469915372,-0.24216315478496164,0.009401907692527824,0.15534195488339053
wine_quality,mlp,shap,344,1,0.16820536909074857,0.36549688284797927,1.0,0.342888704099165,-0.03332305797478743,0.47424476754293876,0.15534195488339053
wine_quality,mlp,shap,1074,0,0.07283773957028658,-1.0,-0.19545256117692295,-0.2936778731647562,-0.6826940562379642,0.03911203182449531,0.15534195488339053
wine_quality,mlp,shap,275,0,0.01687305631937959,0.8367175423806792,0.6757951892882963,-0.8282985421284671,-0.058332608672190395,-1.0,0.15534195488339053
wine_quality,mlp,shap,925,0,0.14184714466585185,0.16076250488131738,0.35600600821626494,-1.0,0.10825271925263795,-0.4435735548034259,0.15534195488339053
wine_quality,mlp,shap,346,1,0.34523303179450554,1.0,0.8539915289223802,0.14157600381300697,-0.25158618458696413,0.2761740712271739,0.15534195488339053
wine_quality,mlp,shap,932,0,0.09569607172697765,-1.0,-0.21348505314158203,-0.23441774401408658,0.07736873338250348,-0.25182783511353496,0.15534195488339053
wine_quality,mlp,shap,625,0,0.0637027306383711,-1.0,0.29440326599933303,-0.5090163820627592,-0.6291400790974693,-0.5497295824817492,0.15534195488339053
wine_quality,mlp,shap,922,1,0.24041176489952684,1.0,0.9410024736968202,-0.036612390445447056,-0.10839611298534113,0.08221154784560494,0.15534195488339053
wine_quality,mlp,shap,1260,0,0.07302219119804328,-1.0,-0.2628953632769464,-0.259735382930696,-0.3648123289702464,-0.23988158183861732,0.15534195488339053
wine_quality,mlp,shap,31,0,0.04867693260946533,0.001760103399621815,-1.0,0.22042044700239594,-0.6344937315692993,-0.1769344646879597,0.15534195488339053
wine_quality,mlp,shap,1587,0,0.03986884919271809,0.8885722293091024,-0.4228503940237626,0.6397163987629442,-0.3593315706750339,-1.0,0.15534195488339053
wine_quality,mlp,shap,192,0,0.06319205319133957,-1.0,-0.19575440692185653,-0.9427236483145962,-0.33378554871399785,0.01401217780697407,0.15534195488339053
wine_quality,mlp,shap,710,0,0.07980737216495531,-0.47399628014869166,-0.2132920779323244,-0.3733879834508303,-1.0,0.11421512289506808,0.15534195488339053
wine_quality,mlp,shap,238,0,0.10120241536447665,-1.0,-0.2765612851361762,-0.009398426297890729,-0.17894699597108232,-0.06983760653408609,0.15534195488339053
wine_quality,mlp,shap,467,1,0.26580306965563416,1.0,0.5296717521189455,0.16357290678406108,0.12119681521272345,0.04922724464709977,0.15534195488339053
wine_quality,mlp,shap,336,1,0.30353932862171906,1.0,0.21294809662059683,0.2118994180394715,0.194010358941154,-0.014675355762453362,0.15534195488339053
wine_quality,mlp,shap,596,0,0.14570907669545768,-1.0,-0.23184305449109416,0.12282804216221341,0.19119311780183076,0.19546114503354592,0.15534195488339053
wine_quality,mlp,shap,1216,0,0.10553378180799311,-1.0,0.06710537003744106,-0.49966418581354505,-0.0667153231284421,0.02733843575924388,0.15534195488339053
wine_quality,mlp,shap,840,1,0.24766310268649955,1.0,0.5639656516406101,0.12535727143224484,0.22377778197375098,0.09955019730001378,0.15534195488339053
wine_quality,mlp,shap,1141,0,0.11499752019112974,0.7076856629939152,0.7209830953620475,-1.0,0.46673419625525675,0.26757403279725805,0.15534195488339053
wine_quality,mlp,shap,1068,1,0.16964546836455063,0.7136586398823537,1.0,0.6127108899455831,0.646930604090769,0.5910939744452673,0.15534195488339053
wine_quality,mlp,shap,739,0,0.09330015448503348,-1.0,-0.24708191288931916,0.0018456714128116934,-0.35553920736857153,-0.06227762058426138,0.15534195488339053
wine_quality,mlp,shap,946,1,0.30401631954266295,1.0,0.9026086483953398,0.3683654730722269,0.13981930501999956,0.034620632625076406,0.15534195488339053
wine_quality,mlp,shap,1249,0,0.04162157633667236,0.6074984540172907,-1.0,0.18584147097720236,-0.4074743398058746,-0.3429382681202307,0.15534195488339053
wine_quality,mlp,shap,179,0,0.09470759389635668,-1.0,-0.330467087261822,-0.03081947134713281,-0.3239158921469725,0.09652013074501302,0.15534195488339053
wine_quality,mlp,shap,733,0,0.08405627631722987,-1.0,-0.20112977396357687,-0.2958439547435392,0.04457051993768795,-0.3956537310554702,0.15534195488339053
wine_quality,mlp,shap,1319,0,0.050473859401392866,-1.0,-0.7918660458690798,-0.284403462408826,-0.6530552874494716,-0.34834663109984054,0.15534195488339053
wine_quality,mlp,shap,153,0,0.06443646908397446,-1.0,-0.41631318955578633,-0.6915839448966191,-0.2509380419927946,-0.05192540388807255,0.15534195488339053
wine_quality,mlp,shap,264,1,0.19933265112559495,0.5368707654688863,1.0,0.4300781450696766,-0.07106171259064845,-0.006959862364793138,0.15534195488339053
wine_quality,mlp,shap,1435,0,0.1131288174431019,-1.0,0.1891080750673689,-0.5957619394491607,-0.04333080039758388,0.07684246198237626,0.15534195488339053
wine_quality,mlp,shap,1560,0,0.06532704679025371,-0.6822753437480539,-0.4860769888797555,-1.0,-0.2755323415741425,0.06597288708309422,0.15534195488339053
wine_quality,mlp,shap,1597,0,0.08343249624501521,-0.7514482773189357,0.2220736285833761,-0.0211672839078058,-0.2770527043664241,-1.0,0.15534195488339053
wine_quality,mlp,shap,465,0,0.19414661727354923,-1.0,0.37613817129025723,0.10478415470650632,0.0359356467754234,-0.2957967740917046,0.15534195488339053
wine_quality,mlp,shap,1475,1,0.3935693508224238,1.0,0.30326889785627303,-0.2816746978061805,0.057249247044646116,0.11645609069578151,0.15534195488339053
wine_quality,mlp,shap,762,0,0.06254405404793993,-0.7322816808057093,-1.0,0.17473023165705467,-0.7726250605432188,-0.04906935698113367,0.15534195488339053
wine_quality,mlp,shap,888,0,0.05368253915218061,0.9424760438015956,-1.0,-0.4192629841386324,-0.3039666274704133,-0.5338507500173472,0.15534195488339053
wine_quality,mlp,shap,1096,0,0.0888839281379738,0.01731116309463062,-1.0,0.10077243857059005,-0.7470138295670357,-0.07623995377298709,0.15534195488339053
wine_quality,mlp,shap,1153,0,0.05294031341088029,1.0,-0.08466633541122404,-0.005472661699672332,0.7194272836770497,0.429183729447025,0.15534195488339053
wine_quality,mlp,shap,945,1,0.17179026580530324,0.6862148822108792,1.0,0.43000611398957334,0.31902405642698767,0.4030642945806315,0.15534195488339053
wine_quality,mlp,shap,1519,0,0.03829398749364419,-0.9087890515039979,-1.0,0.4030860852668131,-0.952298239526814,-0.26018356621216815,0.15534195488339053
wine_quality,mlp,shap,1008,1,0.2512238753727982,1.0,0.24966879347278026,0.20335552315474714,0.3390804325321845,0.12194128515281638,0.15534195488339053
wine_quality,mlp,shap,111,0,0.07440148236267713,-0.7985802643390703,-0.001973760016174543,-1.0,-0.371891319507997,0.0845579041400873,0.15534195488339053
wine_quality,mlp,shap,966,1,0.2206495640585497,1.0,-0.3014864764344277,0.2265947011387685,0.5452810003925505,0.2532063986530752,0.15534195488339053
wine_quality,mlp,shap,544,0,0.2514499670388491,-1.0,0.21632302312475118,0.15323013351643033,0.18704341552155893,-0.011252875142433384,0.15534195488339053
wine_quality,mlp,shap,1001,0,0.1446044704350211,0.34144440700085243,1.0,0.10000925820229996,0.27107516301325973,0.22266944682353898,0.15534195488339053
wine_quality,mlp,shap,677,0,0.05921554132010679,-0.7972950810578859,-0.7324652695706508,0.08750519726460286,-1.0,-0.17937653482716467,0.15534195488339053
wine_quality,mlp,shap,1220,0,0.16674342226037708,1.0,0.6732798727399645,-0.06334790077809845,0.3226299951771588,0.05234276946158854,0.15534195488339053
wine_quality,mlp,shap,837,1,0.27281492524056017,1.0,0.10673476938476281,0.20974400675919463,0.7418554222629189,0.13760220758238692,0.15534195488339053
wine_quality,mlp,shap,208,0,0.11715532203656946,-1.0,0.028498420072513332,-0.5457792282853079,0.08865305236788404,0.10268587052254703,0.15534195488339053
wine_quality,mlp,shap,1420,0,0.09302039562461939,-0.7147221975230305,-1.0,0.11699210582207768,-0.08786377966313905,0.09517879736166032,0.15534195488339053
wine_quality,mlp,shap,1343,0,0.0749747713380438,-0.26789885887045733,-1.0,0.1482340454340899,0.042983132262609955,-0.14609108791912737,0.15534195488339053
wine_quality,mlp,shap,1181,0,0.15774533186384287,0.688968670151337,-1.0,0.004266490079142988,0.4159224257882264,0.1917095757065248,0.15534195488339053
wine_quality,mlp,shap,13,0,0.07611757072326343,-0.9614356571516954,-1.0,0.07780775996496064,-0.15937582886637958,0.0021877435926564623,0.15534195488339053
wine_quality,mlp,shap,1113,0,0.14330490985220484,-1.0,-0.227822367087118,0.10462790936210828,0.20105810414767772,0.22210195317398518,0.15534195488339053
wine_quality,mlp,shap,53,0,0.09984493013507982,-1.0,-0.18994471025977835,-0.5805589750581458,0.13002049615118688,0.08465107661194847,0.15534195488339053
wine_quality,mlp,shap,389,0,0.057594798282880395,-0.850949121828713,0.9260290884500135,0.37135244593269945,0.8040127312346834,1.0,0.15534195488339053
wine_quality,mlp,shap,194,0,0.07628432126704868,-1.0,-0.7003965460968036,0.16987569328679653,-0.051679173264126965,0.05004711042145386,0.15534195488339053
wine_quality,mlp,shap,1467,0,0.12070391552930843,0.1340355627457559,-0.2742624306337218,0.04352997370873502,-1.0,-0.18982779419228943,0.15534195488339053
wine_quality,mlp,shap,1367,0,0.07576854784885038,-0.41697143796255476,-0.5175044722980731,-1.0,-0.08295331807813253,-0.03278762350609618,0.15534195488339053
wine_quality,mlp,shap,608,0,0.048930157055548595,-0.6921564310061561,-0.21271755474061976,-0.7322285998451653,-1.0,0.003724872835858336,0.15534195488339053
wine_quality,mlp,shap,1534,0,0.12325946994585425,1.0,-0.38782984326354975,0.1156421907204693,-0.10117914869534311,-0.2196285984252461,0.15534195488339053
wine_quality,mlp,shap,1447,0,0.11368860863311094,-1.0,0.23293501214007004,-0.008624593036050244,-0.30154341374487403,-0.2316561107696672,0.15534195488339053
wine_quality,mlp,shap,723,0,0.0673482058201484,-0.684400291892284,-1.0,-0.8158696858381037,0.18323126543973658,0.01048944358070085,0.15534195488339053
wine_quality,mlp,shap,1179,0,0.14493175886596538,0.6945066888081406,1.0,-0.0072338396727787205,0.2935800540559311,0.11224840626041,0.15534195488339053
wine_quality,mlp,shap,509,1,0.13589376789557037,1.0,0.20800112866844775,-0.00602187647317745,0.8119261153541578,0.7783965511152824,0.15534195488339053
wine_quality,mlp,shap,268,0,0.18264692357581194,-1.0,0.35117319667542796,0.0780142514786618,-0.007236981807971407,-0.27243733008532184,0.15534195488339053
wine_quality,mlp,shap,38,0,0.07080548367537912,-0.595026475318174,-0.4355379692179459,0.10706611762534796,-1.0,-0.27042715450237986,0.15534195488339053
wine_quality,mlp,shap,66,0,0.08655177658015593,-1.0,-0.3099637132231837,-0.03429368294092017,0.008506365411076995,-0.24701136595147177,0.15534195488339053
wine_quality,mlp,shap,1344,0,0.12902881401341137,0.301188603164403,-1.0,0.062055988903969385,0.325065609438022,0.24252318508721343,0.15534195488339053
wine_quality,mlp,shap,908,0,0.03673382748997694,0.3321189509822812,-1.0,-0.5082663820532942,-0.03051393567909507,-0.863508673354946,0.15534195488339053
wine_quality,mlp,shap,324,0,0.1736812165962196,-1.0,0.08400140275916315,-0.10667172167339876,0.025622456944439535,0.12479613329853127,0.15534195488339053
wine_quality,mlp,shap,1291,0,0.07927422811052896,0.6547633323990096,1.0,-0.25885102220464923,-0.43539661512927136,0.18744802321025425,0.15534195488339053
wine_quality,mlp,shap,114,0,0.15319726444634843,-1.0,0.2609568089569846,-0.1639673825971256,-0.09056757401373657,-0.007740131662751077,0.15534195488339053
wine_quality,mlp,shap,222,0,0.0982027466103265,-1.0,-0.25265941257186103,0.23432848672672568,-0.1378471023625446,-0.10793311187102055,0.15534195488339053
wine_quality,mlp,shap,274,0,0.09505971944296547,-1.0,0.20385644808035264,-0.5223366474102388,-0.22205078844285073,-0.09362020744570923,0.15534195488339053
wine_quality,mlp,shap,1122,0,0.1681332574013256,1.0,-0.7029400792473662,-0.11626242340657975,0.10738528327787883,-0.27884255992073476,0.15534195488339053
wine_quality,mlp,shap,1100,1,0.2359297369047276,1.0,0.5091565692085984,0.12322169118418197,0.3108415799950832,0.08312041331540335,0.15534195488339053
wine_quality,mlp,shap,1353,0,0.05413409568471898,-0.7390567751079945,-1.0,-0.2517426261750992,-0.658017147263083,-0.14416615943924446,0.15534195488339053
wine_quality,mlp,shap,1021,0,0.20812899824756192,1.0,-0.55070071667984,0.15598933912517832,0.5129100948976751,0.19285173907880204,0.15534195488339053
wine_quality,mlp,shap,892,0,0.15476227147198085,-1.0,-0.02901322410508916,0.11765018330836635,0.11287999460151465,0.1099151854380128,0.15534195488339053
wine_quality,mlp,shap,1193,0,0.09533379729765723,0.002657322401136384,-0.6088446162156612,0.15494054225171663,-1.0,-0.17258974074039785,0.15534195488339053
wine_quality,mlp,shap,1416,0,0.17570475604197586,-1.0,0.36563281919762547,0.16768369613037645,0.0730216918959247,0.1771438482808707,0.15534195488339053
wine_quality,mlp,shap,369,1,0.31454703386219496,1.0,0.3517584964283135,0.48632317373817974,0.4409679483519521,-0.1224317671151635,0.15534195488339053
wine_quality,mlp,shap,131,0,0.2813598592559291,1.0,-0.09188101211291944,-0.04636177277299658,0.03422551569080872,-0.4091089777366422,0.15534195488339053
wine_quality,mlp,shap,1267,1,0.22013452273931336,0.8455583664658721,1.0,0.5226812065779682,0.3011941246245819,0.1483945415475491,0.15534195488339053
wine_quality,mlp,shap,1115,0,0.07208445810407402,0.8330686238476086,-0.8044031725070034,0.27705890975030845,-1.0,0.03406931342510709,0.15534195488339053
wine_quality,mlp,shap,990,0,0.11854815786471509,-1.0,-0.5744355321880712,0.07604185878059212,0.15163842609536304,0.15634378705310437,0.15534195488339053
wine_quality,mlp,shap,470,0,0.09943345580396029,0.29854156439807805,-0.26738234271964706,0.038785976505409284,0.8799874640617412,1.0,0.15534195488339053
wine_quality,mlp,shap,1051,0,0.08174453695453959,-1.0,-0.9148357060011073,-0.07558734417883767,0.05345090636684381,0.036637790202699694,0.15534195488339053
wine_quality,mlp,shap,636,0,0.0476682863458731,-0.9000125385478,-0.4182552034127738,-1.0,-0.9543656962631161,0.013822039881082625,0.15534195488339053
wine_quality,mlp,shap,949,1,0.3018026659854586,1.0,0.3678917687490011,0.24074425577874728,0.19805990240684088,-0.0605045145592956,0.15534195488339053
wine_quality,mlp,shap,1335,0,0.21114943621576712,1.0,-0.03286425320251706,-0.08414661906371927,-0.10461251813461231,-0.06823513258128612,0.15534195488339053
wine_quality,mlp,shap,1453,0,0.10533300619944595,-1.0,-0.15666859653500353,-0.2103547860863075,0.008139223070309069,-0.1158857876716328,0.15534195488339053
wine_quality,mlp,shap,1400,0,0.0593649040656069,-0.6268012473006334,-0.4957129460035076,-1.0,-0.5096352377826897,0.015418934731997937,0.15534195488339053
wine_quality,mlp,shap,469,0,0.08295129408974339,-0.5816048451749871,-0.3110689342524044,-0.04204370990785074,-1.0,0.06210839410969987,0.15534195488339053
wine_quality,mlp,shap,1114,0,0.32143829033471544,1.0,-0.0552896369947573,-0.12096825823462731,0.13306619748658638,-0.10848760574850531,0.15534195488339053
wine_quality,mlp,shap,407,0,0.053679089332207434,0.5216134224631556,-0.47323417482063596,0.2928428339224217,1.0,0.9153061114667593,0.15534195488339053
wine_quality,mlp,shap,511,0,0.051256165403094765,-1.0,-0.31040561042028797,-0.6908270308223212,-0.8226653251363238,0.32883843985816524,0.15534195488339053
wine_quality,mlp,shap,555,0,0.15733475691687165,0.2973807341361385,0.3397139874206144,0.1588731846960664,-1.0,-0.6933516099904798,0.15534195488339053
wine_quality,mlp,shap,628,0,0.11949025203180509,-1.0,-0.2131910802510579,0.05657369165139825,-0.037805099590901725,0.03985830295920577,0.15534195488339053
wine_quality,mlp,shap,376,0,0.0775650925471288,0.22534930910222561,-0.671134336517118,-1.0,0.21600539679375624,-0.24812594049900463,0.15534195488339053
wine_quality,mlp,shap,496,0,0.12527826891980343,-1.0,-0.058797120799359955,-0.0039223909336766755,-0.014527697754591503,-0.1623205214422476,0.15534195488339053
wine_quality,mlp,shap,527,0,0.12771321533392638,1.0,0.27876319992216725,-0.881530352970706,0.3374469815540891,-0.09408243836639342,0.15534195488339053
wine_quality,mlp,shap,281,0,0.16243813717577057,-0.7972207613416706,1.0,0.9131319844438199,0.5060398397803455,0.2956791879681452,0.15534195488339053
wine_quality,mlp,shap,124,0,0.09296169653556424,-1.0,-0.26686222589169517,-0.3168766143702698,-0.008765983230632676,-0.07852695965261419,0.15534195488339053
wine_quality,mlp,shap,1250,0,0.04162157633667236,0.6074984540172907,-1.0,0.18584147097720236,-0.4074743398058746,-0.3429382681202307,0.15534195488339053
wine_quality,mlp,shap,1537,0,0.04989566842961852,-0.8973943349136372,-0.2535343267532011,0.29172891454824085,-0.13981512897340279,-1.0,0.15534195488339053
wine_quality,mlp,shap,200,0,0.1323025295265188,-0.2484626597928337,1.0,0.3547703555898444,0.14486962011548196,0.3650931276151363,0.15534195488339053
wine_quality,mlp,shap,1023,0,0.2588009886573019,1.0,-0.3831121644940406,0.13349891454554683,0.4263666914907575,0.09706986805133261,0.15534195488339053
wine_quality,mlp,shap,219,0,0.07846670110742791,-0.7643516206541691,-0.1874777094894744,-1.0,-0.02371977016543695,-0.004169081935145197,0.15534195488339053
wine_quality,mlp,shap,1090,1,0.22375234593626192,1.0,0.07804240400403364,0.06982959832123532,0.6308244687111877,0.3968461162241386,0.15534195488339053
wine_quality,mlp,shap,1312,0,0.09643846474823703,-0.12949037665325264,-0.42579419842282323,0.009671786925209312,-1.0,-0.06517555519209212,0.15534195488339053
wine_quality,mlp,shap,911,0,0.07897989448538566,0.6987221612849192,-0.6193588888895903,0.5274529793205507,1.0,0.5830343574636861,0.15534195488339053
wine_quality,mlp,shap,191,0,0.07617787574444253,-1.0,-0.18654441594943555,-0.0805793550849391,0.13714467416893425,-0.901021229050221,0.15534195488339053
wine_quality,mlp,shap,341,1,0.21898097439937525,0.7987014792164442,1.0,0.42450041730555776,0.2240188756772735,0.09813242301438381,0.15534195488339053
wine_quality,mlp,shap,56,0,0.1322442023677448,-1.0,-0.15811349363690483,0.1262687817083641,0.25200051557984476,0.26188607010095627,0.15534195488339053
wine_quality,mlp,shap,1586,0,0.17947521226053134,1.0,0.8048897008667159,-0.3007484831471331,0.2917867847804343,-0.01433408628930646,0.15534195488339053
wine_quality,mlp,shap,1,0,0.08737844185557182,-0.6176918974215021,0.04784937013649651,-0.28215659869770254,-1.0,0.07419519091339638,0.15534195488339053
wine_quality,mlp,integrated_gradients,516,1,0.181222066283226,1.0,0.7135820948662459,0.4457253469874499,-0.2060533817611439,0.18653344907461653,0.16843734681606293
wine_quality,mlp,integrated_gradients,1464,0,0.07678288966417313,-1.0,0.08042846746315725,-0.22780779913881982,-0.185757862817636,-0.7749455758384377,0.16843734681606293
wine_quality,mlp,integrated_gradients,1133,0,0.10439632833003998,1.0,0.24251581055961394,0.20708550155946706,0.10693308044240876,-0.344808546887282,0.16843734681606293
wine_quality,mlp,integrated_gradients,589,1,0.31895899772644043,0.025568061837583932,0.3585338754876436,-0.09719576419987577,0.007365515733350974,1.0,0.16843734681606293
wine_quality,mlp,integrated_gradients,90,0,0.10980992764234543,-0.32632889412508337,-0.27020938241831444,-1.0,0.010088704102245835,0.07929402326800009,0.16843734681606293
wine_quality,mlp,integrated_gradients,845,0,0.13476522266864777,-0.25392926048500314,0.005063812370348281,0.05317499652529799,-0.017421387423911767,-1.0,0.16843734681606293
wine_quality,mlp,integrated_gradients,964,1,0.3052031397819519,0.07465314022629611,1.0,0.05580520833190931,0.04229478621936041,0.44108018441315516,0.16843734681606293
wine_quality,mlp,integrated_gradients,112,0,0.12714824080467224,-0.3053232161076808,0.00900954440490279,-1.0,-0.13819061069706054,0.15265189550315056,0.16843734681606293
wine_quality,mlp,integrated_gradients,509,1,0.29450878500938416,0.06378969624294493,0.11509170644829148,0.014405432310521828,0.05347293584596353,1.0,0.16843734681606293
wine_quality,mlp,integrated_gradients,974,1,0.2202557474374771,1.0,-0.23567687358861272,0.63987380381978,0.2971597267404694,0.029962487009604757,0.16843734681606293
wine_quality,mlp,integrated_gradients,281,0,0.4703066647052765,-0.3829113256281829,1.0,0.2335173092135017,-0.2582192379344286,0.056638374822482886,0.16843734681606293
wine_quality,mlp,integrated_gradients,491,1,0.2893353998661041,1.0,0.6608188610272354,0.2637214766258587,0.14715901863164027,-0.04042793172673182,0.16843734681606293
wine_quality,mlp,integrated_gradients,1341,0,0.09783293306827545,0.019720255907166858,-1.0,0.02199101010790262,0.03776993598846204,-0.15239765487764217,0.16843734681606293
wine_quality,mlp,integrated_gradients,1590,1,0.24607744812965393,0.4834881395627389,1.0,0.0792231284309571,-0.0246069231471666,-0.023453434417800484,0.16843734681606293
wine_quality,mlp,integrated_gradients,33,0,0.0465947762131691,-0.898140344060334,-1.0,-0.7788917857733922,-0.25037584877783187,-0.565295590152938,0.16843734681606293
wine_quality,mlp,integrated_gradients,47,0,0.06213952600955963,-1.0,-0.805371700958703,-0.16359681080584626,-0.6799938035252282,0.640140027380553,0.16843734681606293
wine_quality,mlp,integrated_gradients,1549,1,0.11372308433055878,1.0,0.5368740014678006,0.6062380606897929,0.36799553370379073,0.43919807799626487,0.16843734681606293
wine_quality,mlp,integrated_gradients,210,1,0.2914304733276367,0.8187389659082356,1.0,0.3146130694777592,-0.003163416154938078,0.017333456286589416,0.16843734681606293
wine_quality,mlp,integrated_gradients,1172,1,0.24131643772125244,1.0,0.5147710897891576,0.4838179966596009,0.1773488508918352,0.08605766060171643,0.16843734681606293
wine_quality,mlp,integrated_gradients,1371,1,0.41172704100608826,0.2585489842505396,1.0,0.18751230070327268,-0.05495034044582707,0.048975356393763506,0.16843734681606293
wine_quality,mlp,integrated_gradients,172,0,0.08000638335943222,-1.0,-0.35427158924501373,-0.5506434227098859,-0.06355222905913659,0.13312928519711034,0.16843734681606293
wine_quality,mlp,integrated_gradients,398,0,0.05425679311156273,0.3812044837679041,-0.21724511751115577,0.0013289458451889728,-0.6423913657689853,1.0,0.16843734681606293
wine_quality,mlp,integrated_gradients,1570,1,0.37114858627319336,0.693397293008974,1.0,0.11382986795870778,0.0844424298681193,-0.08512202818765216,0.16843734681606293
wine_quality,mlp,integrated_gradients,859,0,0.23744720220565796,0.464783550631159,1.0,0.027004415317231228,-0.03483152954675587,-0.24382316214336258,0.16843734681606293
wine_quality,mlp,integrated_gradients,840,1,0.20880930125713348,1.0,0.8023715197829437,0.1735549354151212,0.15682472041050585,0.19177068648261555,0.16843734681606293
wine_quality,mlp,integrated_gradients,959,0,0.044192634522914886,-0.2803036701911089,-1.0,-0.23419992379584367,-0.31372041504290277,-0.3041489959849514,0.16843734681606293
wine_quality,mlp,integrated_gradients,366,0,0.1304909884929657,-0.3932451626120148,1.0,0.07150977286778205,-0.6838312491963665,0.3269368393790549,0.16843734681606293
wine_quality,mlp,integrated_gradients,1132,1,0.3027684688568115,0.9382924325716216,1.0,0.0884931824025142,0.1237127830826449,-0.08718537459160267,0.16843734681606293
wine_quality,mlp,integrated_gradients,1216,0,0.094033382833004,-0.9680551705034496,0.1529690878188459,-1.0,-0.1440041603058788,0.0662893204448129,0.16843734681606293
wine_quality,mlp,integrated_gradients,514,1,0.14810268580913544,1.0,0.034536323713756804,0.6339840122797025,0.08461331584264538,0.7134798631210797,0.16843734681606293
wine_quality,mlp,integrated_gradients,205,1,0.1802203506231308,0.15394556506107007,1.0,0.14203127393931547,0.08524461830752342,0.5963257902449426,0.16843734681606293
wine_quality,mlp,integrated_gradients,1582,0,0.10556650906801224,0.5036815145173262,-1.0,0.1018075983613968,-0.20369060837974898,-0.06881036240859116,0.16843734681606293
wine_quality,mlp,integrated_gradients,982,1,0.25660035014152527,1.0,0.8318674544101163,-0.12284017661161994,0.00419676299572861,-0.04953141980462665,0.16843734681606293
wine_quality,mlp,integrated_gradients,1396,0,0.04708751663565636,-0.8664024147546681,-0.12882240163911923,-1.0,-0.8753401810876127,0.002491265065120069,0.16843734681606293
wine_quality,mlp,integrated_gradients,463,0,0.08241520076990128,-0.6067934592713284,-0.419337660683405,-1.0,-0.25813192978472066,0.14239228099491383,0.16843734681606293
wine_quality,mlp,integrated_gradients,802,1,0.40835022926330566,1.0,0.927644950065538,-0.5019669448750398,-0.01780628350797988,-0.015093470204262749,0.16843734681606293
wine_quality,mlp,integrated_gradients,264,1,0.1700291633605957,0.259480924702098,1.0,0.3499713070388724,-0.10560511605838291,0.630637895181125,0.16843734681606293
wine_quality,mlp,integrated_gradients,1225,0,0.09764464199542999,-0.6804783771752654,-1.0,-0.48861311029249843,0.21844416320848684,0.14294412284419183,0.16843734681606293
wine_quality,mlp,integrated_gradients,1107,1,0.28502243757247925,0.5790463714816946,1.0,0.2913015385361792,0.1496225963705093,0.09315968599608146,0.16843734681606293
wine_quality,mlp,integrated_gradients,1508,0,0.06466400623321533,0.34767816338551105,1.0,-0.31228966606506514,-0.1939106770367653,-0.8146231571728538,0.16843734681606293
wine_quality,mlp,integrated_gradients,377,1,0.40576162934303284,0.3769405383037555,1.0,0.17808380562141993,0.07070872077996336,0.03296449563613226,0.16843734681606293
wine_quality,mlp,integrated_gradients,1106,0,0.18747666478157043,1.0,-0.7197737030680184,0.4769163808069502,0.20113259344429443,0.3032827727653305,0.16843734681606293
wine_quality,mlp,integrated_gradients,1231,0,0.08068768680095673,0.27507366766152175,-0.22885108827395137,-0.9475833996785512,-1.0,-0.15662784340275526,0.16843734681606293
wine_quality,mlp,integrated_gradients,346,1,0.4452320337295532,0.31731051651767916,1.0,0.05199503139594691,-0.02104785888865952,0.1773672867941836,0.16843734681606293
wine_quality,mlp,integrated_gradients,357,1,0.15561284124851227,1.0,0.9068890254822345,0.3299297060299046,0.20986465001774873,0.29103753317652653,0.16843734681606293
wine_quality,mlp,integrated_gradients,1398,0,0.10303886234760284,-0.11761478532849946,-0.13301401800567217,0.026425103321546572,0.022283284249151207,-1.0,0.16843734681606293
wine_quality,mlp,integrated_gradients,818,0,0.10067979991436005,-0.3216830826934687,-1.0,-0.005773531537819764,-0.36099870095598213,0.010077335217368975,0.16843734681606293
wine_quality,mlp,integrated_gradients,344,1,0.19713404774665833,0.03227949825850553,1.0,0.012063164682229227,-0.08711684513980257,0.8161972364367295,0.16843734681606293
wine_quality,mlp,integrated_gradients,256,0,0.09765084087848663,-1.0,-0.22470240661218266,-0.5577990312268578,-0.20605891027594456,0.5248323462130242,0.16843734681606293
wine_quality,mlp,integrated_gradients,1076,1,0.14016689360141754,1.0,0.7354391528102925,0.49733926997469075,0.4424482915483125,0.8865371079242405,0.16843734681606293
wine_quality,mlp,integrated_gradients,938,1,0.2822991609573364,1.0,0.3392498016339702,0.0434137061055776,0.12080054417112136,-0.053792573213850614,0.16843734681606293
wine_quality,mlp,integrated_gradients,1391,0,0.07134092599153519,0.40138881447804264,-1.0,0.08690199919228984,-0.41577415425676517,-0.12346836369348078,0.16843734681606293
wine_quality,mlp,integrated_gradients,1405,1,0.3844464421272278,0.17989800216777177,1.0,0.08703407131941207,0.04736471135937523,0.06813155345141916,0.16843734681606293
wine_quality,mlp,integrated_gradients,688,0,0.1019439771771431,-0.30432987258571764,-1.0,-0.05473313761644367,-0.2575557699221257,-0.04270041053333888,0.16843734681606293
wine_quality,mlp,integrated_gradients,571,0,0.10028892755508423,1.0,-0.6727316977788133,0.02407649218248999,0.11904364137518283,-0.8980053715479127,0.16843734681606293
wine_quality,mlp,integrated_gradients,477,1,0.27487513422966003,0.4123497185762244,1.0,0.11635716809607516,-0.11830720668864078,0.3305541608358589,0.16843734681606293
wine_quality,mlp,integrated_gradients,293,0,0.0519806444644928,-0.2795143537281968,-0.6315068504931541,-0.49682447664548574,-0.08246179546446154,-1.0,0.16843734681606293
wine_quality,mlp,integrated_gradients,1555,0,0.062383975833654404,0.08371871975223323,0.2674767412606814,-0.31856242577736593,-0.0032217281929892688,-1.0,0.16843734681606293
wine_quality,mlp,integrated_gradients,928,1,0.2532861530780792,0.08546850123539909,1.0,0.146625440808446,0.061354307653497114,0.4838106181843169,0.16843734681606293
wine_quality,mlp,integrated_gradients,961,0,0.06528996676206589,-1.0,-0.5098449504745539,-0.5727235349342713,-0.14459691128829152,0.13492337617714156,0.16843734681606293
wine_quality,mlp,integrated_gradients,1167,1,0.3099721074104309,0.8320788951919529,1.0,-0.021100925885242275,0.09260516936068651,-0.016718830130993956,0.16843734681606293
wine_quality,mlp,integrated_gradients,106,0,0.13281983137130737,-1.0,-0.33992057789922303,-0.4839235092200631,0.11363367806943891,0.603434406759809,0.16843734681606293
wine_quality,mlp,integrated_gradients,700,0,0.09800021350383759,-0.11670569723369668,-0.32886217109749705,-0.3699512352959691,-1.0,0.102752643315787,0.16843734681606293
wine_quality,mlp,integrated_gradients,1412,1,0.34750041365623474,0.2730688568331584,1.0,-0.052720047222259626,-0.2440030294560658,0.302824574991516,0.16843734681606293
wine_quality,mlp,integrated_gradients,882,1,0.1969030797481537,1.0,0.9171587857733899,0.3947825334786546,0.27484410026924594,0.27828383838827203,0.16843734681606293
wine_quality,mlp,integrated_gradients,588,1,0.3416709303855896,1.0,0.3993543065795554,-0.032089777169217105,0.04796142011033293,-0.4189433466956557,0.16843734681606293
wine_quality,mlp,integrated_gradients,124,0,0.06220537796616554,-0.6401003968767998,-0.9850998875382985,-1.0,0.07344521203543224,-0.20451668567178993,0.16843734681606293
wine_quality,mlp,integrated_gradients,457,0,0.05869322642683983,-1.0,-0.8931057863989378,-0.5377716626036005,-0.5995746966600474,0.08159562124417094,0.16843734681606293
wine_quality,mlp,integrated_gradients,912,0,0.1978169083595276,1.0,-0.2628566707655168,0.6787946578554949,0.15365044796082458,-0.050357768671788775,0.16843734681606293
wine_quality,mlp,integrated_gradients,1063,1,0.1846388876438141,1.0,-0.190270267565584,0.6392396972424776,0.3609105742550222,0.33831305394456224,0.16843734681606293
wine_quality,mlp,integrated_gradients,369,1,0.40576162934303284,0.3769405383037555,1.0,0.17808380562141993,0.07070872077996336,0.03296449563613226,0.16843734681606293
wine_quality,mlp,integrated_gradients,842,0,0.06676473468542099,0.26862083418935656,0.8802987743235668,-0.6270458210574678,0.06811060437265394,1.0,0.16843734681606293
wine_quality,mlp,integrated_gradients,947,1,0.22856003046035767,1.0,-0.23869778107291997,0.6597243754956513,0.33336858254613716,0.11737761308151748,0.16843734681606293
wine_quality,mlp,integrated_gradients,1016,1,0.2551136910915375,1.0,0.540620803614871,0.25420516121420134,0.19364923929887112,0.0789309414096291,0.16843734681606293
wine_quality,mlp,integrated_gradients,946,1,0.4932844936847687,0.2878944997248349,1.0,0.13292859282881506,0.041548721864300496,0.021138715291633622,0.16843734681606293
wine_quality,mlp,integrated_gradients,248,0,0.1302361786365509,-0.14585793287003823,-1.0,0.031862035043012576,-0.0041720389659235775,-0.031057751760239873,0.16843734681606293
wine_quality,mlp,integrated_gradients,310,0,0.1082969456911087,-1.0,-0.7017826859584586,-0.02113522909977524,-0.011067232034685048,0.299400462458128,0.16843734681606293
wine_quality,mlp,integrated_gradients,1066,1,0.2447577863931656,1.0,0.3937589529690479,0.2329461102874892,0.011464822133587233,-0.17674767404687503,0.16843734681606293
wine_quality,mlp,integrated_gradients,269,0,0.29182398319244385,-0.27406546556225353,1.0,-0.12675897631818994,-0.6159298295708696,0.10952429935575901,0.16843734681606293
wine_quality,mlp,integrated_gradients,100,0,0.03810565173625946,-0.2236612647215128,-1.0,-0.10325332381521077,-0.36929284142549723,-0.9381116733086269,0.16843734681606293
wine_quality,mlp,integrated_gradients,1525,0,0.027441492304205894,-1.0,-0.4824986378790513,-0.6573467750535057,0.03777851445022477,-0.49515633388107777,0.16843734681606293
wine_quality,mlp,integrated_gradients,1143,0,0.1815718561410904,-0.23043802499138086,0.3534618276234684,0.00862749830099611,-0.061741921329862316,-1.0,0.16843734681606293
wine_quality,mlp,integrated_gradients,506,1,0.4730394184589386,0.1779603698682929,1.0,-0.04786274672990869,-0.25347568185087116,0.13150917000266307,0.16843734681606293
wine_quality,mlp,integrated_gradients,430,1,0.3251928985118866,0.2348987500805331,1.0,0.037775552062962355,-0.10559343704071505,0.5025492447851441,0.16843734681606293
wine_quality,mlp,integrated_gradients,216,0,0.11112749576568604,0.17479546143283933,-1.0,0.004489290931849754,-0.4147829273067619,0.3493189534490804,0.16843734681606293
wine_quality,mlp,integrated_gradients,1493,0,0.13036012649536133,-0.24018097188945992,-0.12421573513543172,-1.0,-0.014266644552897013,0.048032215042431006,0.16843734681606293
wine_quality,mlp,integrated_gradients,1013,0,0.06446351110935211,-0.254172577531632,-1.0,-0.009701035261945419,-0.705977800189687,-0.11026860417057224,0.16843734681606293
wine_quality,mlp,integrated_gradients,1209,1,0.36071673035621643,0.38623414682106094,1.0,0.0893459986640388,0.0755944335363438,-0.19551829221693134,0.16843734681606293
wine_quality,mlp,integrated_gradients,1461,0,0.09788937866687775,-0.273749666057515,-0.1742215619907615,0.1526037999800586,-0.3932524589964296,-1.0,0.16843734681606293
wine_quality,mlp,integrated_gradients,1571,0,0.0710940808057785,1.0,-0.09785203806589042,0.2943146812971503,0.2772503831971332,-0.9039657575922079,0.16843734681606293
wine_quality,mlp,integrated_gradients,669,0,0.22267597913742065,-1.0,0.02083781339311215,-0.34935863890812424,0.35343739351580333,0.6277236867428664,0.16843734681606293
wine_quality,mlp,integrated_gradients,1548,0,0.13054780662059784,-0.011006730604052202,-1.0,-0.004448753622623892,0.5199285691049393,0.6198865072883369,0.16843734681606293
wine_quality,mlp,integrated_gradients,1584,1,0.21551154553890228,0.6610441939232102,1.0,0.19678311190794825,0.19248712294043968,0.06566773158742105,0.16843734681606293
wine_quality,mlp,integrated_gradients,69,1,0.46430280804634094,0.023614296269879674,1.0,0.12432236713350699,-0.14141382825814341,-0.01955414754929533,0.16843734681606293
wine_quality,mlp,integrated_gradients,898,1,0.2725067734718323,1.0,0.5993813301020035,0.03985840215949369,0.14363360295106745,0.0019371662445003778,0.16843734681606293
wine_quality,mlp,integrated_gradients,309,0,0.05688822641968727,-0.5230608486762692,-1.0,-0.1891950509262209,-0.2764218509068637,-0.74771899892455,0.16843734681606293
wine_quality,mlp,integrated_gradients,976,0,0.05115748941898346,-1.0,-0.9649174177082602,-0.5445317103591747,0.18269726365601446,-0.8822419163204559,0.16843734681606293
wine_quality,mlp,integrated_gradients,578,0,0.11813231557607651,-0.325903564647893,-0.16996728759087332,-1.0,0.10071462962485268,0.035502687687660225,0.16843734681606293
wine_quality,mlp,integrated_gradients,1494,0,0.06794019043445587,-0.4639559160229583,0.4498815795274323,-0.41960126126548974,-0.3372781967057428,-1.0,0.16843734681606293
wine_quality,mlp,integrated_gradients,817,1,0.2096327692270279,1.0,0.5118935825343041,0.3723855695430345,0.2965847946473956,0.09001440978625792,0.16843734681606293
wine_quality,mlp,integrated_gradients,468,0,0.12255469709634781,-1.0,-0.24254988733974495,-0.41442042753568253,-0.07228999849413457,0.6413499095660026,0.16843734681606293
wine_quality,mlp,integrated_gradients,1015,1,0.27634021639823914,0.10682291897525559,1.0,0.15824316827535884,0.09688557266324427,0.6911198876584683,0.16843734681606293
wine_quality,mlp,integrated_gradients,266,0,0.08071892708539963,-0.4031835779341366,0.17853475305455252,-0.25988435755102657,-0.6335493710443071,-1.0,0.16843734681606293
wine_quality,mlp,integrated_gradients,950,1,0.24739836156368256,1.0,0.5918353383076879,0.48298774838168645,0.22067547700143525,-0.23624223413372694,0.16843734681606293
wine_quality,mlp,integrated_gradients,461,0,0.07328715920448303,-1.0,-0.5712622945953189,-0.17322287767642672,-0.39033169635831516,0.08881314456780891,0.16843734681606293
wine_quality,mlp,integrated_gradients,1421,0,0.08941920846700668,-1.0,-0.5105188514605875,-0.2424541373210318,0.14192282881602128,-0.18283003002172285,0.16843734681606293
wine_quality,mlp,integrated_gradients,716,0,0.13404983282089233,-0.3422527815906123,-1.0,-0.011211755213356437,0.15874678132293574,-0.033683502721007674,0.16843734681606293
wine_quality,mlp,integrated_gradients,874,1,0.1624893993139267,1.0,-0.056270759244893775,0.8304114300188024,0.3548293549833972,0.8041414908497692,0.16843734681606293
wine_quality,mlp,integrated_gradients,521,0,0.08553852140903473,-0.9064275738612322,-0.05352972457634869,0.012532038856050448,0.005072188178688288,-1.0,0.16843734681606293
wine_quality,mlp,integrated_gradients,671,0,0.08376643061637878,-0.3300361159981286,-1.0,-0.11298526008321667,-0.6422425984662374,0.046189503145974274,0.16843734681606293
wine_quality,mlp,integrated_gradients,577,0,0.10815640538930893,-0.4863776113633948,-0.16621956645631072,-1.0,0.14505352423968107,0.020322722091478344,0.16843734681606293
wine_quality,mlp,integrated_gradients,462,1,0.1754368394613266,1.0,-0.3351007829790747,0.43160045040641304,0.3241800752495017,0.5320870826501883,0.16843734681606293
wine_quality,mlp,integrated_gradients,1410,0,0.10448765754699707,0.28562755488838637,-1.0,-0.051288016175873294,-0.9878034206268982,0.15243599302229535,0.16843734681606293
wine_quality,mlp,integrated_gradients,193,0,0.09560779482126236,-0.2720183333241118,-1.0,-0.0818338054377167,-0.0685762674636995,0.061943200227925536,0.16843734681606293
wine_quality,mlp,integrated_gradients,596,0,0.1301185041666031,-1.0,-0.5744396683273965,-0.32292568630358887,0.3734461220977073,0.6106075224702405,0.16843734681606293
wine_quality,mlp,integrated_gradients,1189,0,0.08717311173677444,-0.20814195802337007,-1.0,0.06594647563878735,-0.7970446088123282,0.0011590663329281259,0.16843734681606293
wine_quality,mlp,integrated_gradients,1333,0,0.08347488194704056,-0.3752179727448049,-1.0,-0.015623705797287333,-0.7233585470798368,0.09285678535755117,0.16843734681606293
wine_quality,mlp,integrated_gradients,944,1,0.2173178344964981,1.0,-0.10746622503514651,0.39803861819905756,0.3129094354596453,0.11523760910364975,0.16843734681606293
wine_quality,mlp,integrated_gradients,1136,1,0.15678946673870087,0.7933567149019627,1.0,0.2139266456268664,0.020126512693021254,0.4759809552647163,0.16843734681606293
wine_quality,mlp,integrated_gradients,197,0,0.11221985518932343,-0.9393386382881197,-0.34565636300454644,0.7593924110739326,0.25469051236185836,1.0,0.16843734681606293
wine_quality,mlp,integrated_gradients,467,1,0.20052266120910645,0.8554741793917863,1.0,0.4444900470006052,0.11664061301725337,-0.009069944699345642,0.16843734681606293
wine_quality,mlp,integrated_gradients,68,0,0.11826426535844803,0.2167151993229326,1.0,-0.6505833337165798,0.054893969291938766,0.1937802747669478,0.16843734681606293
wine_quality,mlp,integrated_gradients,114,0,0.22498929500579834,-1.0,-0.13813724039617517,-0.01430120374492608,-0.03931998361986429,0.4420912330906823,0.16843734681606293
wine_quality,mlp,integrated_gradients,993,0,0.06380153447389603,-0.7411985710643926,-1.0,-0.3151886183557571,0.14001680661081825,-0.7534690201682833,0.16843734681606293
wine_quality,mlp,integrated_gradients,807,1,0.25940966606140137,1.0,0.24786394012001364,0.6172346819013587,0.29700693125179795,-0.03228904656686363,0.16843734681606293
wine_quality,mlp,integrated_gradients,1067,1,0.2759432792663574,0.18308132954319634,0.8639182773308911,-0.050713067224531054,0.14483386380131158,1.0,0.16843734681606293
wine_quality,mlp,integrated_gradients,154,0,0.15877562761306763,0.026460451733098383,0.0731319517361016,-1.0,0.07123026043870197,-0.21942721298379428,0.16843734681606293
wine_quality,mlp,integrated_gradients,243,0,0.24767008423805237,-1.0,0.38223992407612173,-0.08611845579813028,-0.4743479247581563,0.9395505935975147,0.16843734681606293
wine_quality,mlp,integrated_gradients,836,1,0.1988811045885086,0.914516900638623,0.18140822983385013,1.0,0.6561266711546725,0.1977086632373507,0.16843734681606293
wine_quality,mlp,integrated_gradients,867,1,0.29601553082466125,0.4181018014055286,1.0,0.08339756185494823,0.015042420650194163,-0.20041321117975466,0.16843734681606293
wine_quality,mlp,integrated_gradients,1314,0,0.06969594955444336,-0.2734595483723651,-1.0,-0.2719614082394313,0.09599608105548257,-0.6903722214240267,0.16843734681606293
wine_quality,mlp,integrated_gradients,1538,0,0.09069692343473434,1.0,-0.2548887981608682,0.12556006525845642,0.006099640083470692,-0.48710549911752393,0.16843734681606293
wine_quality,mlp,integrated_gradients,940,1,0.28036394715309143,1.0,0.5450197306327228,0.3179430181580498,0.19311645777023814,-0.09810383187670457,0.16843734681606293
wine_quality,mlp,integrated_gradients,1292,0,0.23154734075069427,1.0,0.07242551891935062,0.22597941267191796,0.1465189187714249,-0.6130578016599524,0.16843734681606293
wine_quality,mlp,integrated_gradients,240,0,0.1119328960776329,-1.0,-0.32178513235937134,-0.47165201650041577,-0.19476126176408118,0.5595621331259765,0.16843734681606293
wine_quality,mlp,integrated_gradients,541,0,0.10931240022182465,0.43436530912448773,1.0,-0.03068787469340556,0.17090856850437258,0.9202320773202108,0.16843734681606293
wine_quality,mlp,integrated_gradients,375,1,0.24899524450302124,0.05619776190457952,1.0,0.36434331183615254,-0.017680875873470087,0.8019013167611702,0.16843734681606293
wine_quality,mlp,integrated_gradients,1274,0,0.13343803584575653,0.3301934700372702,-1.0,0.01322402427448736,-0.15987301609458535,0.08794423428579405,0.16843734681606293
wine_quality,mlp,integrated_gradients,1120,1,0.2206827998161316,1.0,0.45083256514685033,0.4348028450404233,-0.028216050945956493,0.20795016290595156,0.16843734681606293
wine_quality,mlp,integrated_gradients,1401,0,0.08304490894079208,-0.1951580997082477,-0.46137599352024417,-1.0,-0.27483350901512715,0.061830477640652574,0.16843734681606293
wine_quality,mlp,integrated_gradients,919,1,0.3286091685295105,0.4915734153288494,1.0,0.0005981353136704408,-0.07196865057289421,-0.08335178165936805,0.16843734681606293
wine_quality,mlp,integrated_gradients,1305,0,0.06194566562771797,-0.5223868327061638,-1.0,-0.8697108978469563,-0.32413538201150044,0.023621252220521586,0.16843734681606293
wine_quality,mlp,integrated_gradients,492,1,0.31690484285354614,0.8222793077239781,1.0,0.19416502908432753,0.1115328287924592,-0.01003688251406255,0.16843734681606293
wine_quality,mlp,integrated_gradients,877,0,0.07456520944833755,1.0,-0.979389532725558,0.01809293387881842,-0.726040877608283,-0.13103948471883367,0.16843734681606293
wine_quality,mlp,integrated_gradients,1344,0,0.1970137506723404,0.15422656874639834,-1.0,0.08270385048628474,0.3317716569290215,0.32112177642118606,0.16843734681606293
wine_quality,mlp,integrated_gradients,233,0,0.06947103142738342,0.2936209091053387,-1.0,0.0500094297189134,-0.003066090565894672,-0.5531444157831992,0.16843734681606293
wine_quality,mlp,integrated_gradients,585,0,0.1067291721701622,-0.6039650268863124,0.008830828920344348,0.03966259438865638,0.004151126015073564,-1.0,0.16843734681606293
wine_quality,mlp,integrated_gradients,646,0,0.024762272834777832,-0.35925769271041447,-0.9296835508927841,-0.910054607502371,-1.0,-0.7360349790103071,0.16843734681606293
wine_quality,mlp,integrated_gradients,231,0,0.0852971225976944,-0.07821596533345399,-1.0,0.006875999949905603,-0.04397343378795928,-0.3453500126568059,0.16843734681606293
wine_quality,mlp,integrated_gradients,909,0,0.14196442067623138,0.9076515751798218,-1.0,0.6918093714217097,0.23373387791483868,0.08743173137893062,0.16843734681606293
wine_quality,mlp,integrated_gradients,1463,0,0.10439358651638031,0.10528010265875029,-1.0,0.009290257486366527,-0.24003280883447634,-0.0363190701974882,0.16843734681606293
wine_quality,mlp,integrated_gradients,128,1,0.5540863871574402,0.013474771937516963,1.0,-0.007746742741549697,-0.004106889729612446,-0.09744992403744095,0.16843734681606293
wine_quality,mlp,integrated_gradients,1437,0,0.11457479745149612,0.16898486399601925,-0.660111943261168,-0.00038604737151692463,-1.0,0.05253275806447522,0.16843734681606293
wine_quality,mlp,integrated_gradients,1512,0,0.08154484629631042,-0.033260327723832146,-0.05167385290354365,0.1125681992777551,-0.6325268868291724,-1.0,0.16843734681606293
wine_quality,mlp,integrated_gradients,1153,0,0.06585904955863953,0.27800264088769305,0.05152020099775416,0.014530327537555496,0.10752294797234037,1.0,0.16843734681606293
wine_quality,mlp,integrated_gradients,353,0,0.1753489375114441,1.0,0.6115657166010564,-0.4647054914447186,-0.003950397467088927,0.09406726238813651,0.16843734681606293
wine_quality,mlp,integrated_gradients,960,1,0.3052031397819519,0.07465314022629611,1.0,0.05580520833190931,0.04229478621936041,0.44108018441315516,0.16843734681606293
wine_quality,mlp,integrated_gradients,1205,0,0.2914690673351288,0.09738877748329026,1.0,0.00819039028851403,0.05558954329510017,-0.2453115665016612,0.16843734681606293
wine_quality,mlp,integrated_gradients,837,1,0.1988811045885086,0.914516900638623,0.18140822983385013,1.0,0.6561266711546725,0.1977086632373507,0.16843734681606293
wine_quality,mlp,integrated_gradients,1162,1,0.1612447202205658,1.0,0.4724055651306031,0.6353233773374796,0.4514350865681849,0.7027893576811648,0.16843734681606293
wine_quality,mlp,integrated_gradients,693,0,0.11107539385557175,-0.46070547877163887,-0.08262145577154505,-1.0,0.06498808766560504,-0.014477681942935496,0.16843734681606293
wine_quality,mlp,integrated_gradients,747,0,0.11715779453516006,-0.5630798975341459,-1.0,-0.23793070346289993,0.33150219594670866,0.022590178540028833,0.16843734681606293
wine_quality,mlp,integrated_gradients,540,0,0.14219588041305542,-1.0,0.10649177886874484,-0.022378484491759273,-0.3108324520225297,0.13267784401406577,0.16843734681606293
wine_quality,mlp,integrated_gradients,532,0,0.11860861629247665,-0.023307755911835506,-0.5184187146998636,-0.004885860634858935,0.12047283691154033,1.0,0.16843734681606293
wine_quality,mlp,integrated_gradients,1298,0,0.12584279477596283,1.0,-0.6826273536094668,0.19498458408223307,-0.14879500014623748,-0.4581941363622531,0.16843734681606293
wine_quality,mlp,integrated_gradients,1219,1,0.23627568781375885,0.0813582901015395,1.0,-0.03670326162150019,0.07387820802887553,0.4178341863018443,0.16843734681606293
wine_quality,mlp,integrated_gradients,1484,0,0.13997820019721985,0.14237928286148555,-0.08968097021241081,-0.26527439226262317,-1.0,0.04602934051134698,0.16843734681606293
wine_quality,mlp,integrated_gradients,1389,0,0.10179945826530457,-0.38475961722841023,-0.5432655980710944,-1.0,0.1117739414483713,0.16036320163544773,0.16843734681606293
wine_quality,mlp,integrated_gradients,267,1,0.29002901911735535,1.0,0.9631692482314862,0.1132499273769521,0.127983787411916,-0.06633070521988882,0.16843734681606293
wine_quality,mlp,integrated_gradients,1502,0,0.09116745740175247,-0.424989880510341,-1.0,-0.19354616011439416,-0.20594953257478635,0.0016883356457685005,0.16843734681606293
wine_quality,mlp,integrated_gradients,917,0,0.046054989099502563,-0.09287951499952438,-0.31981283030564617,-0.006479585325466933,-0.0137552704012977,-1.0,0.16843734681606293
wine_quality,mlp,integrated_gradients,1054,0,0.07813633978366852,-1.0,-0.23822731190026167,-0.6248809272030637,-0.4125780159244311,0.17738745367960926,0.16843734681606293
wine_quality,mlp,integrated_gradients,906,0,0.06412560492753983,0.6434537231231191,0.5943948576432593,-1.0,-0.034959373805086284,-0.8483548401826325,0.16843734681606293
wine_quality,mlp,integrated_gradients,1021,0,0.1547042727470398,0.9967938826595344,-1.0,0.8557283798502566,0.3894226156970488,0.43084429169329924,0.16843734681606293
wine_quality,mlp,integrated_gradients,313,0,0.11349405348300934,-0.39450797135728594,-0.28301295471109467,-1.0,0.07622840580600665,0.012493964344248251,0.16843734681606293
wine_quality,mlp,integrated_gradients,225,0,0.05768442526459694,0.013015385865390297,-1.0,0.044888669638016486,0.0711340969334262,-0.5834682904793134,0.16843734681606293
wine_quality,mlp,integrated_gradients,380,0,0.15233339369297028,-1.0,0.6407173644401635,-0.2590746568422078,-0.5562978526391821,0.5634282021743101,0.16843734681606293
wine_quality,mlp,integrated_gradients,505,1,0.2150033563375473,1.0,0.8396616421890615,0.28830219582162714,0.06517741963877238,0.3398989481399864,0.16843734681606293
wine_quality,mlp,integrated_gradients,1070,1,0.3772994577884674,0.09097779206416648,1.0,0.054618052437154965,0.020121675235340343,0.316193971770612,0.16843734681606293
wine_quality,mlp,integrated_gradients,392,0,0.14523909986019135,-0.369732326332528,-1.0,-0.1148110986022021,0.2772948971824791,0.2443168451366398,0.16843734681606293
wine_quality,mlp,integrated_gradients,1522,0,0.15267150104045868,0.3402436174865511,0.20754562612224883,-0.688939049120643,0.23112028165035742,-1.0,0.16843734681606293
wine_quality,mlp,integrated_gradients,157,0,0.16424208879470825,0.026815517233558035,0.05920595893704467,-1.0,0.07206056468368097,-0.21592736411391658,0.16843734681606293
wine_quality,mlp,integrated_gradients,1578,0,0.06704782694578171,1.0,0.15704604963636543,-0.267067716471384,-0.2466741052651698,-0.5653253186712712,0.16843734681606293
wine_quality,mlp,integrated_gradients,1585,1,0.27956423163414,0.25332712585384826,1.0,-0.008967014696738029,0.04841733725141166,0.03105280818888391,0.16843734681606293
wine_quality,mlp,integrated_gradients,876,0,0.05080327019095421,0.7655189233665451,-1.0,0.04771221862028089,0.1443189881736246,-0.8699366352777388,0.16843734681606293
wine_quality,mlp,integrated_gradients,1267,1,0.32481274008750916,0.15329430510784248,1.0,0.1307200116488745,0.06972966991093694,0.5219669733854964,0.16843734681606293
wine_quality,mlp,integrated_gradients,1102,0,0.07213504612445831,0.6488024646651522,-1.0,0.09527331533943785,0.05290196752629314,-0.7593523912180811,0.16843734681606293
wine_quality,mlp,integrated_gradients,601,0,0.1359301209449768,-1.0,-0.7110005507494095,0.06345398644349623,0.2101940218694873,0.20698887188016465,0.16843734681606293
wine_quality,mlp,integrated_gradients,365,1,0.38777071237564087,0.3646913489728182,1.0,0.14463651985570222,0.07533516599179829,0.08623537881243762,0.16843734681606293
wine_quality,mlp,integrated_gradients,1194,0,0.06621103733778,-0.8006273423359302,-0.583007124695964,-0.3758481358930401,-1.0,0.11323304811293737,0.16843734681606293
wine_quality,mlp,integrated_gradients,870,0,0.07456520944833755,1.0,-0.979389532725558,0.01809293387881842,-0.726040877608283,-0.13103948471883367,0.16843734681606293
wine_quality,mlp,integrated_gradients,21,0,0.1050029844045639,-0.3706607455392513,-0.018294558066116986,-0.23451848833861175,0.03935764658316861,-1.0,0.16843734681606293
wine_quality,mlp,integrated_gradients,883,0,0.045237910002470016,-0.8688766520313529,-0.6773360868596007,-0.9948738658400378,-0.2114618866008441,-1.0,0.16843734681606293
wine_quality,mlp,integrated_gradients,922,1,0.3286091685295105,0.4915734153288494,1.0,0.0005981353136704408,-0.07196865057289421,-0.08335178165936805,0.16843734681606293
wine_quality,mlp,integrated_gradients,439,0,0.09064129739999771,-1.0,-0.5297411511031576,-0.07966748992595475,-0.4427444557303014,0.1765945629459424,0.16843734681606293
wine_quality,mlp,integrated_gradients,79,0,0.14990662038326263,-0.5888950198423211,0.20022167107701017,-1.0,-0.07251644447952264,0.27904278531854126,0.16843734681606293
wine_quality,mlp,integrated_gradients,1337,0,0.1297205686569214,-0.22453836124704207,-1.0,0.009274423956682059,0.036374900923564685,-0.03975030225492223,0.16843734681606293
wine_quality,mlp,integrated_gradients,1544,1,0.24591444432735443,0.2581507866520827,1.0,0.12788858161215033,0.1309820270072682,0.5441245094312629,0.16843734681606293
wine_quality,mlp,integrated_gradients,337,0,0.01645120047032833,-0.06475125141938488,-1.0,0.06140562722347654,0.21754051184018064,0.041651420556735146,0.16843734681606293
wine_quality,mlp,integrated_gradients,1064,0,0.12665697932243347,0.5580062062592958,-0.6868140284613554,-0.1641862914282985,-1.0,-0.00996206560479145,0.16843734681606293
wine_quality,mlp,integrated_gradients,1560,0,0.0972953662276268,-0.21269127864561138,-0.43320401021138066,-1.0,-0.12716094357482405,0.09085782091305279,0.16843734681606293
wine_quality,mlp,integrated_gradients,152,0,0.07928261160850525,-0.22856393473927397,-0.6258579444367385,-1.0,-0.20438126319643438,-0.08861940745589848,0.16843734681606293
wine_quality,mlp,integrated_gradients,899,0,0.10129917412996292,0.0641918536467506,-0.7554028733880082,-0.11280598287235095,-1.0,0.05656753256161949,0.16843734681606293
wine_quality,mlp,integrated_gradients,896,1,0.2725067734718323,1.0,0.5993813301020035,0.03985840215949369,0.14363360295106745,0.0019371662445003778,0.16843734681606293
wine_quality,mlp,integrated_gradients,1460,0,0.08655781298875809,-0.025799328118139446,0.1956980245391623,-0.24745035395886222,0.08193383947948599,-1.0,0.16843734681606293
wine_quality,mlp,integrated_gradients,1059,0,0.1625937819480896,1.0,-0.5240712445713158,0.6666313674656903,0.12799980965008975,0.35993227410680345,0.16843734681606293
wine_quality,mlp,integrated_gradients,616,0,0.052834708243608475,-0.7055678150062868,-0.6220777708969422,-0.5887833558454876,-0.2060957113341323,-1.0,0.16843734681606293
wine_quality,mlp,integrated_gradients,1513,0,0.06350462138652802,0.05205084085122379,-1.0,-0.2995830852920286,-0.17742017137200142,-0.12657518449697458,0.16843734681606293
wine_quality,mlp,integrated_gradients,63,0,0.05753674358129501,-0.6705551773653209,-0.9500400844239737,-0.19443357426288624,-1.0,-0.20697928352021916,0.16843734681606293
wine_quality,mlp,integrated_gradients,413,1,0.2512206435203552,0.6248367353669216,1.0,0.37724688317287036,0.16743317508872935,0.1015714065231828,0.16843734681606293
wine_quality,mlp,integrated_gradients,146,0,0.046749889850616455,-0.34245236079573343,-0.8927282002669784,-1.0,-0.43563551769465264,-0.8567018090530425,0.16843734681606293
wine_quality,mlp,integrated_gradients,2,0,0.09976334869861603,-0.5174253790699186,-0.05375583644074949,-0.1624605022699759,-1.0,0.07193534582871858,0.16843734681606293
wine_quality,mlp,integrated_gradients,456,0,0.06426138430833817,-0.06594474683354247,-1.0,-0.20602450696618918,-0.19500899244604386,-0.2088151391469721,0.16843734681606293
wine_quality,mlp,integrated_gradients,169,0,0.101393923163414,-0.6751396259290453,-1.0,-0.318574396595395,-0.2872573952179102,0.40697954759185595,0.16843734681606293
wine_quality,mlp,integrated_gradients,39,0,0.19981372356414795,0.05266502816111121,0.13342920480694254,-1.0,0.07946849202551787,-0.07400427853204856,0.16843734681606293
wine_quality,mlp,integrated_gradients,349,0,0.14127196371555328,-1.0,0.3711573506785066,0.23516531283196077,-0.5736611529163604,-0.2211452364676037,0.16843734681606293
wine_quality,mlp,integrated_gradients,924,1,0.2532861530780792,0.08546850123539909,1.0,0.146625440808446,0.061354307653497114,0.4838106181843169,0.16843734681606293
wine_quality,mlp,integrated_gradients,657,0,0.058863699436187744,0.08143923835954754,0.8101811113957607,0.06631141089888402,0.44013782201547436,1.0,0.16843734681606293
wine_quality,mlp,integrated_gradients,821,1,0.35987088084220886,1.0,0.4097832486133014,0.04346729342458214,0.06683957939466825,-0.35546376919492356,0.16843734681606293
wine_quality,mlp,integrated_gradients,666,0,0.06526850163936615,-1.0,-0.9591729174823834,-0.7372836662218514,0.22289171239436587,0.560070215372041,0.16843734681606293
wine_quality,mlp,integrated_gradients,358,1,0.2786272466182709,-0.01662473517728134,1.0,-0.13509298517014168,0.04665313727012821,0.6140464847234179,0.16843734681606293
wine_quality,mlp,integrated_gradients,48,0,0.05326661467552185,-1.0,-0.8795302185213595,-0.7091891485125027,-0.09549793623844716,-0.21309051387236053,0.16843734681606293
wine_quality,mlp,integrated_gradients,297,0,0.13946019113063812,-0.29963043653632354,0.10334255260836744,0.050811116340768764,-0.015654683946440946,-1.0,0.16843734681606293
wine_quality,mlp,integrated_gradients,580,0,0.14521758258342743,-0.17300882971604925,-1.0,-0.0963256705454591,0.04611590206730631,0.10914365176057143,0.16843734681606293
wine_quality,mlp,integrated_gradients,1156,0,0.12426208704710007,0.8550497281627036,1.0,-0.3084925359039583,-0.007285483123902945,-0.09728143217108587,0.16843734681606293
wine_quality,mlp,integrated_gradients,737,0,0.07773727923631668,-0.8659645010634269,-0.02512367711385037,-0.2051204455246599,-0.06749549130171298,-1.0,0.16843734681606293
wine_quality,mlp,integrated_gradients,725,0,0.08686517179012299,-0.010481914869619172,-1.0,-0.28536844469855766,-0.49402843986446,0.0222624801910069,0.16843734681606293
wine_quality,mlp,integrated_gradients,261,0,0.08178344368934631,-0.4966753480161956,-0.24802471815981142,-0.26177890107743723,-1.0,-0.03779608615926626,0.16843734681606293
wine_quality,mlp,integrated_gradients,1048,0,0.18108582496643066,0.2772533413799868,1.0,-0.13192424392287852,0.056852925052894625,0.22284050790029084,0.16843734681606293
wine_quality,mlp,integrated_gradients,1226,0,0.11775706708431244,-0.46320396485030196,-1.0,0.0005368285924108544,-0.12364694662211898,0.1623431533368436,0.16843734681606293
wine_quality,mlp,integrated_gradients,626,0,0.09490524977445602,-0.591370035736472,-1.0,0.044450907079599124,-0.1518504385354429,-0.04122545124351476,0.16843734681606293
wine_quality,mlp,integrated_gradients,651,0,0.12904469668865204,0.23356135471844655,0.023195661023276675,-1.0,-0.4281062749919371,-0.10632990650277371,0.16843734681606293
wine_quality,mlp,integrated_gradients,1163,0,0.11672515422105789,-0.13048371741512269,0.11134472669059658,-0.31856655422991037,-1.0,0.003855553425890199,0.16843734681606293
wine_quality,mlp,integrated_gradients,875,1,0.19985125958919525,1.0,0.9918306958406972,0.6530045092411595,0.30352023827391883,0.0028599123618165538,0.16843734681606293
wine_quality,mlp,integrated_gradients,122,0,0.05838485807180405,-0.9368128358815014,-1.0,0.14345572065225312,-0.47132138413071606,-0.5408693126575445,0.16843734681606293
wine_quality,mlp,integrated_gradients,97,0,0.09987771511077881,-1.0,-0.2670536822584399,-0.37148983690106047,0.07592502178233185,0.20549356749837377,0.16843734681606293
wine_quality,mlp,integrated_gradients,1086,1,0.22086192667484283,1.0,0.017573840636217225,0.4205282721193043,0.2700779689744689,-0.20487420111723326,0.16843734681606293
wine_quality,mlp,integrated_gradients,305,0,0.1082969456911087,-1.0,-0.7017826859584586,-0.02113522909977524,-0.011067232034685048,0.299400462458128,0.16843734681606293
wine_quality,mlp,integrated_gradients,713,0,0.13404983282089233,-0.3422527815906123,-1.0,-0.011211755213356437,0.15874678132293574,-0.033683502721007674,0.16843734681606293
wine_quality,mlp,integrated_gradients,758,0,0.08296395093202591,-0.2023055557077252,-1.0,0.06906707183406041,-0.8878145612220238,0.009913784892287392,0.16843734681606293
wine_quality,mlp,integrated_gradients,1002,1,0.2734840214252472,0.5810324541733917,1.0,0.2620207907045321,0.1644807810647973,0.12455652152687036,0.16843734681606293
wine_quality,mlp,integrated_gradients,1476,0,0.15538635849952698,-1.0,0.20382140454910824,-0.6806984827675094,0.04946538290140146,0.23428729275833968,0.16843734681606293
wine_quality,mlp,integrated_gradients,88,0,0.17802616953849792,-0.3675002724502797,0.07338621442598701,-1.0,0.07959925263247236,0.2974401643105367,0.16843734681606293
wine_quality,mlp,integrated_gradients,1181,0,0.23292754590511322,0.49358142336024885,-1.0,0.18736317294632512,0.3696326578448662,0.09444150220231541,0.16843734681606293
wine_quality,mlp,integrated_gradients,23,0,0.09349037706851959,-0.705392050057754,-1.0,-0.3223660522665405,0.13326257807378444,0.16349406952433945,0.16843734681606293
wine_quality,mlp,integrated_gradients,15,0,0.1612936407327652,-0.38768557550451843,0.23741779209667788,-1.0,-0.0750176998684341,0.1471900133709243,0.16843734681606293
wine_quality,mlp,integrated_gradients,1050,0,0.10858079046010971,-0.015721010312782814,-0.10038254795512969,-0.027407762682689026,0.06337304208394612,-1.0,0.16843734681606293
wine_quality,mlp,integrated_gradients,564,0,0.2048787921667099,1.0,0.1534548634635236,-0.003348412024736306,0.05227720621654392,0.025514584212021907,0.16843734681606293
wine_quality,mlp,integrated_gradients,1321,0,0.4434138536453247,0.9574862385321101,-0.10490999596733541,0.0008687584932746917,-0.09597997109923716,-1.0,0.16843734681606293
wine_quality,mlp,integrated_gradients,518,1,0.1718132197856903,1.0,0.18202295452199835,0.3009282804533143,0.28593006706741175,0.3573370213326927,0.16843734681606293
wine_quality,mlp,integrated_gradients,792,0,0.05592230707406998,-0.6921664880262038,-0.3440863123212624,-1.0,-0.25801415645174075,-0.7424151968520197,0.16843734681606293
wine_quality,mlp,integrated_gradients,1473,0,0.09551877528429031,0.26076839933627205,-1.0,0.0035757832243448347,-0.18158439267434423,-0.1174800197935885,0.16843734681606293
wine_quality,mlp,integrated_gradients,1552,0,0.04559611156582832,0.9791721355895812,0.04666726901414285,-0.11085030833899732,0.2524123924506437,-1.0,0.16843734681606293
wine_quality,mlp,integrated_gradients,72,0,0.06379452347755432,-0.4809044963792676,-1.0,-0.5831915304619429,-0.42912128974782177,0.001393116608508511,0.16843734681606293
wine_quality,mlp,integrated_gradients,1594,0,0.052387677133083344,0.016674648769689483,-1.0,0.010943869904876087,-0.07853248947037947,-0.623386317430993,0.16843734681606293
wine_quality,mlp,integrated_gradients,341,1,0.3312552571296692,0.24035996765475953,1.0,0.022908764584462806,0.07741313221980728,0.28988562567509624,0.16843734681606293
wine_quality,mlp,integrated_gradients,1188,0,0.17662963271141052,0.20144377813851774,0.0878086948199059,-1.0,-0.1646236898500297,-0.07158257844533229,0.16843734681606293
wine_quality,mlp,integrated_gradients,1388,0,0.03060588240623474,-0.1570219819263206,0.760666523526164,-0.09135171952397506,-1.0,-0.6957151815596083,0.16843734681606293
wine_quality,mlp,integrated_gradients,538,1,0.1779690533876419,1.0,0.02116115526812897,0.1723646063178011,0.2167946282187814,0.43571777182874316,0.16843734681606293
wine_quality,mlp,integrated_gradients,1579,0,0.04804736375808716,1.0,-0.7628897464461649,0.194685184455794,0.03252645198151348,-0.9573579334351403,0.16843734681606293
wine_quality,mlp,integrated_gradients,1272,0,0.06511697173118591,0.569993919805507,-1.0,0.011948606759874195,0.03387879165459552,-0.9247187480977939,0.16843734681606293
wine_quality,mlp,integrated_gradients,1061,1,0.2388768047094345,1.0,0.2032642450749812,0.49629652409921404,0.2245975094990871,0.21342509156308398,0.16843734681606293
wine_quality,mlp,integrated_gradients,200,0,0.20419950783252716,-0.1265287500792675,1.0,-0.1628669830264273,-0.19608422883422505,0.48961703266667866,0.16843734681606293
wine_quality,mlp,integrated_gradients,199,0,0.09758191555738449,0.11761994317421334,-0.9207925985531437,-0.021166075625344394,-1.0,0.07370179731993569,0.16843734681606293
wine_quality,mlp,integrated_gradients,1301,0,0.2605559825897217,1.0,0.27760357427499266,-0.18197940524371575,-0.3276073030541217,-0.6098840898713548,0.16843734681606293
wine_quality,mlp,integrated_gradients,379,0,0.049180418252944946,0.07276363949889136,1.0,-0.007747616408271983,0.09065174073654378,0.015437512091183544,0.16843734681606293
wine_quality,mlp,integrated_gradients,335,1,0.2944033741950989,0.5301519820038147,1.0,0.20076606983745976,-0.2736315080227459,0.272745875958568,0.16843734681606293
wine_quality,mlp,integrated_gradients,504,1,0.32060396671295166,0.28300564043338694,1.0,0.11331582848129765,-0.17083520253987755,0.25338704408867185,0.16843734681606293
wine_quality,mlp,integrated_gradients,841,0,0.046535566449165344,-0.0739794541953775,-0.39373233440571714,-0.12693338892181716,-0.1548016694316814,-1.0,0.16843734681606293
wine_quality,mlp,integrated_gradients,431,0,0.07941516488790512,-1.0,-0.7352479701748479,-0.3892499739420202,-0.08378923461591757,0.11745972130580172,0.16843734681606293
wine_quality,mlp,integrated_gradients,1100,1,0.16756010055541992,0.8910420383951008,1.0,0.19233160257285878,0.24805847483914298,0.45666566886929105,0.16843734681606293
wine_quality,mlp,integrated_gradients,833,0,0.1164298877120018,-1.0,0.24571848770281862,-0.16338616512301982,0.12376721824565311,-0.6405400156332439,0.16843734681606293
wine_quality,mlp,integrated_gradients,697,0,0.09927443414926529,-0.7490217375070631,0.036393319798754,0.09744269512095452,-0.06766490380909773,-1.0,0.16843734681606293
wine_quality,mlp,integrated_gradients,245,0,0.20915232598781586,-0.35420731370638664,0.387845803373118,0.21679683812488978,-0.07926828203954481,-1.0,0.16843734681606293
wine_quality,mlp,integrated_gradients,948,1,0.24739836156368256,1.0,0.5918353383076879,0.48298774838168645,0.22067547700143525,-0.23624223413372694,0.16843734681606293
wine_quality,mlp,integrated_gradients,1098,1,0.20898936688899994,0.8096782475970299,1.0,0.5118683805442538,0.26414582519164476,0.27319706561956797,0.16843734681606293
wine_quality,mlp,integrated_gradients,1291,0,0.11086025089025497,0.21697594414187496,1.0,-0.26813961251557605,-0.3512935088626828,0.11791796563721507,0.16843734681606293
wine_quality,mlp,integrated_gradients,1121,0,0.13331522047519684,1.0,-0.6903270761190271,0.13407672472985088,0.03321394414524436,-0.43782616320575574,0.16843734681606293
wine_quality,mlp,integrated_gradients,55,0,0.08845432102680206,-0.5984011472912462,-1.0,0.014616067362929912,-0.2983572546073841,-0.03899810158456716,0.16843734681606293
wine_quality,mlp,integrated_gradients,663,0,0.35785216093063354,-0.1364553051977568,0.4181624507829506,-0.13738890717371754,-0.2404531333098925,1.0,0.16843734681606293
wine_quality,mlp,integrated_gradients,4,0,0.058692410588264465,-1.0,-0.6903831413830828,0.16949068442749166,-0.5313581473557428,-0.8510573448993483,0.16843734681606293
wine_quality,mlp,integrated_gradients,679,0,0.13184036314487457,-0.624298218161034,-1.0,-0.014631229664814087,0.13643564053172497,0.6367832184272062,0.16843734681606293
wine_quality,mlp,integrated_gradients,838,1,0.28466418385505676,0.1975106381085341,1.0,0.16938397120107374,0.08131296951499438,0.22094983691461612,0.16843734681606293
wine_quality,mlp,integrated_gradients,1077,0,0.07510289549827576,1.0,-0.9730045416035888,0.562337973480527,0.33639627028989677,0.37978527579974086,0.16843734681606293
wine_quality,mlp,integrated_gradients,191,0,0.12550058960914612,-0.23539412555053893,-0.09198759718657899,-0.01460319922865778,0.0023291584051445217,-1.0,0.16843734681606293
wine_quality,mlp,integrated_gradients,988,0,0.1568244844675064,-0.39291502922803606,-1.0,-0.030666191109101373,0.2549657398064843,0.20456204599768174,0.16843734681606293
wine_quality,mlp,integrated_gradients,444,1,0.35792654752731323,0.717510342612195,1.0,0.22598763765794933,-0.018474618791289473,-0.07158700458666936,0.16843734681606293
wine_quality,mlp,integrated_gradients,336,1,0.2672037184238434,1.0,0.25021174746140057,0.44941260016179135,0.15029020053717046,-0.07440897530401125,0.16843734681606293
wine_quality,mlp,integrated_gradients,1074,0,0.04996923357248306,-1.0,-0.5538418195261883,-0.9623960581843057,-0.9431720129415752,0.1840471296335919,0.16843734681606293
wine_quality,mlp,integrated_gradients,1539,0,0.11785349994897842,-0.5309991529285981,0.3210248571424417,-0.32941626292378146,0.1251544519231821,-1.0,0.16843734681606293
wine_quality,mlp,integrated_gradients,1379,0,0.0314800925552845,0.43398167157828416,-1.0,0.06314250862062538,-0.15621723147605437,-0.8295136794553329,0.16843734681606293
wine_quality,mlp,integrated_gradients,1439,0,0.1744130551815033,0.4089579434245944,0.09978110645142935,-1.0,-0.4022453190019498,-0.01601769608981447,0.16843734681606293
wine_quality,mlp,integrated_gradients,1250,0,0.03664923086762428,0.5254918375804397,-1.0,0.10388916779740663,-0.23206199501054742,-0.8316913589646139,0.16843734681606293
wine_quality,mlp,integrated_gradients,71,0,0.0635036751627922,-0.5128843587808928,-1.0,-0.65018826586216,-0.3875456849614569,-0.014519238522282223,0.16843734681606293
wine_quality,mlp,integrated_gradients,732,0,0.09132658690214157,-0.2677276274965334,-1.0,0.05800459194982528,-0.6465578589430745,-0.01830276209414417,0.16843734681606293
wine_quality,mlp,integrated_gradients,733,0,0.09033185988664627,-0.4417165114514955,-0.1621721096520107,-0.2511923529072626,0.04094308681516878,-1.0,0.16843734681606293
wine_quality,mlp,integrated_gradients,1255,0,0.10799887776374817,0.19163189003049527,-1.0,0.0001257197315972455,-0.17273065719494868,-0.017308371188540006,0.16843734681606293
wine_quality,mlp,integrated_gradients,887,1,0.1716989129781723,0.5357458729293482,1.0,-0.0500527271857829,0.008594130437103206,0.5162083481919189,0.16843734681606293
wine_quality,mlp,integrated_gradients,1450,1,0.11375904083251953,0.6865659188078971,1.0,0.44177704656914113,0.3231771924906736,0.5567406840759526,0.16843734681606293
wine_quality,mlp,integrated_gradients,1503,0,0.10191886872053146,0.70504781707335,0.28904845336233476,0.0678033981443082,0.17131934711077357,-1.0,0.16843734681606293
wine_quality,mlp,integrated_gradients,306,0,0.07802422344684601,-0.6516118241819272,-1.0,-0.10920641431427143,-0.2797684094912318,-0.08488281368617241,0.16843734681606293
wine_quality,mlp,integrated_gradients,559,0,0.2048787921667099,1.0,0.1534548634635236,-0.003348412024736306,0.05227720621654392,0.025514584212021907,0.16843734681606293
wine_quality,mlp,integrated_gradients,918,0,0.08889399468898773,0.5260932516982856,0.5191986522673842,-1.0,0.15584166237118802,0.07891016373107371,0.16843734681606293
wine_quality,mlp,integrated_gradients,741,0,0.11542350053787231,-0.32853598143027185,-0.19551558622968937,-1.0,-0.0032219131691892783,0.09764508891109407,0.16843734681606293
wine_quality,mlp,integrated_gradients,1218,0,0.06866959482431412,0.1570551674969189,0.5547192876564948,-0.1985072684005309,0.21156973115147684,1.0,0.16843734681606293
wine_quality,mlp,integrated_gradients,925,0,0.17897111177444458,0.7641608026544667,0.34778263239945423,-1.0,0.09745461864021525,-0.9377267381971247,0.16843734681606293
wine_quality,mlp,integrated_gradients,748,0,0.1256616860628128,-0.5106424002903825,0.15396893138905396,0.0492776610506826,0.007175486704010773,-1.0,0.16843734681606293
wine_quality,mlp,integrated_gradients,1557,0,0.12190019339323044,0.2727910851346973,-0.36920529568581506,-0.12087175688629057,-1.0,0.03463957904103051,0.16843734681606293
wine_quality,mlp,integrated_gradients,606,1,0.245324969291687,1.0,0.8064421981257911,0.40061183905225384,0.15884068860289563,-0.06307878483163948,0.16843734681606293
wine_quality,mlp,integrated_gradients,787,0,0.11283104866743088,-0.22561884047644973,-1.0,-0.14628391962005627,-0.1406044317302903,0.18350225473221046,0.16843734681606293
wine_quality,mlp,integrated_gradients,1320,0,0.11259616166353226,-0.26227625908020835,0.01361519154864935,-1.0,-0.41246450514382194,0.09801567930866842,0.16843734681606293
wine_quality,mlp,integrated_gradients,913,1,0.2202928066253662,1.0,-0.1107960341188885,0.6686221894531779,0.2550695872453259,0.10350123616710409,0.16843734681606293
wine_quality,mlp,integrated_gradients,861,0,0.0886613056063652,0.7713786119048374,-0.1747229645008508,-0.7769914232189311,-1.0,-0.764766466057458,0.16843734681606293
wine_quality,mlp,integrated_gradients,1447,0,0.09640868753194809,-1.0,0.2561264683914031,0.13855100038601967,-0.36903813093833693,-0.7329063803758262,0.16843734681606293
wine_quality,mlp,integrated_gradients,1084,0,0.06360384076833725,-1.0,-0.4139519569654212,-0.5208986708428007,0.14162245982464314,-0.8568809395317639,0.16843734681606293
wine_quality,mlp,integrated_gradients,81,0,0.14027971029281616,-1.0,-0.5149325282355706,-0.48031981476123037,0.12068670881235333,0.5559895717150137,0.16843734681606293
wine_quality,mlp,integrated_gradients,1550,0,0.07045407593250275,-0.7243366405863844,-1.0,0.14888140419403764,-0.48103817966355567,-0.3344504592020504,0.16843734681606293
wine_quality,mlp,integrated_gradients,1395,0,0.047013819217681885,-0.8460164897858794,-0.13077367146068328,-0.9457130391842395,-1.0,0.002266965524589356,0.16843734681606293
wine_quality,mlp,integrated_gradients,987,0,0.056696370244026184,-0.8857675995425813,-1.0,-0.41444080009903206,0.17014629632501224,-0.8309841914051853,0.16843734681606293
wine_quality,mlp,integrated_gradients,382,0,0.15233339369297028,-1.0,0.6407173644401635,-0.2590746568422078,-0.5562978526391821,0.5634282021743101,0.16843734681606293
wine_quality,mlp,integrated_gradients,177,0,0.10532163083553314,0.044559080590519405,-0.17586829541250265,0.055828749302314726,-0.0014124476492869639,-1.0,0.16843734681606293
wine_quality,mlp,integrated_gradients,878,0,0.10868106782436371,-0.2005148137448562,-1.0,-0.21206417993756876,-0.22640765778889946,0.08735585379674922,0.16843734681606293
wine_quality,mlp,integrated_gradients,1506,0,0.07201967388391495,0.2762268711030271,0.03362521307236251,-0.39587701810317205,-1.0,-0.21899374911871813,0.16843734681606293
wine_quality,mlp,integrated_gradients,710,0,0.10325925052165985,-0.11399201376527485,-0.33387357529881545,-0.3081681641292707,-1.0,0.09446613417405393,0.16843734681606293
wine_quality,mlp,integrated_gradients,750,0,0.08326854556798935,-0.633818147003677,-1.0,0.06683304081964081,-0.47146665008368294,0.022190504034720473,0.16843734681606293
wine_quality,mlp,integrated_gradients,676,0,0.175252303481102,-1.0,0.09998014196602444,-0.40870593044816067,0.2146894949172191,0.5964372620894018,0.16843734681606293
wine_quality,mlp,integrated_gradients,981,0,0.1173938438296318,-0.13346969647446566,-0.24853366915592998,-0.03669430819413271,-1.0,0.007115925515038871,0.16843734681606293
wine_quality,mlp,integrated_gradients,908,0,0.05685817077755928,0.19831725595435004,-0.7825879204329443,0.009749868577082673,0.007279675973672895,-1.0,0.16843734681606293
wine_quality,mlp,integrated_gradients,991,0,0.06380153447389603,-0.7411985710643926,-1.0,-0.3151886183557571,0.14001680661081825,-0.7534690201682833,0.16843734681606293
wine_quality,mlp,integrated_gradients,805,1,0.25940966606140137,1.0,0.24786394012001364,0.6172346819013587,0.29700693125179795,-0.03228904656686363,0.16843734681606293
wine_quality,mlp,integrated_gradients,244,0,0.24767008423805237,-1.0,0.38223992407612173,-0.08611845579813028,-0.4743479247581563,0.9395505935975147,0.16843734681606293
wine_quality,mlp,integrated_gradients,76,0,0.12860538065433502,0.04169253887435591,0.014636319520538699,0.0222623491682638,0.0659497685028818,-1.0,0.16843734681606293
wine_quality,mlp,integrated_gradients,1385,0,0.07765144854784012,-0.4172092344025988,-1.0,-0.29389854887657607,-0.5427948952433368,0.0777810752258568,0.16843734681606293
wine_quality,mlp,integrated_gradients,1357,0,0.12374400347471237,0.4086971244302438,-0.24957934542378818,-0.17095222251504172,0.04626650925461141,-1.0,0.16843734681606293
wine_quality,mlp,integrated_gradients,1427,0,0.06876903027296066,0.9660098355117859,-1.0,0.46363400177876046,0.2609887320974173,0.08808094248519208,0.16843734681606293
wine_quality,mlp,integrated_gradients,1278,0,0.051621876657009125,-0.7607005109711656,-1.0,-0.6931011459650194,-0.7987556885828261,0.12677563670777134,0.16843734681606293
wine_quality,mlp,integrated_gradients,1380,0,0.0314800888299942,0.43398166376580816,-1.0,0.06314251609278267,-0.15621724996248687,-0.8295138367873036,0.16843734681606293
wine_quality,mlp,integrated_gradients,1495,0,0.21102185547351837,0.07684372002643516,1.0,-0.11398795545960484,0.07156944507114638,-0.18009528270330194,0.16843734681606293
wine_quality,mlp,integrated_gradients,182,0,0.0642491951584816,-0.7935393321946461,-1.0,0.05725527638173473,-0.618882083489063,-0.24929496910782442,0.16843734681606293
wine_quality,mlp,input_gradients,514,1,0.5667679905891418,0.9523174822787633,1.0,-0.040907749267546055,-0.8285739119881617,0.014178492852770211,0.0
wine_quality,mlp,input_gradients,492,1,0.4210071265697479,-1.0,0.8200078504076159,-0.06584966947235563,0.06930234015058767,0.27752304066320016,0.0
wine_quality,mlp,input_gradients,381,0,0.6551412343978882,0.5711218069032955,-1.0,-0.42304129047260935,-0.013152241866083861,0.0,0.0
wine_quality,mlp,input_gradients,399,0,1.4055398423806764e-05,0.056682250097935344,0.07511725548874686,-0.08609242779606206,-1.0,0.03735440570557641,0.0
wine_quality,mlp,input_gradients,267,1,0.404416024684906,0.11061691457964104,1.0,-0.20705146297517676,-0.052079263372377935,-0.06720693517662188,0.0
wine_quality,mlp,input_gradients,1107,1,0.3829692006111145,1.0,0.8338035942156744,-0.11759645523058813,-0.003793905347371278,-0.10336319408226134,0.0
wine_quality,mlp,input_gradients,448,0,0.08147731423377991,0.5132199127627861,0.7617587808736523,0.18194190815402764,-1.0,-0.2184432180838904,0.0
wine_quality,mlp,input_gradients,589,1,0.48220136761665344,1.0,0.340959819945534,0.01808151662982796,0.03719088830878975,0.028863080317772696,0.0
wine_quality,mlp,input_gradients,1240,0,1.82227940968005e-05,0.03573908683863496,-0.16708858687292294,-0.1588557026905436,-1.0,0.060229712518966944,0.0
wine_quality,mlp,input_gradients,1162,1,0.31235289573669434,1.0,0.82125107720538,-0.14757668385615483,-0.07179685967439202,-0.04889524907583602,0.0
wine_quality,mlp,input_gradients,1451,0,0.7305588722229004,1.0,0.5316770914037203,-0.002344220754865648,0.0026109387143824657,-0.2664406835942727,0.0
wine_quality,mlp,input_gradients,940,1,0.35065823793411255,0.7448698969874398,1.0,-0.22892628405344218,-0.04988462441966939,-0.2532345150124875,0.0
wine_quality,mlp,input_gradients,491,1,0.5692888498306274,-1.0,0.6521209324765508,-0.04997929488512401,0.04271726098676569,0.2756459686975779,0.0
wine_quality,mlp,input_gradients,197,0,2.393247365951538,0.17635850174242756,-1.0,-0.1394348375130641,-0.018196123244385066,0.04738937470356416,0.0
wine_quality,mlp,input_gradients,223,0,0.06494583189487457,0.304264041890208,0.8662386963595469,0.2673099452304161,-1.0,0.45513759966006195,0.0
wine_quality,mlp,input_gradients,444,1,0.67912358045578,0.1511114418952127,1.0,-0.11406163069521212,-0.01834021913052209,0.3130216486979808,0.0
wine_quality,mlp,input_gradients,573,0,0.025842053815722466,0.5048369064470727,0.15916351463296374,-0.8705457830117342,-1.0,-0.3729320353612088,0.0
wine_quality,mlp,input_gradients,919,1,0.9595726728439331,0.4801637472437657,1.0,-0.30689368218738133,-0.05534326352053344,0.3926761595377788,0.0
wine_quality,mlp,input_gradients,1132,1,0.49602800607681274,-1.0,0.7254780689521915,-0.13238578213881835,0.05870793994185751,0.31673937381886424,0.0
wine_quality,mlp,input_gradients,38,0,9.612575180284466e-10,0.10360033704317206,0.005814148022236164,-0.008703098713618174,-1.0,0.06231687238211747,0.0
wine_quality,mlp,input_gradients,1399,0,0.23381753265857697,1.0,0.498966715736543,0.09996821313359203,0.17122965638956641,0.1998292326241622,0.0
wine_quality,mlp,input_gradients,1585,1,0.5795230269432068,0.8698655518692539,1.0,-0.4944086482234562,-0.047500706587815446,-0.22261689374328317,0.0
wine_quality,mlp,input_gradients,606,1,0.33412930369377136,1.0,0.98211072023336,-0.13507243086329337,-0.19265924180300636,-0.15371825396719213,0.0
wine_quality,mlp,input_gradients,1264,0,0.4708768129348755,1.0,0.745005950631405,-0.1991291742710951,-0.014754852870606868,-0.3221536209737668,0.0
wine_quality,mlp,input_gradients,933,0,0.09245526045560837,0.3126671399738983,-0.1521567075384384,-0.18920049624732102,-0.14997729495246848,-1.0,0.0
wine_quality,mlp,input_gradients,1120,1,0.7662843465805054,-1.0,0.5104010790815704,-0.015102523804230794,0.06327473814412718,0.16591890335791878,0.0
wine_quality,mlp,input_gradients,1405,1,0.44936373829841614,1.0,0.908693476551658,-0.21292219633118,0.0048651495052939205,-0.259847199373663,0.0
wine_quality,mlp,input_gradients,1457,0,5.364566035837015e-08,-0.10814682947469029,0.0060011094601815865,-1.0,-0.22595416290864231,-0.3061905133083235,0.0
wine_quality,mlp,input_gradients,867,1,1.243369698524475,0.4937572272512903,1.0,-0.057304510552637786,-0.031110824029128657,0.139452225526002,0.0
wine_quality,mlp,input_gradients,704,0,0.0033879263792186975,0.09798282018877973,0.1006704901981873,0.0020350850584800405,-1.0,0.19855332607657478,0.0
wine_quality,mlp,input_gradients,336,1,0.44299837946891785,0.6020438951468389,1.0,-0.06090829872584851,-0.29503125521584594,-0.23323803282694092,0.0
wine_quality,mlp,input_gradients,1426,0,0.3282034695148468,1.0,0.9831062027493578,-0.22716691330657812,-0.03358878675864669,-0.482635745101488,0.0
wine_quality,mlp,input_gradients,950,1,0.5794399380683899,1.0,0.5011396519571432,-0.09903573836002243,-0.03440605619731913,-0.2727632594478011,0.0
wine_quality,mlp,input_gradients,528,0,7.194253612397006e-06,-0.5742596662484496,-0.22265201025187148,-1.0,-0.21110504893987364,-0.6124050754690278,0.0
wine_quality,mlp,input_gradients,1557,0,0.4683437645435333,0.11034347800882582,0.19306866130334382,0.0601957935563384,-1.0,0.5617285360765623,0.0
wine_quality,mlp,input_gradients,506,1,1.2571090459823608,0.3960801373490514,1.0,-0.004439264425372402,-0.037604213142324205,0.008954498770553402,0.0
wine_quality,mlp,input_gradients,445,0,0.038148049265146255,0.16562793052032027,0.1435442642292615,0.01388157081064802,-1.0,0.1594564860425326,0.0
wine_quality,mlp,input_gradients,1167,1,0.39922210574150085,0.8541074202255341,1.0,-0.47538533157465573,-0.011266689020281254,-0.1990556688052431,0.0
wine_quality,mlp,input_gradients,875,1,0.3993847370147705,1.0,0.6472236516209681,-0.054916044194190224,-0.014969833602813136,-0.1226220844991556,0.0
wine_quality,mlp,input_gradients,511,0,0.2231243997812271,0.6135906301914199,0.21655273856531068,-1.0,-0.6579314628221289,0.06864950871949844,0.0
wine_quality,mlp,input_gradients,123,0,0.0018615813460201025,0.2806334330194332,0.07348090428145775,-0.41072798326944476,-1.0,-0.4318943531624499,0.0
wine_quality,mlp,input_gradients,128,1,1.3690905570983887,0.13871322257906213,1.0,-0.00751644608239229,-0.01022810865443121,0.06553830797045547,0.0
wine_quality,mlp,input_gradients,665,0,0.021907851099967957,0.46526374445572777,0.37514100867154443,-0.7886093390676576,-1.0,0.06734433016757459,0.0
wine_quality,mlp,input_gradients,326,1,0.44592729210853577,0.3425890758550668,1.0,-0.019591400848649222,-0.3973564304683664,0.009159207867799403,0.0
wine_quality,mlp,input_gradients,377,1,0.8010713458061218,0.7616142625303884,-1.0,-0.05217703781923871,-0.0,0.3991277514375829,0.0
wine_quality,mlp,input_gradients,136,0,0.0027776979841291904,0.2589586887711626,0.18900085430811187,-0.7900697914069948,-1.0,-0.11659947819477454,0.0
wine_quality,mlp,input_gradients,57,0,1.2462971765714315e-09,0.060076849022599764,-0.2010927744298391,-1.0,-0.2829610622888819,-0.024252134977164344,0.0
wine_quality,mlp,input_gradients,309,0,0.027174167335033417,0.21404359237289414,0.0607385897065053,0.19865438185704043,0.0422329472781585,-1.0,0.0
wine_quality,mlp,input_gradients,1067,1,0.2805247902870178,1.0,0.6771483132101329,-0.0075791902824330565,0.008378442601071939,0.08853615005019734,0.0
wine_quality,mlp,input_gradients,226,0,3.562848597420988e-14,0.05333703439618177,-1.0,-0.36199830006125144,-0.08976177154805023,0.002318780834628939,0.0
wine_quality,mlp,input_gradients,1544,1,0.40909960865974426,0.6141422390227218,1.0,-0.00158867483347727,-0.045607745588017286,-0.20606602776040542,0.0
wine_quality,mlp,input_gradients,646,0,0.08521155267953873,0.2886851298266899,1.0,0.034240902539945044,-0.5541014126116857,0.4157290947958717,0.0
wine_quality,mlp,input_gradients,960,1,0.25006580352783203,0.6564763188705366,0.5662321757502489,-1.0,-0.3295922291705598,0.04777770570824101,0.0
wine_quality,mlp,input_gradients,637,0,1.3488410997126391e-15,0.04698239774043514,-0.01542381014626698,-1.0,-0.41194003443164395,-0.02273283816389475,0.0
wine_quality,mlp,input_gradients,617,0,1.279805064201355,0.13179193590257926,-1.0,-0.14076064596313095,-0.02930307633360324,-0.03232166438162917,0.0
wine_quality,mlp,input_gradients,887,1,0.2095792293548584,0.8387344731007385,1.0,-0.852144287682344,-0.27148694127905587,0.19469613976171707,0.0
wine_quality,mlp,input_gradients,1549,1,0.5490694046020508,1.0,0.8319243700726542,-0.18074139999583147,-0.08480712247347331,-0.20647098695420338,0.0
wine_quality,mlp,input_gradients,513,1,0.5667679905891418,0.9523174822787633,1.0,-0.040907749267546055,-0.8285739119881617,0.014178492852770211,0.0
wine_quality,mlp,input_gradients,947,1,0.35672175884246826,-1.0,0.8559127643071662,-0.010960167849441201,0.006838244451817755,0.3602208044448618,0.0
wine_quality,mlp,input_gradients,369,1,0.8010713458061218,0.7616142625303884,-1.0,-0.05217703781923871,-0.0,0.3991277514375829,0.0
wine_quality,mlp,input_gradients,1085,0,0.005198299419134855,0.26211825341748196,0.02939777218363484,-1.0,-0.47734412420454486,0.04566347167042468,0.0
wine_quality,mlp,input_gradients,462,1,0.4053572714328766,1.0,0.6137151966620233,-0.23779716595180853,0.005456540266453789,-0.24072823261907317,0.0
wine_quality,mlp,input_gradients,1227,0,0.26592639088630676,0.3451041851465128,1.0,0.12964004070824092,-0.594922239796015,2.2983217041992048e-05,0.0
wine_quality,mlp,input_gradients,982,1,0.25823795795440674,-0.7212524298825116,1.0,-0.6803292499458744,-0.18256240776140598,0.5779968627914417,0.0
wine_quality,mlp,input_gradients,1306,0,5.487469388754107e-05,0.42361216218070713,0.056246594451638675,-1.0,-0.5405733526361091,-0.08704883258846338,0.0
wine_quality,mlp,input_gradients,966,1,0.22872471809387207,1.0,0.9110079210624793,0.024451029404560006,-0.4454939966602074,-0.17910768303449973,0.0
wine_quality,mlp,input_gradients,1305,0,2.6559953766991384e-05,0.29283725789883486,0.02368077623795765,-1.0,-0.45374831292890744,-0.09392828019115036,0.0
wine_quality,mlp,input_gradients,1570,1,0.6852279305458069,0.20988376002297104,1.0,-0.17557040720438732,0.008208669724788597,0.23627052707860333,0.0
wine_quality,mlp,input_gradients,1212,0,0.06929975748062134,0.6632736482040705,1.0,0.018183770691829148,-0.9004816123757909,0.8736694807668985,0.0
wine_quality,mlp,input_gradients,632,0,0.10894355922937393,0.5640146320409499,0.47761479376811505,0.08904223227804216,0.06997267485911962,-1.0,0.0
wine_quality,mlp,input_gradients,930,0,0.16357749700546265,0.6657313595991802,-0.056923827146435894,-0.10186032794352083,-0.09721848098383057,-1.0,0.0
wine_quality,mlp,input_gradients,505,1,0.4203394651412964,0.14190825220649772,1.0,-0.13386986952587063,-0.20391129214083809,-0.030571503366502526,0.0
wine_quality,mlp,input_gradients,142,0,1.0077265501022339,0.12588935866571446,1.0,-0.4835799356071499,0.01224457388444894,0.3840736468528784,0.0
wine_quality,mlp,input_gradients,838,1,0.4978119730949402,0.6821714438836006,1.0,-0.1460938554213838,-0.004938704658665053,-0.2228917040304247,0.0
wine_quality,mlp,input_gradients,484,0,0.9702790379524231,-1.0,0.16063571511546368,-0.045267363138101535,0.02026527220032262,0.0,0.0
wine_quality,mlp,input_gradients,913,1,0.34460124373435974,0.7404817771045134,1.0,0.016481067756018625,-0.3118436388659972,-0.22850692546912327,0.0
wine_quality,mlp,input_gradients,964,1,0.25006580352783203,0.6564763188705366,0.5662321757502489,-1.0,-0.3295922291705598,0.04777770570824101,0.0
wine_quality,mlp,input_gradients,599,0,0.055420540273189545,0.045436633611255293,0.39472231935307756,-0.03222910801004891,-1.0,-0.10248365613714419,0.0
wine_quality,mlp,input_gradients,333,0,0.14465057849884033,0.7023751418514822,0.04791380521391245,0.5938746222444551,-1.0,-0.10416829344322685,0.0
wine_quality,mlp,input_gradients,1015,1,0.260459840297699,0.06924136217269888,1.0,-0.26248091727956785,-0.06883828940560315,-0.0,0.0
wine_quality,mlp,input_gradients,358,1,0.43590274453163147,1.0,0.5726170137167077,0.07794438459480549,0.04614479236239451,-0.20070765199721136,0.0
wine_quality,mlp,input_gradients,1523,0,0.13909727334976196,0.042135596663402844,0.6229463097745392,-0.004947784152020534,-0.02923737313410451,-1.0,0.0
wine_quality,mlp,input_gradients,157,0,3.996239684056491e-06,0.4093962851327018,-0.04207223966934249,-1.0,-0.08766163984394772,-0.22572090940829037,0.0
wine_quality,mlp,input_gradients,408,1,0.5720648169517517,1.0,0.5707861972533916,-0.047544745304972935,-0.06540091694273237,-0.062405940565690265,0.0
wine_quality,mlp,input_gradients,264,1,1.3079888820648193,0.338119130282461,-1.0,-0.1928384775130908,-0.4689368755927477,0.034510041212314095,0.0
wine_quality,mlp,input_gradients,187,0,0.04421452060341835,0.12830124415007652,0.03516854035536192,-0.0072415795383168145,-1.0,0.35246395048507656,0.0
wine_quality,mlp,input_gradients,240,0,9.015140562951274e-07,0.06081375035049742,-1.0,-0.8824862766110854,-0.5835202810562156,-0.017372073405620556,0.0
wine_quality,mlp,input_gradients,1291,0,0.39079973101615906,0.3747634705941701,1.0,-0.4956354209538992,-0.5738539500649086,-0.26550898138749124,0.0
wine_quality,mlp,input_gradients,1136,1,0.7036811113357544,1.0,0.6644652082322179,-0.005104218812601592,-0.2887892698595014,-0.1478496710517957,0.0
wine_quality,mlp,input_gradients,1106,0,0.06497412174940109,1.0,-0.11439109271193218,0.21729791625170472,-0.26350356434401495,-0.4974345460944039,0.0
wine_quality,mlp,input_gradients,730,0,0.3476768136024475,0.5099476705921723,0.6952676464744253,-0.49828670220325594,-1.0,0.12387944538096628,0.0
wine_quality,mlp,input_gradients,948,1,0.5794399380683899,1.0,0.5011396519571432,-0.09903573836002243,-0.03440605619731913,-0.2727632594478011,0.0
wine_quality,mlp,input_gradients,1437,0,0.08997789770364761,0.07478907710918337,0.06839546242581436,0.1162082978619282,-1.0,0.37077780562771284,0.0
wine_quality,mlp,input_gradients,1070,1,0.35440587997436523,0.2606188142707028,1.0,-0.41596052704162706,0.0015168346139612147,-0.06773250071813659,0.0
wine_quality,mlp,input_gradients,852,0,8.710472620965248e-11,0.13319373384165872,-0.41993233710774874,-1.0,-0.09448191500531262,-0.02799970837913206,0.0
wine_quality,mlp,input_gradients,1064,0,0.0474361814558506,0.1773488122286058,0.16831788818093427,-0.004863267910181864,-1.0,0.23736650721130229,0.0
wine_quality,mlp,input_gradients,477,1,0.9499807357788086,0.6210078509065611,-1.0,-0.14953536923504734,0.005631990433323261,0.34215306507102006,0.0
wine_quality,mlp,input_gradients,1569,0,0.20205272734165192,1.0,0.3585407354488493,-0.07663552509825378,-0.13897335593293839,-0.5315760967803528,0.0
wine_quality,mlp,input_gradients,1402,1,0.4563162624835968,0.7984209577248583,1.0,-0.15949677930210712,-0.010530554194372271,-0.3895801588264142,0.0
wine_quality,mlp,input_gradients,687,0,0.08380897343158722,0.3943728803011917,0.4046203322176439,-0.36192743129175503,-1.0,0.18311628506531896,0.0
wine_quality,mlp,input_gradients,1369,0,0.022315965965390205,0.11478647531928814,-0.18803317109309875,-0.028132471072657712,-1.0,0.4509456510933792,0.0
wine_quality,mlp,input_gradients,605,0,0.029679013416171074,0.0,0.18307680421975953,-0.2984675217755665,-1.0,-0.36524701359669465,0.0
wine_quality,mlp,input_gradients,139,0,2.6132546793178335e-08,0.11930656815474563,0.005147190987196523,-1.0,-0.26183192924412746,-0.16404788327570421,0.0
wine_quality,mlp,input_gradients,1006,1,0.4016367197036743,1.0,0.8118615458452267,-0.14473408978998703,-0.002529268739038482,-0.09844114564612741,0.0
wine_quality,mlp,input_gradients,1590,1,0.6663509607315063,0.7989945716781606,1.0,-0.24014483098281375,-0.30095603887610856,-0.1716913186029375,0.0
wine_quality,mlp,input_gradients,1102,0,0.1537206918001175,1.0,0.21002390359616369,-0.08070760155490184,-0.11698662691749076,-0.6778546689658735,0.0
wine_quality,mlp,input_gradients,1231,0,0.0007443740032613277,0.76262119721169,0.05695859882448323,-1.0,-0.7103376475026133,-0.12264444863753034,0.0
wine_quality,mlp,input_gradients,988,0,0.01516785565763712,0.8261631926247981,0.29594901525270134,-0.7082081135251761,-1.0,0.11951826592815915,0.0
wine_quality,mlp,input_gradients,1086,1,0.8180734515190125,1.0,0.3899893588303675,0.008475753884609794,-0.03258665121553778,-0.3487486880687388,0.0
wine_quality,mlp,input_gradients,896,1,0.504865825176239,0.6361748417371261,1.0,-0.39480791755325084,-0.015008128124246258,-0.23442292328567196,0.0
wine_quality,mlp,input_gradients,1469,0,1.0298959551846565e-07,0.10748271395688998,0.03854093298304867,-0.09242349010110527,-1.0,0.054059529454523324,0.0
wine_quality,mlp,input_gradients,44,0,0.04210677742958069,0.23517017943631008,0.005535145542067241,-0.0,-0.7284457635492038,-1.0,0.0
wine_quality,mlp,input_gradients,63,0,0.0013610959285870194,0.47865114001569486,0.05106571635066682,-0.9253773929852096,-1.0,-0.20788777960480595,0.0
wine_quality,mlp,input_gradients,1477,1,0.3586222529411316,0.6065052787391325,1.0,-0.8341494807022407,0.014292727820295668,-0.3353323168263975,0.0
wine_quality,mlp,input_gradients,1471,0,0.6452381014823914,0.031138478830931137,0.09147839126660612,0.025569619947679968,-1.0,0.5642046007228069,0.0
wine_quality,mlp,input_gradients,1008,1,0.4220433533191681,1.0,0.9155570149190495,-0.2028414513369947,-0.12025714220143806,-0.14843119601311308,0.0
wine_quality,mlp,input_gradients,193,0,0.06251439452171326,0.5208378125841722,0.5748247431035428,-0.39478725445561313,-1.0,0.3953484221516136,0.0
wine_quality,mlp,input_gradients,79,0,5.275675255271735e-15,-0.029471235211734344,-0.5293586188338676,-1.0,-0.21404259476483434,-0.01697765337442028,0.0
wine_quality,mlp,input_gradients,69,1,0.6036733388900757,0.884793163636737,1.0,-0.15182370671363368,-0.7063051110598997,0.3628242237971366,0.0
wine_quality,mlp,input_gradients,821,1,0.811625599861145,0.1647619142739515,1.0,-0.3675830873262755,-0.014727229224918773,0.5083764430133384,0.0
wine_quality,mlp,input_gradients,287,0,0.4700869619846344,0.6083065516019557,0.3350295219812013,-0.46475224492013534,0.03504827891411044,-1.0,0.0
wine_quality,mlp,input_gradients,344,1,0.40687599778175354,0.8857930928805458,1.0,-0.23235939399492825,-0.8821688463784599,-0.09816176063961358,0.0
wine_quality,mlp,input_gradients,486,0,0.004299040883779526,0.1768327995086719,0.0,0.006081531195570465,-1.0,0.1272980095579347,0.0
wine_quality,mlp,input_gradients,110,0,0.03016313910484314,0.14784473133769455,-1.0,-0.3918301437002214,-0.21183981782558564,-0.12699152146215767,0.0
wine_quality,mlp,input_gradients,168,0,0.1613926887512207,1.0,0.10210091423780893,-0.4714375470875866,-0.7158239681355532,-0.6879798779046578,0.0
wine_quality,mlp,input_gradients,1202,1,0.680106520652771,1.0,0.5146729786278951,-0.005671388566981709,-0.1828489476257141,-0.25315677667902337,0.0
wine_quality,mlp,input_gradients,870,0,0.20517629384994507,0.5363999283034796,0.44848315959709345,0.004087474902223435,-1.0,0.7742500843189426,0.0
wine_quality,mlp,input_gradients,32,0,8.783559479752512e-08,0.1823305959401739,-0.09629229807953738,-1.0,-0.3311764197673778,-0.0048578358900483514,0.0
wine_quality,mlp,input_gradients,1066,1,0.5909321904182434,0.43788397587822797,1.0,-0.1262649032493504,-0.36534678501950285,-0.24657049885129376,0.0
wine_quality,mlp,input_gradients,504,1,0.8304049372673035,0.6202728662019341,-1.0,-0.20386616080539866,0.006508845125242582,0.45969726418173334,0.0
wine_quality,mlp,input_gradients,134,0,2.4070343940252314e-08,0.09784502471108046,0.050680749327012435,-0.01490392690650659,-1.0,0.08695033629637032,0.0
wine_quality,mlp,input_gradients,1016,1,0.3311663568019867,0.3657300254434378,1.0,-0.26906545739018345,-0.146328891148288,-0.07168507273018355,0.0
wine_quality,mlp,input_gradients,470,0,0.4107702076435089,0.3564529210679611,1.0,0.006358973664495394,-0.09128322414575292,0.009665749251931397,0.0
wine_quality,mlp,input_gradients,249,0,0.004526056349277496,0.4611037228569971,-0.3499994907214594,-0.15517126831550823,-0.20247487250546112,-1.0,0.0
wine_quality,mlp,input_gradients,1443,0,0.09564235806465149,0.46188511244926733,0.12547179420265017,-0.015068116620835249,-1.0,0.9427245674578754,0.0
wine_quality,mlp,input_gradients,946,1,0.3987184464931488,0.48238107969708127,1.0,-0.04726090871874554,0.028965900997184272,0.20105146429369333,0.0
wine_quality,mlp,input_gradients,922,1,0.9595726728439331,0.4801637472437657,1.0,-0.30689368218738133,-0.05534326352053344,0.3926761595377788,0.0
wine_quality,mlp,input_gradients,928,1,0.5512501001358032,0.28119463256622035,1.0,-0.09537562515935116,-0.10421863487925859,-0.1589238084641716,0.0
wine_quality,mlp,input_gradients,1218,0,0.27679210901260376,0.9010226751749267,1.0,0.0031210138392019815,-0.10561100701774258,-0.7329764992082994,0.0
wine_quality,mlp,input_gradients,11,0,0.0018065512413159013,0.499244014608178,-0.07648663594523498,-1.0,-0.14707579321436173,-0.24262041877782264,0.0
wine_quality,mlp,input_gradients,1098,1,0.45892053842544556,-1.0,0.8205083013514414,-0.026345345954475206,0.026559928171110275,0.13551874565956945,0.0
wine_quality,mlp,input_gradients,512,0,0.9159829616546631,0.11476505442213523,-1.0,-0.5300058681734168,-0.11134192886040306,-0.04491204865235035,0.0
wine_quality,mlp,input_gradients,568,0,0.5452589392662048,0.5935476966530231,1.0,0.007829479598219356,-0.11647317747507167,-0.5374682154765774,0.0
wine_quality,mlp,input_gradients,884,0,0.004213099833577871,0.48405344068894574,0.041745426365088587,-1.0,-0.722089086309761,0.09458491059968303,0.0
wine_quality,mlp,input_gradients,384,0,0.00012533608241938055,0.0,-0.19645303394972502,-1.0,-0.3688314100844883,-0.8516026299687799,0.0
wine_quality,mlp,input_gradients,375,1,0.19789204001426697,-0.43147309814304036,-0.5936281984381389,-0.1427063355448781,-1.0,-0.22894395913950805,0.0
wine_quality,mlp,input_gradients,163,0,6.959965243025223e-11,0.06818903660254903,0.0009880669199965465,-1.0,-0.2523733179453952,-0.16413530781077104,0.0
wine_quality,mlp,input_gradients,1018,0,0.4609461724758148,-0.38592582286159366,-0.06913102734265365,-0.8153461349147693,0.06548971273089879,-1.0,0.0
wine_quality,mlp,input_gradients,1561,0,9.440412007677423e-09,0.2215645012837099,0.0025328161693680446,-1.0,-0.2313210776332847,-0.06917890547889026,0.0
wine_quality,mlp,input_gradients,430,1,0.5591074228286743,1.0,0.4402854354023649,0.06424200150614066,-0.053963754865800184,-0.18009945027145285,0.0
wine_quality,mlp,input_gradients,1072,0,0.001028937753289938,0.18181950222820412,-0.024918582836605453,-1.0,-0.07111121017257664,-0.42973132456292396,0.0
wine_quality,mlp,input_gradients,1275,0,1.4418341152122593e-06,0.15662318380742862,0.026616881130047867,-1.0,-0.6260527197028158,-0.07266054041996586,0.0
wine_quality,mlp,input_gradients,55,0,0.00439349003136158,0.3483708389277821,0.09296274075914356,-0.7531486130077241,-1.0,-0.3984511626349186,0.0
wine_quality,mlp,input_gradients,1223,1,0.3244624733924866,1.0,0.9214634054042039,-0.20555328325474223,-0.12000330848631333,-0.09648082731262918,0.0
wine_quality,mlp,input_gradients,78,0,4.202856871415861e-05,0.47667922503132376,0.01928759908376595,-1.0,-0.6850796240713771,-0.13104637650424467,0.0
wine_quality,mlp,input_gradients,999,0,0.20672544836997986,0.3962623016756877,0.270587452993597,-0.007546242447619892,-1.0,0.5317082471053715,0.0
wine_quality,mlp,input_gradients,166,0,1.8544107661000453e-05,0.43193822377461455,0.0034019595514584934,-1.0,-0.358011064735303,-0.19369424754807166,0.0
wine_quality,mlp,input_gradients,859,0,1.1566510200500488,0.4873222297481977,1.0,-0.06267969884028061,-0.09188636772145298,0.20582427021284402,0.0
wine_quality,mlp,input_gradients,866,1,1.2134310007095337,0.532846212647474,1.0,-0.0696047029486304,-0.02931041179695799,0.14754141542629395,0.0
wine_quality,mlp,input_gradients,927,0,1.954478648258373e-06,0.0,0.0444918328973109,-1.0,-0.6245636285628663,-0.06403433827895384,0.0
wine_quality,mlp,input_gradients,210,1,0.3681110441684723,0.460715143602647,1.0,-0.07142903333509557,-0.22980066722491382,-0.06047911341681997,0.0
wine_quality,mlp,input_gradients,1241,0,0.20815347135066986,0.40947289283090355,0.31388283995431865,-1.0,-0.16267408350080603,0.0343870841730831,0.0
wine_quality,mlp,input_gradients,77,0,0.17078480124473572,0.39469246344222675,0.11629400923500507,0.04024369852948747,-1.0,-0.006885851773343638,0.0
wine_quality,mlp,input_gradients,516,1,0.5878682732582092,0.7607283758261986,1.0,-0.02189724870531096,-0.6037954968739585,-0.1464072981152499,0.0
wine_quality,mlp,input_gradients,1061,1,0.56352299451828,-1.0,0.5812844081140665,-0.019607989253514813,0.03432284575021416,0.20518176718074765,0.0
wine_quality,mlp,input_gradients,1060,0,0.13721074163913727,1.0,0.7717349599378023,-0.03161615691562292,-0.1311388086542036,-0.5518520356683283,0.0
wine_quality,mlp,input_gradients,320,0,0.29679983854293823,1.0,0.9587076950883376,-0.11747275064138288,-0.39836822657007015,-0.2794022462207361,0.0
wine_quality,mlp,input_gradients,949,1,0.5794399380683899,1.0,0.5011396519571432,-0.09903573836002243,-0.03440605619731913,-0.2727632594478011,0.0
wine_quality,mlp,input_gradients,281,0,0.9045034050941467,0.4207944567427756,1.0,0.006473461387175751,0.0,0.20168051846158783,0.0
wine_quality,mlp,input_gradients,357,1,0.5039152503013611,1.0,0.9638933228613386,-0.21797404455368544,-0.18217031993797236,-0.1400329063511505,0.0
wine_quality,mlp,input_gradients,507,0,0.15721699595451355,0.058717604140937615,0.4306907420146656,0.019293851357460874,-1.0,0.15885527096234983,0.0
wine_quality,mlp,input_gradients,566,0,0.0037722240667790174,-0.09394312739517549,0.1605435649204315,-0.012725516020691564,-1.0,0.11167935390741852,0.0
wine_quality,mlp,input_gradients,1323,1,0.4890158474445343,0.3842854155756516,-0.02710266549062022,-1.0,-0.008510778370601992,-0.0012083666402090752,0.0
wine_quality,mlp,input_gradients,232,0,0.09753887355327606,0.3913642923783973,-0.5453593132492774,-1.0,-0.026816129115912787,-0.9580678864657121,0.0
wine_quality,mlp,input_gradients,1476,0,7.075385610733065e-07,-0.20480738562642853,-0.20306532017369439,-1.0,-0.29587554179069103,-0.020670373087413586,0.0
wine_quality,mlp,input_gradients,1249,0,0.10350523144006729,1.0,0.7410990756924173,-0.3347027912063406,-0.11691822922399035,0.5519346524249479,0.0
wine_quality,mlp,input_gradients,944,1,0.42236611247062683,1.0,0.8127963404553474,-0.2336972838831929,-0.036163877061201624,-0.2894583466075088,0.0
wine_quality,mlp,input_gradients,729,0,0.29642435908317566,0.3443869766912509,0.022314837182500397,0.11578224768058155,-1.0,-0.1596700513585334,0.0
wine_quality,mlp,input_gradients,818,0,0.00014802400255575776,0.07913355209114471,-0.026612574925295895,-0.18360327510496324,-1.0,0.09173321531808672,0.0
wine_quality,mlp,input_gradients,1371,1,0.5779170989990234,0.49441807001765703,-1.0,-0.06869531804361458,-0.5379704079275236,0.6204122077096982,0.0
wine_quality,mlp,input_gradients,1395,0,0.2940797507762909,0.03970788748803036,0.30866670875694274,0.009116794492656278,-1.0,0.3876446781456916,0.0
wine_quality,mlp,input_gradients,661,0,0.008402970619499683,-0.35344707485773813,-0.01697671884921244,-0.919200695673685,-0.26623475041232475,-1.0,0.0
wine_quality,mlp,input_gradients,1406,1,0.6802080869674683,1.0,0.5649508087891358,0.04279491910618982,-0.05255083290410671,-0.3450487373026178,0.0
wine_quality,mlp,input_gradients,1438,0,0.061349086463451385,0.40942624817300177,0.0,-0.031144175283742616,-1.0,0.8340623514188193,0.0
wine_quality,mlp,input_gradients,356,0,0.518405020236969,0.903088028792076,0.13629467761201547,-1.0,0.04538672536701515,-0.2731304656464299,0.0
wine_quality,mlp,input_gradients,1521,0,0.003061124822124839,-0.4026841441495301,-0.12100901119009486,-0.5007646360722486,-1.0,-0.9820086524888398,0.0
wine_quality,mlp,input_gradients,380,0,0.09939149767160416,0.24649264274685775,1.0,0.060886673571661866,-0.02384288778998,-0.7291593969191088,0.0
wine_quality,mlp,input_gradients,269,0,0.8984628319740295,0.23689743165333274,1.0,-0.014019120962629958,-0.11103943920887399,0.0029294115771470917,0.0
wine_quality,mlp,input_gradients,837,1,0.8061214685440063,1.0,-0.10349341497495577,-0.6751176422831675,-0.014750394590207353,-0.041872672830011726,0.0
wine_quality,mlp,input_gradients,797,0,0.6183337569236755,0.2867117769089965,1.0,-0.24960798325107417,-0.0029651446017532044,-0.2878581614142158,0.0
wine_quality,mlp,input_gradients,162,0,0.04107625409960747,0.3235693576181289,1.0,0.3005555433121268,-0.7463255883216916,0.34784143363113884,0.0
wine_quality,mlp,input_gradients,1556,0,0.002267024014145136,0.17257222962712368,0.08208575250744753,-0.013790394905653751,-1.0,0.1164123940590712,0.0
wine_quality,mlp,input_gradients,23,0,0.002655144315212965,0.13243219910489157,0.030035827882352466,-1.0,-0.3901225806440298,-0.05091368235804373,0.0
wine_quality,mlp,input_gradients,1053,1,0.2944875657558441,0.30771058608007823,1.0,-0.13035198180655846,-0.06880495636077735,-0.15277191517000235,0.0
wine_quality,mlp,input_gradients,643,0,2.4507353373337537e-05,0.1989229803771378,-0.026764906227686954,-1.0,-0.4361470965022051,-0.5021418296957039,0.0
wine_quality,mlp,input_gradients,536,0,0.005260487552732229,0.08006816038614792,0.195065558766983,0.002989613064253266,-1.0,0.04613517423191377,0.0
wine_quality,mlp,input_gradients,1172,1,0.33797121047973633,0.5817258989780989,1.0,-0.07381390982283567,-0.21485197830206115,-0.11814528979142946,0.0
wine_quality,mlp,input_gradients,1574,0,0.3133251965045929,0.7740333357778213,0.0022492585300741934,-1.0,-0.033888560856670344,-0.32723987627656725,0.0
wine_quality,mlp,input_gradients,597,0,0.19567666947841644,0.10989636366031688,0.42700926365703473,0.08748286295412172,-1.0,0.050480270398843584,0.0
wine_quality,mlp,input_gradients,1045,0,0.25172796845436096,1.0,0.347819871429757,-0.13255991560616953,-0.07110291059503428,-0.43313842427990756,0.0
wine_quality,mlp,input_gradients,1559,0,9.440412007677423e-09,0.2215645012837099,0.0025328161693680446,-1.0,-0.2313210776332847,-0.06917890547889026,0.0
wine_quality,mlp,input_gradients,376,0,0.49704810976982117,0.32280543779181486,-1.0,-0.33931561543903477,-0.11074204077702304,0.3179388058651769,0.0
wine_quality,mlp,input_gradients,711,0,3.972099982263444e-09,0.11466132230159427,0.011822339907465855,-1.0,-0.25593191317804914,-0.19383712599674388,0.0
wine_quality,mlp,input_gradients,1401,0,5.812570216812141e-11,0.20647193410989512,0.003097523058188175,-1.0,-0.28072130557307917,-0.0868957855786517,0.0
wine_quality,mlp,input_gradients,518,1,0.5859930515289307,1.0,0.5475622733521764,-0.2996759493016816,0.01171960822551817,-0.15906782773687228,0.0
wine_quality,mlp,input_gradients,194,0,0.06251439452171326,0.5208378125841722,0.5748247431035428,-0.39478725445561313,-1.0,0.3953484221516136,0.0
wine_quality,mlp,input_gradients,1170,0,0.2753482758998871,0.9967027287668624,1.0,0.0019487850299215676,0.026387219326334498,-0.6236773817519027,0.0
wine_quality,mlp,input_gradients,335,1,0.5370312929153442,0.30207535830071175,1.0,-0.06927463875807585,-0.5398987113050214,-0.02762441987360556,0.0
wine_quality,mlp,input_gradients,804,0,0.04645334556698799,0.5859781991984586,0.8981332788012566,0.1251365206530216,-1.0,-0.31486786998109423,0.0
wine_quality,mlp,input_gradients,924,1,0.5512501001358032,0.28119463256622035,1.0,-0.09537562515935116,-0.10421863487925859,-0.1589238084641716,0.0
wine_quality,mlp,input_gradients,1213,0,0.4951404929161072,0.5416404490675965,1.0,0.0058307103947127506,-0.11180667416308428,-0.19565923834358623,0.0
wine_quality,mlp,input_gradients,795,0,1.0616370218485827e-06,0.2983489533058521,-1.0,-0.44022661935448776,-0.4569422369782458,-0.03332040087134024,0.0
wine_quality,mlp,input_gradients,1118,0,0.29102227091789246,-1.0,-0.0034802193294591233,0.14200100060552456,-0.0674581675514002,0.09111054258912389,0.0
wine_quality,mlp,input_gradients,882,1,0.30580753087997437,1.0,0.9850123737988489,-0.2569415627687917,-0.05333479945519032,-0.09080547904835283,0.0
wine_quality,mlp,input_gradients,1211,0,0.02646644227206707,0.12015698185024586,-0.12400999805546643,-1.0,-0.2487503574303246,-0.5971592215475433,0.0
wine_quality,mlp,input_gradients,1464,0,0.014498884789645672,0.5255480146882794,-0.058621867215431285,-1.0,-0.6847985352573497,-0.7110050135344426,0.0
wine_quality,mlp,input_gradients,1193,0,0.010888691991567612,0.08491808337646956,0.03897515396466057,0.005060491479534444,-1.0,0.3924939041934565,0.0
wine_quality,mlp,input_gradients,666,0,0.0531778410077095,0.3990700967255765,1.0,0.12285529664896604,-0.464750758993915,-0.08732971236480913,0.0
wine_quality,mlp,input_gradients,306,0,0.00036776697379536927,0.19739914375774006,0.07987706345735016,-1.0,-0.8804362991069354,-0.34274416630652915,0.0
wine_quality,mlp,input_gradients,1336,0,0.01781250722706318,0.8277422282110343,-0.2013962225519415,-0.5926147051709727,-1.0,0.8035646072782261,0.0
wine_quality,mlp,input_gradients,567,0,0.0037722240667790174,-0.09394312739517549,0.1605435649204315,-0.012725516020691564,-1.0,0.11167935390741852,0.0
wine_quality,mlp,input_gradients,431,0,0.00011388698476366699,0.0,0.05202324046088972,-1.0,-0.5247940138411046,-0.10414164139063209,0.0
wine_quality,mlp,input_gradients,681,0,0.02395455352962017,1.0,0.38782483857746464,0.01902110428728954,-0.9347904199392512,-0.5230594790888039,0.0
wine_quality,mlp,input_gradients,1492,0,0.044797882437705994,0.39347145278220824,0.974701837952191,-0.11530583542752222,0.1470723800740769,1.0,0.0
wine_quality,mlp,input_gradients,1423,0,0.20229783654212952,1.0,0.4057379512547825,0.09402760891333206,0.24112065812127864,0.01105092921298193,0.0
wine_quality,mlp,input_gradients,122,0,0.0029990000184625387,0.0,0.06339527516055726,-0.03697602090879723,-1.0,-0.505971418893535,0.0
wine_quality,mlp,input_gradients,467,1,0.8524091243743896,-1.0,0.5549816544964664,-0.018262358426498974,0.04608214311786294,0.2639378033168469,0.0
wine_quality,mlp,input_gradients,571,0,0.22212770581245422,1.0,0.3328434765540254,-0.1553547966027175,-0.01805949053038968,-0.6045446696654895,0.0
wine_quality,mlp,input_gradients,817,1,0.4857454299926758,1.0,0.7397075338525664,-0.2570681098222998,-0.012341424806453338,-0.21945777730439922,0.0
wine_quality,mlp,input_gradients,1353,0,0.025447674095630646,0.7077672302006512,-0.027656173007900093,-0.6856702870916921,-1.0,0.15999340804894352,0.0
wine_quality,mlp,input_gradients,18,0,0.0005286363302730024,-0.311622107172913,0.06497733046697372,-0.5068175689610427,-1.0,-0.63804463668022,0.0
wine_quality,mlp,input_gradients,713,0,0.011272088624536991,0.25339677656853127,-0.02373119605764141,-1.0,-0.39172456334889466,-0.314699702469894,0.0
wine_quality,mlp,input_gradients,225,0,0.10188740491867065,0.3616698924819248,0.4543994791700183,-0.007615496127047298,-0.08558285440921219,-1.0,0.0
wine_quality,mlp,input_gradients,834,0,0.0034733188804239035,0.06419571436548481,0.0,-0.009567425859163732,-1.0,0.30087983535900187,0.0
wine_quality,mlp,input_gradients,294,0,0.8374006152153015,0.08053459575887711,-1.0,-0.43526210044934066,-0.05254481626814127,-0.011578189515227539,0.0
wine_quality,mlp,input_gradients,725,0,0.10488567501306534,0.035617946687615434,0.15909268658670417,0.01961278931504753,-1.0,0.41500010264594245,0.0
wine_quality,mlp,input_gradients,1475,1,0.4173699617385864,0.5443261477004862,1.0,-0.6819670548530727,-0.0380622692367343,-0.28189036940116585,0.0
wine_quality,mlp,input_gradients,26,0,0.02677898295223713,0.8185800276096507,1.0,0.0,0.13359735024143315,-0.7682896894641158,0.0
wine_quality,mlp,input_gradients,697,0,0.033112041652202606,0.17727533586860966,-0.1520198525141515,-0.11814352868881692,-0.27942826001305515,-1.0,0.0
wine_quality,mlp,input_gradients,1531,0,0.07661181688308716,0.49176862143895783,-0.04411791110260921,-0.13778671558265446,-0.147693827202756,-1.0,0.0
wine_quality,mlp,input_gradients,799,0,0.15314963459968567,1.0,0.1929960994183717,-0.02009856985970983,-0.6426847724072063,-0.01341884419302844,0.0
wine_quality,mlp,input_gradients,807,1,0.5090395212173462,-1.0,0.5827729487582706,0.004876651200032879,0.005268377783110035,0.364235434821351,0.0
wine_quality,mlp,input_gradients,540,0,0.11463604867458344,0.4801525263889241,0.17521956377764736,-0.9647042575192429,-1.0,-0.19076018819473828,0.0
wine_quality,mlp,input_gradients,1267,1,0.18618144094944,0.6566719957100867,1.0,-0.06212465759728839,-0.14014149310592525,-0.0217437702215188,0.0
wine_quality,mlp,input_gradients,1500,0,0.005149861332029104,0.08527736708561337,0.09387485879458476,0.0029519958864951245,-1.0,0.1878335727861301,0.0
wine_quality,mlp,input_gradients,1189,0,3.564886696949543e-08,0.05794509442845036,-0.029275175912254252,0.0033954599366978985,-1.0,0.13959196459252018,0.0
wine_quality,mlp,input_gradients,1586,0,0.3197566270828247,1.0,0.855904400418594,-0.8077555639479808,-0.010042102655432084,-0.4852107117998533,0.0
wine_quality,mlp,input_gradients,413,1,0.40580224990844727,1.0,0.7350366438746506,-0.03521929178896959,-0.11100637067009467,-0.14642498228615006,0.0
wine_quality,mlp,input_gradients,854,0,0.25937145948410034,0.8805368156632689,1.0,-0.24694185218949377,0.0249537443689359,-0.5665819110561318,0.0
wine_quality,mlp,input_gradients,1020,0,0.24337629973888397,1.0,0.46171100112185937,0.06739296186480294,-0.3376068951705311,-0.341573843209212,0.0
wine_quality,mlp,input_gradients,1021,0,0.24337629973888397,1.0,0.46171100112185937,0.06739296186480294,-0.3376068951705311,-0.341573843209212,0.0
wine_quality,mlp,input_gradients,588,1,0.8052567839622498,0.30669969438119277,1.0,-0.5173064819477353,0.014058448246024584,0.5241080899753493,0.0
wine_quality,mlp,input_gradients,1194,0,3.7368445191532373e-05,0.20982774617008185,0.05372599851437339,-1.0,-0.8956006565573962,-0.08837080378630342,0.0
wine_quality,mlp,input_gradients,205,1,0.46227359771728516,0.6894928016479311,1.0,-0.03057251327868252,0.013001001389113814,-0.3536134043455209,0.0
wine_quality,mlp,input_gradients,679,0,0.0816764384508133,1.0,0.44348700734673147,-0.9434678053927115,0.051590120197846714,-0.055555494741766104,0.0
wine_quality,mlp,input_gradients,836,1,0.8061214685440063,1.0,-0.10349341497495577,-0.6751176422831675,-0.014750394590207353,-0.041872672830011726,0.0
wine_quality,mlp,input_gradients,1543,0,0.118477463722229,1.0,0.8856017717769387,-0.020439377730512617,-0.38377395707246786,-0.6040715200616585,0.0
wine_quality,mlp,input_gradients,1002,1,0.4016367197036743,1.0,0.8118615458452267,-0.14473408978998703,-0.002529268739038482,-0.09844114564612741,0.0
wine_quality,mlp,input_gradients,440,0,1.5297486782073975,0.14289968285119412,-1.0,-0.17236577439309775,-0.0440274779305795,-0.23475916001153949,0.0
wine_quality,mlp,input_gradients,849,0,0.00980309210717678,0.3092834973242422,-0.07789739967451993,-0.18240897055763877,-0.10870751824768976,-1.0,0.0
wine_quality,mlp,input_gradients,341,1,0.3930356204509735,0.6066542478829567,1.0,0.020952891992599077,-0.06576050415803293,-0.25556011269868023,0.0
wine_quality,mlp,input_gradients,1484,0,0.06265661865472794,0.09525744982329185,0.23077736247342184,0.0,-1.0,0.502757969465716,0.0
wine_quality,mlp,input_gradients,60,0,0.001029368257150054,0.0,0.0036883979200156613,-0.7609908658540641,-0.1585413328981478,-1.0,0.0
wine_quality,mlp,input_gradients,13,0,1.7673329466560972e-10,-0.02087481603812995,-1.0,-0.1160440643939965,-0.11316069618034616,-0.018091103243932302,0.0
wine_quality,mlp,input_gradients,100,0,0.2572650909423828,0.9559416610753182,0.4867353560731311,-0.9779805902981147,-1.0,-0.4226392732297358,0.0
wine_quality,mlp,input_gradients,88,0,3.602454977120334e-13,0.08397962735332559,-0.5633497615966878,-1.0,-0.07043189669357844,-0.013186560937325183,0.0
wine_quality,mlp,input_gradients,499,0,0.8149617314338684,1.0,-0.06219704425337069,-0.6903812382389577,-0.3114876928181953,-0.4655897564132673,0.0
wine_quality,mlp,input_gradients,1330,0,2.304502049810253e-05,0.2915583259281968,0.0068889697788341335,-1.0,-0.35922052762248785,-0.1789942193365387,0.0
wine_quality,mlp,input_gradients,1368,0,1.4339718291012105e-05,0.3480514644579422,0.012674706170040668,-1.0,-0.7815888651813789,-0.09418954026296077,0.0
wine_quality,mlp,input_gradients,1450,1,0.5239545106887817,1.0,0.9852189261632276,-0.2476090945018132,-0.09871728825829891,-0.20428613657610753,0.0
wine_quality,mlp,input_gradients,690,0,1.062768546944426e-06,0.24959369231182307,0.04971149359487072,-0.0032483034638258594,-1.0,0.17516272632271565,0.0
wine_quality,mlp,input_gradients,43,0,0.06574693322181702,0.3394728414519553,-1.0,-0.11578629701224015,-0.19128019864004414,-0.027946588163347916,0.0
wine_quality,mlp,input_gradients,34,0,0.012285963632166386,0.0,-0.006241457623825676,-0.903448412831671,-0.06933198689382838,-1.0,0.0
wine_quality,mlp,input_gradients,1511,0,0.12402074784040451,0.5378624724352108,0.10039538242208251,-0.1399236671534166,-0.830447086808713,-1.0,0.0
wine_quality,mlp,input_gradients,332,0,6.690231035832994e-09,0.0734114850248532,0.002260500513406484,-1.0,-0.24860886723259867,-0.08678969172444771,0.0
wine_quality,mlp,input_gradients,917,0,0.17636962234973907,0.09965973412391807,0.6873666828180043,0.06462467361131939,0.0846555551237267,-1.0,0.0
wine_quality,mlp,input_gradients,945,1,0.4339660108089447,0.5933349645774404,1.0,0.006318597923714226,-0.11253033087357929,-0.1512857584629258,0.0
wine_quality,mlp,input_gradients,532,0,0.2843503952026367,0.28070381699774954,1.0,0.0575535982520467,-0.09380400255061828,-0.202492376233805,0.0
wine_quality,mlp,input_gradients,865,0,4.2813789491447096e-07,0.2562139187930665,-3.537545374099918e-05,-1.0,-0.4200487620523504,-0.36290503906626786,0.0
wine_quality,mlp,input_gradients,289,0,1.8104451271483413e-08,0.0,-0.48639507844464724,-1.0,-0.11806282439976844,-0.026934636819435042,0.0
wine_quality,mlp,input_gradients,762,0,0.07856839150190353,0.027861896579044768,0.0994761419597467,0.06490328698048632,-1.0,0.3106244258682399,0.0
wine_quality,mlp,input_gradients,938,1,0.3919188380241394,0.5977138025646559,1.0,-0.542730856521224,-0.14213887655739876,-0.17428423874352938,0.0
wine_quality,mlp,input_gradients,174,0,0.01891324482858181,0.7897064114128355,0.0,-1.0,-0.3343918108491742,0.4001008817141589,0.0
wine_quality,mlp,input_gradients,252,0,0.16039060056209564,1.0,0.5191129275985028,-0.10786983732534124,-0.23659225683229015,-0.10151750835754217,0.0
wine_quality,mlp,input_gradients,1103,0,0.3187231719493866,0.8354300194257369,1.0,-0.2413030905856474,-0.6029890388351103,-0.3583172776851815,0.0
wine_quality,mlp,input_gradients,253,0,2.0816561629999342e-07,0.15372839185401935,-6.062828306960516e-05,-1.0,-0.581163356726862,-0.1370974863180864,0.0
wine_quality,mlp,input_gradients,993,0,0.00040019687730818987,0.1506549958329273,0.0029945278535721195,-1.0,-0.07010597582225143,-0.7144732689194555,0.0
wine_quality,mlp,input_gradients,1512,0,0.2006606161594391,0.6334136238048327,0.26208031111592317,-0.03648228235022062,-1.0,-0.6428877063644085,0.0
wine_quality,mlp,input_gradients,1373,0,1.4047782492809802e-08,0.046297708479371126,-0.006979806008441745,-1.0,-0.6043444660626563,-0.06354808162061182,0.0
wine_quality,mlp,input_gradients,825,0,0.10793954133987427,1.0,0.10902441086737441,-0.07179861897234839,-0.3822885748995679,0.07208107562433563,0.0
wine_quality,mlp,input_gradients,365,1,0.39561226963996887,1.0,0.596055947680316,-0.009707612035855089,-0.06192178338315927,-0.07399940544101512,0.0
wine_quality,mlp,input_gradients,735,0,4.515512586067416e-08,0.04283351670545753,0.028853945991349515,0.004601578553994095,-1.0,0.11465285351625228,0.0
wine_quality,mlp,input_gradients,64,0,0.014158613979816437,0.13522951784341408,-0.09938691959636634,0.0,-1.0,0.36980684215483883,0.0
wine_quality,mlp,input_gradients,861,0,0.0004191485932096839,1.0,-0.006460956826962895,-0.8202281292468544,-0.8764898447670144,-0.4240372894122666,0.0
wine_quality,mlp,input_gradients,455,1,0.3997187614440918,0.4719570103224375,1.0,-0.10823912404222501,-0.7169001730943811,-0.05957040220286757,0.0
wine_quality,mlp,input_gradients,908,0,0.09355447441339493,0.9123867962116387,0.5323874508438504,-0.10960808953393611,-0.1546686963716253,-1.0,0.0
wine_quality,mlp,input_gradients,981,0,0.0014800814678892493,0.13152947823715688,0.18098752591966386,0.0096752871908193,-1.0,0.13761197180733412,0.0
wine_quality,mlp,input_gradients,650,0,0.02158793993294239,0.35103678734405547,0.16418981613101089,-0.033906040645432324,-1.0,-0.6307872079028557,0.0
wine_quality,mlp,input_gradients,1259,0,0.12211798876523972,0.7709510915506084,1.0,-0.06468096048180401,0.09559265457784158,0.39299006692881605,0.0
wine_quality,mlp,input_gradients,626,0,0.008365693502128124,-0.17054758396654865,0.03810442583685449,-0.10610629500717778,-1.0,-0.5678578962983414,0.0
wine_quality,mlp,input_gradients,393,0,1.4431866368624924e-08,-0.04479604832641253,0.003864875885040265,-1.0,-0.3966718356519916,-0.06962962180000944,0.0
wine_quality,mlp,input_gradients,647,0,0.004890266340225935,0.07377369208438923,0.12010061021159582,0.016485194527263842,-1.0,0.20912759252800028,0.0
wine_quality,mlp,input_gradients,251,0,0.20651866495609283,0.3739460906674994,-0.18484899200410296,-0.16369109315068156,-0.14623249713746786,-1.0,0.0
wine_quality,mlp,input_gradients,1584,1,0.49587151408195496,1.0,0.982599408234556,-0.33859192134571675,-0.02180485868566432,-0.2350385430052263,0.0
wine_quality,mlp,input_gradients,1075,0,0.020381072536110878,0.7776540039965253,-0.7742634005376529,-0.9672914607514802,0.0029084193850327246,-1.0,0.0
wine_quality,mlp,input_gradients,580,0,0.03922916576266289,0.21467826453428276,-0.12984279045086086,0.013093861043526998,-1.0,0.4161139942181277,0.0
wine_quality,mlp,input_gradients,851,0,0.019201956689357758,0.9469033381795974,1.0,0.3315467099920341,0.04451858475801467,-0.7946341788492587,0.0
wine_quality,mlp,input_gradients,351,0,0.00753863574936986,0.3052775580997507,-0.5986197994860368,-0.3959036751710117,-0.9128401046704457,-1.0,0.0
wine_quality,mlp,input_gradients,925,0,0.32183098793029785,1.0,-0.3359222495419885,-0.8252908456229068,-0.0036601305412582593,-0.7964533465396705,0.0
wine_quality,mlp,input_gradients,221,0,0.0005514887161552906,0.12057302683074492,0.05066889913181735,-1.0,-0.4228190203941019,-0.037929970397394944,0.0
wine_quality,mlp,input_gradients,1341,0,0.07271547615528107,0.8777734698155867,0.45686017591103667,-0.17054703031013435,-0.5426777712361417,1.0,0.0
wine_quality,mlp,input_gradients,1478,0,0.0010970152216032147,0.1580003409637548,0.059177301311675784,0.0023147508694947166,-1.0,0.23755235565841185,0.0
wine_quality,mlp,input_gradients,1296,0,1.503663315816084e-05,0.16486652444968541,-0.008005077042195668,-1.0,-0.5331259334010082,-0.059488151481468556,0.0
wine_quality,mlp,input_gradients,1219,1,0.3905808627605438,0.30999443830590295,1.0,-0.5193926788755352,-0.050508102607724155,-0.2920597107262867,0.0
wine_quality,mlp,input_gradients,1486,0,0.05452030897140503,0.7893207218986792,1.0,0.01762135237759908,-0.7569498272109185,0.8403409208931025,0.0
wine_quality,mlp,input_gradients,596,0,0.05958699434995651,0.16790326723000848,1.0,0.3410200783206927,-0.2501261467302005,0.026801672973534287,0.0
wine_quality,mlp,input_gradients,501,0,0.8915895819664001,0.3449241633007186,-1.0,-0.9841491641714674,-0.2882791337651222,0.2482722907831464,0.0
wine_quality,mlp,input_gradients,436,0,0.028382014483213425,0.6446520218109585,0.1565586673857708,-0.9388391569786023,-1.0,0.14130796448073624,0.0
wine_quality,mlp,input_gradients,1560,0,9.440412007677423e-09,0.2215645012837099,0.0025328161693680446,-1.0,-0.2313210776332847,-0.06917890547889026,0.0
wine_quality,mlp,input_gradients,494,0,0.4887886643409729,1.0,-0.17519649380471686,0.966567640341525,-0.08779421787393057,-0.8923267361444339,0.0
wine_quality,mlp,input_gradients,383,0,0.09939149767160416,0.24649264274685775,1.0,0.060886673571661866,-0.02384288778998,-0.7291593969191088,0.0
wine_quality,mlp,input_gradients,1529,0,0.07704246789216995,0.7626633811922384,0.2636388450616099,-0.7691719859793539,-1.0,-0.3990377608743901,0.0
wine_quality,mlp,input_gradients,1381,0,3.771822957787663e-05,0.10612535093868503,-0.019459928656774348,-0.023633997270712664,-1.0,0.07809071752951512,0.0
wine_quality,mlp,input_gradients,296,0,2.87649481833796e-06,0.15897579653651525,0.05197258085118929,-0.2215318594844754,-1.0,0.09326164271512086,0.0
wine_quality,mlp,input_gradients,1076,1,0.584689736366272,1.0,0.3249215094888957,0.006813343929730731,-0.03700344455549364,-0.03612781394012681,0.0
wine_quality,mlp,input_gradients,1495,0,0.571234405040741,0.5213909041402803,1.0,0.013919057408587456,-0.0762586275187628,-0.5867889754326163,0.0
wine_quality,mlp,input_gradients,1127,0,0.11693675071001053,0.9721896516626171,0.9132982287017158,-0.20670656900914527,-0.8063760494196076,1.0,0.0
wine_quality,mlp,input_gradients,1244,0,2.2903639873561588e-08,0.27994453916411105,-0.00832284573598241,-1.0,-0.007009302524864462,-0.13803488443067466,0.0
wine_quality,mlp,input_gradients,1164,0,0.13251321017742157,0.027204333927708574,0.2538537589520344,0.061919018069764444,-1.0,0.19915123013409372,0.0
wine_quality,mlp,input_gradients,451,0,0.012205582112073898,-0.014649131082379469,-1.0,-0.10275208528478265,-0.06969981787999124,0.0,0.0
wine_quality,mlp,input_gradients,379,0,0.3291354477405548,0.08358000301160282,1.0,-0.06415607029475769,-0.030013658832122883,-0.5787396505580927,0.0
wine_quality,mlp,input_gradients,1186,0,0.198076993227005,0.07734903731530683,0.040799196357224655,0.005328851781636598,-1.0,0.49712891761371375,0.0
