dataId,model,variant,fidelity,intercept,C,nnz,k,coef_a0,coef_a1,coef_a2,coef_a3,coef_a4,coef_a5
wine_quality,mlp,dense,0.95,-0.2183569955420551,1.0,6,,4.980758791659511,3.3422823840636178,-1.9376089228175555,-3.9752160451492022,-2.6390885071793524,-1.3911837860460532
