dataId,model,variant,fidelity,intercept,C,nnz,k,coef_a0,coef_a1,coef_a2,coef_a3,coef_a4,coef_a5
wine_quality,xgboost,dense,0.8625,-0.5201602026924167,1.0,6,,4.161073180932867,2.415381222652853,-1.5015259249433626,-3.4325778787812005,-1.6157636151839072,-1.1447868841116091
