forward_accuracy,participantId,trialId,block,trialWithinBlock,withinCondition,xai_type,dataId,instanceId,CV_user_task_levels,CV_num_attributes_shown_levels,phase,phaseTrialId,ai_prediction,tested_w_xai,step,cognitive_model_strategy,feature_values,explanation,response,agent_prediction,pred_time,cognitive_correct_vs_ai,feedback_time
0,1,1,1,1,single_condition,none,wine_quality,898,forward_simulation,5,training,1,1,,infer_no_explanation,SensitiveFeatures,"[1.0, 0.6521739363670349, 0.31651830673217773, 0.07017543911933899, 0.4901960790157318]",,"{0: 0.5, 1: 0.5}",0,0.1,False,5.0
0,1,2,1,2,single_condition,none,wine_quality,483,forward_simulation,5,training,2,0,,infer_no_explanation,SensitiveFeatures,"[0.06060606241226196, 1.2826087474822998, 0.06923837959766388, 0.15789473056793213, -0.03921568766236305]",,{1: 1.0},1,0.09999999999999964,False,5.0
1,1,3,1,3,single_condition,none,wine_quality,368,forward_simulation,5,training,3,0,,infer_no_explanation,SensitiveFeatures,"[0.06060606241226196, 0.3695652186870575, 0.6330366134643555, 0.12280701845884323, 0.23529411852359772]",,"{1: 0.4179009658480694, 0: 0.5820990341519306}",0,0.09999999999999964,True,5.0
0,1,4,1,4,single_condition,none,wine_quality,663,forward_simulation,5,training,4,1,,infer_no_explanation,SensitiveFeatures,"[0.3030303120613098, 0.695652186870575, 0.01978239417076111, 0.017543859779834747, -0.03921568766236305]",,"{1: 0.23592782068197035, 0: 0.7640721793180296}",0,0.09999999999999964,False,5.0
0,1,5,1,5,single_condition,none,wine_quality,807,forward_simulation,5,training,5,1,,infer_no_explanation,SensitiveFeatures,"[1.0909091234207153, 0.5, -0.009891197085380554, 0.017543859779834747, 0.529411792755127]",,"{0: 0.5257011070033659, 1: 0.474298892996634}",0,0.10000000000000142,False,5.0
1,1,6,1,6,single_condition,none,wine_quality,1098,forward_simulation,5,training,6,1,,infer_no_explanation,SensitiveFeatures,"[1.0, 0.739130437374115, 0.04945598542690277, 0.07017543911933899, 0.1764705926179886]",,"{0: 0.20398251481145105, 1: 0.7960174851885489}",1,0.10000000000000142,True,5.0
1,1,7,1,7,single_condition,none,wine_quality,1093,forward_simulation,5,training,7,1,,infer_no_explanation,SensitiveFeatures,"[0.8484848737716675, 0.8478260636329651, 0.19782394170761108, 0.07017543911933899, 0.529411792755127]",,{1: 1.0},1,0.10000000000000142,True,5.0
0,1,8,1,8,single_condition,none,wine_quality,773,forward_simulation,5,training,8,0,,infer_no_explanation,SensitiveFeatures,"[0.09090909361839294, 0.97826087474823, 0.3264094889163971, 0.22807016968727112, 0.47058823704719543]",,{1: 1.0},1,0.10000000000000142,False,5.0
0,1,9,1,9,single_condition,none,wine_quality,610,forward_simulation,5,training,9,0,,infer_no_explanation,SensitiveFeatures,"[0.0, 0.15217390656471252, 0.4549950659275055, -0.05263157933950424, 0.6470588445663452]",,"{1: 0.5258673279278611, 0: 0.4741326720721389}",1,0.10000000000000142,False,5.0
1,1,10,1,10,single_condition,none,wine_quality,1050,forward_simulation,5,training,10,0,,infer_no_explanation,SensitiveFeatures,"[0.3636363744735718, 0.3695652186870575, 0.39564788341522217, 0.28070175647735596, 0.843137264251709]",,"{1: 0.2394840393039717, 0: 0.7605159606960283}",0,0.10000000000000142,True,5.0
0,1,11,1,1,single_condition,none,wine_quality,491,forward_simulation,5,testing,1,1,True,infer_no_explanation,SensitiveFeatures,"[1.2424242496490479, 0.695652186870575, 0.13847675919532776, 0.24561403691768646, 0.5490196347236633]",,{0: 1.0},0,0.10000000000000142,False,
1,1,12,1,2,single_condition,none,wine_quality,578,forward_simulation,5,testing,2,0,False,infer_no_explanation,SensitiveFeatures,"[0.1818181872367859, 0.28260868787765503, 0.9792284965515137, 0.35087719559669495, 0.45098039507865906]",,{0: 1.0},0,0.10000000000000142,True,
1,1,13,1,3,single_condition,none,wine_quality,646,forward_simulation,5,testing,3,0,True,infer_no_explanation,SensitiveFeatures,"[0.27272728085517883, 0.3478260934352875, 0.08902077376842499, 0.7017543911933899, 0.6666666865348816]",,{0: 1.0},0,0.10000000000000142,True,
0,1,14,1,4,single_condition,none,wine_quality,377,forward_simulation,5,testing,4,1,False,infer_no_explanation,SensitiveFeatures,"[0.8484848737716675, 1.43478262424469, 0.06923837959766388, 0.0, 0.27450981736183167]",,{0: 1.0},0,0.09999999999999432,False,
0,1,15,1,5,single_condition,none,wine_quality,505,forward_simulation,5,testing,5,1,False,infer_no_explanation,SensitiveFeatures,"[1.0, 0.6739130616188049, 0.1483679562807083, 0.38596490025520325, 0.19607843458652496]",,{0: 1.0},0,0.09999999999999432,False,
0,1,16,1,6,single_condition,none,wine_quality,1590,forward_simulation,5,testing,6,1,True,infer_no_explanation,SensitiveFeatures,"[0.7272727489471436, 0.760869562625885, 0.2373887300491333, 0.4912280738353729, 0.5098039507865906]",,{0: 1.0},0,0.09999999999999432,False,
1,1,17,1,7,single_condition,none,wine_quality,532,forward_simulation,5,testing,7,0,True,infer_no_explanation,SensitiveFeatures,"[0.3333333432674408, 0.30434781312942505, 0.306627094745636, 0.19298245012760162, 0.19607843458652496]",,{0: 1.0},0,0.09999999999999432,True,
0,1,18,1,8,single_condition,none,wine_quality,964,forward_simulation,5,testing,8,1,True,infer_no_explanation,SensitiveFeatures,"[0.5757575631141663, 0.8260869383811951, 0.26706230640411377, 0.35087719559669495, 0.19607843458652496]",,{0: 1.0},0,0.09999999999999432,False,
1,1,19,1,9,single_condition,none,wine_quality,1127,forward_simulation,5,testing,9,0,False,infer_no_explanation,SensitiveFeatures,"[0.6969696879386902, 0.28260868787765503, 0.40553906559944153, 0.859649121761322, 0.8823529481887817]",,{0: 1.0},0,0.09999999999999432,True,
0,1,20,1,10,single_condition,none,wine_quality,1070,forward_simulation,5,testing,10,1,True,infer_no_explanation,SensitiveFeatures,"[0.5757575631141663, 0.9130434989929199, 0.2571711242198944, 0.10526315867900848, 0.23529411852359772]",,{0: 1.0},0,0.09999999999999432,False,
1,1,21,1,11,single_condition,none,wine_quality,1437,forward_simulation,5,testing,11,0,True,infer_no_explanation,SensitiveFeatures,"[0.5757575631141663, 0.15217390656471252, 0.2769535183906555, 1.1315789222717285, 0.9215686321258545]",,{0: 1.0},0,0.09999999999999432,True,
1,1,22,1,12,single_condition,none,wine_quality,1552,forward_simulation,5,testing,12,0,True,infer_no_explanation,SensitiveFeatures,"[0.6363636255264282, 0.41304346919059753, 0.42532145977020264, 0.719298243522644, 0.8823529481887817]",,{0: 1.0},0,0.09999999999999432,True,
1,1,23,1,13,single_condition,none,wine_quality,1130,forward_simulation,5,testing,13,0,False,infer_no_explanation,SensitiveFeatures,"[0.3636363744735718, 0.3478260934352875, -0.009891197085380554, 0.5789473652839661, 0.23529411852359772]",,{0: 1.0},0,0.09999999999999432,True,
1,1,24,1,14,single_condition,none,wine_quality,930,forward_simulation,5,testing,14,0,True,infer_no_explanation,SensitiveFeatures,"[0.39393940567970276, 0.5652173757553101, 0.13847675919532776, 0.5964912176132202, 1.2352941036224365]",,{0: 1.0},0,0.09999999999999432,True,
0,1,25,1,15,single_condition,none,wine_quality,1018,forward_simulation,5,testing,15,1,False,infer_no_explanation,SensitiveFeatures,"[1.0606060028076172, -0.06521739065647125, 0.9693372845649719, -0.15789473056793213, -0.3333333432674408]",,{0: 1.0},0,0.09999999999999432,False,
1,1,26,1,16,single_condition,none,wine_quality,1292,forward_simulation,5,testing,16,0,True,infer_no_explanation,SensitiveFeatures,"[0.9696969985961914, 0.43478259444236755, 0.16815035045146942, 0.21929824352264404, 1.0980392694473267]",,{0: 1.0},0,0.09999999999999432,True,
0,1,27,1,17,single_condition,none,wine_quality,1016,forward_simulation,5,testing,17,1,False,infer_no_explanation,SensitiveFeatures,"[1.0303030014038086, 0.6086956262588501, 0.16815035045146942, 0.19298245012760162, 0.4117647111415863]",,{0: 1.0},0,0.09999999999999432,False,
0,1,28,1,18,single_condition,none,wine_quality,1107,forward_simulation,5,testing,18,1,False,infer_no_explanation,SensitiveFeatures,"[0.7575757503509521, 0.8260869383811951, 0.1285855621099472, 0.05263157933950424, 0.4117647111415863]",,{0: 1.0},0,0.09999999999999432,False,
1,1,29,1,19,single_condition,none,wine_quality,1170,forward_simulation,5,testing,19,0,False,infer_no_explanation,SensitiveFeatures,"[0.39393940567970276, 0.43478259444236755, 0.009891197085380554, 0.15789473056793213, 0.27450981736183167]",,{0: 1.0},0,0.09999999999999432,True,
0,1,30,1,20,single_condition,none,wine_quality,875,forward_simulation,5,testing,20,1,False,infer_no_explanation,SensitiveFeatures,"[0.7878788113594055, 0.695652186870575, 0.04945598542690277, 0.07017543911933899, 0.4901960790157318]",,{0: 1.0},0,0.09999999999999432,False,
0,2,1,1,1,single_condition,importance,wine_quality,837,forward_simulation,5,training,1,1,,infer_no_explanation,ImportanceCategorization,"[0.7575757503509521, -0.17391304671764374, 0.8803164958953857, 0.017543859779834747, 0.3921568691730499]",,"{0: 0.5, 1: 0.5}",0,5.0,False,
0,2,1,1,1,single_condition,importance,wine_quality,837,forward_simulation,5,training,1,1,,infer_with_explanation,ImportanceCategorization,"[0.7575757503509521, -0.17391304671764374, 0.8803164958953857, 0.017543859779834747, 0.3921568691730499]","[1.0, 0.2847238875642639, 0.24328139525608836, 0.40429875578181795, 0.05944366445560451]","{0: 0.5, 1: 0.5}",0,5.0,False,5.0
1,2,2,1,2,single_condition,importance,wine_quality,802,forward_simulation,5,training,2,1,,infer_no_explanation,ImportanceCategorization,"[1.121212124824524, 1.02173912525177, 0.7418397665023804, 0.5526315569877625, 0.9803921580314636]",,{1: 1.0},1,5.0,True,
1,2,2,1,2,single_condition,importance,wine_quality,802,forward_simulation,5,training,2,1,,infer_with_explanation,ImportanceCategorization,"[1.121212124824524, 1.02173912525177, 0.7418397665023804, 0.5526315569877625, 0.9803921580314636]","[1.0, 0.24281621775097145, 0.31639889238565533, 0.03988978671769417, 0.026678348403022516]",{1: 1.0},1,5.0,True,5.0
1,2,3,1,3,single_condition,importance,wine_quality,1066,forward_simulation,5,training,3,1,,infer_no_explanation,ImportanceCategorization,"[1.0, 0.54347825050354, 0.1483679562807083, 0.4385964870452881, 0.6666666865348816]",,{1: 1.0},1,5.0,True,
1,2,3,1,3,single_condition,importance,wine_quality,1066,forward_simulation,5,training,3,1,,infer_with_explanation,ImportanceCategorization,"[1.0, 0.54347825050354, 0.1483679562807083, 0.4385964870452881, 0.6666666865348816]","[1.0, 0.10015488329344474, 0.10535844994001922, 0.12300934659846512, 0.05497492349709145]",{1: 1.0},1,5.0,True,5.0
0,2,4,1,4,single_condition,importance,wine_quality,399,forward_simulation,5,training,4,0,,infer_no_explanation,ImportanceCategorization,"[0.06060606241226196, 0.17391304671764374, 0.306627094745636, 0.8684210777282715, 0.0784313753247261]",,{1: 1.0},1,5.0,False,
0,2,4,1,4,single_condition,importance,wine_quality,399,forward_simulation,5,training,4,0,,infer_with_explanation,ImportanceCategorization,"[0.06060606241226196, 0.17391304671764374, 0.306627094745636, 0.8684210777282715, 0.0784313753247261]","[1.0, 0.45207425829619957, 0.08590471785368586, 0.5658396816202336, 0.35586536246987904]",{1: 1.0},1,5.0,False,5.0
0,2,5,1,5,single_condition,importance,wine_quality,874,forward_simulation,5,training,5,1,,infer_no_explanation,ImportanceCategorization,"[0.7878788113594055, 0.3913043439388275, -0.009891197085380554, 0.19298245012760162, 0.11764705926179886]",,"{0: 0.5, 1: 0.5}",0,5.0,False,
0,2,5,1,5,single_condition,importance,wine_quality,874,forward_simulation,5,training,5,1,,infer_with_explanation,ImportanceCategorization,"[0.7878788113594055, 0.3913043439388275, -0.009891197085380554, 0.19298245012760162, 0.11764705926179886]","[1.0, 0.17684229126013928, 0.2722709095772389, 0.37083027649498596, 0.13012681281542862]",{0: 1.0},0,5.0,False,5.0
1,2,6,1,6,single_condition,importance,wine_quality,1575,forward_simulation,5,training,6,0,,infer_no_explanation,ImportanceCategorization,"[0.7878788113594055, 0.3695652186870575, 0.08902077376842499, 0.4385964870452881, 0.3921568691730499]",,"{0: 0.5, 1: 0.5}",0,5.0,True,
0,2,6,1,6,single_condition,importance,wine_quality,1575,forward_simulation,5,training,6,0,,infer_with_explanation,ImportanceCategorization,"[0.7878788113594055, 0.3695652186870575, 0.08902077376842499, 0.4385964870452881, 0.3921568691730499]","[1.0, 0.0934257031990257, 0.1743237897812421, 0.08420742540954647, 0.0707406358451961]",{1: 1.0},1,5.0,False,5.0
0,2,7,1,7,single_condition,importance,wine_quality,1098,forward_simulation,5,training,7,1,,infer_no_explanation,ImportanceCategorization,"[1.0, 0.739130437374115, 0.04945598542690277, 0.07017543911933899, 0.1764705926179886]",,"{0: 0.5, 1: 0.5}",0,5.0,False,
0,2,7,1,7,single_condition,importance,wine_quality,1098,forward_simulation,5,training,7,1,,infer_with_explanation,ImportanceCategorization,"[1.0, 0.739130437374115, 0.04945598542690277, 0.07017543911933899, 0.1764705926179886]","[1.0, 0.4635004032814305, 0.28092277583528946, 0.26648823906128427, 0.05290113463275308]",{0: 1.0},0,5.0,False,5.0
1,2,8,1,8,single_condition,importance,wine_quality,275,forward_simulation,5,training,8,0,,infer_no_explanation,ImportanceCategorization,"[0.4545454680919647, 0.43478259444236755, 0.4945598542690277, 0.48245614767074585, 0.5882353186607361]",,"{0: 0.5, 1: 0.5}",0,5.0,True,
0,2,8,1,8,single_condition,importance,wine_quality,275,forward_simulation,5,training,8,0,,infer_with_explanation,ImportanceCategorization,"[0.4545454680919647, 0.43478259444236755, 0.4945598542690277, 0.48245614767074585, 0.5882353186607361]","[0.06776295897990654, 1.0, 0.8773733263149041, 0.8785030342774366, 0.1598117090068564]",{1: 1.0},1,5.0,False,5.0
1,2,9,1,9,single_condition,importance,wine_quality,1313,forward_simulation,5,training,9,0,,infer_no_explanation,ImportanceCategorization,"[0.27272728085517883, 0.15217390656471252, 0.5341246128082275, 0.15789473056793213, 0.6666666865348816]",,"{0: 0.5, 1: 0.5}",0,5.0,True,
1,2,9,1,9,single_condition,importance,wine_quality,1313,forward_simulation,5,training,9,0,,infer_with_explanation,ImportanceCategorization,"[0.27272728085517883, 0.15217390656471252, 0.5341246128082275, 0.15789473056793213, 0.6666666865348816]","[0.9967809428304043, 0.882754265089942, 0.5931557696237312, 1.0, 0.18920999409786224]",{0: 1.0},0,5.0,True,5.0
1,2,10,1,10,single_condition,importance,wine_quality,1534,forward_simulation,5,training,10,0,,infer_no_explanation,ImportanceCategorization,"[0.7575757503509521, 0.32608696818351746, 0.17804154753684998, 0.5087719559669495, 0.7058823704719543]",,"{0: 0.5, 1: 0.5}",0,5.0,True,
1,2,10,1,10,single_condition,importance,wine_quality,1534,forward_simulation,5,training,10,0,,infer_with_explanation,ImportanceCategorization,"[0.7575757503509521, 0.32608696818351746, 0.17804154753684998, 0.5087719559669495, 0.7058823704719543]","[1.0, 0.16075125979589827, 0.087097188628096, 0.02647314571410475, 0.016278989198391238]",{0: 1.0},0,5.0,True,5.0
0,2,11,1,1,single_condition,importance,wine_quality,960,forward_simulation,5,testing,1,1,True,infer_with_explanation,ImportanceCategorization,"[0.5757575631141663, 0.8260869383811951, 0.26706230640411377, 0.35087719559669495, 0.19607843458652496]","[0.26353824269044746, 1.0, 0.24525828518225393, 0.40897180066013994, 0.6546511501678413]",{0: 1.0},0,5.0,False,
0,2,12,1,2,single_condition,importance,wine_quality,1070,forward_simulation,5,testing,2,1,True,infer_with_explanation,ImportanceCategorization,"[0.5757575631141663, 0.9130434989929199, 0.2571711242198944, 0.10526315867900848, 0.23529411852359772]","[0.1343560327963524, 1.0, 0.32531204935980496, 0.8319870153428203, 0.286117911723218]",{0: 1.0},0,5.0,False,
0,2,13,1,3,single_condition,importance,wine_quality,1405,forward_simulation,5,testing,3,1,False,infer_no_explanation,ImportanceCategorization,"[0.6363636255264282, 0.9347826242446899, 0.22749753296375275, 0.017543859779834747, 0.4313725531101227]",,"{0: 0.5, 1: 0.5}",0,5.0,False,
1,2,14,1,4,single_condition,importance,wine_quality,1021,forward_simulation,5,testing,4,0,True,infer_with_explanation,ImportanceCategorization,"[0.8181818127632141, 0.1304347813129425, -0.029673591256141663, 0.15789473056793213, 0.27450981736183167]","[1.0, 0.3314633949692461, 0.21428986811364278, 0.39511158318334455, 0.11088971973105932]",{0: 1.0},0,5.0,True,
1,2,15,1,5,single_condition,importance,wine_quality,311,forward_simulation,5,testing,5,0,True,infer_with_explanation,ImportanceCategorization,"[0.06060606241226196, 0.15217390656471252, 0.9297724962234497, 0.45614033937454224, 0.4117647111415863]","[1.0, 0.48599494033393514, 0.39969062454921855, 0.18959090639241283, 0.013831516756667354]",{0: 1.0},0,5.0,True,
0,2,16,1,6,single_condition,importance,wine_quality,1132,forward_simulation,5,testing,6,1,False,infer_no_explanation,ImportanceCategorization,"[1.3333333730697632, 0.8913043737411499, 0.26706230640411377, 0.15789473056793213, 0.6274510025978088]",,"{0: 0.5, 1: 0.5}",0,5.0,False,
1,2,17,1,7,single_condition,importance,wine_quality,539,forward_simulation,5,testing,7,0,True,infer_with_explanation,ImportanceCategorization,"[0.6060606241226196, 0.32608696818351746, 0.059347182512283325, 0.4035087823867798, 0.3137255012989044]","[1.0, 0.1648628486648177, 0.19664457329973678, 0.03146919426112405, 0.026802381827137355]",{0: 1.0},0,5.0,True,
1,2,18,1,8,single_condition,importance,wine_quality,1260,forward_simulation,5,testing,8,0,False,infer_no_explanation,ImportanceCategorization,"[0.03030303120613098, 1.47826087474823, 0.44510385394096375, 0.640350878238678, -0.0784313753247261]",,"{0: 0.5, 1: 0.5}",0,5.0,True,
0,2,19,1,9,single_condition,importance,wine_quality,1267,forward_simulation,5,testing,9,1,True,infer_with_explanation,ImportanceCategorization,"[0.6666666865348816, 0.8695651888847351, 0.07912957668304443, 0.28070175647735596, 0.0784313753247261]","[1.0, 0.2539777882264693, 0.24228358113530551, 0.1712582232430703, 0.09259366535896288]",{0: 1.0},0,5.0,False,
1,2,20,1,10,single_condition,importance,wine_quality,1060,forward_simulation,5,testing,10,0,False,infer_no_explanation,ImportanceCategorization,"[0.21212121844291687, 0.5, -0.029673591256141663, -0.07017543911933899, 0.1568627506494522]",,"{0: 0.5, 1: 0.5}",0,5.0,True,
1,2,21,1,11,single_condition,importance,wine_quality,588,forward_simulation,5,testing,11,0,True,infer_with_explanation,ImportanceCategorization,"[1.454545497894287, 0.5869565010070801, 0.3857566714286804, 0.2631579041481018, 1.2941176891326904]","[1.0, 0.390870498374628, 0.13001449370193086, 0.12487060027359329, 0.018855521962369542]",{0: 1.0},0,5.0,True,
0,2,22,1,12,single_condition,importance,wine_quality,964,forward_simulation,5,testing,12,1,True,infer_with_explanation,ImportanceCategorization,"[0.5757575631141663, 0.8260869383811951, 0.26706230640411377, 0.35087719559669495, 0.19607843458652496]","[0.21095815369114626, 1.0, 0.28304807143859134, 0.25627223605793686, 0.09577096772995125]",{0: 1.0},0,5.0,False,
0,2,23,1,13,single_condition,importance,wine_quality,875,forward_simulation,5,testing,13,1,False,infer_no_explanation,ImportanceCategorization,"[0.7878788113594055, 0.695652186870575, 0.04945598542690277, 0.07017543911933899, 0.4901960790157318]",,"{0: 0.5, 1: 0.5}",0,5.0,False,
1,2,24,1,14,single_condition,importance,wine_quality,1127,forward_simulation,5,testing,14,0,False,infer_no_explanation,ImportanceCategorization,"[0.6969696879386902, 0.28260868787765503, 0.40553906559944153, 0.859649121761322, 0.8823529481887817]",,"{0: 0.5, 1: 0.5}",0,5.0,True,
1,2,25,1,15,single_condition,importance,wine_quality,13,forward_simulation,5,testing,15,0,False,infer_no_explanation,ImportanceCategorization,"[-0.03030303120613098, 2.36956524848938, 0.17804154753684998, 0.5964912176132202, 0.3921568691730499]",,"{0: 0.5, 1: 0.5}",0,5.0,True,
0,2,26,1,16,single_condition,importance,wine_quality,1061,forward_simulation,5,testing,16,1,True,infer_with_explanation,ImportanceCategorization,"[1.0, 0.47826087474823, 0.04945598542690277, 0.22807016968727112, 0.29411765933036804]","[1.0, 0.19691800342236424, 0.33241556823685176, 0.0768611619896169, 0.1534308017131811]","{0: 0.5, 1: 0.5}",0,5.0,False,
0,2,27,1,17,single_condition,importance,wine_quality,513,forward_simulation,5,testing,17,1,False,infer_no_explanation,ImportanceCategorization,"[0.7878788113594055, 0.41304346919059753, 0.03956478834152222, 0.42105263471603394, 0.05882352963089943]",,"{0: 0.5, 1: 0.5}",0,5.0,False,
1,2,28,1,18,single_condition,importance,wine_quality,214,forward_simulation,5,testing,18,0,True,infer_with_explanation,ImportanceCategorization,"[0.1818181872367859, 0.52173912525177, 0.2967359125614166, 0.8157894611358643, 0.3529411852359772]","[1.0, 0.37481439824031376, 0.09150411064250791, 0.9820479456933039, 0.03694389937950125]","{0: 0.5, 1: 0.5}",0,5.0,True,
0,2,29,1,19,single_condition,importance,wine_quality,1120,forward_simulation,5,testing,19,1,False,infer_no_explanation,ImportanceCategorization,"[1.1818181276321411, 0.54347825050354, 0.059347182512283325, 0.4736842215061188, 0.27450981736183167]",,"{0: 0.5, 1: 0.5}",0,5.0,False,
1,2,30,1,20,single_condition,importance,wine_quality,1482,forward_simulation,5,testing,20,0,False,infer_no_explanation,ImportanceCategorization,"[0.3333333432674408, 0.21739129722118378, -0.01978239417076111, 0.5438596606254578, 0.529411792755127]",,"{0: 0.5, 1: 0.5}",0,5.0,True,
1,3,1,1,1,single_condition,attribution,wine_quality,235,forward_simulation,5,training,1,0,,infer_no_explanation,AttributionSum,"[-0.06060606241226196, 0.239130437374115, 0.26706230640411377, 0.6315789222717285, 0.6078431606292725]",,"{0: 0.5, 1: 0.5}",0,5.0,True,
1,3,1,1,1,single_condition,attribution,wine_quality,235,forward_simulation,5,training,1,0,,infer_with_explanation,AttributionSum,"[-0.06060606241226196, 0.239130437374115, 0.26706230640411377, 0.6315789222717285, 0.6078431606292725]","[-1.0, -0.10246195969153087, -0.07605242896164534, -0.05465258989820644, -0.1416461697792939]","{0: 0.7579817495377743, 1: 0.2420182504622257}",0,5.0,True,5.0
0,3,2,1,2,single_condition,attribution,wine_quality,1090,forward_simulation,5,training,2,1,,infer_no_explanation,AttributionSum,"[0.7878788113594055, 0.3478260934352875, 0.6231454014778137, -0.017543859779834747, -0.1568627506494522]",,"{0: 0.7579817495377743, 1: 0.2420182504622257}",0,5.0,False,
1,3,2,1,2,single_condition,attribution,wine_quality,1090,forward_simulation,5,training,2,1,,infer_with_explanation,AttributionSum,"[0.7878788113594055, 0.3478260934352875, 0.6231454014778137, -0.017543859779834747, -0.1568627506494522]","[1.0, 0.16239842784109407, -0.21779057045438263, 0.33447044333829284, 0.16257037934449073]","{0: 0.208420862888976, 1: 0.791579137111024}",1,5.0,True,5.0
1,3,3,1,3,single_condition,attribution,wine_quality,2,forward_simulation,5,training,3,0,,infer_no_explanation,AttributionSum,"[0.1818181872367859, 0.3913043439388275, 0.42532145977020264, 0.859649121761322, 0.3921568691730499]",,"{0: 0.6878771791241289, 1: 0.312122820875871}",0,5.0,True,
1,3,3,1,3,single_condition,attribution,wine_quality,2,forward_simulation,5,training,3,0,,infer_with_explanation,AttributionSum,"[0.1818181872367859, 0.3913043439388275, 0.42532145977020264, 0.859649121761322, 0.3921568691730499]","[-1.0, 0.29073351224657334, -0.03873357052557135, -0.8241938556199656, -0.01805681631079073]","{0: 0.8610685958962971, 1: 0.1389314041037028}",0,5.0,True,5.0
1,3,4,1,4,single_condition,attribution,wine_quality,358,forward_simulation,5,training,4,0,,infer_no_explanation,AttributionSum,"[0.3636363744735718, 0.8260869383811951, 0.11869436502456665, 0.28070175647735596, 0.1764705926179886]",,"{0: 0.6621564474666202, 1: 0.3378435525333799}",0,5.0,True,
0,3,4,1,4,single_condition,attribution,wine_quality,358,forward_simulation,5,training,4,0,,infer_with_explanation,AttributionSum,"[0.3636363744735718, 0.8260869383811951, 0.11869436502456665, 0.28070175647735596, 0.1764705926179886]","[0.08449644778613695, 1.0, 0.2611010875986475, 0.09168970134239665, 0.019920621307076617]","{0: 0.22078440435775715, 1: 0.7792155956422429}",1,5.0,False,5.0
0,3,5,1,5,single_condition,attribution,wine_quality,1008,forward_simulation,5,training,5,1,,infer_no_explanation,AttributionSum,"[0.8484848737716675, 0.5, 0.1285855621099472, 0.14035087823867798, 0.3333333432674408]",,"{0: 0.6371678446843124, 1: 0.3628321553156876}",0,5.0,False,
1,3,5,1,5,single_condition,attribution,wine_quality,1008,forward_simulation,5,training,5,1,,infer_with_explanation,AttributionSum,"[0.8484848737716675, 0.5, 0.1285855621099472, 0.14035087823867798, 0.3333333432674408]","[1.0, 0.1559548476768825, 0.03322326910066671, 0.3134432902473556, -0.05766026563589879]","{0: 0.2119112274921653, 1: 0.7880887725078347}",1,5.0,True,5.0
1,3,6,1,6,single_condition,attribution,wine_quality,996,forward_simulation,5,training,6,1,,infer_no_explanation,AttributionSum,"[1.0909091234207153, 0.3478260934352875, 0.0, 0.6842105388641357, 1.2745097875595093]",,"{0: 0.07079477813190749, 1: 0.9292052218680925}",1,5.0,True,
1,3,6,1,6,single_condition,attribution,wine_quality,996,forward_simulation,5,training,6,1,,infer_with_explanation,AttributionSum,"[1.0909091234207153, 0.3478260934352875, 0.0, 0.6842105388641357, 1.2745097875595093]","[1.0, 0.0469639839960061, 0.2210170902631046, -0.3941851035933158, -0.060357803520603555]","{0: 0.3530144666857802, 1: 0.6469855333142198}",1,5.0,True,5.0
1,3,7,1,7,single_condition,attribution,wine_quality,802,forward_simulation,5,training,7,1,,infer_no_explanation,AttributionSum,"[1.121212124824524, 1.02173912525177, 0.7418397665023804, 0.5526315569877625, 0.9803921580314636]",,"{0: 0.35182511423596274, 1: 0.6481748857640373}",1,5.0,True,
1,3,7,1,7,single_condition,attribution,wine_quality,802,forward_simulation,5,training,7,1,,infer_with_explanation,AttributionSum,"[1.121212124824524, 1.02173912525177, 0.7418397665023804, 0.5526315569877625, 0.9803921580314636]","[1.0, 0.24281621775097145, -0.31639889238565533, -0.03988978671769417, -0.026678348403022516]","{0: 0.3354580471874079, 1: 0.6645419528125921}",1,5.0,True,5.0
1,3,8,1,8,single_condition,attribution,wine_quality,938,forward_simulation,5,training,8,1,,infer_no_explanation,AttributionSum,"[1.121212124824524, 0.54347825050354, 0.306627094745636, 0.19298245012760162, 0.5490196347236633]",,"{0: 0.4281468449607698, 1: 0.5718531550392302}",1,5.0,True,
1,3,8,1,8,single_condition,attribution,wine_quality,938,forward_simulation,5,training,8,1,,infer_with_explanation,AttributionSum,"[1.121212124824524, 0.54347825050354, 0.306627094745636, 0.19298245012760162, 0.5490196347236633]","[1.0, 0.1029997213918481, -0.21166519314346116, 0.36129870989353013, -0.07611438072374117]","{0: 0.20402930897208904, 1: 0.795970691027911}",1,5.0,True,5.0
0,3,9,1,9,single_condition,attribution,wine_quality,1049,forward_simulation,5,training,9,0,,infer_no_explanation,AttributionSum,"[0.4848484992980957, 0.6521739363670349, 0.059347182512283325, 0.4035087823867798, 0.4117647111415863]",,"{0: 0.26020567786482085, 1: 0.7397943221351791}",1,5.0,False,
0,3,9,1,9,single_condition,attribution,wine_quality,1049,forward_simulation,5,training,9,0,,infer_with_explanation,AttributionSum,"[0.4848484992980957, 0.6521739363670349, 0.059347182512283325, 0.4035087823867798, 0.4117647111415863]","[-0.06385422802112431, 1.0, 0.17893408031467062, 0.20307573098939183, 0.21150393276904494]","{0: 0.22943505555832078, 1: 0.7705649444416792}",1,5.0,False,5.0
0,3,10,1,10,single_condition,attribution,wine_quality,26,forward_simulation,5,training,10,0,,infer_no_explanation,AttributionSum,"[0.09090909361839294, 0.260869562625885, 0.0, 0.24561403691768646, 0.4313725531101227]",,"{0: 0.07090944017213141, 1: 0.9290905598278686}",1,5.0,False,
1,3,10,1,10,single_condition,attribution,wine_quality,26,forward_simulation,5,training,10,0,,infer_with_explanation,AttributionSum,"[0.09090909361839294, 0.260869562625885, 0.0, 0.24561403691768646, 0.4313725531101227]","[-1.0, -0.3331777388600479, 0.4572956299247316, 0.15282479311745514, -0.09370759443626127]","{0: 0.6324412985804602, 1: 0.3675587014195398}",0,5.0,True,5.0
1,3,11,1,1,single_condition,attribution,wine_quality,1107,forward_simulation,5,testing,1,1,False,infer_no_explanation,AttributionSum,"[0.7575757503509521, 0.8260869383811951, 0.1285855621099472, 0.05263157933950424, 0.4117647111415863]",,"{0: 0.3387656908835762, 1: 0.6612343091164238}",1,5.0,True,
1,3,12,1,2,single_condition,attribution,wine_quality,875,forward_simulation,5,testing,2,1,False,infer_no_explanation,AttributionSum,"[0.7878788113594055, 0.695652186870575, 0.04945598542690277, 0.07017543911933899, 0.4901960790157318]",,"{0: 0.07891047831865117, 1: 0.9210895216813488}",1,5.0,True,
1,3,13,1,3,single_condition,attribution,wine_quality,1070,forward_simulation,5,testing,3,1,False,infer_no_explanation,AttributionSum,"[0.5757575631141663, 0.9130434989929199, 0.2571711242198944, 0.10526315867900848, 0.23529411852359772]",,"{0: 0.11920580432872652, 1: 0.8807941956712735}",1,5.0,True,
1,3,14,1,4,single_condition,attribution,wine_quality,1016,forward_simulation,5,testing,4,1,True,infer_with_explanation,AttributionSum,"[1.0303030014038086, 0.6086956262588501, 0.16815035045146942, 0.19298245012760162, 0.4117647111415863]","[1.0, 0.39117423090515635, 0.18336401895193782, 0.3566017245112949, -0.008799463399233681]","{0: 0.19922036373851926, 1: 0.8007796362614807}",1,5.0,True,
1,3,15,1,5,single_condition,attribution,wine_quality,882,forward_simulation,5,testing,5,1,False,infer_no_explanation,AttributionSum,"[0.8484848737716675, 0.6739130616188049, 0.1483679562807083, 0.07017543911933899, 0.3137255012989044]",,"{0: 0.19528991245427285, 1: 0.8047100875457271}",1,5.0,True,
0,3,16,1,6,single_condition,attribution,wine_quality,1136,forward_simulation,5,testing,6,0,False,infer_no_explanation,AttributionSum,"[0.6666666865348816, 0.6304348111152649, 0.01978239417076111, 0.4385964870452881, 0.3137255012989044]",,"{0: 0.1970296404882359, 1: 0.8029703595117641}",1,5.0,False,
1,3,17,1,7,single_condition,attribution,wine_quality,1120,forward_simulation,5,testing,7,1,True,infer_with_explanation,AttributionSum,"[1.1818181276321411, 0.54347825050354, 0.059347182512283325, 0.4736842215061188, 0.27450981736183167]","[1.0, 0.10944912635748491, 0.25177548573120073, -0.11297688610909166, 0.08236067877158768]","{0: 0.22239294507107066, 1: 0.7776070549289293}",1,5.0,True,
0,3,18,1,8,single_condition,attribution,wine_quality,1447,forward_simulation,5,testing,8,0,False,infer_no_explanation,AttributionSum,"[0.1515151560306549, 0.5869565010070801, 0.2769535183906555, 0.7017543911933899, 0.6666666865348816]",,"{0: 0.1602002180781461, 1: 0.8397997819218539}",1,5.0,False,
1,3,19,1,9,single_condition,attribution,wine_quality,505,forward_simulation,5,testing,9,1,True,infer_with_explanation,AttributionSum,"[1.0, 0.6739130616188049, 0.1483679562807083, 0.38596490025520325, 0.19607843458652496]","[1.0, 0.4056018493178818, 0.14176311250883092, 0.0919233625731073, 0.04493301555128342]","{0: 0.1969286870991096, 1: 0.8030713129008904}",1,5.0,True,
1,3,20,1,10,single_condition,attribution,wine_quality,491,forward_simulation,5,testing,10,1,True,infer_with_explanation,AttributionSum,"[1.2424242496490479, 0.695652186870575, 0.13847675919532776, 0.24561403691768646, 0.5490196347236633]","[1.0, 0.4925875454929678, 0.058903703237561784, 0.07840688704037788, -0.07372370522047784]","{0: 0.18353366860324416, 1: 0.8164663313967558}",1,5.0,True,
0,3,21,1,11,single_condition,attribution,wine_quality,1188,forward_simulation,5,testing,11,0,False,infer_no_explanation,AttributionSum,"[0.5151515007019043, 0.5, 1.068249225616455, 0.6491228342056274, 0.5882353186607361]",,"{0: 0.18939764661373004, 1: 0.81060235338627}",1,5.0,False,
0,3,22,1,12,single_condition,attribution,wine_quality,216,forward_simulation,5,testing,12,0,True,infer_with_explanation,AttributionSum,"[0.5454545617103577, 0.21739129722118378, 0.37586548924446106, 0.6228070259094238, 0.1568627506494522]","[-0.7174170411675146, -0.14905824961869826, -0.28792486756553165, -0.7552742131365727, 1.0]","{0: 0.43912208556467436, 1: 0.5608779144353256}",1,5.0,False,
0,3,23,1,13,single_condition,attribution,wine_quality,1529,forward_simulation,5,testing,13,0,False,infer_no_explanation,AttributionSum,"[0.3030303120613098, 0.28260868787765503, 0.40553906559944153, 0.7368420958518982, 0.7058823704719543]",,"{0: 0.03882085981958261, 1: 0.9611791401804174}",1,5.0,False,
0,3,24,1,14,single_condition,attribution,wine_quality,1125,forward_simulation,5,testing,14,0,False,infer_no_explanation,AttributionSum,"[0.6363636255264282, 0.260869562625885, 0.15825915336608887, -0.05263157933950424, 0.1568627506494522]",,"{0: 0.05978947262188361, 1: 0.9402105273781164}",1,5.0,False,
0,3,25,1,15,single_condition,attribution,wine_quality,448,forward_simulation,5,testing,15,0,False,infer_no_explanation,AttributionSum,"[0.3030303120613098, 0.19565217196941376, 0.15825915336608887, 0.45614033937454224, 0.27450981736183167]",,"{0: 0.11920292202211769, 1: 0.8807970779778823}",1,5.0,False,
1,3,26,1,16,single_condition,attribution,wine_quality,255,forward_simulation,5,testing,16,0,True,infer_with_explanation,AttributionSum,"[0.03030303120613098, 0.21739129722118378, 1.068249225616455, 0.5263158082962036, 0.3921568691730499]","[-1.0, -0.15673684918159497, -0.34659263344048763, -0.19518084601421412, -0.0769891576965489]","{0: 0.7935720071540875, 1: 0.20642799284591257}",0,5.0,True,
1,3,27,1,17,single_condition,attribution,wine_quality,810,forward_simulation,5,testing,17,0,True,infer_with_explanation,AttributionSum,"[0.39393940567970276, 0.0, 0.029673591256141663, 0.38596490025520325, 0.47058823704719543]","[-0.2510112416627896, -1.0, 0.5148469348974636, 0.21202469209622266, -0.22302958127630387]","{0: 0.6189639554910871, 1: 0.38103604450891293}",0,5.0,True,
1,3,28,1,18,single_condition,attribution,wine_quality,1061,forward_simulation,5,testing,18,1,True,infer_with_explanation,AttributionSum,"[1.0, 0.47826087474823, 0.04945598542690277, 0.22807016968727112, 0.29411765933036804]","[1.0, 0.19691800342236424, 0.33241556823685176, 0.0768611619896169, 0.1534308017131811]","{0: 0.20876008261207646, 1: 0.7912399173879235}",1,5.0,True,
1,3,29,1,19,single_condition,attribution,wine_quality,44,forward_simulation,5,testing,19,0,True,infer_with_explanation,AttributionSum,"[0.09090909361839294, 0.10869564861059189, 0.0, 0.7017543911933899, 0.8235294222831726]","[-1.0, -0.642370818961333, 0.5437621248103531, -0.5578977846339318, -0.20691074658372777]","{0: 0.8378572770507889, 1: 0.16214272294921106}",0,5.0,True,
1,3,30,1,20,single_condition,attribution,wine_quality,513,forward_simulation,5,testing,20,1,True,infer_with_explanation,AttributionSum,"[0.7878788113594055, 0.41304346919059753, 0.03956478834152222, 0.42105263471603394, 0.05882352963089943]","[1.0, 0.16645388247766543, 0.18838512000699537, 0.044496377931886245, 0.13446603881382324]","{0: 0.23354788017521588, 1: 0.7664521198247841}",1,5.0,True,
1,4,1,1,1,single_condition,none,wine_quality,748,forward_simulation,5,training,1,0,,infer_no_explanation,SensitiveFeatures,"[0.12121212482452393, 0.54347825050354, 0.19782394170761108, 0.4035087823867798, 0.9019607901573181]",,"{0: 0.5, 1: 0.5}",0,0.1,True,5.0
0,4,2,1,2,single_condition,none,wine_quality,1412,forward_simulation,5,training,2,1,,infer_no_explanation,SensitiveFeatures,"[0.5151515007019043, 1.02173912525177, 0.1088031679391861, -0.05263157933950424, 0.3137255012989044]",,{0: 1.0},0,0.09999999999999964,False,5.0
0,4,3,1,3,single_condition,none,wine_quality,985,forward_simulation,5,training,3,0,,infer_no_explanation,SensitiveFeatures,"[0.6363636255264282, 0.239130437374115, 0.0, 0.5438596606254578, 0.7647058963775635]",,"{0: 0.46077870297604434, 1: 0.5392212970239557}",1,0.09999999999999964,False,5.0
1,4,4,1,4,single_condition,none,wine_quality,1498,forward_simulation,5,training,4,0,,infer_no_explanation,SensitiveFeatures,"[0.4848484992980957, 0.239130437374115, 0.01978239417076111, 1.0964912176132202, 0.9215686321258545]",,"{0: 0.7555757859356282, 1: 0.2444242140643718}",0,0.09999999999999964,True,5.0
0,4,5,1,5,single_condition,none,wine_quality,1223,forward_simulation,5,training,5,1,,infer_no_explanation,SensitiveFeatures,"[0.8484848737716675, 0.6304348111152649, 0.11869436502456665, 0.15789473056793213, 0.3333333432674408]",,"{1: 0.2926075767140186, 0: 0.7073924232859814}",0,0.10000000000000142,False,5.0
1,4,6,1,6,single_condition,none,wine_quality,901,forward_simulation,5,training,6,0,,infer_no_explanation,SensitiveFeatures,"[0.4848484992980957, 0.47826087474823, 0.2176063358783722, 0.640350878238678, 1.0196079015731812]",,"{0: 0.6067151516133942, 1: 0.3932848483866058}",0,0.10000000000000142,True,5.0
0,4,7,1,7,single_condition,none,wine_quality,492,forward_simulation,5,training,7,1,,infer_no_explanation,SensitiveFeatures,"[1.2727272510528564, 0.9347826242446899, 0.15825915336608887, 0.22807016968727112, 0.5098039507865906]",,"{0: 0.6232892938775442, 1: 0.3767107061224559}",0,0.10000000000000142,False,5.0
0,4,8,1,8,single_condition,none,wine_quality,415,forward_simulation,5,training,8,0,,infer_no_explanation,SensitiveFeatures,"[0.03030303120613098, 1.3043478727340698, 1.216617226600647, 0.7982456088066101, 0.5098039507865906]",,"{1: 0.6807035067768418, 0: 0.31929649322315834}",1,0.10000000000000142,False,5.0
0,4,9,1,9,single_condition,none,wine_quality,840,forward_simulation,5,training,9,1,,infer_no_explanation,SensitiveFeatures,"[0.8787878751754761, 0.6521739363670349, 0.22749753296375275, 0.2631579041481018, 0.3529411852359772]",,"{0: 0.6129467431744432, 1: 0.38705325682555675}",0,0.10000000000000142,False,5.0
1,4,10,1,10,single_condition,none,wine_quality,1162,forward_simulation,5,training,10,1,,infer_no_explanation,SensitiveFeatures,"[0.7878788113594055, 0.52173912525177, 0.07912957668304443, 0.08771929889917374, 0.1568627506494522]",,"{1: 0.7925655346843963, 0: 0.20743446531560375}",1,0.10000000000000142,True,5.0
0,4,11,1,1,single_condition,none,wine_quality,1436,forward_simulation,5,testing,1,0,False,infer_no_explanation,SensitiveFeatures,"[-0.21212121844291687, 0.3913043439388275, 0.7814045548439026, 0.19298245012760162, 0.1764705926179886]",,"{0: 0.24900138242260353, 1: 0.7509986175773965}",1,0.10000000000000142,False,
1,4,12,1,2,single_condition,none,wine_quality,882,forward_simulation,5,testing,2,1,True,infer_no_explanation,SensitiveFeatures,"[0.8484848737716675, 0.6739130616188049, 0.1483679562807083, 0.07017543911933899, 0.3137255012989044]",,"{1: 0.9169992254521564, 0: 0.08300077454784362}",1,0.10000000000000142,True,
0,4,13,1,3,single_condition,none,wine_quality,599,forward_simulation,5,testing,3,0,True,infer_no_explanation,SensitiveFeatures,"[0.03030303120613098, 0.5, 0.1088031679391861, 0.5614035129547119, -0.11764705926179886]",,"{1: 0.884472145843558, 0: 0.115527854156442}",1,0.10000000000000142,False,
1,4,14,1,4,single_condition,none,wine_quality,1405,forward_simulation,5,testing,4,1,False,infer_no_explanation,SensitiveFeatures,"[0.6363636255264282, 0.9347826242446899, 0.22749753296375275, 0.017543859779834747, 0.4313725531101227]",,"{0: 0.13200260087518487, 1: 0.8679973991248152}",1,0.09999999999999432,True,
0,4,15,1,5,single_condition,none,wine_quality,1211,forward_simulation,5,testing,5,0,True,infer_no_explanation,SensitiveFeatures,"[0.03030303120613098, 0.32608696818351746, 0.4154302775859833, 0.2982456088066101, 0.5098039507865906]",,"{1: 0.885237249829754, 0: 0.11476275017024588}",1,0.09999999999999432,False,
1,4,16,1,6,single_condition,none,wine_quality,964,forward_simulation,5,testing,6,1,False,infer_no_explanation,SensitiveFeatures,"[0.5757575631141663, 0.8260869383811951, 0.26706230640411377, 0.35087719559669495, 0.19607843458652496]",,"{1: 0.8791014910649434, 0: 0.12089850893505652}",1,0.09999999999999432,True,
1,4,17,1,7,single_condition,none,wine_quality,960,forward_simulation,5,testing,7,1,True,infer_no_explanation,SensitiveFeatures,"[0.5757575631141663, 0.8260869383811951, 0.26706230640411377, 0.35087719559669495, 0.19607843458652496]",,"{0: 0.12205336919915949, 1: 0.8779466308008406}",1,0.09999999999999432,True,
1,4,18,1,8,single_condition,none,wine_quality,1132,forward_simulation,5,testing,8,1,True,infer_no_explanation,SensitiveFeatures,"[1.3333333730697632, 0.8913043737411499, 0.26706230640411377, 0.15789473056793213, 0.6274510025978088]",,"{1: 0.8799854404730623, 0: 0.12001455952693767}",1,0.09999999999999432,True,
0,4,19,1,9,single_condition,none,wine_quality,1396,forward_simulation,5,testing,9,0,True,infer_no_explanation,SensitiveFeatures,"[0.10606060922145844, 0.3913043439388275, 0.0, 0.7105262875556946, 0.4901960790157318]",,"{1: 0.8790589700191856, 0: 0.12094102998081434}",1,0.09999999999999432,False,
1,4,20,1,10,single_condition,none,wine_quality,1205,forward_simulation,5,testing,10,1,True,infer_no_explanation,SensitiveFeatures,"[0.5454545617103577, 0.8260869383811951, 0.3264094889163971, 0.15789473056793213, 0.6666666865348816]",,"{0: 0.1209720513097769, 1: 0.8790279486902232}",1,0.09999999999999432,True,
1,4,21,1,11,single_condition,none,wine_quality,1107,forward_simulation,5,testing,11,1,False,infer_no_explanation,SensitiveFeatures,"[0.7575757503509521, 0.8260869383811951, 0.1285855621099472, 0.05263157933950424, 0.4117647111415863]",,"{1: 0.879277016138513, 0: 0.12072298386148703}",1,0.09999999999999432,True,
1,4,22,1,12,single_condition,none,wine_quality,982,forward_simulation,5,testing,12,1,True,infer_no_explanation,SensitiveFeatures,"[1.121212124824524, 0.760869562625885, 0.5835806131362915, 0.4385964870452881, 0.5490196347236633]",,"{1: 0.8791497804330307, 0: 0.12085021956696924}",1,0.09999999999999432,True,
0,4,23,1,13,single_condition,none,wine_quality,1519,forward_simulation,5,testing,13,0,False,infer_no_explanation,SensitiveFeatures,"[0.3030303120613098, 0.239130437374115, 0.15825915336608887, 0.7543859481811523, 0.7450980544090271]",,"{0: 0.12084429902505944, 1: 0.8791557009749407}",1,0.09999999999999432,False,
0,4,24,1,14,single_condition,none,wine_quality,1476,forward_simulation,5,testing,14,0,False,infer_no_explanation,SensitiveFeatures,"[-0.12121212482452393, 0.6086956262588501, 0.7022749781608582, 0.4035087823867798, 0.19607843458652496]",,"{1: 0.8791833720840089, 0: 0.12081662791599104}",1,0.09999999999999432,False,
0,4,25,1,15,single_condition,none,wine_quality,681,forward_simulation,5,testing,15,0,False,infer_no_explanation,SensitiveFeatures,"[0.3030303120613098, 0.043478261679410934, 0.17804154753684998, 0.31578946113586426, 0.29411765933036804]",,"{1: 0.8791665367735368, 0: 0.1208334632264631}",1,0.09999999999999432,False,
0,4,26,1,16,single_condition,none,wine_quality,580,forward_simulation,5,testing,16,0,True,infer_no_explanation,SensitiveFeatures,"[0.12121212482452393, -0.06521739065647125, 0.029673591256141663, 0.4035087823867798, 0.2549019753932953]",,"{0: 0.12083169295593765, 1: 0.8791683070440623}",1,0.09999999999999432,False,
1,4,27,1,17,single_condition,none,wine_quality,1070,forward_simulation,5,testing,17,1,False,infer_no_explanation,SensitiveFeatures,"[0.5757575631141663, 0.9130434989929199, 0.2571711242198944, 0.10526315867900848, 0.23529411852359772]",,"{1: 0.8791716951904393, 0: 0.12082830480956076}",1,0.09999999999999432,True,
0,4,28,1,18,single_condition,none,wine_quality,733,forward_simulation,5,testing,18,0,False,infer_no_explanation,SensitiveFeatures,"[0.09090909361839294, 0.28260868787765503, 0.6033629775047302, 0.31578946113586426, 0.9607843160629272]",,"{1: 0.8791692298241188, 0: 0.12083077017588124}",1,0.09999999999999432,False,
1,4,29,1,19,single_condition,none,wine_quality,1267,forward_simulation,5,testing,19,1,False,infer_no_explanation,SensitiveFeatures,"[0.6666666865348816, 0.8695651888847351, 0.07912957668304443, 0.28070175647735596, 0.0784313753247261]",,"{0: 0.12082998857259097, 1: 0.8791700114274091}",1,0.09999999999999432,True,
0,4,30,1,20,single_condition,none,wine_quality,578,forward_simulation,5,testing,20,0,True,infer_no_explanation,SensitiveFeatures,"[0.1818181872367859, 0.28260868787765503, 0.9792284965515137, 0.35087719559669495, 0.45098039507865906]",,"{1: 0.8791701358262559, 0: 0.12082986417374417}",1,0.09999999999999432,False,
1,5,1,1,1,single_condition,importance,wine_quality,1463,forward_simulation,5,training,1,0,,infer_no_explanation,ImportanceCategorization,"[0.4848484992980957, 0.1304347813129425, 0.2769535183906555, 0.6315789222717285, 0.5490196347236633]",,"{0: 0.5, 1: 0.5}",0,5.0,True,
1,5,1,1,1,single_condition,importance,wine_quality,1463,forward_simulation,5,training,1,0,,infer_with_explanation,ImportanceCategorization,"[0.4848484992980957, 0.1304347813129425, 0.2769535183906555, 0.6315789222717285, 0.5490196347236633]","[0.21160023265058217, 1.0, 0.16336613213550868, 0.34883347014101235, 0.0724760382725806]","{0: 0.5, 1: 0.5}",0,5.0,True,5.0
0,5,2,1,2,single_condition,importance,wine_quality,1223,forward_simulation,5,training,2,1,,infer_no_explanation,ImportanceCategorization,"[0.8484848737716675, 0.6304348111152649, 0.11869436502456665, 0.15789473056793213, 0.3333333432674408]",,{0: 1.0},0,5.0,False,
0,5,2,1,2,single_condition,importance,wine_quality,1223,forward_simulation,5,training,2,1,,infer_with_explanation,ImportanceCategorization,"[0.8484848737716675, 0.6304348111152649, 0.11869436502456665, 0.15789473056793213, 0.3333333432674408]","[1.0, 0.3890363997511375, 0.0897196529577225, 0.42151107869980364, 0.004920656680334731]",{0: 1.0},0,5.0,False,5.0
1,5,3,1,3,single_condition,importance,wine_quality,201,forward_simulation,5,training,3,0,,infer_no_explanation,ImportanceCategorization,"[0.03030303120613098, 1.2173912525177002, 1.3254203796386719, 0.17543859779834747, -0.03921568766236305]",,"{0: 0.5, 1: 0.5}",0,5.0,True,
0,5,3,1,3,single_condition,importance,wine_quality,201,forward_simulation,5,training,3,0,,infer_with_explanation,ImportanceCategorization,"[0.03030303120613098, 1.2173912525177002, 1.3254203796386719, 0.17543859779834747, -0.03921568766236305]","[1.0, 0.47540944221703824, 0.6711174666498095, 0.6440721505527854, 0.27790055886832504]",{1: 1.0},1,5.0,False,5.0
0,5,4,1,4,single_condition,importance,wine_quality,1008,forward_simulation,5,training,4,1,,infer_no_explanation,ImportanceCategorization,"[0.8484848737716675, 0.5, 0.1285855621099472, 0.14035087823867798, 0.3333333432674408]",,"{0: 0.5, 1: 0.5}",0,5.0,False,
0,5,4,1,4,single_condition,importance,wine_quality,1008,forward_simulation,5,training,4,1,,infer_with_explanation,ImportanceCategorization,"[0.8484848737716675, 0.5, 0.1285855621099472, 0.14035087823867798, 0.3333333432674408]","[1.0, 0.1559548476768825, 0.03322326910066671, 0.3134432902473556, 0.05766026563589879]",{0: 1.0},0,5.0,False,5.0
1,5,5,1,5,single_condition,importance,wine_quality,1104,forward_simulation,5,training,5,0,,infer_no_explanation,ImportanceCategorization,"[0.9696969985961914, 0.41304346919059753, 0.13847675919532776, 0.3684210479259491, 0.4313725531101227]",,"{0: 0.5, 1: 0.5}",0,5.0,True,
0,5,5,1,5,single_condition,importance,wine_quality,1104,forward_simulation,5,training,5,0,,infer_with_explanation,ImportanceCategorization,"[0.9696969985961914, 0.41304346919059753, 0.13847675919532776, 0.3684210479259491, 0.4313725531101227]","[1.0, 0.08950661672071374, 0.15451135419025153, 0.10080744098030464, 0.01519569822561574]",{1: 1.0},1,5.0,False,5.0
0,5,6,1,6,single_condition,importance,wine_quality,1086,forward_simulation,5,training,6,1,,infer_no_explanation,ImportanceCategorization,"[0.7272727489471436, 0.41304346919059753, -0.01978239417076111, 0.12280701845884323, 0.6274510025978088]",,"{0: 0.5, 1: 0.5}",0,5.0,False,
0,5,6,1,6,single_condition,importance,wine_quality,1086,forward_simulation,5,training,6,1,,infer_with_explanation,ImportanceCategorization,"[0.7272727489471436, 0.41304346919059753, -0.01978239417076111, 0.12280701845884323, 0.6274510025978088]","[1.0, 0.20740854835646, 0.4308780133235834, 0.39816915617587145, 0.06877646174837107]",{0: 1.0},0,5.0,False,5.0
0,5,7,1,7,single_condition,importance,wine_quality,341,forward_simulation,5,training,7,1,,infer_no_explanation,ImportanceCategorization,"[0.6363636255264282, 0.8695651888847351, 0.06923837959766388, 0.2631579041481018, 0.29411765933036804]",,"{0: 0.5, 1: 0.5}",0,5.0,False,
1,5,7,1,7,single_condition,importance,wine_quality,341,forward_simulation,5,training,7,1,,infer_with_explanation,ImportanceCategorization,"[0.6363636255264282, 0.8695651888847351, 0.06923837959766388, 0.2631579041481018, 0.29411765933036804]","[1.0, 0.3928802078346484, 0.2710632156079935, 0.07250831940339068, 0.057639484971228824]",{1: 1.0},1,5.0,True,5.0
1,5,8,1,8,single_condition,importance,wine_quality,573,forward_simulation,5,training,8,0,,infer_no_explanation,ImportanceCategorization,"[0.12121212482452393, 0.19565217196941376, 0.35608309507369995, 0.5614035129547119, 0.47058823704719543]",,"{0: 0.5, 1: 0.5}",0,5.0,True,
0,5,8,1,8,single_condition,importance,wine_quality,573,forward_simulation,5,training,8,0,,infer_with_explanation,ImportanceCategorization,"[0.12121212482452393, 0.19565217196941376, 0.35608309507369995, 0.5614035129547119, 0.47058823704719543]","[1.0, 0.4648035054154766, 0.08234450192681439, 0.37765692942738244, 0.0722719430175213]",{1: 1.0},1,5.0,False,5.0
1,5,9,1,9,single_condition,importance,wine_quality,967,forward_simulation,5,training,9,0,,infer_no_explanation,ImportanceCategorization,"[0.0, 0.021739130839705467, 1.0089020729064941, 0.6842105388641357, 0.13725490868091583]",,"{0: 0.5, 1: 0.5}",0,5.0,True,
1,5,9,1,9,single_condition,importance,wine_quality,967,forward_simulation,5,training,9,0,,infer_with_explanation,ImportanceCategorization,"[0.0, 0.021739130839705467, 1.0089020729064941, 0.6842105388641357, 0.13725490868091583]","[1.0, 0.5511637261942233, 0.5429567121831815, 0.7584476475157986, 0.2520574334509767]",{0: 1.0},0,5.0,True,5.0
0,5,10,1,10,single_condition,importance,wine_quality,1167,forward_simulation,5,training,10,1,,infer_no_explanation,ImportanceCategorization,"[0.9696969985961914, 0.8913043737411499, 0.3659742772579193, 0.10526315867900848, 0.5098039507865906]",,"{0: 0.5, 1: 0.5}",0,5.0,False,
0,5,10,1,10,single_condition,importance,wine_quality,1167,forward_simulation,5,training,10,1,,infer_with_explanation,ImportanceCategorization,"[0.9696969985961914, 0.8913043737411499, 0.3659742772579193, 0.10526315867900848, 0.5098039507865906]","[1.0, 0.35674771456728027, 0.02191677415549146, 0.3012183576954111, 0.044996578974130584]",{0: 1.0},0,5.0,False,5.0
1,5,11,1,1,single_condition,importance,wine_quality,513,forward_simulation,5,testing,1,1,True,infer_with_explanation,ImportanceCategorization,"[0.7878788113594055, 0.41304346919059753, 0.03956478834152222, 0.42105263471603394, 0.05882352963089943]","[1.0, 0.16645388247766543, 0.18838512000699537, 0.044496377931886245, 0.13446603881382324]",{1: 1.0},1,5.0,True,
1,5,12,1,2,single_condition,importance,wine_quality,666,forward_simulation,5,testing,2,0,False,infer_no_explanation,ImportanceCategorization,"[0.09090909361839294, 0.28260868787765503, 0.04945598542690277, 0.38596490025520325, 0.23529411852359772]",,"{0: 0.5, 1: 0.5}",0,5.0,True,
0,5,13,1,3,single_condition,importance,wine_quality,540,forward_simulation,5,testing,3,0,True,infer_with_explanation,ImportanceCategorization,"[0.12121212482452393, 0.43478259444236755, 0.35608309507369995, 0.5614035129547119, 0.3921568691730499]","[1.0, 0.22418608944543744, 0.3436695395974813, 0.20311726450350295, 0.010878283898627767]",{1: 1.0},1,5.0,False,
1,5,14,1,4,single_condition,importance,wine_quality,1132,forward_simulation,5,testing,4,1,True,infer_with_explanation,ImportanceCategorization,"[1.3333333730697632, 0.8913043737411499, 0.26706230640411377, 0.15789473056793213, 0.6274510025978088]","[1.0, 0.42724373350300765, 0.13814552601224311, 0.24953198631528511, 0.07896704399477487]",{1: 1.0},1,5.0,True,
1,5,15,1,5,single_condition,importance,wine_quality,580,forward_simulation,5,testing,5,0,False,infer_no_explanation,ImportanceCategorization,"[0.12121212482452393, -0.06521739065647125, 0.029673591256141663, 0.4035087823867798, 0.2549019753932953]",,"{0: 0.5, 1: 0.5}",0,5.0,True,
1,5,16,1,6,single_condition,importance,wine_quality,950,forward_simulation,5,testing,6,1,True,infer_with_explanation,ImportanceCategorization,"[0.8181818127632141, 0.6304348111152649, 0.09891197085380554, -0.2631579041481018, 0.686274528503418]","[1.0, 0.42132745661309723, 0.290927136608628, 0.7621252472653214, 0.06193232531803729]",{1: 1.0},1,5.0,True,
0,5,17,1,7,single_condition,importance,wine_quality,451,forward_simulation,5,testing,7,0,True,infer_with_explanation,ImportanceCategorization,"[-0.03030303120613098, 1.2826087474822998, 0.1483679562807083, 0.17543859779834747, 0.0]","[1.0, 0.4968181669987978, 0.23445659228794327, 0.6616020930805131, 0.10697862390996254]",{1: 1.0},1,5.0,False,
1,5,18,1,8,single_condition,importance,wine_quality,1107,forward_simulation,5,testing,8,1,True,infer_with_explanation,ImportanceCategorization,"[0.7575757503509521, 0.8260869383811951, 0.1285855621099472, 0.05263157933950424, 0.4117647111415863]","[1.0, 0.35053336780510425, 0.06949426048689088, 0.3928420384116003, 0.05651568742720155]",{1: 1.0},1,5.0,True,
0,5,19,1,9,single_condition,importance,wine_quality,960,forward_simulation,5,testing,9,1,False,infer_no_explanation,ImportanceCategorization,"[0.5757575631141663, 0.8260869383811951, 0.26706230640411377, 0.35087719559669495, 0.19607843458652496]",,"{0: 0.5, 1: 0.5}",0,5.0,False,
0,5,20,1,10,single_condition,importance,wine_quality,1016,forward_simulation,5,testing,10,1,False,infer_no_explanation,ImportanceCategorization,"[1.0303030014038086, 0.6086956262588501, 0.16815035045146942, 0.19298245012760162, 0.4117647111415863]",,"{0: 0.5, 1: 0.5}",0,5.0,False,
0,5,21,1,11,single_condition,importance,wine_quality,1172,forward_simulation,5,testing,11,1,True,infer_with_explanation,ImportanceCategorization,"[0.939393937587738, 0.5869565010070801, 0.04945598542690277, 0.2631579041481018, 0.4117647111415863]","[1.0, 0.35320299307003356, 0.25802162333764156, 0.07132037475557876, 0.08383329443409954]","{0: 0.5, 1: 0.5}",0,5.0,False,
1,5,22,1,12,single_condition,importance,wine_quality,1319,forward_simulation,5,testing,12,0,True,infer_with_explanation,ImportanceCategorization,"[-0.03030303120613098, 1.8695652484893799, 0.5242334604263306, 0.859649121761322, -0.3137255012989044]","[1.0, 0.5020510867048944, 0.3898268396298345, 0.6728511693683273, 0.18522116856740628]","{0: 0.5, 1: 0.5}",0,5.0,True,
0,5,23,1,13,single_condition,importance,wine_quality,1590,forward_simulation,5,testing,13,1,True,infer_with_explanation,ImportanceCategorization,"[0.7272727489471436, 0.760869562625885, 0.2373887300491333, 0.4912280738353729, 0.5098039507865906]","[1.0, 0.5628551446044422, 0.07295428529707969, 0.10075912046491044, 0.029799285749803884]","{0: 0.5, 1: 0.5}",0,5.0,False,
0,5,24,1,14,single_condition,importance,wine_quality,491,forward_simulation,5,testing,14,1,False,infer_no_explanation,ImportanceCategorization,"[1.2424242496490479, 0.695652186870575, 0.13847675919532776, 0.24561403691768646, 0.5490196347236633]",,"{0: 0.5, 1: 0.5}",0,5.0,False,
1,5,25,1,15,single_condition,importance,wine_quality,1586,forward_simulation,5,testing,15,0,False,infer_no_explanation,ImportanceCategorization,"[0.6666666865348816, 0.8260869383811951, 0.48466864228248596, 0.07017543911933899, 0.5490196347236633]",,"{0: 0.5, 1: 0.5}",0,5.0,True,
1,5,26,1,16,single_condition,importance,wine_quality,452,forward_simulation,5,testing,16,0,False,infer_no_explanation,ImportanceCategorization,"[0.24242424964904785, 0.3478260934352875, 0.2373887300491333, 0.5087719559669495, 0.7450980544090271]",,"{0: 0.5, 1: 0.5}",0,5.0,True,
1,5,27,1,17,single_condition,importance,wine_quality,270,forward_simulation,5,testing,17,0,False,infer_no_explanation,ImportanceCategorization,"[0.4545454680919647, 0.43478259444236755, 0.4945598542690277, 0.48245614767074585, 0.5882353186607361]",,"{0: 0.5, 1: 0.5}",0,5.0,True,
1,5,28,1,18,single_condition,importance,wine_quality,228,forward_simulation,5,testing,18,0,False,infer_no_explanation,ImportanceCategorization,"[0.39393940567970276, 0.239130437374115, 0.5143422484397888, 0.28070175647735596, 0.6078431606292725]",,"{0: 0.5, 1: 0.5}",0,5.0,True,
1,5,29,1,19,single_condition,importance,wine_quality,707,forward_simulation,5,testing,19,0,True,infer_with_explanation,ImportanceCategorization,"[0.39393940567970276, 0.08695652335882187, 0.2571711242198944, 0.38596490025520325, 0.6078431606292725]","[0.08412036918431838, 1.0, 0.23396878139983587, 0.26556762228424885, 0.052398076565198834]","{0: 0.5, 1: 0.5}",0,5.0,True,
0,5,30,1,20,single_condition,importance,wine_quality,875,forward_simulation,5,testing,20,1,False,infer_no_explanation,ImportanceCategorization,"[0.7878788113594055, 0.695652186870575, 0.04945598542690277, 0.07017543911933899, 0.4901960790157318]",,"{0: 0.5, 1: 0.5}",0,5.0,False,
0,6,1,1,1,single_condition,attribution,wine_quality,518,forward_simulation,5,training,1,1,,infer_no_explanation,AttributionSum,"[0.7575757503509521, 0.45652174949645996, 0.20771513879299164, -0.10526315867900848, 0.3137255012989044]",,"{0: 0.5, 1: 0.5}",0,5.0,False,
1,6,1,1,1,single_condition,attribution,wine_quality,518,forward_simulation,5,training,1,1,,infer_with_explanation,AttributionSum,"[0.7575757503509521, 0.45652174949645996, 0.20771513879299164, -0.10526315867900848, 0.3137255012989044]","[1.0, 0.13295844750584673, 0.08497189119765333, 0.31170776774087877, -0.023411324541462625]","{0: 0.21220121309945528, 1: 0.7877987869005447}",1,5.0,True,5.0
0,6,2,1,2,single_condition,attribution,wine_quality,293,forward_simulation,5,training,2,0,,infer_no_explanation,AttributionSum,"[0.27272728085517883, 0.28260868787765503, 0.04945598542690277, 0.15789473056793213, 0.686274528503418]",,"{0: 0.21220121309945528, 1: 0.7877987869005447}",1,5.0,False,
1,6,2,1,2,single_condition,attribution,wine_quality,293,forward_simulation,5,training,2,0,,infer_with_explanation,AttributionSum,"[0.27272728085517883, 0.28260868787765503, 0.04945598542690277, 0.15789473056793213, 0.686274528503418]","[-1.0, -0.15129033750527696, 0.5885571446730657, 0.5953686496568608, -0.2842464676237829]","{0: 0.5997998814629484, 1: 0.4002001185370517}",0,5.0,True,5.0
1,6,3,1,3,single_condition,attribution,wine_quality,887,forward_simulation,5,training,3,1,,infer_no_explanation,AttributionSum,"[0.8787878751754761, 0.695652186870575, 0.44510385394096375, 0.4385964870452881, 0.1764705926179886]",,"{0: 0.16940025831622352, 1: 0.8305997416837765}",1,5.0,True,
1,6,3,1,3,single_condition,attribution,wine_quality,887,forward_simulation,5,training,3,1,,infer_with_explanation,AttributionSum,"[0.8787878751754761, 0.695652186870575, 0.44510385394096375, 0.4385964870452881, 0.1764705926179886]","[1.0, 0.4301437842930194, -0.09367007753206535, 0.14901251963347678, 0.13397939954269292]","{0: 0.19307628196359639, 1: 0.8069237180364036}",1,5.0,True,5.0
1,6,4,1,4,single_condition,attribution,wine_quality,1053,forward_simulation,5,training,4,1,,infer_no_explanation,AttributionSum,"[1.0606060028076172, 0.6521739363670349, 0.08902077376842499, 0.10526315867900848, 0.6274510025978088]",,"{0: 0.11656179805280398, 1: 0.883438201947196}",1,5.0,True,
1,6,4,1,4,single_condition,attribution,wine_quality,1053,forward_simulation,5,training,4,1,,infer_with_explanation,AttributionSum,"[1.0606060028076172, 0.6521739363670349, 0.08902077376842499, 0.10526315867900848, 0.6274510025978088]","[1.0, 0.22773385452376438, 0.24927550745449537, 0.3687497981399659, -0.07171770336892092]","{0: 0.2028219104480813, 1: 0.7971780895519187}",1,5.0,True,5.0
0,6,5,1,5,single_condition,attribution,wine_quality,1105,forward_simulation,5,training,5,0,,infer_no_explanation,AttributionSum,"[1.0909091234207153, 0.28260868787765503, 0.37586548924446106, 0.5263158082962036, 0.686274528503418]",,"{0: 0.14198580175839126, 1: 0.8580141982416087}",1,5.0,False,
0,6,5,1,5,single_condition,attribution,wine_quality,1105,forward_simulation,5,training,5,0,,infer_with_explanation,AttributionSum,"[1.0909091234207153, 0.28260868787765503, 0.37586548924446106, 0.5263158082962036, 0.686274528503418]","[1.0, -0.13440163216725173, -0.10683424023178108, -0.09084412771087556, -0.09514604185026233]","{0: 0.2961710147736991, 1: 0.7038289852263009}",1,5.0,False,5.0
1,6,6,1,6,single_condition,attribution,wine_quality,1477,forward_simulation,5,training,6,1,,infer_no_explanation,AttributionSum,"[1.3333333730697632, 0.8913043737411499, 0.7715133428573608, 0.35087719559669495, 0.9411764740943909]",,"{0: 0.22542130119716386, 1: 0.7745786988028361}",1,5.0,True,
1,6,6,1,6,single_condition,attribution,wine_quality,1477,forward_simulation,5,training,6,1,,infer_with_explanation,AttributionSum,"[1.3333333730697632, 0.8913043737411499, 0.7715133428573608, 0.35087719559669495, 0.9411764740943909]","[1.0, 0.4414407689900331, -0.29430257100491186, 0.0898421839584116, 0.09797382000266451]","{0: 0.1913223363784724, 1: 0.8086776636215276}",1,5.0,True,5.0
0,6,7,1,7,single_condition,attribution,wine_quality,0,forward_simulation,5,training,7,0,,infer_no_explanation,AttributionSum,"[0.06060606241226196, 0.19565217196941376, 0.22749753296375275, 0.7543859481811523, 0.8823529481887817]",,"{0: 0.2961450167365848, 1: 0.7038549832634152}",1,5.0,False,
1,6,7,1,7,single_condition,attribution,wine_quality,0,forward_simulation,5,training,7,0,,infer_with_explanation,AttributionSum,"[0.06060606241226196, 0.19565217196941376, 0.22749753296375275, 0.7543859481811523, 0.8823529481887817]","[-1.0, -0.2691933459799108, 0.20662645493143322, -0.5925479952618647, 0.06195994300214083]","{0: 0.8309742862137482, 1: 0.16902571378625178}",0,5.0,True,5.0
1,6,8,1,8,single_condition,attribution,wine_quality,252,forward_simulation,5,training,8,0,,infer_no_explanation,AttributionSum,"[0.39393940567970276, 0.1304347813129425, 0.09891197085380554, 0.14035087823867798, 0.21568627655506134]",,"{0: 0.7596925281451942, 1: 0.24030747185480586}",0,5.0,True,
0,6,8,1,8,single_condition,attribution,wine_quality,252,forward_simulation,5,training,8,0,,infer_with_explanation,AttributionSum,"[0.39393940567970276, 0.1304347813129425, 0.09891197085380554, 0.14035087823867798, 0.21568627655506134]","[-0.18446089725784132, -0.7175786408972443, 0.8744476916480073, 1.0, 0.21964946837982469]","{0: 0.133027925837216, 1: 0.866972074162784}",1,5.0,False,5.0
1,6,9,1,9,single_condition,attribution,wine_quality,671,forward_simulation,5,training,9,0,,infer_no_explanation,AttributionSum,"[0.09090909361839294, 0.10869564861059189, 0.01978239417076111, 0.8070175647735596, 0.27450981736183167]",,"{0: 0.672118393155629, 1: 0.32788160684437095}",0,5.0,True,
1,6,9,1,9,single_condition,attribution,wine_quality,671,forward_simulation,5,training,9,0,,infer_with_explanation,AttributionSum,"[0.09090909361839294, 0.10869564861059189, 0.01978239417076111, 0.8070175647735596, 0.27450981736183167]","[-1.0, -0.5412634540959982, 0.33679657513162065, -0.6653263861973061, 0.2901703209086724]","{0: 0.8409517119277184, 1: 0.15904828807228155}",0,5.0,True,5.0
1,6,10,1,10,single_condition,attribution,wine_quality,430,forward_simulation,5,training,10,1,,infer_no_explanation,AttributionSum,"[0.5454545617103577, 0.9347826242446899, 0.1285855621099472, -0.05263157933950424, 0.1764705926179886]",,"{0: 0.2943610781001069, 1: 0.7056389218998931}",1,5.0,True,
1,6,10,1,10,single_condition,attribution,wine_quality,430,forward_simulation,5,training,10,1,,infer_with_explanation,AttributionSum,"[0.5454545617103577, 0.9347826242446899, 0.1285855621099472, -0.05263157933950424, 0.1764705926179886]","[0.1908080382387715, 0.5227691471591668, 0.10609796812925965, 1.0, 0.2699633260621033]","{0: 0.17905411029815144, 1: 0.8209458897018486}",1,5.0,True,5.0
0,6,11,1,1,single_condition,attribution,wine_quality,982,forward_simulation,5,testing,1,1,False,infer_no_explanation,AttributionSum,"[1.121212124824524, 0.760869562625885, 0.5835806131362915, 0.4385964870452881, 0.5490196347236633]",,"{0: 0.6773778193504205, 1: 0.3226221806495794}",0,5.0,False,
1,6,12,1,2,single_condition,attribution,wine_quality,1426,forward_simulation,5,testing,2,0,False,infer_no_explanation,AttributionSum,"[0.8787878751754761, 0.52173912525177, 0.48466864228248596, -0.07017543911933899, 0.686274528503418]",,"{0: 0.6177797753366833, 1: 0.38222022466331673}",0,5.0,True,
0,6,13,1,3,single_condition,attribution,wine_quality,960,forward_simulation,5,testing,3,1,False,infer_no_explanation,AttributionSum,"[0.5757575631141663, 0.8260869383811951, 0.26706230640411377, 0.35087719559669495, 0.19607843458652496]",,"{0: 0.9257226865420664, 1: 0.07427731345793365}",0,5.0,False,
1,6,14,1,4,single_condition,attribution,wine_quality,1524,forward_simulation,5,testing,4,0,False,infer_no_explanation,AttributionSum,"[0.24242424964904785, 0.6739130616188049, 0.35608309507369995, 0.2631579041481018, 0.6470588445663452]",,"{0: 0.8807970779778824, 1: 0.11920292202211755}",0,5.0,True,
0,6,15,1,5,single_condition,attribution,wine_quality,491,forward_simulation,5,testing,5,1,False,infer_no_explanation,AttributionSum,"[1.2424242496490479, 0.695652186870575, 0.13847675919532776, 0.24561403691768646, 0.5490196347236633]",,"{0: 0.8807970779778824, 1: 0.11920292202211755}",0,5.0,False,
1,6,16,1,6,single_condition,attribution,wine_quality,1061,forward_simulation,5,testing,6,1,True,infer_with_explanation,AttributionSum,"[1.0, 0.47826087474823, 0.04945598542690277, 0.22807016968727112, 0.29411765933036804]","[1.0, 0.19691800342236424, 0.33241556823685176, 0.0768611619896169, 0.1534308017131811]","{0: 0.20876008261207646, 1: 0.7912399173879235}",1,5.0,True,
1,6,17,1,7,single_condition,attribution,wine_quality,267,forward_simulation,5,testing,7,1,True,infer_with_explanation,AttributionSum,"[1.0909091234207153, 0.8478260636329651, 0.2571711242198944, 0.14035087823867798, 0.5686274766921997]","[1.0, 0.3136149675422904, 0.07552797521685001, 0.4095208066781171, -0.02580984015936638]","{0: 0.1963096487341538, 1: 0.8036903512658462}",1,5.0,True,
0,6,18,1,8,single_condition,attribution,wine_quality,1301,forward_simulation,5,testing,8,0,False,infer_no_explanation,AttributionSum,"[0.7575757503509521, 0.5869565010070801, 0.4549950659275055, 1.0350877046585083, 1.058823585510254]",,"{0: 0.149067145917124, 1: 0.850932854082876}",1,5.0,False,
0,6,19,1,9,single_condition,attribution,wine_quality,856,forward_simulation,5,testing,9,0,True,infer_with_explanation,AttributionSum,"[0.5151515007019043, 0.5652173757553101, 0.4352126717567444, 0.15789473056793213, 0.8039215803146362]","[0.4827104600653792, 0.4757490454841372, 0.004473445116183495, 1.0, -0.628355780944804]","{0: 0.40814378010221486, 1: 0.5918562198977851}",1,5.0,False,
1,6,20,1,10,single_condition,attribution,wine_quality,1255,forward_simulation,5,testing,10,0,True,infer_with_explanation,AttributionSum,"[0.5454545617103577, -0.043478261679410934, 0.3461918830871582, 0.6491228342056274, 0.8039215803146362]","[-0.1746317234154709, -1.0, -0.23781328363954218, -0.9680336085164538, -0.24075998713220412]","{0: 0.8773997464898892, 1: 0.12260025351011083}",0,5.0,True,
1,6,21,1,11,single_condition,attribution,wine_quality,377,forward_simulation,5,testing,11,1,True,infer_with_explanation,AttributionSum,"[0.8484848737716675, 1.43478262424469, 0.06923837959766388, 0.0, 0.27450981736183167]","[1.0, 0.41701301914863453, 0.34355192340991425, 0.3446165124992281, 0.0796095162362717]","{0: 0.19513027507110692, 1: 0.8048697249288931}",1,5.0,True,
1,6,22,1,12,single_condition,attribution,wine_quality,632,forward_simulation,5,testing,12,0,False,infer_no_explanation,AttributionSum,"[0.39393940567970276, 0.21739129722118378, 0.31651830673217773, 0.24561403691768646, 0.5098039507865906]",,"{0: 0.724727093268836, 1: 0.275272906731164}",0,5.0,True,
1,6,23,1,13,single_condition,attribution,wine_quality,1018,forward_simulation,5,testing,13,1,True,infer_with_explanation,AttributionSum,"[1.0606060028076172, -0.06521739065647125, 0.9693372845649719, -0.15789473056793213, -0.3333333432674408]","[1.0, -0.3089464357206773, -0.22899152377242932, 0.5110655493591125, 0.19665903924461586]","{0: 0.18078093247804994, 1: 0.8192190675219501}",1,5.0,True,
1,6,24,1,14,single_condition,attribution,wine_quality,940,forward_simulation,5,testing,14,1,True,infer_with_explanation,AttributionSum,"[0.9696969985961914, 0.6304348111152649, 0.13847675919532776, 0.10526315867900848, 0.5882353186607361]","[1.0, 0.3486862124968494, 0.09501657549178047, 0.35377089702942116, -0.07973822603396519]","{0: 0.20525456003216225, 1: 0.7947454399678378}",1,5.0,True,
0,6,25,1,15,single_condition,attribution,wine_quality,1051,forward_simulation,5,testing,15,0,False,infer_no_explanation,AttributionSum,"[0.0, 1.89130437374115, 0.33630070090293884, 0.3333333432674408, -0.05882352963089943]",,"{0: 0.20497186509307996, 1: 0.79502813490692}",1,5.0,False,
0,6,26,1,16,single_condition,attribution,wine_quality,725,forward_simulation,5,testing,16,0,False,infer_no_explanation,AttributionSum,"[0.3636363744735718, 0.17391304671764374, 0.01978239417076111, 0.6842105388641357, 0.45098039507865906]",,"{0: 0.20497709721337243, 1: 0.7950229027866276}",1,5.0,False,
0,6,27,1,17,single_condition,attribution,wine_quality,1127,forward_simulation,5,testing,17,0,True,infer_with_explanation,AttributionSum,"[0.6969696879386902, 0.28260868787765503, 0.40553906559944153, 0.859649121761322, 0.8823529481887817]","[1.0, -0.14563918941251894, -0.03828342013339562, -0.46096456349843495, -0.13432536494051356]","{0: 0.3684119928314966, 1: 0.6315880071685034}",1,5.0,False,
1,6,28,1,18,single_condition,attribution,wine_quality,1070,forward_simulation,5,testing,18,1,True,infer_with_explanation,AttributionSum,"[0.5757575631141663, 0.9130434989929199, 0.2571711242198944, 0.10526315867900848, 0.23529411852359772]","[-0.1343560327963524, 1.0, 0.32531204935980496, 0.8319870153428203, 0.286117911723218]","{0: 0.13800173321753106, 1: 0.8619982667824689}",1,5.0,True,
1,6,29,1,19,single_condition,attribution,wine_quality,505,forward_simulation,5,testing,19,1,False,infer_no_explanation,AttributionSum,"[1.0, 0.6739130616188049, 0.1483679562807083, 0.38596490025520325, 0.19607843458652496]",,"{0: 0.056226130681460096, 1: 0.9437738693185399}",1,5.0,True,
0,6,30,1,20,single_condition,attribution,wine_quality,1495,forward_simulation,5,testing,20,0,True,infer_with_explanation,AttributionSum,"[0.42424243688583374, 0.739130437374115, 0.16815035045146942, 0.28070175647735596, 0.5686274766921997]","[-0.17796975707539173, 1.0, 0.2945748984428634, 0.3404283302975203, 0.1640094814885209]","{0: 0.20743962862361187, 1: 0.7925603713763881}",1,5.0,False,
1,7,1,1,1,single_condition,none,wine_quality,184,forward_simulation,5,training,1,0,,infer_no_explanation,SensitiveFeatures,"[0.03030303120613098, 0.239130437374115, 0.5044510364532471, 0.6140350699424744, 0.9019607901573181]",,"{0: 0.5, 1: 0.5}",0,0.1,True,5.0
0,7,2,1,2,single_condition,none,wine_quality,887,forward_simulation,5,training,2,1,,infer_no_explanation,SensitiveFeatures,"[0.8787878751754761, 0.695652186870575, 0.44510385394096375, 0.4385964870452881, 0.1764705926179886]",,{0: 1.0},0,0.09999999999999964,False,5.0
1,7,3,1,3,single_condition,none,wine_quality,419,forward_simulation,5,training,3,0,,infer_no_explanation,SensitiveFeatures,"[0.21212121844291687, 0.45652174949645996, 0.40553906559944153, 0.8771929740905762, 1.0980392694473267]",,"{0: 0.5013512846548084, 1: 0.4986487153451916}",0,0.09999999999999964,True,5.0
1,7,4,1,4,single_condition,none,wine_quality,125,forward_simulation,5,training,4,0,,infer_no_explanation,SensitiveFeatures,"[0.06060606241226196, 0.5, 0.7814045548439026, 0.6140350699424744, 0.19607843458652496]",,"{0: 0.6893173886634023, 1: 0.31068261133659764}",0,0.09999999999999964,True,5.0
0,7,5,1,5,single_condition,none,wine_quality,836,forward_simulation,5,training,5,1,,infer_no_explanation,SensitiveFeatures,"[0.7575757503509521, -0.17391304671764374, 0.8803164958953857, 0.017543859779834747, 0.3921568691730499]",,"{1: 0.268554098945194, 0: 0.731445901054806}",0,0.10000000000000142,False,5.0
1,7,6,1,6,single_condition,none,wine_quality,253,forward_simulation,5,training,6,0,,infer_no_explanation,SensitiveFeatures,"[0.09090909361839294, 0.260869562625885, 0.7418397665023804, 0.8859649300575256, 0.3333333432674408]",,"{0: 0.6250483827332124, 1: 0.37495161726678766}",0,0.10000000000000142,True,5.0
0,7,7,1,7,single_condition,none,wine_quality,1223,forward_simulation,5,training,7,1,,infer_no_explanation,SensitiveFeatures,"[0.8484848737716675, 0.6304348111152649, 0.11869436502456665, 0.15789473056793213, 0.3333333432674408]",,"{0: 0.6809470565603595, 1: 0.31905294343964047}",0,0.10000000000000142,False,5.0
0,7,8,1,8,single_condition,none,wine_quality,693,forward_simulation,5,training,8,0,,infer_no_explanation,SensitiveFeatures,"[0.06060606241226196, 0.32608696818351746, 1.0979228019714355, 0.3684210479259491, 0.5098039507865906]",,"{1: 0.6386403783211163, 0: 0.3613596216788838}",1,0.10000000000000142,False,5.0
0,7,9,1,9,single_condition,none,wine_quality,1008,forward_simulation,5,training,9,1,,infer_no_explanation,SensitiveFeatures,"[0.8484848737716675, 0.5, 0.1285855621099472, 0.14035087823867798, 0.3333333432674408]",,"{0: 0.5725967136160324, 1: 0.42740328638396774}",0,0.10000000000000142,False,5.0
1,7,10,1,10,single_condition,none,wine_quality,1156,forward_simulation,5,training,10,1,,infer_no_explanation,SensitiveFeatures,"[0.7878788113594055, 0.6304348111152649, 0.7616221308708191, -0.15789473056793213, 0.529411792755127]",,"{1: 0.7156060276174275, 0: 0.2843939723825726}",1,0.10000000000000142,True,5.0
1,7,11,1,1,single_condition,none,wine_quality,950,forward_simulation,5,testing,1,1,True,infer_no_explanation,SensitiveFeatures,"[0.8181818127632141, 0.6304348111152649, 0.09891197085380554, -0.2631579041481018, 0.686274528503418]",,"{0: 0.1895271356827887, 1: 0.8104728643172113}",1,0.10000000000000142,True,
1,7,12,1,2,single_condition,none,wine_quality,960,forward_simulation,5,testing,2,1,True,infer_no_explanation,SensitiveFeatures,"[0.5757575631141663, 0.8260869383811951, 0.26706230640411377, 0.35087719559669495, 0.19607843458652496]",,"{1: 0.920445165241577, 0: 0.07955483475842295}",1,0.10000000000000142,True,
0,7,13,1,3,single_condition,none,wine_quality,152,forward_simulation,5,testing,3,0,True,infer_no_explanation,SensitiveFeatures,"[0.27272728085517883, 0.15217390656471252, 0.8704253435134888, 0.5789473652839661, 0.5686274766921997]",,"{1: 0.9107462605423463, 0: 0.08925373945765372}",1,0.10000000000000142,False,
1,7,14,1,4,single_condition,none,wine_quality,940,forward_simulation,5,testing,4,1,True,infer_no_explanation,SensitiveFeatures,"[0.9696969985961914, 0.6304348111152649, 0.13847675919532776, 0.10526315867900848, 0.5882353186607361]",,"{0: 0.11623425408267586, 1: 0.883765745917324}",1,0.09999999999999432,True,
1,7,15,1,5,single_condition,none,wine_quality,1405,forward_simulation,5,testing,5,1,False,infer_no_explanation,SensitiveFeatures,"[0.6363636255264282, 0.9347826242446899, 0.22749753296375275, 0.017543859779834747, 0.4313725531101227]",,"{1: 0.9006201381737735, 0: 0.09937986182622639}",1,0.09999999999999432,True,
0,7,16,1,6,single_condition,none,wine_quality,849,forward_simulation,5,testing,6,0,True,infer_no_explanation,SensitiveFeatures,"[0.1818181872367859, 0.41304346919059753, 0.20771513879299164, 0.6315789222717285, 1.0196079015731812]",,"{1: 0.8982679590299184, 0: 0.10173204097008155}",1,0.09999999999999432,False,
1,7,17,1,7,single_condition,none,wine_quality,875,forward_simulation,5,testing,7,1,True,infer_no_explanation,SensitiveFeatures,"[0.7878788113594055, 0.695652186870575, 0.04945598542690277, 0.07017543911933899, 0.4901960790157318]",,"{0: 0.1051978404401773, 1: 0.8948021595598227}",1,0.09999999999999432,True,
1,7,18,1,8,single_condition,none,wine_quality,267,forward_simulation,5,testing,8,1,False,infer_no_explanation,SensitiveFeatures,"[1.0909091234207153, 0.8478260636329651, 0.2571711242198944, 0.14035087823867798, 0.5686274766921997]",,"{1: 0.8972069640123045, 0: 0.10279303598769558}",1,0.09999999999999432,True,
0,7,19,1,9,single_condition,none,wine_quality,1278,forward_simulation,5,testing,9,0,False,infer_no_explanation,SensitiveFeatures,"[0.09090909361839294, 0.15217390656471252, 0.6923837661743164, 0.780701756477356, 0.3529411852359772]",,"{1: 0.8967978683148599, 0: 0.10320213168514011}",1,0.09999999999999432,False,
1,7,20,1,10,single_condition,none,wine_quality,1132,forward_simulation,5,testing,10,1,False,infer_no_explanation,SensitiveFeatures,"[1.3333333730697632, 0.8913043737411499, 0.26706230640411377, 0.15789473056793213, 0.6274510025978088]",,"{0: 0.10358491587595549, 1: 0.8964150841240446}",1,0.09999999999999432,True,
1,7,21,1,11,single_condition,none,wine_quality,982,forward_simulation,5,testing,11,1,True,infer_no_explanation,SensitiveFeatures,"[1.121212124824524, 0.760869562625885, 0.5835806131362915, 0.4385964870452881, 0.5490196347236633]",,"{1: 0.8967292649769351, 0: 0.10327073502306491}",1,0.09999999999999432,True,
0,7,22,1,12,single_condition,none,wine_quality,681,forward_simulation,5,testing,12,0,False,infer_no_explanation,SensitiveFeatures,"[0.3030303120613098, 0.043478261679410934, 0.17804154753684998, 0.31578946113586426, 0.29411765933036804]",,"{1: 0.896662822523812, 0: 0.10333717747618812}",1,0.09999999999999432,False,
0,7,23,1,13,single_condition,none,wine_quality,540,forward_simulation,5,testing,13,0,False,infer_no_explanation,SensitiveFeatures,"[0.12121212482452393, 0.43478259444236755, 0.35608309507369995, 0.5614035129547119, 0.3921568691730499]",,"{0: 0.10337226115670678, 1: 0.8966277388432932}",1,0.09999999999999432,False,
1,7,24,1,14,single_condition,none,wine_quality,1267,forward_simulation,5,testing,14,1,True,infer_no_explanation,SensitiveFeatures,"[0.6666666865348816, 0.8695651888847351, 0.07912957668304443, 0.28070175647735596, 0.0784313753247261]",,"{1: 0.8966642557580431, 0: 0.10333574424195688}",1,0.09999999999999432,True,
0,7,25,1,15,single_condition,none,wine_quality,1574,forward_simulation,5,testing,15,0,False,infer_no_explanation,SensitiveFeatures,"[0.39393940567970276, 0.021739130839705467, 0.8011869192123413, 0.07017543911933899, 0.6470588445663452]",,"{1: 0.8966517814679857, 0: 0.10334821853201435}",1,0.09999999999999432,False,
0,7,26,1,16,single_condition,none,wine_quality,739,forward_simulation,5,testing,16,0,True,infer_no_explanation,SensitiveFeatures,"[0.03030303120613098, 0.28260868787765503, 0.26706230640411377, 0.7368420958518982, 0.5686274766921997]",,"{0: 0.10335242248009051, 1: 0.8966475775199095}",1,0.09999999999999432,False,
0,7,27,1,17,single_condition,none,wine_quality,841,forward_simulation,5,testing,17,0,False,infer_no_explanation,SensitiveFeatures,"[0.3333333432674408, 0.3478260934352875, 0.19782394170761108, 0.6842105388641357, 0.7647058963775635]",,"{1: 0.8966523739084974, 0: 0.10334762609150254}",1,0.09999999999999432,False,
0,7,28,1,18,single_condition,none,wine_quality,4,forward_simulation,5,testing,18,0,True,infer_no_explanation,SensitiveFeatures,"[0.06060606241226196, 0.19565217196941376, 0.22749753296375275, 0.7543859481811523, 0.8823529481887817]",,"{1: 0.896650666027313, 0: 0.10334933397268697}",1,0.09999999999999432,False,
0,7,29,1,19,single_condition,none,wine_quality,1453,forward_simulation,5,testing,19,0,False,infer_no_explanation,SensitiveFeatures,"[-0.06060606241226196, 0.239130437374115, 0.7319485545158386, 0.38596490025520325, 0.686274528503418]",,"{0: 0.1033496245382832, 1: 0.8966503754617168}",1,0.09999999999999432,False,
1,7,30,1,20,single_condition,none,wine_quality,1107,forward_simulation,5,testing,20,1,False,infer_no_explanation,SensitiveFeatures,"[0.7575757503509521, 0.8260869383811951, 0.1285855621099472, 0.05263157933950424, 0.4117647111415863]",,"{1: 0.8966510155262115, 0: 0.10334898447378839}",1,0.09999999999999432,True,
1,8,1,1,1,single_condition,importance,wine_quality,815,forward_simulation,5,training,1,0,,infer_no_explanation,ImportanceCategorization,"[0.4848484992980957, 0.52173912525177, 0.26706230640411377, 0.31578946113586426, 0.3529411852359772]",,"{0: 0.5, 1: 0.5}",0,5.0,True,
1,8,1,1,1,single_condition,importance,wine_quality,815,forward_simulation,5,training,1,0,,infer_with_explanation,ImportanceCategorization,"[0.4848484992980957, 0.52173912525177, 0.26706230640411377, 0.31578946113586426, 0.3529411852359772]","[0.2228196556766448, 0.9934302388585695, 0.7514022306419874, 1.0, 0.26177558080368185]","{0: 0.5, 1: 0.5}",0,5.0,True,5.0
0,8,2,1,2,single_condition,importance,wine_quality,1406,forward_simulation,5,training,2,1,,infer_no_explanation,ImportanceCategorization,"[0.5151515007019043, 1.02173912525177, 0.1088031679391861, -0.05263157933950424, 0.3137255012989044]",,{0: 1.0},0,5.0,False,
0,8,2,1,2,single_condition,importance,wine_quality,1406,forward_simulation,5,training,2,1,,infer_with_explanation,ImportanceCategorization,"[0.5151515007019043, 1.02173912525177, 0.1088031679391861, -0.05263157933950424, 0.3137255012989044]","[0.10270057190043566, 1.0, 0.2729071462873901, 0.8925261095620171, 0.14696819205421466]",{0: 1.0},0,5.0,False,5.0
1,8,3,1,3,single_condition,importance,wine_quality,1493,forward_simulation,5,training,3,0,,infer_no_explanation,ImportanceCategorization,"[0.1515151560306549, 0.260869562625885, 1.3452028036117554, 0.4736842215061188, 0.3921568691730499]",,"{0: 0.5, 1: 0.5}",0,5.0,True,
0,8,3,1,3,single_condition,importance,wine_quality,1493,forward_simulation,5,training,3,0,,infer_with_explanation,ImportanceCategorization,"[0.1515151560306549, 0.260869562625885, 1.3452028036117554, 0.4736842215061188, 0.3921568691730499]","[1.0, 0.23329043518907655, 0.35178449111277593, 0.30864849008154865, 0.010003289524048716]",{1: 1.0},1,5.0,False,5.0
1,8,4,1,4,single_condition,importance,wine_quality,1409,forward_simulation,5,training,4,0,,infer_no_explanation,ImportanceCategorization,"[0.4545454680919647, 1.0, 0.42532145977020264, 0.42105263471603394, 0.9411764740943909]",,"{0: 0.5, 1: 0.5}",0,5.0,True,
1,8,4,1,4,single_condition,importance,wine_quality,1409,forward_simulation,5,training,4,0,,infer_with_explanation,ImportanceCategorization,"[0.4545454680919647, 1.0, 0.42532145977020264, 0.42105263471603394, 0.9411764740943909]","[0.019814893126045747, 1.0, 0.01570737603582684, 0.3676587396771565, 0.16725942428550922]",{0: 1.0},0,5.0,True,5.0
1,8,5,1,5,single_condition,importance,wine_quality,1498,forward_simulation,5,training,5,0,,infer_no_explanation,ImportanceCategorization,"[0.4848484992980957, 0.239130437374115, 0.01978239417076111, 1.0964912176132202, 0.9215686321258545]",,"{0: 0.5, 1: 0.5}",0,5.0,True,
1,8,5,1,5,single_condition,importance,wine_quality,1498,forward_simulation,5,training,5,0,,infer_with_explanation,ImportanceCategorization,"[0.4848484992980957, 0.239130437374115, 0.01978239417076111, 1.0964912176132202, 0.9215686321258545]","[0.0002249735077053205, 0.27239443446040185, 0.3818536224175673, 1.0, 0.33074287855968915]",{0: 1.0},0,5.0,True,5.0
0,8,6,1,6,single_condition,importance,wine_quality,919,forward_simulation,5,training,6,1,,infer_no_explanation,ImportanceCategorization,"[0.7878788113594055, 0.9130434989929199, 0.3461918830871582, 0.6140350699424744, 0.6274510025978088]",,"{0: 0.5, 1: 0.5}",0,5.0,False,
0,8,6,1,6,single_condition,importance,wine_quality,919,forward_simulation,5,training,6,1,,infer_with_explanation,ImportanceCategorization,"[0.7878788113594055, 0.9130434989929199, 0.3461918830871582, 0.6140350699424744, 0.6274510025978088]","[1.0, 0.4629812945135413, 0.09951676446763429, 0.003739976984235422, 0.05463762866885406]",{0: 1.0},0,5.0,False,5.0
0,8,7,1,7,single_condition,importance,wine_quality,1422,forward_simulation,5,training,7,1,,infer_no_explanation,ImportanceCategorization,"[0.6666666865348816, 0.804347813129425, 0.4352126717567444, 0.4736842215061188, 0.6470588445663452]",,"{0: 0.5, 1: 0.5}",0,5.0,False,
1,8,7,1,7,single_condition,importance,wine_quality,1422,forward_simulation,5,training,7,1,,infer_with_explanation,ImportanceCategorization,"[0.6666666865348816, 0.804347813129425, 0.4352126717567444, 0.4736842215061188, 0.6470588445663452]","[1.0, 0.36082334419273676, 0.032254350897046855, 0.052982819494599744, 0.021929100192704096]",{1: 1.0},1,5.0,True,5.0
0,8,8,1,8,single_condition,importance,wine_quality,1066,forward_simulation,5,training,8,1,,infer_no_explanation,ImportanceCategorization,"[1.0, 0.54347825050354, 0.1483679562807083, 0.4385964870452881, 0.6666666865348816]",,"{0: 0.5, 1: 0.5}",0,5.0,False,
1,8,8,1,8,single_condition,importance,wine_quality,1066,forward_simulation,5,training,8,1,,infer_with_explanation,ImportanceCategorization,"[1.0, 0.54347825050354, 0.1483679562807083, 0.4385964870452881, 0.6666666865348816]","[1.0, 0.10015488329344474, 0.10535844994001922, 0.12300934659846512, 0.05497492349709145]",{1: 1.0},1,5.0,True,5.0
1,8,9,1,9,single_condition,importance,wine_quality,89,forward_simulation,5,training,9,0,,infer_no_explanation,ImportanceCategorization,"[-0.06060606241226196, 0.1304347813129425, 0.1285855621099472, 0.6140350699424744, 0.8235294222831726]",,"{0: 0.5, 1: 0.5}",0,5.0,True,
0,8,9,1,9,single_condition,importance,wine_quality,89,forward_simulation,5,training,9,0,,infer_with_explanation,ImportanceCategorization,"[-0.06060606241226196, 0.1304347813129425, 0.1285855621099472, 0.6140350699424744, 0.8235294222831726]","[1.0, 0.5970034440359994, 0.1978233474880149, 0.20721013349213932, 0.13026630636140685]",{1: 1.0},1,5.0,False,5.0
0,8,10,1,10,single_condition,importance,wine_quality,1063,forward_simulation,5,training,10,1,,infer_no_explanation,ImportanceCategorization,"[0.7878788113594055, 0.3478260934352875, 0.059347182512283325, 0.035087719559669495, 0.3137255012989044]",,"{0: 0.5, 1: 0.5}",0,5.0,False,
0,8,10,1,10,single_condition,importance,wine_quality,1063,forward_simulation,5,training,10,1,,infer_with_explanation,ImportanceCategorization,"[0.7878788113594055, 0.3478260934352875, 0.059347182512283325, 0.035087719559669495, 0.3137255012989044]","[1.0, 0.11476931604766466, 0.2797589945683859, 0.3618233670127103, 0.0010335335759997953]",{0: 1.0},0,5.0,False,5.0
1,8,11,1,1,single_condition,importance,wine_quality,735,forward_simulation,5,testing,1,0,False,infer_no_explanation,ImportanceCategorization,"[0.09090909361839294, 0.06521739065647125, 0.1088031679391861, 1.219298243522644, 0.3921568691730499]",,"{0: 0.5, 1: 0.5}",0,5.0,True,
1,8,12,1,2,single_condition,importance,wine_quality,1016,forward_simulation,5,testing,2,1,True,infer_with_explanation,ImportanceCategorization,"[1.0303030014038086, 0.6086956262588501, 0.16815035045146942, 0.19298245012760162, 0.4117647111415863]","[1.0, 0.39117423090515635, 0.18336401895193782, 0.3566017245112949, 0.008799463399233681]",{1: 1.0},1,5.0,True,
0,8,13,1,3,single_condition,importance,wine_quality,882,forward_simulation,5,testing,3,1,False,infer_no_explanation,ImportanceCategorization,"[0.8484848737716675, 0.6739130616188049, 0.1483679562807083, 0.07017543911933899, 0.3137255012989044]",,"{0: 0.5, 1: 0.5}",0,5.0,False,
1,8,14,1,4,single_condition,importance,wine_quality,940,forward_simulation,5,testing,4,1,True,infer_with_explanation,ImportanceCategorization,"[0.9696969985961914, 0.6304348111152649, 0.13847675919532776, 0.10526315867900848, 0.5882353186607361]","[1.0, 0.3486862124968494, 0.09501657549178047, 0.35377089702942116, 0.07973822603396519]",{1: 1.0},1,5.0,True,
1,8,15,1,5,single_condition,importance,wine_quality,580,forward_simulation,5,testing,5,0,False,infer_no_explanation,ImportanceCategorization,"[0.12121212482452393, -0.06521739065647125, 0.029673591256141663, 0.4035087823867798, 0.2549019753932953]",,"{0: 0.5, 1: 0.5}",0,5.0,True,
0,8,16,1,6,single_condition,importance,wine_quality,1341,forward_simulation,5,testing,6,0,True,infer_with_explanation,ImportanceCategorization,"[0.39393940567970276, 0.15217390656471252, 0.19782394170761108, 0.42105263471603394, 0.5882353186607361]","[0.09306311484191862, 1.0, 0.41105533916886444, 0.45510543308963225, 0.03160113291836819]",{1: 1.0},1,5.0,False,
1,8,17,1,7,single_condition,importance,wine_quality,1590,forward_simulation,5,testing,7,1,True,infer_with_explanation,ImportanceCategorization,"[0.7272727489471436, 0.760869562625885, 0.2373887300491333, 0.4912280738353729, 0.5098039507865906]","[1.0, 0.5628551446044422, 0.07295428529707969, 0.10075912046491044, 0.029799285749803884]",{1: 1.0},1,5.0,True,
0,8,18,1,8,single_condition,importance,wine_quality,1437,forward_simulation,5,testing,8,0,True,infer_with_explanation,ImportanceCategorization,"[0.5757575631141663, 0.15217390656471252, 0.2769535183906555, 1.1315789222717285, 0.9215686321258545]","[0.3162164910765305, 1.0, 0.22950935783334886, 0.9720446822161861, 0.21372805474412818]",{1: 1.0},1,5.0,False,
0,8,19,1,9,single_condition,importance,wine_quality,46,forward_simulation,5,testing,9,0,True,infer_with_explanation,ImportanceCategorization,"[0.0, 0.5652173757553101, 1.0187932252883911, 1.1666666269302368, 0.37254902720451355]","[1.0, 0.2793226932829403, 0.4819194865743115, 0.7372688522496069, 0.009343914544864745]",{1: 1.0},1,5.0,False,
0,8,20,1,10,single_condition,importance,wine_quality,1172,forward_simulation,5,testing,10,1,False,infer_no_explanation,ImportanceCategorization,"[0.939393937587738, 0.5869565010070801, 0.04945598542690277, 0.2631579041481018, 0.4117647111415863]",,"{0: 0.5, 1: 0.5}",0,5.0,False,
0,8,21,1,11,single_condition,importance,wine_quality,982,forward_simulation,5,testing,11,1,False,infer_no_explanation,ImportanceCategorization,"[1.121212124824524, 0.760869562625885, 0.5835806131362915, 0.4385964870452881, 0.5490196347236633]",,"{0: 0.5, 1: 0.5}",0,5.0,False,
1,8,22,1,12,single_condition,importance,wine_quality,1188,forward_simulation,5,testing,12,0,True,infer_with_explanation,ImportanceCategorization,"[0.5151515007019043, 0.5, 1.068249225616455, 0.6491228342056274, 0.5882353186607361]","[0.2490100345336387, 0.3158642563942738, 0.7022625505045741, 1.0, 0.18220724170547972]","{0: 0.5, 1: 0.5}",0,5.0,True,
1,8,23,1,13,single_condition,importance,wine_quality,182,forward_simulation,5,testing,13,0,False,infer_no_explanation,ImportanceCategorization,"[0.03030303120613098, 0.10869564861059189, 0.306627094745636, 0.8070175647735596, 0.7450980544090271]",,"{0: 0.5, 1: 0.5}",0,5.0,True,
1,8,24,1,14,single_condition,importance,wine_quality,989,forward_simulation,5,testing,14,0,True,infer_with_explanation,ImportanceCategorization,"[0.5151515007019043, 0.08695652335882187, 0.09891197085380554, 0.04385964944958687, 0.1568627506494522]","[0.0531057544684027, 0.93313238321796, 0.8325171928081286, 1.0, 0.30205825481380827]","{0: 0.5, 1: 0.5}",0,5.0,True,
0,8,25,1,15,single_condition,importance,wine_quality,377,forward_simulation,5,testing,15,1,True,infer_with_explanation,ImportanceCategorization,"[0.8484848737716675, 1.43478262424469, 0.06923837959766388, 0.0, 0.27450981736183167]","[1.0, 0.41701301914863453, 0.34355192340991425, 0.3446165124992281, 0.0796095162362717]","{0: 0.5, 1: 0.5}",0,5.0,False,
1,8,26,1,16,single_condition,importance,wine_quality,140,forward_simulation,5,testing,16,0,True,infer_with_explanation,ImportanceCategorization,"[0.12121212482452393, 0.760869562625885, 0.5143422484397888, 0.8333333134651184, 0.2549019753932953]","[0.9248290915624686, 0.9196918665533808, 1.0, 0.9777644539176957, 0.2570722861031964]","{0: 0.5, 1: 0.5}",0,5.0,True,
1,8,27,1,17,single_condition,importance,wine_quality,21,forward_simulation,5,testing,17,0,False,infer_no_explanation,ImportanceCategorization,"[0.1515151560306549, 0.3913043439388275, 0.5934718251228333, 0.21052631735801697, 0.9019607901573181]",,"{0: 0.5, 1: 0.5}",0,5.0,True,
0,8,28,1,18,single_condition,importance,wine_quality,513,forward_simulation,5,testing,18,1,False,infer_no_explanation,ImportanceCategorization,"[0.7878788113594055, 0.41304346919059753, 0.03956478834152222, 0.42105263471603394, 0.05882352963089943]",,"{0: 0.5, 1: 0.5}",0,5.0,False,
0,8,29,1,19,single_condition,importance,wine_quality,1070,forward_simulation,5,testing,19,1,False,infer_no_explanation,ImportanceCategorization,"[0.5757575631141663, 0.9130434989929199, 0.2571711242198944, 0.10526315867900848, 0.23529411852359772]",,"{0: 0.5, 1: 0.5}",0,5.0,False,
0,8,30,1,20,single_condition,importance,wine_quality,1405,forward_simulation,5,testing,20,1,False,infer_no_explanation,ImportanceCategorization,"[0.6363636255264282, 0.9347826242446899, 0.22749753296375275, 0.017543859779834747, 0.4313725531101227]",,"{0: 0.5, 1: 0.5}",0,5.0,False,
1,9,1,1,1,single_condition,attribution,wine_quality,991,forward_simulation,5,training,1,0,,infer_no_explanation,AttributionSum,"[0.06060606241226196, 0.021739130839705467, 0.5637982487678528, 0.12280701845884323, 0.7647058963775635]",,"{0: 0.5, 1: 0.5}",0,5.0,True,
1,9,1,1,1,single_condition,attribution,wine_quality,991,forward_simulation,5,training,1,0,,infer_with_explanation,AttributionSum,"[0.06060606241226196, 0.021739130839705467, 0.5637982487678528, 0.12280701845884323, 0.7647058963775635]","[-1.0, -0.5807110513768424, -0.3524931390528278, 0.47453482398994823, -0.1631802623194313]","{0: 0.8293051966205861, 1: 0.17069480337941392}",0,5.0,True,5.0
0,9,2,1,2,single_condition,attribution,wine_quality,946,forward_simulation,5,training,2,1,,infer_no_explanation,AttributionSum,"[0.8484848737716675, 1.1304347515106201, 0.1285855621099472, 0.2982456088066101, 0.45098039507865906]",,"{0: 0.8293051966205861, 1: 0.17069480337941392}",0,5.0,False,
1,9,2,1,2,single_condition,attribution,wine_quality,946,forward_simulation,5,training,2,1,,infer_with_explanation,AttributionSum,"[0.8484848737716675, 1.1304347515106201, 0.1285855621099472, 0.2982456088066101, 0.45098039507865906]","[1.0, 0.34517219914720104, 0.13872101579597765, 0.0981199663442766, -0.0027114037994629856]","{0: 0.20666077899929558, 1: 0.7933392210007044}",1,5.0,True,5.0
1,9,3,1,3,single_condition,attribution,wine_quality,809,forward_simulation,5,training,3,0,,infer_no_explanation,AttributionSum,"[0.3333333432674408, 0.17391304671764374, 0.03956478834152222, 0.3684210479259491, 0.3137255012989044]",,"{0: 0.8146608042778415, 1: 0.1853391957221585}",0,5.0,True,
1,9,3,1,3,single_condition,attribution,wine_quality,809,forward_simulation,5,training,3,0,,infer_with_explanation,AttributionSum,"[0.3333333432674408, 0.17391304671764374, 0.03956478834152222, 0.3684210479259491, 0.3137255012989044]","[-0.056013330401689154, -1.0, 0.7365200898068195, 0.030817879369770346, 0.11893685161259906]","{0: 0.5654915375755548, 1: 0.4345084624244452}",0,5.0,True,5.0
0,9,4,1,4,single_condition,attribution,wine_quality,329,forward_simulation,5,training,4,0,,infer_no_explanation,AttributionSum,"[0.09090909361839294, 0.32608696818351746, 0.03956478834152222, 0.3333333432674408, 0.23529411852359772]",,"{0: 0.32375726392264015, 1: 0.6762427360773599}",1,5.0,False,
1,9,4,1,4,single_condition,attribution,wine_quality,329,forward_simulation,5,training,4,0,,infer_with_explanation,AttributionSum,"[0.09090909361839294, 0.32608696818351746, 0.03956478834152222, 0.3333333432674408, 0.23529411852359772]","[-1.0, -0.1837808555720549, 0.29932733167409314, 0.12719690769261935, 0.016507526981504254]","{0: 0.6683368945189576, 1: 0.33166310548104233}",0,5.0,True,5.0
0,9,5,1,5,single_condition,attribution,wine_quality,506,forward_simulation,5,training,5,1,,infer_no_explanation,AttributionSum,"[0.4848484992980957, 1.1956521272659302, 0.09891197085380554, -0.05263157933950424, 0.37254902720451355]",,"{0: 0.8256263282837066, 1: 0.1743736717162933}",0,5.0,False,
1,9,5,1,5,single_condition,attribution,wine_quality,506,forward_simulation,5,training,5,1,,infer_with_explanation,AttributionSum,"[0.4848484992980957, 1.1956521272659302, 0.09891197085380554, -0.05263157933950424, 0.37254902720451355]","[-0.0029750451092536967, 1.0, 0.2691625122096291, 0.7332221849773808, 0.23363185287822402]","{0: 0.1501758908352332, 1: 0.8498241091647668}",1,5.0,True,5.0
0,9,6,1,6,single_condition,attribution,wine_quality,993,forward_simulation,5,training,6,0,,infer_no_explanation,AttributionSum,"[0.06060606241226196, 0.021739130839705467, 0.5637982487678528, 0.12280701845884323, 0.7647058963775635]",,"{0: 0.2625901258259795, 1: 0.7374098741740205}",1,5.0,False,
1,9,6,1,6,single_condition,attribution,wine_quality,993,forward_simulation,5,training,6,0,,infer_with_explanation,AttributionSum,"[0.06060606241226196, 0.021739130839705467, 0.5637982487678528, 0.12280701845884323, 0.7647058963775635]","[-1.0, -0.4106444129911368, -0.41300797706252695, 0.5349739966991938, -0.1751925609091001]","{0: 0.6142058044602325, 1: 0.3857941955397675}",0,5.0,True,5.0
1,9,7,1,7,single_condition,attribution,wine_quality,1008,forward_simulation,5,training,7,1,,infer_no_explanation,AttributionSum,"[0.8484848737716675, 0.5, 0.1285855621099472, 0.14035087823867798, 0.3333333432674408]",,"{0: 0.3677550809240765, 1: 0.6322449190759235}",1,5.0,True,
1,9,7,1,7,single_condition,attribution,wine_quality,1008,forward_simulation,5,training,7,1,,infer_with_explanation,AttributionSum,"[0.8484848737716675, 0.5, 0.1285855621099472, 0.14035087823867798, 0.3333333432674408]","[1.0, 0.1559548476768825, 0.03322326910066671, 0.3134432902473556, -0.05766026563589879]","{0: 0.2119112274921653, 1: 0.7880887725078347}",1,5.0,True,5.0
1,9,8,1,8,single_condition,attribution,wine_quality,998,forward_simulation,5,training,8,0,,infer_no_explanation,AttributionSum,"[-0.03030303120613098, 0.021739130839705467, -0.009891197085380554, 1.0, 0.11764705926179886]",,"{0: 0.6513608123013739, 1: 0.3486391876986262}",0,5.0,True,
1,9,8,1,8,single_condition,attribution,wine_quality,998,forward_simulation,5,training,8,0,,infer_with_explanation,AttributionSum,"[-0.03030303120613098, 0.021739130839705467, -0.009891197085380554, 1.0, 0.11764705926179886]","[-1.0, -0.5434828235003677, 0.3836944654580523, -0.7103585967762078, 0.18380546243331333]","{0: 0.8468827900988062, 1: 0.15311720990119385}",0,5.0,True,5.0
1,9,9,1,9,single_condition,attribution,wine_quality,1068,forward_simulation,5,training,9,1,,infer_no_explanation,AttributionSum,"[0.5151515007019043, 0.782608687877655, -0.009891197085380554, 0.07017543911933899, -0.0784313753247261]",,"{0: 0.23864446135558548, 1: 0.7613555386444145}",1,5.0,True,
1,9,9,1,9,single_condition,attribution,wine_quality,1068,forward_simulation,5,training,9,1,,infer_with_explanation,AttributionSum,"[0.5151515007019043, 0.782608687877655, -0.009891197085380554, 0.07017543911933899, -0.0784313753247261]","[0.31921743677637593, 0.8533127492526522, 0.784640610301571, 1.0, 0.2218907961451361]","{0: 0.13548441127712874, 1: 0.8645155887228713}",1,5.0,True,5.0
1,9,10,1,10,single_condition,attribution,wine_quality,1015,forward_simulation,5,training,10,1,,infer_no_explanation,AttributionSum,"[0.6666666865348816, 0.804347813129425, 0.15825915336608887, 0.21052631735801697, 0.0]",,"{0: 0.2987489767111964, 1: 0.7012510232888036}",1,5.0,True,
1,9,10,1,10,single_condition,attribution,wine_quality,1015,forward_simulation,5,training,10,1,,infer_with_explanation,AttributionSum,"[0.6666666865348816, 0.804347813129425, 0.15825915336608887, 0.21052631735801697, 0.0]","[1.0, 0.405962145052968, 0.025370116545918912, 0.34162942408300756, 0.11719619951959832]","{0: 0.1968717133505976, 1: 0.8031282866494024}",1,5.0,True,5.0
1,9,11,1,1,single_condition,attribution,wine_quality,1405,forward_simulation,5,testing,1,1,False,infer_no_explanation,AttributionSum,"[0.6363636255264282, 0.9347826242446899, 0.22749753296375275, 0.017543859779834747, 0.4313725531101227]",,"{0: 0.07415227228069077, 1: 0.9258477277193092}",1,5.0,True,
1,9,12,1,2,single_condition,attribution,wine_quality,505,forward_simulation,5,testing,2,1,True,infer_with_explanation,AttributionSum,"[1.0, 0.6739130616188049, 0.1483679562807083, 0.38596490025520325, 0.19607843458652496]","[1.0, 0.4056018493178818, 0.14176311250883092, 0.0919233625731073, 0.04493301555128342]","{0: 0.1969286870991096, 1: 0.8030713129008904}",1,5.0,True,
0,9,13,1,3,single_condition,attribution,wine_quality,1502,forward_simulation,5,testing,3,0,False,infer_no_explanation,AttributionSum,"[0.1818181872367859, 0.15217390656471252, 0.48466864228248596, 0.5526315569877625, 0.4901960790157318]",,"{0: 0.08274652370901436, 1: 0.9172534762909856}",1,5.0,False,
1,9,14,1,4,single_condition,attribution,wine_quality,687,forward_simulation,5,testing,4,0,True,infer_with_explanation,AttributionSum,"[0.1515151560306549, 0.260869562625885, 0.26706230640411377, 0.6491228342056274, 0.4313725531101227]","[-1.0, -0.3796027646083133, -0.1564592006767688, -0.8996650330368978, 0.1044603571227751]","{0: 0.8698536092917388, 1: 0.13014639070826123}",0,5.0,True,
1,9,15,1,5,single_condition,attribution,wine_quality,1070,forward_simulation,5,testing,5,1,False,infer_no_explanation,AttributionSum,"[0.5757575631141663, 0.9130434989929199, 0.2571711242198944, 0.10526315867900848, 0.23529411852359772]",,"{0: 0.4006399187353068, 1: 0.5993600812646932}",1,5.0,True,
1,9,16,1,6,single_condition,attribution,wine_quality,261,forward_simulation,5,testing,6,0,False,infer_no_explanation,AttributionSum,"[0.06060606241226196, 0.28260868787765503, 0.553907036781311, 1.236842155456543, 0.5686274766921997]",,"{0: 0.8694244154274556, 1: 0.1305755845725444}",0,5.0,True,
1,9,17,1,7,single_condition,attribution,wine_quality,1018,forward_simulation,5,testing,7,1,True,infer_with_explanation,AttributionSum,"[1.0606060028076172, -0.06521739065647125, 0.9693372845649719, -0.15789473056793213, -0.3333333432674408]","[1.0, -0.3089464357206773, -0.22899152377242932, 0.5110655493591125, 0.19665903924461586]","{0: 0.18078093247804994, 1: 0.8192190675219501}",1,5.0,True,
1,9,18,1,8,single_condition,attribution,wine_quality,1398,forward_simulation,5,testing,8,0,False,infer_no_explanation,AttributionSum,"[0.3030303120613098, 0.32608696818351746, 0.16815035045146942, 0.5789473652839661, 0.9019607901573181]",,"{0: 0.8031203141275465, 1: 0.19687968587245355}",0,5.0,True,
1,9,19,1,9,single_condition,attribution,wine_quality,1453,forward_simulation,5,testing,9,0,False,infer_no_explanation,AttributionSum,"[-0.06060606241226196, 0.239130437374115, 0.7319485545158386, 0.38596490025520325, 0.686274528503418]",,"{0: 0.8026834094325647, 1: 0.1973165905674353}",0,5.0,True,
0,9,20,1,10,single_condition,attribution,wine_quality,870,forward_simulation,5,testing,10,0,True,infer_with_explanation,AttributionSum,"[0.7878788113594055, 0.21739129722118378, 0.31651830673217773, 0.780701756477356, 0.686274528503418]","[1.0, -0.1718057364419679, -0.053603118851346145, -0.4494924168051174, -0.10356910535143211]","{0: 0.3657466538282995, 1: 0.6342533461717005}",1,5.0,False,
1,9,21,1,11,single_condition,attribution,wine_quality,1267,forward_simulation,5,testing,11,1,True,infer_with_explanation,AttributionSum,"[0.6666666865348816, 0.8695651888847351, 0.07912957668304443, 0.28070175647735596, 0.0784313753247261]","[1.0, 0.2539777882264693, 0.24228358113530551, 0.1712582232430703, 0.09259366535896288]","{0: 0.2220123242356833, 1: 0.7779876757643167}",1,5.0,True,
0,9,22,1,12,single_condition,attribution,wine_quality,1556,forward_simulation,5,testing,12,0,False,infer_no_explanation,AttributionSum,"[0.21212121844291687, 0.19565217196941376, 0.08902077376842499, 1.0701754093170166, 0.9215686321258545]",,"{0: 0.154012579621983, 1: 0.845987420378017}",1,5.0,False,
1,9,23,1,13,single_condition,attribution,wine_quality,507,forward_simulation,5,testing,13,0,True,infer_with_explanation,AttributionSum,"[0.09090909361839294, 0.52173912525177, 0.01978239417076111, 0.7017543911933899, 0.21568627655506134]","[-1.0, 0.05829587460612524, 0.41203815389865406, -0.6693736794934804, 0.11896885494515108]","{0: 0.8414922985074795, 1: 0.15850770149252044}",0,5.0,True,
0,9,24,1,14,single_condition,attribution,wine_quality,1120,forward_simulation,5,testing,14,1,False,infer_no_explanation,AttributionSum,"[1.1818181276321411, 0.54347825050354, 0.059347182512283325, 0.4736842215061188, 0.27450981736183167]",,"{0: 0.5264023486067579, 1: 0.4735976513932421}",0,5.0,False,
1,9,25,1,15,single_condition,attribution,wine_quality,1531,forward_simulation,5,testing,15,0,True,infer_with_explanation,AttributionSum,"[0.3030303120613098, 0.41304346919059753, 0.16815035045146942, 0.7631579041481018, 1.058823585510254]","[-0.1744261164485558, 0.4189060419498921, 0.09908190143261707, -1.0, -0.22276575412380345]","{0: 0.6413190872028326, 1: 0.3586809127971674}",0,5.0,True,
1,9,26,1,16,single_condition,attribution,wine_quality,960,forward_simulation,5,testing,16,1,True,infer_with_explanation,AttributionSum,"[0.5757575631141663, 0.8260869383811951, 0.26706230640411377, 0.35087719559669495, 0.19607843458652496]","[0.26353824269044746, 1.0, -0.24525828518225393, 0.40897180066013994, 0.6546511501678413]","{0: 0.1604813237640661, 1: 0.8395186762359339}",1,5.0,True,
1,9,27,1,17,single_condition,attribution,wine_quality,875,forward_simulation,5,testing,17,1,True,infer_with_explanation,AttributionSum,"[0.7878788113594055, 0.695652186870575, 0.04945598542690277, 0.07017543911933899, 0.4901960790157318]","[1.0, 0.37530418868162685, 0.17801562731213139, 0.352436385783854, 0.03512803118766579]","{0: 0.20176422657894233, 1: 0.7982357734210577}",1,5.0,True,
1,9,28,1,18,single_condition,attribution,wine_quality,1061,forward_simulation,5,testing,18,1,False,infer_no_explanation,AttributionSum,"[1.0, 0.47826087474823, 0.04945598542690277, 0.22807016968727112, 0.29411765933036804]",,"{0: 0.11134366830906317, 1: 0.8886563316909368}",1,5.0,True,
1,9,29,1,19,single_condition,attribution,wine_quality,947,forward_simulation,5,testing,19,1,False,infer_no_explanation,AttributionSum,"[0.9696969985961914, 0.32608696818351746, 0.009891197085380554, 0.017543859779834747, 0.3921568691730499]",,"{0: 0.1160935049302444, 1: 0.8839064950697556}",1,5.0,True,
1,9,30,1,20,single_condition,attribution,wine_quality,1496,forward_simulation,5,testing,20,0,True,infer_with_explanation,AttributionSum,"[0.1515151560306549, 0.260869562625885, 1.3452028036117554, 0.4736842215061188, 0.3921568691730499]","[-1.0, -0.4034306106992924, -0.6209606759418947, -0.4000722838853012, 0.0884611524118249]","{0: 0.8349275761533926, 1: 0.16507242384660734}",0,5.0,True,
0,10,1,1,1,single_condition,none,wine_quality,1209,forward_simulation,5,training,1,1,,infer_no_explanation,SensitiveFeatures,"[0.6060606241226196, 0.8695651888847351, 0.1285855621099472, 0.21052631735801697, 0.7647058963775635]",,"{0: 0.5, 1: 0.5}",0,0.1,False,5.0
0,10,2,1,2,single_condition,none,wine_quality,1027,forward_simulation,5,training,2,0,,infer_no_explanation,SensitiveFeatures,"[0.7272727489471436, 0.10869564861059189, 0.40553906559944153, 0.9210526347160339, 0.843137264251709]",,{1: 1.0},1,0.09999999999999964,False,5.0
1,10,3,1,3,single_condition,none,wine_quality,669,forward_simulation,5,training,3,0,,infer_no_explanation,SensitiveFeatures,"[0.0, 0.41304346919059753, 0.03956478834152222, 0.12280701845884323, -0.23529411852359772]",,"{1: 0.44424842116582774, 0: 0.5557515788341723}",0,0.09999999999999964,True,5.0
0,10,4,1,4,single_condition,none,wine_quality,430,forward_simulation,5,training,4,1,,infer_no_explanation,SensitiveFeatures,"[0.5454545617103577, 0.9347826242446899, 0.1285855621099472, -0.05263157933950424, 0.1764705926179886]",,"{1: 0.2924508141209892, 0: 0.7075491858790107}",0,0.09999999999999964,False,5.0
1,10,5,1,5,single_condition,none,wine_quality,1106,forward_simulation,5,training,5,0,,infer_no_explanation,SensitiveFeatures,"[0.939393937587738, 0.15217390656471252, 0.059347182512283325, -0.07017543911933899, 0.29411765933036804]",,"{0: 0.5304702725558392, 1: 0.4695297274441608}",0,0.10000000000000142,True,5.0
0,10,6,1,6,single_condition,none,wine_quality,589,forward_simulation,5,training,6,1,,infer_no_explanation,SensitiveFeatures,"[0.39393940567970276, 0.5869565010070801, 0.01978239417076111, 0.035087719559669495, -0.019607843831181526]",,"{0: 0.669989364586981, 1: 0.33001063541301895}",0,0.10000000000000142,False,5.0
1,10,7,1,7,single_condition,none,wine_quality,357,forward_simulation,5,training,7,1,,infer_no_explanation,SensitiveFeatures,"[0.7575757503509521, 0.6086956262588501, 0.17804154753684998, 0.2631579041481018, 0.3529411852359772]",,"{1: 0.6947177944475472, 0: 0.3052822055524527}",1,0.10000000000000142,True,5.0
0,10,8,1,8,single_condition,none,wine_quality,825,forward_simulation,5,training,8,0,,infer_no_explanation,SensitiveFeatures,"[0.4545454680919647, 0.043478261679410934, 0.2571711242198944, 0.3333333432674408, 0.5882353186607361]",,"{0: 0.255617996949638, 1: 0.7443820030503621}",1,0.10000000000000142,False,5.0
1,10,9,1,9,single_condition,none,wine_quality,915,forward_simulation,5,training,9,1,,infer_no_explanation,SensitiveFeatures,"[0.8181818127632141, 0.43478259444236755, -0.04945598542690277, 0.07894736528396606, 0.4117647111415863]",,"{1: 0.5846806500877125, 0: 0.41531934991228747}",1,0.10000000000000142,True,5.0
0,10,10,1,10,single_condition,none,wine_quality,932,forward_simulation,5,training,10,0,,infer_no_explanation,SensitiveFeatures,"[0.09090909361839294, 0.260869562625885, 0.5440158247947693, 0.22807016968727112, 0.7647058963775635]",,"{1: 0.6473131474157408, 0: 0.3526868525842593}",1,0.10000000000000142,False,5.0
1,10,11,1,1,single_condition,none,wine_quality,961,forward_simulation,5,testing,1,0,False,infer_no_explanation,SensitiveFeatures,"[0.03030303120613098, 0.32608696818351746, 0.06923837959766388, 0.5087719559669495, 0.4117647111415863]",,"{0: 0.7165725994816711, 1: 0.283427400518329}",0,0.10000000000000142,True,
0,10,12,1,2,single_condition,none,wine_quality,1267,forward_simulation,5,testing,2,1,False,infer_no_explanation,SensitiveFeatures,"[0.6666666865348816, 0.8695651888847351, 0.07912957668304443, 0.28070175647735596, 0.0784313753247261]",,"{1: 0.41204406562585505, 0: 0.587955934374145}",0,0.10000000000000142,False,
1,10,13,1,3,single_condition,none,wine_quality,1173,forward_simulation,5,testing,3,0,True,infer_no_explanation,SensitiveFeatures,"[0.09090909361839294, 0.32608696818351746, 0.5341246128082275, 0.15789473056793213, 0.7843137383460999]",,"{0: 0.7641875458341075, 1: 0.2358124541658925}",0,0.10000000000000142,True,
1,10,14,1,4,single_condition,none,wine_quality,1250,forward_simulation,5,testing,4,0,False,infer_no_explanation,SensitiveFeatures,"[0.5151515007019043, 0.30434781312942505, 0.2571711242198944, 0.5789473652839661, 0.6666666865348816]",,"{0: 0.7013155677611026, 1: 0.29868443223889735}",0,0.09999999999999432,True,
1,10,15,1,5,single_condition,none,wine_quality,764,forward_simulation,5,testing,5,0,False,infer_no_explanation,SensitiveFeatures,"[0.09090909361839294, 0.17391304671764374, 0.3264094889163971, 0.719298243522644, 0.4901960790157318]",,"{1: 0.3028561436045949, 0: 0.697143856395405}",0,0.09999999999999432,True,
0,10,16,1,6,single_condition,none,wine_quality,1172,forward_simulation,5,testing,6,1,False,infer_no_explanation,SensitiveFeatures,"[0.939393937587738, 0.5869565010070801, 0.04945598542690277, 0.2631579041481018, 0.4117647111415863]",,"{0: 0.7145346922867143, 1: 0.28546530771328565}",0,0.09999999999999432,False,
1,10,17,1,7,single_condition,none,wine_quality,957,forward_simulation,5,testing,7,0,False,infer_no_explanation,SensitiveFeatures,"[0.5757575631141663, 0.239130437374115, 0.39564788341522217, 0.17543859779834747, 0.45098039507865906]",,"{0: 0.7059000196397, 1: 0.29409998036030005}",0,0.09999999999999432,True,
1,10,18,1,8,single_condition,none,wine_quality,197,forward_simulation,5,testing,8,0,True,infer_no_explanation,SensitiveFeatures,"[0.27272728085517883, 1.08695650100708, 0.15825915336608887, 0.05263157933950424, 0.09803921729326248]",,"{1: 0.29332317460004814, 0: 0.7066768253999519}",0,0.09999999999999432,True,
1,10,19,1,9,single_condition,none,wine_quality,1337,forward_simulation,5,testing,9,0,True,infer_no_explanation,SensitiveFeatures,"[0.09090909361839294, -0.043478261679410934, 0.1483679562807083, 0.4035087823867798, 0.5882353186607361]",,"{0: 0.7082943362429343, 1: 0.2917056637570658}",0,0.09999999999999432,True,
1,10,20,1,10,single_condition,none,wine_quality,713,forward_simulation,5,testing,10,0,False,infer_no_explanation,SensitiveFeatures,"[0.06060606241226196, -0.021739130839705467, 0.3659742772579193, 0.28070175647735596, 0.5490196347236633]",,"{0: 0.7073061027969536, 1: 0.2926938972030464}",0,0.09999999999999432,True,
0,10,21,1,11,single_condition,none,wine_quality,1061,forward_simulation,5,testing,11,1,True,infer_no_explanation,SensitiveFeatures,"[1.0, 0.47826087474823, 0.04945598542690277, 0.22807016968727112, 0.29411765933036804]",,"{1: 0.2925565205607972, 0: 0.7074434794392028}",0,0.09999999999999432,False,
1,10,22,1,12,single_condition,none,wine_quality,1291,forward_simulation,5,testing,12,0,True,infer_no_explanation,SensitiveFeatures,"[0.5151515007019043, 0.6086956262588501, 0.48466864228248596, 0.640350878238678, 0.45098039507865906]",,"{0: 0.7076113289781356, 1: 0.2923886710218645}",0,0.09999999999999432,True,
0,10,23,1,13,single_condition,none,wine_quality,1018,forward_simulation,5,testing,13,1,True,infer_no_explanation,SensitiveFeatures,"[1.0606060028076172, -0.06521739065647125, 0.9693372845649719, -0.15789473056793213, -0.3333333432674408]",,"{0: 0.7074821261173722, 1: 0.29251787388262773}",0,0.09999999999999432,False,
1,10,24,1,14,single_condition,none,wine_quality,772,forward_simulation,5,testing,14,0,False,infer_no_explanation,SensitiveFeatures,"[0.06060606241226196, 0.17391304671764374, 1.315529227256775, 0.5263158082962036, 0.4117647111415863]",,"{1: 0.29248186853533953, 0: 0.7075181314646605}",0,0.09999999999999432,True,
0,10,25,1,15,single_condition,none,wine_quality,1016,forward_simulation,5,testing,15,1,True,infer_no_explanation,SensitiveFeatures,"[1.0303030014038086, 0.6086956262588501, 0.16815035045146942, 0.19298245012760162, 0.4117647111415863]",,"{0: 0.7075366194967833, 1: 0.29246338050321685}",0,0.09999999999999432,False,
0,10,26,1,16,single_condition,none,wine_quality,1405,forward_simulation,5,testing,16,1,True,infer_no_explanation,SensitiveFeatures,"[0.6363636255264282, 0.9347826242446899, 0.22749753296375275, 0.017543859779834747, 0.4313725531101227]",,"{0: 0.7075209729537294, 1: 0.29247902704627066}",0,0.09999999999999432,False,
0,10,27,1,17,single_condition,none,wine_quality,1590,forward_simulation,5,testing,17,1,True,infer_no_explanation,SensitiveFeatures,"[0.7272727489471436, 0.760869562625885, 0.2373887300491333, 0.4912280738353729, 0.5098039507865906]",,"{1: 0.29247423838301584, 0: 0.7075257616169842}",0,0.09999999999999432,False,
0,10,28,1,18,single_condition,none,wine_quality,940,forward_simulation,5,testing,18,1,True,infer_no_explanation,SensitiveFeatures,"[0.9696969985961914, 0.6304348111152649, 0.13847675919532776, 0.10526315867900848, 0.5882353186607361]",,"{0: 0.7075273330737027, 1: 0.29247266692629725}",0,0.09999999999999432,False,
0,10,29,1,19,single_condition,none,wine_quality,1205,forward_simulation,5,testing,19,1,False,infer_no_explanation,SensitiveFeatures,"[0.5454545617103577, 0.8260869383811951, 0.3264094889163971, 0.15789473056793213, 0.6666666865348816]",,"{0: 0.7075251602488546, 1: 0.29247483975114535}",0,0.09999999999999432,False,
0,10,30,1,20,single_condition,none,wine_quality,1070,forward_simulation,5,testing,20,1,False,infer_no_explanation,SensitiveFeatures,"[0.5757575631141663, 0.9130434989929199, 0.2571711242198944, 0.10526315867900848, 0.23529411852359772]",,"{1: 0.292474045114157, 0: 0.707525954885843}",0,0.09999999999999432,False,
1,11,1,1,1,single_condition,importance,wine_quality,147,forward_simulation,5,training,1,0,,infer_no_explanation,ImportanceCategorization,"[0.03030303120613098, 0.717391312122345, 0.7616221308708191, 0.38596490025520325, 0.09803921729326248]",,"{0: 0.5, 1: 0.5}",0,5.0,True,
1,11,1,1,1,single_condition,importance,wine_quality,147,forward_simulation,5,training,1,0,,infer_with_explanation,ImportanceCategorization,"[0.03030303120613098, 0.717391312122345, 0.7616221308708191, 0.38596490025520325, 0.09803921729326248]","[1.0, 0.4001952707031928, 0.4659632096865533, 0.16326423722394112, 0.24036303002328785]","{0: 0.5, 1: 0.5}",0,5.0,True,5.0
0,11,2,1,2,single_condition,importance,wine_quality,974,forward_simulation,5,training,2,1,,infer_no_explanation,ImportanceCategorization,"[0.8787878751754761, 0.32608696818351746, 0.01978239417076111, 0.10526315867900848, 0.47058823704719543]",,{0: 1.0},0,5.0,False,
0,11,2,1,2,single_condition,importance,wine_quality,974,forward_simulation,5,training,2,1,,infer_with_explanation,ImportanceCategorization,"[0.8787878751754761, 0.32608696818351746, 0.01978239417076111, 0.10526315867900848, 0.47058823704719543]","[1.0, 0.09332194425702986, 0.2809233618753387, 0.3428125496547284, 0.11985752779479344]",{0: 1.0},0,5.0,False,5.0
1,11,3,1,3,single_condition,importance,wine_quality,449,forward_simulation,5,training,3,0,,infer_no_explanation,ImportanceCategorization,"[0.4848484992980957, 0.30434781312942505, 0.2373887300491333, 0.21052631735801697, 0.0784313753247261]",,"{0: 0.5, 1: 0.5}",0,5.0,True,
0,11,3,1,3,single_condition,importance,wine_quality,449,forward_simulation,5,training,3,0,,infer_with_explanation,ImportanceCategorization,"[0.4848484992980957, 0.30434781312942505, 0.2373887300491333, 0.21052631735801697, 0.0784313753247261]","[0.016083072866129765, 0.05884744812395322, 0.009042770788685333, 1.0, 0.25143692655029354]",{1: 1.0},1,5.0,False,5.0
0,11,4,1,4,single_condition,importance,wine_quality,514,forward_simulation,5,training,4,1,,infer_no_explanation,ImportanceCategorization,"[0.7878788113594055, 0.41304346919059753, 0.03956478834152222, 0.42105263471603394, 0.05882352963089943]",,"{0: 0.5, 1: 0.5}",0,5.0,False,
0,11,4,1,4,single_condition,importance,wine_quality,514,forward_simulation,5,training,4,1,,infer_with_explanation,ImportanceCategorization,"[0.7878788113594055, 0.41304346919059753, 0.03956478834152222, 0.42105263471603394, 0.05882352963089943]","[1.0, 0.11341444245958966, 0.2454063636375547, 0.09783867009198516, 0.009949627287538641]",{0: 1.0},0,5.0,False,5.0
0,11,5,1,5,single_condition,importance,wine_quality,606,forward_simulation,5,training,5,1,,infer_no_explanation,ImportanceCategorization,"[0.9090909361839294, 0.695652186870575, 0.08902077376842499, 0.24561403691768646, 0.5490196347236633]",,"{0: 0.5, 1: 0.5}",0,5.0,False,
1,11,5,1,5,single_condition,importance,wine_quality,606,forward_simulation,5,training,5,1,,infer_with_explanation,ImportanceCategorization,"[0.9090909361839294, 0.695652186870575, 0.08902077376842499, 0.24561403691768646, 0.5490196347236633]","[1.0, 0.4629075007230679, 0.34527553709839964, 0.08723756173532811, 0.0019746824144709256]",{1: 1.0},1,5.0,True,5.0
1,11,6,1,6,single_condition,importance,wine_quality,279,forward_simulation,5,training,6,0,,infer_no_explanation,ImportanceCategorization,"[0.39393940567970276, 0.6521739363670349, 0.35608309507369995, 0.22807016968727112, 0.6274510025978088]",,"{0: 0.5, 1: 0.5}",0,5.0,True,
0,11,6,1,6,single_condition,importance,wine_quality,279,forward_simulation,5,training,6,0,,infer_with_explanation,ImportanceCategorization,"[0.39393940567970276, 0.6521739363670349, 0.35608309507369995, 0.22807016968727112, 0.6274510025978088]","[0.006178035998007353, 1.0, 0.12383664477715242, 0.4212302234958869, 0.11027696861500051]",{1: 1.0},1,5.0,False,5.0
0,11,7,1,7,single_condition,importance,wine_quality,1098,forward_simulation,5,training,7,1,,infer_no_explanation,ImportanceCategorization,"[1.0, 0.739130437374115, 0.04945598542690277, 0.07017543911933899, 0.1764705926179886]",,"{0: 0.5, 1: 0.5}",0,5.0,False,
0,11,7,1,7,single_condition,importance,wine_quality,1098,forward_simulation,5,training,7,1,,infer_with_explanation,ImportanceCategorization,"[1.0, 0.739130437374115, 0.04945598542690277, 0.07017543911933899, 0.1764705926179886]","[1.0, 0.4635004032814305, 0.28092277583528946, 0.26648823906128427, 0.05290113463275308]",{0: 1.0},0,5.0,False,5.0
0,11,8,1,8,single_condition,importance,wine_quality,198,forward_simulation,5,training,8,1,,infer_no_explanation,ImportanceCategorization,"[1.1515151262283325, 0.8260869383811951, 0.8110781311988831, 0.9912280440330505, 1.0]",,"{0: 0.5, 1: 0.5}",0,5.0,False,
1,11,8,1,8,single_condition,importance,wine_quality,198,forward_simulation,5,training,8,1,,infer_with_explanation,ImportanceCategorization,"[1.1515151262283325, 0.8260869383811951, 0.8110781311988831, 0.9912280440330505, 1.0]","[1.0, 0.3929953966770625, 0.3077211250100047, 0.3145316188968315, 0.030128429915892378]",{1: 1.0},1,5.0,True,5.0
1,11,9,1,9,single_condition,importance,wine_quality,630,forward_simulation,5,training,9,0,,infer_no_explanation,ImportanceCategorization,"[0.03030303120613098, 0.28260868787765503, 0.19782394170761108, 0.4736842215061188, 0.4117647111415863]",,"{0: 0.5, 1: 0.5}",0,5.0,True,
0,11,9,1,9,single_condition,importance,wine_quality,630,forward_simulation,5,training,9,0,,infer_with_explanation,ImportanceCategorization,"[0.03030303120613098, 0.28260868787765503, 0.19782394170761108, 0.4736842215061188, 0.4117647111415863]","[1.0, 0.22897196423787022, 0.27877970359909315, 0.14396941443596795, 0.0975795828847371]",{1: 1.0},1,5.0,False,5.0
1,11,10,1,10,single_condition,importance,wine_quality,1246,forward_simulation,5,training,10,0,,infer_no_explanation,ImportanceCategorization,"[0.24242424964904785, 0.021739130839705467, 0.3659742772579193, 0.8245614171028137, 0.11764705926179886]",,"{0: 0.5, 1: 0.5}",0,5.0,True,
1,11,10,1,10,single_condition,importance,wine_quality,1246,forward_simulation,5,training,10,0,,infer_with_explanation,ImportanceCategorization,"[0.24242424964904785, 0.021739130839705467, 0.3659742772579193, 0.8245614171028137, 0.11764705926179886]","[0.846214567727103, 0.7404171121710295, 0.08658816615396406, 1.0, 0.16175978468895483]",{0: 1.0},0,5.0,True,5.0
0,11,11,1,1,single_condition,importance,wine_quality,1205,forward_simulation,5,testing,1,1,False,infer_no_explanation,ImportanceCategorization,"[0.5454545617103577, 0.8260869383811951, 0.3264094889163971, 0.15789473056793213, 0.6666666865348816]",,"{0: 0.5, 1: 0.5}",0,5.0,False,
1,11,12,1,2,single_condition,importance,wine_quality,410,forward_simulation,5,testing,2,0,True,infer_with_explanation,ImportanceCategorization,"[0.09090909361839294, 0.32608696818351746, 0.7418397665023804, 0.28070175647735596, 0.6274510025978088]","[1.0, 0.16842027755825176, 0.4224598185774543, 0.0461757617766578, 0.0915330510906043]",{0: 1.0},0,5.0,True,
1,11,13,1,3,single_condition,importance,wine_quality,1490,forward_simulation,5,testing,3,0,False,infer_no_explanation,ImportanceCategorization,"[0.9696969985961914, 0.19565217196941376, 0.06923837959766388, -0.08771929889917374, 0.6470588445663452]",,"{0: 0.5, 1: 0.5}",0,5.0,True,
0,11,14,1,4,single_condition,importance,wine_quality,940,forward_simulation,5,testing,4,1,True,infer_with_explanation,ImportanceCategorization,"[0.9696969985961914, 0.6304348111152649, 0.13847675919532776, 0.10526315867900848, 0.5882353186607361]","[1.0, 0.3486862124968494, 0.09501657549178047, 0.35377089702942116, 0.07973822603396519]",{0: 1.0},0,5.0,False,
0,11,15,1,5,single_condition,importance,wine_quality,960,forward_simulation,5,testing,5,1,True,infer_with_explanation,ImportanceCategorization,"[0.5757575631141663, 0.8260869383811951, 0.26706230640411377, 0.35087719559669495, 0.19607843458652496]","[0.26353824269044746, 1.0, 0.24525828518225393, 0.40897180066013994, 0.6546511501678413]",{0: 1.0},0,5.0,False,
1,11,16,1,6,single_condition,importance,wine_quality,1218,forward_simulation,5,testing,6,0,True,infer_with_explanation,ImportanceCategorization,"[0.42424243688583374, 0.47826087474823, 0.1285855621099472, 0.22807016968727112, 0.3529411852359772]","[0.3783154881673307, 0.6289744269471511, 1.0, 0.6564047952471813, 0.6885223537038045]",{0: 1.0},0,5.0,True,
1,11,17,1,7,single_condition,importance,wine_quality,1102,forward_simulation,5,testing,7,0,False,infer_no_explanation,ImportanceCategorization,"[0.6060606241226196, 0.15217390656471252, 0.18793274462223053, 0.3684210479259491, 0.7647058963775635]",,"{0: 0.5, 1: 0.5}",0,5.0,True,
0,11,18,1,8,single_condition,importance,wine_quality,1267,forward_simulation,5,testing,8,1,False,infer_no_explanation,ImportanceCategorization,"[0.6666666865348816, 0.8695651888847351, 0.07912957668304443, 0.28070175647735596, 0.0784313753247261]",,"{0: 0.5, 1: 0.5}",0,5.0,False,
1,11,19,1,9,single_condition,importance,wine_quality,1355,forward_simulation,5,testing,9,0,True,infer_with_explanation,ImportanceCategorization,"[0.27272728085517883, -0.06521739065647125, 0.20771513879299164, 0.08771929889917374, 0.5882353186607361]","[1.0, 0.8788315046417301, 0.17736818938877405, 0.8849892925909626, 0.05646673870573768]","{0: 0.5, 1: 0.5}",0,5.0,True,
0,11,20,1,10,single_condition,importance,wine_quality,267,forward_simulation,5,testing,10,1,False,infer_no_explanation,ImportanceCategorization,"[1.0909091234207153, 0.8478260636329651, 0.2571711242198944, 0.14035087823867798, 0.5686274766921997]",,"{0: 0.5, 1: 0.5}",0,5.0,False,
0,11,21,1,11,single_condition,importance,wine_quality,1405,forward_simulation,5,testing,11,1,False,infer_no_explanation,ImportanceCategorization,"[0.6363636255264282, 0.9347826242446899, 0.22749753296375275, 0.017543859779834747, 0.4313725531101227]",,"{0: 0.5, 1: 0.5}",0,5.0,False,
0,11,22,1,12,single_condition,importance,wine_quality,505,forward_simulation,5,testing,12,1,True,infer_with_explanation,ImportanceCategorization,"[1.0, 0.6739130616188049, 0.1483679562807083, 0.38596490025520325, 0.19607843458652496]","[1.0, 0.4056018493178818, 0.14176311250883092, 0.0919233625731073, 0.04493301555128342]","{0: 0.5, 1: 0.5}",0,5.0,False,
1,11,23,1,13,single_condition,importance,wine_quality,228,forward_simulation,5,testing,13,0,True,infer_with_explanation,ImportanceCategorization,"[0.39393940567970276, 0.239130437374115, 0.5143422484397888, 0.28070175647735596, 0.6078431606292725]","[0.14988961755128008, 0.23402443214644103, 1.0, 0.42165450140852556, 0.3608235850288615]","{0: 0.5, 1: 0.5}",0,5.0,True,
1,11,24,1,14,single_condition,importance,wine_quality,344,forward_simulation,5,testing,14,0,True,infer_with_explanation,ImportanceCategorization,"[0.4545454680919647, 0.6739130616188049, 0.20771513879299164, 0.5263158082962036, 0.11764705926179886]","[0.14812097562309556, 1.0, 0.32485111968028685, 0.23588621800487647, 0.11209448901783173]","{0: 0.5, 1: 0.5}",0,5.0,True,
1,11,25,1,15,single_condition,importance,wine_quality,1344,forward_simulation,5,testing,15,0,False,infer_no_explanation,ImportanceCategorization,"[0.5454545617103577, 0.1304347813129425, 0.08902077376842499, 0.2631579041481018, 0.05882352963089943]",,"{0: 0.5, 1: 0.5}",0,5.0,True,
0,11,26,1,16,single_condition,importance,wine_quality,1016,forward_simulation,5,testing,16,1,False,infer_no_explanation,ImportanceCategorization,"[1.0303030014038086, 0.6086956262588501, 0.16815035045146942, 0.19298245012760162, 0.4117647111415863]",,"{0: 0.5, 1: 0.5}",0,5.0,False,
0,11,27,1,17,single_condition,importance,wine_quality,1120,forward_simulation,5,testing,17,1,True,infer_with_explanation,ImportanceCategorization,"[1.1818181276321411, 0.54347825050354, 0.059347182512283325, 0.4736842215061188, 0.27450981736183167]","[1.0, 0.10944912635748491, 0.25177548573120073, 0.11297688610909166, 0.08236067877158768]","{0: 0.5, 1: 0.5}",0,5.0,False,
1,11,28,1,18,single_condition,importance,wine_quality,871,forward_simulation,5,testing,18,0,False,infer_no_explanation,ImportanceCategorization,"[0.42424243688583374, 0.21739129722118378, 0.3461918830871582, 0.5087719559669495, 0.9215686321258545]",,"{0: 0.5, 1: 0.5}",0,5.0,True,
1,11,29,1,19,single_condition,importance,wine_quality,1021,forward_simulation,5,testing,19,0,False,infer_no_explanation,ImportanceCategorization,"[0.8181818127632141, 0.1304347813129425, -0.029673591256141663, 0.15789473056793213, 0.27450981736183167]",,"{0: 0.5, 1: 0.5}",0,5.0,True,
0,11,30,1,20,single_condition,importance,wine_quality,947,forward_simulation,5,testing,20,1,True,infer_with_explanation,ImportanceCategorization,"[0.9696969985961914, 0.32608696818351746, 0.009891197085380554, 0.017543859779834747, 0.3921568691730499]","[1.0, 0.10823143965750426, 0.290976143681861, 0.34646464424430046, 0.10201001064793574]","{0: 0.5, 1: 0.5}",0,5.0,False,
0,12,1,1,1,single_condition,attribution,wine_quality,518,forward_simulation,5,training,1,1,,infer_no_explanation,AttributionSum,"[0.7575757503509521, 0.45652174949645996, 0.20771513879299164, -0.10526315867900848, 0.3137255012989044]",,"{0: 0.5, 1: 0.5}",0,5.0,False,
1,12,1,1,1,single_condition,attribution,wine_quality,518,forward_simulation,5,training,1,1,,infer_with_explanation,AttributionSum,"[0.7575757503509521, 0.45652174949645996, 0.20771513879299164, -0.10526315867900848, 0.3137255012989044]","[1.0, 0.13295844750584673, 0.08497189119765333, 0.31170776774087877, -0.023411324541462625]","{0: 0.21220121309945528, 1: 0.7877987869005447}",1,5.0,True,5.0
0,12,2,1,2,single_condition,attribution,wine_quality,832,forward_simulation,5,training,2,0,,infer_no_explanation,AttributionSum,"[0.21212121844291687, 0.8478260636329651, 0.3659742772579193, 0.2982456088066101, 0.6274510025978088]",,"{0: 0.21220121309945528, 1: 0.7877987869005447}",1,5.0,False,
1,12,2,1,2,single_condition,attribution,wine_quality,832,forward_simulation,5,training,2,0,,infer_with_explanation,AttributionSum,"[0.21212121844291687, 0.8478260636329651, 0.3659742772579193, 0.2982456088066101, 0.6274510025978088]","[-1.0, 0.9381387289346256, -0.13244188032956458, 0.431990431582153, 0.11782260631573135]","{0: 0.5154603877414037, 1: 0.4845396122585964}",0,5.0,True,5.0
0,12,3,1,3,single_condition,attribution,wine_quality,1439,forward_simulation,5,training,3,0,,infer_no_explanation,AttributionSum,"[0.5656565427780151, 0.45652174949645996, 0.8011869192123413, 0.7017543911933899, 0.5098039507865906]",,"{0: 0.12466775924243467, 1: 0.8753322407575653}",1,5.0,False,
1,12,3,1,3,single_condition,attribution,wine_quality,1439,forward_simulation,5,training,3,0,,infer_with_explanation,AttributionSum,"[0.5656565427780151, 0.45652174949645996, 0.8011869192123413, 0.7017543911933899, 0.5098039507865906]","[-0.1601168247425184, 0.2802347244715822, -0.6865847692650052, -1.0, -0.08610379440084909]","{0: 0.8437744956216158, 1: 0.15622550437838428}",0,5.0,True,5.0
1,12,4,1,4,single_condition,attribution,wine_quality,49,forward_simulation,5,training,4,0,,infer_no_explanation,AttributionSum,"[0.0, 0.239130437374115, 0.8407517075538635, 0.07017543911933899, 0.5098039507865906]",,"{0: 0.8517566950237728, 1: 0.14824330497622717}",0,5.0,True,
1,12,4,1,4,single_condition,attribution,wine_quality,49,forward_simulation,5,training,4,0,,infer_with_explanation,AttributionSum,"[0.0, 0.239130437374115, 0.8407517075538635, 0.07017543911933899, 0.5098039507865906]","[-1.0, -0.27279357684756383, -0.58146723636351, 0.47140946706460685, -0.22276152171421937]","{0: 0.8294122140669609, 1: 0.17058778593303917}",0,5.0,True,5.0
0,12,5,1,5,single_condition,attribution,wine_quality,1477,forward_simulation,5,training,5,1,,infer_no_explanation,AttributionSum,"[1.3333333730697632, 0.8913043737411499, 0.7715133428573608, 0.35087719559669495, 0.9411764740943909]",,"{0: 0.9328558422310786, 1: 0.06714415776892134}",0,5.0,False,
1,12,5,1,5,single_condition,attribution,wine_quality,1477,forward_simulation,5,training,5,1,,infer_with_explanation,AttributionSum,"[1.3333333730697632, 0.8913043737411499, 0.7715133428573608, 0.35087719559669495, 0.9411764740943909]","[1.0, 0.4414407689900331, -0.29430257100491186, 0.0898421839584116, 0.09797382000266451]","{0: 0.1913223363784724, 1: 0.8086776636215276}",1,5.0,True,5.0
0,12,6,1,6,single_condition,attribution,wine_quality,838,forward_simulation,5,training,6,1,,infer_no_explanation,AttributionSum,"[0.6060606241226196, 0.782608687877655, 0.16815035045146942, 0.07017543911933899, 0.3529411852359772]",,"{0: 0.6569810042184382, 1: 0.3430189957815618}",0,5.0,False,
1,12,6,1,6,single_condition,attribution,wine_quality,838,forward_simulation,5,training,6,1,,infer_with_explanation,AttributionSum,"[0.6060606241226196, 0.782608687877655, 0.16815035045146942, 0.07017543911933899, 0.3529411852359772]","[1.0, 0.3661847815786959, 0.025011542434230535, 0.37861748512348564, 0.023368556497350413]","{0: 0.2012311294816148, 1: 0.7987688705183852}",1,5.0,True,5.0
0,12,7,1,7,single_condition,attribution,wine_quality,1182,forward_simulation,5,training,7,0,,infer_no_explanation,AttributionSum,"[0.39393940567970276, 0.8478260636329651, 0.42532145977020264, 0.22807016968727112, 0.6274510025978088]",,"{0: 0.1394268830769183, 1: 0.8605731169230817}",1,5.0,False,
0,12,7,1,7,single_condition,attribution,wine_quality,1182,forward_simulation,5,training,7,0,,infer_with_explanation,AttributionSum,"[0.39393940567970276, 0.8478260636329651, 0.42532145977020264, 0.22807016968727112, 0.6274510025978088]","[0.01808737320060233, 1.0, -0.21232846700147695, 0.5694683959268052, 0.15504826389315227]","{0: 0.17229218930347923, 1: 0.8277078106965208}",1,5.0,False,5.0
1,12,8,1,8,single_condition,attribution,wine_quality,430,forward_simulation,5,training,8,1,,infer_no_explanation,AttributionSum,"[0.5454545617103577, 0.9347826242446899, 0.1285855621099472, -0.05263157933950424, 0.1764705926179886]",,"{0: 0.08251024605473245, 1: 0.9174897539452675}",1,5.0,True,
1,12,8,1,8,single_condition,attribution,wine_quality,430,forward_simulation,5,training,8,1,,infer_with_explanation,AttributionSum,"[0.5454545617103577, 0.9347826242446899, 0.1285855621099472, -0.05263157933950424, 0.1764705926179886]","[0.1908080382387715, 0.5227691471591668, 0.10609796812925965, 1.0, 0.2699633260621033]","{0: 0.17905411029815144, 1: 0.8209458897018486}",1,5.0,True,5.0
0,12,9,1,9,single_condition,attribution,wine_quality,1000,forward_simulation,5,training,9,0,,infer_no_explanation,AttributionSum,"[0.6969696879386902, 0.54347825050354, 0.009891197085380554, 0.28070175647735596, 0.7450980544090271]",,"{0: 0.19560481271149022, 1: 0.8043951872885098}",1,5.0,False,
0,12,9,1,9,single_condition,attribution,wine_quality,1000,forward_simulation,5,training,9,0,,infer_with_explanation,AttributionSum,"[0.6969696879386902, 0.54347825050354, 0.009891197085380554, 0.28070175647735596, 0.7450980544090271]","[1.0, 0.10683879213417796, 0.1867825343350375, 0.2172230244006702, 0.0017182841182690812]","{0: 0.22842551587789628, 1: 0.7715744841221037}",1,5.0,False,5.0
1,12,10,1,10,single_condition,attribution,wine_quality,938,forward_simulation,5,training,10,1,,infer_no_explanation,AttributionSum,"[1.121212124824524, 0.54347825050354, 0.306627094745636, 0.19298245012760162, 0.5490196347236633]",,"{0: 0.1449218197519263, 1: 0.8550781802480737}",1,5.0,True,
1,12,10,1,10,single_condition,attribution,wine_quality,938,forward_simulation,5,training,10,1,,infer_with_explanation,AttributionSum,"[1.121212124824524, 0.54347825050354, 0.306627094745636, 0.19298245012760162, 0.5490196347236633]","[1.0, 0.1029997213918481, -0.21166519314346116, 0.36129870989353013, -0.07611438072374117]","{0: 0.20402930897208904, 1: 0.795970691027911}",1,5.0,True,5.0
1,12,11,1,1,single_condition,attribution,wine_quality,1016,forward_simulation,5,testing,1,1,False,infer_no_explanation,AttributionSum,"[1.0303030014038086, 0.6086956262588501, 0.16815035045146942, 0.19298245012760162, 0.4117647111415863]",,"{0: 0.20681050810110846, 1: 0.7931894918988915}",1,5.0,True,
0,12,12,1,2,single_condition,attribution,wine_quality,1075,forward_simulation,5,testing,2,0,False,infer_no_explanation,AttributionSum,"[0.3030303120613098, 0.8478260636329651, 0.553907036781311, -0.035087719559669495, 0.7450980544090271]",,"{0: 0.20578927897927446, 1: 0.7942107210207255}",1,5.0,False,
1,12,13,1,3,single_condition,attribution,wine_quality,1476,forward_simulation,5,testing,3,0,True,infer_with_explanation,AttributionSum,"[-0.12121212482452393, 0.6086956262588501, 0.7022749781608582, 0.4035087823867798, 0.19607843458652496]","[-1.0, 0.5699064857060391, -0.5432933043230278, 0.24149685884882457, 0.12331771235617962]","{0: 0.6058959985605783, 1: 0.39410400143942165}",0,5.0,True,
0,12,14,1,4,single_condition,attribution,wine_quality,849,forward_simulation,5,testing,4,0,False,infer_no_explanation,AttributionSum,"[0.1818181872367859, 0.41304346919059753, 0.20771513879299164, 0.6315789222717285, 1.0196079015731812]",,"{0: 0.35960099011161495, 1: 0.640399009888385}",1,5.0,False,
1,12,15,1,5,single_condition,attribution,wine_quality,513,forward_simulation,5,testing,5,1,False,infer_no_explanation,AttributionSum,"[0.7878788113594055, 0.41304346919059753, 0.03956478834152222, 0.42105263471603394, 0.05882352963089943]",,"{0: 0.21056226202400685, 1: 0.7894377379759931}",1,5.0,True,
0,12,16,1,6,single_condition,attribution,wine_quality,1301,forward_simulation,5,testing,6,0,True,infer_with_explanation,AttributionSum,"[0.7575757503509521, 0.5869565010070801, 0.4549950659275055, 1.0350877046585083, 1.058823585510254]","[1.0, 0.42750796541206343, -0.13073418172594892, -0.3986022796431581, -0.0008922480940480346]","{0: 0.1934872690776771, 1: 0.8065127309223229}",1,5.0,False,
1,12,17,1,7,single_condition,attribution,wine_quality,505,forward_simulation,5,testing,7,1,False,infer_no_explanation,AttributionSum,"[1.0, 0.6739130616188049, 0.1483679562807083, 0.38596490025520325, 0.19607843458652496]",,"{0: 0.209194280078839, 1: 0.790805719921161}",1,5.0,True,
1,12,18,1,8,single_condition,attribution,wine_quality,940,forward_simulation,5,testing,8,1,True,infer_with_explanation,AttributionSum,"[0.9696969985961914, 0.6304348111152649, 0.13847675919532776, 0.10526315867900848, 0.5882353186607361]","[1.0, 0.3486862124968494, 0.09501657549178047, 0.35377089702942116, -0.07973822603396519]","{0: 0.20525456003216225, 1: 0.7947454399678378}",1,5.0,True,
0,12,19,1,9,single_condition,attribution,wine_quality,1029,forward_simulation,5,testing,9,0,False,infer_no_explanation,AttributionSum,"[0.39393940567970276, 0.19565217196941376, 0.06923837959766388, 0.5438596606254578, 0.5098039507865906]",,"{0: 0.14700226129633198, 1: 0.852997738703668}",1,5.0,False,
1,12,20,1,10,single_condition,attribution,wine_quality,947,forward_simulation,5,testing,10,1,True,infer_with_explanation,AttributionSum,"[0.9696969985961914, 0.32608696818351746, 0.009891197085380554, 0.017543859779834747, 0.3921568691730499]","[1.0, -0.10823143965750426, 0.290976143681861, 0.34646464424430046, 0.10201001064793574]","{0: 0.2064489602448889, 1: 0.7935510397551111}",1,5.0,True,
0,12,21,1,11,single_condition,attribution,wine_quality,1365,forward_simulation,5,testing,11,0,False,infer_no_explanation,AttributionSum,"[0.09090909361839294, 0.32608696818351746, 0.306627094745636, 0.4035087823867798, 0.23529411852359772]",,"{0: 0.1479197148249305, 1: 0.8520802851750695}",1,5.0,False,
1,12,22,1,12,single_condition,attribution,wine_quality,1405,forward_simulation,5,testing,12,1,True,infer_with_explanation,AttributionSum,"[0.6363636255264282, 0.9347826242446899, 0.22749753296375275, 0.017543859779834747, 0.4313725531101227]","[1.0, 0.4053512782694546, 0.09879891179636847, 0.4915878031558498, 0.050207581183914926]","{0: 0.1836835264540584, 1: 0.8163164735459416}",1,5.0,True,
1,12,23,1,13,single_condition,attribution,wine_quality,1120,forward_simulation,5,testing,13,1,False,infer_no_explanation,AttributionSum,"[1.1818181276321411, 0.54347825050354, 0.059347182512283325, 0.4736842215061188, 0.27450981736183167]",,"{0: 0.12747018082066708, 1: 0.8725298191793329}",1,5.0,True,
1,12,24,1,14,single_condition,attribution,wine_quality,231,forward_simulation,5,testing,14,0,True,infer_with_explanation,AttributionSum,"[0.21212121844291687, 0.10869564861059189, 0.37586548924446106, 0.19298245012760162, 0.6078431606292725]","[-1.0, -0.8854896903901496, -0.3506195974669325, 0.702466782372625, 0.018293052305388982]","{0: 0.8682404120796716, 1: 0.13175958792032838}",0,5.0,True,
1,12,25,1,15,single_condition,attribution,wine_quality,1306,forward_simulation,5,testing,15,0,True,infer_with_explanation,AttributionSum,"[0.27272728085517883, 0.32608696818351746, 0.7912957668304443, 0.7368420958518982, 0.45098039507865906]","[-1.0, -0.5552868511048149, -0.8613151259729329, -0.9714940281788286, 0.03754254879762127]","{0: 0.8777714960036875, 1: 0.12222850399631251}",0,5.0,True,
1,12,26,1,16,single_condition,attribution,wine_quality,982,forward_simulation,5,testing,16,1,True,infer_with_explanation,AttributionSum,"[1.121212124824524, 0.760869562625885, 0.5835806131362915, 0.4385964870452881, 0.5490196347236633]","[1.0, 0.40222326784884166, -0.3055245746341953, 0.08109299790791313, 0.020687298567227775]","{0: 0.19746354941970434, 1: 0.8025364505802957}",1,5.0,True,
0,12,27,1,17,single_condition,attribution,wine_quality,1490,forward_simulation,5,testing,17,0,True,infer_with_explanation,AttributionSum,"[0.9696969985961914, 0.19565217196941376, 0.06923837959766388, -0.08771929889917374, 0.6470588445663452]","[1.0, -0.1488259029687933, 0.2796586250392406, 0.47113193376726176, -0.0740293163777328]","{0: 0.18677062657625743, 1: 0.8132293734237426}",1,5.0,False,
1,12,28,1,18,single_condition,attribution,wine_quality,1590,forward_simulation,5,testing,18,1,False,infer_no_explanation,AttributionSum,"[0.7272727489471436, 0.760869562625885, 0.2373887300491333, 0.4912280738353729, 0.5098039507865906]",,"{0: 0.1331539748700188, 1: 0.8668460251299812}",1,5.0,True,
0,12,29,1,19,single_condition,attribution,wine_quality,242,forward_simulation,5,testing,19,0,False,infer_no_explanation,AttributionSum,"[0.1818181872367859, 0.043478261679410934, 0.9693372845649719, 0.5438596606254578, 0.03921568766236305]",,"{0: 0.18677062657625743, 1: 0.8132293734237426}",1,5.0,False,
1,12,30,1,20,single_condition,attribution,wine_quality,964,forward_simulation,5,testing,20,1,True,infer_with_explanation,AttributionSum,"[0.5757575631141663, 0.8260869383811951, 0.26706230640411377, 0.35087719559669495, 0.19607843458652496]","[-0.21095815369114626, 1.0, -0.28304807143859134, 0.25627223605793686, 0.09577096772995125]","{0: 0.32806454184336875, 1: 0.6719354581566312}",1,5.0,True,
1,13,1,1,1,single_condition,none,wine_quality,12,forward_simulation,5,training,1,0,,infer_no_explanation,SensitiveFeatures,"[0.21212121844291687, 0.10869564861059189, 0.4747774600982666, 0.6052631735801697, 1.0196079015731812]",,"{0: 0.5, 1: 0.5}",0,0.1,True,5.0
0,13,2,1,2,single_condition,none,wine_quality,837,forward_simulation,5,training,2,1,,infer_no_explanation,SensitiveFeatures,"[0.7575757503509521, -0.17391304671764374, 0.8803164958953857, 0.017543859779834747, 0.3921568691730499]",,{0: 1.0},0,0.09999999999999964,False,5.0
0,13,3,1,3,single_condition,none,wine_quality,1321,forward_simulation,5,training,3,0,,infer_no_explanation,SensitiveFeatures,"[1.0, 0.260869562625885, 0.3461918830871582, 0.8245614171028137, 1.8627450466156006]",,"{0: 0.4443833594112747, 1: 0.5556166405887253}",1,0.09999999999999964,False,5.0
0,13,4,1,4,single_condition,none,wine_quality,944,forward_simulation,5,training,4,1,,infer_no_explanation,SensitiveFeatures,"[0.8787878751754761, 0.3695652186870575, 0.1285855621099472, 0.05263157933950424, 0.4117647111415863]",,"{0: 0.6616212889767483, 1: 0.3383787110232516}",0,0.09999999999999964,False,5.0
0,13,5,1,5,single_condition,none,wine_quality,81,forward_simulation,5,training,5,0,,infer_no_explanation,SensitiveFeatures,"[0.06060606241226196, 1.7608696222305298, 0.553907036781311, 0.28070175647735596, 0.13725490868091583]",,"{1: 0.7298526262652854, 0: 0.27014737373471465}",1,0.10000000000000142,False,5.0
0,13,6,1,6,single_condition,none,wine_quality,1076,forward_simulation,5,training,6,1,,infer_no_explanation,SensitiveFeatures,"[0.6666666865348816, 0.5652173757553101, -0.029673591256141663, 0.08771929889917374, 0.1764705926179886]",,"{0: 0.5955520562292939, 1: 0.4044479437707061}",0,0.10000000000000142,False,5.0
0,13,7,1,7,single_condition,none,wine_quality,1022,forward_simulation,5,training,7,0,,infer_no_explanation,SensitiveFeatures,"[0.39393940567970276, 0.15217390656471252, -0.01978239417076111, 0.42105263471603394, 0.5686274766921997]",,"{1: 0.7435653519534728, 0: 0.25643464804652705}",1,0.10000000000000142,False,5.0
0,13,8,1,8,single_condition,none,wine_quality,817,forward_simulation,5,training,8,1,,infer_no_explanation,SensitiveFeatures,"[0.8181818127632141, 0.5652173757553101, 0.15825915336608887, 0.035087719559669495, 0.4313725531101227]",,"{0: 0.6314393083246905, 1: 0.3685606916753094}",0,0.10000000000000142,False,5.0
0,13,9,1,9,single_condition,none,wine_quality,118,forward_simulation,5,training,9,0,,infer_no_explanation,SensitiveFeatures,"[0.5151515007019043, 0.28260868787765503, 0.44510385394096375, 0.4912280738353729, 0.29411765933036804]",,"{1: 0.6787729165900648, 0: 0.3212270834099351}",1,0.10000000000000142,False,5.0
0,13,10,1,10,single_condition,none,wine_quality,1406,forward_simulation,5,training,10,1,,infer_no_explanation,SensitiveFeatures,"[0.5151515007019043, 1.02173912525177, 0.1088031679391861, -0.05263157933950424, 0.3137255012989044]",,"{0: 0.6485422887155612, 1: 0.3514577112844389}",0,0.10000000000000142,False,5.0
0,13,11,1,1,single_condition,none,wine_quality,92,forward_simulation,5,testing,1,0,True,infer_no_explanation,SensitiveFeatures,"[0.1818181872367859, 3.2826087474823, 1.2067259550094604, 0.38596490025520325, -0.2549019753932953]",,"{1: 0.6671404894716172, 0: 0.3328595105283827}",1,0.10000000000000142,False,
1,13,12,1,2,single_condition,none,wine_quality,1016,forward_simulation,5,testing,2,1,False,infer_no_explanation,SensitiveFeatures,"[1.0303030014038086, 0.6086956262588501, 0.16815035045146942, 0.19298245012760162, 0.4117647111415863]",,"{0: 0.4088958382825998, 1: 0.5911041617174002}",1,0.10000000000000142,True,
0,13,13,1,3,single_condition,none,wine_quality,580,forward_simulation,5,testing,3,0,True,infer_no_explanation,SensitiveFeatures,"[0.12121212482452393, -0.06521739065647125, 0.029673591256141663, 0.4035087823867798, 0.2549019753932953]",,"{1: 0.719790235918792, 0: 0.28020976408120807}",1,0.10000000000000142,False,
0,13,14,1,4,single_condition,none,wine_quality,596,forward_simulation,5,testing,4,0,True,infer_no_explanation,SensitiveFeatures,"[0.03030303120613098, 0.28260868787765503, 0.1285855621099472, 0.22807016968727112, -0.03921568766236305]",,"{1: 0.6736782132994589, 0: 0.32632178670054107}",1,0.09999999999999432,False,
1,13,15,1,5,single_condition,none,wine_quality,377,forward_simulation,5,testing,5,1,False,infer_no_explanation,SensitiveFeatures,"[0.8484848737716675, 1.43478262424469, 0.06923837959766388, 0.0, 0.27450981736183167]",,"{0: 0.3367028570076819, 1: 0.6632971429923181}",1,0.09999999999999432,True,
0,13,16,1,6,single_condition,none,wine_quality,15,forward_simulation,5,testing,6,0,True,infer_no_explanation,SensitiveFeatures,"[0.0, 1.0, 1.3550939559936523, 0.6140350699424744, 0.21568627655506134]",,"{1: 0.6808740038081146, 0: 0.3191259961918854}",1,0.09999999999999432,False,
1,13,17,1,7,single_condition,none,wine_quality,875,forward_simulation,5,testing,7,1,False,infer_no_explanation,SensitiveFeatures,"[0.7878788113594055, 0.695652186870575, 0.04945598542690277, 0.07017543911933899, 0.4901960790157318]",,"{1: 0.6726737012216503, 0: 0.3273262987783497}",1,0.09999999999999432,True,
0,13,18,1,8,single_condition,none,wine_quality,681,forward_simulation,5,testing,8,0,True,infer_no_explanation,SensitiveFeatures,"[0.3030303120613098, 0.043478261679410934, 0.17804154753684998, 0.31578946113586426, 0.29411765933036804]",,"{0: 0.3274317329682698, 1: 0.6725682670317302}",1,0.09999999999999432,False,
1,13,19,1,9,single_condition,none,wine_quality,1267,forward_simulation,5,testing,9,1,False,infer_no_explanation,SensitiveFeatures,"[0.6666666865348816, 0.8695651888847351, 0.07912957668304443, 0.28070175647735596, 0.0784313753247261]",,"{1: 0.6743603224739741, 0: 0.32563967752602585}",1,0.09999999999999432,True,
0,13,20,1,10,single_condition,none,wine_quality,1529,forward_simulation,5,testing,10,0,False,infer_no_explanation,SensitiveFeatures,"[0.3030303120613098, 0.28260868787765503, 0.40553906559944153, 0.7368420958518982, 0.7058823704719543]",,"{1: 0.6733283256448109, 0: 0.326671674355189}",1,0.09999999999999432,False,
1,13,21,1,11,single_condition,none,wine_quality,1172,forward_simulation,5,testing,11,1,True,infer_no_explanation,SensitiveFeatures,"[0.939393937587738, 0.5869565010070801, 0.04945598542690277, 0.2631579041481018, 0.4117647111415863]",,"{0: 0.3264970127958249, 1: 0.673502987204175}",1,0.09999999999999432,True,
0,13,22,1,12,single_condition,none,wine_quality,507,forward_simulation,5,testing,12,0,False,infer_no_explanation,SensitiveFeatures,"[0.09090909361839294, 0.52173912525177, 0.01978239417076111, 0.7017543911933899, 0.21568627655506134]",,"{1: 0.6736651326421201, 0: 0.3263348673578798}",1,0.09999999999999432,False,
0,13,23,1,13,single_condition,none,wine_quality,362,forward_simulation,5,testing,13,0,False,infer_no_explanation,SensitiveFeatures,"[0.24242424964904785, 0.19565217196941376, 0.2571711242198944, 0.5438596606254578, -0.019607843831181526]",,"{1: 0.6735379272416769, 0: 0.3264620727583231}",1,0.09999999999999432,False,
1,13,24,1,14,single_condition,none,wine_quality,960,forward_simulation,5,testing,14,1,True,infer_no_explanation,SensitiveFeatures,"[0.5757575631141663, 0.8260869383811951, 0.26706230640411377, 0.35087719559669495, 0.19607843458652496]",,"{0: 0.3264325918972255, 1: 0.6735674081027744}",1,0.09999999999999432,True,
0,13,25,1,15,single_condition,none,wine_quality,122,forward_simulation,5,testing,15,0,True,infer_no_explanation,SensitiveFeatures,"[0.0, 0.10869564861059189, 0.01978239417076111, 0.7456140518188477, 0.843137264251709]",,"{1: 0.67358562819642, 0: 0.3264143718035801}",1,0.09999999999999432,False,
1,13,26,1,16,single_condition,none,wine_quality,1070,forward_simulation,5,testing,16,1,False,infer_no_explanation,SensitiveFeatures,"[0.5757575631141663, 0.9130434989929199, 0.2571711242198944, 0.10526315867900848, 0.23529411852359772]",,"{1: 0.6735666781304004, 0: 0.32643332186959967}",1,0.09999999999999432,True,
1,13,27,1,17,single_condition,none,wine_quality,964,forward_simulation,5,testing,17,1,True,infer_no_explanation,SensitiveFeatures,"[0.5757575631141663, 0.8260869383811951, 0.26706230640411377, 0.35087719559669495, 0.19607843458652496]",,"{0: 0.32642896238900904, 1: 0.673571037610991}",1,0.09999999999999432,True,
1,13,28,1,18,single_condition,none,wine_quality,1120,forward_simulation,5,testing,18,1,False,infer_no_explanation,SensitiveFeatures,"[1.1818181276321411, 0.54347825050354, 0.059347182512283325, 0.4736842215061188, 0.27450981736183167]",,"{1: 0.6735727540432963, 0: 0.3264272459567037}",1,0.09999999999999432,True,
0,13,29,1,19,single_condition,none,wine_quality,1559,forward_simulation,5,testing,19,0,False,infer_no_explanation,SensitiveFeatures,"[0.21212121844291687, 0.10869564861059189, 1.1869436502456665, 0.5789473652839661, 0.29411765933036804]",,"{1: 0.6735706615638103, 0: 0.32642933843618954}",1,0.09999999999999432,False,
1,13,30,1,20,single_condition,none,wine_quality,491,forward_simulation,5,testing,20,1,True,infer_no_explanation,SensitiveFeatures,"[1.2424242496490479, 0.695652186870575, 0.13847675919532776, 0.24561403691768646, 0.5490196347236633]",,"{0: 0.3264284065973299, 1: 0.67357159340267}",1,0.09999999999999432,True,
1,14,1,1,1,single_condition,importance,wine_quality,1190,forward_simulation,5,training,1,0,,infer_no_explanation,ImportanceCategorization,"[1.0, 0.21739129722118378, 0.08902077376842499, 0.22807016968727112, 0.4313725531101227]",,"{0: 0.5, 1: 0.5}",0,5.0,True,
1,14,1,1,1,single_condition,importance,wine_quality,1190,forward_simulation,5,training,1,0,,infer_with_explanation,ImportanceCategorization,"[1.0, 0.21739129722118378, 0.08902077376842499, 0.22807016968727112, 0.4313725531101227]","[1.0, 0.1415418640031366, 0.2701834275073377, 0.2109631845684418, 0.05215407565998559]","{0: 0.5, 1: 0.5}",0,5.0,True,5.0
1,14,2,1,2,single_condition,importance,wine_quality,223,forward_simulation,5,training,2,0,,infer_no_explanation,ImportanceCategorization,"[0.24242424964904785, 0.28260868787765503, 0.16815035045146942, 0.6578947305679321, 0.4313725531101227]",,{0: 1.0},0,5.0,True,
1,14,2,1,2,single_condition,importance,wine_quality,223,forward_simulation,5,training,2,0,,infer_with_explanation,ImportanceCategorization,"[0.24242424964904785, 0.28260868787765503, 0.16815035045146942, 0.6578947305679321, 0.4313725531101227]","[1.0, 0.35567738585700714, 0.3598519375106351, 0.9370548836292318, 0.061174698994993906]",{0: 1.0},0,5.0,True,5.0
1,14,3,1,3,single_condition,importance,wine_quality,565,forward_simulation,5,training,3,0,,infer_no_explanation,ImportanceCategorization,"[0.6666666865348816, 0.21739129722118378, 0.07912957668304443, 0.5789473652839661, 0.1568627506494522]",,{0: 1.0},0,5.0,True,
1,14,3,1,3,single_condition,importance,wine_quality,565,forward_simulation,5,training,3,0,,infer_with_explanation,ImportanceCategorization,"[0.6666666865348816, 0.21739129722118378, 0.07912957668304443, 0.5789473652839661, 0.1568627506494522]","[1.0, 0.30685686005038215, 0.2346776334181478, 0.0920568134451696, 0.092882724116318]",{0: 1.0},0,5.0,True,5.0
0,14,4,1,4,single_condition,importance,wine_quality,1162,forward_simulation,5,training,4,1,,infer_no_explanation,ImportanceCategorization,"[0.7878788113594055, 0.52173912525177, 0.07912957668304443, 0.08771929889917374, 0.1568627506494522]",,{0: 1.0},0,5.0,False,
0,14,4,1,4,single_condition,importance,wine_quality,1162,forward_simulation,5,training,4,1,,infer_with_explanation,ImportanceCategorization,"[0.7878788113594055, 0.52173912525177, 0.07912957668304443, 0.08771929889917374, 0.1568627506494522]","[1.0, 0.13201477549981058, 0.24825233797961024, 0.4257661533138391, 0.15651271429484864]",{0: 1.0},0,5.0,False,5.0
1,14,5,1,5,single_condition,importance,wine_quality,1409,forward_simulation,5,training,5,0,,infer_no_explanation,ImportanceCategorization,"[0.4545454680919647, 1.0, 0.42532145977020264, 0.42105263471603394, 0.9411764740943909]",,"{0: 0.5, 1: 0.5}",0,5.0,True,
0,14,5,1,5,single_condition,importance,wine_quality,1409,forward_simulation,5,training,5,0,,infer_with_explanation,ImportanceCategorization,"[0.4545454680919647, 1.0, 0.42532145977020264, 0.42105263471603394, 0.9411764740943909]","[0.019814893126045747, 1.0, 0.01570737603582684, 0.3676587396771565, 0.16725942428550922]",{1: 1.0},1,5.0,False,5.0
0,14,6,1,6,single_condition,importance,wine_quality,514,forward_simulation,5,training,6,1,,infer_no_explanation,ImportanceCategorization,"[0.7878788113594055, 0.41304346919059753, 0.03956478834152222, 0.42105263471603394, 0.05882352963089943]",,"{0: 0.5, 1: 0.5}",0,5.0,False,
0,14,6,1,6,single_condition,importance,wine_quality,514,forward_simulation,5,training,6,1,,infer_with_explanation,ImportanceCategorization,"[0.7878788113594055, 0.41304346919059753, 0.03956478834152222, 0.42105263471603394, 0.05882352963089943]","[1.0, 0.11341444245958966, 0.2454063636375547, 0.09783867009198516, 0.009949627287538641]",{0: 1.0},0,5.0,False,5.0
1,14,7,1,7,single_condition,importance,wine_quality,109,forward_simulation,5,training,7,0,,infer_no_explanation,ImportanceCategorization,"[0.03030303120613098, 0.47826087474823, 1.4045499563217163, 0.9035087823867798, 0.29411765933036804]",,"{0: 0.5, 1: 0.5}",0,5.0,True,
0,14,7,1,7,single_condition,importance,wine_quality,109,forward_simulation,5,training,7,0,,infer_with_explanation,ImportanceCategorization,"[0.03030303120613098, 0.47826087474823, 1.4045499563217163, 0.9035087823867798, 0.29411765933036804]","[1.0, 0.08310829699864748, 0.42948970637830985, 0.6298967244390636, 0.22130027626013948]",{1: 1.0},1,5.0,False,5.0
0,14,8,1,8,single_condition,importance,wine_quality,365,forward_simulation,5,training,8,1,,infer_no_explanation,ImportanceCategorization,"[0.7878788113594055, 1.0, 0.09891197085380554, 0.2631579041481018, 0.3921568691730499]",,"{0: 0.5, 1: 0.5}",0,5.0,False,
0,14,8,1,8,single_condition,importance,wine_quality,365,forward_simulation,5,training,8,1,,infer_with_explanation,ImportanceCategorization,"[0.7878788113594055, 1.0, 0.09891197085380554, 0.2631579041481018, 0.3921568691730499]","[1.0, 0.3509087876297296, 0.2875581717005133, 0.04714503910971972, 0.051964383366652656]",{0: 1.0},0,5.0,False,5.0
0,14,9,1,9,single_condition,importance,wine_quality,369,forward_simulation,5,training,9,1,,infer_no_explanation,ImportanceCategorization,"[0.8484848737716675, 1.43478262424469, 0.06923837959766388, 0.0, 0.27450981736183167]",,"{0: 0.5, 1: 0.5}",0,5.0,False,
1,14,9,1,9,single_condition,importance,wine_quality,369,forward_simulation,5,training,9,1,,infer_with_explanation,ImportanceCategorization,"[0.8484848737716675, 1.43478262424469, 0.06923837959766388, 0.0, 0.27450981736183167]","[1.0, 0.3059971896331612, 0.23437295234617692, 0.4712625093656427, 0.13026284384556824]",{1: 1.0},1,5.0,True,5.0
0,14,10,1,10,single_condition,importance,wine_quality,1100,forward_simulation,5,training,10,1,,infer_no_explanation,ImportanceCategorization,"[0.9696969985961914, 0.6739130616188049, 0.24727992713451385, 0.12280701845884323, 0.09803921729326248]",,"{0: 0.5, 1: 0.5}",0,5.0,False,
1,14,10,1,10,single_condition,importance,wine_quality,1100,forward_simulation,5,training,10,1,,infer_with_explanation,ImportanceCategorization,"[0.9696969985961914, 0.6739130616188049, 0.24727992713451385, 0.12280701845884323, 0.09803921729326248]","[1.0, 0.31438194306069667, 0.10033514774202978, 0.3849777221273283, 0.13137403716220666]",{1: 1.0},1,5.0,True,5.0
1,14,11,1,1,single_condition,importance,wine_quality,940,forward_simulation,5,testing,1,1,True,infer_with_explanation,ImportanceCategorization,"[0.9696969985961914, 0.6304348111152649, 0.13847675919532776, 0.10526315867900848, 0.5882353186607361]","[1.0, 0.3486862124968494, 0.09501657549178047, 0.35377089702942116, 0.07973822603396519]",{1: 1.0},1,5.0,True,
0,14,12,1,2,single_condition,importance,wine_quality,950,forward_simulation,5,testing,2,1,False,infer_no_explanation,ImportanceCategorization,"[0.8181818127632141, 0.6304348111152649, 0.09891197085380554, -0.2631579041481018, 0.686274528503418]",,"{0: 0.5, 1: 0.5}",0,5.0,False,
0,14,13,1,3,single_condition,importance,wine_quality,1107,forward_simulation,5,testing,3,1,False,infer_no_explanation,ImportanceCategorization,"[0.7575757503509521, 0.8260869383811951, 0.1285855621099472, 0.05263157933950424, 0.4117647111415863]",,"{0: 0.5, 1: 0.5}",0,5.0,False,
0,14,14,1,4,single_condition,importance,wine_quality,267,forward_simulation,5,testing,4,1,True,infer_with_explanation,ImportanceCategorization,"[1.0909091234207153, 0.8478260636329651, 0.2571711242198944, 0.14035087823867798, 0.5686274766921997]","[1.0, 0.3136149675422904, 0.07552797521685001, 0.4095208066781171, 0.02580984015936638]","{0: 0.5, 1: 0.5}",0,5.0,False,
1,14,15,1,5,single_condition,importance,wine_quality,647,forward_simulation,5,testing,5,0,True,infer_with_explanation,ImportanceCategorization,"[0.5454545617103577, 0.239130437374115, 0.029673591256141663, 1.0087718963623047, 0.5098039507865906]","[0.033067525056883935, 0.5250837143021123, 0.5647015701315645, 1.0, 0.19824960839520575]","{0: 0.5, 1: 0.5}",0,5.0,True,
0,14,16,1,6,single_condition,importance,wine_quality,1120,forward_simulation,5,testing,6,1,True,infer_with_explanation,ImportanceCategorization,"[1.1818181276321411, 0.54347825050354, 0.059347182512283325, 0.4736842215061188, 0.27450981736183167]","[1.0, 0.10944912635748491, 0.25177548573120073, 0.11297688610909166, 0.08236067877158768]","{0: 0.5, 1: 0.5}",0,5.0,False,
1,14,17,1,7,single_condition,importance,wine_quality,1274,forward_simulation,5,testing,7,0,True,infer_with_explanation,ImportanceCategorization,"[0.6060606241226196, 0.1304347813129425, 0.24727992713451385, 0.5438596606254578, 0.3529411852359772]","[1.0, 0.4111269649756317, 0.06979025136064386, 0.14565451758845602, 0.018832780723489373]","{0: 0.5, 1: 0.5}",0,5.0,True,
0,14,18,1,8,single_condition,importance,wine_quality,982,forward_simulation,5,testing,8,1,True,infer_with_explanation,ImportanceCategorization,"[1.121212124824524, 0.760869562625885, 0.5835806131362915, 0.4385964870452881, 0.5490196347236633]","[1.0, 0.40222326784884166, 0.3055245746341953, 0.08109299790791313, 0.020687298567227775]","{0: 0.5, 1: 0.5}",0,5.0,False,
1,14,19,1,9,single_condition,importance,wine_quality,470,forward_simulation,5,testing,9,0,False,infer_no_explanation,ImportanceCategorization,"[0.42424243688583374, 0.30434781312942505, 0.35608309507369995, 0.08771929889917374, -0.019607843831181526]",,"{0: 0.5, 1: 0.5}",0,5.0,True,
1,14,20,1,10,single_condition,importance,wine_quality,362,forward_simulation,5,testing,10,0,False,infer_no_explanation,ImportanceCategorization,"[0.24242424964904785, 0.19565217196941376, 0.2571711242198944, 0.5438596606254578, -0.019607843831181526]",,"{0: 0.5, 1: 0.5}",0,5.0,True,
0,14,21,1,11,single_condition,importance,wine_quality,1016,forward_simulation,5,testing,11,1,False,infer_no_explanation,ImportanceCategorization,"[1.0303030014038086, 0.6086956262588501, 0.16815035045146942, 0.19298245012760162, 0.4117647111415863]",,"{0: 0.5, 1: 0.5}",0,5.0,False,
1,14,22,1,12,single_condition,importance,wine_quality,849,forward_simulation,5,testing,12,0,False,infer_no_explanation,ImportanceCategorization,"[0.1818181872367859, 0.41304346919059753, 0.20771513879299164, 0.6315789222717285, 1.0196079015731812]",,"{0: 0.5, 1: 0.5}",0,5.0,True,
1,14,23,1,13,single_condition,importance,wine_quality,861,forward_simulation,5,testing,13,0,True,infer_with_explanation,ImportanceCategorization,"[0.6969696879386902, 0.28260868787765503, 0.7616221308708191, 1.2982456684112549, 1.1764706373214722]","[1.0, 0.13090061232906955, 0.28626838468205146, 0.44413278766730396, 0.0030598471786274753]","{0: 0.5, 1: 0.5}",0,5.0,True,
0,14,24,1,14,single_condition,importance,wine_quality,1267,forward_simulation,5,testing,14,1,True,infer_with_explanation,ImportanceCategorization,"[0.6666666865348816, 0.8695651888847351, 0.07912957668304443, 0.28070175647735596, 0.0784313753247261]","[1.0, 0.2539777882264693, 0.24228358113530551, 0.1712582232430703, 0.09259366535896288]","{0: 0.5, 1: 0.5}",0,5.0,False,
1,14,25,1,15,single_condition,importance,wine_quality,1227,forward_simulation,5,testing,15,0,False,infer_no_explanation,ImportanceCategorization,"[0.12121212482452393, 0.54347825050354, 0.09891197085380554, 0.5438596606254578, 0.4117647111415863]",,"{0: 0.5, 1: 0.5}",0,5.0,True,
1,14,26,1,16,single_condition,importance,wine_quality,672,forward_simulation,5,testing,16,0,True,infer_with_explanation,ImportanceCategorization,"[0.09090909361839294, 0.1304347813129425, 1.3847675323486328, 1.7017543315887451, 0.1764705926179886]","[1.0, 0.5896239472879736, 0.490414853276466, 0.7942768352219363, 0.13881012307322582]","{0: 0.5, 1: 0.5}",0,5.0,True,
0,14,27,1,17,single_condition,importance,wine_quality,505,forward_simulation,5,testing,17,1,False,infer_no_explanation,ImportanceCategorization,"[1.0, 0.6739130616188049, 0.1483679562807083, 0.38596490025520325, 0.19607843458652496]",,"{0: 0.5, 1: 0.5}",0,5.0,False,
1,14,28,1,18,single_condition,importance,wine_quality,191,forward_simulation,5,testing,18,0,False,infer_no_explanation,ImportanceCategorization,"[0.1818181872367859, 0.32608696818351746, 0.37586548924446106, 0.17543859779834747, 1.0]",,"{0: 0.5, 1: 0.5}",0,5.0,True,
0,14,29,1,19,single_condition,importance,wine_quality,1070,forward_simulation,5,testing,19,1,True,infer_with_explanation,ImportanceCategorization,"[0.5757575631141663, 0.9130434989929199, 0.2571711242198944, 0.10526315867900848, 0.23529411852359772]","[0.1343560327963524, 1.0, 0.32531204935980496, 0.8319870153428203, 0.286117911723218]","{0: 0.5, 1: 0.5}",0,5.0,False,
1,14,30,1,20,single_condition,importance,wine_quality,1550,forward_simulation,5,testing,20,0,False,infer_no_explanation,ImportanceCategorization,"[0.09090909361839294, 0.1304347813129425, 0.1483679562807083, 0.719298243522644, 0.7647058963775635]",,"{0: 0.5, 1: 0.5}",0,5.0,True,
0,15,1,1,1,single_condition,attribution,wine_quality,1005,forward_simulation,5,training,1,1,,infer_no_explanation,AttributionSum,"[1.0909091234207153, 0.17391304671764374, -0.029673591256141663, 0.15789473056793213, 0.5882353186607361]",,"{0: 0.5, 1: 0.5}",0,5.0,False,
1,15,1,1,1,single_condition,attribution,wine_quality,1005,forward_simulation,5,training,1,1,,infer_with_explanation,AttributionSum,"[1.0909091234207153, 0.17391304671764374, -0.029673591256141663, 0.15789473056793213, 0.5882353186607361]","[1.0, -0.3593009618833794, 0.2609187092610327, 0.4605211808013033, -0.013176612894665913]","{0: 0.18838762491154948, 1: 0.8116123750884505}",1,5.0,True,5.0
1,15,2,1,2,single_condition,attribution,wine_quality,198,forward_simulation,5,training,2,1,,infer_no_explanation,AttributionSum,"[1.1515151262283325, 0.8260869383811951, 0.8110781311988831, 0.9912280440330505, 1.0]",,"{0: 0.18838762491154948, 1: 0.8116123750884505}",1,5.0,True,
1,15,2,1,2,single_condition,attribution,wine_quality,198,forward_simulation,5,training,2,1,,infer_with_explanation,AttributionSum,"[1.1515151262283325, 0.8260869383811951, 0.8110781311988831, 0.9912280440330505, 1.0]","[1.0, 0.3929953966770625, -0.3077211250100047, -0.3145316188968315, 0.030128429915892378]","{0: 0.19892998936860462, 1: 0.8010700106313954}",1,5.0,True,5.0
0,15,3,1,3,single_condition,attribution,wine_quality,1391,forward_simulation,5,training,3,0,,infer_no_explanation,AttributionSum,"[0.5454545617103577, 0.239130437374115, 0.2176063358783722, 0.6491228342056274, 0.6078431606292725]",,"{0: 0.13546053897987576, 1: 0.8645394610201242}",1,5.0,False,
1,15,3,1,3,single_condition,attribution,wine_quality,1391,forward_simulation,5,training,3,0,,infer_with_explanation,AttributionSum,"[0.5454545617103577, 0.239130437374115, 0.2176063358783722, 0.6491228342056274, 0.6078431606292725]","[0.21983656232351745, -0.5014470511072036, 0.24021236950435934, -1.0, -0.23663798531340147]","{0: 0.8177901995596872, 1: 0.1822098004403127}",0,5.0,True,5.0
1,15,4,1,4,single_condition,attribution,wine_quality,492,forward_simulation,5,training,4,1,,infer_no_explanation,AttributionSum,"[1.2727272510528564, 0.9347826242446899, 0.15825915336608887, 0.22807016968727112, 0.5098039507865906]",,"{0: 0.4030610030093361, 1: 0.5969389969906639}",1,5.0,True,
1,15,4,1,4,single_condition,attribution,wine_quality,492,forward_simulation,5,training,4,1,,infer_with_explanation,AttributionSum,"[1.2727272510528564, 0.9347826242446899, 0.15825915336608887, 0.22807016968727112, 0.5098039507865906]","[1.0, 0.378809138327138, 0.18983444363421947, 0.06872722227688043, 0.04671774495953238]","{0: 0.20120032545350297, 1: 0.798799674546497}",1,5.0,True,5.0
1,15,5,1,5,single_condition,attribution,wine_quality,1067,forward_simulation,5,training,5,1,,infer_no_explanation,AttributionSum,"[0.5151515007019043, 0.782608687877655, -0.009891197085380554, 0.07017543911933899, -0.0784313753247261]",,"{0: 0.40671361784095605, 1: 0.593286382159044}",1,5.0,True,
1,15,5,1,5,single_condition,attribution,wine_quality,1067,forward_simulation,5,training,5,1,,infer_with_explanation,AttributionSum,"[0.5151515007019043, 0.782608687877655, -0.009891197085380554, 0.07017543911933899, -0.0784313753247261]","[0.19524935491853707, 1.0, 0.6115492479623307, 0.9036985862428797, 0.5171024906816705]","{0: 0.1296904397926102, 1: 0.8703095602073898}",1,5.0,True,5.0
0,15,6,1,6,single_condition,attribution,wine_quality,381,forward_simulation,5,training,6,0,,infer_no_explanation,AttributionSum,"[0.24242424964904785, 0.717391312122345, 0.31651830673217773, 0.25438597798347473, 0.0]",,"{0: 0.05347666709115051, 1: 0.9465233329088495}",1,5.0,False,
0,15,6,1,6,single_condition,attribution,wine_quality,381,forward_simulation,5,training,6,0,,infer_with_explanation,AttributionSum,"[0.24242424964904785, 0.717391312122345, 0.31651830673217773, 0.25438597798347473, 0.0]","[-0.8030693464944388, 1.0, -0.14877212503915807, 0.17802658383861472, 0.3121227696535543]","{0: 0.45092583243765905, 1: 0.549074167562341}",1,5.0,False,5.0
0,15,7,1,7,single_condition,attribution,wine_quality,1048,forward_simulation,5,training,7,0,,infer_no_explanation,AttributionSum,"[0.5151515007019043, 0.6739130616188049, 0.029673591256141663, 0.38596490025520325, 0.4117647111415863]",,"{0: 0.24962201239620507, 1: 0.7503779876037949}",1,5.0,False,
0,15,7,1,7,single_condition,attribution,wine_quality,1048,forward_simulation,5,training,7,0,,infer_with_explanation,AttributionSum,"[0.5151515007019043, 0.6739130616188049, 0.029673591256141663, 0.38596490025520325, 0.4117647111415863]","[-0.03760251015510978, 1.0, 0.7939985708345949, 0.4299358737439156, -0.006173580747705852]","{0: 0.14258318634198996, 1: 0.85741681365801}",1,5.0,False,5.0
0,15,8,1,8,single_condition,attribution,wine_quality,463,forward_simulation,5,training,8,0,,infer_no_explanation,AttributionSum,"[-0.06060606241226196, 0.1304347813129425, 1.167161226272583, 0.6842105388641357, 0.03921568766236305]",,"{0: 0.2707285775204946, 1: 0.7292714224795054}",1,5.0,False,
1,15,8,1,8,single_condition,attribution,wine_quality,463,forward_simulation,5,training,8,0,,infer_with_explanation,AttributionSum,"[-0.06060606241226196, 0.1304347813129425, 1.167161226272583, 0.6842105388641357, 0.03921568766236305]","[-1.0, -0.6199368986694951, -0.41377026547232915, -0.8098677446056957, 0.22503570751496874]","{0: 0.8593458892457303, 1: 0.14065411075426973}",0,5.0,True,5.0
1,15,9,1,9,single_condition,attribution,wine_quality,358,forward_simulation,5,training,9,0,,infer_no_explanation,AttributionSum,"[0.3636363744735718, 0.8260869383811951, 0.11869436502456665, 0.28070175647735596, 0.1764705926179886]",,"{0: 0.5039672101876893, 1: 0.4960327898123107}",0,5.0,True,
0,15,9,1,9,single_condition,attribution,wine_quality,358,forward_simulation,5,training,9,0,,infer_with_explanation,AttributionSum,"[0.3636363744735718, 0.8260869383811951, 0.11869436502456665, 0.28070175647735596, 0.1764705926179886]","[0.08449644778613695, 1.0, 0.2611010875986475, 0.09168970134239665, 0.019920621307076617]","{0: 0.22078440435775715, 1: 0.7792155956422429}",1,5.0,False,5.0
0,15,10,1,10,single_condition,attribution,wine_quality,840,forward_simulation,5,training,10,1,,infer_no_explanation,AttributionSum,"[0.8787878751754761, 0.6521739363670349, 0.22749753296375275, 0.2631579041481018, 0.3529411852359772]",,"{0: 0.6338493986997172, 1: 0.36615060130028276}",0,5.0,False,
1,15,10,1,10,single_condition,attribution,wine_quality,840,forward_simulation,5,training,10,1,,infer_with_explanation,AttributionSum,"[0.8787878751754761, 0.6521739363670349, 0.22749753296375275, 0.2631579041481018, 0.3529411852359772]","[1.0, 0.42251600897701613, 0.10459335844796008, 0.1329705438384341, -0.0028291355844085246]","{0: 0.19426745575077609, 1: 0.8057325442492239}",1,5.0,True,5.0
0,15,11,1,1,single_condition,attribution,wine_quality,306,forward_simulation,5,testing,1,0,False,infer_no_explanation,AttributionSum,"[0.06060606241226196, 0.10869564861059189, 0.42532145977020264, 0.6140350699424744, 0.5882353186607361]",,"{0: 0.15392761943440525, 1: 0.8460723805655948}",1,5.0,False,
0,15,12,1,2,single_condition,attribution,wine_quality,486,forward_simulation,5,testing,2,0,False,infer_no_explanation,AttributionSum,"[0.24242424964904785, 0.0, 0.059347182512283325, 0.7017543911933899, 0.21568627655506134]",,"{0: 0.19107844042330524, 1: 0.8089215595766948}",1,5.0,False,
1,15,13,1,3,single_condition,attribution,wine_quality,882,forward_simulation,5,testing,3,1,False,infer_no_explanation,AttributionSum,"[0.8484848737716675, 0.6739130616188049, 0.1483679562807083, 0.07017543911933899, 0.3137255012989044]",,"{0: 0.19107804682085527, 1: 0.8089219531791447}",1,5.0,True,
0,15,14,1,4,single_condition,attribution,wine_quality,672,forward_simulation,5,testing,4,0,False,infer_no_explanation,AttributionSum,"[0.09090909361839294, 0.1304347813129425, 1.3847675323486328, 1.7017543315887451, 0.1764705926179886]",,"{0: 0.19107843903862165, 1: 0.8089215609613783}",1,5.0,False,
0,15,15,1,5,single_condition,attribution,wine_quality,1274,forward_simulation,5,testing,5,0,True,infer_with_explanation,AttributionSum,"[0.6060606241226196, 0.1304347813129425, 0.24727992713451385, 0.5438596606254578, 0.3529411852359772]","[1.0, -0.4111269649756317, 0.06979025136064386, -0.14565451758845602, -0.018832780723489373]","{0: 0.3568934741588178, 1: 0.6431065258411822}",1,5.0,False,
0,15,16,1,6,single_condition,attribution,wine_quality,626,forward_simulation,5,testing,6,0,False,infer_no_explanation,AttributionSum,"[-0.03030303120613098, 0.043478261679410934, 0.03956478834152222, 0.5789473652839661, 0.5882353186607361]",,"{0: 0.19422302749452325, 1: 0.8057769725054768}",1,5.0,False,
1,15,17,1,7,single_condition,attribution,wine_quality,772,forward_simulation,5,testing,7,0,True,infer_with_explanation,AttributionSum,"[0.06060606241226196, 0.17391304671764374, 1.315529227256775, 0.5263158082962036, 0.4117647111415863]","[-1.0, -0.6242597332825993, -0.42484957638716075, -0.11678938433670728, -0.06647265699201002]","{0: 0.8353817615826038, 1: 0.16461823841739615}",0,5.0,True,
1,15,18,1,8,single_condition,attribution,wine_quality,875,forward_simulation,5,testing,8,1,True,infer_with_explanation,AttributionSum,"[0.7878788113594055, 0.695652186870575, 0.04945598542690277, 0.07017543911933899, 0.4901960790157318]","[1.0, 0.37530418868162685, 0.17801562731213139, 0.352436385783854, 0.03512803118766579]","{0: 0.20176422657894233, 1: 0.7982357734210577}",1,5.0,True,
1,15,19,1,9,single_condition,attribution,wine_quality,692,forward_simulation,5,testing,9,0,True,infer_with_explanation,AttributionSum,"[-0.06060606241226196, 1.52173912525177, 0.5044510364532471, 0.38596490025520325, -0.05882352963089943]","[-1.0, 0.5479741682855154, -0.14650927290824453, 0.2781928485437291, 0.08853862423027963]","{0: 0.6111207854926599, 1: 0.3888792145073401}",0,5.0,True,
1,15,20,1,10,single_condition,attribution,wine_quality,267,forward_simulation,5,testing,10,1,True,infer_with_explanation,AttributionSum,"[1.0909091234207153, 0.8478260636329651, 0.2571711242198944, 0.14035087823867798, 0.5686274766921997]","[1.0, 0.3136149675422904, 0.07552797521685001, 0.4095208066781171, -0.02580984015936638]","{0: 0.1963096487341538, 1: 0.8036903512658462}",1,5.0,True,
1,15,21,1,11,single_condition,attribution,wine_quality,505,forward_simulation,5,testing,11,1,False,infer_no_explanation,AttributionSum,"[1.0, 0.6739130616188049, 0.1483679562807083, 0.38596490025520325, 0.19607843458652496]",,"{0: 0.2970164260814644, 1: 0.7029835739185356}",1,5.0,True,
0,15,22,1,12,single_condition,attribution,wine_quality,1555,forward_simulation,5,testing,12,0,True,infer_with_explanation,AttributionSum,"[0.40909090638160706, 0.45652174949645996, 0.1285855621099472, 0.5087719559669495, 0.7450980544090271]","[-0.15504228644522366, 1.0, 0.33532311982435514, -0.5973048806980493, -0.6830959704644352]","{0: 0.421430444317645, 1: 0.578569555682355}",1,5.0,False,
1,15,23,1,13,single_condition,attribution,wine_quality,1070,forward_simulation,5,testing,13,1,False,infer_no_explanation,AttributionSum,"[0.5757575631141663, 0.9130434989929199, 0.2571711242198944, 0.10526315867900848, 0.23529411852359772]",,"{0: 0.0945564189788416, 1: 0.9054435810211584}",1,5.0,True,
1,15,24,1,14,single_condition,attribution,wine_quality,1018,forward_simulation,5,testing,14,1,True,infer_with_explanation,AttributionSum,"[1.0606060028076172, -0.06521739065647125, 0.9693372845649719, -0.15789473056793213, -0.3333333432674408]","[1.0, -0.3089464357206773, -0.22899152377242932, 0.5110655493591125, 0.19665903924461586]","{0: 0.18078093247804994, 1: 0.8192190675219501}",1,5.0,True,
1,15,25,1,15,single_condition,attribution,wine_quality,1405,forward_simulation,5,testing,15,1,False,infer_no_explanation,AttributionSum,"[0.6363636255264282, 0.9347826242446899, 0.22749753296375275, 0.017543859779834747, 0.4313725531101227]",,"{0: 0.10027606297591363, 1: 0.8997239370240864}",1,5.0,True,
0,15,26,1,16,single_condition,attribution,wine_quality,166,forward_simulation,5,testing,16,0,False,infer_no_explanation,AttributionSum,"[0.3030303120613098, 0.10869564861059189, 0.8902077078819275, 0.6491228342056274, 0.5490196347236633]",,"{0: 0.1002760629263828, 1: 0.8997239370736172}",1,5.0,False,
1,15,27,1,17,single_condition,attribution,wine_quality,982,forward_simulation,5,testing,17,1,False,infer_no_explanation,AttributionSum,"[1.121212124824524, 0.760869562625885, 0.5835806131362915, 0.4385964870452881, 0.5490196347236633]",,"{0: 0.1566860194425409, 1: 0.8433139805574591}",1,5.0,True,
1,15,28,1,18,single_condition,attribution,wine_quality,960,forward_simulation,5,testing,18,1,True,infer_with_explanation,AttributionSum,"[0.5757575631141663, 0.8260869383811951, 0.26706230640411377, 0.35087719559669495, 0.19607843458652496]","[0.26353824269044746, 1.0, -0.24525828518225393, 0.40897180066013994, 0.6546511501678413]","{0: 0.1604813237640661, 1: 0.8395186762359339}",1,5.0,True,
1,15,29,1,19,single_condition,attribution,wine_quality,1399,forward_simulation,5,testing,19,0,True,infer_with_explanation,AttributionSum,"[0.5757575631141663, 0.54347825050354, 0.1285855621099472, 0.7017543911933899, 0.7058823704719543]","[0.2985309377492151, 0.20646268585925262, 0.1944701341982466, -1.0, -0.17936003526223976]","{0: 0.6685134016662859, 1: 0.331486598333714}",0,5.0,True,
1,15,30,1,20,single_condition,attribution,wine_quality,1061,forward_simulation,5,testing,20,1,True,infer_with_explanation,AttributionSum,"[1.0, 0.47826087474823, 0.04945598542690277, 0.22807016968727112, 0.29411765933036804]","[1.0, 0.19691800342236424, 0.33241556823685176, 0.0768611619896169, 0.1534308017131811]","{0: 0.20876008261207646, 1: 0.7912399173879235}",1,5.0,True,
1,16,1,1,1,single_condition,none,wine_quality,1049,forward_simulation,5,training,1,0,,infer_no_explanation,SensitiveFeatures,"[0.4848484992980957, 0.6521739363670349, 0.059347182512283325, 0.4035087823867798, 0.4117647111415863]",,"{0: 0.5, 1: 0.5}",0,0.1,True,5.0
0,16,2,1,2,single_condition,none,wine_quality,837,forward_simulation,5,training,2,1,,infer_no_explanation,SensitiveFeatures,"[0.7575757503509521, -0.17391304671764374, 0.8803164958953857, 0.017543859779834747, 0.3921568691730499]",,{0: 1.0},0,0.09999999999999964,False,5.0
1,16,3,1,3,single_condition,none,wine_quality,807,forward_simulation,5,training,3,1,,infer_no_explanation,SensitiveFeatures,"[1.0909091234207153, 0.5, -0.009891197085380554, 0.017543859779834747, 0.529411792755127]",,"{0: 0.4598540465214221, 1: 0.540145953478578}",1,0.09999999999999964,True,5.0
1,16,4,1,4,single_condition,none,wine_quality,606,forward_simulation,5,training,4,1,,infer_no_explanation,SensitiveFeatures,"[0.9090909361839294, 0.695652186870575, 0.08902077376842499, 0.24561403691768646, 0.5490196347236633]",,"{0: 0.2693605300987374, 1: 0.7306394699012626}",1,0.09999999999999964,True,5.0
1,16,5,1,5,single_condition,none,wine_quality,1006,forward_simulation,5,training,5,1,,infer_no_explanation,SensitiveFeatures,"[0.7575757503509521, 0.804347813129425, 0.15825915336608887, 0.035087719559669495, 0.3921568691730499]",,{1: 1.0},1,0.10000000000000142,True,5.0
1,16,6,1,6,single_condition,none,wine_quality,1223,forward_simulation,5,training,6,1,,infer_no_explanation,SensitiveFeatures,"[0.8484848737716675, 0.6304348111152649, 0.11869436502456665, 0.15789473056793213, 0.3333333432674408]",,{1: 1.0},1,0.10000000000000142,True,5.0
0,16,7,1,7,single_condition,none,wine_quality,367,forward_simulation,5,training,7,0,,infer_no_explanation,SensitiveFeatures,"[-0.06060606241226196, 0.47826087474823, 0.1285855621099472, 0.5350877046585083, 0.19607843458652496]",,{1: 1.0},1,0.10000000000000142,False,5.0
0,16,8,1,8,single_condition,none,wine_quality,522,forward_simulation,5,training,8,0,,infer_no_explanation,SensitiveFeatures,"[0.1818181872367859, 1.1304347515106201, 1.2067259550094604, 0.21052631735801697, 0.6274510025978088]",,"{1: 0.5655696410460689, 0: 0.4344303589539312}",1,0.10000000000000142,False,5.0
1,16,9,1,9,single_condition,none,wine_quality,1470,forward_simulation,5,training,9,0,,infer_no_explanation,SensitiveFeatures,"[0.1515151560306549, 0.0, 0.1285855621099472, 0.7368420958518982, -0.3529411852359772]",,"{1: 0.25388815147033983, 0: 0.7461118485296602}",0,0.10000000000000142,True,5.0
1,16,10,1,10,single_condition,none,wine_quality,911,forward_simulation,5,training,10,0,,infer_no_explanation,SensitiveFeatures,"[0.5151515007019043, 0.28260868787765503, -0.01978239417076111, 0.017543859779834747, 0.23529411852359772]",,{0: 1.0},0,0.10000000000000142,True,5.0
1,16,11,1,1,single_condition,none,wine_quality,1436,forward_simulation,5,testing,1,0,False,infer_no_explanation,SensitiveFeatures,"[-0.21212121844291687, 0.3913043439388275, 0.7814045548439026, 0.19298245012760162, 0.1764705926179886]",,{0: 1.0},0,0.10000000000000142,True,
1,16,12,1,2,single_condition,none,wine_quality,800,forward_simulation,5,testing,2,0,False,infer_no_explanation,SensitiveFeatures,"[0.06060606241226196, 0.08695652335882187, 0.9594460725784302, 0.5964912176132202, 0.37254902720451355]",,{0: 1.0},0,0.10000000000000142,True,
0,16,13,1,3,single_condition,none,wine_quality,882,forward_simulation,5,testing,3,1,False,infer_no_explanation,SensitiveFeatures,"[0.8484848737716675, 0.6739130616188049, 0.1483679562807083, 0.07017543911933899, 0.3137255012989044]",,{0: 1.0},0,0.10000000000000142,False,
0,16,14,1,4,single_condition,none,wine_quality,982,forward_simulation,5,testing,4,1,True,infer_no_explanation,SensitiveFeatures,"[1.121212124824524, 0.760869562625885, 0.5835806131362915, 0.4385964870452881, 0.5490196347236633]",,{0: 1.0},0,0.09999999999999432,False,
0,16,15,1,5,single_condition,none,wine_quality,950,forward_simulation,5,testing,5,1,True,infer_no_explanation,SensitiveFeatures,"[0.8181818127632141, 0.6304348111152649, 0.09891197085380554, -0.2631579041481018, 0.686274528503418]",,{0: 1.0},0,0.09999999999999432,False,
0,16,16,1,6,single_condition,none,wine_quality,940,forward_simulation,5,testing,6,1,True,infer_no_explanation,SensitiveFeatures,"[0.9696969985961914, 0.6304348111152649, 0.13847675919532776, 0.10526315867900848, 0.5882353186607361]",,{0: 1.0},0,0.09999999999999432,False,
1,16,17,1,7,single_condition,none,wine_quality,46,forward_simulation,5,testing,7,0,False,infer_no_explanation,SensitiveFeatures,"[0.0, 0.5652173757553101, 1.0187932252883911, 1.1666666269302368, 0.37254902720451355]",,{0: 1.0},0,0.09999999999999432,True,
1,16,18,1,8,single_condition,none,wine_quality,362,forward_simulation,5,testing,8,0,False,infer_no_explanation,SensitiveFeatures,"[0.24242424964904785, 0.19565217196941376, 0.2571711242198944, 0.5438596606254578, -0.019607843831181526]",,{0: 1.0},0,0.09999999999999432,True,
0,16,19,1,9,single_condition,none,wine_quality,1405,forward_simulation,5,testing,9,1,False,infer_no_explanation,SensitiveFeatures,"[0.6363636255264282, 0.9347826242446899, 0.22749753296375275, 0.017543859779834747, 0.4313725531101227]",,{0: 1.0},0,0.09999999999999432,False,
0,16,20,1,10,single_condition,none,wine_quality,1120,forward_simulation,5,testing,10,1,True,infer_no_explanation,SensitiveFeatures,"[1.1818181276321411, 0.54347825050354, 0.059347182512283325, 0.4736842215061188, 0.27450981736183167]",,{0: 1.0},0,0.09999999999999432,False,
1,16,21,1,11,single_condition,none,wine_quality,193,forward_simulation,5,testing,11,0,True,infer_no_explanation,SensitiveFeatures,"[0.1515151560306549, 0.17391304671764374, 0.16815035045146942, 0.4912280738353729, 0.4313725531101227]",,{0: 1.0},0,0.09999999999999432,True,
0,16,22,1,12,single_condition,none,wine_quality,377,forward_simulation,5,testing,12,1,False,infer_no_explanation,SensitiveFeatures,"[0.8484848737716675, 1.43478262424469, 0.06923837959766388, 0.0, 0.27450981736183167]",,{0: 1.0},0,0.09999999999999432,False,
1,16,23,1,13,single_condition,none,wine_quality,672,forward_simulation,5,testing,13,0,True,infer_no_explanation,SensitiveFeatures,"[0.09090909361839294, 0.1304347813129425, 1.3847675323486328, 1.7017543315887451, 0.1764705926179886]",,{0: 1.0},0,0.09999999999999432,True,
0,16,24,1,14,single_condition,none,wine_quality,1267,forward_simulation,5,testing,14,1,True,infer_no_explanation,SensitiveFeatures,"[0.6666666865348816, 0.8695651888847351, 0.07912957668304443, 0.28070175647735596, 0.0784313753247261]",,{0: 1.0},0,0.09999999999999432,False,
1,16,25,1,15,single_condition,none,wine_quality,820,forward_simulation,5,testing,15,0,False,infer_no_explanation,SensitiveFeatures,"[0.1515151560306549, 0.28260868787765503, 0.1088031679391861, 0.7280701994895935, 0.5490196347236633]",,{0: 1.0},0,0.09999999999999432,True,
1,16,26,1,16,single_condition,none,wine_quality,306,forward_simulation,5,testing,16,0,True,infer_no_explanation,SensitiveFeatures,"[0.06060606241226196, 0.10869564861059189, 0.42532145977020264, 0.6140350699424744, 0.5882353186607361]",,{0: 1.0},0,0.09999999999999432,True,
0,16,27,1,17,single_condition,none,wine_quality,1107,forward_simulation,5,testing,17,1,False,infer_no_explanation,SensitiveFeatures,"[0.7575757503509521, 0.8260869383811951, 0.1285855621099472, 0.05263157933950424, 0.4117647111415863]",,{0: 1.0},0,0.09999999999999432,False,
0,16,28,1,18,single_condition,none,wine_quality,1205,forward_simulation,5,testing,18,1,True,infer_no_explanation,SensitiveFeatures,"[0.5454545617103577, 0.8260869383811951, 0.3264094889163971, 0.15789473056793213, 0.6666666865348816]",,{0: 1.0},0,0.09999999999999432,False,
1,16,29,1,19,single_condition,none,wine_quality,992,forward_simulation,5,testing,19,0,False,infer_no_explanation,SensitiveFeatures,"[0.06060606241226196, 0.021739130839705467, 0.35608309507369995, 0.22807016968727112, 0.5882353186607361]",,{0: 1.0},0,0.09999999999999432,True,
1,16,30,1,20,single_condition,none,wine_quality,1251,forward_simulation,5,testing,20,0,True,infer_no_explanation,SensitiveFeatures,"[0.1818181872367859, 0.260869562625885, 0.48466864228248596, 0.5438596606254578, 0.4313725531101227]",,{0: 1.0},0,0.09999999999999432,True,
0,17,1,1,1,single_condition,importance,wine_quality,1005,forward_simulation,5,training,1,1,,infer_no_explanation,ImportanceCategorization,"[1.0909091234207153, 0.17391304671764374, -0.029673591256141663, 0.15789473056793213, 0.5882353186607361]",,"{0: 0.5, 1: 0.5}",0,5.0,False,
0,17,1,1,1,single_condition,importance,wine_quality,1005,forward_simulation,5,training,1,1,,infer_with_explanation,ImportanceCategorization,"[1.0909091234207153, 0.17391304671764374, -0.029673591256141663, 0.15789473056793213, 0.5882353186607361]","[1.0, 0.3593009618833794, 0.2609187092610327, 0.4605211808013033, 0.013176612894665913]","{0: 0.5, 1: 0.5}",0,5.0,False,5.0
1,17,2,1,2,single_condition,importance,wine_quality,1006,forward_simulation,5,training,2,1,,infer_no_explanation,ImportanceCategorization,"[0.7575757503509521, 0.804347813129425, 0.15825915336608887, 0.035087719559669495, 0.3921568691730499]",,{1: 1.0},1,5.0,True,
1,17,2,1,2,single_condition,importance,wine_quality,1006,forward_simulation,5,training,2,1,,infer_with_explanation,ImportanceCategorization,"[0.7575757503509521, 0.804347813129425, 0.15825915336608887, 0.035087719559669495, 0.3921568691730499]","[1.0, 0.41445210274630895, 0.039994770110609826, 0.3788350677499596, 0.04142571537896494]",{1: 1.0},1,5.0,True,5.0
1,17,3,1,3,single_condition,importance,wine_quality,477,forward_simulation,5,training,3,1,,infer_no_explanation,ImportanceCategorization,"[0.5454545617103577, 1.2826087474822998, 0.08902077376842499, -0.05263157933950424, 0.23529411852359772]",,{1: 1.0},1,5.0,True,
1,17,3,1,3,single_condition,importance,wine_quality,477,forward_simulation,5,training,3,1,,infer_with_explanation,ImportanceCategorization,"[0.5454545617103577, 1.2826087474822998, 0.08902077376842499, -0.05263157933950424, 0.23529411852359772]","[0.12223193701171654, 0.9196313002217564, 0.7306573517952741, 1.0, 0.15180441312143286]",{1: 1.0},1,5.0,True,5.0
1,17,4,1,4,single_condition,importance,wine_quality,1223,forward_simulation,5,training,4,1,,infer_no_explanation,ImportanceCategorization,"[0.8484848737716675, 0.6304348111152649, 0.11869436502456665, 0.15789473056793213, 0.3333333432674408]",,{1: 1.0},1,5.0,True,
1,17,4,1,4,single_condition,importance,wine_quality,1223,forward_simulation,5,training,4,1,,infer_with_explanation,ImportanceCategorization,"[0.8484848737716675, 0.6304348111152649, 0.11869436502456665, 0.15789473056793213, 0.3333333432674408]","[1.0, 0.3890363997511375, 0.0897196529577225, 0.42151107869980364, 0.004920656680334731]",{1: 1.0},1,5.0,True,5.0
0,17,5,1,5,single_condition,importance,wine_quality,1116,forward_simulation,5,training,5,0,,infer_no_explanation,ImportanceCategorization,"[0.6363636255264282, 0.28260868787765503, 0.09891197085380554, 0.7368420958518982, 0.6274510025978088]",,{1: 1.0},1,5.0,False,
0,17,5,1,5,single_condition,importance,wine_quality,1116,forward_simulation,5,training,5,0,,infer_with_explanation,ImportanceCategorization,"[0.6363636255264282, 0.28260868787765503, 0.09891197085380554, 0.7368420958518982, 0.6274510025978088]","[1.0, 0.24993377420037577, 0.14356961194434087, 0.43902250309594315, 0.11071790895242721]",{1: 1.0},1,5.0,False,5.0
1,17,6,1,6,single_condition,importance,wine_quality,353,forward_simulation,5,training,6,0,,infer_no_explanation,ImportanceCategorization,"[1.1515151262283325, 0.6521739363670349, 0.6528189778327942, 0.45614033937454224, 0.23529411852359772]",,"{0: 0.5, 1: 0.5}",0,5.0,True,
1,17,6,1,6,single_condition,importance,wine_quality,353,forward_simulation,5,training,6,0,,infer_with_explanation,ImportanceCategorization,"[1.1515151262283325, 0.6521739363670349, 0.6528189778327942, 0.45614033937454224, 0.23529411852359772]","[1.0, 0.20538055571500521, 0.2875998385018578, 0.10109995395938103, 0.051214624435122896]",{0: 1.0},0,5.0,True,5.0
1,17,7,1,7,single_condition,importance,wine_quality,931,forward_simulation,5,training,7,0,,infer_no_explanation,ImportanceCategorization,"[0.1818181872367859, 0.3913043439388275, 0.26706230640411377, 0.5964912176132202, 0.8235294222831726]",,"{0: 0.5, 1: 0.5}",0,5.0,True,
1,17,7,1,7,single_condition,importance,wine_quality,931,forward_simulation,5,training,7,0,,infer_with_explanation,ImportanceCategorization,"[0.1818181872367859, 0.3913043439388275, 0.26706230640411377, 0.5964912176132202, 0.8235294222831726]","[1.0, 0.37965059313905697, 0.2757383020656228, 0.198451618245318, 0.21203619964176879]",{0: 1.0},0,5.0,True,5.0
1,17,8,1,8,single_condition,importance,wine_quality,1101,forward_simulation,5,training,8,0,,infer_no_explanation,ImportanceCategorization,"[0.8484848737716675, 0.3478260934352875, 0.13847675919532776, 0.38596490025520325, 0.5686274766921997]",,"{0: 0.5, 1: 0.5}",0,5.0,True,
1,17,8,1,8,single_condition,importance,wine_quality,1101,forward_simulation,5,training,8,0,,infer_with_explanation,ImportanceCategorization,"[0.8484848737716675, 0.3478260934352875, 0.13847675919532776, 0.38596490025520325, 0.5686274766921997]","[1.0, 0.1052570266145882, 0.16261959500070552, 0.15757825837471343, 0.09469674972029932]",{0: 1.0},0,5.0,True,5.0
0,17,9,1,9,single_condition,importance,wine_quality,341,forward_simulation,5,training,9,1,,infer_no_explanation,ImportanceCategorization,"[0.6363636255264282, 0.8695651888847351, 0.06923837959766388, 0.2631579041481018, 0.29411765933036804]",,"{0: 0.5, 1: 0.5}",0,5.0,False,
0,17,9,1,9,single_condition,importance,wine_quality,341,forward_simulation,5,training,9,1,,infer_with_explanation,ImportanceCategorization,"[0.6363636255264282, 0.8695651888847351, 0.06923837959766388, 0.2631579041481018, 0.29411765933036804]","[1.0, 0.3928802078346484, 0.2710632156079935, 0.07250831940339068, 0.057639484971228824]",{0: 1.0},0,5.0,False,5.0
1,17,10,1,10,single_condition,importance,wine_quality,1305,forward_simulation,5,training,10,0,,infer_no_explanation,ImportanceCategorization,"[0.1818181872367859, 0.1304347813129425, 0.7616221308708191, 0.5964912176132202, 0.47058823704719543]",,"{0: 0.5, 1: 0.5}",0,5.0,True,
0,17,10,1,10,single_condition,importance,wine_quality,1305,forward_simulation,5,training,10,0,,infer_with_explanation,ImportanceCategorization,"[0.1818181872367859, 0.1304347813129425, 0.7616221308708191, 0.5964912176132202, 0.47058823704719543]","[1.0, 0.8347061963713905, 0.71660286969211, 0.08556131621145142, 0.16321624543381777]",{1: 1.0},1,5.0,False,5.0
0,17,11,1,1,single_condition,importance,wine_quality,1120,forward_simulation,5,testing,1,1,True,infer_with_explanation,ImportanceCategorization,"[1.1818181276321411, 0.54347825050354, 0.059347182512283325, 0.4736842215061188, 0.27450981736183167]","[1.0, 0.10944912635748491, 0.25177548573120073, 0.11297688610909166, 0.08236067877158768]",{0: 1.0},0,5.0,False,
0,17,12,1,2,single_condition,importance,wine_quality,875,forward_simulation,5,testing,2,1,False,infer_no_explanation,ImportanceCategorization,"[0.7878788113594055, 0.695652186870575, 0.04945598542690277, 0.07017543911933899, 0.4901960790157318]",,"{0: 0.5, 1: 0.5}",0,5.0,False,
1,17,13,1,3,single_condition,importance,wine_quality,554,forward_simulation,5,testing,3,0,False,infer_no_explanation,ImportanceCategorization,"[0.5757575631141663, 0.5869565010070801, 0.11869436502456665, 0.6578947305679321, -0.27450981736183167]",,"{0: 0.5, 1: 0.5}",0,5.0,True,
0,17,14,1,4,single_condition,importance,wine_quality,1205,forward_simulation,5,testing,4,1,True,infer_with_explanation,ImportanceCategorization,"[0.5454545617103577, 0.8260869383811951, 0.3264094889163971, 0.15789473056793213, 0.6666666865348816]","[0.07655570454093456, 1.0, 0.20067650795183453, 0.9896126578426067, 0.05534031589435876]","{0: 0.5, 1: 0.5}",0,5.0,False,
0,17,15,1,5,single_condition,importance,wine_quality,491,forward_simulation,5,testing,5,1,True,infer_with_explanation,ImportanceCategorization,"[1.2424242496490479, 0.695652186870575, 0.13847675919532776, 0.24561403691768646, 0.5490196347236633]","[1.0, 0.4925875454929678, 0.058903703237561784, 0.07840688704037788, 0.07372370522047784]","{0: 0.5, 1: 0.5}",0,5.0,False,
0,17,16,1,6,single_condition,importance,wine_quality,1061,forward_simulation,5,testing,6,1,False,infer_no_explanation,ImportanceCategorization,"[1.0, 0.47826087474823, 0.04945598542690277, 0.22807016968727112, 0.29411765933036804]",,"{0: 0.5, 1: 0.5}",0,5.0,False,
0,17,17,1,7,single_condition,importance,wine_quality,1267,forward_simulation,5,testing,7,1,False,infer_no_explanation,ImportanceCategorization,"[0.6666666865348816, 0.8695651888847351, 0.07912957668304443, 0.28070175647735596, 0.0784313753247261]",,"{0: 0.5, 1: 0.5}",0,5.0,False,
1,17,18,1,8,single_condition,importance,wine_quality,1102,forward_simulation,5,testing,8,0,False,infer_no_explanation,ImportanceCategorization,"[0.6060606241226196, 0.15217390656471252, 0.18793274462223053, 0.3684210479259491, 0.7647058963775635]",,"{0: 0.5, 1: 0.5}",0,5.0,True,
1,17,19,1,9,single_condition,importance,wine_quality,274,forward_simulation,5,testing,9,0,True,infer_with_explanation,ImportanceCategorization,"[0.06060606241226196, 0.6521739363670349, 0.8209693431854248, 0.6666666865348816, 0.6274510025978088]","[1.0, 0.6102074419359589, 0.49833793441895025, 0.7511699668439069, 0.11513913821935598]","{0: 0.5, 1: 0.5}",0,5.0,True,
0,17,20,1,10,single_condition,importance,wine_quality,1018,forward_simulation,5,testing,10,1,False,infer_no_explanation,ImportanceCategorization,"[1.0606060028076172, -0.06521739065647125, 0.9693372845649719, -0.15789473056793213, -0.3333333432674408]",,"{0: 0.5, 1: 0.5}",0,5.0,False,
1,17,21,1,11,single_condition,importance,wine_quality,1087,forward_simulation,5,testing,11,0,False,infer_no_explanation,ImportanceCategorization,"[0.6060606241226196, 0.47826087474823, 0.18793274462223053, -0.14035087823867798, 0.45098039507865906]",,"{0: 0.5, 1: 0.5}",0,5.0,True,
1,17,22,1,12,single_condition,importance,wine_quality,539,forward_simulation,5,testing,12,0,True,infer_with_explanation,ImportanceCategorization,"[0.6060606241226196, 0.32608696818351746, 0.059347182512283325, 0.4035087823867798, 0.3137255012989044]","[1.0, 0.1648628486648177, 0.19664457329973678, 0.03146919426112405, 0.026802381827137355]","{0: 0.5, 1: 0.5}",0,5.0,True,
0,17,23,1,13,single_condition,importance,wine_quality,513,forward_simulation,5,testing,13,1,False,infer_no_explanation,ImportanceCategorization,"[0.7878788113594055, 0.41304346919059753, 0.03956478834152222, 0.42105263471603394, 0.05882352963089943]",,"{0: 0.5, 1: 0.5}",0,5.0,False,
0,17,24,1,14,single_condition,importance,wine_quality,505,forward_simulation,5,testing,14,1,True,infer_with_explanation,ImportanceCategorization,"[1.0, 0.6739130616188049, 0.1483679562807083, 0.38596490025520325, 0.19607843458652496]","[1.0, 0.4056018493178818, 0.14176311250883092, 0.0919233625731073, 0.04493301555128342]","{0: 0.5, 1: 0.5}",0,5.0,False,
1,17,25,1,15,single_condition,importance,wine_quality,1274,forward_simulation,5,testing,15,0,True,infer_with_explanation,ImportanceCategorization,"[0.6060606241226196, 0.1304347813129425, 0.24727992713451385, 0.5438596606254578, 0.3529411852359772]","[1.0, 0.4111269649756317, 0.06979025136064386, 0.14565451758845602, 0.018832780723489373]","{0: 0.5, 1: 0.5}",0,5.0,True,
1,17,26,1,16,single_condition,importance,wine_quality,480,forward_simulation,5,testing,16,0,True,infer_with_explanation,ImportanceCategorization,"[0.0, 0.41304346919059753, 0.11869436502456665, 0.017543859779834747, 0.11764705926179886]","[1.0, 0.38598805416311327, 0.2803215861386392, 0.5604044128101198, 0.2516894297019382]","{0: 0.5, 1: 0.5}",0,5.0,True,
1,17,27,1,17,single_condition,importance,wine_quality,764,forward_simulation,5,testing,17,0,True,infer_with_explanation,ImportanceCategorization,"[0.09090909361839294, 0.17391304671764374, 0.3264094889163971, 0.719298243522644, 0.4901960790157318]","[1.0, 0.6060453801766371, 0.11656634096285225, 0.5135630290552134, 0.03244522149458944]","{0: 0.5, 1: 0.5}",0,5.0,True,
0,17,28,1,18,single_condition,importance,wine_quality,1016,forward_simulation,5,testing,18,1,False,infer_no_explanation,ImportanceCategorization,"[1.0303030014038086, 0.6086956262588501, 0.16815035045146942, 0.19298245012760162, 0.4117647111415863]",,"{0: 0.5, 1: 0.5}",0,5.0,False,
1,17,29,1,19,single_condition,importance,wine_quality,57,forward_simulation,5,testing,19,0,False,infer_no_explanation,ImportanceCategorization,"[0.06060606241226196, 0.6521739363670349, 0.9792284965515137, 0.6315789222717285, 0.3921568691730499]",,"{0: 0.5, 1: 0.5}",0,5.0,True,
1,17,30,1,20,single_condition,importance,wine_quality,842,forward_simulation,5,testing,20,0,True,infer_with_explanation,ImportanceCategorization,"[0.5151515007019043, 0.54347825050354, 0.5637982487678528, 0.4035087823867798, 0.3333333432674408]","[0.591503453426009, 0.5395687333448168, 1.0, 0.3627181662059885, 0.19576965553472905]","{0: 0.5, 1: 0.5}",0,5.0,True,
1,18,1,1,1,single_condition,attribution,wine_quality,229,forward_simulation,5,training,1,0,,infer_no_explanation,AttributionSum,"[0.5454545617103577, 0.06521739065647125, 0.2571711242198944, 0.4385964870452881, 0.7843137383460999]",,"{0: 0.5, 1: 0.5}",0,5.0,True,
1,18,1,1,1,single_condition,attribution,wine_quality,229,forward_simulation,5,training,1,0,,infer_with_explanation,AttributionSum,"[0.5454545617103577, 0.06521739065647125, 0.2571711242198944, 0.4385964870452881, 0.7843137383460999]","[0.006662696296945188, -1.0, 0.12803609913837033, 0.37653095995530905, -0.1407122171747767]","{0: 0.6510071158477846, 1: 0.34899288415221547}",0,5.0,True,5.0
0,18,2,1,2,single_condition,attribution,wine_quality,413,forward_simulation,5,training,2,1,,infer_no_explanation,AttributionSum,"[0.7575757503509521, 0.760869562625885, 0.07912957668304443, 0.22807016968727112, 0.4117647111415863]",,"{0: 0.6510071158477846, 1: 0.34899288415221547}",0,5.0,False,
1,18,2,1,2,single_condition,attribution,wine_quality,413,forward_simulation,5,training,2,1,,infer_with_explanation,AttributionSum,"[0.7575757503509521, 0.760869562625885, 0.07912957668304443, 0.22807016968727112, 0.4117647111415863]","[1.0, 0.35214986325206454, 0.27257937281593236, 0.07286293631655598, -0.0160871154221852]","{0: 0.20551911771642029, 1: 0.7944808822835797}",1,5.0,True,5.0
0,18,3,1,3,single_condition,attribution,wine_quality,710,forward_simulation,5,training,3,0,,infer_no_explanation,AttributionSum,"[0.27272728085517883, 0.21739129722118378, 0.7220573425292969, 1.324561357498169, 0.0]",,"{0: 0.4051323162941237, 1: 0.5948676837058763}",1,5.0,False,
1,18,3,1,3,single_condition,attribution,wine_quality,710,forward_simulation,5,training,3,0,,infer_with_explanation,AttributionSum,"[0.27272728085517883, 0.21739129722118378, 0.7220573425292969, 1.324561357498169, 0.0]","[-0.851277326742502, -0.3321459171934029, -0.5268647256999865, -1.0, 0.32679331856990584]","{0: 0.8642770060378488, 1: 0.1357229939621512}",0,5.0,True,5.0
0,18,4,1,4,single_condition,attribution,wine_quality,556,forward_simulation,5,training,4,0,,infer_no_explanation,AttributionSum,"[0.7575757503509521, 0.19565217196941376, 0.059347182512283325, 0.45614033937454224, 0.019607843831181526]",,"{0: 0.4134835331786455, 1: 0.5865164668213545}",1,5.0,False,
0,18,4,1,4,single_condition,attribution,wine_quality,556,forward_simulation,5,training,4,0,,infer_with_explanation,AttributionSum,"[0.7575757503509521, 0.19565217196941376, 0.059347182512283325, 0.45614033937454224, 0.019607843831181526]","[1.0, -0.16851559237259398, 0.20823566663703338, -0.13060081990001673, -0.0036925844007358894]","{0: 0.23001337828066815, 1: 0.7699866217193319}",1,5.0,False,5.0
1,18,5,1,5,single_condition,attribution,wine_quality,1493,forward_simulation,5,training,5,0,,infer_no_explanation,AttributionSum,"[0.1515151560306549, 0.260869562625885, 1.3452028036117554, 0.4736842215061188, 0.3921568691730499]",,"{0: 0.8375995400269155, 1: 0.16240045997308447}",0,5.0,True,
1,18,5,1,5,single_condition,attribution,wine_quality,1493,forward_simulation,5,training,5,0,,infer_with_explanation,AttributionSum,"[0.1515151560306549, 0.260869562625885, 1.3452028036117554, 0.4736842215061188, 0.3921568691730499]","[-1.0, -0.23329043518907655, -0.35178449111277593, -0.30864849008154865, 0.010003289524048716]","{0: 0.7944212175326902, 1: 0.20557878246730973}",0,5.0,True,5.0
1,18,6,1,6,single_condition,attribution,wine_quality,840,forward_simulation,5,training,6,1,,infer_no_explanation,AttributionSum,"[0.8787878751754761, 0.6521739363670349, 0.22749753296375275, 0.2631579041481018, 0.3529411852359772]",,"{0: 0.23009332909267888, 1: 0.7699066709073211}",1,5.0,True,
1,18,6,1,6,single_condition,attribution,wine_quality,840,forward_simulation,5,training,6,1,,infer_with_explanation,AttributionSum,"[0.8787878751754761, 0.6521739363670349, 0.22749753296375275, 0.2631579041481018, 0.3529411852359772]","[1.0, 0.42251600897701613, 0.10459335844796008, 0.1329705438384341, -0.0028291355844085246]","{0: 0.19426745575077609, 1: 0.8057325442492239}",1,5.0,True,5.0
1,18,7,1,7,single_condition,attribution,wine_quality,514,forward_simulation,5,training,7,1,,infer_no_explanation,AttributionSum,"[0.7878788113594055, 0.41304346919059753, 0.03956478834152222, 0.42105263471603394, 0.05882352963089943]",,"{0: 0.2553171615902936, 1: 0.7446828384097064}",1,5.0,True,
1,18,7,1,7,single_condition,attribution,wine_quality,514,forward_simulation,5,training,7,1,,infer_with_explanation,AttributionSum,"[0.7878788113594055, 0.41304346919059753, 0.03956478834152222, 0.42105263471603394, 0.05882352963089943]","[1.0, 0.11341444245958966, 0.2454063636375547, 0.09783867009198516, -0.009949627287538641]","{0: 0.22349633207196107, 1: 0.7765036679280389}",1,5.0,True,5.0
1,18,8,1,8,single_condition,attribution,wine_quality,913,forward_simulation,5,training,8,1,,infer_no_explanation,AttributionSum,"[0.9090909361839294, 0.3695652186870575, -0.009891197085380554, 0.21929824352264404, 0.4117647111415863]",,"{0: 0.15870137712615984, 1: 0.8412986228738402}",1,5.0,True,
1,18,8,1,8,single_condition,attribution,wine_quality,913,forward_simulation,5,training,8,1,,infer_with_explanation,AttributionSum,"[0.9090909361839294, 0.3695652186870575, -0.009891197085380554, 0.21929824352264404, 0.4117647111415863]","[1.0, 0.09161449334865719, 0.201328114741684, 0.13354574043132245, 0.013976703151781109]","{0: 0.23123903653588007, 1: 0.7687609634641199}",1,5.0,True,5.0
1,18,9,1,9,single_condition,attribution,wine_quality,1422,forward_simulation,5,training,9,1,,infer_no_explanation,AttributionSum,"[0.6666666865348816, 0.804347813129425, 0.4352126717567444, 0.4736842215061188, 0.6470588445663452]",,"{0: 0.22725020082669345, 1: 0.7727497991733066}",1,5.0,True,
1,18,9,1,9,single_condition,attribution,wine_quality,1422,forward_simulation,5,training,9,1,,infer_with_explanation,AttributionSum,"[0.6666666865348816, 0.804347813129425, 0.4352126717567444, 0.4736842215061188, 0.6470588445663452]","[1.0, 0.36082334419273676, -0.032254350897046855, -0.052982819494599744, -0.021929100192704096]","{0: 0.20410651986534623, 1: 0.7958934801346538}",1,5.0,True,5.0
0,18,10,1,10,single_condition,attribution,wine_quality,412,forward_simulation,5,training,10,0,,infer_no_explanation,AttributionSum,"[0.03030303120613098, 0.3695652186870575, 0.6528189778327942, 0.8157894611358643, 0.4117647111415863]",,"{0: 0.1733381434005148, 1: 0.8266618565994852}",1,5.0,False,
1,18,10,1,10,single_condition,attribution,wine_quality,412,forward_simulation,5,training,10,0,,infer_with_explanation,AttributionSum,"[0.03030303120613098, 0.3695652186870575, 0.6528189778327942, 0.8157894611358643, 0.4117647111415863]","[-1.0, -0.03224303080524281, -0.31970949504501245, -0.736580158604245, 0.001306114256588933]","{0: 0.8502521609093879, 1: 0.14974783909061207}",0,5.0,True,5.0
1,18,11,1,1,single_condition,attribution,wine_quality,79,forward_simulation,5,testing,1,0,False,infer_no_explanation,AttributionSum,"[-0.03030303120613098, 1.41304349899292, 1.068249225616455, 0.6228070259094238, 0.19607843458652496]",,"{0: 0.7982971450961982, 1: 0.20170285490380185}",0,5.0,True,
1,18,12,1,2,single_condition,attribution,wine_quality,735,forward_simulation,5,testing,2,0,True,infer_with_explanation,AttributionSum,"[0.09090909361839294, 0.06521739065647125, 0.1088031679391861, 1.219298243522644, 0.3921568691730499]","[-1.0, -0.7487940217903225, 0.4949325173550665, -0.6728670077806775, -0.1284334574415419]","{0: 0.8518006282998557, 1: 0.14819937170014427}",0,5.0,True,
1,18,13,1,3,single_condition,attribution,wine_quality,982,forward_simulation,5,testing,3,1,True,infer_with_explanation,AttributionSum,"[1.121212124824524, 0.760869562625885, 0.5835806131362915, 0.4385964870452881, 0.5490196347236633]","[1.0, 0.40222326784884166, -0.3055245746341953, 0.08109299790791313, 0.020687298567227775]","{0: 0.19746354941970434, 1: 0.8025364505802957}",1,5.0,True,
1,18,14,1,4,single_condition,attribution,wine_quality,1291,forward_simulation,5,testing,4,0,False,infer_no_explanation,AttributionSum,"[0.5151515007019043, 0.6086956262588501, 0.48466864228248596, 0.640350878238678, 0.45098039507865906]",,"{0: 0.5977640522167131, 1: 0.4022359477832869}",0,5.0,True,
1,18,15,1,5,single_condition,attribution,wine_quality,124,forward_simulation,5,testing,5,0,True,infer_with_explanation,AttributionSum,"[0.09090909361839294, 0.021739130839705467, 0.9000989198684692, 0.4035087823867798, 0.6470588445663452]","[-1.0, -0.4661476685432027, -0.4042942084180415, 0.08053891510266649, -0.04606449406864134]","{0: 0.81247114434782, 1: 0.18752885565218003}",0,5.0,True,
1,18,16,1,6,single_condition,attribution,wine_quality,933,forward_simulation,5,testing,6,0,True,infer_with_explanation,AttributionSum,"[0.1818181872367859, 0.3913043439388275, 0.26706230640411377, 0.5964912176132202, 0.8235294222831726]","[-1.0, 0.5721939863667296, -0.030999062064189193, -0.18170341755489489, -0.44094322616549025]","{0: 0.6053496432327332, 1: 0.3946503567672668}",0,5.0,True,
0,18,17,1,7,single_condition,attribution,wine_quality,470,forward_simulation,5,testing,7,0,True,infer_with_explanation,AttributionSum,"[0.42424243688583374, 0.30434781312942505, 0.35608309507369995, 0.08771929889917374, -0.019607843831181526]","[-0.08557070460719536, -0.3264667256556749, -0.4865740201072455, 1.0, 0.5981168371573506]","{0: 0.16824497743400735, 1: 0.8317550225659927}",1,5.0,False,
1,18,18,1,8,single_condition,attribution,wine_quality,513,forward_simulation,5,testing,8,1,False,infer_no_explanation,AttributionSum,"[0.7878788113594055, 0.41304346919059753, 0.03956478834152222, 0.42105263471603394, 0.05882352963089943]",,"{0: 0.49351965019473365, 1: 0.5064803498052663}",1,5.0,True,
1,18,19,1,9,single_condition,attribution,wine_quality,1,forward_simulation,5,testing,9,0,True,infer_with_explanation,AttributionSum,"[0.1818181872367859, 0.45652174949645996, 0.553907036781311, 1.0701754093170166, 0.27450981736183167]","[-0.9538468606495064, 0.3660969327638398, -0.701374645659267, -1.0, 0.34558664089885266]","{0: 0.8758654973363504, 1: 0.12413450266364952}",0,5.0,True,
1,18,20,1,10,single_condition,attribution,wine_quality,705,forward_simulation,5,testing,10,0,False,infer_no_explanation,AttributionSum,"[0.21212121844291687, 0.043478261679410934, 0.42532145977020264, 1.3421052694320679, 0.6078431606292725]",,"{0: 0.8758237778526812, 1: 0.12417622214731888}",0,5.0,True,
0,18,21,1,11,single_condition,attribution,wine_quality,1205,forward_simulation,5,testing,11,1,False,infer_no_explanation,AttributionSum,"[0.5454545617103577, 0.8260869383811951, 0.3264094889163971, 0.15789473056793213, 0.6666666865348816]",,"{0: 0.8758401840002206, 1: 0.12415981599977938}",0,5.0,False,
1,18,22,1,12,single_condition,attribution,wine_quality,947,forward_simulation,5,testing,12,1,True,infer_with_explanation,AttributionSum,"[0.9696969985961914, 0.32608696818351746, 0.009891197085380554, 0.017543859779834747, 0.3921568691730499]","[1.0, -0.10823143965750426, 0.290976143681861, 0.34646464424430046, 0.10201001064793574]","{0: 0.2064489602448889, 1: 0.7935510397551111}",1,5.0,True,
0,18,23,1,13,single_condition,attribution,wine_quality,1121,forward_simulation,5,testing,13,0,False,infer_no_explanation,AttributionSum,"[0.939393937587738, 0.17391304671764374, 0.16815035045146942, 0.4035087823867798, 0.7450980544090271]",,"{0: 0.4428062204022679, 1: 0.5571937795977321}",1,5.0,False,
0,18,24,1,14,single_condition,attribution,wine_quality,1550,forward_simulation,5,testing,14,0,False,infer_no_explanation,AttributionSum,"[0.09090909361839294, 0.1304347813129425, 0.1483679562807083, 0.719298243522644, 0.7647058963775635]",,"{0: 0.1466467600135155, 1: 0.8533532399864845}",1,5.0,False,
1,18,25,1,15,single_condition,attribution,wine_quality,1061,forward_simulation,5,testing,15,1,False,infer_no_explanation,AttributionSum,"[1.0, 0.47826087474823, 0.04945598542690277, 0.22807016968727112, 0.29411765933036804]",,"{0: 0.1467172059494839, 1: 0.8532827940505161}",1,5.0,True,
1,18,26,1,16,single_condition,attribution,wine_quality,1405,forward_simulation,5,testing,16,1,False,infer_no_explanation,AttributionSum,"[0.6363636255264282, 0.9347826242446899, 0.22749753296375275, 0.017543859779834747, 0.4313725531101227]",,"{0: 0.1467113610880051, 1: 0.8532886389119949}",1,5.0,True,
1,18,27,1,17,single_condition,attribution,wine_quality,505,forward_simulation,5,testing,17,1,False,infer_no_explanation,AttributionSum,"[1.0, 0.6739130616188049, 0.1483679562807083, 0.38596490025520325, 0.19607843458652496]",,"{0: 0.14671716500145915, 1: 0.8532828349985409}",1,5.0,True,
1,18,28,1,18,single_condition,attribution,wine_quality,1016,forward_simulation,5,testing,18,1,True,infer_with_explanation,AttributionSum,"[1.0303030014038086, 0.6086956262588501, 0.16815035045146942, 0.19298245012760162, 0.4117647111415863]","[1.0, 0.39117423090515635, 0.18336401895193782, 0.3566017245112949, -0.008799463399233681]","{0: 0.19922036373851926, 1: 0.8007796362614807}",1,5.0,True,
1,18,29,1,19,single_condition,attribution,wine_quality,1120,forward_simulation,5,testing,19,1,True,infer_with_explanation,AttributionSum,"[1.1818181276321411, 0.54347825050354, 0.059347182512283325, 0.4736842215061188, 0.27450981736183167]","[1.0, 0.10944912635748491, 0.25177548573120073, -0.11297688610909166, 0.08236067877158768]","{0: 0.22239294507107066, 1: 0.7776070549289293}",1,5.0,True,
1,18,30,1,20,single_condition,attribution,wine_quality,267,forward_simulation,5,testing,20,1,True,infer_with_explanation,AttributionSum,"[1.0909091234207153, 0.8478260636329651, 0.2571711242198944, 0.14035087823867798, 0.5686274766921997]","[1.0, 0.3136149675422904, 0.07552797521685001, 0.4095208066781171, -0.02580984015936638]","{0: 0.1963096487341538, 1: 0.8036903512658462}",1,5.0,True,
1,19,1,1,1,single_condition,none,wine_quality,123,forward_simulation,5,training,1,0,,infer_no_explanation,SensitiveFeatures,"[0.09090909361839294, 0.1304347813129425, 0.22749753296375275, 0.7719298005104065, 0.7450980544090271]",,"{0: 0.5, 1: 0.5}",0,0.1,True,5.0
0,19,2,1,2,single_condition,none,wine_quality,477,forward_simulation,5,training,2,1,,infer_no_explanation,SensitiveFeatures,"[0.5454545617103577, 1.2826087474822998, 0.08902077376842499, -0.05263157933950424, 0.23529411852359772]",,{0: 1.0},0,0.09999999999999964,False,5.0
1,19,3,1,3,single_condition,none,wine_quality,802,forward_simulation,5,training,3,1,,infer_no_explanation,SensitiveFeatures,"[1.121212124824524, 1.02173912525177, 0.7418397665023804, 0.5526315569877625, 0.9803921580314636]",,"{0: 0.3969848653111811, 1: 0.6030151346888188}",1,0.09999999999999964,True,5.0
0,19,4,1,4,single_condition,none,wine_quality,139,forward_simulation,5,training,4,0,,infer_no_explanation,SensitiveFeatures,"[0.09090909361839294, 0.15217390656471252, 0.9594460725784302, 0.5087719559669495, 0.5098039507865906]",,"{0: 0.31102060616608335, 1: 0.6889793938339167}",1,0.09999999999999964,False,5.0
0,19,5,1,5,single_condition,none,wine_quality,474,forward_simulation,5,training,5,0,,infer_no_explanation,SensitiveFeatures,"[0.06060606241226196, 0.9130434989929199, 0.1285855621099472, 0.017543859779834747, 0.27450981736183167]",,"{1: 0.5831809553319975, 0: 0.4168190446680025}",1,0.10000000000000142,False,5.0
1,19,6,1,6,single_condition,none,wine_quality,1497,forward_simulation,5,training,6,0,,infer_no_explanation,SensitiveFeatures,"[0.6969696879386902, 0.3478260934352875, 0.04945598542690277, 0.8245614171028137, 0.7647058963775635]",,"{1: 0.26252376319923243, 0: 0.7374762368007675}",0,0.10000000000000142,True,5.0
0,19,7,1,7,single_condition,none,wine_quality,1015,forward_simulation,5,training,7,1,,infer_no_explanation,SensitiveFeatures,"[0.6666666865348816, 0.804347813129425, 0.15825915336608887, 0.21052631735801697, 0.0]",,{0: 1.0},0,0.10000000000000142,False,5.0
1,19,8,1,8,single_condition,none,wine_quality,627,forward_simulation,5,training,8,0,,infer_no_explanation,SensitiveFeatures,"[-0.03030303120613098, 0.043478261679410934, 0.03956478834152222, 0.5789473652839661, 0.5882353186607361]",,"{0: 0.5933884229620598, 1: 0.4066115770379401}",0,0.10000000000000142,True,5.0
0,19,9,1,9,single_condition,none,wine_quality,663,forward_simulation,5,training,9,1,,infer_no_explanation,SensitiveFeatures,"[0.3030303120613098, 0.695652186870575, 0.01978239417076111, 0.017543859779834747, -0.03921568766236305]",,"{0: 0.6188252461202781, 1: 0.38117475387972183}",0,0.10000000000000142,False,5.0
1,19,10,1,10,single_condition,none,wine_quality,817,forward_simulation,5,training,10,1,,infer_no_explanation,SensitiveFeatures,"[0.8181818127632141, 0.5652173757553101, 0.15825915336608887, 0.035087719559669495, 0.4313725531101227]",,"{1: 0.7361938395515646, 0: 0.2638061604484355}",1,0.10000000000000142,True,5.0
0,19,11,1,1,single_condition,none,wine_quality,800,forward_simulation,5,testing,1,0,True,infer_no_explanation,SensitiveFeatures,"[0.06060606241226196, 0.08695652335882187, 0.9594460725784302, 0.5964912176132202, 0.37254902720451355]",,"{0: 0.2857442125527877, 1: 0.7142557874472123}",1,0.10000000000000142,False,
0,19,12,1,2,single_condition,none,wine_quality,431,forward_simulation,5,testing,2,0,True,infer_no_explanation,SensitiveFeatures,"[0.0, 0.19565217196941376, 0.5440158247947693, 0.4912280738353729, 0.37254902720451355]",,"{1: 0.8554391157043575, 0: 0.1445608842956425}",1,0.10000000000000142,False,
0,19,13,1,3,single_condition,none,wine_quality,1095,forward_simulation,5,testing,3,0,True,infer_no_explanation,SensitiveFeatures,"[0.39393940567970276, 0.06521739065647125, 0.08902077376842499, 0.22807016968727112, 0.1764705926179886]",,"{1: 0.8534488150444182, 0: 0.1465511849555817}",1,0.10000000000000142,False,
0,19,14,1,4,single_condition,none,wine_quality,1170,forward_simulation,5,testing,4,0,False,infer_no_explanation,SensitiveFeatures,"[0.39393940567970276, 0.43478259444236755, 0.009891197085380554, 0.15789473056793213, 0.27450981736183167]",,"{0: 0.17439648614862754, 1: 0.8256035138513724}",1,0.09999999999999432,False,
0,19,15,1,5,single_condition,none,wine_quality,79,forward_simulation,5,testing,5,0,False,infer_no_explanation,SensitiveFeatures,"[-0.03030303120613098, 1.41304349899292, 1.068249225616455, 0.6228070259094238, 0.19607843458652496]",,"{1: 0.8423730346122218, 0: 0.1576269653877782}",1,0.09999999999999432,False,
1,19,16,1,6,single_condition,none,wine_quality,505,forward_simulation,5,testing,6,1,False,infer_no_explanation,SensitiveFeatures,"[1.0, 0.6739130616188049, 0.1483679562807083, 0.38596490025520325, 0.19607843458652496]",,"{1: 0.839294126485957, 0: 0.16070587351404308}",1,0.09999999999999432,True,
0,19,17,1,7,single_condition,none,wine_quality,15,forward_simulation,5,testing,7,0,True,infer_no_explanation,SensitiveFeatures,"[0.0, 1.0, 1.3550939559936523, 0.6140350699424744, 0.21568627655506134]",,"{0: 0.16260781331112473, 1: 0.8373921866888753}",1,0.09999999999999432,False,
1,19,18,1,8,single_condition,none,wine_quality,267,forward_simulation,5,testing,8,1,False,infer_no_explanation,SensitiveFeatures,"[1.0909091234207153, 0.8478260636329651, 0.2571711242198944, 0.14035087823867798, 0.5686274766921997]",,"{1: 0.8392458766330716, 0: 0.16075412336692838}",1,0.09999999999999432,True,
1,19,19,1,9,single_condition,none,wine_quality,1205,forward_simulation,5,testing,9,1,False,infer_no_explanation,SensitiveFeatures,"[0.5454545617103577, 0.8260869383811951, 0.3264094889163971, 0.15789473056793213, 0.6666666865348816]",,"{1: 0.8388014903102858, 0: 0.1611985096897141}",1,0.09999999999999432,True,
1,19,20,1,10,single_condition,none,wine_quality,960,forward_simulation,5,testing,10,1,False,infer_no_explanation,SensitiveFeatures,"[0.5757575631141663, 0.8260869383811951, 0.26706230640411377, 0.35087719559669495, 0.19607843458652496]",,"{0: 0.16134477031357738, 1: 0.8386552296864226}",1,0.09999999999999432,True,
1,19,21,1,11,single_condition,none,wine_quality,947,forward_simulation,5,testing,11,1,False,infer_no_explanation,SensitiveFeatures,"[0.9696969985961914, 0.32608696818351746, 0.009891197085380554, 0.017543859779834747, 0.3921568691730499]",,"{1: 0.8388564852432591, 0: 0.16114351475674088}",1,0.09999999999999432,True,
1,19,22,1,12,single_condition,none,wine_quality,1172,forward_simulation,5,testing,12,1,False,infer_no_explanation,SensitiveFeatures,"[0.939393937587738, 0.5869565010070801, 0.04945598542690277, 0.2631579041481018, 0.4117647111415863]",,"{1: 0.8387829772693978, 0: 0.1612170227306023}",1,0.09999999999999432,True,
0,19,23,1,13,single_condition,none,wine_quality,192,forward_simulation,5,testing,13,0,True,infer_no_explanation,SensitiveFeatures,"[0.09090909361839294, 0.30434781312942505, 1.1374876499176025, 0.6315789222717285, 0.4313725531101227]",,"{0: 0.16123019412225462, 1: 0.8387698058777453}",1,0.09999999999999432,False,
0,19,24,1,14,single_condition,none,wine_quality,588,forward_simulation,5,testing,14,0,True,infer_no_explanation,SensitiveFeatures,"[1.454545497894287, 0.5869565010070801, 0.3857566714286804, 0.2631579041481018, 1.2941176891326904]",,"{1: 0.8387977531675064, 0: 0.16120224683249365}",1,0.09999999999999432,False,
1,19,25,1,15,single_condition,none,wine_quality,377,forward_simulation,5,testing,15,1,False,infer_no_explanation,SensitiveFeatures,"[0.8484848737716675, 1.43478262424469, 0.06923837959766388, 0.0, 0.27450981736183167]",,"{1: 0.8387856663059142, 0: 0.1612143336940858}",1,0.09999999999999432,True,
0,19,26,1,16,single_condition,none,wine_quality,772,forward_simulation,5,testing,16,0,True,infer_no_explanation,SensitiveFeatures,"[0.06060606241226196, 0.17391304671764374, 1.315529227256775, 0.5263158082962036, 0.4117647111415863]",,"{0: 0.1612175160639651, 1: 0.8387824839360349}",1,0.09999999999999432,False,
1,19,27,1,17,single_condition,none,wine_quality,491,forward_simulation,5,testing,17,1,True,infer_no_explanation,SensitiveFeatures,"[1.2424242496490479, 0.695652186870575, 0.13847675919532776, 0.24561403691768646, 0.5490196347236633]",,"{1: 0.8387880110866893, 0: 0.1612119889133107}",1,0.09999999999999432,True,
1,19,28,1,18,single_condition,none,wine_quality,950,forward_simulation,5,testing,18,1,False,infer_no_explanation,SensitiveFeatures,"[0.8181818127632141, 0.6304348111152649, 0.09891197085380554, -0.2631579041481018, 0.686274528503418]",,"{1: 0.8387860920399339, 0: 0.1612139079600661}",1,0.09999999999999432,True,
0,19,29,1,19,single_condition,none,wine_quality,1102,forward_simulation,5,testing,19,0,True,infer_no_explanation,SensitiveFeatures,"[0.6060606241226196, 0.15217390656471252, 0.18793274462223053, 0.3684210479259491, 0.7647058963775635]",,"{0: 0.16121410448561824, 1: 0.8387858955143818}",1,0.09999999999999432,False,
1,19,30,1,20,single_condition,none,wine_quality,1016,forward_simulation,5,testing,20,1,True,infer_no_explanation,SensitiveFeatures,"[1.0303030014038086, 0.6086956262588501, 0.16815035045146942, 0.19298245012760162, 0.4117647111415863]",,"{1: 0.8387865623888254, 0: 0.1612134376111745}",1,0.09999999999999432,True,
0,20,1,1,1,single_condition,importance,wine_quality,538,forward_simulation,5,training,1,1,,infer_no_explanation,ImportanceCategorization,"[0.8484848737716675, 0.41304346919059753, 0.2373887300491333, 0.14035087823867798, 0.27450981736183167]",,"{0: 0.5, 1: 0.5}",0,5.0,False,
0,20,1,1,1,single_condition,importance,wine_quality,538,forward_simulation,5,training,1,1,,infer_with_explanation,ImportanceCategorization,"[0.8484848737716675, 0.41304346919059753, 0.2373887300491333, 0.14035087823867798, 0.27450981736183167]","[1.0, 0.20258557527240084, 0.14995121480844817, 0.2956988953599988, 0.13417164138410767]","{0: 0.5, 1: 0.5}",0,5.0,False,5.0
0,20,2,1,2,single_condition,importance,wine_quality,619,forward_simulation,5,training,2,0,,infer_no_explanation,ImportanceCategorization,"[0.03030303120613098, 0.717391312122345, 0.04945598542690277, 0.17543859779834747, 0.05882352963089943]",,{1: 1.0},1,5.0,False,
0,20,2,1,2,single_condition,importance,wine_quality,619,forward_simulation,5,training,2,0,,infer_with_explanation,ImportanceCategorization,"[0.03030303120613098, 0.717391312122345, 0.04945598542690277, 0.17543859779834747, 0.05882352963089943]","[1.0, 0.6897875112755691, 0.28574025211027937, 0.5498719882268914, 0.1273707738577169]",{1: 1.0},1,5.0,False,5.0
1,20,3,1,3,single_condition,importance,wine_quality,1542,forward_simulation,5,training,3,0,,infer_no_explanation,ImportanceCategorization,"[0.469696968793869, 0.19565217196941376, 0.26706230640411377, 1.0263158082962036, 0.47058823704719543]",,"{0: 0.5, 1: 0.5}",0,5.0,True,
1,20,3,1,3,single_condition,importance,wine_quality,1542,forward_simulation,5,training,3,0,,infer_with_explanation,ImportanceCategorization,"[0.469696968793869, 0.19565217196941376, 0.26706230640411377, 1.0263158082962036, 0.47058823704719543]","[0.019049829943553573, 0.35007887701272683, 0.14556300701708744, 1.0, 0.0649008816172065]",{0: 1.0},0,5.0,True,5.0
0,20,4,1,4,single_condition,importance,wine_quality,1475,forward_simulation,5,training,4,1,,infer_no_explanation,ImportanceCategorization,"[1.3232322931289673, 0.8913043737411499, 0.7715133428573608, 0.35087719559669495, 0.9411764740943909]",,"{0: 0.5, 1: 0.5}",0,5.0,False,
0,20,4,1,4,single_condition,importance,wine_quality,1475,forward_simulation,5,training,4,1,,infer_with_explanation,ImportanceCategorization,"[1.3232322931289673, 0.8913043737411499, 0.7715133428573608, 0.35087719559669495, 0.9411764740943909]","[1.0, 0.3652034111128337, 0.25157574417433437, 0.0919893247481735, 0.06201063369745051]",{0: 1.0},0,5.0,False,5.0
1,20,5,1,5,single_condition,importance,wine_quality,551,forward_simulation,5,training,5,0,,infer_no_explanation,ImportanceCategorization,"[0.24242424964904785, 0.5652173757553101, 0.33630070090293884, 0.28070175647735596, 0.2549019753932953]",,"{0: 0.5, 1: 0.5}",0,5.0,True,
0,20,5,1,5,single_condition,importance,wine_quality,551,forward_simulation,5,training,5,0,,infer_with_explanation,ImportanceCategorization,"[0.24242424964904785, 0.5652173757553101, 0.33630070090293884, 0.28070175647735596, 0.2549019753932953]","[1.0, 0.43654292053607263, 0.16433778418290593, 0.4060307742192455, 0.3462713016265021]",{1: 1.0},1,5.0,False,5.0
1,20,6,1,6,single_condition,importance,wine_quality,1271,forward_simulation,5,training,6,0,,infer_no_explanation,ImportanceCategorization,"[0.7575757503509521, 0.21739129722118378, 0.5242334604263306, 0.2982456088066101, 0.6274510025978088]",,"{0: 0.5, 1: 0.5}",0,5.0,True,
1,20,6,1,6,single_condition,importance,wine_quality,1271,forward_simulation,5,training,6,0,,infer_with_explanation,ImportanceCategorization,"[0.7575757503509521, 0.21739129722118378, 0.5242334604263306, 0.2982456088066101, 0.6274510025978088]","[1.0, 0.08034361577721363, 0.2866220042872354, 0.10034977347008958, 0.014330296868952559]",{0: 1.0},0,5.0,True,5.0
0,20,7,1,7,single_condition,importance,wine_quality,966,forward_simulation,5,training,7,1,,infer_no_explanation,ImportanceCategorization,"[0.8181818127632141, 0.239130437374115, -0.009891197085380554, 0.19298245012760162, 0.13725490868091583]",,"{0: 0.5, 1: 0.5}",0,5.0,False,
0,20,7,1,7,single_condition,importance,wine_quality,966,forward_simulation,5,training,7,1,,infer_with_explanation,ImportanceCategorization,"[0.8181818127632141, 0.239130437374115, -0.009891197085380554, 0.19298245012760162, 0.13725490868091583]","[1.0, 0.12363586209483092, 0.2548614875866239, 0.45360676635633973, 0.15089822781219075]",{0: 1.0},0,5.0,False,5.0
1,20,8,1,8,single_condition,importance,wine_quality,2,forward_simulation,5,training,8,0,,infer_no_explanation,ImportanceCategorization,"[0.1818181872367859, 0.3913043439388275, 0.42532145977020264, 0.859649121761322, 0.3921568691730499]",,"{0: 0.5, 1: 0.5}",0,5.0,True,
0,20,8,1,8,single_condition,importance,wine_quality,2,forward_simulation,5,training,8,0,,infer_with_explanation,ImportanceCategorization,"[0.1818181872367859, 0.3913043439388275, 0.42532145977020264, 0.859649121761322, 0.3921568691730499]","[1.0, 0.29073351224657334, 0.03873357052557135, 0.8241938556199656, 0.01805681631079073]",{1: 1.0},1,5.0,False,5.0
0,20,9,1,9,single_condition,importance,wine_quality,1570,forward_simulation,5,training,9,1,,infer_no_explanation,ImportanceCategorization,"[0.9696969985961914, 1.0, 0.2373887300491333, 0.15789473056793213, 0.6078431606292725]",,"{0: 0.5, 1: 0.5}",0,5.0,False,
0,20,9,1,9,single_condition,importance,wine_quality,1570,forward_simulation,5,training,9,1,,infer_with_explanation,ImportanceCategorization,"[0.9696969985961914, 1.0, 0.2373887300491333, 0.15789473056793213, 0.6078431606292725]","[1.0, 0.4444479509677985, 0.02809896195673042, 0.3459392182138834, 0.06617627212758992]",{0: 1.0},0,5.0,False,5.0
0,20,10,1,10,single_condition,importance,wine_quality,509,forward_simulation,5,training,10,1,,infer_no_explanation,ImportanceCategorization,"[0.6666666865348816, 0.45652174949645996, 0.31651830673217773, 0.035087719559669495, -0.03921568766236305]",,"{0: 0.5, 1: 0.5}",0,5.0,False,
1,20,10,1,10,single_condition,importance,wine_quality,509,forward_simulation,5,training,10,1,,infer_with_explanation,ImportanceCategorization,"[0.6666666865348816, 0.45652174949645996, 0.31651830673217773, 0.035087719559669495, -0.03921568766236305]","[1.0, 0.16768259013366985, 0.0020959515104203796, 0.40080227775291755, 0.09227303183619465]",{1: 1.0},1,5.0,True,5.0
0,20,11,1,1,single_condition,importance,wine_quality,1502,forward_simulation,5,testing,1,0,True,infer_with_explanation,ImportanceCategorization,"[0.1818181872367859, 0.15217390656471252, 0.48466864228248596, 0.5526315569877625, 0.4901960790157318]","[1.0, 0.9489740873673679, 0.05924857190619966, 0.4679488471383174, 0.09364130941449962]",{1: 1.0},1,5.0,False,
1,20,12,1,2,single_condition,importance,wine_quality,1550,forward_simulation,5,testing,2,0,False,infer_no_explanation,ImportanceCategorization,"[0.09090909361839294, 0.1304347813129425, 0.1483679562807083, 0.719298243522644, 0.7647058963775635]",,"{0: 0.5, 1: 0.5}",0,5.0,True,
1,20,13,1,3,single_condition,importance,wine_quality,1018,forward_simulation,5,testing,3,1,True,infer_with_explanation,ImportanceCategorization,"[1.0606060028076172, -0.06521739065647125, 0.9693372845649719, -0.15789473056793213, -0.3333333432674408]","[1.0, 0.3089464357206773, 0.22899152377242932, 0.5110655493591125, 0.19665903924461586]",{1: 1.0},1,5.0,True,
1,20,14,1,4,single_condition,importance,wine_quality,1061,forward_simulation,5,testing,4,1,True,infer_with_explanation,ImportanceCategorization,"[1.0, 0.47826087474823, 0.04945598542690277, 0.22807016968727112, 0.29411765933036804]","[1.0, 0.19691800342236424, 0.33241556823685176, 0.0768611619896169, 0.1534308017131811]",{1: 1.0},1,5.0,True,
1,20,15,1,5,single_condition,importance,wine_quality,491,forward_simulation,5,testing,5,1,True,infer_with_explanation,ImportanceCategorization,"[1.2424242496490479, 0.695652186870575, 0.13847675919532776, 0.24561403691768646, 0.5490196347236633]","[1.0, 0.4925875454929678, 0.058903703237561784, 0.07840688704037788, 0.07372370522047784]",{1: 1.0},1,5.0,True,
1,20,16,1,6,single_condition,importance,wine_quality,819,forward_simulation,5,testing,6,0,False,infer_no_explanation,ImportanceCategorization,"[0.12121212482452393, 0.15217390656471252, 0.4747774600982666, 0.6842105388641357, 0.4313725531101227]",,"{0: 0.5, 1: 0.5}",0,5.0,True,
1,20,17,1,7,single_condition,importance,wine_quality,964,forward_simulation,5,testing,7,1,True,infer_with_explanation,ImportanceCategorization,"[0.5757575631141663, 0.8260869383811951, 0.26706230640411377, 0.35087719559669495, 0.19607843458652496]","[0.21095815369114626, 1.0, 0.28304807143859134, 0.25627223605793686, 0.09577096772995125]",{1: 1.0},1,5.0,True,
1,20,18,1,8,single_condition,importance,wine_quality,513,forward_simulation,5,testing,8,1,True,infer_with_explanation,ImportanceCategorization,"[0.7878788113594055, 0.41304346919059753, 0.03956478834152222, 0.42105263471603394, 0.05882352963089943]","[1.0, 0.16645388247766543, 0.18838512000699537, 0.044496377931886245, 0.13446603881382324]",{1: 1.0},1,5.0,True,
1,20,19,1,9,single_condition,importance,wine_quality,505,forward_simulation,5,testing,9,1,True,infer_with_explanation,ImportanceCategorization,"[1.0, 0.6739130616188049, 0.1483679562807083, 0.38596490025520325, 0.19607843458652496]","[1.0, 0.4056018493178818, 0.14176311250883092, 0.0919233625731073, 0.04493301555128342]",{1: 1.0},1,5.0,True,
1,20,20,1,10,single_condition,importance,wine_quality,140,forward_simulation,5,testing,10,0,False,infer_no_explanation,ImportanceCategorization,"[0.12121212482452393, 0.760869562625885, 0.5143422484397888, 0.8333333134651184, 0.2549019753932953]",,"{0: 0.5, 1: 0.5}",0,5.0,True,
1,20,21,1,11,single_condition,importance,wine_quality,1396,forward_simulation,5,testing,11,0,False,infer_no_explanation,ImportanceCategorization,"[0.10606060922145844, 0.3913043439388275, 0.0, 0.7105262875556946, 0.4901960790157318]",,"{0: 0.5, 1: 0.5}",0,5.0,True,
1,20,22,1,12,single_condition,importance,wine_quality,193,forward_simulation,5,testing,12,0,False,infer_no_explanation,ImportanceCategorization,"[0.1515151560306549, 0.17391304671764374, 0.16815035045146942, 0.4912280738353729, 0.4313725531101227]",,"{0: 0.5, 1: 0.5}",0,5.0,True,
0,20,23,1,13,single_condition,importance,wine_quality,267,forward_simulation,5,testing,13,1,True,infer_with_explanation,ImportanceCategorization,"[1.0909091234207153, 0.8478260636329651, 0.2571711242198944, 0.14035087823867798, 0.5686274766921997]","[1.0, 0.3136149675422904, 0.07552797521685001, 0.4095208066781171, 0.02580984015936638]","{0: 0.5, 1: 0.5}",0,5.0,False,
1,20,24,1,14,single_condition,importance,wine_quality,451,forward_simulation,5,testing,14,0,False,infer_no_explanation,ImportanceCategorization,"[-0.03030303120613098, 1.2826087474822998, 0.1483679562807083, 0.17543859779834747, 0.0]",,"{0: 0.5, 1: 0.5}",0,5.0,True,
0,20,25,1,15,single_condition,importance,wine_quality,950,forward_simulation,5,testing,15,1,False,infer_no_explanation,ImportanceCategorization,"[0.8181818127632141, 0.6304348111152649, 0.09891197085380554, -0.2631579041481018, 0.686274528503418]",,"{0: 0.5, 1: 0.5}",0,5.0,False,
0,20,26,1,16,single_condition,importance,wine_quality,1070,forward_simulation,5,testing,16,1,True,infer_with_explanation,ImportanceCategorization,"[0.5757575631141663, 0.9130434989929199, 0.2571711242198944, 0.10526315867900848, 0.23529411852359772]","[0.1343560327963524, 1.0, 0.32531204935980496, 0.8319870153428203, 0.286117911723218]","{0: 0.5, 1: 0.5}",0,5.0,False,
1,20,27,1,17,single_condition,importance,wine_quality,871,forward_simulation,5,testing,17,0,True,infer_with_explanation,ImportanceCategorization,"[0.42424243688583374, 0.21739129722118378, 0.3461918830871582, 0.5087719559669495, 0.9215686321258545]","[0.1757107877812064, 1.0, 0.20387422567895402, 0.35492195938363547, 0.5487408610138784]","{0: 0.5, 1: 0.5}",0,5.0,True,
1,20,28,1,18,single_condition,importance,wine_quality,57,forward_simulation,5,testing,18,0,False,infer_no_explanation,ImportanceCategorization,"[0.06060606241226196, 0.6521739363670349, 0.9792284965515137, 0.6315789222717285, 0.3921568691730499]",,"{0: 0.5, 1: 0.5}",0,5.0,True,
1,20,29,1,19,single_condition,importance,wine_quality,1095,forward_simulation,5,testing,19,0,False,infer_no_explanation,ImportanceCategorization,"[0.39393940567970276, 0.06521739065647125, 0.08902077376842499, 0.22807016968727112, 0.1764705926179886]",,"{0: 0.5, 1: 0.5}",0,5.0,True,
0,20,30,1,20,single_condition,importance,wine_quality,1120,forward_simulation,5,testing,20,1,False,infer_no_explanation,ImportanceCategorization,"[1.1818181276321411, 0.54347825050354, 0.059347182512283325, 0.4736842215061188, 0.27450981736183167]",,"{0: 0.5, 1: 0.5}",0,5.0,False,
0,21,1,1,1,single_condition,attribution,wine_quality,1053,forward_simulation,5,training,1,1,,infer_no_explanation,AttributionSum,"[1.0606060028076172, 0.6521739363670349, 0.08902077376842499, 0.10526315867900848, 0.6274510025978088]",,"{0: 0.5, 1: 0.5}",0,5.0,False,
1,21,1,1,1,single_condition,attribution,wine_quality,1053,forward_simulation,5,training,1,1,,infer_with_explanation,AttributionSum,"[1.0606060028076172, 0.6521739363670349, 0.08902077376842499, 0.10526315867900848, 0.6274510025978088]","[1.0, 0.22773385452376438, 0.24927550745449537, 0.3687497981399659, -0.07171770336892092]","{0: 0.2028219104480813, 1: 0.7971780895519187}",1,5.0,True,5.0
1,21,2,1,2,single_condition,attribution,wine_quality,996,forward_simulation,5,training,2,1,,infer_no_explanation,AttributionSum,"[1.0909091234207153, 0.3478260934352875, 0.0, 0.6842105388641357, 1.2745097875595093]",,"{0: 0.2028219104480813, 1: 0.7971780895519187}",1,5.0,True,
1,21,2,1,2,single_condition,attribution,wine_quality,996,forward_simulation,5,training,2,1,,infer_with_explanation,AttributionSum,"[1.0909091234207153, 0.3478260934352875, 0.0, 0.6842105388641357, 1.2745097875595093]","[1.0, 0.0469639839960061, 0.2210170902631046, -0.3941851035933158, -0.060357803520603555]","{0: 0.3530144666857802, 1: 0.6469855333142198}",1,5.0,True,5.0
0,21,3,1,3,single_condition,attribution,wine_quality,508,forward_simulation,5,training,3,0,,infer_no_explanation,AttributionSum,"[0.3030303120613098, 0.3478260934352875, 0.5044510364532471, 0.5614035129547119, 0.23529411852359772]",,"{0: 0.3524296122550967, 1: 0.6475703877449033}",1,5.0,False,
0,21,3,1,3,single_condition,attribution,wine_quality,508,forward_simulation,5,training,3,0,,infer_with_explanation,AttributionSum,"[0.3030303120613098, 0.3478260934352875, 0.5044510364532471, 0.5614035129547119, 0.23529411852359772]","[0.19391589171962062, 1.0, 0.1240193367236151, -0.023639275432178593, 0.19041703594595966]","{0: 0.23255931332192858, 1: 0.7674406866780714}",1,5.0,False,5.0
1,21,4,1,4,single_condition,attribution,wine_quality,887,forward_simulation,5,training,4,1,,infer_no_explanation,AttributionSum,"[0.8787878751754761, 0.695652186870575, 0.44510385394096375, 0.4385964870452881, 0.1764705926179886]",,"{0: 0.1681244439789783, 1: 0.8318755560210217}",1,5.0,True,
1,21,4,1,4,single_condition,attribution,wine_quality,887,forward_simulation,5,training,4,1,,infer_with_explanation,AttributionSum,"[0.8787878751754761, 0.695652186870575, 0.44510385394096375, 0.4385964870452881, 0.1764705926179886]","[1.0, 0.4301437842930194, -0.09367007753206535, 0.14901251963347678, 0.13397939954269292]","{0: 0.19307628196359639, 1: 0.8069237180364036}",1,5.0,True,5.0
1,21,5,1,5,single_condition,attribution,wine_quality,514,forward_simulation,5,training,5,1,,infer_no_explanation,AttributionSum,"[0.7878788113594055, 0.41304346919059753, 0.03956478834152222, 0.42105263471603394, 0.05882352963089943]",,"{0: 0.1236502713416886, 1: 0.8763497286583114}",1,5.0,True,
1,21,5,1,5,single_condition,attribution,wine_quality,514,forward_simulation,5,training,5,1,,infer_with_explanation,AttributionSum,"[0.7878788113594055, 0.41304346919059753, 0.03956478834152222, 0.42105263471603394, 0.05882352963089943]","[1.0, 0.11341444245958966, 0.2454063636375547, 0.09783867009198516, -0.009949627287538641]","{0: 0.22349633207196107, 1: 0.7765036679280389}",1,5.0,True,5.0
0,21,6,1,6,single_condition,attribution,wine_quality,1244,forward_simulation,5,training,6,0,,infer_no_explanation,AttributionSum,"[0.3333333432674408, 0.15217390656471252, 1.4737883806228638, 0.035087719559669495, 0.529411792755127]",,"{0: 0.1576856021397841, 1: 0.8423143978602159}",1,5.0,False,
0,21,6,1,6,single_condition,attribution,wine_quality,1244,forward_simulation,5,training,6,0,,infer_with_explanation,AttributionSum,"[0.3333333432674408, 0.15217390656471252, 1.4737883806228638, 0.035087719559669495, 0.529411792755127]","[-0.09528605294797007, -0.9918502507119176, -0.9456831878203991, 1.0, -0.09499177823386289]","{0: 0.4979625739548508, 1: 0.5020374260451492}",1,5.0,False,5.0
0,21,7,1,7,single_condition,attribution,wine_quality,457,forward_simulation,5,training,7,0,,infer_no_explanation,AttributionSum,"[0.12121212482452393, 0.239130437374115, 0.5341246128082275, 0.6315789222717285, 0.4313725531101227]",,"{0: 0.22208516573375303, 1: 0.777914834266247}",1,5.0,False,
1,21,7,1,7,single_condition,attribution,wine_quality,457,forward_simulation,5,training,7,0,,infer_with_explanation,AttributionSum,"[0.12121212482452393, 0.239130437374115, 0.5341246128082275, 0.6315789222717285, 0.4313725531101227]","[-1.0, -0.471972032957795, -0.3796186692612292, -0.19646220923613553, -0.11276254185612361]","{0: 0.8133569402956886, 1: 0.18664305970431141}",0,5.0,True,5.0
1,21,8,1,8,single_condition,attribution,wine_quality,704,forward_simulation,5,training,8,0,,infer_no_explanation,AttributionSum,"[0.1515151560306549, 0.15217390656471252, 0.029673591256141663, 0.8684210777282715, 0.45098039507865906]",,"{0: 0.6918888483797775, 1: 0.3081111516202225}",0,5.0,True,
1,21,8,1,8,single_condition,attribution,wine_quality,704,forward_simulation,5,training,8,0,,infer_with_explanation,AttributionSum,"[0.1515151560306549, 0.15217390656471252, 0.029673591256141663, 0.8684210777282715, 0.45098039507865906]","[-0.9568601752575323, -0.7301289600870978, 0.45024453746866594, -1.0, -0.11604816380293317]","{0: 0.8761927494588458, 1: 0.12380725054115416}",0,5.0,True,5.0
0,21,9,1,9,single_condition,attribution,wine_quality,1162,forward_simulation,5,training,9,1,,infer_no_explanation,AttributionSum,"[0.7878788113594055, 0.52173912525177, 0.07912957668304443, 0.08771929889917374, 0.1568627506494522]",,"{0: 0.9197699209032577, 1: 0.0802300790967423}",0,5.0,False,
1,21,9,1,9,single_condition,attribution,wine_quality,1162,forward_simulation,5,training,9,1,,infer_with_explanation,AttributionSum,"[0.7878788113594055, 0.52173912525177, 0.07912957668304443, 0.08771929889917374, 0.1568627506494522]","[1.0, 0.13201477549981058, 0.24825233797961024, 0.4257661533138391, 0.15651271429484864]","{0: 0.19375922388570632, 1: 0.8062407761142937}",1,5.0,True,5.0
1,21,10,1,10,single_condition,attribution,wine_quality,1089,forward_simulation,5,training,10,0,,infer_no_explanation,AttributionSum,"[0.21212121844291687, 0.6304348111152649, 0.2967359125614166, 0.24561403691768646, -0.0784313753247261]",,"{0: 0.6294919909868936, 1: 0.37050800901310643}",0,5.0,True,
1,21,10,1,10,single_condition,attribution,wine_quality,1089,forward_simulation,5,training,10,0,,infer_with_explanation,AttributionSum,"[0.21212121844291687, 0.6304348111152649, 0.2967359125614166, 0.24561403691768646, -0.0784313753247261]","[-1.0, 0.6553904302805119, -0.04965238721289445, 0.2039919202185734, 0.3540565605421789]","{0: 0.5853098061759222, 1: 0.4146901938240778}",0,5.0,True,5.0
1,21,11,1,1,single_condition,attribution,wine_quality,306,forward_simulation,5,testing,1,0,True,infer_with_explanation,AttributionSum,"[0.06060606241226196, 0.10869564861059189, 0.42532145977020264, 0.6140350699424744, 0.5882353186607361]","[-1.0, -0.5009493803346262, -0.15321828861590459, -0.20556080050888623, -0.0624862622403982]","{0: 0.8177160302131963, 1: 0.18228396978680367}",0,5.0,True,
0,21,12,1,2,single_condition,attribution,wine_quality,1267,forward_simulation,5,testing,2,1,False,infer_no_explanation,AttributionSum,"[0.6666666865348816, 0.8695651888847351, 0.07912957668304443, 0.28070175647735596, 0.0784313753247261]",,"{0: 0.5855037157661778, 1: 0.41449628423382223}",0,5.0,False,
1,21,13,1,3,single_condition,attribution,wine_quality,1495,forward_simulation,5,testing,3,0,False,infer_no_explanation,AttributionSum,"[0.42424243688583374, 0.739130437374115, 0.16815035045146942, 0.28070175647735596, 0.5686274766921997]",,"{0: 0.8395040288086788, 1: 0.16049597119132125}",0,5.0,True,
0,21,14,1,4,single_condition,attribution,wine_quality,1205,forward_simulation,5,testing,4,1,False,infer_no_explanation,AttributionSum,"[0.5454545617103577, 0.8260869383811951, 0.3264094889163971, 0.15789473056793213, 0.6666666865348816]",,"{0: 0.8395075027176804, 1: 0.1604924972823196}",0,5.0,False,
1,21,15,1,5,single_condition,attribution,wine_quality,964,forward_simulation,5,testing,5,1,True,infer_with_explanation,AttributionSum,"[0.5757575631141663, 0.8260869383811951, 0.26706230640411377, 0.35087719559669495, 0.19607843458652496]","[-0.21095815369114626, 1.0, -0.28304807143859134, 0.25627223605793686, 0.09577096772995125]","{0: 0.32806454184336875, 1: 0.6719354581566312}",1,5.0,True,
1,21,16,1,6,single_condition,attribution,wine_quality,882,forward_simulation,5,testing,6,1,True,infer_with_explanation,AttributionSum,"[0.8484848737716675, 0.6739130616188049, 0.1483679562807083, 0.07017543911933899, 0.3137255012989044]","[1.0, 0.2522221424511057, 0.12583931230453985, 0.40279330515561046, 0.02174583329623362]","{0: 0.19737323021950715, 1: 0.8026267697804929}",1,5.0,True,
1,21,17,1,7,single_condition,attribution,wine_quality,13,forward_simulation,5,testing,7,0,True,infer_with_explanation,AttributionSum,"[-0.03030303120613098, 2.36956524848938, 0.17804154753684998, 0.5964912176132202, 0.3921568691730499]","[-1.0, 0.4845846294277354, 0.285651763650017, -0.13121555454450606, -0.07590966335854427]","{0: 0.6260751032139547, 1: 0.3739248967860453}",0,5.0,True,
0,21,18,1,8,single_condition,attribution,wine_quality,870,forward_simulation,5,testing,8,0,False,infer_no_explanation,AttributionSum,"[0.7878788113594055, 0.21739129722118378, 0.31651830673217773, 0.780701756477356, 0.686274528503418]",,"{0: 0.2853312305365473, 1: 0.7146687694634527}",1,5.0,False,
1,21,19,1,9,single_condition,attribution,wine_quality,491,forward_simulation,5,testing,9,1,True,infer_with_explanation,AttributionSum,"[1.2424242496490479, 0.695652186870575, 0.13847675919532776, 0.24561403691768646, 0.5490196347236633]","[1.0, 0.4925875454929678, 0.058903703237561784, 0.07840688704037788, -0.07372370522047784]","{0: 0.18353366860324416, 1: 0.8164663313967558}",1,5.0,True,
0,21,20,1,10,single_condition,attribution,wine_quality,511,forward_simulation,5,testing,10,0,False,infer_no_explanation,AttributionSum,"[0.3030303120613098, 0.3478260934352875, 0.5044510364532471, 0.5614035129547119, 0.23529411852359772]",,"{0: 0.18466690821991438, 1: 0.8153330917800856}",1,5.0,False,
1,21,21,1,11,single_condition,attribution,wine_quality,1370,forward_simulation,5,testing,11,0,True,infer_with_explanation,AttributionSum,"[0.0, 1.52173912525177, 0.5440158247947693, 0.8947368264198303, -0.11764705926179886]","[-1.0, 0.6589796678816856, -0.3990709278762675, -0.6517313850011638, -0.027112834900165018]","{0: 0.5844383524952529, 1: 0.4155616475047471}",0,5.0,True,
1,21,22,1,12,single_condition,attribution,wine_quality,782,forward_simulation,5,testing,12,0,True,infer_with_explanation,AttributionSum,"[0.24242424964904785, 0.1304347813129425, 0.8407517075538635, 0.9649122953414917, 0.5882353186607361]","[-1.0, -0.8748314662794314, -0.8210753426267254, -0.9660847772712333, -0.061125176987435414]","{0: 0.8771899575901362, 1: 0.12281004240986386}",0,5.0,True,
1,21,23,1,13,single_condition,attribution,wine_quality,578,forward_simulation,5,testing,13,0,False,infer_no_explanation,AttributionSum,"[0.1818181872367859, 0.28260868787765503, 0.9792284965515137, 0.35087719559669495, 0.45098039507865906]",,"{0: 0.9324573677695034, 1: 0.06754263223049659}",0,5.0,True,
0,21,24,1,14,single_condition,attribution,wine_quality,1405,forward_simulation,5,testing,14,1,False,infer_no_explanation,AttributionSum,"[0.6363636255264282, 0.9347826242446899, 0.22749753296375275, 0.017543859779834747, 0.4313725531101227]",,"{0: 0.8771899575901362, 1: 0.12281004240986386}",0,5.0,False,
1,21,25,1,15,single_condition,attribution,wine_quality,1250,forward_simulation,5,testing,15,0,True,infer_with_explanation,AttributionSum,"[0.5151515007019043, 0.30434781312942505, 0.2571711242198944, 0.5789473652839661, 0.6666666865348816]","[-0.6367926518105457, -1.0, 0.6438817473159625, -0.47101607091533987, 0.24186422361257937]","{0: 0.5881004487853417, 1: 0.41189955121465827}",0,5.0,True,
1,21,26,1,16,single_condition,attribution,wine_quality,1070,forward_simulation,5,testing,16,1,True,infer_with_explanation,AttributionSum,"[0.5757575631141663, 0.9130434989929199, 0.2571711242198944, 0.10526315867900848, 0.23529411852359772]","[-0.1343560327963524, 1.0, 0.32531204935980496, 0.8319870153428203, 0.286117911723218]","{0: 0.13800173321753106, 1: 0.8619982667824689}",1,5.0,True,
1,21,27,1,17,single_condition,attribution,wine_quality,1061,forward_simulation,5,testing,17,1,True,infer_with_explanation,AttributionSum,"[1.0, 0.47826087474823, 0.04945598542690277, 0.22807016968727112, 0.29411765933036804]","[1.0, 0.19691800342236424, 0.33241556823685176, 0.0768611619896169, 0.1534308017131811]","{0: 0.20876008261207646, 1: 0.7912399173879235}",1,5.0,True,
0,21,28,1,18,single_condition,attribution,wine_quality,1218,forward_simulation,5,testing,18,0,False,infer_no_explanation,AttributionSum,"[0.42424243688583374, 0.47826087474823, 0.1285855621099472, 0.22807016968727112, 0.3529411852359772]",,"{0: 0.04052751223567741, 1: 0.9594724877643226}",1,5.0,False,
1,21,29,1,19,single_condition,attribution,wine_quality,1590,forward_simulation,5,testing,19,1,False,infer_no_explanation,AttributionSum,"[0.7272727489471436, 0.760869562625885, 0.2373887300491333, 0.4912280738353729, 0.5098039507865906]",,"{0: 0.08847366341057694, 1: 0.9115263365894231}",1,5.0,True,
1,21,30,1,20,single_condition,attribution,wine_quality,982,forward_simulation,5,testing,20,1,False,infer_no_explanation,AttributionSum,"[1.121212124824524, 0.760869562625885, 0.5835806131362915, 0.4385964870452881, 0.5490196347236633]",,"{0: 0.11920292202211769, 1: 0.8807970779778823}",1,5.0,True,
0,22,1,1,1,single_condition,none,wine_quality,606,forward_simulation,5,training,1,1,,infer_no_explanation,SensitiveFeatures,"[0.9090909361839294, 0.695652186870575, 0.08902077376842499, 0.24561403691768646, 0.5490196347236633]",,"{0: 0.5, 1: 0.5}",0,0.1,False,5.0
1,22,2,1,2,single_condition,none,wine_quality,1066,forward_simulation,5,training,2,1,,infer_no_explanation,SensitiveFeatures,"[1.0, 0.54347825050354, 0.1483679562807083, 0.4385964870452881, 0.6666666865348816]",,{1: 1.0},1,0.09999999999999964,True,5.0
0,22,3,1,3,single_condition,none,wine_quality,881,forward_simulation,5,training,3,0,,infer_no_explanation,SensitiveFeatures,"[0.6666666865348816, 0.3913043439388275, 0.2373887300491333, 0.780701756477356, 0.8235294222831726]",,{1: 1.0},1,0.09999999999999964,False,5.0
0,22,4,1,4,single_condition,none,wine_quality,879,forward_simulation,5,training,4,0,,infer_no_explanation,SensitiveFeatures,"[0.09090909361839294, 0.17391304671764374, 0.7616221308708191, 0.5789473652839661, 0.9215686321258545]",,"{1: 0.5171268572331114, 0: 0.4828731427668886}",1,0.09999999999999964,False,5.0
1,22,5,1,5,single_condition,none,wine_quality,823,forward_simulation,5,training,5,0,,infer_no_explanation,SensitiveFeatures,"[0.1818181872367859, 0.3695652186870575, 0.24727992713451385, 0.4736842215061188, 1.0784313678741455]",,"{1: 0.22484811722057355, 0: 0.7751518827794264}",0,0.10000000000000142,True,5.0
0,22,6,1,6,single_condition,none,wine_quality,1475,forward_simulation,5,training,6,1,,infer_no_explanation,SensitiveFeatures,"[1.3232322931289673, 0.8913043737411499, 0.7715133428573608, 0.35087719559669495, 0.9411764740943909]",,{0: 1.0},0,0.10000000000000142,False,5.0
1,22,7,1,7,single_condition,none,wine_quality,1213,forward_simulation,5,training,7,0,,infer_no_explanation,SensitiveFeatures,"[0.39393940567970276, 0.6086956262588501, 0.01978239417076111, 0.19298245012760162, 0.1764705926179886]",,"{0: 0.5976766661764653, 1: 0.4023233338235348}",0,0.10000000000000142,True,5.0
1,22,8,1,8,single_condition,none,wine_quality,500,forward_simulation,5,training,8,0,,infer_no_explanation,SensitiveFeatures,"[-0.06060606241226196, 0.3913043439388275, 0.26706230640411377, 0.4385964870452881, 0.7254902124404907]",,"{0: 0.7432298118304406, 1: 0.2567701881695593}",0,0.10000000000000142,True,5.0
0,22,9,1,9,single_condition,none,wine_quality,945,forward_simulation,5,training,9,1,,infer_no_explanation,SensitiveFeatures,"[0.5757575631141663, 0.695652186870575, 0.08902077376842499, 0.2982456088066101, 0.1568627506494522]",,"{1: 0.1992302999829772, 0: 0.8007697000170229}",0,0.10000000000000142,False,5.0
0,22,10,1,10,single_condition,none,wine_quality,1053,forward_simulation,5,training,10,1,,infer_no_explanation,SensitiveFeatures,"[1.0606060028076172, 0.6521739363670349, 0.08902077376842499, 0.10526315867900848, 0.6274510025978088]",,"{0: 0.5314480912917389, 1: 0.4685519087082611}",0,0.10000000000000142,False,5.0
1,22,11,1,1,single_condition,none,wine_quality,982,forward_simulation,5,testing,1,1,False,infer_no_explanation,SensitiveFeatures,"[1.121212124824524, 0.760869562625885, 0.5835806131362915, 0.4385964870452881, 0.5490196347236633]",,"{0: 0.21830087294845835, 1: 0.7816991270515417}",1,0.10000000000000142,True,
1,22,12,1,2,single_condition,none,wine_quality,882,forward_simulation,5,testing,2,1,False,infer_no_explanation,SensitiveFeatures,"[0.8484848737716675, 0.6739130616188049, 0.1483679562807083, 0.07017543911933899, 0.3137255012989044]",,"{1: 0.9110622016552824, 0: 0.08893779834471761}",1,0.10000000000000142,True,
1,22,13,1,3,single_condition,none,wine_quality,947,forward_simulation,5,testing,3,1,True,infer_no_explanation,SensitiveFeatures,"[0.9696969985961914, 0.32608696818351746, 0.009891197085380554, 0.017543859779834747, 0.3921568691730499]",,"{1: 0.8999803438164415, 0: 0.1000196561835584}",1,0.10000000000000142,True,
0,22,14,1,4,single_condition,none,wine_quality,289,forward_simulation,5,testing,4,0,True,infer_no_explanation,SensitiveFeatures,"[0.0, 1.04347825050354, 0.860534131526947, 0.2631579041481018, 0.27450981736183167]",,"{0: 0.12866778043014485, 1: 0.8713322195698552}",1,0.09999999999999432,False,
0,22,15,1,5,single_condition,none,wine_quality,1560,forward_simulation,5,testing,5,0,True,infer_no_explanation,SensitiveFeatures,"[0.21212121844291687, 0.10869564861059189, 1.1869436502456665, 0.5789473652839661, 0.29411765933036804]",,"{1: 0.8889131008538386, 0: 0.11108689914616145}",1,0.09999999999999432,False,
1,22,16,1,6,single_condition,none,wine_quality,1061,forward_simulation,5,testing,6,1,False,infer_no_explanation,SensitiveFeatures,"[1.0, 0.47826087474823, 0.04945598542690277, 0.22807016968727112, 0.29411765933036804]",,"{1: 0.8882108644628132, 0: 0.1117891355371869}",1,0.09999999999999432,True,
0,22,17,1,7,single_condition,none,wine_quality,243,forward_simulation,5,testing,7,0,False,infer_no_explanation,SensitiveFeatures,"[0.0, 0.804347813129425, 0.1285855621099472, -0.10526315867900848, 0.019607843831181526]",,"{0: 0.11639310824579545, 1: 0.8836068917542046}",1,0.09999999999999432,False,
0,22,18,1,8,single_condition,none,wine_quality,1398,forward_simulation,5,testing,8,0,False,infer_no_explanation,SensitiveFeatures,"[0.3030303120613098, 0.32608696818351746, 0.16815035045146942, 0.5789473652839661, 0.9019607901573181]",,"{1: 0.8864455615781509, 0: 0.11355443842184902}",1,0.09999999999999432,False,
1,22,19,1,9,single_condition,none,wine_quality,1172,forward_simulation,5,testing,9,1,True,infer_no_explanation,SensitiveFeatures,"[0.939393937587738, 0.5869565010070801, 0.04945598542690277, 0.2631579041481018, 0.4117647111415863]",,"{1: 0.8862726119837746, 0: 0.11372738801622534}",1,0.09999999999999432,True,
0,22,20,1,10,single_condition,none,wine_quality,902,forward_simulation,5,testing,10,0,False,infer_no_explanation,SensitiveFeatures,"[0.4848484992980957, 0.47826087474823, 0.2176063358783722, 0.640350878238678, 1.0196079015731812]",,"{0: 0.11417319500863221, 1: 0.8858268049913678}",1,0.09999999999999432,False,
0,22,21,1,11,single_condition,none,wine_quality,27,forward_simulation,5,testing,11,0,True,infer_no_explanation,SensitiveFeatures,"[0.09090909361839294, 0.95652174949646, 0.2571711242198944, 0.28070175647735596, 0.21568627655506134]",,"{1: 0.8861253225011498, 0: 0.11387467749885004}",1,0.09999999999999432,False,
1,22,22,1,12,single_condition,none,wine_quality,964,forward_simulation,5,testing,12,1,False,infer_no_explanation,SensitiveFeatures,"[0.5757575631141663, 0.8260869383811951, 0.26706230640411377, 0.35087719559669495, 0.19607843458652496]",,"{1: 0.8860836201848027, 0: 0.11391637981519727}",1,0.09999999999999432,True,
1,22,23,1,13,single_condition,none,wine_quality,875,forward_simulation,5,testing,13,1,True,infer_no_explanation,SensitiveFeatures,"[0.7878788113594055, 0.695652186870575, 0.04945598542690277, 0.07017543911933899, 0.4901960790157318]",,"{0: 0.11396416310571099, 1: 0.886035836894289}",1,0.09999999999999432,True,
1,22,24,1,14,single_condition,none,wine_quality,940,forward_simulation,5,testing,14,1,True,infer_no_explanation,SensitiveFeatures,"[0.9696969985961914, 0.6304348111152649, 0.13847675919532776, 0.10526315867900848, 0.5882353186607361]",,"{1: 0.8860680099109953, 0: 0.11393199008900465}",1,0.09999999999999432,True,
1,22,25,1,15,single_condition,none,wine_quality,505,forward_simulation,5,testing,15,1,True,infer_no_explanation,SensitiveFeatures,"[1.0, 0.6739130616188049, 0.1483679562807083, 0.38596490025520325, 0.19607843458652496]",,"{1: 0.8860620664998825, 0: 0.11393793350011758}",1,0.09999999999999432,True,
0,22,26,1,16,single_condition,none,wine_quality,157,forward_simulation,5,testing,16,0,True,infer_no_explanation,SensitiveFeatures,"[0.39393940567970276, 0.52173912525177, 1.157270073890686, 0.28070175647735596, 0.7058823704719543]",,"{0: 0.11394292655551924, 1: 0.8860570734444808}",1,0.09999999999999432,False,
1,22,27,1,17,single_condition,none,wine_quality,950,forward_simulation,5,testing,17,1,False,infer_no_explanation,SensitiveFeatures,"[0.8181818127632141, 0.6304348111152649, 0.09891197085380554, -0.2631579041481018, 0.686274528503418]",,"{1: 0.8860620284025698, 0: 0.11393797159743023}",1,0.09999999999999432,True,
0,22,28,1,18,single_condition,none,wine_quality,366,forward_simulation,5,testing,18,0,True,infer_no_explanation,SensitiveFeatures,"[0.24242424964904785, 0.5652173757553101, 0.306627094745636, 0.6052631735801697, 0.019607843831181526]",,"{1: 0.8860605362974963, 0: 0.11393946370250368}",1,0.09999999999999432,False,
0,22,29,1,19,single_condition,none,wine_quality,160,forward_simulation,5,testing,19,0,False,infer_no_explanation,SensitiveFeatures,"[0.12121212482452393, 0.19565217196941376, 0.08902077376842499, 1.1929824352264404, 0.27450981736183167]",,"{0: 0.11393978974775901, 1: 0.886060210252241}",1,0.09999999999999432,False,
0,22,30,1,20,single_condition,none,wine_quality,1095,forward_simulation,5,testing,20,0,False,infer_no_explanation,SensitiveFeatures,"[0.39393940567970276, 0.06521739065647125, 0.08902077376842499, 0.22807016968727112, 0.1764705926179886]",,"{1: 0.8860607605678984, 0: 0.11393923943210166}",1,0.09999999999999432,False,
1,23,1,1,1,single_condition,importance,wine_quality,177,forward_simulation,5,training,1,0,,infer_no_explanation,ImportanceCategorization,"[0.39393940567970276, 0.30434781312942505, 0.26706230640411377, 0.4385964870452881, 1.0196079015731812]",,"{0: 0.5, 1: 0.5}",0,5.0,True,
1,23,1,1,1,single_condition,importance,wine_quality,177,forward_simulation,5,training,1,0,,infer_with_explanation,ImportanceCategorization,"[0.39393940567970276, 0.30434781312942505, 0.26706230640411377, 0.4385964870452881, 1.0196079015731812]","[0.26814841345627666, 0.2891643347064853, 0.6283340660537522, 0.6667395712589986, 1.0]","{0: 0.5, 1: 0.5}",0,5.0,True,5.0
0,23,2,1,2,single_condition,importance,wine_quality,1584,forward_simulation,5,training,2,1,,infer_no_explanation,ImportanceCategorization,"[0.7272727489471436, 0.717391312122345, 0.22749753296375275, 0.08771929889917374, 0.45098039507865906]",,{0: 1.0},0,5.0,False,
0,23,2,1,2,single_condition,importance,wine_quality,1584,forward_simulation,5,training,2,1,,infer_with_explanation,ImportanceCategorization,"[0.7272727489471436, 0.717391312122345, 0.22749753296375275, 0.08771929889917374, 0.45098039507865906]","[1.0, 0.4109404079809673, 0.14711443921743153, 0.2024392489914676, 0.004751617702021437]",{0: 1.0},0,5.0,False,5.0
0,23,3,1,3,single_condition,importance,wine_quality,1007,forward_simulation,5,training,3,1,,infer_no_explanation,ImportanceCategorization,"[0.7575757503509521, 0.804347813129425, 0.13847675919532776, 0.05263157933950424, 0.3921568691730499]",,"{0: 0.5, 1: 0.5}",0,5.0,False,
1,23,3,1,3,single_condition,importance,wine_quality,1007,forward_simulation,5,training,3,1,,infer_with_explanation,ImportanceCategorization,"[0.7575757503509521, 0.804347813129425, 0.13847675919532776, 0.05263157933950424, 0.3921568691730499]","[1.0, 0.29844883145627676, 0.07364838361324598, 0.36534302345461184, 0.11827423166762234]",{1: 1.0},1,5.0,True,5.0
0,23,4,1,4,single_condition,importance,wine_quality,840,forward_simulation,5,training,4,1,,infer_no_explanation,ImportanceCategorization,"[0.8787878751754761, 0.6521739363670349, 0.22749753296375275, 0.2631579041481018, 0.3529411852359772]",,"{0: 0.5, 1: 0.5}",0,5.0,False,
1,23,4,1,4,single_condition,importance,wine_quality,840,forward_simulation,5,training,4,1,,infer_with_explanation,ImportanceCategorization,"[0.8787878751754761, 0.6521739363670349, 0.22749753296375275, 0.2631579041481018, 0.3529411852359772]","[1.0, 0.42251600897701613, 0.10459335844796008, 0.1329705438384341, 0.0028291355844085246]",{1: 1.0},1,5.0,True,5.0
0,23,5,1,5,single_condition,importance,wine_quality,807,forward_simulation,5,training,5,1,,infer_no_explanation,ImportanceCategorization,"[1.0909091234207153, 0.5, -0.009891197085380554, 0.017543859779834747, 0.529411792755127]",,"{0: 0.5, 1: 0.5}",0,5.0,False,
1,23,5,1,5,single_condition,importance,wine_quality,807,forward_simulation,5,training,5,1,,infer_with_explanation,ImportanceCategorization,"[1.0909091234207153, 0.5, -0.009891197085380554, 0.017543859779834747, 0.529411792755127]","[1.0, 0.16033884754535974, 0.2242211159226705, 0.30355215640704647, 0.08879658201326815]",{1: 1.0},1,5.0,True,5.0
1,23,6,1,6,single_condition,importance,wine_quality,1142,forward_simulation,5,training,6,0,,infer_no_explanation,ImportanceCategorization,"[0.6666666865348816, 0.3913043439388275, 0.009891197085380554, 0.31578946113586426, 0.47058823704719543]",,"{0: 0.5, 1: 0.5}",0,5.0,True,
0,23,6,1,6,single_condition,importance,wine_quality,1142,forward_simulation,5,training,6,0,,infer_with_explanation,ImportanceCategorization,"[0.6666666865348816, 0.3913043439388275, 0.009891197085380554, 0.31578946113586426, 0.47058823704719543]","[1.0, 0.12279370889572697, 0.24372192273386772, 0.16756619357584224, 0.04702194033611678]",{1: 1.0},1,5.0,False,5.0
0,23,7,1,7,single_condition,importance,wine_quality,198,forward_simulation,5,training,7,1,,infer_no_explanation,ImportanceCategorization,"[1.1515151262283325, 0.8260869383811951, 0.8110781311988831, 0.9912280440330505, 1.0]",,"{0: 0.5, 1: 0.5}",0,5.0,False,
0,23,7,1,7,single_condition,importance,wine_quality,198,forward_simulation,5,training,7,1,,infer_with_explanation,ImportanceCategorization,"[1.1515151262283325, 0.8260869383811951, 0.8110781311988831, 0.9912280440330505, 1.0]","[1.0, 0.3929953966770625, 0.3077211250100047, 0.3145316188968315, 0.030128429915892378]",{0: 1.0},0,5.0,False,5.0
1,23,8,1,8,single_condition,importance,wine_quality,325,forward_simulation,5,training,8,0,,infer_no_explanation,ImportanceCategorization,"[0.0, 0.47826087474823, 0.3857566714286804, 0.38596490025520325, 0.19607843458652496]",,"{0: 0.5, 1: 0.5}",0,5.0,True,
0,23,8,1,8,single_condition,importance,wine_quality,325,forward_simulation,5,training,8,0,,infer_with_explanation,ImportanceCategorization,"[0.0, 0.47826087474823, 0.3857566714286804, 0.38596490025520325, 0.19607843458652496]","[1.0, 0.14941869758025134, 0.11331649014027127, 0.3608169767292567, 0.09693107992889313]",{1: 1.0},1,5.0,False,5.0
1,23,9,1,9,single_condition,importance,wine_quality,1305,forward_simulation,5,training,9,0,,infer_no_explanation,ImportanceCategorization,"[0.1818181872367859, 0.1304347813129425, 0.7616221308708191, 0.5964912176132202, 0.47058823704719543]",,"{0: 0.5, 1: 0.5}",0,5.0,True,
1,23,9,1,9,single_condition,importance,wine_quality,1305,forward_simulation,5,training,9,0,,infer_with_explanation,ImportanceCategorization,"[0.1818181872367859, 0.1304347813129425, 0.7616221308708191, 0.5964912176132202, 0.47058823704719543]","[1.0, 0.8347061963713905, 0.71660286969211, 0.08556131621145142, 0.16321624543381777]",{0: 1.0},0,5.0,True,5.0
1,23,10,1,10,single_condition,importance,wine_quality,85,forward_simulation,5,training,10,0,,infer_no_explanation,ImportanceCategorization,"[0.27272728085517883, 0.260869562625885, 0.2868447005748749, 0.4912280738353729, 0.686274528503418]",,"{0: 0.5, 1: 0.5}",0,5.0,True,
1,23,10,1,10,single_condition,importance,wine_quality,85,forward_simulation,5,training,10,0,,infer_with_explanation,ImportanceCategorization,"[0.27272728085517883, 0.260869562625885, 0.2868447005748749, 0.4912280738353729, 0.686274528503418]","[1.0, 0.23970537846911427, 0.06750482939554746, 0.15086122491724277, 0.40975199470907714]",{0: 1.0},0,5.0,True,5.0
1,23,11,1,1,single_condition,importance,wine_quality,61,forward_simulation,5,testing,1,0,False,infer_no_explanation,ImportanceCategorization,"[0.03030303120613098, 0.52173912525177, 0.9990108609199524, 0.7368420958518982, 0.29411765933036804]",,"{0: 0.5, 1: 0.5}",0,5.0,True,
0,23,12,1,2,single_condition,importance,wine_quality,982,forward_simulation,5,testing,2,1,False,infer_no_explanation,ImportanceCategorization,"[1.121212124824524, 0.760869562625885, 0.5835806131362915, 0.4385964870452881, 0.5490196347236633]",,"{0: 0.5, 1: 0.5}",0,5.0,False,
1,23,13,1,3,single_condition,importance,wine_quality,470,forward_simulation,5,testing,3,0,False,infer_no_explanation,ImportanceCategorization,"[0.42424243688583374, 0.30434781312942505, 0.35608309507369995, 0.08771929889917374, -0.019607843831181526]",,"{0: 0.5, 1: 0.5}",0,5.0,True,
1,23,14,1,4,single_condition,importance,wine_quality,1547,forward_simulation,5,testing,4,0,False,infer_no_explanation,ImportanceCategorization,"[0.8787878751754761, 0.08695652335882187, 0.1483679562807083, 0.5789473652839661, 0.9607843160629272]",,"{0: 0.5, 1: 0.5}",0,5.0,True,
0,23,15,1,5,single_condition,importance,wine_quality,1172,forward_simulation,5,testing,5,1,True,infer_with_explanation,ImportanceCategorization,"[0.939393937587738, 0.5869565010070801, 0.04945598542690277, 0.2631579041481018, 0.4117647111415863]","[1.0, 0.35320299307003356, 0.25802162333764156, 0.07132037475557876, 0.08383329443409954]","{0: 0.5, 1: 0.5}",0,5.0,False,
1,23,16,1,6,single_condition,importance,wine_quality,1473,forward_simulation,5,testing,6,0,False,infer_no_explanation,ImportanceCategorization,"[0.5454545617103577, 0.15217390656471252, 0.33630070090293884, 0.5789473652839661, 0.6274510025978088]",,"{0: 0.5, 1: 0.5}",0,5.0,True,
1,23,17,1,7,single_condition,importance,wine_quality,79,forward_simulation,5,testing,7,0,False,infer_no_explanation,ImportanceCategorization,"[-0.03030303120613098, 1.41304349899292, 1.068249225616455, 0.6228070259094238, 0.19607843458652496]",,"{0: 0.5, 1: 0.5}",0,5.0,True,
0,23,18,1,8,single_condition,importance,wine_quality,1132,forward_simulation,5,testing,8,1,True,infer_with_explanation,ImportanceCategorization,"[1.3333333730697632, 0.8913043737411499, 0.26706230640411377, 0.15789473056793213, 0.6274510025978088]","[1.0, 0.42724373350300765, 0.13814552601224311, 0.24953198631528511, 0.07896704399477487]","{0: 0.5, 1: 0.5}",0,5.0,False,
0,23,19,1,9,single_condition,importance,wine_quality,505,forward_simulation,5,testing,9,1,True,infer_with_explanation,ImportanceCategorization,"[1.0, 0.6739130616188049, 0.1483679562807083, 0.38596490025520325, 0.19607843458652496]","[1.0, 0.4056018493178818, 0.14176311250883092, 0.0919233625731073, 0.04493301555128342]","{0: 0.5, 1: 0.5}",0,5.0,False,
0,23,20,1,10,single_condition,importance,wine_quality,882,forward_simulation,5,testing,10,1,True,infer_with_explanation,ImportanceCategorization,"[0.8484848737716675, 0.6739130616188049, 0.1483679562807083, 0.07017543911933899, 0.3137255012989044]","[1.0, 0.2522221424511057, 0.12583931230453985, 0.40279330515561046, 0.02174583329623362]","{0: 0.5, 1: 0.5}",0,5.0,False,
1,23,21,1,11,single_condition,importance,wine_quality,1447,forward_simulation,5,testing,11,0,True,infer_with_explanation,ImportanceCategorization,"[0.1515151560306549, 0.5869565010070801, 0.2769535183906555, 0.7017543911933899, 0.6666666865348816]","[1.0, 0.7374222112350257, 0.4550482945575922, 0.9954421826655447, 0.05293407399401793]","{0: 0.5, 1: 0.5}",0,5.0,True,
1,23,22,1,12,single_condition,importance,wine_quality,1045,forward_simulation,5,testing,12,0,False,infer_no_explanation,ImportanceCategorization,"[0.6666666865348816, 0.239130437374115, 0.26706230640411377, 0.2982456088066101, 0.5098039507865906]",,"{0: 0.5, 1: 0.5}",0,5.0,True,
0,23,23,1,13,single_condition,importance,wine_quality,491,forward_simulation,5,testing,13,1,True,infer_with_explanation,ImportanceCategorization,"[1.2424242496490479, 0.695652186870575, 0.13847675919532776, 0.24561403691768646, 0.5490196347236633]","[1.0, 0.4925875454929678, 0.058903703237561784, 0.07840688704037788, 0.07372370522047784]","{0: 0.5, 1: 0.5}",0,5.0,False,
1,23,24,1,14,single_condition,importance,wine_quality,166,forward_simulation,5,testing,14,0,True,infer_with_explanation,ImportanceCategorization,"[0.3030303120613098, 0.10869564861059189, 0.8902077078819275, 0.6491228342056274, 0.5490196347236633]","[0.09251285475793916, 0.8707999540395497, 0.732633681254391, 1.0, 0.23224898304355776]","{0: 0.5, 1: 0.5}",0,5.0,True,
0,23,25,1,15,single_condition,importance,wine_quality,1018,forward_simulation,5,testing,15,1,True,infer_with_explanation,ImportanceCategorization,"[1.0606060028076172, -0.06521739065647125, 0.9693372845649719, -0.15789473056793213, -0.3333333432674408]","[1.0, 0.3089464357206773, 0.22899152377242932, 0.5110655493591125, 0.19665903924461586]","{0: 0.5, 1: 0.5}",0,5.0,False,
0,23,26,1,16,single_condition,importance,wine_quality,1405,forward_simulation,5,testing,16,1,False,infer_no_explanation,ImportanceCategorization,"[0.6363636255264282, 0.9347826242446899, 0.22749753296375275, 0.017543859779834747, 0.4313725531101227]",,"{0: 0.5, 1: 0.5}",0,5.0,False,
1,23,27,1,17,single_condition,importance,wine_quality,1389,forward_simulation,5,testing,17,0,True,infer_with_explanation,ImportanceCategorization,"[0.1515151560306549, 0.1304347813129425, 0.9891197085380554, 0.3684210479259491, 0.0784313753247261]","[1.0, 0.7470744927480844, 0.4398206179389894, 0.2883916604711135, 0.2949948910157696]","{0: 0.5, 1: 0.5}",0,5.0,True,
0,23,28,1,18,single_condition,importance,wine_quality,1205,forward_simulation,5,testing,18,1,False,infer_no_explanation,ImportanceCategorization,"[0.5454545617103577, 0.8260869383811951, 0.3264094889163971, 0.15789473056793213, 0.6666666865348816]",,"{0: 0.5, 1: 0.5}",0,5.0,False,
1,23,29,1,19,single_condition,importance,wine_quality,21,forward_simulation,5,testing,19,0,True,infer_with_explanation,ImportanceCategorization,"[0.1515151560306549, 0.3913043439388275, 0.5934718251228333, 0.21052631735801697, 0.9019607901573181]","[1.0, 0.21706195283843918, 0.781712556771475, 0.6678328869817901, 0.033472006094441634]","{0: 0.5, 1: 0.5}",0,5.0,True,
0,23,30,1,20,single_condition,importance,wine_quality,875,forward_simulation,5,testing,20,1,False,infer_no_explanation,ImportanceCategorization,"[0.7878788113594055, 0.695652186870575, 0.04945598542690277, 0.07017543911933899, 0.4901960790157318]",,"{0: 0.5, 1: 0.5}",0,5.0,False,
1,24,1,1,1,single_condition,attribution,wine_quality,744,forward_simulation,5,training,1,0,,infer_no_explanation,AttributionSum,"[0.09090909361839294, 0.08695652335882187, 0.8902077078819275, 0.21052631735801697, 0.13725490868091583]",,"{0: 0.5, 1: 0.5}",0,5.0,True,
1,24,1,1,1,single_condition,attribution,wine_quality,744,forward_simulation,5,training,1,0,,infer_with_explanation,AttributionSum,"[0.09090909361839294, 0.08695652335882187, 0.8902077078819275, 0.21052631735801697, 0.13725490868091583]","[-1.0, -0.5721299503502271, -0.534974645883166, 0.5262697638624184, 0.23465071152196135]","{0: 0.8280870375704885, 1: 0.17191296242951143}",0,5.0,True,5.0
0,24,2,1,2,single_condition,attribution,wine_quality,838,forward_simulation,5,training,2,1,,infer_no_explanation,AttributionSum,"[0.6060606241226196, 0.782608687877655, 0.16815035045146942, 0.07017543911933899, 0.3529411852359772]",,"{0: 0.8280870375704885, 1: 0.17191296242951143}",0,5.0,False,
1,24,2,1,2,single_condition,attribution,wine_quality,838,forward_simulation,5,training,2,1,,infer_with_explanation,AttributionSum,"[0.6060606241226196, 0.782608687877655, 0.16815035045146942, 0.07017543911933899, 0.3529411852359772]","[1.0, 0.3661847815786959, 0.025011542434230535, 0.37861748512348564, 0.023368556497350413]","{0: 0.2012311294816148, 1: 0.7987688705183852}",1,5.0,True,5.0
1,24,3,1,3,single_condition,attribution,wine_quality,884,forward_simulation,5,training,3,0,,infer_no_explanation,AttributionSum,"[0.24242424964904785, 0.06521739065647125, 0.5736894011497498, 0.5964912176132202, 0.3137255012989044]",,"{0: 0.7388886052964938, 1: 0.26111139470350614}",0,5.0,True,
1,24,3,1,3,single_condition,attribution,wine_quality,884,forward_simulation,5,training,3,0,,infer_with_explanation,AttributionSum,"[0.24242424964904785, 0.06521739065647125, 0.5736894011497498, 0.5964912176132202, 0.3137255012989044]","[-1.0, -0.7098708051395274, -0.7246345328854003, -0.3001295299308565, 0.11609978309174525]","{0: 0.8487248307853321, 1: 0.15127516921466788}",0,5.0,True,5.0
1,24,4,1,4,single_condition,attribution,wine_quality,1318,forward_simulation,5,training,4,0,,infer_no_explanation,AttributionSum,"[0.1818181872367859, 0.239130437374115, 0.7912957668304443, 0.6315789222717285, 0.3921568691730499]",,"{0: 0.7927774749010897, 1: 0.2072225250989103}",0,5.0,True,
1,24,4,1,4,single_condition,attribution,wine_quality,1318,forward_simulation,5,training,4,0,,infer_with_explanation,AttributionSum,"[0.1818181872367859, 0.239130437374115, 0.7912957668304443, 0.6315789222717285, 0.3921568691730499]","[-1.0, -0.32422023299476277, -0.5315285428438477, -0.36132398523832837, -0.08505474053118352]","{0: 0.8222298482057835, 1: 0.17777015179421654}",0,5.0,True,5.0
1,24,5,1,5,single_condition,attribution,wine_quality,1000,forward_simulation,5,training,5,0,,infer_no_explanation,AttributionSum,"[0.6969696879386902, 0.54347825050354, 0.009891197085380554, 0.28070175647735596, 0.7450980544090271]",,"{0: 0.8469553002931216, 1: 0.15304469970687834}",0,5.0,True,
0,24,5,1,5,single_condition,attribution,wine_quality,1000,forward_simulation,5,training,5,0,,infer_with_explanation,AttributionSum,"[0.6969696879386902, 0.54347825050354, 0.009891197085380554, 0.28070175647735596, 0.7450980544090271]","[1.0, 0.10683879213417796, 0.1867825343350375, 0.2172230244006702, 0.0017182841182690812]","{0: 0.22842551587789628, 1: 0.7715744841221037}",1,5.0,False,5.0
1,24,6,1,6,single_condition,attribution,wine_quality,919,forward_simulation,5,training,6,1,,infer_no_explanation,AttributionSum,"[0.7878788113594055, 0.9130434989929199, 0.3461918830871582, 0.6140350699424744, 0.6274510025978088]",,"{0: 0.33508968950043194, 1: 0.6649103104995681}",1,5.0,True,
1,24,6,1,6,single_condition,attribution,wine_quality,919,forward_simulation,5,training,6,1,,infer_with_explanation,AttributionSum,"[0.7878788113594055, 0.9130434989929199, 0.3461918830871582, 0.6140350699424744, 0.6274510025978088]","[1.0, 0.4629812945135413, -0.09951676446763429, -0.003739976984235422, 0.05463762866885406]","{0: 0.18801176743769232, 1: 0.8119882325623077}",1,5.0,True,5.0
0,24,7,1,7,single_condition,attribution,wine_quality,146,forward_simulation,5,training,7,0,,infer_no_explanation,AttributionSum,"[0.24242424964904785, 0.10869564861059189, 0.8209693431854248, 0.719298243522644, 0.9411764740943909]",,"{0: 0.1570684155890152, 1: 0.8429315844109848}",1,5.0,False,
1,24,7,1,7,single_condition,attribution,wine_quality,146,forward_simulation,5,training,7,0,,infer_with_explanation,AttributionSum,"[0.24242424964904785, 0.10869564861059189, 0.8209693431854248, 0.719298243522644, 0.9411764740943909]","[-1.0, -0.9146587979022129, -0.9343986454011372, -0.9937216579652154, -0.17535383843512425]","{0: 0.8801363147720415, 1: 0.11986368522795858}",0,5.0,True,5.0
1,24,8,1,8,single_condition,attribution,wine_quality,817,forward_simulation,5,training,8,1,,infer_no_explanation,AttributionSum,"[0.8181818127632141, 0.5652173757553101, 0.15825915336608887, 0.035087719559669495, 0.4313725531101227]",,"{0: 0.3850562221018089, 1: 0.6149437778981911}",1,5.0,True,
1,24,8,1,8,single_condition,attribution,wine_quality,817,forward_simulation,5,training,8,1,,infer_with_explanation,AttributionSum,"[0.8181818127632141, 0.5652173757553101, 0.15825915336608887, 0.035087719559669495, 0.4313725531101227]","[1.0, 0.143972950335454, 0.11995389000826455, 0.30273315045522553, -0.025438767983532968]","{0: 0.21370539157071378, 1: 0.7862946084292862}",1,5.0,True,5.0
1,24,9,1,9,single_condition,attribution,wine_quality,335,forward_simulation,5,training,9,1,,infer_no_explanation,AttributionSum,"[0.9090909361839294, 0.804347813129425, 0.09891197085380554, 0.7456140518188477, 0.21568627655506134]",,"{0: 0.4984521798056485, 1: 0.5015478201943515}",1,5.0,True,
1,24,9,1,9,single_condition,attribution,wine_quality,335,forward_simulation,5,training,9,1,,infer_with_explanation,AttributionSum,"[0.9090909361839294, 0.804347813129425, 0.09891197085380554, 0.7456140518188477, 0.21568627655506134]","[1.0, 0.39969589502210473, 0.21588968473284698, -0.3432555526102084, 0.04709094805131955]","{0: 0.19786437274329394, 1: 0.8021356272567061}",1,5.0,True,5.0
1,24,10,1,10,single_condition,attribution,wine_quality,1585,forward_simulation,5,training,10,1,,infer_no_explanation,AttributionSum,"[0.6969696879386902, 0.804347813129425, 0.3659742772579193, 0.21052631735801697, 0.47058823704719543]",,"{0: 0.15414828398884994, 1: 0.8458517160111501}",1,5.0,True,
1,24,10,1,10,single_condition,attribution,wine_quality,1585,forward_simulation,5,training,10,1,,infer_with_explanation,AttributionSum,"[0.6969696879386902, 0.804347813129425, 0.3659742772579193, 0.21052631735801697, 0.47058823704719543]","[1.0, 0.39816480403829985, -0.06152628941278024, 0.3019449031860171, 0.006709961562566647]","{0: 0.19810749083199897, 1: 0.801892509168001}",1,5.0,True,5.0
1,24,11,1,1,single_condition,attribution,wine_quality,491,forward_simulation,5,testing,1,1,True,infer_with_explanation,AttributionSum,"[1.2424242496490479, 0.695652186870575, 0.13847675919532776, 0.24561403691768646, 0.5490196347236633]","[1.0, 0.4925875454929678, 0.058903703237561784, 0.07840688704037788, -0.07372370522047784]","{0: 0.18353366860324416, 1: 0.8164663313967558}",1,5.0,True,
1,24,12,1,2,single_condition,attribution,wine_quality,1590,forward_simulation,5,testing,2,1,False,infer_no_explanation,AttributionSum,"[0.7272727489471436, 0.760869562625885, 0.2373887300491333, 0.4912280738353729, 0.5098039507865906]",,"{0: 0.18990560456283068, 1: 0.8100943954371693}",1,5.0,True,
0,24,13,1,3,single_condition,attribution,wine_quality,540,forward_simulation,5,testing,3,0,False,infer_no_explanation,AttributionSum,"[0.12121212482452393, 0.43478259444236755, 0.35608309507369995, 0.5614035129547119, 0.3921568691730499]",,"{0: 0.18602660339339383, 1: 0.8139733966066062}",1,5.0,False,
0,24,14,1,4,single_condition,attribution,wine_quality,852,forward_simulation,5,testing,4,0,False,infer_no_explanation,AttributionSum,"[0.1515151560306549, 1.3043478727340698, 1.0979228019714355, 0.2631579041481018, 0.3137255012989044]",,"{0: 0.18985539476759128, 1: 0.8101446052324087}",1,5.0,False,
1,24,15,1,5,single_condition,attribution,wine_quality,960,forward_simulation,5,testing,5,1,False,infer_no_explanation,AttributionSum,"[0.5757575631141663, 0.8260869383811951, 0.26706230640411377, 0.35087719559669495, 0.19607843458652496]",,"{0: 0.18724423965279657, 1: 0.8127557603472034}",1,5.0,True,
1,24,16,1,6,single_condition,attribution,wine_quality,845,forward_simulation,5,testing,6,0,True,infer_with_explanation,AttributionSum,"[0.1818181872367859, 0.41304346919059753, 0.19782394170761108, 0.6491228342056274, 1.0392156839370728]","[-1.0, 0.2618606802347785, 0.20596190447610485, -0.8883465835613641, -0.2394254841592711]","{0: 0.8685668941096236, 1: 0.13143310589037635}",0,5.0,True,
1,24,17,1,7,single_condition,attribution,wine_quality,1392,forward_simulation,5,testing,7,0,True,infer_with_explanation,AttributionSum,"[0.1818181872367859, 0.021739130839705467, 0.009891197085380554, 0.6140350699424744, 0.21568627655506134]","[-1.0, -0.7781087135814101, 0.36132968270250854, -0.197987995706652, 0.386086998780257]","{0: 0.8554631732138605, 1: 0.14453682678613958}",0,5.0,True,
1,24,18,1,8,single_condition,attribution,wine_quality,882,forward_simulation,5,testing,8,1,True,infer_with_explanation,AttributionSum,"[0.8484848737716675, 0.6739130616188049, 0.1483679562807083, 0.07017543911933899, 0.3137255012989044]","[1.0, 0.2522221424511057, 0.12583931230453985, 0.40279330515561046, 0.02174583329623362]","{0: 0.19737323021950715, 1: 0.8026267697804929}",1,5.0,True,
0,24,19,1,9,single_condition,attribution,wine_quality,1297,forward_simulation,5,testing,9,0,True,infer_with_explanation,AttributionSum,"[0.8787878751754761, 0.30434781312942505, 0.17804154753684998, 0.45614033937454224, 0.5686274766921997]","[1.0, -0.1397516452613003, -0.007672022322511016, -0.0540774551797794, -0.07567314630654681]","{0: 0.29728745984448035, 1: 0.7027125401555196}",1,5.0,False,
1,24,20,1,10,single_condition,attribution,wine_quality,505,forward_simulation,5,testing,10,1,False,infer_no_explanation,AttributionSum,"[1.0, 0.6739130616188049, 0.1483679562807083, 0.38596490025520325, 0.19607843458652496]",,"{0: 0.17616561838375844, 1: 0.8238343816162416}",1,5.0,True,
1,24,21,1,11,single_condition,attribution,wine_quality,1132,forward_simulation,5,testing,11,1,False,infer_no_explanation,AttributionSum,"[1.3333333730697632, 0.8913043737411499, 0.26706230640411377, 0.15789473056793213, 0.6274510025978088]",,"{0: 0.17616561838375844, 1: 0.8238343816162416}",1,5.0,True,
0,24,22,1,12,single_condition,attribution,wine_quality,90,forward_simulation,5,testing,12,0,False,infer_no_explanation,AttributionSum,"[0.09090909361839294, 0.15217390656471252, 1.275964379310608, 0.4385964870452881, 0.3333333432674408]",,"{0: 0.19737323021950715, 1: 0.8026267697804929}",1,5.0,False,
1,24,23,1,13,single_condition,attribution,wine_quality,554,forward_simulation,5,testing,13,0,True,infer_with_explanation,AttributionSum,"[0.5757575631141663, 0.5869565010070801, 0.11869436502456665, 0.6578947305679321, -0.27450981736183167]","[-0.048271061536457355, 0.902409985818491, 0.11426547781621792, -1.0, 0.31802164647474424]","{0: 0.5243781588678886, 1: 0.47562184113211137}",0,5.0,True,
1,24,24,1,14,single_condition,attribution,wine_quality,947,forward_simulation,5,testing,14,1,True,infer_with_explanation,AttributionSum,"[0.9696969985961914, 0.32608696818351746, 0.009891197085380554, 0.017543859779834747, 0.3921568691730499]","[1.0, -0.10823143965750426, 0.290976143681861, 0.34646464424430046, 0.10201001064793574]","{0: 0.2064489602448889, 1: 0.7935510397551111}",1,5.0,True,
1,24,25,1,15,single_condition,attribution,wine_quality,267,forward_simulation,5,testing,15,1,False,infer_no_explanation,AttributionSum,"[1.0909091234207153, 0.8478260636329651, 0.2571711242198944, 0.14035087823867798, 0.5686274766921997]",,"{0: 0.3912710260208696, 1: 0.6087289739791304}",1,5.0,True,
1,24,26,1,16,single_condition,attribution,wine_quality,1070,forward_simulation,5,testing,16,1,True,infer_with_explanation,AttributionSum,"[0.5757575631141663, 0.9130434989929199, 0.2571711242198944, 0.10526315867900848, 0.23529411852359772]","[-0.1343560327963524, 1.0, 0.32531204935980496, 0.8319870153428203, 0.286117911723218]","{0: 0.13800173321753106, 1: 0.8619982667824689}",1,5.0,True,
1,24,27,1,17,single_condition,attribution,wine_quality,1436,forward_simulation,5,testing,17,0,True,infer_with_explanation,AttributionSum,"[-0.21212121844291687, 0.3913043439388275, 0.7814045548439026, 0.19298245012760162, 0.1764705926179886]","[-1.0, 0.16487459786274805, -0.5259634080213949, 0.5902902970228684, 0.1546915045772048]","{0: 0.6010182690257935, 1: 0.3989817309742065}",0,5.0,True,
1,24,28,1,18,single_condition,attribution,wine_quality,687,forward_simulation,5,testing,18,0,False,infer_no_explanation,AttributionSum,"[0.1515151560306549, 0.260869562625885, 0.26706230640411377, 0.6491228342056274, 0.4313725531101227]",,"{0: 0.5985791428392568, 1: 0.4014208571607431}",0,5.0,True,
0,24,29,1,19,single_condition,attribution,wine_quality,950,forward_simulation,5,testing,19,1,False,infer_no_explanation,AttributionSum,"[0.8181818127632141, 0.6304348111152649, 0.09891197085380554, -0.2631579041481018, 0.686274528503418]",,"{0: 0.9302340593626937, 1: 0.0697659406373063}",0,5.0,False,
0,24,30,1,20,single_condition,attribution,wine_quality,1490,forward_simulation,5,testing,20,0,True,infer_with_explanation,AttributionSum,"[0.9696969985961914, 0.19565217196941376, 0.06923837959766388, -0.08771929889917374, 0.6470588445663452]","[1.0, -0.1488259029687933, 0.2796586250392406, 0.47113193376726176, -0.0740293163777328]","{0: 0.18677062657625743, 1: 0.8132293734237426}",1,5.0,False,
