dataId,instanceId,v0,v1,v2,v3,v4,y
mushrooms,0,2.85,0.0,0.0,5.24,6.92,0
mushrooms,1,8.35,1.0,0.0,6.93,22.14,0
mushrooms,2,8.81,0.0,1.0,6.68,16.87,0
mushrooms,3,7.77,0.0,0.0,7.0,12.58,1
mushrooms,4,2.93,1.0,0.0,3.73,2.94,0
mushrooms,5,6.57,0.0,0.0,4.3,13.98,1
mushrooms,6,5.58,0.0,0.0,6.61,13.54,0
mushrooms,7,2.65,0.0,0.0,3.21,5.55,1
mushrooms,8,8.99,1.0,0.0,5.03,19.02,1
mushrooms,9,3.7,1.0,0.0,5.27,3.41,0
mushrooms,10,16.89,1.0,0.0,5.25,36.17,0
mushrooms,11,3.01,1.0,1.0,3.87,6.63,0
mushrooms,12,15.79,1.0,0.0,9.13,24.68,1
mushrooms,13,7.78,1.0,0.0,7.58,11.86,0
mushrooms,14,3.27,0.0,0.0,6.34,9.27,0
mushrooms,15,4.97,0.0,0.0,6.61,4.92,1
mushrooms,16,8.02,1.0,0.0,6.92,12.89,0
mushrooms,17,5.53,1.0,0.0,5.7,9.8,1
mushrooms,18,3.61,0.0,0.0,5.89,6.21,1
mushrooms,19,13.9,1.0,1.0,4.59,26.21,0
mushrooms,20,3.19,1.0,1.0,3.39,5.77,0
mushrooms,21,13.3,1.0,1.0,5.53,13.73,0
mushrooms,22,3.76,0.0,1.0,4.38,11.95,0
mushrooms,23,22.24,1.0,0.0,8.31,27.1,1
mushrooms,24,2.98,0.0,0.0,6.16,6.82,0
mushrooms,25,1.49,0.0,0.0,1.7,2.34,0
mushrooms,26,8.49,0.0,0.0,10.51,12.09,0
mushrooms,27,8.63,1.0,0.0,7.22,11.6,1
mushrooms,28,10.84,0.0,0.0,10.62,11.99,0
mushrooms,29,6.32,0.0,0.0,7.1,5.9,1
mushrooms,30,7.17,1.0,0.0,6.23,11.84,0
mushrooms,31,3.82,0.0,0.0,4.73,6.24,1
mushrooms,32,7.08,1.0,0.0,8.18,17.5,1
mushrooms,33,15.66,1.0,0.0,10.28,25.83,1
mushrooms,34,1.49,0.0,0.0,4.88,2.38,1
mushrooms,35,1.14,0.0,0.0,3.42,1.79,0
mushrooms,36,4.68,0.0,0.0,4.87,9.69,1
mushrooms,37,9.96,0.0,0.0,11.95,11.53,0
mushrooms,38,4.45,0.0,0.0,6.14,3.88,1
mushrooms,39,4.49,1.0,0.0,5.64,3.5,0
mushrooms,40,3.66,0.0,0.0,7.86,8.19,1
mushrooms,41,3.47,1.0,0.0,6.76,7.0,0
mushrooms,42,8.96,0.0,0.0,7.85,21.35,1
mushrooms,43,6.81,0.0,1.0,5.92,14.55,0
mushrooms,44,3.83,1.0,0.0,6.12,4.4,0
mushrooms,45,8.18,1.0,0.0,15.2,12.0,1
mushrooms,46,4.44,0.0,0.0,4.1,5.5,0
mushrooms,47,12.78,1.0,0.0,5.28,30.4,0
mushrooms,48,6.44,1.0,0.0,6.88,9.71,1
mushrooms,49,8.94,0.0,0.0,9.2,10.46,0
mushrooms,50,6.53,1.0,0.0,7.06,12.77,0
mushrooms,51,6.97,1.0,0.0,5.11,9.1,0
mushrooms,52,1.96,1.0,0.0,6.7,3.57,1
mushrooms,53,6.23,0.0,0.0,5.9,4.73,1
mushrooms,54,5.38,0.0,0.0,3.89,12.7,0
mushrooms,55,5.78,1.0,0.0,4.6,10.03,0
mushrooms,56,9.76,0.0,0.0,11.92,30.61,0
mushrooms,57,6.65,0.0,0.0,8.54,9.06,0
mushrooms,58,5.02,0.0,0.0,5.43,6.83,0
mushrooms,59,7.08,0.0,0.0,8.65,9.89,0
mushrooms,60,13.4,0.0,1.0,5.89,28.18,0
mushrooms,61,6.96,0.0,1.0,7.89,15.63,1
mushrooms,62,6.21,1.0,0.0,8.32,6.08,1
mushrooms,63,2.6,0.0,0.0,5.68,4.75,1
mushrooms,64,2.87,1.0,0.0,4.23,3.51,0
mushrooms,65,8.64,0.0,1.0,9.05,18.71,1
mushrooms,66,6.71,0.0,1.0,6.44,13.66,1
mushrooms,67,10.22,0.0,0.0,8.3,29.99,1
mushrooms,68,3.31,1.0,0.0,6.54,5.65,0
mushrooms,69,10.22,0.0,0.0,9.35,15.52,1
mushrooms,70,5.59,1.0,0.0,6.27,13.59,0
mushrooms,71,6.24,1.0,0.0,6.12,6.89,0
mushrooms,72,3.45,0.0,0.0,3.09,8.12,1
mushrooms,73,6.42,0.0,1.0,6.08,8.16,0
mushrooms,74,9.21,0.0,0.0,7.77,13.75,1
mushrooms,75,4.08,1.0,0.0,6.09,5.02,0
mushrooms,76,1.48,0.0,0.0,5.05,2.45,1
mushrooms,77,10.68,1.0,0.0,5.57,23.78,1
mushrooms,78,10.16,1.0,0.0,6.24,28.71,1
mushrooms,79,1.28,1.0,0.0,3.8,5.57,0
mushrooms,80,3.7,0.0,0.0,3.47,9.57,1
mushrooms,81,3.59,1.0,1.0,4.82,6.07,1
mushrooms,82,11.51,0.0,0.0,11.65,32.06,0
mushrooms,83,1.37,0.0,0.0,1.98,2.53,0
mushrooms,84,8.23,1.0,0.0,10.88,12.58,0
mushrooms,85,7.69,1.0,0.0,4.68,14.59,1
mushrooms,86,9.54,1.0,0.0,6.44,17.55,0
mushrooms,87,10.21,1.0,0.0,20.7,12.58,1
mushrooms,88,8.14,0.0,0.0,5.96,8.95,1
mushrooms,89,3.77,0.0,0.0,5.3,7.49,1
mushrooms,90,4.48,1.0,0.0,3.67,12.37,1
mushrooms,91,2.3,0.0,0.0,5.14,4.3,1
mushrooms,92,3.49,0.0,0.0,4.1,6.39,1
mushrooms,93,8.7,1.0,0.0,8.42,20.96,0
mushrooms,94,6.99,1.0,0.0,4.23,9.65,0
mushrooms,95,12.21,0.0,0.0,11.68,17.87,0
mushrooms,96,4.39,0.0,0.0,7.89,8.82,1
mushrooms,97,17.17,1.0,1.0,8.12,32.7,0
mushrooms,98,9.06,1.0,0.0,6.15,16.52,0
mushrooms,99,5.89,0.0,0.0,7.61,7.84,0
mushrooms,100,6.29,1.0,0.0,5.74,10.39,0
mushrooms,101,5.11,0.0,1.0,4.35,12.79,0
mushrooms,102,9.54,1.0,0.0,5.16,17.89,1
mushrooms,103,3.63,0.0,0.0,7.31,7.32,1
mushrooms,104,5.95,1.0,0.0,5.01,10.43,1
mushrooms,105,10.92,1.0,0.0,8.89,14.33,1
mushrooms,106,8.74,1.0,0.0,8.79,9.08,0
mushrooms,107,2.88,0.0,0.0,4.5,6.65,0
mushrooms,108,6.3,1.0,0.0,5.2,9.46,1
mushrooms,109,3.34,1.0,0.0,4.99,5.31,1
mushrooms,110,3.36,1.0,0.0,4.75,3.19,0
mushrooms,111,6.92,1.0,0.0,6.54,11.56,0
mushrooms,112,4.22,0.0,0.0,6.01,7.16,0
mushrooms,113,10.36,0.0,0.0,9.59,11.28,1
mushrooms,114,3.7,0.0,0.0,6.31,10.47,0
mushrooms,115,7.03,0.0,0.0,8.99,9.85,0
mushrooms,116,5.37,0.0,0.0,6.11,6.63,0
mushrooms,117,9.13,0.0,0.0,7.83,16.69,1
mushrooms,118,5.32,1.0,0.0,6.33,5.66,0
mushrooms,119,6.99,0.0,0.0,5.64,12.35,1
mushrooms,120,3.71,0.0,0.0,4.97,5.71,0
mushrooms,121,1.34,0.0,0.0,3.55,1.63,0
mushrooms,122,6.38,1.0,0.0,9.15,7.3,1
mushrooms,123,6.32,0.0,0.0,4.96,9.31,1
mushrooms,124,13.59,1.0,0.0,9.15,15.16,1
mushrooms,125,8.47,0.0,0.0,7.58,10.16,1
mushrooms,126,5.48,0.0,0.0,5.49,6.77,0
mushrooms,127,6.83,0.0,0.0,8.67,7.61,0
mushrooms,128,4.78,1.0,0.0,5.4,9.42,0
mushrooms,129,8.62,1.0,0.0,4.7,13.84,1
mushrooms,130,4.16,0.0,0.0,4.55,5.67,0
mushrooms,131,1.51,1.0,0.0,5.16,2.63,1
mushrooms,132,7.55,0.0,0.0,7.68,6.7,1
mushrooms,133,9.58,1.0,0.0,6.7,15.69,0
mushrooms,134,14.48,1.0,1.0,4.82,23.99,0
mushrooms,135,7.34,0.0,0.0,9.3,9.82,0
mushrooms,136,5.8,0.0,0.0,5.88,9.64,0
mushrooms,137,8.43,1.0,0.0,4.94,14.57,1
mushrooms,138,2.83,0.0,0.0,3.32,2.63,0
mushrooms,139,7.64,0.0,1.0,5.39,15.16,0
mushrooms,140,2.11,1.0,0.0,3.97,3.43,0
mushrooms,141,6.0,0.0,1.0,6.27,11.0,1
mushrooms,142,10.01,1.0,0.0,2.25,14.04,1
mushrooms,143,3.45,0.0,0.0,6.91,4.86,1
mushrooms,144,8.68,1.0,0.0,4.38,11.38,1
mushrooms,145,9.39,0.0,1.0,5.11,13.36,0
mushrooms,146,2.83,0.0,0.0,6.72,6.26,0
mushrooms,147,4.58,0.0,0.0,7.92,8.35,1
mushrooms,148,4.15,0.0,0.0,5.36,7.69,1
mushrooms,149,14.25,1.0,0.0,2.52,16.76,1
mushrooms,150,2.58,0.0,0.0,5.82,4.97,1
mushrooms,151,4.72,0.0,0.0,4.71,5.32,1
mushrooms,152,8.3,1.0,0.0,7.19,13.0,0
mushrooms,153,7.35,0.0,0.0,6.69,11.47,1
mushrooms,154,8.0,0.0,1.0,7.9,17.33,1
mushrooms,155,1.44,0.0,0.0,2.28,2.28,0
mushrooms,156,3.56,0.0,0.0,4.62,7.0,1
mushrooms,157,2.74,1.0,0.0,3.62,3.62,0
mushrooms,158,2.27,1.0,0.0,6.77,2.89,1
mushrooms,159,7.64,0.0,0.0,8.89,8.38,0
mushrooms,160,11.41,1.0,0.0,4.74,20.51,1
mushrooms,161,3.94,0.0,0.0,5.72,7.79,0
mushrooms,162,9.34,1.0,0.0,4.92,19.44,1
mushrooms,163,13.11,0.0,0.0,5.15,19.45,1
mushrooms,164,6.18,0.0,0.0,6.01,5.61,1
mushrooms,165,5.38,1.0,0.0,6.67,5.43,0
mushrooms,166,6.92,0.0,0.0,6.64,14.42,1
mushrooms,167,5.49,0.0,0.0,3.27,12.41,0
mushrooms,168,10.03,1.0,1.0,6.56,15.39,0
mushrooms,169,6.21,0.0,0.0,5.88,6.33,1
mushrooms,170,3.37,1.0,0.0,4.31,2.83,0
mushrooms,171,14.08,0.0,1.0,7.51,33.66,0
mushrooms,172,15.37,0.0,0.0,7.17,23.68,1
mushrooms,173,8.16,0.0,0.0,7.54,13.42,1
mushrooms,174,1.3,0.0,0.0,4.24,2.33,1
mushrooms,175,2.94,0.0,0.0,2.92,5.58,1
mushrooms,176,2.92,0.0,0.0,3.44,2.36,0
mushrooms,177,6.49,0.0,0.0,4.2,14.86,1
mushrooms,178,5.82,0.0,0.0,5.12,10.02,0
mushrooms,179,6.36,0.0,0.0,11.39,9.55,0
mushrooms,180,2.89,1.0,0.0,5.18,4.14,1
mushrooms,181,14.64,0.0,1.0,6.47,29.5,0
mushrooms,182,1.35,0.0,0.0,1.83,2.37,0
mushrooms,183,7.96,1.0,1.0,6.65,9.55,0
mushrooms,184,3.44,1.0,0.0,2.75,6.83,0
mushrooms,185,4.86,1.0,0.0,6.95,4.55,1
mushrooms,186,3.73,0.0,0.0,4.95,6.9,1
mushrooms,187,9.42,0.0,0.0,7.94,24.69,1
mushrooms,188,6.15,1.0,0.0,5.61,9.7,0
mushrooms,189,8.84,1.0,0.0,11.08,11.62,0
mushrooms,190,8.3,1.0,0.0,8.53,14.24,1
mushrooms,191,8.35,1.0,0.0,6.26,11.62,0
mushrooms,192,6.25,0.0,1.0,8.06,10.17,0
mushrooms,193,5.76,1.0,0.0,5.76,10.14,0
mushrooms,194,9.44,1.0,1.0,5.04,12.99,0
mushrooms,195,4.88,1.0,0.0,5.54,3.62,1
mushrooms,196,2.62,0.0,0.0,6.73,4.09,1
mushrooms,197,2.97,1.0,0.0,3.48,3.37,0
mushrooms,198,1.06,0.0,0.0,3.27,1.8,0
mushrooms,199,7.29,0.0,0.0,5.79,15.68,1
mushrooms,200,8.42,1.0,0.0,8.21,16.2,1
mushrooms,201,15.0,1.0,0.0,2.46,16.08,1
mushrooms,202,3.69,1.0,0.0,6.64,3.74,1
mushrooms,203,4.14,1.0,0.0,5.9,3.59,1
mushrooms,204,10.0,0.0,0.0,8.51,25.07,0
mushrooms,205,3.72,1.0,0.0,6.25,6.11,1
mushrooms,206,1.37,0.0,0.0,4.49,5.87,0
mushrooms,207,5.75,1.0,0.0,4.15,14.2,0
mushrooms,208,10.96,0.0,0.0,9.76,29.31,0
mushrooms,209,6.71,1.0,0.0,5.43,12.87,0
mushrooms,210,4.83,1.0,0.0,6.58,5.38,0
mushrooms,211,5.6,0.0,0.0,5.3,9.36,1
mushrooms,212,8.88,0.0,0.0,6.61,16.16,1
mushrooms,213,10.38,0.0,0.0,5.56,33.31,1
mushrooms,214,12.26,0.0,1.0,7.15,16.31,0
mushrooms,215,7.78,0.0,0.0,4.15,9.94,0
mushrooms,216,5.56,0.0,1.0,5.46,14.81,0
mushrooms,217,8.48,1.0,0.0,5.41,12.91,1
mushrooms,218,8.33,0.0,0.0,6.5,15.11,1
mushrooms,219,3.69,0.0,0.0,8.82,6.8,0
mushrooms,220,8.83,0.0,0.0,6.61,18.13,0
mushrooms,221,5.49,1.0,0.0,6.09,4.86,0
mushrooms,222,6.42,1.0,0.0,5.98,10.11,0
mushrooms,223,6.49,0.0,0.0,5.3,11.93,0
mushrooms,224,7.19,0.0,0.0,5.76,16.51,0
mushrooms,225,7.49,1.0,0.0,8.04,20.95,1
mushrooms,226,8.37,0.0,0.0,7.54,10.34,1
mushrooms,227,5.21,1.0,0.0,6.92,5.65,1
mushrooms,228,8.01,0.0,0.0,7.29,18.14,1
mushrooms,229,3.56,0.0,0.0,3.77,5.77,0
mushrooms,230,9.8,1.0,0.0,10.15,12.77,0
mushrooms,231,3.11,0.0,0.0,4.17,6.26,0
mushrooms,232,8.66,1.0,0.0,22.38,12.58,1
mushrooms,233,2.72,0.0,0.0,3.69,7.1,1
mushrooms,234,4.14,0.0,0.0,4.99,8.89,0
mushrooms,235,5.34,1.0,0.0,5.38,9.18,1
mushrooms,236,5.1,0.0,0.0,3.02,12.07,0
mushrooms,237,6.93,1.0,0.0,7.19,10.21,1
mushrooms,238,3.25,1.0,0.0,8.46,4.0,1
mushrooms,239,6.68,0.0,0.0,11.55,10.34,0
mushrooms,240,3.09,0.0,0.0,4.59,6.47,1
mushrooms,241,5.21,1.0,0.0,6.53,3.98,1
mushrooms,242,1.41,0.0,0.0,5.16,2.47,1
mushrooms,243,3.92,0.0,0.0,4.61,9.14,1
mushrooms,244,1.51,0.0,0.0,2.22,2.55,0
mushrooms,245,3.98,0.0,0.0,5.82,10.06,0
mushrooms,246,8.11,0.0,0.0,4.84,10.79,0
mushrooms,247,4.27,0.0,0.0,5.32,7.71,0
mushrooms,248,6.85,0.0,0.0,10.6,12.55,0
mushrooms,249,3.26,1.0,0.0,5.69,6.12,1
mushrooms,250,18.36,0.0,1.0,8.03,30.39,0
mushrooms,251,5.23,1.0,0.0,7.48,10.65,1
mushrooms,252,12.68,0.0,0.0,10.06,17.37,1
mushrooms,253,8.46,1.0,0.0,8.35,15.85,0
mushrooms,254,11.13,0.0,1.0,5.2,14.22,0
mushrooms,255,9.24,1.0,0.0,10.66,11.95,0
mushrooms,256,4.76,0.0,0.0,6.12,7.92,0
mushrooms,257,6.49,1.0,0.0,6.68,11.03,1
mushrooms,258,1.3,1.0,0.0,3.34,5.51,0
mushrooms,259,9.7,1.0,0.0,5.17,21.09,1
mushrooms,260,4.33,0.0,0.0,4.92,9.89,1
mushrooms,261,6.72,0.0,0.0,4.42,14.01,0
mushrooms,262,8.69,1.0,0.0,9.55,10.88,0
mushrooms,263,8.55,1.0,0.0,4.55,15.36,1
mushrooms,264,3.58,1.0,0.0,4.96,4.95,0
mushrooms,265,4.55,0.0,1.0,5.7,14.1,0
mushrooms,266,13.99,0.0,0.0,10.39,28.66,1
mushrooms,267,5.43,0.0,0.0,7.85,4.58,1
mushrooms,268,7.54,1.0,0.0,5.97,13.14,1
mushrooms,269,5.51,1.0,0.0,5.74,4.64,1
mushrooms,270,10.56,0.0,0.0,10.34,30.14,0
mushrooms,271,1.4,0.0,0.0,2.1,2.77,0
mushrooms,272,8.0,0.0,0.0,9.75,11.09,0
mushrooms,273,5.64,0.0,0.0,4.31,12.71,1
mushrooms,274,4.07,0.0,0.0,6.66,6.85,1
mushrooms,275,6.64,0.0,0.0,5.63,9.23,1
mushrooms,276,10.24,1.0,0.0,4.5,14.41,1
mushrooms,277,9.9,0.0,0.0,4.57,16.49,1
mushrooms,278,4.91,1.0,0.0,6.41,4.8,0
mushrooms,279,9.27,0.0,0.0,10.57,11.81,0
mushrooms,280,7.1,0.0,0.0,9.09,9.43,0
mushrooms,281,6.57,1.0,0.0,3.9,9.39,0
mushrooms,282,9.63,0.0,0.0,6.76,27.4,1
mushrooms,283,4.7,0.0,0.0,8.33,9.9,1
mushrooms,284,1.38,1.0,0.0,3.74,6.19,0
mushrooms,285,7.19,0.0,0.0,4.59,13.99,1
mushrooms,286,5.91,1.0,0.0,4.39,8.87,1
mushrooms,287,5.92,0.0,0.0,6.18,6.53,1
mushrooms,288,6.4,1.0,0.0,5.65,11.99,1
mushrooms,289,19.06,0.0,1.0,7.11,35.24,0
mushrooms,290,11.77,0.0,0.0,10.96,35.15,0
mushrooms,291,3.62,0.0,0.0,4.13,5.74,1
mushrooms,292,4.55,0.0,0.0,7.92,9.56,1
mushrooms,293,5.33,0.0,0.0,2.99,11.74,1
mushrooms,294,6.4,1.0,0.0,6.34,11.16,1
mushrooms,295,6.68,0.0,0.0,6.55,7.44,1
mushrooms,296,9.42,1.0,0.0,9.83,11.46,0
mushrooms,297,5.79,0.0,0.0,4.04,6.82,0
mushrooms,298,7.63,1.0,0.0,5.03,10.76,0
mushrooms,299,16.64,0.0,1.0,8.05,35.0,0
mushrooms,300,6.58,0.0,0.0,5.04,5.77,0
mushrooms,301,6.38,1.0,0.0,5.76,15.13,1
mushrooms,302,8.39,1.0,0.0,4.94,10.4,0
mushrooms,303,8.68,1.0,0.0,9.99,10.8,0
mushrooms,304,3.17,1.0,0.0,3.94,6.54,1
mushrooms,305,6.52,0.0,1.0,6.83,8.61,0
mushrooms,306,8.83,0.0,0.0,4.98,10.34,0
mushrooms,307,10.47,1.0,1.0,6.56,16.62,0
mushrooms,308,7.8,1.0,0.0,5.52,18.09,1
mushrooms,309,1.68,1.0,0.0,5.21,2.56,1
mushrooms,310,10.37,0.0,0.0,10.58,30.34,0
mushrooms,311,7.34,1.0,0.0,6.01,17.66,1
mushrooms,312,7.72,1.0,0.0,4.86,16.45,1
mushrooms,313,6.78,0.0,0.0,7.28,10.43,1
mushrooms,314,4.89,0.0,0.0,5.94,8.72,0
mushrooms,315,7.01,1.0,0.0,5.54,10.36,0
mushrooms,316,7.73,0.0,0.0,8.17,8.13,0
mushrooms,317,3.19,0.0,0.0,5.1,8.85,0
mushrooms,318,4.72,1.0,0.0,4.68,8.49,0
mushrooms,319,4.27,0.0,0.0,6.87,7.67,0
mushrooms,320,18.96,1.0,0.0,5.98,22.52,1
mushrooms,321,4.15,0.0,0.0,4.06,5.25,0
mushrooms,322,1.56,0.0,0.0,4.71,2.32,1
mushrooms,323,7.44,1.0,0.0,5.66,16.88,1
mushrooms,324,3.15,0.0,0.0,4.05,2.58,0
mushrooms,325,6.04,0.0,1.0,4.5,13.11,0
mushrooms,326,9.06,1.0,0.0,7.03,35.75,1
mushrooms,327,17.39,1.0,0.0,2.62,16.81,1
mushrooms,328,4.34,1.0,0.0,5.8,3.6,1
mushrooms,329,9.52,0.0,0.0,6.11,9.87,1
mushrooms,330,5.88,0.0,0.0,6.19,3.9,1
mushrooms,331,3.14,0.0,0.0,5.8,4.35,1
mushrooms,332,6.81,1.0,0.0,6.25,11.97,1
mushrooms,333,6.86,1.0,0.0,7.14,15.46,0
mushrooms,334,7.76,0.0,0.0,11.77,11.7,0
mushrooms,335,3.28,0.0,0.0,3.37,2.57,0
mushrooms,336,1.02,0.0,0.0,3.08,1.54,0
mushrooms,337,5.34,0.0,0.0,6.05,6.8,0
mushrooms,338,6.68,1.0,1.0,5.11,7.95,0
mushrooms,339,6.54,0.0,0.0,7.31,10.51,1
mushrooms,340,3.15,1.0,0.0,3.41,6.61,1
mushrooms,341,9.93,1.0,0.0,10.03,11.42,0
mushrooms,342,5.88,1.0,0.0,6.22,12.78,1
mushrooms,343,13.17,1.0,0.0,5.06,20.74,1
mushrooms,344,5.17,0.0,0.0,6.91,3.98,1
mushrooms,345,3.49,1.0,0.0,7.61,3.38,1
mushrooms,346,6.41,1.0,0.0,8.0,10.86,1
mushrooms,347,10.01,0.0,0.0,6.81,20.08,1
mushrooms,348,1.4,0.0,0.0,5.04,2.46,1
mushrooms,349,7.91,0.0,0.0,11.16,10.38,0
mushrooms,350,2.88,0.0,0.0,3.26,2.5,0
mushrooms,351,6.34,0.0,0.0,3.68,9.42,1
mushrooms,352,3.52,0.0,0.0,4.41,6.0,1
mushrooms,353,8.6,1.0,0.0,6.7,11.51,0
mushrooms,354,8.89,1.0,0.0,9.52,14.77,1
mushrooms,355,2.68,1.0,0.0,3.44,2.44,0
mushrooms,356,6.0,0.0,0.0,5.14,10.11,0
mushrooms,357,5.56,0.0,0.0,5.61,5.44,1
mushrooms,358,9.77,1.0,0.0,4.56,13.79,1
mushrooms,359,8.85,0.0,0.0,5.57,9.72,1
mushrooms,360,4.24,0.0,0.0,7.48,7.98,1
mushrooms,361,9.12,1.0,0.0,4.9,19.34,1
mushrooms,362,19.65,0.0,0.0,7.95,22.68,1
mushrooms,363,7.9,0.0,0.0,10.84,16.33,0
mushrooms,364,2.67,1.0,1.0,3.35,5.95,0
mushrooms,365,8.63,0.0,0.0,8.81,9.12,0
mushrooms,366,13.5,0.0,0.0,9.4,25.74,1
mushrooms,367,3.34,1.0,1.0,4.73,6.27,1
mushrooms,368,8.27,0.0,0.0,8.62,13.44,1
mushrooms,369,4.0,0.0,0.0,8.0,8.41,1
mushrooms,370,3.39,1.0,0.0,8.55,4.18,0
mushrooms,371,13.47,1.0,0.0,10.42,16.75,1
mushrooms,372,6.99,1.0,0.0,4.35,9.99,0
mushrooms,373,1.66,0.0,0.0,1.6,2.34,0
mushrooms,374,7.87,1.0,0.0,4.33,12.17,1
mushrooms,375,3.61,1.0,0.0,7.68,4.29,0
mushrooms,376,3.28,1.0,0.0,4.29,2.64,1
mushrooms,377,5.53,1.0,0.0,5.32,6.93,0
mushrooms,378,3.85,1.0,0.0,4.17,6.97,1
mushrooms,379,5.95,1.0,0.0,4.94,15.85,1
mushrooms,380,4.46,0.0,0.0,3.29,11.64,0
mushrooms,381,2.9,0.0,0.0,8.48,7.32,0
mushrooms,382,16.27,1.0,0.0,5.93,36.41,0
mushrooms,383,6.86,1.0,1.0,4.92,8.43,0
mushrooms,384,16.98,1.0,0.0,8.21,24.5,1
mushrooms,385,7.09,1.0,0.0,6.15,10.58,0
mushrooms,386,7.83,1.0,0.0,8.79,11.2,0
mushrooms,387,4.6,1.0,0.0,3.84,11.27,1
mushrooms,388,2.61,0.0,0.0,2.94,2.28,0
mushrooms,389,2.95,1.0,1.0,4.38,5.89,1
mushrooms,390,2.47,0.0,0.0,6.67,4.72,1
mushrooms,391,6.91,0.0,0.0,6.34,16.81,1
mushrooms,392,7.05,0.0,0.0,4.18,15.24,1
mushrooms,393,8.04,1.0,0.0,6.31,17.87,0
mushrooms,394,5.69,0.0,0.0,4.19,4.77,1
mushrooms,395,2.44,1.0,0.0,8.02,4.37,1
mushrooms,396,3.65,0.0,0.0,5.84,9.04,0
mushrooms,397,4.41,0.0,0.0,3.5,12.09,0
mushrooms,398,6.18,0.0,0.0,5.85,11.16,1
mushrooms,399,7.45,0.0,0.0,6.1,6.73,0
mushrooms,400,5.92,0.0,0.0,6.72,8.6,1
mushrooms,401,6.82,1.0,0.0,6.48,17.49,0
mushrooms,402,2.72,0.0,0.0,2.6,7.15,0
mushrooms,403,6.66,1.0,1.0,6.39,9.22,0
mushrooms,404,4.74,0.0,0.0,4.71,5.4,0
mushrooms,405,9.72,1.0,0.0,2.33,15.35,1
mushrooms,406,2.7,1.0,0.0,7.26,3.64,0
mushrooms,407,11.14,0.0,0.0,6.53,16.66,1
mushrooms,408,6.32,1.0,0.0,5.72,10.52,0
mushrooms,409,9.32,0.0,0.0,8.47,29.12,0
mushrooms,410,4.82,1.0,0.0,6.77,13.06,0
mushrooms,411,12.02,1.0,1.0,6.57,14.98,0
mushrooms,412,1.6,0.0,0.0,4.91,2.44,1
mushrooms,413,10.0,1.0,0.0,7.21,21.86,1
mushrooms,414,14.65,1.0,0.0,5.4,34.38,0
mushrooms,415,6.76,0.0,1.0,5.23,13.64,0
mushrooms,416,3.58,1.0,1.0,4.66,6.9,1
mushrooms,417,5.12,0.0,0.0,8.61,5.69,1
mushrooms,418,6.03,0.0,0.0,5.22,17.29,0
mushrooms,419,9.32,1.0,0.0,5.19,19.67,1
mushrooms,420,1.41,0.0,0.0,1.76,2.33,0
mushrooms,421,6.78,1.0,0.0,4.89,12.47,1
mushrooms,422,2.2,0.0,0.0,5.11,7.11,0
mushrooms,423,2.74,1.0,0.0,2.16,6.78,0
mushrooms,424,3.41,0.0,0.0,5.34,8.55,0
mushrooms,425,1.01,0.0,0.0,3.29,1.52,0
mushrooms,426,4.06,1.0,0.0,8.4,6.4,1
mushrooms,427,7.53,1.0,0.0,5.75,19.65,1
mushrooms,428,1.38,0.0,0.0,5.37,2.61,1
mushrooms,429,7.03,0.0,1.0,7.34,12.13,1
mushrooms,430,4.84,1.0,0.0,5.41,4.72,0
mushrooms,431,2.65,0.0,0.0,7.26,3.47,0
mushrooms,432,5.0,0.0,0.0,4.69,10.01,1
mushrooms,433,2.93,0.0,0.0,2.15,3.9,1
mushrooms,434,7.85,0.0,0.0,8.39,10.19,0
mushrooms,435,6.57,1.0,0.0,5.51,16.13,1
mushrooms,436,7.0,1.0,0.0,5.98,6.76,0
mushrooms,437,8.45,1.0,0.0,3.96,14.15,1
mushrooms,438,6.85,0.0,0.0,4.49,9.75,0
mushrooms,439,7.24,1.0,0.0,5.41,17.38,0
mushrooms,440,3.95,1.0,0.0,7.58,3.65,0
mushrooms,441,3.26,0.0,0.0,6.18,6.55,1
mushrooms,442,8.13,0.0,0.0,4.17,14.39,1
mushrooms,443,5.53,0.0,1.0,5.46,16.61,0
mushrooms,444,6.48,0.0,0.0,6.59,19.79,1
mushrooms,445,4.75,0.0,0.0,5.09,6.6,0
mushrooms,446,3.67,1.0,0.0,5.84,4.42,0
mushrooms,447,3.88,0.0,0.0,9.0,7.86,0
mushrooms,448,5.33,0.0,0.0,6.25,14.64,0
mushrooms,449,7.53,1.0,0.0,9.81,10.83,0
mushrooms,450,11.94,1.0,0.0,4.69,22.66,0
mushrooms,451,8.23,1.0,0.0,7.19,11.56,1
mushrooms,452,7.74,0.0,0.0,4.99,9.5,1
mushrooms,453,9.37,1.0,0.0,9.48,10.29,0
mushrooms,454,3.85,1.0,0.0,5.48,3.92,0
mushrooms,455,7.74,1.0,0.0,7.34,17.66,0
mushrooms,456,3.73,1.0,0.0,5.87,3.36,1
mushrooms,457,10.64,0.0,0.0,12.14,13.93,0
mushrooms,458,1.59,1.0,0.0,4.99,2.6,1
mushrooms,459,5.08,0.0,0.0,3.81,12.23,1
mushrooms,460,5.05,1.0,0.0,6.53,6.46,1
mushrooms,461,7.02,0.0,1.0,6.55,17.76,0
mushrooms,462,6.83,0.0,0.0,5.76,14.85,1
mushrooms,463,8.43,1.0,0.0,6.65,12.85,0
mushrooms,464,10.79,1.0,0.0,2.36,12.59,1
mushrooms,465,5.6,1.0,0.0,4.77,9.1,1
mushrooms,466,3.64,0.0,0.0,5.0,6.68,0
mushrooms,467,1.4,0.0,0.0,4.47,2.53,1
mushrooms,468,8.16,0.0,0.0,8.14,8.37,0
mushrooms,469,21.3,0.0,1.0,6.76,32.25,0
mushrooms,470,7.11,0.0,0.0,6.47,16.46,0
mushrooms,471,10.56,0.0,0.0,9.68,33.95,0
mushrooms,472,11.28,1.0,0.0,8.0,13.8,1
mushrooms,473,6.37,0.0,0.0,7.04,6.35,1
mushrooms,474,4.94,0.0,0.0,4.59,12.37,1
mushrooms,475,7.26,0.0,0.0,4.7,9.53,0
mushrooms,476,6.76,0.0,0.0,8.07,8.76,0
mushrooms,477,5.27,0.0,0.0,6.79,4.27,1
mushrooms,478,6.13,0.0,1.0,6.39,7.49,0
mushrooms,479,1.49,1.0,0.0,4.67,2.4,1
mushrooms,480,3.69,0.0,0.0,7.89,3.95,0
mushrooms,481,6.88,0.0,0.0,6.05,6.4,0
mushrooms,482,3.48,1.0,0.0,7.27,7.45,1
mushrooms,483,5.38,0.0,0.0,3.06,12.53,0
mushrooms,484,7.75,0.0,0.0,6.44,17.39,0
mushrooms,485,4.23,1.0,0.0,4.8,2.92,0
mushrooms,486,10.88,0.0,0.0,10.96,13.82,0
mushrooms,487,2.24,1.0,0.0,3.66,3.49,0
mushrooms,488,4.75,0.0,0.0,7.56,8.47,1
mushrooms,489,4.52,0.0,0.0,5.74,14.68,1
mushrooms,490,3.93,1.0,0.0,4.38,2.95,1
mushrooms,491,10.78,1.0,0.0,4.92,22.01,1
mushrooms,492,4.07,0.0,0.0,8.9,4.05,0
mushrooms,493,7.34,0.0,0.0,4.06,10.28,0
mushrooms,494,7.2,1.0,0.0,6.13,12.24,0
mushrooms,495,6.48,1.0,0.0,6.56,13.81,0
mushrooms,496,9.73,0.0,0.0,8.04,21.06,1
mushrooms,497,13.98,1.0,0.0,5.37,28.53,0
mushrooms,498,3.79,1.0,0.0,5.43,5.21,0
mushrooms,499,7.04,1.0,0.0,4.61,12.52,1
mushrooms,500,7.2,1.0,0.0,5.02,8.32,1
mushrooms,501,1.34,0.0,0.0,4.56,2.2,1
mushrooms,502,4.51,0.0,0.0,4.74,6.45,0
mushrooms,503,7.98,0.0,0.0,7.21,12.4,1
mushrooms,504,1.7,0.0,0.0,2.09,2.73,0
mushrooms,505,10.32,0.0,0.0,7.72,17.54,1
mushrooms,506,8.03,0.0,0.0,6.44,18.22,0
mushrooms,507,6.31,0.0,0.0,6.37,6.91,1
mushrooms,508,8.79,0.0,0.0,6.84,12.59,1
mushrooms,509,20.02,1.0,0.0,6.96,22.8,1
mushrooms,510,12.32,0.0,0.0,7.83,24.0,1
mushrooms,511,18.38,1.0,0.0,7.79,24.12,1
mushrooms,512,5.65,0.0,1.0,3.99,11.26,0
mushrooms,513,5.32,1.0,0.0,8.42,6.41,1
mushrooms,514,3.49,0.0,0.0,4.69,6.4,0
mushrooms,515,7.38,0.0,0.0,10.8,13.6,0
mushrooms,516,1.43,1.0,0.0,4.64,2.37,1
mushrooms,517,1.25,1.0,0.0,3.21,5.87,0
mushrooms,518,6.99,0.0,0.0,8.97,31.06,0
mushrooms,519,10.35,0.0,0.0,8.91,12.71,1
mushrooms,520,3.98,0.0,0.0,3.48,6.14,1
mushrooms,521,7.28,0.0,0.0,5.46,14.97,1
mushrooms,522,2.6,0.0,0.0,6.69,5.41,1
mushrooms,523,4.35,0.0,0.0,4.54,5.73,0
mushrooms,524,1.62,0.0,0.0,4.71,2.6,1
mushrooms,525,3.19,1.0,0.0,3.43,2.34,0
mushrooms,526,4.29,1.0,0.0,7.03,7.0,1
mushrooms,527,8.51,1.0,0.0,7.74,19.85,0
mushrooms,528,13.26,0.0,0.0,9.78,28.81,1
mushrooms,529,3.76,0.0,0.0,6.02,9.25,0
mushrooms,530,3.66,0.0,0.0,7.34,6.49,1
mushrooms,531,3.98,1.0,0.0,4.83,3.35,0
mushrooms,532,1.73,0.0,0.0,2.76,2.78,0
mushrooms,533,5.11,0.0,0.0,7.98,7.97,1
mushrooms,534,8.29,1.0,1.0,5.22,14.67,0
mushrooms,535,8.55,1.0,0.0,13.42,11.52,1
mushrooms,536,10.58,0.0,0.0,9.26,16.25,1
mushrooms,537,9.3,0.0,0.0,7.39,19.4,1
mushrooms,538,7.77,0.0,0.0,6.96,12.73,1
mushrooms,539,1.18,1.0,0.0,3.7,5.59,0
mushrooms,540,9.75,1.0,0.0,8.68,14.55,1
mushrooms,541,15.63,1.0,0.0,6.64,41.05,0
mushrooms,542,9.41,1.0,0.0,11.45,16.03,0
mushrooms,543,3.45,0.0,0.0,4.1,7.22,1
mushrooms,544,4.54,1.0,0.0,4.72,4.39,1
mushrooms,545,8.61,1.0,0.0,2.57,16.06,1
mushrooms,546,8.86,0.0,0.0,6.54,12.34,1
mushrooms,547,9.49,0.0,0.0,7.77,19.68,1
mushrooms,548,1.33,0.0,0.0,1.89,2.53,0
mushrooms,549,8.0,0.0,0.0,8.81,8.23,0
mushrooms,550,4.09,0.0,0.0,7.04,4.14,1
mushrooms,551,10.75,0.0,0.0,10.1,11.9,0
mushrooms,552,3.65,0.0,0.0,3.85,6.75,1
mushrooms,553,3.47,1.0,0.0,8.73,4.07,0
mushrooms,554,8.65,1.0,0.0,4.45,16.3,1
mushrooms,555,1.25,0.0,0.0,1.22,2.42,0
mushrooms,556,3.38,0.0,0.0,3.42,11.77,0
mushrooms,557,12.62,1.0,0.0,4.66,23.16,0
mushrooms,558,8.29,0.0,0.0,7.65,20.19,1
mushrooms,559,5.13,1.0,0.0,7.23,9.98,1
mushrooms,560,5.09,0.0,0.0,6.93,4.2,1
mushrooms,561,7.53,1.0,0.0,6.13,17.76,0
mushrooms,562,5.36,1.0,0.0,4.66,9.36,0
mushrooms,563,4.44,1.0,0.0,3.91,10.6,0
mushrooms,564,2.49,1.0,0.0,7.82,3.42,1
mushrooms,565,5.16,0.0,1.0,6.73,12.36,1
mushrooms,566,6.73,0.0,1.0,8.3,17.79,1
mushrooms,567,2.0,1.0,0.0,3.14,3.38,0
mushrooms,568,7.1,0.0,0.0,6.75,12.42,1
mushrooms,569,6.84,1.0,0.0,6.52,17.85,1
mushrooms,570,5.73,0.0,1.0,7.67,9.98,0
mushrooms,571,5.89,1.0,0.0,5.15,10.68,0
mushrooms,572,7.56,0.0,1.0,6.64,17.15,0
mushrooms,573,2.29,0.0,0.0,6.93,3.31,0
mushrooms,574,6.34,1.0,0.0,7.73,10.99,1
mushrooms,575,5.38,0.0,0.0,6.05,8.19,0
mushrooms,576,13.27,1.0,0.0,2.59,14.74,1
mushrooms,577,1.08,0.0,0.0,3.15,1.69,0
mushrooms,578,5.38,0.0,0.0,5.41,12.36,1
mushrooms,579,7.78,0.0,0.0,6.62,27.62,1
mushrooms,580,17.95,1.0,0.0,5.88,38.12,0
mushrooms,581,3.66,0.0,0.0,6.69,8.81,0
mushrooms,582,9.24,0.0,0.0,8.86,10.1,0
mushrooms,583,21.48,0.0,1.0,7.56,31.21,0
mushrooms,584,4.3,0.0,0.0,5.91,7.5,0
mushrooms,585,7.57,1.0,0.0,4.59,13.52,1
mushrooms,586,3.81,1.0,0.0,5.23,4.24,0
mushrooms,587,7.9,0.0,0.0,4.22,9.57,0
mushrooms,588,11.75,0.0,0.0,8.93,25.83,0
mushrooms,589,9.52,0.0,0.0,11.62,28.98,0
mushrooms,590,6.87,1.0,0.0,6.38,15.13,0
mushrooms,591,8.13,0.0,1.0,6.05,16.98,0
mushrooms,592,8.37,0.0,0.0,7.24,32.22,1
mushrooms,593,5.86,0.0,0.0,5.47,6.45,1
mushrooms,594,6.32,1.0,0.0,6.66,10.36,0
mushrooms,595,7.74,0.0,0.0,4.46,9.64,0
mushrooms,596,3.28,0.0,0.0,6.17,5.23,1
mushrooms,597,2.21,1.0,0.0,3.49,3.27,0
mushrooms,598,8.41,1.0,0.0,11.03,12.89,0
mushrooms,599,13.43,1.0,0.0,2.45,14.51,1
mushrooms,600,5.22,1.0,0.0,6.39,13.47,0
mushrooms,601,1.24,0.0,0.0,2.0,2.35,0
mushrooms,602,7.3,1.0,0.0,4.49,13.86,1
mushrooms,603,4.27,0.0,0.0,9.09,7.44,0
mushrooms,604,6.19,0.0,0.0,6.02,6.14,1
mushrooms,605,3.8,1.0,0.0,5.99,4.7,0
mushrooms,606,3.02,0.0,0.0,4.24,6.42,1
mushrooms,607,3.12,1.0,0.0,3.36,7.37,0
mushrooms,608,10.01,0.0,0.0,10.59,28.57,0
mushrooms,609,7.81,0.0,0.0,6.73,16.72,1
mushrooms,610,11.05,0.0,0.0,6.85,20.08,1
mushrooms,611,5.95,0.0,0.0,5.74,4.09,1
mushrooms,612,6.74,0.0,0.0,6.7,9.33,1
mushrooms,613,9.73,0.0,0.0,9.01,26.92,0
mushrooms,614,3.99,0.0,0.0,6.01,7.47,0
mushrooms,615,4.0,1.0,0.0,6.73,5.68,1
mushrooms,616,7.83,0.0,0.0,5.55,17.39,0
mushrooms,617,5.23,0.0,0.0,5.31,12.46,1
mushrooms,618,6.26,0.0,0.0,5.22,11.68,1
mushrooms,619,7.45,0.0,0.0,5.94,9.16,1
mushrooms,620,8.19,0.0,0.0,8.16,20.23,1
mushrooms,621,5.55,1.0,0.0,6.55,8.99,1
mushrooms,622,10.35,1.0,0.0,6.9,19.25,1
mushrooms,623,4.51,0.0,0.0,9.7,8.52,0
mushrooms,624,8.33,1.0,0.0,11.0,13.4,0
mushrooms,625,10.52,1.0,0.0,11.4,12.29,0
mushrooms,626,5.97,1.0,0.0,5.81,11.16,1
mushrooms,627,1.34,0.0,0.0,2.56,2.5,0
mushrooms,628,3.15,1.0,0.0,4.13,2.39,0
mushrooms,629,8.51,0.0,0.0,6.42,17.36,0
mushrooms,630,4.21,0.0,0.0,9.42,4.65,0
mushrooms,631,7.44,1.0,0.0,6.33,11.23,1
mushrooms,632,8.75,0.0,0.0,11.12,12.88,0
mushrooms,633,5.84,0.0,0.0,6.75,7.08,0
mushrooms,634,4.52,0.0,0.0,5.9,8.73,0
mushrooms,635,6.88,1.0,0.0,7.19,15.18,1
mushrooms,636,6.09,1.0,0.0,5.54,14.4,0
mushrooms,637,7.81,1.0,0.0,6.42,12.97,1
mushrooms,638,8.69,0.0,0.0,6.5,12.18,1
mushrooms,639,9.18,0.0,0.0,9.83,11.96,0
mushrooms,640,6.88,0.0,1.0,6.99,14.15,1
mushrooms,641,4.85,1.0,0.0,5.16,3.64,0
mushrooms,642,3.84,1.0,0.0,8.38,3.53,1
mushrooms,643,6.42,0.0,0.0,6.06,11.45,0
mushrooms,644,7.29,0.0,0.0,7.11,10.89,1
mushrooms,645,7.25,0.0,1.0,7.09,17.01,1
mushrooms,646,5.79,0.0,0.0,7.11,13.5,1
mushrooms,647,1.51,0.0,0.0,5.11,2.63,1
mushrooms,648,11.4,1.0,0.0,9.0,23.89,1
mushrooms,649,5.48,0.0,0.0,5.09,4.54,1
mushrooms,650,4.77,1.0,0.0,6.1,5.05,0
mushrooms,651,4.23,0.0,0.0,3.45,6.37,1
mushrooms,652,7.71,0.0,0.0,5.67,16.53,0
mushrooms,653,3.2,1.0,0.0,4.71,2.78,0
mushrooms,654,3.8,1.0,0.0,4.75,3.44,0
mushrooms,655,3.14,1.0,0.0,3.24,2.34,1
mushrooms,656,15.21,1.0,0.0,6.03,35.25,0
mushrooms,657,5.03,0.0,0.0,4.16,10.56,1
mushrooms,658,3.8,0.0,0.0,7.6,7.61,1
mushrooms,659,3.76,0.0,0.0,7.69,7.74,1
mushrooms,660,2.69,0.0,0.0,3.06,7.06,0
mushrooms,661,1.02,0.0,0.0,3.68,1.91,0
mushrooms,662,4.94,1.0,0.0,4.28,11.49,1
mushrooms,663,9.16,1.0,0.0,7.0,11.42,0
mushrooms,664,6.5,0.0,0.0,5.89,27.73,1
mushrooms,665,4.85,0.0,0.0,7.78,6.98,1
mushrooms,666,3.19,1.0,0.0,4.13,3.4,0
mushrooms,667,3.98,0.0,0.0,4.47,6.16,1
mushrooms,668,9.03,1.0,0.0,4.18,15.75,1
mushrooms,669,5.05,0.0,0.0,6.36,6.39,1
mushrooms,670,6.78,1.0,0.0,6.35,9.67,0
mushrooms,671,9.81,1.0,0.0,4.51,15.26,1
mushrooms,672,5.88,0.0,0.0,5.22,12.41,1
mushrooms,673,5.37,0.0,0.0,5.45,6.93,0
mushrooms,674,11.12,0.0,0.0,8.09,25.36,1
mushrooms,675,3.77,0.0,0.0,3.56,5.9,1
mushrooms,676,6.64,1.0,0.0,5.6,10.57,0
mushrooms,677,9.25,1.0,0.0,7.8,30.94,1
mushrooms,678,6.2,0.0,0.0,6.47,8.29,1
mushrooms,679,15.15,1.0,0.0,5.76,18.76,1
mushrooms,680,2.79,1.0,0.0,2.77,6.95,0
mushrooms,681,5.29,0.0,0.0,6.48,9.22,1
mushrooms,682,1.71,0.0,0.0,2.16,2.81,0
mushrooms,683,6.49,1.0,0.0,6.56,8.68,0
mushrooms,684,7.1,0.0,0.0,8.18,9.87,0
mushrooms,685,8.35,0.0,0.0,10.73,16.99,1
mushrooms,686,5.47,0.0,0.0,5.4,5.96,1
mushrooms,687,8.63,0.0,0.0,6.52,12.13,1
mushrooms,688,5.14,0.0,0.0,3.87,7.54,1
mushrooms,689,6.07,0.0,0.0,5.1,20.2,1
mushrooms,690,8.87,0.0,1.0,8.14,11.5,0
mushrooms,691,2.51,1.0,1.0,2.86,5.35,0
mushrooms,692,6.61,1.0,0.0,6.56,9.04,1
mushrooms,693,5.33,1.0,0.0,6.36,9.55,1
mushrooms,694,8.33,1.0,0.0,7.08,13.84,0
mushrooms,695,8.45,0.0,0.0,13.61,11.83,0
mushrooms,696,3.89,0.0,0.0,7.76,7.9,1
mushrooms,697,4.31,0.0,0.0,6.14,12.26,1
mushrooms,698,4.17,1.0,0.0,5.18,4.66,0
mushrooms,699,8.13,0.0,1.0,4.91,16.07,0
mushrooms,700,10.57,0.0,0.0,9.38,16.39,1
mushrooms,701,3.67,0.0,1.0,4.61,14.55,0
mushrooms,702,5.83,0.0,0.0,5.89,5.57,1
mushrooms,703,15.2,1.0,1.0,6.76,32.5,0
mushrooms,704,1.35,1.0,0.0,5.01,2.63,1
mushrooms,705,12.73,1.0,0.0,2.46,14.89,1
mushrooms,706,4.98,0.0,0.0,4.17,5.24,1
mushrooms,707,2.79,1.0,0.0,6.94,3.53,1
mushrooms,708,7.35,0.0,0.0,4.82,15.25,1
mushrooms,709,5.73,0.0,0.0,4.17,11.97,1
mushrooms,710,9.05,0.0,0.0,8.28,22.25,0
mushrooms,711,6.11,1.0,0.0,5.98,6.37,0
mushrooms,712,3.46,0.0,0.0,5.04,6.49,1
mushrooms,713,8.74,0.0,0.0,8.01,24.73,1
mushrooms,714,11.01,1.0,0.0,4.65,17.04,1
mushrooms,715,10.17,0.0,0.0,10.66,12.97,0
mushrooms,716,3.41,1.0,0.0,3.98,2.94,0
mushrooms,717,5.47,1.0,0.0,6.71,12.49,1
mushrooms,718,3.3,1.0,0.0,4.34,3.5,0
mushrooms,719,5.94,1.0,0.0,5.87,10.02,0
mushrooms,720,4.06,1.0,0.0,4.67,3.49,0
mushrooms,721,3.04,0.0,0.0,4.23,6.41,1
mushrooms,722,7.35,0.0,0.0,6.18,17.22,0
mushrooms,723,7.2,1.0,0.0,4.88,12.19,1
mushrooms,724,3.72,0.0,0.0,3.5,5.24,1
mushrooms,725,10.35,1.0,0.0,4.93,20.04,1
mushrooms,726,9.5,1.0,0.0,2.6,13.63,1
mushrooms,727,3.65,1.0,0.0,5.87,6.17,1
mushrooms,728,7.36,0.0,0.0,7.65,9.69,0
mushrooms,729,6.43,1.0,0.0,5.25,16.73,0
mushrooms,730,7.17,1.0,0.0,5.41,16.5,0
mushrooms,731,7.56,1.0,0.0,5.7,9.83,1
mushrooms,732,2.89,0.0,0.0,4.5,5.69,0
mushrooms,733,3.42,1.0,0.0,5.68,6.5,1
mushrooms,734,6.37,1.0,0.0,3.41,11.47,1
mushrooms,735,3.38,1.0,1.0,3.18,5.74,0
mushrooms,736,9.06,1.0,0.0,8.01,21.38,1
mushrooms,737,5.32,0.0,0.0,4.34,10.98,1
mushrooms,738,14.61,0.0,1.0,4.87,23.99,0
mushrooms,739,7.57,0.0,0.0,6.18,11.51,1
mushrooms,740,6.31,0.0,0.0,6.33,13.99,0
mushrooms,741,7.91,1.0,0.0,5.93,17.12,0
mushrooms,742,5.49,0.0,0.0,6.02,11.97,1
mushrooms,743,3.97,0.0,0.0,4.42,7.21,1
mushrooms,744,7.95,0.0,0.0,7.8,20.04,1
mushrooms,745,4.47,0.0,0.0,5.72,7.76,1
mushrooms,746,5.73,0.0,0.0,5.17,11.98,0
mushrooms,747,10.54,0.0,0.0,7.35,20.99,1
mushrooms,748,11.59,1.0,0.0,9.91,24.78,0
mushrooms,749,7.6,1.0,0.0,7.03,11.54,0
mushrooms,750,3.11,0.0,0.0,7.56,7.15,0
mushrooms,751,0.96,0.0,0.0,3.01,1.54,0
mushrooms,752,13.16,1.0,0.0,2.84,16.49,1
mushrooms,753,10.96,1.0,0.0,7.23,19.15,1
mushrooms,754,10.41,1.0,0.0,2.3,12.57,1
mushrooms,755,7.14,0.0,0.0,6.23,17.31,0
mushrooms,756,7.02,1.0,0.0,6.5,10.73,0
mushrooms,757,3.2,0.0,0.0,6.42,6.71,1
mushrooms,758,2.06,1.0,0.0,4.61,2.97,1
mushrooms,759,1.08,0.0,0.0,3.2,1.61,0
mushrooms,760,1.07,0.0,0.0,3.07,1.55,0
mushrooms,761,3.13,0.0,0.0,4.49,5.38,1
mushrooms,762,3.8,0.0,0.0,6.29,7.32,0
mushrooms,763,5.75,1.0,0.0,5.23,12.08,1
mushrooms,764,4.05,1.0,0.0,4.87,12.31,1
mushrooms,765,9.08,1.0,0.0,5.22,10.28,0
mushrooms,766,12.51,1.0,0.0,5.81,35.5,0
mushrooms,767,4.02,1.0,0.0,6.15,4.44,0
mushrooms,768,2.78,0.0,0.0,2.82,6.72,0
mushrooms,769,7.33,0.0,0.0,7.63,7.52,0
mushrooms,770,5.8,1.0,0.0,5.21,11.9,1
mushrooms,771,6.75,1.0,0.0,5.12,13.28,1
mushrooms,772,3.92,0.0,0.0,9.42,8.02,0
mushrooms,773,6.37,0.0,1.0,6.87,15.95,1
mushrooms,774,1.62,1.0,0.0,5.18,2.51,1
mushrooms,775,5.83,0.0,0.0,5.37,6.29,0
mushrooms,776,9.3,0.0,0.0,4.81,15.41,1
mushrooms,777,5.01,1.0,0.0,5.66,8.38,1
mushrooms,778,5.94,0.0,0.0,7.0,10.78,1
mushrooms,779,7.66,1.0,0.0,6.07,9.6,1
mushrooms,780,1.17,1.0,0.0,3.12,5.49,0
mushrooms,781,7.07,0.0,0.0,6.4,11.53,1
mushrooms,782,9.16,0.0,0.0,10.88,16.29,0
mushrooms,783,4.62,1.0,0.0,5.88,3.71,1
mushrooms,784,5.54,0.0,0.0,6.01,15.04,1
mushrooms,785,4.32,0.0,0.0,5.87,7.33,0
mushrooms,786,2.46,0.0,0.0,5.38,4.41,1
mushrooms,787,3.47,0.0,0.0,5.13,6.22,0
mushrooms,788,5.64,0.0,0.0,5.12,13.06,1
mushrooms,789,5.17,0.0,0.0,4.92,12.73,0
mushrooms,790,9.92,0.0,0.0,8.05,24.89,1
mushrooms,791,6.44,0.0,0.0,4.79,4.86,1
mushrooms,792,3.05,1.0,0.0,4.05,2.35,1
mushrooms,793,5.66,1.0,0.0,3.84,9.23,1
mushrooms,794,6.98,0.0,0.0,4.7,13.56,0
mushrooms,795,10.92,1.0,0.0,9.47,15.1,1
mushrooms,796,8.8,1.0,0.0,15.88,11.01,1
mushrooms,797,1.61,0.0,0.0,1.77,2.19,0
mushrooms,798,4.45,0.0,0.0,5.86,7.3,0
mushrooms,799,5.67,0.0,0.0,4.07,14.07,0
mushrooms,800,21.66,1.0,1.0,7.43,30.42,0
mushrooms,801,8.81,0.0,0.0,5.12,12.71,1
mushrooms,802,13.38,0.0,0.0,6.91,23.16,1
mushrooms,803,3.12,0.0,0.0,3.47,2.43,0
mushrooms,804,3.36,1.0,0.0,4.1,3.09,0
mushrooms,805,6.54,0.0,1.0,5.84,16.71,0
mushrooms,806,4.62,1.0,0.0,5.47,4.83,0
mushrooms,807,20.66,1.0,0.0,6.3,31.57,0
mushrooms,808,5.53,0.0,1.0,5.86,14.12,1
mushrooms,809,2.1,0.0,0.0,3.04,2.27,0
mushrooms,810,7.6,0.0,0.0,8.01,13.05,1
mushrooms,811,9.03,1.0,0.0,7.75,20.09,0
mushrooms,812,1.17,0.0,0.0,2.94,1.61,0
mushrooms,813,6.23,1.0,0.0,4.97,11.26,0
mushrooms,814,4.29,0.0,0.0,10.79,9.25,0
mushrooms,815,7.41,0.0,0.0,9.96,8.86,0
mushrooms,816,3.4,0.0,0.0,3.41,6.35,1
mushrooms,817,3.97,0.0,0.0,3.84,9.29,1
mushrooms,818,6.14,1.0,0.0,4.2,10.25,1
mushrooms,819,7.41,0.0,0.0,4.71,12.87,1
mushrooms,820,4.4,1.0,0.0,6.69,5.26,0
mushrooms,821,2.24,1.0,0.0,2.51,5.84,0
mushrooms,822,9.03,1.0,1.0,6.31,10.64,0
mushrooms,823,4.37,0.0,0.0,3.23,11.63,0
mushrooms,824,5.56,1.0,0.0,7.57,10.18,1
mushrooms,825,3.36,0.0,0.0,4.39,6.54,1
mushrooms,826,8.64,0.0,0.0,8.32,20.84,1
mushrooms,827,3.11,1.0,1.0,3.7,6.83,0
mushrooms,828,8.07,1.0,0.0,6.96,17.68,0
mushrooms,829,18.56,0.0,1.0,7.48,32.63,0
mushrooms,830,11.24,1.0,0.0,4.66,18.59,1
mushrooms,831,5.8,1.0,0.0,5.93,10.63,0
mushrooms,832,6.15,0.0,1.0,7.39,9.31,0
mushrooms,833,10.75,1.0,0.0,4.9,22.4,1
mushrooms,834,0.99,0.0,0.0,3.67,1.58,0
mushrooms,835,2.58,0.0,0.0,5.86,4.42,1
mushrooms,836,3.0,0.0,0.0,6.61,4.57,1
mushrooms,837,8.99,0.0,0.0,7.44,17.96,1
mushrooms,838,8.4,0.0,0.0,7.82,10.85,1
mushrooms,839,1.66,0.0,0.0,1.75,2.45,0
mushrooms,840,6.66,1.0,0.0,7.11,16.34,1
mushrooms,841,4.67,1.0,0.0,5.97,4.47,0
mushrooms,842,6.91,1.0,1.0,5.22,8.13,0
mushrooms,843,4.79,1.0,0.0,4.99,8.54,1
mushrooms,844,3.78,1.0,0.0,4.45,3.07,0
mushrooms,845,3.16,0.0,0.0,5.06,6.66,0
mushrooms,846,5.76,0.0,0.0,4.28,13.09,0
mushrooms,847,4.48,0.0,0.0,4.72,5.9,0
mushrooms,848,4.25,0.0,0.0,5.44,7.39,0
mushrooms,849,5.31,0.0,0.0,3.86,9.18,1
mushrooms,850,10.05,0.0,0.0,6.48,11.36,1
mushrooms,851,3.01,0.0,0.0,5.24,6.48,0
mushrooms,852,10.4,1.0,0.0,6.78,18.15,0
mushrooms,853,1.55,0.0,0.0,2.24,2.57,0
mushrooms,854,5.78,1.0,0.0,5.69,8.84,1
mushrooms,855,6.91,1.0,0.0,6.6,11.89,0
mushrooms,856,6.52,0.0,0.0,7.63,7.87,0
mushrooms,857,7.53,0.0,0.0,7.42,12.78,1
mushrooms,858,5.94,0.0,0.0,5.57,6.36,0
mushrooms,859,8.79,0.0,0.0,6.89,10.61,1
mushrooms,860,17.73,1.0,1.0,8.07,30.54,0
mushrooms,861,4.21,0.0,0.0,2.84,11.85,0
mushrooms,862,0.92,0.0,0.0,2.83,1.45,0
mushrooms,863,6.4,0.0,0.0,7.46,7.36,0
mushrooms,864,7.18,0.0,1.0,6.36,15.79,0
mushrooms,865,4.27,0.0,0.0,6.9,6.76,0
mushrooms,866,7.17,1.0,0.0,5.75,17.54,0
mushrooms,867,3.56,0.0,0.0,6.05,6.92,1
mushrooms,868,10.54,1.0,0.0,2.48,12.89,1
mushrooms,869,6.1,0.0,0.0,5.76,15.0,1
mushrooms,870,8.33,0.0,0.0,6.46,29.0,1
mushrooms,871,3.73,1.0,0.0,5.91,4.86,1
mushrooms,872,5.9,0.0,0.0,4.77,12.44,0
mushrooms,873,7.25,0.0,0.0,6.96,14.98,1
mushrooms,874,9.67,0.0,0.0,9.07,25.24,0
mushrooms,875,11.27,0.0,0.0,11.92,34.01,0
mushrooms,876,5.64,1.0,0.0,5.97,12.01,0
mushrooms,877,3.98,1.0,0.0,7.32,5.19,0
mushrooms,878,5.07,0.0,0.0,4.97,7.02,0
mushrooms,879,2.73,1.0,0.0,3.16,5.35,1
mushrooms,880,3.44,0.0,0.0,3.36,8.76,0
mushrooms,881,5.51,0.0,0.0,6.14,6.02,1
mushrooms,882,2.43,0.0,0.0,3.51,5.61,1
mushrooms,883,3.84,0.0,0.0,5.49,3.34,1
mushrooms,884,5.83,0.0,0.0,10.1,8.8,0
mushrooms,885,6.95,0.0,0.0,7.64,8.7,0
mushrooms,886,5.55,0.0,0.0,5.02,12.57,1
mushrooms,887,5.63,0.0,0.0,5.0,5.49,1
mushrooms,888,2.99,0.0,0.0,4.27,6.26,0
mushrooms,889,13.33,1.0,0.0,4.64,26.4,0
mushrooms,890,7.75,0.0,0.0,6.1,11.76,1
mushrooms,891,6.64,0.0,1.0,5.87,16.0,0
mushrooms,892,5.56,0.0,0.0,4.84,12.43,1
mushrooms,893,6.53,1.0,0.0,4.32,12.77,1
mushrooms,894,4.03,1.0,0.0,4.95,4.48,0
mushrooms,895,6.92,1.0,0.0,6.15,11.66,0
mushrooms,896,8.01,0.0,0.0,6.43,10.52,1
mushrooms,897,7.68,1.0,0.0,6.45,10.72,1
mushrooms,898,1.4,1.0,0.0,4.07,5.72,0
mushrooms,899,10.43,0.0,0.0,8.8,15.33,1
mushrooms,900,2.83,0.0,0.0,5.6,4.35,1
mushrooms,901,3.45,1.0,0.0,4.46,3.14,0
mushrooms,902,4.85,1.0,0.0,5.01,12.85,1
mushrooms,903,2.93,1.0,1.0,3.63,5.81,0
mushrooms,904,10.07,1.0,0.0,6.94,19.34,1
mushrooms,905,2.63,1.0,0.0,3.63,5.66,1
mushrooms,906,4.45,1.0,0.0,5.35,4.67,0
mushrooms,907,6.28,0.0,0.0,5.55,14.03,1
mushrooms,908,8.37,0.0,0.0,7.22,21.75,1
mushrooms,909,7.29,0.0,0.0,4.6,10.12,0
mushrooms,910,5.4,0.0,0.0,5.03,6.18,1
mushrooms,911,10.84,1.0,0.0,2.55,15.63,1
mushrooms,912,10.42,0.0,0.0,7.85,28.21,0
mushrooms,913,7.97,0.0,0.0,8.67,14.96,1
mushrooms,914,10.06,0.0,0.0,9.13,15.43,1
mushrooms,915,4.51,0.0,0.0,8.05,8.53,1
mushrooms,916,7.75,1.0,0.0,6.07,11.25,0
mushrooms,917,1.75,0.0,0.0,2.17,6.4,1
mushrooms,918,4.4,0.0,0.0,8.13,7.34,0
mushrooms,919,6.52,0.0,0.0,4.43,12.75,1
mushrooms,920,5.94,0.0,0.0,6.02,6.08,1
mushrooms,921,4.12,1.0,0.0,5.26,3.43,1
mushrooms,922,4.04,1.0,0.0,5.3,3.08,0
mushrooms,923,4.42,0.0,0.0,5.62,7.1,0
mushrooms,924,6.9,1.0,0.0,5.72,16.01,0
mushrooms,925,3.2,0.0,0.0,5.88,8.84,0
mushrooms,926,3.41,0.0,0.0,3.4,2.6,0
mushrooms,927,6.42,0.0,1.0,4.09,14.58,0
mushrooms,928,5.97,1.0,0.0,5.26,15.25,0
mushrooms,929,3.0,0.0,0.0,5.19,5.91,1
mushrooms,930,6.91,0.0,0.0,7.05,19.38,1
mushrooms,931,3.03,1.0,0.0,4.26,3.52,0
mushrooms,932,13.11,1.0,0.0,9.69,26.05,1
mushrooms,933,5.32,1.0,0.0,5.27,9.86,0
mushrooms,934,8.94,0.0,0.0,6.42,32.43,1
mushrooms,935,6.73,0.0,0.0,7.0,5.33,1
mushrooms,936,2.09,1.0,0.0,5.1,2.83,1
mushrooms,937,18.44,1.0,0.0,6.61,24.46,1
mushrooms,938,6.87,1.0,0.0,6.04,10.51,1
mushrooms,939,3.62,0.0,0.0,3.54,8.93,1
mushrooms,940,5.82,0.0,0.0,6.12,9.77,1
mushrooms,941,6.04,1.0,0.0,5.85,8.93,0
mushrooms,942,8.35,0.0,0.0,6.65,29.24,1
mushrooms,943,2.14,1.0,0.0,4.87,2.9,1
mushrooms,944,3.18,1.0,0.0,3.69,5.67,1
mushrooms,945,12.1,0.0,1.0,4.92,24.81,0
mushrooms,946,4.28,0.0,0.0,6.18,3.81,1
mushrooms,947,3.25,0.0,0.0,6.0,6.07,1
mushrooms,948,3.5,0.0,0.0,4.39,6.55,1
mushrooms,949,8.58,1.0,0.0,7.19,18.08,0
mushrooms,950,8.31,1.0,0.0,6.33,10.24,1
mushrooms,951,7.27,0.0,0.0,5.34,13.93,0
mushrooms,952,7.38,1.0,0.0,6.83,10.66,0
mushrooms,953,3.07,0.0,0.0,4.01,5.99,1
mushrooms,954,1.17,0.0,0.0,3.57,1.55,0
mushrooms,955,3.84,0.0,0.0,4.62,5.77,1
mushrooms,956,3.84,1.0,0.0,6.27,6.02,1
mushrooms,957,5.12,1.0,0.0,5.34,9.46,1
mushrooms,958,1.96,1.0,0.0,3.98,3.55,0
mushrooms,959,11.67,0.0,1.0,4.68,26.48,0
mushrooms,960,8.83,0.0,0.0,4.88,16.4,1
mushrooms,961,3.58,1.0,0.0,4.67,3.19,0
mushrooms,962,9.38,0.0,0.0,7.55,23.18,1
mushrooms,963,5.68,0.0,0.0,5.75,12.55,1
mushrooms,964,2.81,1.0,0.0,3.53,3.32,0
mushrooms,965,3.23,1.0,0.0,6.64,6.29,1
mushrooms,966,6.17,1.0,0.0,4.13,14.52,1
mushrooms,967,17.14,0.0,1.0,5.32,26.89,0
mushrooms,968,7.31,1.0,0.0,5.91,17.17,0
mushrooms,969,5.68,0.0,0.0,3.29,11.77,0
mushrooms,970,1.54,1.0,0.0,4.62,2.27,1
mushrooms,971,3.15,0.0,0.0,3.93,2.45,0
mushrooms,972,10.61,0.0,1.0,4.85,25.63,0
mushrooms,973,10.77,1.0,0.0,16.51,11.85,1
mushrooms,974,6.31,0.0,1.0,7.74,13.95,1
mushrooms,975,3.98,0.0,0.0,5.38,7.46,1
mushrooms,976,8.72,0.0,0.0,7.76,8.96,1
mushrooms,977,7.46,0.0,1.0,7.04,14.96,1
mushrooms,978,7.42,1.0,0.0,5.73,21.19,1
mushrooms,979,4.31,1.0,0.0,3.58,5.72,1
mushrooms,980,2.63,0.0,0.0,7.13,4.58,1
mushrooms,981,3.91,0.0,0.0,8.29,7.99,0
mushrooms,982,7.7,1.0,0.0,6.73,18.64,0
mushrooms,983,5.58,0.0,0.0,4.38,12.34,1
mushrooms,984,6.67,0.0,0.0,5.17,6.66,0
mushrooms,985,4.4,1.0,0.0,5.79,3.43,1
mushrooms,986,3.39,1.0,1.0,4.52,6.8,0
mushrooms,987,5.78,0.0,0.0,4.94,9.24,0
mushrooms,988,6.18,0.0,1.0,7.99,9.24,0
mushrooms,989,8.05,1.0,0.0,5.49,15.4,0
mushrooms,990,4.42,1.0,0.0,6.36,4.83,0
mushrooms,991,2.77,0.0,0.0,5.62,4.19,1
mushrooms,992,5.61,0.0,1.0,8.25,8.82,0
mushrooms,993,2.73,1.0,0.0,2.79,5.29,1
mushrooms,994,1.46,0.0,0.0,1.61,2.21,0
mushrooms,995,5.02,0.0,0.0,7.61,7.5,0
mushrooms,996,11.32,1.0,0.0,2.56,15.42,1
mushrooms,997,5.62,0.0,0.0,6.33,4.55,1
mushrooms,998,3.92,0.0,0.0,4.33,6.27,0
mushrooms,999,1.32,1.0,0.0,5.03,2.64,1
mushrooms,1000,10.66,1.0,0.0,5.39,21.49,1
mushrooms,1001,15.15,1.0,0.0,2.88,16.86,1
mushrooms,1002,11.03,0.0,1.0,7.49,17.1,0
mushrooms,1003,8.82,1.0,0.0,4.86,16.4,1
mushrooms,1004,13.62,1.0,0.0,4.78,29.96,0
mushrooms,1005,17.72,1.0,0.0,9.3,25.97,1
mushrooms,1006,6.11,1.0,0.0,6.74,13.67,0
mushrooms,1007,11.49,1.0,0.0,5.24,22.78,1
mushrooms,1008,7.45,0.0,0.0,7.33,7.8,0
mushrooms,1009,3.74,1.0,0.0,4.64,3.15,0
mushrooms,1010,3.44,0.0,0.0,6.61,6.86,0
mushrooms,1011,7.25,0.0,0.0,3.99,9.48,0
mushrooms,1012,7.57,0.0,0.0,5.51,17.54,0
mushrooms,1013,2.28,1.0,0.0,2.73,7.12,0
mushrooms,1014,1.4,1.0,0.0,4.74,2.34,1
mushrooms,1015,6.47,0.0,1.0,7.61,15.23,1
mushrooms,1016,4.05,0.0,0.0,8.28,7.18,1
mushrooms,1017,8.3,1.0,0.0,5.19,16.4,1
mushrooms,1018,3.58,0.0,0.0,3.81,6.0,1
mushrooms,1019,6.66,0.0,0.0,4.95,9.68,1
mushrooms,1020,21.05,1.0,1.0,9.0,34.45,0
mushrooms,1021,5.34,0.0,1.0,5.8,14.22,0
mushrooms,1022,10.87,1.0,0.0,7.63,20.34,1
mushrooms,1023,6.52,0.0,1.0,6.91,15.34,1
mushrooms,1024,9.38,1.0,0.0,11.23,14.74,0
mushrooms,1025,7.21,1.0,0.0,7.61,12.56,0
mushrooms,1026,8.07,1.0,0.0,6.68,12.28,0
mushrooms,1027,0.9,0.0,0.0,2.38,1.16,0
mushrooms,1028,16.14,1.0,1.0,6.78,28.97,0
mushrooms,1029,3.5,0.0,0.0,6.93,7.95,0
mushrooms,1030,8.26,1.0,0.0,6.56,17.32,0
mushrooms,1031,10.22,0.0,0.0,10.58,32.64,0
mushrooms,1032,4.72,0.0,0.0,4.24,11.99,1
mushrooms,1033,7.85,0.0,0.0,7.16,9.92,1
mushrooms,1034,9.65,0.0,0.0,10.82,11.57,0
mushrooms,1035,6.79,0.0,0.0,5.22,12.66,1
mushrooms,1036,6.69,0.0,0.0,7.25,7.11,0
mushrooms,1037,1.69,0.0,0.0,2.19,2.57,0
mushrooms,1038,3.37,1.0,0.0,4.31,4.92,1
mushrooms,1039,3.34,1.0,0.0,4.38,3.64,0
mushrooms,1040,3.92,0.0,0.0,8.18,4.75,0
mushrooms,1041,3.9,0.0,0.0,5.47,9.88,1
mushrooms,1042,7.27,1.0,0.0,7.76,16.72,0
mushrooms,1043,8.48,1.0,0.0,6.89,17.19,1
mushrooms,1044,8.26,0.0,0.0,8.01,31.51,1
mushrooms,1045,9.51,0.0,0.0,7.07,9.53,1
mushrooms,1046,11.41,1.0,1.0,6.52,13.36,0
mushrooms,1047,1.07,0.0,0.0,2.46,1.31,0
mushrooms,1048,7.06,1.0,0.0,4.06,9.16,0
mushrooms,1049,1.1,1.0,0.0,2.04,3.26,0
mushrooms,1050,6.19,0.0,0.0,8.36,7.86,0
mushrooms,1051,5.08,1.0,0.0,5.66,4.23,1
mushrooms,1052,4.56,0.0,0.0,8.02,8.91,1
mushrooms,1053,1.02,0.0,0.0,2.8,1.53,0
mushrooms,1054,8.59,1.0,0.0,10.96,14.51,0
mushrooms,1055,2.2,1.0,0.0,3.55,3.66,0
mushrooms,1056,7.2,0.0,0.0,6.05,9.94,1
mushrooms,1057,2.07,0.0,0.0,5.9,4.89,1
mushrooms,1058,1.07,0.0,0.0,2.83,1.69,0
mushrooms,1059,3.28,1.0,1.0,3.64,5.81,0
mushrooms,1060,4.81,0.0,0.0,7.89,7.84,1
mushrooms,1061,5.84,0.0,0.0,5.78,15.55,1
mushrooms,1062,9.92,0.0,0.0,8.04,20.47,1
mushrooms,1063,7.5,0.0,1.0,8.93,17.97,1
mushrooms,1064,5.3,1.0,0.0,5.38,13.74,0
mushrooms,1065,4.85,1.0,0.0,5.26,10.17,1
mushrooms,1066,4.63,0.0,0.0,5.34,6.54,0
mushrooms,1067,6.54,0.0,0.0,5.65,15.08,1
mushrooms,1068,5.9,0.0,1.0,5.29,14.95,0
mushrooms,1069,6.95,0.0,0.0,4.5,12.15,1
mushrooms,1070,10.08,0.0,0.0,10.09,23.98,0
mushrooms,1071,3.72,0.0,0.0,4.12,6.17,1
mushrooms,1072,5.57,1.0,0.0,5.79,12.82,1
mushrooms,1073,3.85,0.0,0.0,6.01,7.82,0
mushrooms,1074,17.36,0.0,0.0,5.42,19.89,1
mushrooms,1075,6.31,0.0,1.0,4.39,14.76,0
mushrooms,1076,4.39,1.0,0.0,5.75,4.74,0
mushrooms,1077,11.84,1.0,0.0,4.78,19.94,1
mushrooms,1078,6.35,0.0,0.0,7.35,6.04,1
mushrooms,1079,10.19,0.0,0.0,9.24,25.5,0
mushrooms,1080,5.17,1.0,0.0,4.83,10.33,1
mushrooms,1081,10.26,0.0,0.0,7.92,10.63,1
mushrooms,1082,8.64,1.0,0.0,7.76,22.06,1
mushrooms,1083,9.34,0.0,0.0,8.39,10.46,1
mushrooms,1084,7.32,0.0,0.0,9.56,10.75,0
mushrooms,1085,5.73,0.0,0.0,7.27,8.94,1
mushrooms,1086,6.29,0.0,0.0,5.89,6.96,0
mushrooms,1087,3.43,0.0,0.0,4.75,4.44,1
mushrooms,1088,18.55,0.0,0.0,7.19,24.94,1
mushrooms,1089,16.93,1.0,1.0,5.87,29.45,0
mushrooms,1090,5.79,0.0,0.0,6.47,17.31,1
mushrooms,1091,1.19,1.0,0.0,3.07,4.74,0
mushrooms,1092,4.91,0.0,0.0,6.68,6.71,0
mushrooms,1093,6.05,1.0,0.0,5.0,10.68,1
mushrooms,1094,6.0,1.0,0.0,5.52,6.01,0
mushrooms,1095,8.61,1.0,0.0,8.41,20.04,1
mushrooms,1096,9.66,0.0,0.0,5.1,19.54,1
mushrooms,1097,4.56,0.0,0.0,7.85,9.25,1
mushrooms,1098,9.98,0.0,0.0,7.69,21.17,1
mushrooms,1099,7.14,1.0,0.0,5.98,16.87,0
mushrooms,1100,8.38,1.0,0.0,7.35,10.36,1
mushrooms,1101,4.02,1.0,0.0,5.14,3.57,0
mushrooms,1102,8.09,0.0,0.0,10.95,17.57,0
mushrooms,1103,5.69,0.0,0.0,5.63,6.09,1
mushrooms,1104,4.25,0.0,0.0,5.54,8.94,0
mushrooms,1105,6.93,1.0,0.0,7.6,17.48,0
mushrooms,1106,5.86,1.0,0.0,6.7,10.04,1
mushrooms,1107,6.03,1.0,0.0,5.07,9.26,0
mushrooms,1108,3.54,1.0,0.0,4.14,4.02,0
mushrooms,1109,5.57,1.0,0.0,5.35,10.43,1
mushrooms,1110,2.41,0.0,0.0,7.06,4.69,1
mushrooms,1111,8.05,0.0,0.0,7.72,20.04,1
mushrooms,1112,11.08,0.0,0.0,8.16,13.08,1
mushrooms,1113,11.3,0.0,0.0,7.37,19.17,1
mushrooms,1114,6.29,0.0,0.0,6.05,9.53,1
mushrooms,1115,7.65,1.0,0.0,6.11,14.46,1
mushrooms,1116,3.91,0.0,0.0,4.34,6.72,1
mushrooms,1117,7.68,0.0,0.0,4.04,8.79,0
mushrooms,1118,6.99,0.0,0.0,5.08,12.51,1
mushrooms,1119,17.88,1.0,1.0,7.33,31.29,0
mushrooms,1120,10.0,0.0,1.0,5.43,15.37,0
mushrooms,1121,6.52,0.0,0.0,6.21,6.89,0
mushrooms,1122,5.74,0.0,0.0,4.21,12.89,0
mushrooms,1123,16.69,1.0,1.0,6.03,25.65,0
mushrooms,1124,3.87,1.0,1.0,4.5,6.95,1
mushrooms,1125,7.23,1.0,0.0,5.35,9.06,1
mushrooms,1126,4.75,0.0,0.0,4.25,12.2,1
mushrooms,1127,6.05,0.0,0.0,3.47,8.55,0
mushrooms,1128,6.76,1.0,0.0,7.61,10.77,1
mushrooms,1129,3.64,0.0,0.0,7.77,7.92,1
mushrooms,1130,4.69,0.0,0.0,2.82,12.02,0
mushrooms,1131,2.46,1.0,0.0,5.55,6.44,1
mushrooms,1132,5.41,1.0,0.0,4.59,9.52,1
mushrooms,1133,6.75,1.0,0.0,6.85,16.96,1
mushrooms,1134,7.11,0.0,0.0,8.2,7.87,0
mushrooms,1135,6.22,1.0,0.0,5.47,10.33,1
mushrooms,1136,4.85,0.0,0.0,7.98,9.2,1
mushrooms,1137,3.26,1.0,0.0,2.97,7.98,0
mushrooms,1138,6.74,0.0,0.0,7.85,9.05,0
mushrooms,1139,7.04,1.0,0.0,6.45,12.33,1
mushrooms,1140,8.83,0.0,0.0,10.8,16.21,0
mushrooms,1141,9.55,0.0,0.0,6.6,33.03,1
mushrooms,1142,3.67,0.0,0.0,3.46,7.92,1
mushrooms,1143,8.37,0.0,0.0,11.07,27.47,0
mushrooms,1144,1.64,0.0,0.0,1.58,2.31,0
mushrooms,1145,7.09,1.0,0.0,6.99,12.26,0
mushrooms,1146,6.35,1.0,0.0,5.36,6.59,0
mushrooms,1147,2.41,0.0,0.0,6.51,5.05,1
mushrooms,1148,7.22,1.0,0.0,3.94,11.86,1
mushrooms,1149,5.42,0.0,0.0,4.9,3.48,1
mushrooms,1150,8.74,0.0,0.0,7.21,20.21,1
mushrooms,1151,2.19,0.0,0.0,5.07,4.14,1
mushrooms,1152,10.08,0.0,0.0,7.43,18.19,1
mushrooms,1153,5.92,0.0,0.0,4.68,15.16,1
mushrooms,1154,7.96,0.0,0.0,6.08,9.45,1
mushrooms,1155,9.47,0.0,0.0,10.92,12.2,0
mushrooms,1156,5.24,1.0,0.0,8.01,6.96,1
mushrooms,1157,4.61,0.0,0.0,5.11,5.13,1
mushrooms,1158,1.43,0.0,0.0,1.99,2.47,0
mushrooms,1159,6.37,0.0,0.0,5.79,10.08,0
mushrooms,1160,5.81,0.0,0.0,3.84,13.55,0
mushrooms,1161,8.58,1.0,0.0,6.47,18.61,0
mushrooms,1162,12.18,1.0,0.0,2.49,16.04,1
mushrooms,1163,5.4,0.0,0.0,5.49,4.98,1
mushrooms,1164,9.29,0.0,0.0,7.93,20.09,1
mushrooms,1165,17.98,0.0,1.0,5.14,26.57,0
mushrooms,1166,14.33,1.0,0.0,2.69,17.86,1
mushrooms,1167,1.6,0.0,0.0,2.3,2.55,0
mushrooms,1168,6.41,0.0,1.0,7.1,8.67,0
mushrooms,1169,10.37,0.0,0.0,8.95,16.18,1
mushrooms,1170,6.88,0.0,0.0,7.76,11.24,1
mushrooms,1171,6.99,0.0,0.0,7.57,10.53,1
mushrooms,1172,1.06,0.0,0.0,3.17,1.56,0
mushrooms,1173,4.9,1.0,0.0,6.97,4.41,1
mushrooms,1174,3.65,0.0,0.0,3.96,7.09,1
mushrooms,1175,11.96,1.0,0.0,9.65,15.85,1
mushrooms,1176,5.73,0.0,1.0,7.28,8.53,0
mushrooms,1177,19.08,1.0,0.0,6.74,37.56,0
mushrooms,1178,5.14,0.0,0.0,5.11,11.29,1
mushrooms,1179,7.17,0.0,0.0,6.04,16.29,1
mushrooms,1180,3.81,0.0,0.0,4.53,6.95,1
mushrooms,1181,3.6,0.0,0.0,5.06,6.73,0
mushrooms,1182,6.91,0.0,1.0,6.15,16.19,0
mushrooms,1183,4.44,0.0,0.0,2.82,11.4,0
mushrooms,1184,14.2,1.0,0.0,2.59,16.93,1
mushrooms,1185,10.67,1.0,1.0,5.54,13.6,0
mushrooms,1186,3.77,0.0,0.0,3.07,11.3,0
mushrooms,1187,8.32,1.0,0.0,5.09,21.01,1
mushrooms,1188,7.44,0.0,0.0,6.11,11.14,1
mushrooms,1189,12.12,1.0,0.0,19.44,12.46,1
mushrooms,1190,10.83,0.0,0.0,6.83,10.56,1
mushrooms,1191,5.71,1.0,0.0,4.64,12.64,1
mushrooms,1192,4.24,0.0,0.0,6.32,8.45,0
mushrooms,1193,11.46,1.0,0.0,26.0,14.28,1
mushrooms,1194,6.18,1.0,0.0,6.91,32.15,1
mushrooms,1195,3.67,0.0,0.0,5.84,5.98,1
mushrooms,1196,3.31,0.0,0.0,3.61,8.92,1
mushrooms,1197,2.21,0.0,0.0,6.09,4.37,1
mushrooms,1198,4.3,0.0,0.0,4.33,6.33,1
mushrooms,1199,11.27,1.0,0.0,5.16,20.15,1
mushrooms,1200,6.11,0.0,0.0,6.43,9.78,1
mushrooms,1201,3.44,0.0,0.0,3.69,8.36,1
mushrooms,1202,4.88,0.0,0.0,4.49,11.49,0
mushrooms,1203,5.0,0.0,0.0,4.94,5.9,1
mushrooms,1204,5.61,1.0,0.0,4.91,5.77,0
mushrooms,1205,2.89,1.0,0.0,3.55,3.39,0
mushrooms,1206,6.38,1.0,0.0,10.55,11.74,0
mushrooms,1207,4.73,0.0,0.0,4.23,7.67,1
mushrooms,1208,2.4,0.0,0.0,5.83,4.85,1
mushrooms,1209,4.62,1.0,0.0,6.44,4.13,1
mushrooms,1210,9.67,1.0,0.0,7.69,19.26,1
mushrooms,1211,5.32,1.0,0.0,5.28,11.8,1
mushrooms,1212,6.33,1.0,0.0,6.14,12.68,1
mushrooms,1213,7.7,1.0,0.0,6.91,19.53,1
mushrooms,1214,5.24,0.0,0.0,5.54,12.42,0
mushrooms,1215,2.95,1.0,1.0,2.81,6.1,0
mushrooms,1216,4.34,1.0,0.0,5.81,4.98,0
mushrooms,1217,6.5,0.0,1.0,6.96,15.2,1
mushrooms,1218,1.57,1.0,0.0,4.82,2.48,1
mushrooms,1219,5.18,0.0,0.0,8.3,9.42,1
mushrooms,1220,11.57,0.0,0.0,8.8,29.88,0
mushrooms,1221,6.69,0.0,0.0,6.31,5.89,1
mushrooms,1222,6.56,0.0,0.0,5.68,11.78,1
mushrooms,1223,6.13,1.0,0.0,13.48,11.15,1
mushrooms,1224,2.37,1.0,0.0,3.82,3.54,0
mushrooms,1225,5.34,0.0,0.0,7.31,4.61,1
mushrooms,1226,6.13,1.0,0.0,7.27,9.93,1
mushrooms,1227,8.44,0.0,0.0,10.49,31.29,0
mushrooms,1228,4.0,0.0,0.0,8.15,4.3,0
mushrooms,1229,2.47,1.0,0.0,3.02,3.44,0
mushrooms,1230,8.11,1.0,0.0,10.58,11.34,0
mushrooms,1231,3.77,1.0,0.0,3.11,4.8,1
mushrooms,1232,5.21,0.0,0.0,5.79,4.77,1
mushrooms,1233,3.3,0.0,0.0,3.68,2.52,0
mushrooms,1234,4.28,0.0,0.0,5.38,5.63,0
mushrooms,1235,7.81,0.0,0.0,9.35,10.93,0
mushrooms,1236,7.81,1.0,0.0,10.87,13.3,0
mushrooms,1237,6.32,0.0,0.0,5.17,10.22,0
mushrooms,1238,3.14,1.0,0.0,4.6,3.02,1
mushrooms,1239,2.48,0.0,0.0,4.99,7.12,0
mushrooms,1240,5.81,1.0,0.0,5.44,10.23,0
mushrooms,1241,7.44,1.0,1.0,7.16,10.14,0
mushrooms,1242,6.79,1.0,0.0,5.8,6.99,0
mushrooms,1243,10.88,0.0,0.0,11.47,16.03,1
mushrooms,1244,6.23,0.0,0.0,4.46,11.69,1
mushrooms,1245,4.7,1.0,0.0,5.47,9.81,0
mushrooms,1246,4.07,0.0,0.0,6.7,8.07,0
mushrooms,1247,6.81,0.0,0.0,6.58,7.08,1
mushrooms,1248,6.31,0.0,0.0,4.75,11.97,1
mushrooms,1249,3.77,0.0,0.0,4.64,7.14,1
mushrooms,1250,4.03,0.0,0.0,6.38,10.77,0
mushrooms,1251,1.18,0.0,0.0,3.36,5.59,0
mushrooms,1252,7.91,0.0,0.0,9.55,10.55,0
mushrooms,1253,4.68,0.0,0.0,5.39,4.0,1
mushrooms,1254,3.16,1.0,1.0,3.48,5.14,1
mushrooms,1255,2.37,1.0,0.0,7.08,3.23,1
mushrooms,1256,6.83,1.0,0.0,5.83,6.41,0
mushrooms,1257,12.0,0.0,1.0,7.23,18.69,0
mushrooms,1258,5.02,1.0,0.0,4.66,9.43,1
mushrooms,1259,4.92,0.0,0.0,2.59,10.64,0
mushrooms,1260,3.82,0.0,0.0,3.89,8.41,1
mushrooms,1261,5.53,0.0,0.0,4.52,12.15,1
mushrooms,1262,3.94,1.0,0.0,5.68,6.36,1
mushrooms,1263,4.16,0.0,0.0,8.65,4.35,0
mushrooms,1264,6.18,0.0,0.0,5.61,10.38,1
mushrooms,1265,4.09,0.0,0.0,4.36,7.01,1
mushrooms,1266,7.28,1.0,0.0,6.25,11.17,0
mushrooms,1267,1.35,0.0,0.0,1.36,2.04,0
mushrooms,1268,5.98,0.0,0.0,5.35,17.54,0
mushrooms,1269,5.34,0.0,0.0,6.27,6.37,1
mushrooms,1270,3.23,1.0,0.0,2.95,6.52,1
mushrooms,1271,6.3,0.0,0.0,5.17,10.02,1
mushrooms,1272,8.56,0.0,0.0,8.04,11.64,1
mushrooms,1273,11.56,0.0,0.0,10.29,31.54,0
mushrooms,1274,10.92,0.0,0.0,11.17,33.45,0
mushrooms,1275,4.46,0.0,0.0,6.0,7.2,0
mushrooms,1276,9.39,1.0,0.0,9.43,10.58,0
mushrooms,1277,8.6,1.0,0.0,7.92,17.55,0
mushrooms,1278,3.77,1.0,0.0,7.46,3.77,0
mushrooms,1279,7.28,1.0,0.0,6.21,12.26,1
mushrooms,1280,3.51,0.0,0.0,6.78,6.8,1
mushrooms,1281,6.81,0.0,0.0,4.62,12.36,1
mushrooms,1282,10.58,1.0,0.0,10.73,12.91,0
mushrooms,1283,8.2,0.0,0.0,5.59,13.36,1
mushrooms,1284,8.96,0.0,0.0,9.66,29.64,0
mushrooms,1285,3.44,1.0,0.0,5.89,6.01,0
mushrooms,1286,8.21,1.0,1.0,6.58,9.78,0
mushrooms,1287,7.46,1.0,1.0,5.43,8.45,0
mushrooms,1288,7.13,1.0,0.0,7.73,20.74,1
mushrooms,1289,8.04,1.0,0.0,6.66,10.37,0
mushrooms,1290,9.86,0.0,0.0,8.19,13.43,1
mushrooms,1291,9.36,1.0,0.0,10.57,14.57,0
mushrooms,1292,6.9,0.0,0.0,4.45,9.27,1
mushrooms,1293,9.93,1.0,0.0,9.59,19.21,0
mushrooms,1294,7.59,0.0,0.0,6.73,10.06,1
mushrooms,1295,5.74,0.0,0.0,7.03,10.68,1
mushrooms,1296,9.46,0.0,0.0,7.28,18.44,1
mushrooms,1297,1.25,0.0,0.0,4.45,2.13,1
mushrooms,1298,10.56,1.0,0.0,2.43,13.76,1
mushrooms,1299,8.01,1.0,0.0,9.32,11.3,0
mushrooms,1300,6.85,1.0,0.0,7.0,19.45,1
mushrooms,1301,12.69,1.0,0.0,10.04,16.46,1
mushrooms,1302,18.27,1.0,0.0,6.4,40.91,0
mushrooms,1303,9.36,0.0,0.0,7.84,36.44,1
mushrooms,1304,3.78,0.0,0.0,4.43,12.07,0
mushrooms,1305,6.78,0.0,0.0,5.7,18.97,1
mushrooms,1306,5.46,0.0,0.0,8.27,9.36,1
mushrooms,1307,9.34,1.0,0.0,10.39,12.13,0
mushrooms,1308,5.6,0.0,0.0,6.42,9.32,1
mushrooms,1309,3.17,0.0,0.0,4.5,6.96,1
mushrooms,1310,3.24,0.0,0.0,3.02,5.98,1
mushrooms,1311,7.38,1.0,0.0,6.47,11.78,0
mushrooms,1312,6.96,0.0,0.0,7.82,7.49,0
mushrooms,1313,7.92,0.0,0.0,4.99,16.69,0
mushrooms,1314,6.56,1.0,0.0,5.0,13.2,1
mushrooms,1315,2.81,1.0,0.0,3.73,3.54,0
mushrooms,1316,10.2,0.0,0.0,6.73,21.37,1
mushrooms,1317,4.67,0.0,0.0,6.79,3.93,1
mushrooms,1318,3.52,1.0,0.0,4.4,3.71,0
mushrooms,1319,6.55,0.0,0.0,5.55,15.09,1
mushrooms,1320,4.3,1.0,0.0,6.51,4.17,1
mushrooms,1321,4.91,1.0,0.0,5.04,13.16,1
mushrooms,1322,4.9,0.0,0.0,4.68,11.64,0
mushrooms,1323,6.86,1.0,0.0,6.46,15.1,1
mushrooms,1324,6.05,1.0,0.0,4.81,13.77,0
mushrooms,1325,1.33,0.0,0.0,3.61,5.57,0
mushrooms,1326,12.34,0.0,1.0,4.62,22.52,0
mushrooms,1327,6.47,0.0,0.0,4.2,11.91,1
mushrooms,1328,7.61,1.0,0.0,6.2,15.8,1
mushrooms,1329,2.62,0.0,0.0,5.05,4.36,1
mushrooms,1330,1.29,0.0,0.0,3.07,5.56,0
mushrooms,1331,1.55,1.0,0.0,5.13,2.43,1
mushrooms,1332,8.84,1.0,0.0,8.32,12.86,1
mushrooms,1333,0.96,0.0,0.0,2.88,1.54,0
mushrooms,1334,5.38,1.0,0.0,7.06,9.38,1
mushrooms,1335,16.45,1.0,0.0,7.78,22.81,1
mushrooms,1336,2.94,1.0,0.0,7.64,3.61,0
mushrooms,1337,6.52,0.0,0.0,5.43,10.06,1
mushrooms,1338,8.32,1.0,0.0,7.69,12.47,1
mushrooms,1339,3.23,0.0,0.0,3.51,5.76,1
mushrooms,1340,4.75,1.0,0.0,6.81,5.61,0
mushrooms,1341,7.38,1.0,0.0,6.77,17.98,0
mushrooms,1342,1.2,1.0,0.0,4.4,6.38,0
mushrooms,1343,1.56,1.0,0.0,4.74,2.37,1
mushrooms,1344,8.03,1.0,1.0,7.54,10.88,0
mushrooms,1345,1.51,0.0,0.0,5.67,2.82,1
mushrooms,1346,2.89,0.0,0.0,5.36,5.88,1
mushrooms,1347,3.76,1.0,0.0,4.82,3.27,0
mushrooms,1348,8.22,0.0,1.0,9.17,14.95,1
mushrooms,1349,4.38,1.0,0.0,4.87,8.4,0
mushrooms,1350,4.5,1.0,0.0,5.49,4.97,1
mushrooms,1351,7.19,0.0,0.0,8.09,7.64,0
mushrooms,1352,8.1,1.0,0.0,6.86,10.89,1
mushrooms,1353,9.24,0.0,0.0,6.64,12.69,1
mushrooms,1354,6.74,1.0,0.0,6.21,9.76,1
mushrooms,1355,7.43,0.0,0.0,6.07,9.14,1
mushrooms,1356,11.59,0.0,0.0,10.67,17.13,1
mushrooms,1357,4.64,0.0,0.0,5.21,6.99,1
mushrooms,1358,15.35,1.0,0.0,6.33,35.54,0
mushrooms,1359,11.9,0.0,0.0,7.64,20.68,1
mushrooms,1360,5.76,0.0,0.0,7.42,7.25,0
mushrooms,1361,5.46,0.0,1.0,5.24,13.82,0
mushrooms,1362,6.86,0.0,0.0,5.35,13.57,1
mushrooms,1363,7.13,1.0,0.0,5.88,18.28,0
mushrooms,1364,10.91,1.0,0.0,22.36,13.27,1
mushrooms,1365,1.51,0.0,0.0,4.87,2.27,1
mushrooms,1366,3.39,1.0,0.0,5.08,3.96,0
mushrooms,1367,1.93,1.0,0.0,3.52,3.51,0
mushrooms,1368,3.92,0.0,0.0,6.16,7.66,0
mushrooms,1369,4.37,1.0,0.0,5.78,4.6,1
mushrooms,1370,5.7,0.0,0.0,4.71,11.66,1
mushrooms,1371,3.87,1.0,0.0,4.97,2.75,0
mushrooms,1372,6.07,1.0,0.0,7.48,11.0,1
mushrooms,1373,3.52,1.0,0.0,5.66,6.35,1
mushrooms,1374,7.32,0.0,0.0,6.55,15.65,1
mushrooms,1375,9.46,0.0,0.0,8.24,9.65,1
mushrooms,1376,6.43,0.0,1.0,7.1,8.75,0
mushrooms,1377,4.74,1.0,0.0,5.99,3.34,1
mushrooms,1378,7.55,0.0,0.0,6.13,14.49,0
mushrooms,1379,7.62,0.0,0.0,11.25,11.62,0
mushrooms,1380,1.23,1.0,0.0,3.13,5.42,0
mushrooms,1381,4.3,0.0,0.0,6.95,3.87,1
mushrooms,1382,7.35,0.0,0.0,5.35,13.38,0
mushrooms,1383,11.89,0.0,0.0,10.19,33.89,0
mushrooms,1384,2.83,0.0,0.0,3.68,2.51,0
mushrooms,1385,5.07,0.0,0.0,7.68,6.79,1
mushrooms,1386,5.69,1.0,0.0,4.64,10.58,1
mushrooms,1387,14.77,1.0,0.0,6.76,37.82,0
mushrooms,1388,2.05,1.0,0.0,6.44,3.56,1
mushrooms,1389,1.19,0.0,0.0,3.24,6.16,0
mushrooms,1390,5.55,0.0,0.0,6.87,5.42,1
mushrooms,1391,2.52,1.0,0.0,4.96,3.42,1
mushrooms,1392,9.45,1.0,0.0,11.02,16.51,0
mushrooms,1393,4.92,0.0,0.0,5.89,7.08,0
mushrooms,1394,3.72,1.0,0.0,5.78,4.34,0
mushrooms,1395,5.42,0.0,0.0,3.57,12.91,0
mushrooms,1396,8.17,1.0,0.0,6.19,10.19,1
mushrooms,1397,10.56,0.0,0.0,7.46,16.68,1
mushrooms,1398,1.19,1.0,0.0,3.02,4.73,0
mushrooms,1399,5.02,0.0,0.0,8.05,10.13,1
mushrooms,1400,4.06,0.0,0.0,7.82,8.02,1
mushrooms,1401,3.1,1.0,0.0,4.92,2.64,0
mushrooms,1402,6.27,1.0,0.0,5.37,6.35,0
mushrooms,1403,5.78,1.0,0.0,6.16,15.47,0
mushrooms,1404,3.95,1.0,0.0,4.08,14.12,1
mushrooms,1405,4.27,0.0,0.0,5.25,6.86,0
mushrooms,1406,7.72,1.0,0.0,4.27,12.73,1
mushrooms,1407,5.49,1.0,0.0,5.51,9.39,1
mushrooms,1408,2.75,0.0,0.0,3.71,8.71,1
mushrooms,1409,7.23,1.0,0.0,6.22,15.54,1
mushrooms,1410,4.46,0.0,0.0,4.67,5.66,0
mushrooms,1411,10.17,0.0,0.0,7.7,22.63,1
mushrooms,1412,3.06,0.0,0.0,5.39,7.66,0
mushrooms,1413,6.21,1.0,0.0,5.65,6.02,0
mushrooms,1414,3.36,0.0,0.0,7.99,4.07,0
mushrooms,1415,1.79,0.0,0.0,2.61,2.7,0
mushrooms,1416,10.51,1.0,0.0,5.43,19.77,1
mushrooms,1417,5.07,0.0,0.0,5.77,10.76,1
mushrooms,1418,4.17,1.0,1.0,4.85,6.27,1
mushrooms,1419,2.41,0.0,0.0,4.08,6.25,1
mushrooms,1420,4.77,0.0,0.0,6.96,6.03,1
mushrooms,1421,8.97,0.0,0.0,6.7,19.19,1
mushrooms,1422,4.24,0.0,0.0,9.1,8.5,0
mushrooms,1423,18.67,1.0,0.0,6.58,38.66,0
mushrooms,1424,7.17,1.0,1.0,5.78,9.15,0
mushrooms,1425,4.36,1.0,0.0,5.39,4.63,0
mushrooms,1426,13.42,1.0,0.0,5.99,20.99,1
mushrooms,1427,7.38,0.0,0.0,7.26,29.31,1
mushrooms,1428,1.87,0.0,0.0,2.02,2.66,0
mushrooms,1429,10.26,1.0,0.0,9.09,19.29,0
mushrooms,1430,6.96,0.0,1.0,5.42,15.62,0
mushrooms,1431,9.02,1.0,0.0,6.94,18.9,1
mushrooms,1432,9.12,0.0,0.0,10.29,11.72,0
mushrooms,1433,10.44,1.0,0.0,5.19,19.32,1
mushrooms,1434,6.73,1.0,0.0,5.1,13.01,1
mushrooms,1435,1.06,0.0,0.0,3.52,1.74,0
mushrooms,1436,8.53,0.0,0.0,8.24,14.45,1
mushrooms,1437,6.85,0.0,0.0,5.73,13.05,1
mushrooms,1438,10.66,0.0,0.0,8.49,33.24,1
mushrooms,1439,17.9,1.0,1.0,7.32,30.27,0
mushrooms,1440,1.22,0.0,0.0,1.21,2.17,0
mushrooms,1441,8.86,0.0,0.0,6.79,18.82,1
mushrooms,1442,7.0,0.0,0.0,5.88,10.16,1
mushrooms,1443,7.74,0.0,0.0,5.84,16.9,0
mushrooms,1444,6.28,0.0,0.0,6.38,5.25,1
mushrooms,1445,8.8,0.0,0.0,5.26,15.16,1
mushrooms,1446,8.08,1.0,1.0,6.55,10.26,0
mushrooms,1447,1.49,0.0,0.0,2.15,2.64,0
mushrooms,1448,1.24,1.0,0.0,4.9,2.4,1
mushrooms,1449,3.99,0.0,0.0,8.18,10.37,1
mushrooms,1450,3.66,1.0,0.0,4.02,2.85,0
mushrooms,1451,8.0,1.0,0.0,4.57,10.11,0
mushrooms,1452,8.07,0.0,0.0,8.72,29.26,0
mushrooms,1453,4.04,0.0,0.0,6.33,9.38,0
mushrooms,1454,8.14,1.0,0.0,7.48,30.66,1
mushrooms,1455,1.46,1.0,0.0,4.7,2.49,1
mushrooms,1456,8.13,0.0,0.0,6.2,16.4,0
mushrooms,1457,5.71,1.0,0.0,7.44,4.67,1
mushrooms,1458,3.59,0.0,0.0,9.51,4.61,0
mushrooms,1459,6.93,1.0,0.0,6.05,16.88,0
mushrooms,1460,1.21,1.0,0.0,3.3,4.5,0
mushrooms,1461,2.74,1.0,0.0,7.8,3.49,1
mushrooms,1462,3.77,0.0,0.0,7.96,4.11,0
mushrooms,1463,4.23,0.0,0.0,5.05,6.55,1
mushrooms,1464,3.03,1.0,0.0,5.82,3.84,1
mushrooms,1465,5.39,0.0,0.0,8.05,9.71,1
mushrooms,1466,0.96,0.0,0.0,2.93,1.52,0
mushrooms,1467,7.25,0.0,0.0,6.36,9.49,1
mushrooms,1468,4.88,0.0,0.0,6.23,7.62,0
mushrooms,1469,7.49,1.0,0.0,3.33,8.21,0
mushrooms,1470,5.81,1.0,0.0,6.4,9.41,1
mushrooms,1471,9.53,1.0,0.0,5.12,21.52,1
mushrooms,1472,7.74,1.0,0.0,7.31,17.04,0
mushrooms,1473,7.2,1.0,0.0,5.13,14.81,0
mushrooms,1474,4.78,1.0,0.0,5.03,4.85,1
mushrooms,1475,2.67,0.0,0.0,3.64,2.46,0
mushrooms,1476,8.34,0.0,0.0,10.85,11.94,0
mushrooms,1477,2.21,1.0,0.0,4.09,3.27,0
mushrooms,1478,8.26,0.0,0.0,4.75,11.06,0
mushrooms,1479,14.62,1.0,0.0,8.95,23.81,1
mushrooms,1480,4.87,1.0,0.0,6.03,5.08,0
mushrooms,1481,3.97,1.0,0.0,5.4,4.27,0
mushrooms,1482,6.26,0.0,0.0,5.02,12.25,1
mushrooms,1483,6.54,1.0,0.0,16.01,11.86,1
mushrooms,1484,5.46,1.0,0.0,4.81,15.04,1
mushrooms,1485,3.34,0.0,0.0,4.46,6.73,1
mushrooms,1486,8.52,0.0,0.0,11.02,15.62,0
mushrooms,1487,6.25,0.0,0.0,5.58,10.14,1
mushrooms,1488,4.76,0.0,0.0,8.16,9.12,1
mushrooms,1489,3.07,0.0,0.0,7.41,5.0,1
mushrooms,1490,3.92,1.0,0.0,4.3,3.16,1
mushrooms,1491,10.68,1.0,0.0,4.93,18.4,1
mushrooms,1492,14.01,1.0,1.0,5.24,25.84,0
mushrooms,1493,4.49,0.0,0.0,6.0,7.61,0
mushrooms,1494,5.46,0.0,0.0,5.37,6.86,0
mushrooms,1495,6.09,0.0,0.0,4.67,10.63,1
mushrooms,1496,6.53,1.0,0.0,6.58,9.12,1
mushrooms,1497,7.46,1.0,0.0,2.16,12.23,1
mushrooms,1498,1.43,0.0,0.0,2.14,2.55,0
mushrooms,1499,7.05,0.0,1.0,4.53,13.65,0
mushrooms,1500,3.34,0.0,0.0,4.63,6.96,0
mushrooms,1501,4.81,0.0,0.0,8.26,8.32,1
mushrooms,1502,5.39,1.0,0.0,3.71,9.26,1
mushrooms,1503,5.47,0.0,0.0,4.51,6.3,1
mushrooms,1504,8.65,1.0,0.0,6.21,13.75,1
mushrooms,1505,5.59,1.0,0.0,7.51,5.86,0
mushrooms,1506,7.46,0.0,0.0,4.29,12.22,1
mushrooms,1507,5.84,1.0,0.0,6.57,8.86,1
mushrooms,1508,5.83,1.0,0.0,5.47,6.61,0
mushrooms,1509,3.46,0.0,0.0,3.64,6.57,1
mushrooms,1510,11.73,1.0,0.0,5.18,20.45,1
mushrooms,1511,7.99,1.0,0.0,5.03,13.34,1
mushrooms,1512,11.24,0.0,0.0,7.97,10.51,1
mushrooms,1513,8.17,0.0,0.0,5.74,9.64,1
mushrooms,1514,7.14,0.0,1.0,5.46,15.48,0
mushrooms,1515,3.57,1.0,0.0,3.74,2.54,0
mushrooms,1516,4.57,0.0,0.0,5.57,7.36,1
mushrooms,1517,7.77,1.0,0.0,4.68,13.89,1
mushrooms,1518,1.66,0.0,0.0,5.34,2.65,1
mushrooms,1519,5.0,0.0,0.0,5.98,7.84,0
mushrooms,1520,11.55,1.0,0.0,17.1,12.04,1
mushrooms,1521,4.39,0.0,0.0,6.58,4.01,1
mushrooms,1522,2.71,0.0,0.0,3.04,2.31,0
mushrooms,1523,7.32,1.0,1.0,6.58,9.0,0
mushrooms,1524,2.78,1.0,0.0,3.3,3.53,0
mushrooms,1525,13.52,0.0,0.0,8.35,25.55,1
mushrooms,1526,4.81,0.0,0.0,5.39,5.79,1
mushrooms,1527,10.27,1.0,1.0,5.63,15.82,0
mushrooms,1528,3.24,0.0,0.0,4.98,7.34,0
mushrooms,1529,6.13,0.0,0.0,5.78,9.74,0
mushrooms,1530,1.4,0.0,0.0,1.85,2.45,0
mushrooms,1531,7.07,0.0,0.0,3.55,8.8,0
mushrooms,1532,4.22,1.0,0.0,6.58,5.64,1
mushrooms,1533,5.05,0.0,0.0,6.95,9.65,1
mushrooms,1534,1.37,1.0,0.0,4.83,2.52,1
mushrooms,1535,8.99,1.0,0.0,2.6,16.21,1
mushrooms,1536,8.36,0.0,0.0,10.18,11.64,0
mushrooms,1537,3.7,1.0,1.0,4.83,6.08,1
mushrooms,1538,3.23,0.0,0.0,2.75,5.89,0
mushrooms,1539,7.21,1.0,0.0,4.5,10.07,0
mushrooms,1540,5.22,0.0,1.0,6.77,9.02,0
mushrooms,1541,5.29,1.0,0.0,5.43,15.82,1
mushrooms,1542,9.54,1.0,0.0,5.07,19.49,1
mushrooms,1543,3.75,0.0,0.0,9.18,7.92,0
mushrooms,1544,4.15,0.0,0.0,5.91,9.8,0
mushrooms,1545,3.69,1.0,0.0,3.3,5.93,1
mushrooms,1546,8.18,1.0,0.0,6.69,12.45,0
mushrooms,1547,4.89,0.0,0.0,5.54,6.92,0
mushrooms,1548,1.48,0.0,0.0,1.49,2.4,0
mushrooms,1549,5.73,1.0,0.0,5.89,6.49,0
mushrooms,1550,10.75,0.0,0.0,7.99,23.72,1
mushrooms,1551,9.99,0.0,0.0,10.94,13.33,0
mushrooms,1552,3.84,1.0,0.0,2.92,6.18,1
mushrooms,1553,3.18,1.0,1.0,4.91,6.35,1
mushrooms,1554,4.11,0.0,0.0,5.38,7.02,0
mushrooms,1555,2.94,1.0,0.0,4.53,3.29,0
mushrooms,1556,3.91,0.0,0.0,6.55,4.43,1
mushrooms,1557,4.63,0.0,0.0,5.33,7.07,0
mushrooms,1558,5.92,0.0,0.0,6.07,11.96,1
mushrooms,1559,4.47,1.0,0.0,5.63,5.16,0
mushrooms,1560,7.48,1.0,0.0,11.31,15.8,0
mushrooms,1561,8.49,1.0,0.0,9.65,10.3,0
mushrooms,1562,6.25,0.0,1.0,7.46,15.85,1
mushrooms,1563,7.83,1.0,0.0,6.82,13.24,1
mushrooms,1564,3.41,1.0,0.0,7.01,5.45,1
mushrooms,1565,5.26,0.0,0.0,5.66,4.59,1
mushrooms,1566,7.85,0.0,0.0,8.78,13.52,1
mushrooms,1567,4.56,0.0,0.0,7.98,8.45,1
mushrooms,1568,9.13,1.0,0.0,4.86,18.78,1
mushrooms,1569,4.7,0.0,0.0,3.26,11.74,0
mushrooms,1570,1.24,1.0,0.0,3.76,5.16,0
mushrooms,1571,1.65,0.0,0.0,4.93,2.55,1
mushrooms,1572,4.37,1.0,0.0,5.6,3.72,0
mushrooms,1573,4.48,0.0,0.0,7.86,9.07,1
mushrooms,1574,7.61,1.0,0.0,7.65,19.4,1
mushrooms,1575,4.46,0.0,0.0,4.31,5.25,0
mushrooms,1576,5.82,1.0,0.0,7.51,9.95,1
mushrooms,1577,4.68,0.0,0.0,6.16,7.51,0
mushrooms,1578,6.54,1.0,0.0,7.05,11.23,1
mushrooms,1579,7.71,1.0,0.0,7.67,16.54,0
mushrooms,1580,7.34,0.0,0.0,6.16,17.03,1
mushrooms,1581,3.41,0.0,0.0,3.17,8.36,1
mushrooms,1582,3.48,0.0,0.0,4.91,6.4,0
mushrooms,1583,3.84,0.0,0.0,5.11,7.45,0
mushrooms,1584,3.34,0.0,0.0,4.5,6.18,1
mushrooms,1585,6.65,1.0,0.0,5.01,15.44,1
mushrooms,1586,4.86,0.0,0.0,3.22,12.24,0
mushrooms,1587,11.67,0.0,0.0,8.04,29.67,1
mushrooms,1588,6.26,1.0,0.0,5.95,18.72,1
mushrooms,1589,13.04,1.0,0.0,6.41,22.97,1
mushrooms,1590,3.24,0.0,0.0,5.75,8.72,0
mushrooms,1591,10.12,0.0,0.0,9.78,11.08,0
mushrooms,1592,4.76,1.0,0.0,6.97,5.63,0
mushrooms,1593,7.22,0.0,0.0,6.3,13.91,1
mushrooms,1594,4.71,0.0,0.0,4.14,5.29,0
mushrooms,1595,10.86,0.0,0.0,9.74,32.93,0
mushrooms,1596,1.68,1.0,0.0,5.01,2.74,1
mushrooms,1597,7.64,0.0,1.0,6.52,16.85,0
mushrooms,1598,5.66,1.0,0.0,4.58,10.89,0
mushrooms,1599,5.12,0.0,0.0,5.92,11.52,1
mushrooms,1600,6.23,1.0,0.0,6.31,10.15,0
mushrooms,1601,5.51,0.0,0.0,3.64,13.39,0
mushrooms,1602,7.8,0.0,1.0,8.52,16.37,1
mushrooms,1603,7.06,0.0,0.0,4.53,9.15,1
mushrooms,1604,19.32,1.0,0.0,6.21,24.09,1
mushrooms,1605,3.33,1.0,0.0,4.24,3.03,0
mushrooms,1606,3.38,1.0,0.0,4.94,3.43,0
mushrooms,1607,8.08,0.0,0.0,9.53,30.72,0
mushrooms,1608,9.36,0.0,0.0,5.13,17.77,1
mushrooms,1609,3.61,1.0,0.0,7.87,3.88,0
mushrooms,1610,6.81,0.0,1.0,8.01,18.31,1
mushrooms,1611,2.9,1.0,0.0,4.09,3.47,0
mushrooms,1612,4.95,0.0,0.0,6.01,14.6,0
mushrooms,1613,4.78,0.0,0.0,6.26,8.65,0
mushrooms,1614,4.24,0.0,0.0,5.99,6.22,1
mushrooms,1615,3.08,0.0,0.0,5.77,3.73,1
mushrooms,1616,4.76,0.0,0.0,5.83,7.9,1
mushrooms,1617,2.94,0.0,0.0,4.0,2.56,0
mushrooms,1618,6.13,0.0,1.0,5.22,15.33,0
mushrooms,1619,10.8,0.0,1.0,6.67,15.14,0
mushrooms,1620,4.75,0.0,0.0,6.02,8.7,0
mushrooms,1621,3.78,1.0,0.0,3.72,7.53,1
mushrooms,1622,6.41,1.0,0.0,6.8,9.9,1
mushrooms,1623,1.63,1.0,0.0,5.33,2.6,1
mushrooms,1624,2.97,0.0,0.0,3.22,2.41,0
mushrooms,1625,3.57,0.0,0.0,6.07,7.45,0
mushrooms,1626,5.55,0.0,0.0,6.16,4.43,1
mushrooms,1627,3.79,0.0,0.0,3.94,5.43,0
mushrooms,1628,1.15,0.0,0.0,3.99,4.71,0
mushrooms,1629,4.61,0.0,0.0,7.63,8.33,1
mushrooms,1630,2.92,0.0,0.0,6.42,4.99,1
mushrooms,1631,8.23,1.0,0.0,5.62,18.07,0
mushrooms,1632,6.3,0.0,0.0,6.64,11.86,1
mushrooms,1633,5.52,0.0,0.0,6.36,10.48,1
mushrooms,1634,11.06,1.0,0.0,8.89,27.04,1
mushrooms,1635,6.14,0.0,0.0,5.73,4.45,1
mushrooms,1636,4.26,1.0,0.0,5.12,5.0,0
mushrooms,1637,8.18,1.0,0.0,7.91,19.0,1
mushrooms,1638,4.43,0.0,0.0,6.39,6.79,0
mushrooms,1639,10.63,0.0,0.0,8.87,16.01,1
mushrooms,1640,6.16,1.0,0.0,3.53,9.13,0
mushrooms,1641,6.48,0.0,1.0,6.65,8.56,0
mushrooms,1642,4.3,0.0,0.0,6.92,8.52,0
mushrooms,1643,3.1,1.0,0.0,3.77,2.81,0
mushrooms,1644,3.48,0.0,0.0,7.35,4.74,1
mushrooms,1645,9.79,0.0,0.0,9.17,29.65,0
mushrooms,1646,6.62,1.0,0.0,6.69,20.19,1
mushrooms,1647,13.86,1.0,0.0,6.0,39.49,0
mushrooms,1648,8.37,0.0,0.0,6.04,9.91,1
mushrooms,1649,7.5,0.0,0.0,6.67,18.15,0
mushrooms,1650,1.49,0.0,0.0,1.94,2.52,0
mushrooms,1651,6.55,0.0,0.0,6.98,6.49,1
mushrooms,1652,3.1,0.0,0.0,2.99,7.84,0
mushrooms,1653,3.99,0.0,0.0,5.24,6.63,0
mushrooms,1654,7.14,0.0,0.0,6.51,16.73,1
mushrooms,1655,4.14,1.0,0.0,8.15,3.77,0
mushrooms,1656,7.82,0.0,0.0,5.27,18.2,1
mushrooms,1657,13.02,0.0,0.0,7.25,23.71,1
mushrooms,1658,6.4,0.0,0.0,5.61,16.09,0
mushrooms,1659,9.88,1.0,0.0,11.16,14.61,0
mushrooms,1660,9.42,0.0,0.0,12.84,11.67,0
mushrooms,1661,11.38,0.0,0.0,7.68,15.18,1
mushrooms,1662,3.95,0.0,0.0,5.46,5.93,0
mushrooms,1663,3.24,1.0,0.0,4.17,3.53,0
mushrooms,1664,1.42,0.0,0.0,5.04,2.34,1
mushrooms,1665,5.14,0.0,0.0,3.65,11.99,0
mushrooms,1666,1.04,0.0,0.0,2.72,1.39,0
mushrooms,1667,6.57,0.0,1.0,7.46,12.56,1
mushrooms,1668,4.96,1.0,0.0,4.37,12.87,1
mushrooms,1669,8.96,0.0,0.0,8.34,14.91,1
mushrooms,1670,3.43,0.0,0.0,4.14,5.56,1
mushrooms,1671,7.31,0.0,0.0,5.43,16.65,0
mushrooms,1672,4.18,0.0,0.0,9.08,8.21,0
mushrooms,1673,6.51,1.0,0.0,6.44,13.33,1
mushrooms,1674,9.14,1.0,0.0,8.89,36.7,1
mushrooms,1675,2.84,0.0,0.0,2.97,10.56,0
mushrooms,1676,3.0,0.0,0.0,6.26,5.75,1
mushrooms,1677,7.19,0.0,0.0,4.7,9.62,1
mushrooms,1678,9.57,0.0,0.0,9.21,28.79,0
mushrooms,1679,3.11,1.0,0.0,7.86,4.11,0
mushrooms,1680,0.98,0.0,0.0,2.85,1.64,0
mushrooms,1681,8.32,0.0,0.0,5.2,18.39,1
mushrooms,1682,6.49,1.0,0.0,4.87,12.94,0
mushrooms,1683,4.95,1.0,0.0,5.23,12.3,1
mushrooms,1684,8.71,1.0,0.0,7.32,22.78,1
mushrooms,1685,8.31,1.0,0.0,7.12,31.31,1
mushrooms,1686,1.71,0.0,0.0,5.41,2.57,1
mushrooms,1687,6.4,1.0,0.0,5.3,9.98,0
mushrooms,1688,1.5,1.0,0.0,3.59,2.81,1
mushrooms,1689,4.09,0.0,0.0,4.72,5.96,0
mushrooms,1690,3.85,1.0,0.0,5.99,4.87,0
mushrooms,1691,5.98,1.0,0.0,4.8,12.98,0
mushrooms,1692,7.26,0.0,1.0,5.63,7.91,0
mushrooms,1693,3.65,1.0,0.0,8.4,4.03,0
mushrooms,1694,1.38,1.0,0.0,4.58,2.15,1
mushrooms,1695,17.44,1.0,1.0,6.6,25.48,0
mushrooms,1696,9.71,0.0,0.0,11.49,11.06,0
mushrooms,1697,3.37,0.0,0.0,8.07,4.0,0
mushrooms,1698,15.24,0.0,0.0,8.43,21.62,1
mushrooms,1699,7.55,0.0,1.0,6.64,14.51,0
mushrooms,1700,5.19,0.0,0.0,5.61,9.55,1
mushrooms,1701,3.78,0.0,0.0,7.62,3.88,0
mushrooms,1702,9.23,0.0,0.0,7.88,12.4,1
mushrooms,1703,7.92,0.0,0.0,6.83,9.45,1
mushrooms,1704,6.46,0.0,0.0,6.47,5.16,1
mushrooms,1705,10.05,0.0,0.0,10.39,11.2,0
mushrooms,1706,4.54,0.0,0.0,4.88,6.19,0
mushrooms,1707,2.18,0.0,0.0,5.73,4.72,1
mushrooms,1708,7.83,1.0,0.0,6.39,17.11,0
mushrooms,1709,8.83,0.0,0.0,9.36,10.2,0
mushrooms,1710,4.49,1.0,0.0,4.87,4.99,0
mushrooms,1711,7.32,0.0,0.0,6.24,11.11,1
mushrooms,1712,6.0,0.0,0.0,4.22,9.71,0
mushrooms,1713,6.36,0.0,0.0,5.19,12.17,1
mushrooms,1714,3.4,0.0,0.0,3.98,10.25,1
mushrooms,1715,4.04,0.0,0.0,4.99,6.13,0
mushrooms,1716,6.92,1.0,0.0,7.95,11.17,1
mushrooms,1717,2.64,0.0,0.0,7.67,3.95,0
mushrooms,1718,6.59,0.0,1.0,5.16,15.05,0
mushrooms,1719,18.05,1.0,0.0,8.05,23.9,1
mushrooms,1720,5.33,0.0,0.0,6.45,3.73,1
mushrooms,1721,6.07,0.0,1.0,6.28,8.05,0
mushrooms,1722,5.77,0.0,0.0,6.51,6.26,1
mushrooms,1723,4.06,0.0,0.0,6.61,3.95,1
mushrooms,1724,14.41,1.0,0.0,9.96,29.01,1
mushrooms,1725,4.61,0.0,0.0,8.33,5.89,1
mushrooms,1726,9.41,1.0,0.0,4.77,18.96,1
mushrooms,1727,11.25,1.0,1.0,5.75,16.43,0
mushrooms,1728,8.49,1.0,0.0,19.88,13.07,1
mushrooms,1729,7.62,1.0,0.0,6.78,12.45,0
mushrooms,1730,9.9,0.0,0.0,7.76,13.44,1
mushrooms,1731,8.67,1.0,0.0,10.43,14.54,0
mushrooms,1732,1.51,0.0,0.0,1.74,2.4,0
mushrooms,1733,8.85,0.0,1.0,8.23,9.1,0
mushrooms,1734,5.37,1.0,0.0,4.73,12.53,1
mushrooms,1735,8.19,1.0,0.0,5.69,17.01,0
mushrooms,1736,3.24,1.0,0.0,4.91,2.87,0
mushrooms,1737,15.88,1.0,0.0,7.05,40.61,0
mushrooms,1738,3.66,1.0,0.0,6.45,2.89,1
mushrooms,1739,11.44,1.0,1.0,4.91,14.16,0
mushrooms,1740,2.82,1.0,1.0,4.04,5.77,1
mushrooms,1741,15.29,1.0,0.0,2.55,17.63,1
mushrooms,1742,6.86,1.0,0.0,7.47,19.88,0
mushrooms,1743,5.61,1.0,0.0,5.81,17.19,0
mushrooms,1744,4.72,1.0,0.0,4.73,3.08,1
mushrooms,1745,7.47,0.0,1.0,6.97,15.64,1
mushrooms,1746,4.14,1.0,0.0,7.5,5.37,1
mushrooms,1747,4.57,0.0,0.0,6.1,3.72,1
mushrooms,1748,7.61,1.0,0.0,5.69,10.32,1
mushrooms,1749,6.48,0.0,0.0,4.93,16.85,0
mushrooms,1750,3.05,0.0,0.0,2.8,7.96,0
mushrooms,1751,5.54,1.0,0.0,4.76,14.47,1
mushrooms,1752,3.1,0.0,0.0,6.72,6.4,1
mushrooms,1753,4.19,0.0,0.0,5.46,7.26,0
mushrooms,1754,4.39,0.0,1.0,4.09,11.42,0
mushrooms,1755,3.15,1.0,0.0,3.27,6.56,0
mushrooms,1756,7.55,0.0,0.0,7.12,18.84,1
mushrooms,1757,7.91,0.0,0.0,8.18,16.02,1
mushrooms,1758,15.33,0.0,1.0,5.3,25.28,0
mushrooms,1759,2.82,0.0,0.0,3.73,7.37,1
mushrooms,1760,5.87,0.0,0.0,4.78,13.4,0
mushrooms,1761,8.55,1.0,0.0,2.17,11.75,1
mushrooms,1762,7.34,1.0,0.0,4.67,15.87,0
mushrooms,1763,16.7,0.0,0.0,9.54,26.25,1
mushrooms,1764,5.47,0.0,0.0,3.68,11.24,1
mushrooms,1765,14.71,1.0,0.0,5.11,26.64,0
mushrooms,1766,8.9,0.0,0.0,5.64,12.55,1
mushrooms,1767,8.23,1.0,0.0,6.55,15.94,0
mushrooms,1768,6.73,0.0,0.0,5.57,14.32,1
mushrooms,1769,7.21,1.0,0.0,5.81,9.39,1
mushrooms,1770,4.43,0.0,1.0,3.96,9.99,0
mushrooms,1771,5.76,0.0,1.0,5.78,17.68,0
mushrooms,1772,4.12,0.0,0.0,7.82,9.47,1
mushrooms,1773,17.65,1.0,0.0,7.08,22.79,1
mushrooms,1774,4.37,1.0,0.0,8.44,6.77,1
mushrooms,1775,9.5,1.0,0.0,10.27,12.83,0
mushrooms,1776,7.07,1.0,0.0,5.17,12.2,1
mushrooms,1777,2.85,1.0,0.0,3.76,2.62,0
mushrooms,1778,9.18,0.0,0.0,8.1,13.86,1
mushrooms,1779,2.61,1.0,1.0,2.67,5.28,0
mushrooms,1780,10.68,0.0,1.0,4.63,22.94,0
mushrooms,1781,6.1,0.0,0.0,5.61,12.74,1
mushrooms,1782,1.56,0.0,0.0,2.2,2.56,0
mushrooms,1783,5.88,1.0,0.0,7.36,10.63,1
mushrooms,1784,3.84,0.0,0.0,4.42,5.15,0
mushrooms,1785,0.91,0.0,0.0,2.94,1.23,0
mushrooms,1786,7.36,0.0,0.0,8.3,11.32,1
mushrooms,1787,7.22,0.0,1.0,8.09,15.02,1
mushrooms,1788,1.09,0.0,0.0,3.14,1.57,0
mushrooms,1789,7.83,0.0,0.0,6.96,11.78,1
mushrooms,1790,3.52,1.0,1.0,4.15,6.06,1
mushrooms,1791,3.48,1.0,1.0,4.1,6.01,1
mushrooms,1792,6.77,0.0,1.0,6.9,10.89,0
mushrooms,1793,19.23,0.0,1.0,8.25,29.82,0
mushrooms,1794,10.68,1.0,0.0,6.93,19.31,1
mushrooms,1795,1.17,1.0,0.0,3.15,5.36,0
mushrooms,1796,4.38,0.0,0.0,5.16,6.27,0
mushrooms,1797,4.49,1.0,0.0,4.75,4.41,0
mushrooms,1798,5.3,0.0,0.0,10.66,13.61,0
mushrooms,1799,5.16,1.0,0.0,6.23,5.26,0
mushrooms,1800,10.7,0.0,0.0,11.9,34.29,0
mushrooms,1801,9.3,1.0,0.0,6.87,20.92,1
mushrooms,1802,7.35,0.0,0.0,6.32,16.43,1
mushrooms,1803,5.49,0.0,1.0,5.86,13.85,0
mushrooms,1804,9.79,0.0,0.0,13.03,11.95,0
mushrooms,1805,13.39,0.0,1.0,4.94,25.44,0
mushrooms,1806,3.03,1.0,0.0,3.84,2.68,0
mushrooms,1807,6.64,0.0,0.0,4.9,10.02,0
mushrooms,1808,9.84,1.0,0.0,2.33,13.88,1
mushrooms,1809,7.52,0.0,0.0,6.04,16.84,0
mushrooms,1810,11.19,1.0,0.0,8.24,34.87,1
mushrooms,1811,9.17,1.0,0.0,2.25,11.25,1
mushrooms,1812,4.39,0.0,0.0,5.69,3.67,1
mushrooms,1813,7.13,0.0,0.0,4.76,13.29,0
mushrooms,1814,9.08,1.0,0.0,5.08,19.75,1
mushrooms,1815,8.06,1.0,1.0,6.25,9.46,0
mushrooms,1816,7.91,0.0,0.0,7.91,29.16,1
mushrooms,1817,6.86,1.0,0.0,6.24,12.38,0
mushrooms,1818,3.72,0.0,0.0,4.61,6.78,1
mushrooms,1819,5.94,0.0,0.0,5.23,8.75,0
mushrooms,1820,12.37,0.0,0.0,9.35,26.14,0
mushrooms,1821,8.51,1.0,0.0,6.85,20.1,1
mushrooms,1822,5.04,0.0,0.0,5.19,10.03,1
mushrooms,1823,8.52,1.0,0.0,7.36,16.4,0
mushrooms,1824,4.41,0.0,0.0,8.13,7.88,0
mushrooms,1825,10.85,1.0,0.0,10.07,24.77,0
mushrooms,1826,9.36,1.0,0.0,7.23,32.45,1
mushrooms,1827,11.86,0.0,0.0,11.05,36.26,0
mushrooms,1828,6.89,1.0,0.0,5.99,16.1,0
mushrooms,1829,7.86,1.0,0.0,5.86,9.52,1
mushrooms,1830,1.19,0.0,0.0,3.39,5.67,0
mushrooms,1831,9.61,0.0,0.0,6.5,20.31,1
mushrooms,1832,8.85,1.0,1.0,4.16,21.65,0
mushrooms,1833,3.69,1.0,0.0,6.09,3.74,1
mushrooms,1834,1.04,0.0,0.0,2.88,1.33,0
mushrooms,1835,5.23,1.0,0.0,4.86,8.82,1
mushrooms,1836,3.06,1.0,1.0,3.25,5.43,0
mushrooms,1837,9.03,1.0,0.0,6.46,18.23,0
mushrooms,1838,6.14,1.0,0.0,5.5,9.72,1
mushrooms,1839,4.57,1.0,0.0,4.31,14.75,0
mushrooms,1840,8.8,0.0,0.0,8.36,22.82,1
mushrooms,1841,6.71,1.0,0.0,5.94,10.44,0
mushrooms,1842,11.91,0.0,0.0,7.52,19.29,1
mushrooms,1843,2.89,1.0,1.0,3.31,5.73,0
mushrooms,1844,9.33,0.0,0.0,7.98,20.79,1
mushrooms,1845,5.04,0.0,0.0,5.39,5.52,1
mushrooms,1846,4.21,0.0,0.0,5.98,9.03,1
mushrooms,1847,9.48,1.0,0.0,4.91,20.81,1
mushrooms,1848,8.27,1.0,0.0,9.78,11.69,0
mushrooms,1849,3.44,0.0,0.0,3.36,7.45,1
mushrooms,1850,0.92,0.0,0.0,2.85,1.49,0
mushrooms,1851,4.36,0.0,0.0,3.31,13.45,0
mushrooms,1852,9.5,0.0,0.0,8.47,13.27,1
mushrooms,1853,7.0,1.0,0.0,4.6,16.04,1
mushrooms,1854,4.92,0.0,1.0,5.74,8.18,0
mushrooms,1855,10.03,0.0,0.0,13.15,33.35,0
mushrooms,1856,6.53,0.0,0.0,5.84,9.15,0
mushrooms,1857,2.14,1.0,0.0,5.93,3.85,1
mushrooms,1858,6.74,0.0,0.0,7.29,7.1,0
mushrooms,1859,6.74,0.0,0.0,6.57,15.91,1
mushrooms,1860,6.35,0.0,0.0,4.7,8.86,1
mushrooms,1861,5.82,0.0,1.0,5.25,14.71,0
mushrooms,1862,4.04,0.0,0.0,9.54,7.78,0
mushrooms,1863,3.04,0.0,0.0,2.31,6.79,0
mushrooms,1864,11.92,0.0,1.0,5.26,25.81,0
mushrooms,1865,4.43,0.0,0.0,4.78,4.95,1
mushrooms,1866,11.22,1.0,0.0,2.44,14.02,1
mushrooms,1867,9.91,0.0,0.0,8.03,26.3,1
mushrooms,1868,6.75,0.0,0.0,5.04,9.97,0
mushrooms,1869,10.0,1.0,0.0,2.54,15.53,1
mushrooms,1870,7.07,0.0,0.0,6.59,4.82,1
mushrooms,1871,4.91,0.0,0.0,4.83,6.77,0
mushrooms,1872,7.34,0.0,0.0,6.54,13.68,1
mushrooms,1873,5.03,1.0,0.0,6.54,5.63,1
mushrooms,1874,8.57,1.0,0.0,5.66,23.3,1
mushrooms,1875,2.98,0.0,0.0,7.24,3.85,0
mushrooms,1876,4.03,1.0,0.0,6.77,3.8,1
mushrooms,1877,2.98,1.0,0.0,3.65,3.53,0
mushrooms,1878,8.1,1.0,0.0,7.16,29.57,1
mushrooms,1879,3.01,1.0,1.0,3.46,6.2,0
mushrooms,1880,4.57,1.0,0.0,6.69,4.8,0
mushrooms,1881,3.04,0.0,0.0,2.69,8.21,0
mushrooms,1882,9.22,1.0,0.0,10.61,12.83,0
mushrooms,1883,3.83,0.0,0.0,4.77,6.69,1
mushrooms,1884,9.27,0.0,0.0,5.62,15.48,1
mushrooms,1885,4.43,0.0,0.0,5.64,11.49,1
mushrooms,1886,2.84,0.0,0.0,5.52,9.56,0
mushrooms,1887,9.58,0.0,0.0,12.09,32.36,0
mushrooms,1888,2.79,0.0,0.0,3.79,2.39,0
mushrooms,1889,4.99,0.0,0.0,8.85,11.86,1
mushrooms,1890,4.05,1.0,1.0,4.84,6.02,1
mushrooms,1891,2.93,0.0,0.0,3.86,6.01,1
mushrooms,1892,10.78,1.0,0.0,9.66,10.08,0
mushrooms,1893,7.34,0.0,0.0,7.97,22.62,1
mushrooms,1894,3.39,1.0,0.0,6.92,7.05,0
mushrooms,1895,5.43,0.0,0.0,5.07,12.85,0
mushrooms,1896,6.38,1.0,0.0,5.17,10.29,1
mushrooms,1897,6.26,1.0,0.0,5.21,13.62,1
mushrooms,1898,5.21,0.0,0.0,5.46,12.14,1
mushrooms,1899,3.06,1.0,0.0,4.28,2.73,0
mushrooms,1900,5.33,0.0,0.0,7.57,10.25,1
mushrooms,1901,4.07,0.0,0.0,4.76,5.52,0
mushrooms,1902,5.03,0.0,0.0,8.3,9.34,1
mushrooms,1903,17.37,1.0,1.0,6.81,30.22,0
mushrooms,1904,3.0,1.0,0.0,2.85,7.86,0
mushrooms,1905,8.61,0.0,0.0,6.53,12.12,1
mushrooms,1906,6.49,1.0,1.0,5.49,7.99,0
mushrooms,1907,6.21,0.0,0.0,6.05,4.83,1
mushrooms,1908,11.75,0.0,0.0,10.38,30.73,0
mushrooms,1909,10.66,1.0,0.0,9.03,13.9,1
mushrooms,1910,8.78,0.0,0.0,11.22,10.9,0
mushrooms,1911,3.47,1.0,0.0,6.63,6.81,1
mushrooms,1912,4.52,1.0,0.0,5.42,11.65,1
mushrooms,1913,5.08,0.0,0.0,7.59,4.77,1
mushrooms,1914,12.82,1.0,0.0,2.54,15.7,1
mushrooms,1915,4.66,0.0,0.0,4.73,9.93,1
mushrooms,1916,11.07,0.0,0.0,8.95,26.44,0
mushrooms,1917,3.68,0.0,0.0,7.43,3.95,0
mushrooms,1918,8.12,0.0,0.0,6.1,10.86,0
mushrooms,1919,7.29,0.0,0.0,4.02,10.11,0
mushrooms,1920,7.04,0.0,0.0,10.62,13.9,0
mushrooms,1921,3.22,1.0,1.0,3.76,6.23,0
mushrooms,1922,14.08,0.0,1.0,5.19,25.77,0
mushrooms,1923,7.72,1.0,0.0,6.75,19.35,1
mushrooms,1924,7.92,0.0,0.0,5.65,17.13,0
mushrooms,1925,14.79,0.0,1.0,6.5,26.51,0
mushrooms,1926,7.5,0.0,1.0,6.91,15.75,0
mushrooms,1927,6.96,0.0,0.0,6.37,10.48,1
mushrooms,1928,4.19,0.0,0.0,7.81,8.97,1
mushrooms,1929,8.14,0.0,0.0,4.79,10.54,0
mushrooms,1930,4.49,0.0,0.0,6.91,5.41,1
mushrooms,1931,3.45,1.0,0.0,3.75,2.81,0
mushrooms,1932,12.86,1.0,0.0,2.65,15.5,1
mushrooms,1933,5.43,1.0,0.0,10.37,6.9,1
mushrooms,1934,3.5,0.0,0.0,3.7,6.88,1
mushrooms,1935,4.43,1.0,0.0,6.76,5.4,1
mushrooms,1936,8.35,1.0,0.0,6.36,18.47,0
mushrooms,1937,8.91,0.0,0.0,6.39,18.71,1
mushrooms,1938,7.68,1.0,0.0,6.8,11.25,0
mushrooms,1939,1.26,1.0,0.0,4.77,2.35,1
mushrooms,1940,6.81,0.0,0.0,5.18,16.56,0
mushrooms,1941,3.85,1.0,0.0,4.64,3.32,0
mushrooms,1942,3.4,1.0,1.0,3.49,6.55,0
mushrooms,1943,4.95,1.0,0.0,5.54,16.48,0
mushrooms,1944,6.39,0.0,0.0,5.34,9.94,1
mushrooms,1945,7.36,0.0,0.0,5.48,6.76,0
mushrooms,1946,10.58,0.0,0.0,8.33,13.92,1
mushrooms,1947,9.35,1.0,0.0,8.3,14.62,1
mushrooms,1948,6.26,1.0,0.0,4.8,9.75,0
mushrooms,1949,9.16,1.0,0.0,8.44,35.62,1
mushrooms,1950,6.71,1.0,0.0,6.29,14.21,0
mushrooms,1951,3.09,0.0,0.0,4.25,5.97,1
mushrooms,1952,6.75,0.0,0.0,7.17,7.63,0
mushrooms,1953,4.93,1.0,0.0,5.65,4.26,1
mushrooms,1954,8.83,1.0,0.0,6.01,16.64,0
mushrooms,1955,21.29,0.0,1.0,8.16,33.86,0
mushrooms,1956,2.22,1.0,0.0,5.57,3.87,1
mushrooms,1957,2.86,1.0,1.0,3.2,6.11,0
mushrooms,1958,4.64,0.0,0.0,8.37,6.52,1
mushrooms,1959,3.82,0.0,0.0,6.34,4.1,1
mushrooms,1960,7.25,0.0,0.0,6.04,11.81,1
mushrooms,1961,2.5,0.0,0.0,6.29,5.05,1
mushrooms,1962,3.78,1.0,0.0,3.93,3.57,0
mushrooms,1963,6.96,0.0,1.0,7.0,15.15,1
mushrooms,1964,8.24,0.0,0.0,7.3,16.0,1
mushrooms,1965,4.29,1.0,0.0,6.65,4.79,0
mushrooms,1966,8.42,1.0,0.0,6.73,18.07,1
mushrooms,1967,4.21,0.0,0.0,7.99,8.33,1
mushrooms,1968,17.62,1.0,1.0,5.45,28.56,0
mushrooms,1969,8.08,0.0,0.0,6.77,16.12,0
mushrooms,1970,4.07,1.0,0.0,5.7,4.55,0
mushrooms,1971,1.5,0.0,0.0,2.62,2.7,0
mushrooms,1972,6.07,1.0,0.0,3.87,11.77,1
mushrooms,1973,6.87,0.0,0.0,4.15,11.71,1
mushrooms,1974,5.78,0.0,0.0,3.89,12.16,1
mushrooms,1975,13.25,0.0,0.0,9.0,20.79,1
mushrooms,1976,7.42,0.0,1.0,8.07,15.86,1
mushrooms,1977,3.32,0.0,0.0,3.89,2.56,0
mushrooms,1978,11.09,1.0,0.0,4.69,19.27,1
mushrooms,1979,2.74,0.0,0.0,4.81,6.91,1
mushrooms,1980,10.01,0.0,0.0,7.18,10.1,1
mushrooms,1981,11.39,0.0,0.0,10.67,29.78,0
mushrooms,1982,1.8,0.0,0.0,6.06,4.22,1
mushrooms,1983,6.27,0.0,0.0,6.16,11.81,0
mushrooms,1984,4.52,0.0,0.0,5.68,6.96,0
mushrooms,1985,8.1,1.0,0.0,6.26,19.05,1
mushrooms,1986,12.38,0.0,0.0,7.99,22.43,1
mushrooms,1987,12.91,1.0,1.0,7.77,19.77,0
mushrooms,1988,3.8,1.0,0.0,3.76,2.93,0
mushrooms,1989,8.53,1.0,0.0,6.41,14.32,0
mushrooms,1990,6.33,1.0,0.0,6.67,9.84,1
mushrooms,1991,4.18,0.0,0.0,3.33,3.86,1
mushrooms,1992,3.13,0.0,0.0,4.77,6.67,1
mushrooms,1993,3.28,0.0,0.0,4.6,9.36,0
mushrooms,1994,12.47,0.0,0.0,8.76,26.97,1
mushrooms,1995,1.38,0.0,0.0,4.48,2.41,1
mushrooms,1996,5.73,1.0,0.0,6.14,12.9,0
mushrooms,1997,10.71,0.0,0.0,6.61,20.41,1
mushrooms,1998,6.8,0.0,0.0,6.06,20.44,1
mushrooms,1999,7.09,0.0,0.0,4.84,16.99,0
mushrooms,2000,3.61,1.0,0.0,4.05,3.76,0
mushrooms,2001,8.76,0.0,0.0,11.03,11.93,0
mushrooms,2002,4.1,0.0,0.0,6.37,7.7,0
mushrooms,2003,8.3,0.0,0.0,6.29,9.08,1
mushrooms,2004,6.75,1.0,0.0,7.15,10.48,1
mushrooms,2005,7.82,1.0,1.0,6.52,8.79,0
mushrooms,2006,4.48,0.0,0.0,6.33,4.4,1
mushrooms,2007,4.4,0.0,0.0,8.06,10.11,1
mushrooms,2008,4.94,1.0,0.0,6.29,5.35,0
mushrooms,2009,6.32,1.0,0.0,6.47,8.26,1
mushrooms,2010,5.04,0.0,0.0,2.97,12.35,0
mushrooms,2011,6.26,0.0,0.0,3.76,12.71,0
mushrooms,2012,4.14,0.0,0.0,8.38,4.3,0
mushrooms,2013,6.38,1.0,0.0,6.17,10.15,0
mushrooms,2014,9.44,0.0,0.0,8.29,10.73,1
mushrooms,2015,7.72,1.0,0.0,6.18,10.08,1
mushrooms,2016,15.68,1.0,0.0,6.16,33.83,0
mushrooms,2017,3.54,0.0,0.0,6.64,8.57,0
mushrooms,2018,3.17,0.0,0.0,3.8,9.39,1
mushrooms,2019,1.8,1.0,0.0,5.61,2.73,1
mushrooms,2020,9.0,0.0,0.0,12.42,11.99,0
mushrooms,2021,7.08,1.0,0.0,5.33,17.33,0
mushrooms,2022,3.29,1.0,0.0,3.62,4.01,1
mushrooms,2023,3.35,1.0,0.0,5.29,5.08,0
mushrooms,2024,3.71,1.0,0.0,5.79,4.24,0
mushrooms,2025,1.65,0.0,0.0,4.98,2.59,1
mushrooms,2026,1.31,0.0,0.0,4.0,5.94,0
mushrooms,2027,4.62,1.0,0.0,5.62,5.5,1
mushrooms,2028,8.07,1.0,0.0,6.16,11.43,1
mushrooms,2029,3.57,1.0,0.0,4.26,3.47,0
mushrooms,2030,7.57,1.0,0.0,7.31,15.04,0
mushrooms,2031,8.26,1.0,0.0,5.01,15.26,1
mushrooms,2032,6.88,1.0,0.0,4.07,9.85,0
mushrooms,2033,6.86,1.0,0.0,3.87,14.41,1
mushrooms,2034,6.2,1.0,0.0,6.52,13.78,0
mushrooms,2035,4.33,0.0,0.0,8.29,9.54,1
mushrooms,2036,6.04,0.0,0.0,5.81,5.27,1
mushrooms,2037,8.57,1.0,0.0,7.56,13.05,0
mushrooms,2038,1.31,1.0,0.0,4.08,5.71,0
mushrooms,2039,1.26,0.0,0.0,1.98,2.52,0
mushrooms,2040,8.41,1.0,0.0,6.21,11.34,1
mushrooms,2041,4.5,0.0,0.0,4.75,9.71,0
mushrooms,2042,3.93,0.0,0.0,5.32,7.09,1
mushrooms,2043,7.32,1.0,0.0,5.16,13.3,1
mushrooms,2044,8.96,1.0,0.0,6.68,11.14,1
mushrooms,2045,10.53,0.0,0.0,7.3,10.99,1
mushrooms,2046,9.44,0.0,0.0,8.25,13.32,1
mushrooms,2047,13.86,1.0,0.0,9.94,16.44,1
mushrooms,2048,3.13,0.0,0.0,6.25,7.34,1
mushrooms,2049,2.06,1.0,0.0,3.77,3.6,0
mushrooms,2050,3.37,1.0,0.0,6.86,3.75,0
mushrooms,2051,2.34,1.0,0.0,4.1,3.2,0
mushrooms,2052,1.65,0.0,0.0,1.98,2.53,0
mushrooms,2053,8.43,0.0,0.0,6.58,19.72,1
mushrooms,2054,6.93,1.0,0.0,6.03,15.51,1
mushrooms,2055,6.6,1.0,0.0,5.76,10.63,0
mushrooms,2056,7.35,0.0,0.0,4.74,14.75,1
mushrooms,2057,3.36,0.0,0.0,3.43,2.42,0
mushrooms,2058,3.48,1.0,0.0,7.21,3.63,0
mushrooms,2059,5.06,0.0,0.0,4.43,6.88,0
mushrooms,2060,4.72,0.0,0.0,5.12,4.54,1
mushrooms,2061,3.31,1.0,0.0,3.51,9.34,0
mushrooms,2062,8.6,1.0,0.0,8.09,17.94,0
mushrooms,2063,2.86,1.0,0.0,5.91,6.66,1
mushrooms,2064,9.14,0.0,0.0,12.89,12.77,0
mushrooms,2065,10.2,1.0,0.0,7.97,23.91,1
mushrooms,2066,4.16,0.0,0.0,5.68,6.07,0
mushrooms,2067,5.56,1.0,1.0,5.15,8.17,0
mushrooms,2068,3.9,0.0,0.0,4.45,5.92,0
mushrooms,2069,1.56,0.0,0.0,6.46,4.27,1
mushrooms,2070,1.48,0.0,0.0,5.39,2.56,1
mushrooms,2071,7.96,0.0,0.0,7.34,28.73,1
mushrooms,2072,8.25,0.0,0.0,8.48,8.25,0
mushrooms,2073,16.61,0.0,1.0,7.14,28.99,0
mushrooms,2074,6.82,1.0,0.0,6.14,15.25,1
mushrooms,2075,8.01,0.0,0.0,10.28,12.12,0
mushrooms,2076,7.11,0.0,0.0,9.74,9.86,0
mushrooms,2077,8.1,1.0,0.0,10.4,10.8,0
mushrooms,2078,1.3,1.0,0.0,3.8,5.71,0
mushrooms,2079,3.46,1.0,0.0,5.52,3.7,0
mushrooms,2080,3.51,0.0,0.0,4.01,6.25,1
mushrooms,2081,7.5,0.0,1.0,6.64,14.88,1
mushrooms,2082,8.27,0.0,0.0,5.88,11.76,1
mushrooms,2083,4.54,1.0,0.0,4.51,11.92,1
mushrooms,2084,1.03,0.0,0.0,3.04,1.34,0
mushrooms,2085,6.05,0.0,0.0,4.86,10.22,0
mushrooms,2086,7.79,0.0,1.0,7.2,16.15,1
mushrooms,2087,3.23,1.0,0.0,3.85,4.61,1
mushrooms,2088,7.41,0.0,1.0,5.56,14.59,0
mushrooms,2089,3.26,0.0,0.0,7.52,5.26,1
mushrooms,2090,5.88,0.0,0.0,5.98,4.69,1
mushrooms,2091,5.13,0.0,1.0,6.5,9.13,0
mushrooms,2092,6.18,0.0,0.0,5.22,6.38,0
mushrooms,2093,3.04,0.0,0.0,4.21,7.97,1
mushrooms,2094,4.25,0.0,0.0,8.03,8.39,0
mushrooms,2095,3.8,1.0,0.0,7.05,6.51,1
mushrooms,2096,7.15,0.0,0.0,5.48,9.98,1
mushrooms,2097,7.55,0.0,0.0,5.39,24.45,1
mushrooms,2098,7.95,0.0,0.0,7.02,9.64,1
mushrooms,2099,6.45,0.0,0.0,4.11,9.07,0
mushrooms,2100,2.68,0.0,0.0,3.67,2.51,0
mushrooms,2101,7.33,0.0,0.0,6.85,10.15,1
mushrooms,2102,7.66,0.0,0.0,8.33,8.12,0
mushrooms,2103,7.26,0.0,0.0,4.95,13.51,1
mushrooms,2104,7.73,1.0,0.0,5.61,13.39,1
mushrooms,2105,6.07,1.0,0.0,5.67,6.43,0
mushrooms,2106,3.81,1.0,0.0,6.33,3.84,1
mushrooms,2107,11.54,1.0,0.0,8.57,22.57,1
mushrooms,2108,9.06,0.0,0.0,7.62,20.21,1
mushrooms,2109,8.52,0.0,0.0,6.59,18.98,1
mushrooms,2110,12.37,0.0,0.0,11.37,32.43,0
mushrooms,2111,1.19,0.0,0.0,3.37,1.82,0
mushrooms,2112,6.79,1.0,0.0,4.25,9.85,0
mushrooms,2113,11.92,0.0,1.0,5.07,25.6,0
mushrooms,2114,1.29,1.0,0.0,4.95,2.65,1
mushrooms,2115,10.74,0.0,0.0,7.81,10.34,1
mushrooms,2116,3.64,0.0,0.0,4.99,8.53,0
mushrooms,2117,4.01,1.0,0.0,6.44,6.68,1
mushrooms,2118,4.35,0.0,0.0,8.81,4.14,0
mushrooms,2119,8.17,1.0,0.0,10.83,13.94,0
mushrooms,2120,8.32,1.0,0.0,4.23,15.48,1
mushrooms,2121,2.62,0.0,0.0,5.37,7.7,0
mushrooms,2122,5.43,0.0,0.0,5.8,6.03,1
mushrooms,2123,4.11,0.0,0.0,3.98,6.02,0
mushrooms,2124,8.13,1.0,1.0,7.09,11.15,0
mushrooms,2125,3.08,1.0,1.0,3.44,5.62,0
mushrooms,2126,4.66,0.0,0.0,3.46,8.0,1
mushrooms,2127,6.22,0.0,1.0,8.02,10.34,0
mushrooms,2128,8.87,1.0,0.0,7.2,13.63,0
mushrooms,2129,17.33,1.0,0.0,6.82,35.02,0
mushrooms,2130,10.12,0.0,0.0,7.68,21.22,1
mushrooms,2131,2.4,0.0,0.0,4.15,6.24,1
mushrooms,2132,6.82,0.0,0.0,5.29,3.79,1
mushrooms,2133,5.93,0.0,0.0,4.29,8.75,1
mushrooms,2134,5.94,1.0,0.0,4.66,12.88,1
mushrooms,2135,3.77,1.0,0.0,4.19,6.21,1
mushrooms,2136,7.64,0.0,0.0,5.55,12.51,1
mushrooms,2137,6.07,0.0,0.0,5.98,5.12,1
mushrooms,2138,4.09,0.0,0.0,9.54,7.84,1
mushrooms,2139,7.48,0.0,0.0,8.65,21.04,1
mushrooms,2140,3.41,1.0,0.0,4.87,3.91,0
mushrooms,2141,7.11,0.0,0.0,7.46,13.37,1
mushrooms,2142,6.13,0.0,1.0,7.72,16.6,1
mushrooms,2143,1.21,0.0,0.0,4.68,2.21,1
mushrooms,2144,3.39,0.0,0.0,4.94,7.83,0
mushrooms,2145,7.29,1.0,1.0,6.21,9.82,0
mushrooms,2146,6.55,0.0,0.0,5.25,9.53,1
mushrooms,2147,8.27,0.0,0.0,10.93,11.43,0
mushrooms,2148,3.12,1.0,0.0,4.82,3.21,0
mushrooms,2149,4.1,1.0,0.0,6.78,5.31,0
mushrooms,2150,4.99,0.0,0.0,4.73,10.72,1
mushrooms,2151,7.41,1.0,0.0,6.58,18.16,1
mushrooms,2152,11.92,1.0,0.0,5.93,23.39,1
mushrooms,2153,14.48,1.0,0.0,7.27,22.96,1
mushrooms,2154,4.67,1.0,0.0,6.27,3.76,1
mushrooms,2155,5.2,1.0,0.0,6.25,5.1,0
mushrooms,2156,3.89,0.0,0.0,6.07,7.23,1
mushrooms,2157,8.38,1.0,0.0,5.9,14.94,0
mushrooms,2158,8.21,1.0,0.0,6.25,17.23,1
mushrooms,2159,7.88,0.0,0.0,6.61,16.65,1
mushrooms,2160,5.03,0.0,0.0,6.28,3.72,1
mushrooms,2161,13.23,1.0,0.0,2.4,12.86,1
mushrooms,2162,10.09,0.0,0.0,14.37,13.4,0
mushrooms,2163,9.37,0.0,1.0,5.38,12.51,0
mushrooms,2164,7.35,0.0,0.0,6.16,11.03,1
mushrooms,2165,6.42,1.0,0.0,6.62,15.49,1
mushrooms,2166,5.46,0.0,0.0,5.21,9.61,1
mushrooms,2167,4.56,0.0,0.0,4.43,6.12,0
mushrooms,2168,2.84,1.0,1.0,3.3,6.24,0
mushrooms,2169,8.06,1.0,0.0,10.75,14.35,0
mushrooms,2170,4.87,1.0,0.0,5.89,5.17,0
mushrooms,2171,3.87,1.0,0.0,4.55,4.18,1
mushrooms,2172,4.84,1.0,0.0,3.15,10.6,0
mushrooms,2173,0.9,0.0,0.0,3.28,1.75,0
mushrooms,2174,3.09,0.0,0.0,3.31,8.08,0
mushrooms,2175,4.38,0.0,0.0,6.86,8.29,0
mushrooms,2176,2.42,1.0,0.0,3.92,3.42,0
mushrooms,2177,3.48,0.0,0.0,4.01,9.86,1
mushrooms,2178,13.42,1.0,0.0,2.59,13.68,1
mushrooms,2179,10.07,1.0,0.0,8.63,22.29,1
mushrooms,2180,1.48,1.0,0.0,5.32,2.46,1
mushrooms,2181,6.49,0.0,0.0,6.07,5.05,1
mushrooms,2182,2.86,0.0,0.0,6.49,4.57,1
mushrooms,2183,2.27,1.0,0.0,8.13,3.9,1
mushrooms,2184,1.28,0.0,0.0,1.91,2.36,0
mushrooms,2185,6.81,1.0,0.0,7.86,21.0,1
mushrooms,2186,8.87,0.0,0.0,4.88,17.24,1
mushrooms,2187,4.13,1.0,0.0,8.81,6.56,1
mushrooms,2188,2.49,1.0,1.0,3.52,5.7,0
mushrooms,2189,3.85,0.0,0.0,4.3,5.8,0
mushrooms,2190,2.96,1.0,0.0,6.38,3.71,1
mushrooms,2191,6.18,1.0,1.0,6.69,9.38,0
mushrooms,2192,5.12,0.0,0.0,6.22,6.35,1
mushrooms,2193,10.58,0.0,0.0,10.5,11.87,0
mushrooms,2194,2.6,0.0,0.0,5.86,4.75,1
mushrooms,2195,6.67,0.0,0.0,5.63,9.92,1
mushrooms,2196,7.95,0.0,0.0,11.21,17.41,0
mushrooms,2197,8.54,0.0,0.0,5.18,13.16,1
mushrooms,2198,3.31,1.0,0.0,3.96,2.65,0
mushrooms,2199,9.62,0.0,0.0,12.75,33.53,0
mushrooms,2200,5.86,0.0,0.0,5.95,12.27,1
mushrooms,2201,3.95,1.0,0.0,5.1,4.57,0
mushrooms,2202,10.32,1.0,0.0,8.6,15.68,1
mushrooms,2203,2.51,0.0,0.0,3.34,2.36,0
mushrooms,2204,16.18,1.0,1.0,4.68,23.81,0
mushrooms,2205,1.49,0.0,0.0,1.81,2.42,0
mushrooms,2206,7.41,0.0,0.0,4.15,12.52,1
mushrooms,2207,3.34,0.0,0.0,4.09,5.13,1
mushrooms,2208,1.51,0.0,0.0,2.35,2.7,0
mushrooms,2209,11.36,1.0,1.0,5.77,14.04,0
mushrooms,2210,7.62,1.0,0.0,2.36,13.06,1
mushrooms,2211,2.92,1.0,0.0,4.48,3.71,0
mushrooms,2212,8.54,0.0,0.0,14.09,13.46,0
mushrooms,2213,6.27,1.0,0.0,5.63,11.75,0
mushrooms,2214,3.1,0.0,0.0,3.61,6.13,1
mushrooms,2215,14.32,1.0,0.0,5.91,31.75,0
mushrooms,2216,3.75,1.0,0.0,6.02,3.55,1
mushrooms,2217,8.43,0.0,1.0,8.05,16.08,1
mushrooms,2218,6.46,0.0,0.0,6.11,5.52,1
mushrooms,2219,9.9,0.0,0.0,11.19,14.81,0
mushrooms,2220,0.98,0.0,0.0,2.98,1.47,0
mushrooms,2221,3.65,0.0,0.0,8.47,6.04,0
mushrooms,2222,8.29,0.0,0.0,8.14,13.85,1
mushrooms,2223,9.69,1.0,0.0,5.16,20.97,1
mushrooms,2224,4.51,0.0,0.0,6.29,9.03,0
mushrooms,2225,2.92,0.0,0.0,6.25,4.75,1
mushrooms,2226,5.13,0.0,0.0,5.82,8.73,0
mushrooms,2227,1.22,0.0,0.0,1.6,2.41,0
mushrooms,2228,8.95,0.0,0.0,12.34,11.29,0
mushrooms,2229,2.96,1.0,1.0,3.55,6.1,0
mushrooms,2230,3.76,0.0,0.0,4.93,9.13,0
mushrooms,2231,6.3,1.0,0.0,5.37,9.72,1
mushrooms,2232,3.35,0.0,0.0,6.03,4.32,1
mushrooms,2233,8.71,0.0,0.0,6.05,14.46,1
mushrooms,2234,3.02,0.0,0.0,7.69,4.24,0
mushrooms,2235,9.49,1.0,0.0,9.8,11.32,0
mushrooms,2236,3.8,0.0,0.0,4.29,7.46,1
mushrooms,2237,8.18,0.0,0.0,6.88,13.4,1
mushrooms,2238,5.51,0.0,0.0,6.54,4.18,1
mushrooms,2239,6.32,0.0,1.0,6.95,8.94,0
mushrooms,2240,8.23,1.0,0.0,5.84,16.13,1
mushrooms,2241,8.01,1.0,0.0,4.87,13.05,1
mushrooms,2242,7.83,0.0,0.0,9.07,22.61,1
mushrooms,2243,7.54,1.0,0.0,4.98,13.32,1
mushrooms,2244,1.44,1.0,0.0,5.06,2.57,1
mushrooms,2245,5.59,0.0,0.0,8.13,5.34,1
mushrooms,2246,16.57,1.0,1.0,6.89,27.1,0
mushrooms,2247,4.93,0.0,0.0,6.45,7.99,0
mushrooms,2248,6.58,0.0,0.0,7.36,10.86,1
mushrooms,2249,5.29,1.0,0.0,5.32,12.0,1
mushrooms,2250,5.27,0.0,0.0,3.64,12.11,0
mushrooms,2251,4.97,1.0,0.0,5.21,12.99,0
mushrooms,2252,2.47,0.0,0.0,5.64,3.77,1
mushrooms,2253,3.69,0.0,0.0,6.84,6.65,0
mushrooms,2254,9.57,0.0,0.0,8.47,9.81,1
mushrooms,2255,9.18,1.0,0.0,6.5,16.93,1
mushrooms,2256,10.0,0.0,0.0,8.59,10.08,1
mushrooms,2257,7.3,1.0,0.0,6.02,9.21,1
mushrooms,2258,6.27,0.0,0.0,8.1,10.92,1
mushrooms,2259,1.0,0.0,0.0,2.94,1.56,0
mushrooms,2260,1.17,0.0,0.0,1.61,2.21,0
mushrooms,2261,6.88,1.0,0.0,6.28,7.77,0
mushrooms,2262,3.44,1.0,0.0,4.31,3.43,1
mushrooms,2263,2.86,1.0,1.0,2.81,6.14,0
mushrooms,2264,3.49,1.0,0.0,3.92,6.14,1
mushrooms,2265,9.12,1.0,0.0,10.08,11.74,0
mushrooms,2266,6.2,1.0,0.0,5.79,6.45,0
mushrooms,2267,9.51,0.0,0.0,7.34,9.25,1
mushrooms,2268,2.53,0.0,0.0,3.87,8.38,1
mushrooms,2269,1.95,0.0,0.0,5.8,4.56,1
mushrooms,2270,11.38,1.0,0.0,9.55,15.76,1
mushrooms,2271,7.34,0.0,0.0,8.17,7.46,0
mushrooms,2272,9.49,1.0,0.0,11.16,14.08,0
mushrooms,2273,3.78,0.0,0.0,4.44,5.92,0
mushrooms,2274,3.61,0.0,0.0,6.02,7.31,0
mushrooms,2275,4.83,1.0,0.0,5.79,5.13,0
mushrooms,2276,9.43,1.0,0.0,8.01,21.73,1
mushrooms,2277,9.23,1.0,0.0,6.64,16.59,0
mushrooms,2278,20.31,1.0,0.0,6.4,44.99,0
mushrooms,2279,9.66,1.0,0.0,4.26,16.45,1
mushrooms,2280,8.26,0.0,0.0,6.13,29.06,1
mushrooms,2281,0.99,0.0,0.0,3.05,1.54,0
mushrooms,2282,8.14,0.0,0.0,6.66,18.23,1
mushrooms,2283,7.24,0.0,0.0,5.24,15.14,0
mushrooms,2284,7.19,1.0,0.0,9.87,12.08,0
mushrooms,2285,7.85,0.0,0.0,4.25,15.14,1
mushrooms,2286,3.99,0.0,0.0,4.48,12.34,1
mushrooms,2287,1.03,0.0,0.0,3.65,1.7,0
mushrooms,2288,9.66,1.0,0.0,7.6,12.69,1
mushrooms,2289,5.63,0.0,0.0,5.55,9.07,1
mushrooms,2290,9.05,0.0,0.0,9.32,10.44,0
mushrooms,2291,9.88,1.0,0.0,10.79,13.44,0
mushrooms,2292,4.68,0.0,0.0,8.22,7.17,1
mushrooms,2293,5.75,1.0,0.0,6.21,9.32,1
mushrooms,2294,6.98,1.0,0.0,5.3,12.06,1
mushrooms,2295,8.7,0.0,0.0,6.98,10.37,1
mushrooms,2296,8.03,0.0,0.0,6.99,17.18,1
mushrooms,2297,8.01,0.0,0.0,5.4,13.86,1
mushrooms,2298,4.45,0.0,0.0,5.47,6.48,0
mushrooms,2299,8.18,1.0,0.0,7.16,17.04,1
mushrooms,2300,8.81,0.0,0.0,8.12,9.77,1
mushrooms,2301,4.18,0.0,0.0,4.63,6.78,1
mushrooms,2302,2.21,0.0,0.0,6.01,4.11,1
mushrooms,2303,7.98,1.0,0.0,6.15,10.81,1
mushrooms,2304,2.63,0.0,0.0,3.19,5.33,1
mushrooms,2305,8.32,0.0,0.0,6.02,16.51,0
mushrooms,2306,7.44,0.0,0.0,10.1,10.59,0
mushrooms,2307,1.41,1.0,0.0,4.63,2.47,1
mushrooms,2308,10.95,1.0,0.0,2.28,12.28,1
mushrooms,2309,4.66,1.0,0.0,4.99,10.91,0
mushrooms,2310,4.13,1.0,0.0,6.06,4.14,0
mushrooms,2311,3.59,0.0,0.0,4.73,6.73,0
mushrooms,2312,1.03,0.0,0.0,3.85,1.79,0
mushrooms,2313,8.38,0.0,0.0,4.25,14.36,1
mushrooms,2314,0.92,0.0,0.0,2.58,1.5,0
mushrooms,2315,3.45,0.0,0.0,5.1,4.68,0
mushrooms,2316,8.36,1.0,0.0,7.01,31.56,1
mushrooms,2317,3.9,1.0,0.0,8.22,4.68,1
mushrooms,2318,3.49,0.0,0.0,3.08,7.78,1
mushrooms,2319,4.81,1.0,0.0,6.05,5.19,0
mushrooms,2320,5.82,0.0,0.0,4.05,12.22,0
mushrooms,2321,3.75,1.0,0.0,3.49,5.9,1
mushrooms,2322,4.66,0.0,0.0,3.71,13.64,0
mushrooms,2323,3.42,0.0,0.0,5.4,7.06,0
mushrooms,2324,6.48,0.0,0.0,5.49,6.96,0
mushrooms,2325,8.56,1.0,0.0,10.95,15.29,0
mushrooms,2326,1.31,0.0,0.0,2.13,2.54,0
mushrooms,2327,1.59,0.0,0.0,5.12,2.65,1
mushrooms,2328,7.46,0.0,0.0,6.03,10.36,1
mushrooms,2329,6.9,1.0,0.0,6.18,8.56,1
mushrooms,2330,23.5,0.0,0.0,9.23,26.7,1
mushrooms,2331,4.25,1.0,1.0,4.91,6.64,1
mushrooms,2332,2.6,0.0,0.0,5.55,8.85,0
mushrooms,2333,2.34,1.0,1.0,2.92,5.36,0
mushrooms,2334,4.59,0.0,0.0,5.28,4.6,1
mushrooms,2335,11.28,0.0,0.0,9.42,15.89,1
mushrooms,2336,7.64,0.0,0.0,9.74,11.77,0
mushrooms,2337,10.7,0.0,0.0,11.04,33.49,0
mushrooms,2338,4.47,0.0,0.0,4.22,8.55,0
mushrooms,2339,1.06,0.0,0.0,3.03,1.68,0
mushrooms,2340,6.16,0.0,0.0,4.92,12.66,1
mushrooms,2341,2.45,0.0,0.0,7.1,4.85,1
mushrooms,2342,3.47,0.0,0.0,7.01,6.51,0
mushrooms,2343,17.0,1.0,1.0,4.98,25.56,0
mushrooms,2344,5.15,0.0,0.0,5.89,4.19,1
mushrooms,2345,2.96,1.0,0.0,4.31,2.73,0
mushrooms,2346,3.41,0.0,0.0,3.35,7.5,1
mushrooms,2347,8.3,0.0,0.0,7.6,32.57,1
mushrooms,2348,4.37,1.0,0.0,5.84,4.75,0
mushrooms,2349,7.98,1.0,0.0,3.86,8.81,0
mushrooms,2350,7.65,1.0,1.0,6.59,10.42,0
mushrooms,2351,9.06,0.0,0.0,9.71,15.3,1
mushrooms,2352,5.07,0.0,0.0,4.78,9.46,1
mushrooms,2353,3.42,1.0,0.0,5.93,6.38,1
mushrooms,2354,4.89,0.0,0.0,5.26,9.94,1
mushrooms,2355,7.26,0.0,1.0,7.78,16.13,1
mushrooms,2356,4.61,0.0,0.0,6.57,7.53,0
mushrooms,2357,4.34,0.0,0.0,6.22,5.31,1
mushrooms,2358,7.67,0.0,0.0,6.58,9.73,1
mushrooms,2359,9.44,0.0,0.0,8.93,10.88,1
mushrooms,2360,3.62,0.0,0.0,3.96,4.45,1
mushrooms,2361,5.83,0.0,0.0,4.52,9.15,0
mushrooms,2362,5.6,1.0,0.0,6.04,12.66,0
mushrooms,2363,8.36,1.0,0.0,6.25,11.06,0
mushrooms,2364,5.23,0.0,0.0,4.58,10.27,1
mushrooms,2365,12.66,1.0,1.0,6.34,14.23,0
mushrooms,2366,2.42,1.0,0.0,3.58,3.65,0
mushrooms,2367,7.03,0.0,0.0,4.6,10.59,0
mushrooms,2368,8.78,0.0,0.0,8.63,9.71,0
mushrooms,2369,4.99,0.0,0.0,9.81,7.94,0
mushrooms,2370,3.67,1.0,0.0,5.44,3.35,1
mushrooms,2371,2.19,0.0,0.0,5.19,5.94,0
mushrooms,2372,6.53,0.0,0.0,4.44,9.14,0
mushrooms,2373,3.56,0.0,0.0,4.22,5.22,0
mushrooms,2374,7.49,1.0,1.0,6.62,9.7,0
mushrooms,2375,10.91,1.0,0.0,8.14,19.67,1
mushrooms,2376,8.36,1.0,0.0,5.8,12.26,0
mushrooms,2377,8.28,1.0,0.0,9.86,11.37,0
mushrooms,2378,6.71,1.0,0.0,4.06,12.79,1
mushrooms,2379,3.23,1.0,0.0,7.8,3.69,0
mushrooms,2380,3.86,0.0,0.0,5.39,7.21,1
mushrooms,2381,9.5,1.0,0.0,7.17,29.03,1
mushrooms,2382,6.14,0.0,0.0,4.96,12.45,1
mushrooms,2383,11.79,0.0,1.0,6.92,17.23,0
mushrooms,2384,7.22,0.0,0.0,6.08,12.57,1
mushrooms,2385,8.67,1.0,0.0,20.83,12.28,1
mushrooms,2386,3.64,1.0,0.0,4.36,4.78,0
mushrooms,2387,5.9,1.0,0.0,5.75,15.36,0
mushrooms,2388,9.58,1.0,0.0,5.67,13.88,1
mushrooms,2389,11.1,1.0,0.0,5.04,20.73,1
mushrooms,2390,1.46,0.0,0.0,5.24,2.63,1
mushrooms,2391,4.63,1.0,0.0,5.58,4.87,0
mushrooms,2392,6.98,0.0,0.0,5.78,12.74,1
mushrooms,2393,1.64,0.0,0.0,5.41,3.86,1
mushrooms,2394,9.77,1.0,0.0,7.32,20.54,1
mushrooms,2395,11.98,0.0,0.0,7.66,20.17,1
mushrooms,2396,9.69,1.0,0.0,9.01,21.71,0
mushrooms,2397,10.12,0.0,0.0,8.39,24.4,1
mushrooms,2398,9.03,0.0,0.0,11.08,17.04,0
mushrooms,2399,8.78,0.0,0.0,9.69,26.94,0
mushrooms,2400,7.63,1.0,0.0,7.71,18.03,1
mushrooms,2401,4.42,0.0,0.0,3.9,8.35,0
mushrooms,2402,7.35,0.0,1.0,8.39,10.05,0
mushrooms,2403,7.91,1.0,0.0,7.65,11.53,0
mushrooms,2404,10.97,1.0,0.0,5.2,19.57,1
mushrooms,2405,5.72,0.0,0.0,5.58,8.79,0
mushrooms,2406,8.89,1.0,0.0,6.62,15.83,0
mushrooms,2407,5.86,0.0,0.0,5.93,6.34,0
mushrooms,2408,4.33,1.0,0.0,3.65,11.14,1
mushrooms,2409,2.32,0.0,0.0,5.77,4.02,1
mushrooms,2410,10.93,0.0,0.0,7.98,17.53,1
mushrooms,2411,7.08,1.0,0.0,4.57,10.19,0
mushrooms,2412,9.1,0.0,0.0,9.14,11.01,1
mushrooms,2413,6.66,1.0,0.0,6.86,13.23,1
mushrooms,2414,8.79,0.0,0.0,6.68,9.8,1
mushrooms,2415,3.25,0.0,0.0,3.42,4.79,0
mushrooms,2416,14.58,1.0,0.0,2.93,18.54,1
mushrooms,2417,9.41,0.0,0.0,10.04,15.68,1
mushrooms,2418,5.42,0.0,1.0,5.68,9.06,0
mushrooms,2419,5.46,0.0,0.0,6.09,4.61,1
mushrooms,2420,10.83,1.0,1.0,5.47,14.94,0
mushrooms,2421,5.24,0.0,0.0,3.57,11.98,0
mushrooms,2422,7.16,0.0,0.0,7.13,28.53,1
mushrooms,2423,6.67,0.0,1.0,6.53,14.3,1
mushrooms,2424,3.99,1.0,0.0,6.41,4.7,0
mushrooms,2425,7.5,0.0,0.0,7.32,17.7,0
mushrooms,2426,9.95,1.0,0.0,2.59,15.41,1
mushrooms,2427,3.36,0.0,0.0,3.48,2.33,0
mushrooms,2428,5.57,0.0,0.0,5.73,4.37,1
mushrooms,2429,5.8,0.0,0.0,6.09,11.45,1
mushrooms,2430,1.51,0.0,0.0,4.7,2.19,1
mushrooms,2431,3.55,0.0,0.0,4.99,6.29,1
mushrooms,2432,3.61,1.0,1.0,4.02,6.5,0
mushrooms,2433,3.59,1.0,0.0,3.03,5.62,1
mushrooms,2434,5.71,0.0,0.0,6.92,4.76,1
mushrooms,2435,10.41,1.0,0.0,5.53,19.55,1
mushrooms,2436,4.19,1.0,0.0,6.7,3.91,1
mushrooms,2437,6.52,0.0,0.0,5.93,18.03,0
mushrooms,2438,4.91,1.0,0.0,5.82,5.07,1
mushrooms,2439,6.55,0.0,1.0,6.76,12.74,1
mushrooms,2440,1.61,0.0,0.0,5.08,2.6,1
mushrooms,2441,16.3,1.0,0.0,9.47,24.95,1
mushrooms,2442,7.81,0.0,0.0,5.71,11.84,1
mushrooms,2443,1.32,0.0,0.0,4.76,2.36,1
mushrooms,2444,8.36,0.0,0.0,5.62,27.25,1
mushrooms,2445,5.86,1.0,0.0,5.08,14.88,1
mushrooms,2446,7.82,0.0,0.0,6.49,16.03,1
mushrooms,2447,7.63,0.0,0.0,6.48,11.48,1
mushrooms,2448,11.03,0.0,0.0,7.73,23.67,1
mushrooms,2449,10.63,1.0,0.0,8.98,15.25,1
mushrooms,2450,7.68,0.0,0.0,6.02,17.61,1
mushrooms,2451,6.47,0.0,0.0,6.53,5.88,1
mushrooms,2452,4.43,0.0,0.0,4.5,10.24,0
mushrooms,2453,2.75,1.0,1.0,2.84,5.43,0
mushrooms,2454,3.21,1.0,0.0,7.4,4.01,0
mushrooms,2455,6.15,0.0,0.0,6.7,11.26,1
mushrooms,2456,5.65,1.0,0.0,5.24,9.72,1
mushrooms,2457,3.72,0.0,0.0,5.69,7.6,0
mushrooms,2458,3.68,1.0,0.0,6.23,3.52,1
mushrooms,2459,7.81,1.0,0.0,6.4,11.71,0
mushrooms,2460,7.64,1.0,0.0,6.76,16.5,0
mushrooms,2461,5.35,1.0,0.0,3.9,10.11,0
mushrooms,2462,7.01,0.0,0.0,6.01,11.51,1
mushrooms,2463,8.27,1.0,0.0,6.7,14.46,1
mushrooms,2464,1.36,0.0,0.0,1.81,2.21,0
mushrooms,2465,19.63,0.0,1.0,5.08,26.2,0
mushrooms,2466,11.03,1.0,0.0,8.11,21.31,1
mushrooms,2467,10.45,1.0,0.0,11.49,16.71,0
mushrooms,2468,1.62,0.0,0.0,5.22,2.93,1
mushrooms,2469,18.89,0.0,1.0,7.66,33.01,0
mushrooms,2470,12.4,1.0,0.0,9.49,15.52,1
mushrooms,2471,7.68,1.0,0.0,6.32,18.06,0
mushrooms,2472,8.96,0.0,0.0,7.02,20.14,1
mushrooms,2473,2.63,0.0,0.0,5.72,5.14,1
mushrooms,2474,10.58,0.0,0.0,11.01,27.67,0
mushrooms,2475,2.84,0.0,0.0,4.9,6.29,0
mushrooms,2476,5.28,0.0,0.0,6.3,8.65,0
mushrooms,2477,5.9,0.0,1.0,6.92,15.56,0
mushrooms,2478,6.9,1.0,0.0,10.67,13.46,0
mushrooms,2479,6.78,0.0,0.0,4.54,15.43,1
mushrooms,2480,6.43,0.0,1.0,5.68,9.22,0
mushrooms,2481,4.36,0.0,0.0,4.64,5.91,0
mushrooms,2482,4.12,0.0,0.0,6.06,6.4,1
mushrooms,2483,4.42,1.0,0.0,6.66,7.18,1
mushrooms,2484,4.07,0.0,0.0,4.79,6.02,0
mushrooms,2485,8.44,0.0,0.0,4.28,15.11,1
mushrooms,2486,1.21,0.0,0.0,3.51,5.62,0
mushrooms,2487,4.65,0.0,0.0,6.85,4.28,1
mushrooms,2488,2.72,0.0,0.0,7.38,5.04,1
mushrooms,2489,5.3,0.0,0.0,3.09,12.15,0
mushrooms,2490,9.9,1.0,0.0,7.89,19.57,1
mushrooms,2491,4.4,0.0,0.0,6.0,10.61,0
mushrooms,2492,6.54,0.0,0.0,4.08,14.79,1
mushrooms,2493,8.73,0.0,0.0,11.42,12.15,0
mushrooms,2494,8.14,0.0,0.0,6.51,19.1,1
mushrooms,2495,6.02,1.0,0.0,6.15,10.43,0
mushrooms,2496,9.91,1.0,0.0,7.99,23.37,1
mushrooms,2497,5.17,0.0,0.0,5.97,9.29,1
mushrooms,2498,7.15,0.0,0.0,4.54,10.51,0
mushrooms,2499,9.05,0.0,0.0,7.4,10.07,1
mushrooms,2500,4.47,0.0,0.0,5.14,6.24,0
mushrooms,2501,3.27,1.0,1.0,4.05,6.31,0
mushrooms,2502,4.05,1.0,0.0,5.29,4.43,0
mushrooms,2503,9.2,1.0,0.0,7.12,20.32,1
mushrooms,2504,5.65,1.0,0.0,6.11,17.47,0
mushrooms,2505,6.62,0.0,0.0,6.73,16.23,0
mushrooms,2506,4.92,1.0,0.0,4.84,3.3,0
mushrooms,2507,5.09,0.0,0.0,3.8,13.8,0
mushrooms,2508,3.33,0.0,0.0,3.26,7.47,0
mushrooms,2509,4.34,1.0,0.0,5.66,6.68,0
mushrooms,2510,12.54,1.0,0.0,5.41,29.86,0
mushrooms,2511,17.21,0.0,1.0,9.34,36.71,0
mushrooms,2512,3.81,0.0,0.0,7.92,10.1,1
mushrooms,2513,5.85,0.0,0.0,5.91,5.12,1
mushrooms,2514,6.06,1.0,0.0,6.5,17.12,1
mushrooms,2515,6.53,1.0,0.0,3.36,9.29,0
mushrooms,2516,8.28,1.0,0.0,11.11,16.0,0
mushrooms,2517,8.6,1.0,0.0,5.92,15.39,1
mushrooms,2518,4.8,0.0,0.0,6.64,4.22,1
mushrooms,2519,22.17,1.0,1.0,8.86,35.03,0
mushrooms,2520,7.04,0.0,0.0,7.71,7.43,0
mushrooms,2521,5.72,0.0,0.0,6.09,5.48,1
mushrooms,2522,12.89,1.0,0.0,9.0,21.2,1
mushrooms,2523,6.77,1.0,0.0,5.51,9.65,1
mushrooms,2524,4.66,1.0,0.0,5.93,3.87,1
mushrooms,2525,7.87,1.0,0.0,4.7,19.63,1
mushrooms,2526,9.71,1.0,0.0,7.04,18.12,0
mushrooms,2527,4.46,0.0,0.0,5.91,5.51,1
mushrooms,2528,1.34,0.0,0.0,1.94,2.68,0
mushrooms,2529,3.82,1.0,0.0,4.89,4.32,0
mushrooms,2530,3.92,0.0,0.0,5.92,6.44,1
mushrooms,2531,6.41,0.0,0.0,7.56,12.01,1
mushrooms,2532,4.6,0.0,0.0,6.56,5.96,1
mushrooms,2533,8.18,0.0,1.0,8.63,17.01,1
mushrooms,2534,7.29,0.0,0.0,10.63,13.26,0
mushrooms,2535,7.06,1.0,0.0,6.91,10.38,1
mushrooms,2536,4.08,0.0,0.0,6.63,7.38,1
mushrooms,2537,8.36,1.0,0.0,7.77,19.96,1
mushrooms,2538,7.43,0.0,1.0,7.33,10.31,0
mushrooms,2539,9.23,1.0,0.0,21.36,12.84,1
mushrooms,2540,7.7,1.0,0.0,5.96,9.72,1
mushrooms,2541,2.89,1.0,1.0,3.6,5.61,1
mushrooms,2542,5.07,1.0,0.0,5.76,8.48,1
mushrooms,2543,7.06,0.0,0.0,5.96,4.66,1
mushrooms,2544,3.08,1.0,0.0,3.33,3.59,0
mushrooms,2545,5.21,1.0,1.0,5.47,8.55,0
mushrooms,2546,15.17,0.0,0.0,8.6,22.83,1
mushrooms,2547,2.85,1.0,0.0,2.7,7.6,0
mushrooms,2548,9.57,1.0,0.0,4.58,18.41,1
mushrooms,2549,7.8,0.0,0.0,9.39,11.1,0
mushrooms,2550,6.85,0.0,0.0,6.04,10.31,1
mushrooms,2551,4.9,0.0,0.0,5.14,5.34,1
mushrooms,2552,11.37,0.0,0.0,9.62,17.4,1
mushrooms,2553,4.75,0.0,0.0,6.22,6.88,0
mushrooms,2554,6.36,0.0,0.0,6.01,12.73,1
mushrooms,2555,5.04,0.0,0.0,8.24,9.01,1
mushrooms,2556,6.72,0.0,0.0,6.74,15.43,0
mushrooms,2557,11.04,1.0,1.0,5.75,14.68,0
mushrooms,2558,1.26,0.0,0.0,3.41,5.21,0
mushrooms,2559,7.52,0.0,0.0,11.15,15.12,0
mushrooms,2560,5.54,0.0,0.0,4.52,11.85,1
mushrooms,2561,7.88,0.0,1.0,8.01,15.21,1
mushrooms,2562,4.49,0.0,0.0,6.19,9.7,0
mushrooms,2563,7.14,0.0,0.0,7.32,6.99,0
mushrooms,2564,2.6,1.0,0.0,3.73,3.55,0
mushrooms,2565,1.15,0.0,0.0,1.75,2.38,0
mushrooms,2566,8.27,1.0,0.0,5.71,15.96,1
mushrooms,2567,5.75,0.0,0.0,3.79,9.18,0
mushrooms,2568,9.6,1.0,0.0,10.99,15.65,0
mushrooms,2569,6.16,0.0,0.0,4.41,9.75,0
mushrooms,2570,4.24,0.0,0.0,5.29,5.21,1
mushrooms,2571,6.89,0.0,0.0,5.53,9.59,1
mushrooms,2572,1.43,0.0,0.0,2.1,2.57,0
mushrooms,2573,11.05,0.0,0.0,6.37,16.08,1
mushrooms,2574,6.71,1.0,0.0,5.43,9.93,0
mushrooms,2575,2.72,1.0,1.0,3.74,5.75,0
mushrooms,2576,3.33,0.0,0.0,3.78,2.51,0
mushrooms,2577,5.44,0.0,0.0,7.5,4.54,1
mushrooms,2578,3.42,0.0,0.0,4.42,6.54,1
mushrooms,2579,6.91,0.0,1.0,7.42,9.7,0
mushrooms,2580,7.28,1.0,0.0,6.81,16.18,1
mushrooms,2581,11.26,0.0,0.0,5.64,19.51,1
mushrooms,2582,3.81,0.0,0.0,4.72,6.33,0
mushrooms,2583,3.9,0.0,0.0,5.14,6.58,0
mushrooms,2584,8.9,1.0,0.0,19.68,12.72,1
mushrooms,2585,5.42,0.0,1.0,4.6,12.72,0
mushrooms,2586,4.72,0.0,0.0,8.2,9.36,1
mushrooms,2587,1.62,0.0,0.0,4.85,2.36,1
mushrooms,2588,5.56,0.0,0.0,7.63,10.45,0
mushrooms,2589,7.15,0.0,0.0,6.64,14.11,1
mushrooms,2590,4.29,0.0,0.0,2.7,11.57,0
mushrooms,2591,6.52,0.0,0.0,5.54,6.84,0
mushrooms,2592,3.74,0.0,0.0,2.55,4.79,1
mushrooms,2593,6.75,1.0,0.0,6.82,19.4,1
mushrooms,2594,3.26,1.0,1.0,4.29,6.29,1
mushrooms,2595,3.85,0.0,0.0,5.82,3.49,1
mushrooms,2596,6.73,0.0,0.0,11.0,12.44,0
mushrooms,2597,6.53,0.0,1.0,5.58,14.82,0
mushrooms,2598,3.34,0.0,0.0,2.24,10.86,0
mushrooms,2599,7.93,1.0,0.0,18.78,12.52,1
mushrooms,2600,8.2,1.0,0.0,8.05,20.39,1
mushrooms,2601,8.35,1.0,0.0,6.47,16.13,0
mushrooms,2602,2.52,1.0,0.0,3.43,3.4,0
mushrooms,2603,9.36,0.0,0.0,7.93,13.9,1
mushrooms,2604,3.28,0.0,0.0,4.0,6.79,1
mushrooms,2605,5.45,1.0,0.0,6.34,5.22,0
mushrooms,2606,4.8,0.0,0.0,7.17,5.3,1
mushrooms,2607,8.73,0.0,0.0,6.92,10.52,1
mushrooms,2608,5.56,0.0,1.0,5.03,13.67,0
mushrooms,2609,4.06,1.0,0.0,6.05,5.64,0
mushrooms,2610,8.54,0.0,0.0,5.37,13.44,0
mushrooms,2611,10.42,1.0,1.0,4.55,22.03,0
mushrooms,2612,5.73,1.0,0.0,2.97,9.51,1
mushrooms,2613,3.55,0.0,0.0,7.35,6.69,0
mushrooms,2614,7.92,0.0,0.0,4.94,9.78,1
mushrooms,2615,6.22,0.0,1.0,7.05,15.46,1
mushrooms,2616,1.78,1.0,0.0,4.21,3.09,1
mushrooms,2617,2.74,0.0,0.0,2.87,5.31,1
mushrooms,2618,2.75,0.0,0.0,8.15,6.3,0
mushrooms,2619,5.42,1.0,0.0,3.81,11.41,1
mushrooms,2620,8.4,0.0,1.0,5.53,15.15,0
mushrooms,2621,3.71,0.0,0.0,9.19,7.67,0
mushrooms,2622,7.79,1.0,0.0,6.45,11.99,0
mushrooms,2623,12.63,0.0,1.0,4.97,22.43,0
mushrooms,2624,5.09,1.0,0.0,5.56,10.21,0
mushrooms,2625,1.62,0.0,0.0,2.37,2.45,0
mushrooms,2626,7.47,0.0,0.0,8.5,10.51,1
mushrooms,2627,8.23,1.0,0.0,6.44,11.21,0
mushrooms,2628,6.13,1.0,0.0,5.35,9.49,0
mushrooms,2629,8.59,0.0,0.0,4.68,12.62,1
mushrooms,2630,1.8,0.0,0.0,2.29,2.61,0
mushrooms,2631,8.27,0.0,0.0,9.41,22.87,1
mushrooms,2632,9.67,0.0,0.0,14.41,14.22,0
mushrooms,2633,5.87,0.0,1.0,7.06,15.12,1
mushrooms,2634,4.79,0.0,0.0,5.94,8.12,0
mushrooms,2635,7.88,1.0,0.0,7.03,11.48,0
mushrooms,2636,3.21,0.0,0.0,3.15,5.05,0
mushrooms,2637,3.75,0.0,0.0,4.29,6.37,1
mushrooms,2638,3.9,0.0,0.0,7.45,5.64,1
mushrooms,2639,5.77,0.0,1.0,5.33,15.81,0
mushrooms,2640,14.47,0.0,0.0,12.32,31.65,0
mushrooms,2641,6.33,1.0,0.0,3.73,9.73,0
mushrooms,2642,5.23,0.0,0.0,4.78,11.76,0
mushrooms,2643,1.14,0.0,0.0,3.36,1.52,0
mushrooms,2644,5.14,0.0,0.0,3.91,10.98,1
mushrooms,2645,9.1,0.0,0.0,7.19,22.91,1
mushrooms,2646,2.49,1.0,0.0,2.84,7.4,0
mushrooms,2647,6.55,0.0,0.0,4.4,14.71,1
mushrooms,2648,4.61,1.0,0.0,5.97,5.32,0
mushrooms,2649,11.99,1.0,1.0,6.65,16.48,0
mushrooms,2650,10.47,1.0,0.0,7.84,19.56,0
mushrooms,2651,1.28,0.0,0.0,4.2,2.32,1
mushrooms,2652,1.05,0.0,0.0,3.12,1.36,0
mushrooms,2653,4.3,0.0,0.0,5.86,8.76,0
mushrooms,2654,8.32,0.0,0.0,6.08,13.54,1
mushrooms,2655,2.42,0.0,0.0,6.82,5.18,1
mushrooms,2656,5.81,0.0,0.0,5.88,4.88,1
mushrooms,2657,11.5,1.0,0.0,7.73,20.44,1
mushrooms,2658,5.48,0.0,0.0,6.44,5.15,1
mushrooms,2659,7.51,0.0,0.0,10.63,10.26,0
mushrooms,2660,3.4,0.0,0.0,4.17,5.79,1
mushrooms,2661,9.48,0.0,0.0,7.54,11.11,1
mushrooms,2662,15.03,0.0,1.0,7.02,29.67,0
mushrooms,2663,11.44,1.0,0.0,5.08,22.25,1
mushrooms,2664,1.23,0.0,0.0,3.61,5.49,0
mushrooms,2665,2.92,0.0,0.0,7.02,5.38,1
mushrooms,2666,17.17,0.0,0.0,7.07,23.55,1
mushrooms,2667,8.54,0.0,0.0,6.72,18.16,0
mushrooms,2668,4.87,0.0,0.0,5.26,10.03,1
mushrooms,2669,3.32,1.0,0.0,3.14,7.17,0
mushrooms,2670,3.91,1.0,1.0,5.08,5.75,1
mushrooms,2671,3.85,1.0,0.0,5.57,4.75,0
mushrooms,2672,6.03,0.0,0.0,5.65,9.42,0
mushrooms,2673,3.31,0.0,0.0,5.04,6.7,1
mushrooms,2674,2.13,1.0,0.0,5.6,2.64,1
mushrooms,2675,6.74,1.0,0.0,6.44,10.23,0
mushrooms,2676,7.9,1.0,0.0,6.49,16.92,0
mushrooms,2677,1.49,0.0,0.0,2.59,2.66,0
mushrooms,2678,6.8,1.0,0.0,5.33,13.72,1
mushrooms,2679,8.26,1.0,0.0,7.19,21.04,1
mushrooms,2680,19.46,0.0,1.0,8.37,28.29,0
mushrooms,2681,7.94,1.0,0.0,6.85,18.46,0
mushrooms,2682,6.03,0.0,0.0,6.02,13.28,1
mushrooms,2683,6.02,0.0,0.0,4.69,9.62,1
mushrooms,2684,8.37,1.0,0.0,4.13,9.24,0
mushrooms,2685,14.95,1.0,1.0,5.26,25.67,0
mushrooms,2686,3.44,1.0,0.0,5.03,3.3,0
mushrooms,2687,9.31,0.0,0.0,6.28,25.12,1
mushrooms,2688,0.82,0.0,0.0,2.23,1.23,0
mushrooms,2689,7.33,0.0,0.0,8.28,7.88,0
mushrooms,2690,5.68,1.0,0.0,5.31,6.62,0
mushrooms,2691,6.03,0.0,0.0,5.18,13.1,0
mushrooms,2692,3.31,1.0,0.0,4.32,5.12,0
mushrooms,2693,6.18,0.0,0.0,6.36,11.63,1
mushrooms,2694,6.59,1.0,0.0,5.24,9.88,0
mushrooms,2695,8.92,1.0,1.0,6.85,11.08,0
mushrooms,2696,7.27,0.0,0.0,5.3,10.0,1
mushrooms,2697,8.57,0.0,0.0,6.39,11.22,1
mushrooms,2698,3.81,1.0,1.0,4.78,6.19,1
mushrooms,2699,6.24,1.0,0.0,6.4,9.75,1
mushrooms,2700,2.44,0.0,0.0,6.43,4.65,1
mushrooms,2701,6.6,0.0,0.0,5.92,14.31,1
mushrooms,2702,4.67,0.0,0.0,4.58,9.87,1
mushrooms,2703,3.19,0.0,0.0,6.28,10.66,0
mushrooms,2704,4.64,1.0,0.0,5.88,5.49,0
mushrooms,2705,1.01,0.0,0.0,2.74,1.3,0
mushrooms,2706,9.59,1.0,0.0,8.21,22.42,0
mushrooms,2707,8.73,1.0,0.0,5.52,26.43,1
mushrooms,2708,2.92,1.0,1.0,3.9,7.12,0
mushrooms,2709,7.24,0.0,1.0,7.94,8.35,0
mushrooms,2710,2.39,1.0,0.0,7.65,3.48,1
mushrooms,2711,3.58,1.0,0.0,4.13,3.58,0
mushrooms,2712,3.54,0.0,0.0,3.2,5.32,1
mushrooms,2713,2.6,1.0,0.0,3.6,3.4,0
mushrooms,2714,5.5,0.0,0.0,7.0,9.83,1
mushrooms,2715,3.68,0.0,0.0,5.27,6.44,0
mushrooms,2716,2.65,0.0,0.0,5.35,6.62,0
mushrooms,2717,8.21,0.0,1.0,5.9,14.55,0
mushrooms,2718,2.81,0.0,0.0,3.14,5.49,1
mushrooms,2719,7.6,1.0,0.0,6.07,10.48,1
mushrooms,2720,8.44,1.0,0.0,9.89,10.46,0
mushrooms,2721,3.55,0.0,0.0,5.86,7.43,0
mushrooms,2722,8.09,1.0,0.0,6.64,11.44,0
mushrooms,2723,3.19,0.0,0.0,3.89,6.63,1
mushrooms,2724,3.18,0.0,0.0,3.65,8.36,1
mushrooms,2725,18.27,0.0,0.0,7.74,27.23,1
mushrooms,2726,0.77,0.0,0.0,3.13,1.53,0
mushrooms,2727,8.52,0.0,0.0,7.43,11.64,1
mushrooms,2728,6.69,0.0,1.0,4.81,13.9,0
mushrooms,2729,4.25,0.0,0.0,3.78,8.87,1
mushrooms,2730,10.88,0.0,0.0,9.92,26.59,0
mushrooms,2731,7.3,0.0,0.0,8.24,7.66,0
mushrooms,2732,4.56,1.0,0.0,5.07,5.37,0
mushrooms,2733,7.72,0.0,0.0,8.93,15.55,1
mushrooms,2734,9.14,0.0,0.0,6.46,12.74,1
mushrooms,2735,6.33,1.0,0.0,5.55,16.38,0
mushrooms,2736,0.95,0.0,0.0,2.73,1.34,0
mushrooms,2737,9.82,0.0,0.0,8.08,10.09,1
mushrooms,2738,8.6,0.0,0.0,6.26,9.88,1
mushrooms,2739,6.37,0.0,0.0,5.35,11.58,1
mushrooms,2740,5.94,1.0,0.0,5.65,13.21,1
mushrooms,2741,0.95,0.0,0.0,2.72,1.47,0
mushrooms,2742,3.74,0.0,0.0,2.74,13.09,0
mushrooms,2743,3.91,0.0,0.0,3.66,5.65,0
mushrooms,2744,3.64,0.0,0.0,4.74,6.98,1
mushrooms,2745,3.68,0.0,0.0,2.75,8.49,1
mushrooms,2746,11.47,0.0,0.0,11.2,31.23,0
mushrooms,2747,10.91,1.0,0.0,2.58,15.95,1
mushrooms,2748,7.32,0.0,0.0,6.03,14.22,1
mushrooms,2749,1.83,0.0,0.0,6.3,4.42,1
mushrooms,2750,7.3,0.0,0.0,9.04,22.25,1
mushrooms,2751,7.93,1.0,0.0,5.09,13.03,1
mushrooms,2752,12.59,0.0,1.0,6.2,26.06,0
mushrooms,2753,5.89,0.0,0.0,6.66,4.86,1
mushrooms,2754,3.85,1.0,0.0,5.13,4.31,0
mushrooms,2755,11.59,0.0,0.0,8.69,14.92,1
mushrooms,2756,2.62,0.0,0.0,6.04,4.4,1
mushrooms,2757,7.86,1.0,0.0,5.01,12.49,1
mushrooms,2758,2.69,1.0,1.0,3.13,6.22,0
mushrooms,2759,10.24,1.0,1.0,4.93,22.52,0
mushrooms,2760,7.63,0.0,0.0,6.98,16.8,1
mushrooms,2761,7.0,1.0,0.0,5.73,10.49,0
mushrooms,2762,3.25,1.0,0.0,3.95,2.73,0
mushrooms,2763,7.05,0.0,0.0,8.52,8.49,0
mushrooms,2764,3.86,1.0,0.0,5.23,3.59,1
mushrooms,2765,4.4,1.0,1.0,4.61,7.13,1
mushrooms,2766,5.8,1.0,0.0,5.65,3.81,1
mushrooms,2767,7.98,1.0,0.0,5.77,17.59,0
mushrooms,2768,14.27,0.0,0.0,7.48,22.32,1
mushrooms,2769,4.42,1.0,0.0,6.41,4.83,0
mushrooms,2770,1.31,1.0,0.0,4.3,6.32,0
mushrooms,2771,7.66,1.0,0.0,6.32,10.78,1
mushrooms,2772,3.68,0.0,0.0,5.69,6.85,0
mushrooms,2773,8.23,0.0,0.0,5.86,13.32,1
mushrooms,2774,11.89,1.0,0.0,22.08,12.31,1
mushrooms,2775,16.4,0.0,0.0,6.79,22.42,1
mushrooms,2776,3.36,0.0,0.0,4.06,2.43,0
mushrooms,2777,3.74,1.0,0.0,4.73,3.34,1
mushrooms,2778,15.13,0.0,0.0,6.78,23.26,1
mushrooms,2779,3.48,1.0,0.0,4.83,3.58,0
mushrooms,2780,9.97,1.0,0.0,5.73,15.52,1
mushrooms,2781,3.08,0.0,0.0,3.38,2.62,0
mushrooms,2782,3.48,0.0,0.0,3.27,4.99,0
mushrooms,2783,9.39,1.0,0.0,2.37,15.52,1
mushrooms,2784,7.82,1.0,0.0,4.05,9.84,0
mushrooms,2785,3.18,0.0,0.0,8.67,4.14,0
mushrooms,2786,3.66,0.0,0.0,7.76,3.65,0
mushrooms,2787,7.9,0.0,0.0,7.44,12.57,1
mushrooms,2788,8.46,1.0,1.0,6.28,10.46,0
mushrooms,2789,8.15,0.0,0.0,11.26,10.06,0
mushrooms,2790,10.39,1.0,1.0,5.35,14.26,0
mushrooms,2791,3.6,1.0,0.0,4.47,3.38,0
mushrooms,2792,8.94,1.0,0.0,4.38,17.74,1
mushrooms,2793,7.59,1.0,0.0,4.84,11.6,1
mushrooms,2794,7.26,0.0,1.0,8.66,16.73,1
mushrooms,2795,10.02,0.0,0.0,6.2,9.38,1
mushrooms,2796,6.49,1.0,0.0,3.63,11.26,1
mushrooms,2797,10.26,0.0,0.0,4.95,16.69,1
mushrooms,2798,7.58,1.0,0.0,9.29,9.88,0
mushrooms,2799,7.77,1.0,0.0,6.18,10.59,1
mushrooms,2800,6.49,0.0,0.0,6.7,10.17,1
mushrooms,2801,7.44,1.0,0.0,6.44,17.04,1
mushrooms,2802,3.08,1.0,1.0,3.62,5.78,0
mushrooms,2803,4.1,1.0,0.0,7.26,7.06,1
mushrooms,2804,6.86,1.0,0.0,4.2,13.37,1
mushrooms,2805,3.5,1.0,0.0,8.22,4.01,0
mushrooms,2806,6.13,1.0,0.0,4.21,11.69,1
mushrooms,2807,5.78,0.0,0.0,5.43,6.28,1
mushrooms,2808,6.56,1.0,0.0,5.32,9.63,0
mushrooms,2809,3.25,0.0,0.0,4.48,6.43,1
mushrooms,2810,5.78,0.0,0.0,4.95,11.23,0
mushrooms,2811,11.52,1.0,0.0,8.05,13.08,1
mushrooms,2812,4.65,0.0,0.0,3.5,8.96,1
mushrooms,2813,8.49,1.0,0.0,7.93,14.72,1
mushrooms,2814,5.17,1.0,0.0,7.99,11.04,1
mushrooms,2815,9.25,0.0,0.0,6.01,10.58,1
mushrooms,2816,9.11,0.0,0.0,7.97,26.73,0
mushrooms,2817,3.61,0.0,0.0,2.77,7.13,1
mushrooms,2818,5.46,0.0,0.0,5.53,4.49,1
mushrooms,2819,5.74,0.0,0.0,5.09,5.41,1
mushrooms,2820,7.82,0.0,0.0,4.69,10.29,0
mushrooms,2821,2.97,1.0,0.0,7.91,4.07,0
mushrooms,2822,1.56,0.0,0.0,2.49,2.61,0
mushrooms,2823,6.96,0.0,0.0,8.27,8.47,0
mushrooms,2824,7.16,0.0,1.0,7.74,16.43,1
mushrooms,2825,14.74,1.0,0.0,5.79,32.21,0
mushrooms,2826,7.71,1.0,0.0,4.64,18.32,1
mushrooms,2827,4.54,0.0,0.0,5.86,7.7,0
mushrooms,2828,11.99,1.0,0.0,2.61,15.66,1
mushrooms,2829,12.31,0.0,0.0,8.1,26.12,1
mushrooms,2830,4.69,1.0,0.0,6.93,5.93,1
mushrooms,2831,7.79,1.0,0.0,4.89,9.97,0
mushrooms,2832,9.63,1.0,0.0,10.72,11.46,0
mushrooms,2833,9.22,0.0,0.0,7.94,28.53,0
mushrooms,2834,6.62,0.0,0.0,6.7,11.86,1
mushrooms,2835,3.39,0.0,0.0,5.94,9.74,0
mushrooms,2836,4.99,0.0,0.0,6.57,4.08,1
mushrooms,2837,3.21,1.0,0.0,4.93,3.11,0
mushrooms,2838,8.04,0.0,0.0,5.47,10.49,1
mushrooms,2839,3.49,1.0,0.0,4.91,3.34,0
mushrooms,2840,10.92,1.0,0.0,19.08,12.75,1
mushrooms,2841,3.67,1.0,0.0,4.68,2.89,0
mushrooms,2842,3.03,0.0,0.0,4.35,5.49,1
mushrooms,2843,5.6,0.0,0.0,4.03,13.23,1
mushrooms,2844,7.5,0.0,0.0,5.55,10.35,1
mushrooms,2845,3.48,0.0,0.0,6.07,9.31,0
mushrooms,2846,11.46,0.0,0.0,7.31,22.01,1
mushrooms,2847,3.81,1.0,1.0,4.14,7.04,0
mushrooms,2848,6.07,0.0,0.0,5.36,14.98,0
mushrooms,2849,5.33,0.0,1.0,8.14,15.92,1
mushrooms,2850,3.17,1.0,0.0,5.65,3.14,1
mushrooms,2851,4.28,0.0,0.0,5.0,7.17,1
mushrooms,2852,4.48,0.0,0.0,5.19,5.28,1
mushrooms,2853,7.78,1.0,0.0,7.12,11.4,1
mushrooms,2854,3.23,1.0,0.0,7.67,4.17,0
mushrooms,2855,5.01,0.0,0.0,4.67,8.93,1
mushrooms,2856,9.33,1.0,0.0,7.36,18.94,1
mushrooms,2857,9.4,0.0,1.0,5.66,16.78,0
mushrooms,2858,7.37,1.0,0.0,6.1,16.89,0
mushrooms,2859,7.73,0.0,0.0,6.5,11.97,1
mushrooms,2860,5.99,1.0,0.0,6.24,11.6,1
mushrooms,2861,10.68,0.0,0.0,8.59,19.41,1
mushrooms,2862,4.04,1.0,0.0,4.5,3.17,0
mushrooms,2863,5.66,0.0,0.0,5.28,12.95,1
mushrooms,2864,4.5,0.0,0.0,6.66,7.34,0
mushrooms,2865,5.51,0.0,0.0,6.6,9.25,1
mushrooms,2866,7.57,1.0,0.0,6.78,17.42,0
mushrooms,2867,5.04,0.0,0.0,5.16,4.68,1
mushrooms,2868,9.58,1.0,0.0,7.46,21.69,1
mushrooms,2869,9.96,1.0,0.0,23.24,13.3,1
mushrooms,2870,8.48,1.0,0.0,6.36,12.88,0
mushrooms,2871,9.0,1.0,0.0,7.88,21.65,0
mushrooms,2872,6.45,1.0,0.0,4.42,10.5,0
mushrooms,2873,4.13,1.0,0.0,5.15,2.99,1
mushrooms,2874,3.31,1.0,0.0,3.88,2.77,0
mushrooms,2875,6.51,0.0,0.0,7.61,20.51,1
mushrooms,2876,4.24,1.0,0.0,5.69,4.89,0
mushrooms,2877,7.44,1.0,0.0,10.62,11.01,0
mushrooms,2878,9.22,1.0,0.0,4.89,20.48,1
mushrooms,2879,5.18,0.0,0.0,3.81,12.49,0
mushrooms,2880,4.63,0.0,0.0,3.68,12.39,0
mushrooms,2881,3.19,0.0,0.0,3.11,7.94,0
mushrooms,2882,6.17,1.0,0.0,5.62,9.97,0
mushrooms,2883,1.12,0.0,0.0,3.1,1.59,0
mushrooms,2884,16.66,1.0,0.0,7.52,23.53,1
mushrooms,2885,13.44,1.0,0.0,4.9,27.29,0
mushrooms,2886,3.01,0.0,0.0,6.04,4.85,1
mushrooms,2887,4.71,0.0,0.0,6.46,8.17,0
mushrooms,2888,7.82,1.0,0.0,7.21,12.71,0
mushrooms,2889,5.78,0.0,0.0,4.57,12.59,1
mushrooms,2890,4.35,1.0,0.0,5.19,5.11,0
mushrooms,2891,6.89,1.0,0.0,5.6,9.68,1
mushrooms,2892,7.22,0.0,0.0,9.87,10.45,0
mushrooms,2893,8.46,0.0,0.0,6.89,18.11,1
mushrooms,2894,9.16,1.0,0.0,7.03,28.3,1
mushrooms,2895,17.49,1.0,1.0,4.89,26.03,0
mushrooms,2896,4.0,0.0,0.0,5.6,5.02,1
mushrooms,2897,8.85,1.0,0.0,4.62,17.76,1
mushrooms,2898,5.72,1.0,0.0,4.31,8.54,1
mushrooms,2899,3.24,0.0,0.0,5.57,7.24,0
mushrooms,2900,2.95,1.0,0.0,7.91,3.94,0
mushrooms,2901,7.0,0.0,0.0,6.85,17.72,1
mushrooms,2902,6.52,1.0,0.0,7.27,10.89,1
mushrooms,2903,7.88,0.0,1.0,8.89,17.13,1
mushrooms,2904,10.82,1.0,0.0,7.8,20.3,1
mushrooms,2905,6.15,1.0,0.0,7.44,10.82,1
mushrooms,2906,9.9,1.0,0.0,7.85,13.2,1
mushrooms,2907,4.12,1.0,0.0,5.0,13.17,0
mushrooms,2908,10.7,0.0,0.0,10.33,27.85,0
mushrooms,2909,4.25,0.0,0.0,6.85,4.06,1
mushrooms,2910,11.74,1.0,0.0,6.63,20.07,1
mushrooms,2911,4.64,0.0,0.0,8.24,9.86,1
mushrooms,2912,7.0,0.0,0.0,7.49,6.13,1
mushrooms,2913,1.38,0.0,0.0,5.33,3.9,1
mushrooms,2914,16.95,1.0,1.0,4.85,25.41,0
mushrooms,2915,3.15,0.0,0.0,5.54,6.83,0
mushrooms,2916,4.51,0.0,0.0,4.93,8.54,1
mushrooms,2917,7.73,1.0,0.0,7.32,19.81,1
mushrooms,2918,4.77,1.0,0.0,6.38,4.18,1
mushrooms,2919,3.35,1.0,0.0,7.54,3.88,0
mushrooms,2920,4.42,0.0,0.0,7.93,9.5,1
mushrooms,2921,7.43,1.0,0.0,5.87,18.28,0
mushrooms,2922,3.36,0.0,0.0,5.52,7.66,0
mushrooms,2923,10.19,1.0,0.0,2.47,15.56,1
mushrooms,2924,4.22,0.0,0.0,5.59,7.71,1
mushrooms,2925,15.15,1.0,0.0,7.76,24.34,1
mushrooms,2926,4.62,1.0,0.0,5.09,3.75,1
mushrooms,2927,5.76,0.0,0.0,6.98,9.25,0
mushrooms,2928,4.37,1.0,0.0,6.08,5.67,1
mushrooms,2929,6.71,0.0,0.0,5.18,13.16,0
mushrooms,2930,3.61,0.0,0.0,4.47,2.69,0
mushrooms,2931,15.83,0.0,0.0,7.29,26.04,1
mushrooms,2932,7.76,0.0,0.0,7.67,17.6,1
mushrooms,2933,5.74,0.0,0.0,8.64,10.2,1
mushrooms,2934,4.18,0.0,0.0,9.73,4.22,0
mushrooms,2935,8.42,1.0,0.0,4.2,13.57,1
mushrooms,2936,4.02,0.0,0.0,7.74,3.85,0
mushrooms,2937,7.92,0.0,1.0,5.61,16.53,0
mushrooms,2938,5.34,0.0,0.0,5.06,9.92,1
mushrooms,2939,7.44,1.0,0.0,5.96,14.63,0
mushrooms,2940,4.58,0.0,0.0,3.22,12.26,0
mushrooms,2941,8.47,0.0,0.0,4.2,14.12,1
mushrooms,2942,5.25,1.0,0.0,6.03,5.32,0
mushrooms,2943,7.53,0.0,0.0,7.75,15.88,1
mushrooms,2944,5.88,0.0,1.0,5.68,13.81,0
mushrooms,2945,4.45,1.0,0.0,4.74,4.66,0
mushrooms,2946,4.0,0.0,0.0,5.34,6.49,0
mushrooms,2947,2.8,0.0,0.0,3.13,5.69,1
mushrooms,2948,7.71,0.0,0.0,5.37,10.11,1
mushrooms,2949,5.18,0.0,0.0,5.72,7.47,0
mushrooms,2950,7.22,1.0,0.0,6.53,10.91,1
mushrooms,2951,6.4,0.0,0.0,5.48,4.89,1
mushrooms,2952,1.78,0.0,0.0,2.38,2.47,0
mushrooms,2953,7.48,1.0,0.0,11.1,15.86,0
mushrooms,2954,8.32,0.0,0.0,6.32,17.94,0
mushrooms,2955,3.74,0.0,0.0,4.04,9.83,1
mushrooms,2956,6.29,1.0,0.0,7.15,10.57,1
mushrooms,2957,8.59,0.0,1.0,4.27,10.52,0
mushrooms,2958,7.84,0.0,0.0,9.46,8.39,0
mushrooms,2959,7.57,0.0,1.0,7.92,15.16,1
mushrooms,2960,7.0,0.0,0.0,5.51,6.53,1
mushrooms,2961,5.3,0.0,0.0,5.46,5.49,1
mushrooms,2962,7.36,0.0,0.0,7.49,30.93,1
mushrooms,2963,12.45,1.0,0.0,7.34,20.31,1
mushrooms,2964,4.51,0.0,0.0,4.04,5.51,0
mushrooms,2965,5.06,0.0,0.0,4.07,9.63,1
mushrooms,2966,4.16,1.0,0.0,5.26,2.7,1
mushrooms,2967,3.53,0.0,0.0,4.8,8.34,0
mushrooms,2968,4.34,0.0,0.0,8.31,4.31,0
mushrooms,2969,1.25,0.0,0.0,1.59,2.31,0
mushrooms,2970,6.86,1.0,1.0,5.82,8.18,0
mushrooms,2971,7.73,0.0,0.0,10.51,11.02,0
mushrooms,2972,3.79,1.0,1.0,3.7,6.65,0
mushrooms,2973,6.22,1.0,0.0,5.59,15.33,1
mushrooms,2974,2.51,1.0,0.0,3.69,3.42,0
mushrooms,2975,4.25,1.0,0.0,6.84,5.39,0
mushrooms,2976,6.96,1.0,0.0,6.37,10.98,0
mushrooms,2977,7.82,1.0,0.0,5.93,10.88,0
mushrooms,2978,4.73,1.0,0.0,7.1,4.46,1
mushrooms,2979,9.17,0.0,0.0,7.57,13.16,1
mushrooms,2980,5.43,0.0,0.0,8.28,10.03,1
mushrooms,2981,8.58,0.0,1.0,7.28,16.8,1
mushrooms,2982,5.03,0.0,0.0,5.99,7.74,0
mushrooms,2983,8.03,1.0,0.0,4.38,14.51,1
mushrooms,2984,0.93,0.0,0.0,3.05,1.52,0
mushrooms,2985,7.34,1.0,0.0,4.06,11.38,1
mushrooms,2986,4.59,0.0,0.0,6.0,7.82,0
mushrooms,2987,4.64,0.0,0.0,5.41,14.87,1
mushrooms,2988,7.92,1.0,0.0,11.27,16.2,0
mushrooms,2989,5.9,1.0,0.0,6.02,10.82,0
mushrooms,2990,4.04,1.0,0.0,5.71,3.99,0
mushrooms,2991,5.53,0.0,0.0,3.53,12.41,0
mushrooms,2992,7.01,0.0,0.0,6.88,7.02,1
mushrooms,2993,3.76,1.0,0.0,5.57,11.82,0
mushrooms,2994,2.18,0.0,0.0,6.72,4.81,1
mushrooms,2995,9.98,1.0,0.0,8.28,22.51,0
mushrooms,2996,6.45,0.0,0.0,5.93,8.11,1
mushrooms,2997,7.02,0.0,0.0,6.57,10.32,1
mushrooms,2998,8.43,1.0,0.0,7.97,19.76,0
mushrooms,2999,5.54,1.0,0.0,5.09,10.14,1
mushrooms,3000,4.56,0.0,0.0,5.8,7.02,0
mushrooms,3001,4.47,1.0,0.0,4.75,3.4,0
mushrooms,3002,7.53,0.0,0.0,9.07,9.06,0
mushrooms,3003,5.58,0.0,0.0,5.63,5.6,1
mushrooms,3004,5.62,0.0,0.0,5.92,15.95,0
mushrooms,3005,9.25,1.0,0.0,9.79,11.2,0
mushrooms,3006,2.92,1.0,0.0,3.07,7.11,0
mushrooms,3007,4.78,0.0,0.0,6.64,3.67,1
mushrooms,3008,3.63,1.0,0.0,6.09,6.02,1
mushrooms,3009,5.41,0.0,0.0,3.69,9.05,0
mushrooms,3010,7.96,1.0,0.0,6.37,10.76,1
mushrooms,3011,20.16,1.0,0.0,7.96,27.95,1
mushrooms,3012,3.51,1.0,1.0,3.7,4.83,1
mushrooms,3013,8.67,0.0,0.0,8.84,8.54,0
mushrooms,3014,16.79,1.0,0.0,6.23,40.8,0
mushrooms,3015,5.99,0.0,1.0,6.51,14.52,1
mushrooms,3016,5.77,0.0,0.0,4.98,10.82,0
mushrooms,3017,5.98,0.0,1.0,8.32,15.41,1
mushrooms,3018,4.36,0.0,0.0,4.77,6.1,0
mushrooms,3019,10.59,1.0,0.0,7.23,20.41,1
mushrooms,3020,5.1,0.0,0.0,3.28,11.57,0
mushrooms,3021,4.42,1.0,0.0,6.64,4.24,1
mushrooms,3022,12.28,0.0,1.0,5.37,13.66,0
mushrooms,3023,5.5,1.0,0.0,5.63,10.92,1
mushrooms,3024,5.25,1.0,0.0,5.99,4.06,1
mushrooms,3025,1.47,0.0,0.0,4.85,2.19,1
mushrooms,3026,14.96,1.0,1.0,5.2,26.49,0
mushrooms,3027,17.0,1.0,0.0,6.2,20.32,1
mushrooms,3028,11.34,1.0,1.0,5.64,16.8,0
mushrooms,3029,6.93,1.0,0.0,6.9,12.68,0
mushrooms,3030,9.57,0.0,0.0,9.24,12.27,1
mushrooms,3031,8.43,0.0,0.0,6.28,11.67,1
mushrooms,3032,6.93,0.0,1.0,6.11,10.23,0
mushrooms,3033,6.94,1.0,0.0,6.43,10.35,1
mushrooms,3034,9.02,1.0,0.0,9.34,9.74,0
mushrooms,3035,10.53,0.0,0.0,12.12,13.74,0
mushrooms,3036,5.27,0.0,0.0,4.17,13.36,1
mushrooms,3037,11.2,0.0,0.0,9.96,30.1,0
mushrooms,3038,3.08,0.0,0.0,6.32,6.34,1
mushrooms,3039,9.01,0.0,0.0,10.12,31.59,0
mushrooms,3040,3.06,0.0,0.0,5.61,5.35,1
mushrooms,3041,7.99,0.0,1.0,7.35,15.8,1
mushrooms,3042,3.29,0.0,0.0,5.88,4.89,1
mushrooms,3043,1.23,0.0,0.0,2.92,5.18,0
mushrooms,3044,2.57,1.0,0.0,5.58,3.53,1
mushrooms,3045,7.73,0.0,0.0,8.07,13.22,1
mushrooms,3046,12.93,0.0,0.0,8.03,11.24,1
mushrooms,3047,4.15,0.0,0.0,8.58,10.06,1
mushrooms,3048,5.79,1.0,0.0,4.53,15.96,0
mushrooms,3049,10.55,0.0,0.0,9.09,13.85,1
mushrooms,3050,1.58,0.0,0.0,4.94,2.48,1
mushrooms,3051,5.05,0.0,0.0,6.2,8.28,0
mushrooms,3052,9.63,1.0,1.0,6.13,15.65,0
mushrooms,3053,18.71,1.0,0.0,6.55,23.33,1
mushrooms,3054,6.98,1.0,0.0,4.95,12.88,1
mushrooms,3055,3.35,0.0,0.0,3.62,5.42,1
mushrooms,3056,3.39,0.0,0.0,3.82,5.12,0
mushrooms,3057,0.98,0.0,0.0,2.47,1.24,0
mushrooms,3058,4.99,0.0,0.0,5.47,12.65,0
mushrooms,3059,5.56,0.0,1.0,7.08,8.81,0
mushrooms,3060,3.86,1.0,0.0,5.93,5.03,0
mushrooms,3061,5.11,1.0,0.0,6.67,8.8,1
mushrooms,3062,9.61,0.0,0.0,8.98,26.79,1
mushrooms,3063,1.51,1.0,0.0,2.19,2.97,0
mushrooms,3064,4.43,0.0,0.0,4.74,7.03,0
mushrooms,3065,4.05,0.0,0.0,6.67,9.52,0
mushrooms,3066,5.93,0.0,0.0,6.71,6.15,1
mushrooms,3067,3.11,0.0,0.0,3.15,2.3,0
mushrooms,3068,4.92,1.0,0.0,3.48,10.0,1
mushrooms,3069,5.6,0.0,0.0,4.68,9.88,1
mushrooms,3070,6.45,0.0,0.0,10.93,10.45,0
mushrooms,3071,6.34,0.0,0.0,6.59,15.74,1
mushrooms,3072,6.31,1.0,0.0,5.08,10.36,0
mushrooms,3073,11.07,0.0,0.0,10.46,31.48,0
mushrooms,3074,3.11,1.0,0.0,4.93,3.58,0
mushrooms,3075,9.24,0.0,0.0,8.64,15.29,1
mushrooms,3076,6.86,1.0,0.0,5.94,12.68,1
mushrooms,3077,1.92,1.0,0.0,3.35,3.28,0
mushrooms,3078,3.91,0.0,0.0,5.32,8.38,0
mushrooms,3079,8.35,0.0,0.0,9.52,11.55,0
mushrooms,3080,3.84,0.0,0.0,3.59,5.89,1
mushrooms,3081,10.69,0.0,1.0,4.63,21.69,0
mushrooms,3082,16.97,1.0,1.0,6.64,29.22,0
mushrooms,3083,8.6,1.0,0.0,2.39,12.78,1
mushrooms,3084,11.58,1.0,0.0,22.49,13.5,1
mushrooms,3085,7.61,0.0,0.0,5.3,10.19,1
mushrooms,3086,4.89,1.0,0.0,7.6,5.82,1
mushrooms,3087,8.92,1.0,0.0,10.1,11.21,0
mushrooms,3088,16.59,0.0,1.0,6.27,32.21,0
mushrooms,3089,3.51,0.0,0.0,6.9,6.27,1
mushrooms,3090,10.09,1.0,0.0,7.82,15.18,1
mushrooms,3091,6.69,0.0,0.0,5.29,9.46,1
mushrooms,3092,4.35,0.0,0.0,10.89,8.39,0
mushrooms,3093,2.83,0.0,0.0,2.92,7.47,0
mushrooms,3094,5.67,1.0,0.0,3.68,8.33,1
mushrooms,3095,3.75,0.0,0.0,4.8,6.97,1
mushrooms,3096,2.85,0.0,0.0,3.02,6.91,0
mushrooms,3097,3.77,0.0,0.0,3.23,11.51,0
mushrooms,3098,8.5,0.0,0.0,8.44,12.76,1
mushrooms,3099,8.99,1.0,0.0,6.24,19.91,1
mushrooms,3100,4.85,0.0,0.0,6.69,8.1,0
mushrooms,3101,6.89,0.0,0.0,4.41,12.74,1
mushrooms,3102,4.08,1.0,0.0,6.15,4.12,0
mushrooms,3103,19.76,1.0,1.0,7.11,31.4,0
mushrooms,3104,4.34,1.0,0.0,6.93,5.32,1
mushrooms,3105,4.27,0.0,0.0,6.51,6.62,1
mushrooms,3106,7.12,1.0,1.0,6.26,8.35,0
mushrooms,3107,13.72,1.0,0.0,9.85,25.44,1
mushrooms,3108,5.83,0.0,0.0,5.49,6.1,1
mushrooms,3109,8.45,0.0,0.0,8.77,8.79,0
mushrooms,3110,10.93,0.0,0.0,13.53,13.48,0
mushrooms,3111,3.88,0.0,0.0,5.06,6.7,1
mushrooms,3112,4.6,1.0,0.0,4.11,6.47,1
mushrooms,3113,10.98,1.0,0.0,4.75,21.08,1
mushrooms,3114,9.21,1.0,0.0,7.0,13.38,0
mushrooms,3115,10.01,0.0,0.0,8.6,10.64,1
mushrooms,3116,2.63,1.0,0.0,5.4,6.19,1
mushrooms,3117,10.36,0.0,0.0,11.59,11.69,0
mushrooms,3118,4.83,0.0,0.0,5.23,10.55,1
mushrooms,3119,4.71,0.0,0.0,8.28,9.19,1
mushrooms,3120,7.19,0.0,0.0,6.99,17.46,1
mushrooms,3121,13.27,0.0,1.0,4.96,24.38,0
mushrooms,3122,8.0,0.0,0.0,7.9,8.74,0
mushrooms,3123,6.44,0.0,0.0,5.94,4.71,1
mushrooms,3124,1.24,1.0,0.0,3.9,5.79,0
mushrooms,3125,15.19,1.0,0.0,2.59,16.51,1
mushrooms,3126,3.07,0.0,0.0,2.86,5.87,1
mushrooms,3127,3.62,0.0,0.0,7.37,3.7,0
mushrooms,3128,7.83,0.0,0.0,6.62,17.33,0
mushrooms,3129,13.15,0.0,0.0,5.66,15.56,1
mushrooms,3130,7.23,1.0,0.0,4.37,14.95,1
mushrooms,3131,4.36,0.0,0.0,5.01,7.36,1
mushrooms,3132,7.04,1.0,0.0,7.31,17.32,0
mushrooms,3133,2.01,0.0,0.0,2.77,2.85,0
mushrooms,3134,3.27,0.0,0.0,4.8,6.28,1
mushrooms,3135,7.24,1.0,0.0,5.86,12.9,1
mushrooms,3136,8.38,0.0,0.0,7.92,7.35,0
mushrooms,3137,8.72,1.0,0.0,5.01,19.27,1
mushrooms,3138,5.4,0.0,0.0,3.39,12.29,0
mushrooms,3139,4.11,0.0,0.0,2.97,11.43,0
mushrooms,3140,4.79,0.0,0.0,5.81,6.81,0
mushrooms,3141,6.28,1.0,0.0,6.2,9.7,1
mushrooms,3142,0.84,0.0,0.0,2.19,1.27,0
mushrooms,3143,6.69,1.0,0.0,5.41,9.85,0
mushrooms,3144,6.95,0.0,0.0,4.62,9.28,1
mushrooms,3145,3.4,0.0,0.0,6.27,5.78,1
mushrooms,3146,2.97,0.0,0.0,5.96,5.06,1
mushrooms,3147,5.6,1.0,0.0,4.64,9.84,1
mushrooms,3148,2.98,1.0,1.0,3.92,5.55,1
mushrooms,3149,8.21,0.0,0.0,9.49,9.05,0
mushrooms,3150,7.01,1.0,0.0,8.38,33.51,1
mushrooms,3151,8.22,0.0,0.0,7.41,22.06,1
mushrooms,3152,4.45,0.0,0.0,9.14,7.86,0
mushrooms,3153,2.57,0.0,0.0,5.68,6.12,1
mushrooms,3154,3.47,0.0,0.0,6.02,7.34,0
mushrooms,3155,6.31,0.0,1.0,7.54,15.23,1
mushrooms,3156,8.68,1.0,0.0,7.02,12.04,0
mushrooms,3157,6.73,0.0,0.0,8.61,24.5,0
mushrooms,3158,3.14,1.0,0.0,5.96,6.15,1
mushrooms,3159,3.75,0.0,0.0,4.93,6.67,1
mushrooms,3160,6.62,1.0,1.0,5.99,7.46,0
mushrooms,3161,4.5,1.0,0.0,6.13,6.55,1
mushrooms,3162,9.03,1.0,0.0,11.51,12.15,1
mushrooms,3163,0.91,0.0,0.0,3.1,1.49,0
mushrooms,3164,8.25,1.0,0.0,7.67,20.51,1
mushrooms,3165,8.22,0.0,0.0,7.28,12.15,1
mushrooms,3166,3.27,0.0,0.0,4.73,6.73,1
mushrooms,3167,8.65,1.0,0.0,9.69,9.94,0
mushrooms,3168,9.21,0.0,0.0,7.82,10.25,1
mushrooms,3169,6.07,0.0,1.0,4.91,15.35,0
mushrooms,3170,7.13,0.0,0.0,9.16,9.54,0
mushrooms,3171,4.57,0.0,0.0,7.98,8.34,1
mushrooms,3172,8.28,1.0,0.0,4.37,17.68,1
mushrooms,3173,3.52,1.0,0.0,4.15,3.58,0
mushrooms,3174,4.58,0.0,0.0,6.29,8.6,0
mushrooms,3175,6.92,0.0,0.0,4.09,12.96,1
mushrooms,3176,3.15,0.0,0.0,6.41,9.62,0
mushrooms,3177,4.73,0.0,0.0,6.17,4.68,1
mushrooms,3178,4.14,0.0,0.0,5.61,7.49,0
mushrooms,3179,4.87,1.0,0.0,7.28,5.55,0
mushrooms,3180,8.98,0.0,0.0,7.26,12.25,1
mushrooms,3181,6.69,1.0,0.0,5.69,9.57,0
mushrooms,3182,3.66,0.0,0.0,5.83,9.31,0
mushrooms,3183,16.73,1.0,0.0,6.67,24.1,1
mushrooms,3184,5.37,0.0,0.0,4.77,11.16,0
mushrooms,3185,2.95,1.0,0.0,3.83,2.3,0
mushrooms,3186,3.97,1.0,0.0,4.24,3.51,0
mushrooms,3187,9.82,1.0,0.0,5.83,26.12,1
mushrooms,3188,7.21,0.0,0.0,3.95,11.47,1
mushrooms,3189,11.25,0.0,0.0,7.6,15.81,1
mushrooms,3190,11.31,0.0,0.0,9.1,26.12,1
mushrooms,3191,7.69,1.0,0.0,4.86,10.44,0
mushrooms,3192,6.15,0.0,1.0,6.1,8.09,0
mushrooms,3193,20.05,0.0,0.0,7.77,25.4,1
mushrooms,3194,7.14,0.0,0.0,10.61,10.55,0
mushrooms,3195,1.28,0.0,0.0,1.49,2.3,0
mushrooms,3196,2.68,1.0,1.0,2.96,5.36,0
mushrooms,3197,3.59,0.0,0.0,5.36,6.98,0
mushrooms,3198,6.63,0.0,1.0,7.07,7.54,0
mushrooms,3199,6.23,0.0,1.0,5.71,14.15,0
mushrooms,3200,1.52,0.0,0.0,4.67,2.43,1
mushrooms,3201,7.74,0.0,0.0,10.31,13.36,0
mushrooms,3202,4.35,0.0,0.0,5.33,6.61,0
mushrooms,3203,8.64,1.0,0.0,2.56,17.09,1
mushrooms,3204,12.49,1.0,0.0,2.52,16.68,1
mushrooms,3205,0.95,0.0,0.0,3.17,1.39,0
mushrooms,3206,3.66,1.0,0.0,5.66,3.55,1
mushrooms,3207,14.0,0.0,0.0,6.9,21.46,1
mushrooms,3208,15.19,1.0,0.0,2.49,14.91,1
mushrooms,3209,5.51,0.0,0.0,6.84,9.54,1
mushrooms,3210,7.68,0.0,0.0,7.9,7.57,0
mushrooms,3211,7.31,1.0,0.0,6.78,15.26,1
mushrooms,3212,4.59,1.0,0.0,6.72,5.45,1
mushrooms,3213,4.52,1.0,0.0,6.45,3.81,1
mushrooms,3214,3.68,0.0,0.0,4.24,8.41,0
mushrooms,3215,4.59,1.0,0.0,6.82,4.36,1
mushrooms,3216,10.08,1.0,0.0,6.78,14.32,1
mushrooms,3217,14.0,1.0,0.0,10.14,27.75,1
mushrooms,3218,4.83,0.0,0.0,6.16,7.26,0
mushrooms,3219,3.54,0.0,0.0,3.27,2.5,0
mushrooms,3220,6.87,0.0,1.0,5.08,14.1,0
mushrooms,3221,6.26,1.0,0.0,6.74,16.72,0
mushrooms,3222,2.87,1.0,0.0,4.85,3.73,0
mushrooms,3223,7.25,0.0,0.0,7.05,18.21,1
mushrooms,3224,5.24,0.0,0.0,5.62,10.36,0
mushrooms,3225,5.71,1.0,0.0,5.19,12.64,1
mushrooms,3226,10.7,1.0,0.0,11.49,17.07,0
mushrooms,3227,10.76,1.0,0.0,5.22,18.78,1
mushrooms,3228,5.62,1.0,0.0,4.13,9.38,1
mushrooms,3229,7.64,1.0,0.0,5.62,9.36,1
mushrooms,3230,4.33,1.0,0.0,6.24,5.2,0
mushrooms,3231,8.19,0.0,0.0,6.8,15.33,1
mushrooms,3232,7.59,0.0,0.0,8.64,8.81,0
mushrooms,3233,3.01,1.0,0.0,4.3,2.89,0
mushrooms,3234,6.09,0.0,0.0,5.06,16.31,0
mushrooms,3235,1.01,0.0,0.0,2.97,1.45,0
mushrooms,3236,3.4,1.0,0.0,4.34,4.42,1
mushrooms,3237,3.14,1.0,0.0,6.99,3.64,0
mushrooms,3238,7.44,0.0,0.0,7.62,7.76,0
mushrooms,3239,8.06,1.0,0.0,6.2,18.42,0
mushrooms,3240,9.76,0.0,0.0,8.95,11.26,1
mushrooms,3241,11.98,1.0,0.0,10.1,17.44,1
mushrooms,3242,4.14,0.0,0.0,3.0,11.89,0
mushrooms,3243,8.43,0.0,0.0,7.93,19.27,1
mushrooms,3244,4.61,0.0,0.0,4.5,5.62,0
mushrooms,3245,5.49,0.0,0.0,5.72,10.24,0
mushrooms,3246,1.84,0.0,0.0,2.32,2.61,0
mushrooms,3247,1.03,0.0,0.0,2.99,1.34,0
mushrooms,3248,15.53,1.0,0.0,2.81,17.22,1
mushrooms,3249,9.41,0.0,0.0,8.35,13.04,1
mushrooms,3250,4.07,1.0,0.0,4.87,3.11,0
mushrooms,3251,1.72,0.0,0.0,2.17,2.64,0
mushrooms,3252,7.83,0.0,0.0,7.9,12.47,1
mushrooms,3253,3.14,0.0,0.0,5.81,8.67,0
mushrooms,3254,6.48,0.0,1.0,7.2,13.99,1
mushrooms,3255,5.15,1.0,0.0,6.65,9.16,1
mushrooms,3256,7.43,1.0,0.0,7.0,13.34,0
mushrooms,3257,3.04,1.0,1.0,3.55,4.81,1
mushrooms,3258,3.52,1.0,1.0,4.45,6.09,1
mushrooms,3259,2.27,1.0,0.0,2.91,3.42,0
mushrooms,3260,7.31,0.0,0.0,8.09,7.65,0
mushrooms,3261,2.09,1.0,0.0,3.43,3.48,0
mushrooms,3262,5.99,0.0,0.0,4.67,9.96,1
mushrooms,3263,4.18,0.0,0.0,3.78,6.65,1
mushrooms,3264,8.86,0.0,0.0,11.88,12.89,0
mushrooms,3265,5.17,0.0,0.0,6.68,8.62,0
mushrooms,3266,7.28,0.0,0.0,4.26,11.92,1
mushrooms,3267,1.62,0.0,0.0,5.09,2.48,1
mushrooms,3268,5.6,1.0,0.0,6.1,16.33,0
mushrooms,3269,6.13,0.0,1.0,6.1,13.12,0
mushrooms,3270,6.72,1.0,0.0,2.41,14.68,1
mushrooms,3271,8.95,1.0,0.0,8.13,18.11,0
mushrooms,3272,1.5,0.0,0.0,1.91,2.37,0
mushrooms,3273,8.08,1.0,0.0,6.38,17.92,0
mushrooms,3274,11.81,1.0,1.0,5.15,25.7,0
mushrooms,3275,9.49,0.0,0.0,9.44,25.92,0
mushrooms,3276,3.49,1.0,0.0,7.17,7.48,1
mushrooms,3277,3.12,1.0,0.0,5.23,4.8,0
mushrooms,3278,4.03,1.0,0.0,7.71,4.43,0
mushrooms,3279,3.68,0.0,0.0,3.34,7.41,1
mushrooms,3280,3.28,1.0,0.0,4.27,2.89,0
mushrooms,3281,8.07,1.0,0.0,4.56,14.64,1
mushrooms,3282,3.69,1.0,0.0,4.24,11.96,1
mushrooms,3283,1.05,0.0,0.0,3.26,1.54,0
mushrooms,3284,4.43,1.0,0.0,6.41,9.22,1
mushrooms,3285,6.14,1.0,0.0,4.68,15.08,1
mushrooms,3286,21.0,1.0,0.0,5.82,38.72,0
mushrooms,3287,9.53,0.0,0.0,7.29,11.06,1
mushrooms,3288,1.23,0.0,0.0,3.37,1.55,0
mushrooms,3289,7.9,0.0,1.0,8.33,16.13,1
mushrooms,3290,1.29,1.0,0.0,3.74,5.53,0
mushrooms,3291,6.39,0.0,0.0,5.2,9.43,1
mushrooms,3292,8.41,0.0,0.0,8.73,8.68,0
mushrooms,3293,4.57,0.0,0.0,5.4,15.2,1
mushrooms,3294,5.94,1.0,0.0,6.23,11.29,0
mushrooms,3295,7.65,0.0,0.0,6.36,15.54,0
mushrooms,3296,18.78,0.0,1.0,8.38,35.61,0
mushrooms,3297,7.14,0.0,0.0,10.51,14.35,0
mushrooms,3298,8.78,1.0,0.0,10.82,15.88,0
mushrooms,3299,6.96,0.0,0.0,5.51,10.89,1
mushrooms,3300,4.47,0.0,0.0,5.5,4.47,1
mushrooms,3301,7.91,1.0,0.0,3.89,13.62,1
mushrooms,3302,8.95,1.0,0.0,9.97,10.6,0
mushrooms,3303,3.47,0.0,0.0,3.29,7.91,0
mushrooms,3304,2.87,1.0,1.0,2.91,5.97,0
mushrooms,3305,5.96,0.0,1.0,6.66,16.13,0
mushrooms,3306,4.28,1.0,1.0,4.93,7.03,1
mushrooms,3307,6.48,0.0,1.0,7.27,16.61,1
mushrooms,3308,9.63,1.0,0.0,14.48,12.31,1
mushrooms,3309,5.28,0.0,0.0,4.9,14.35,0
mushrooms,3310,11.66,1.0,1.0,4.36,24.26,0
mushrooms,3311,3.71,1.0,1.0,4.64,6.09,1
mushrooms,3312,10.71,1.0,0.0,8.24,19.89,1
mushrooms,3313,7.37,1.0,0.0,6.35,11.46,0
mushrooms,3314,1.44,1.0,0.0,5.39,2.6,1
mushrooms,3315,5.1,0.0,0.0,6.32,4.07,1
mushrooms,3316,7.71,0.0,0.0,4.69,9.84,0
mushrooms,3317,2.84,0.0,0.0,3.5,2.39,0
mushrooms,3318,3.63,0.0,0.0,3.3,6.87,1
mushrooms,3319,5.44,0.0,0.0,6.12,4.58,1
mushrooms,3320,2.6,0.0,0.0,3.09,6.52,0
mushrooms,3321,6.45,0.0,0.0,5.74,10.79,0
mushrooms,3322,8.0,1.0,0.0,9.32,15.24,1
mushrooms,3323,5.07,0.0,0.0,5.22,3.31,1
mushrooms,3324,7.89,1.0,0.0,6.78,16.49,1
mushrooms,3325,4.11,1.0,0.0,5.9,4.05,1
mushrooms,3326,9.22,1.0,0.0,7.04,10.2,1
mushrooms,3327,4.74,1.0,0.0,6.26,4.6,0
mushrooms,3328,10.01,1.0,0.0,7.53,28.5,1
mushrooms,3329,3.34,0.0,0.0,6.15,8.98,0
mushrooms,3330,3.23,1.0,0.0,6.1,6.26,0
mushrooms,3331,5.25,1.0,0.0,5.66,10.29,0
mushrooms,3332,5.04,0.0,0.0,7.62,9.09,0
mushrooms,3333,3.09,1.0,0.0,4.75,4.84,0
mushrooms,3334,6.86,1.0,0.0,5.79,16.94,0
mushrooms,3335,5.92,0.0,0.0,7.66,7.44,0
mushrooms,3336,7.41,0.0,1.0,8.53,9.22,0
mushrooms,3337,4.46,0.0,0.0,5.74,10.25,0
mushrooms,3338,2.96,1.0,1.0,3.17,6.4,0
mushrooms,3339,13.96,0.0,0.0,8.03,22.6,1
mushrooms,3340,2.76,1.0,0.0,3.21,5.54,1
mushrooms,3341,3.58,1.0,1.0,4.66,6.87,1
mushrooms,3342,6.4,0.0,1.0,8.27,14.91,1
mushrooms,3343,4.22,0.0,0.0,6.58,6.92,1
mushrooms,3344,3.17,0.0,0.0,3.05,2.46,0
mushrooms,3345,6.35,1.0,1.0,5.47,8.85,0
mushrooms,3346,2.43,0.0,0.0,5.53,6.58,1
mushrooms,3347,8.27,0.0,0.0,7.4,29.09,1
mushrooms,3348,6.93,0.0,0.0,7.76,12.36,1
mushrooms,3349,17.86,1.0,1.0,6.46,31.39,0
mushrooms,3350,8.34,0.0,0.0,9.91,11.27,0
mushrooms,3351,6.02,0.0,1.0,5.46,15.22,0
mushrooms,3352,2.84,1.0,1.0,3.57,5.95,0
mushrooms,3353,4.09,0.0,0.0,7.16,6.76,1
mushrooms,3354,2.87,0.0,0.0,6.4,10.55,0
mushrooms,3355,5.8,1.0,0.0,5.93,16.26,1
mushrooms,3356,7.1,0.0,0.0,5.16,9.59,1
mushrooms,3357,16.22,0.0,0.0,5.18,21.06,1
mushrooms,3358,6.05,0.0,0.0,5.64,13.08,0
mushrooms,3359,7.7,1.0,0.0,6.6,17.63,0
mushrooms,3360,15.24,0.0,0.0,8.59,25.26,1
mushrooms,3361,18.76,0.0,1.0,6.79,27.42,0
mushrooms,3362,6.82,1.0,0.0,6.42,11.02,0
mushrooms,3363,3.75,1.0,0.0,4.58,3.54,0
mushrooms,3364,7.03,0.0,0.0,6.3,14.9,0
mushrooms,3365,3.53,1.0,0.0,8.37,3.81,0
mushrooms,3366,7.59,1.0,0.0,4.41,11.6,1
mushrooms,3367,4.06,0.0,0.0,5.24,7.21,1
mushrooms,3368,3.08,0.0,0.0,3.9,5.38,1
mushrooms,3369,7.24,0.0,0.0,6.47,19.01,1
mushrooms,3370,5.55,0.0,0.0,4.87,9.81,1
mushrooms,3371,9.78,1.0,0.0,4.98,19.46,1
mushrooms,3372,7.23,0.0,1.0,6.31,7.43,0
mushrooms,3373,4.92,1.0,0.0,4.23,12.25,0
mushrooms,3374,6.04,1.0,0.0,4.05,11.87,1
mushrooms,3375,8.7,1.0,0.0,6.97,17.25,0
mushrooms,3376,3.58,1.0,0.0,5.58,3.71,1
mushrooms,3377,6.35,1.0,1.0,5.67,8.05,0
mushrooms,3378,3.34,1.0,1.0,3.34,6.01,0
mushrooms,3379,9.92,1.0,1.0,5.96,15.01,0
mushrooms,3380,7.69,0.0,0.0,3.34,8.4,0
mushrooms,3381,4.74,0.0,0.0,7.77,5.88,1
mushrooms,3382,7.11,0.0,0.0,5.65,12.6,1
mushrooms,3383,7.61,1.0,0.0,6.94,18.99,0
mushrooms,3384,7.76,0.0,0.0,5.5,15.19,0
mushrooms,3385,5.96,0.0,0.0,6.43,11.21,1
mushrooms,3386,4.27,1.0,0.0,5.28,2.98,0
mushrooms,3387,11.04,0.0,0.0,7.77,27.45,0
mushrooms,3388,10.76,1.0,0.0,4.98,20.53,1
mushrooms,3389,1.46,0.0,0.0,1.68,2.43,0
mushrooms,3390,3.0,0.0,0.0,2.88,7.31,0
mushrooms,3391,4.62,0.0,0.0,9.27,8.63,0
mushrooms,3392,5.11,1.0,0.0,18.52,12.67,1
mushrooms,3393,3.72,0.0,0.0,8.73,4.1,0
mushrooms,3394,9.35,0.0,0.0,10.82,13.0,0
mushrooms,3395,3.18,1.0,1.0,3.98,5.19,1
mushrooms,3396,1.53,0.0,0.0,2.36,2.52,0
mushrooms,3397,9.02,0.0,0.0,7.47,10.46,1
mushrooms,3398,2.36,0.0,0.0,6.15,3.88,1
mushrooms,3399,1.06,0.0,0.0,1.58,2.21,0
mushrooms,3400,4.31,1.0,0.0,8.51,4.48,0
mushrooms,3401,2.77,0.0,0.0,3.25,7.82,0
mushrooms,3402,11.16,0.0,1.0,5.68,13.33,0
mushrooms,3403,17.0,1.0,0.0,5.09,30.06,0
mushrooms,3404,6.95,1.0,0.0,6.71,10.47,0
mushrooms,3405,7.12,0.0,0.0,5.14,14.41,1
mushrooms,3406,5.27,1.0,0.0,3.24,11.13,1
mushrooms,3407,6.32,0.0,0.0,5.8,12.4,1
mushrooms,3408,2.29,0.0,0.0,5.99,4.58,1
mushrooms,3409,3.59,1.0,1.0,4.7,6.22,1
mushrooms,3410,6.66,0.0,0.0,7.48,7.6,0
mushrooms,3411,6.81,1.0,0.0,6.43,9.81,1
mushrooms,3412,3.5,0.0,0.0,5.85,9.03,0
mushrooms,3413,6.18,0.0,0.0,6.24,5.26,1
mushrooms,3414,7.24,0.0,0.0,6.24,18.37,1
mushrooms,3415,6.85,0.0,1.0,8.37,17.2,1
mushrooms,3416,9.98,0.0,0.0,8.65,10.95,1
mushrooms,3417,4.56,0.0,0.0,4.72,4.73,1
mushrooms,3418,4.61,0.0,0.0,6.01,8.07,0
mushrooms,3419,3.64,0.0,0.0,3.64,7.78,1
mushrooms,3420,7.1,1.0,0.0,5.98,25.39,1
mushrooms,3421,5.83,0.0,0.0,6.06,6.95,1
mushrooms,3422,5.52,0.0,0.0,3.57,12.09,0
mushrooms,3423,5.52,0.0,0.0,6.84,8.92,1
mushrooms,3424,3.94,0.0,0.0,3.05,10.02,1
mushrooms,3425,3.98,0.0,0.0,6.1,9.58,0
mushrooms,3426,11.03,0.0,0.0,8.03,11.81,1
mushrooms,3427,3.54,0.0,0.0,4.17,5.89,0
mushrooms,3428,3.5,0.0,0.0,7.73,4.08,0
mushrooms,3429,1.02,0.0,0.0,3.48,1.7,0
mushrooms,3430,7.88,0.0,0.0,6.65,11.96,1
mushrooms,3431,5.26,0.0,0.0,5.54,13.75,0
mushrooms,3432,1.37,0.0,0.0,3.13,5.32,0
mushrooms,3433,7.08,0.0,0.0,6.9,11.38,1
mushrooms,3434,8.5,1.0,0.0,7.82,27.66,1
mushrooms,3435,6.09,0.0,0.0,6.53,6.02,1
mushrooms,3436,11.98,1.0,0.0,4.94,20.9,1
mushrooms,3437,9.14,1.0,0.0,9.83,15.04,1
mushrooms,3438,6.38,0.0,0.0,5.79,6.26,1
mushrooms,3439,7.63,0.0,0.0,6.73,15.22,1
mushrooms,3440,2.34,0.0,0.0,4.59,3.71,1
mushrooms,3441,10.16,0.0,1.0,6.62,14.12,0
mushrooms,3442,7.23,0.0,0.0,4.57,11.77,1
mushrooms,3443,1.59,0.0,0.0,1.96,2.66,0
mushrooms,3444,1.29,1.0,0.0,4.38,2.44,1
mushrooms,3445,4.63,1.0,0.0,6.52,4.43,1
mushrooms,3446,9.83,0.0,0.0,7.47,31.61,1
mushrooms,3447,5.63,0.0,0.0,4.89,12.91,1
mushrooms,3448,8.83,1.0,0.0,6.35,21.6,1
mushrooms,3449,3.38,1.0,0.0,7.23,3.56,0
mushrooms,3450,6.0,0.0,1.0,7.9,8.67,0
mushrooms,3451,11.27,1.0,0.0,11.84,18.09,0
mushrooms,3452,4.63,1.0,0.0,5.23,14.16,0
mushrooms,3453,8.74,0.0,0.0,5.54,17.71,0
mushrooms,3454,4.46,0.0,0.0,3.33,11.95,0
mushrooms,3455,2.93,0.0,0.0,5.87,4.41,1
mushrooms,3456,3.26,0.0,0.0,3.1,5.69,1
mushrooms,3457,6.5,1.0,1.0,6.04,8.05,0
mushrooms,3458,7.71,0.0,0.0,6.98,9.84,1
mushrooms,3459,5.8,0.0,0.0,4.81,5.69,0
mushrooms,3460,3.4,1.0,0.0,4.38,3.4,0
mushrooms,3461,5.62,1.0,0.0,6.52,15.66,1
mushrooms,3462,4.34,0.0,0.0,5.23,10.72,1
mushrooms,3463,8.15,1.0,0.0,2.24,13.81,1
mushrooms,3464,3.7,1.0,0.0,5.88,3.73,1
mushrooms,3465,9.63,1.0,0.0,7.58,18.49,1
mushrooms,3466,4.03,0.0,0.0,3.16,11.77,0
mushrooms,3467,1.17,0.0,0.0,3.69,5.84,0
mushrooms,3468,2.8,0.0,0.0,5.21,7.21,0
mushrooms,3469,8.16,0.0,0.0,6.59,9.63,1
mushrooms,3470,4.68,1.0,0.0,5.81,5.06,0
mushrooms,3471,7.93,1.0,0.0,5.18,10.3,0
mushrooms,3472,0.97,0.0,0.0,2.87,1.36,0
mushrooms,3473,8.53,1.0,0.0,8.46,15.8,0
mushrooms,3474,13.67,0.0,0.0,9.47,18.06,1
mushrooms,3475,6.59,0.0,0.0,5.99,4.9,1
mushrooms,3476,3.97,0.0,0.0,8.48,8.05,0
mushrooms,3477,11.68,1.0,1.0,6.58,16.06,0
mushrooms,3478,1.24,1.0,0.0,4.96,2.37,1
mushrooms,3479,2.67,1.0,0.0,5.68,3.13,1
mushrooms,3480,5.77,1.0,0.0,5.79,15.88,0
mushrooms,3481,1.87,1.0,0.0,3.48,3.4,0
mushrooms,3482,2.5,1.0,0.0,2.88,8.94,0
mushrooms,3483,8.47,0.0,0.0,11.12,11.33,0
mushrooms,3484,10.71,0.0,0.0,7.57,22.37,1
mushrooms,3485,3.29,1.0,0.0,5.97,6.01,1
mushrooms,3486,2.66,0.0,0.0,5.34,4.13,1
mushrooms,3487,5.48,1.0,0.0,3.6,10.61,1
mushrooms,3488,8.11,1.0,0.0,6.46,17.86,0
mushrooms,3489,4.87,0.0,0.0,6.7,6.13,1
mushrooms,3490,5.44,1.0,0.0,6.44,10.03,1
mushrooms,3491,8.56,0.0,0.0,7.76,21.05,1
mushrooms,3492,7.33,1.0,0.0,12.8,11.44,1
mushrooms,3493,3.08,1.0,0.0,4.01,3.56,0
mushrooms,3494,2.94,0.0,0.0,3.73,4.93,0
mushrooms,3495,19.35,1.0,1.0,7.99,29.06,0
mushrooms,3496,3.77,0.0,0.0,4.67,6.44,0
mushrooms,3497,8.68,1.0,0.0,7.52,20.93,1
mushrooms,3498,4.11,1.0,0.0,2.91,5.75,1
mushrooms,3499,2.95,0.0,0.0,3.55,2.53,0
mushrooms,3500,6.86,1.0,0.0,5.58,16.45,1
mushrooms,3501,7.27,0.0,0.0,7.82,8.45,0
mushrooms,3502,8.42,1.0,0.0,6.22,17.11,0
mushrooms,3503,6.15,0.0,0.0,6.11,13.84,0
mushrooms,3504,4.91,0.0,0.0,6.65,9.92,1
mushrooms,3505,7.09,0.0,0.0,13.12,14.08,0
mushrooms,3506,4.26,0.0,0.0,5.7,9.15,1
mushrooms,3507,1.3,1.0,0.0,3.61,5.5,0
mushrooms,3508,4.71,0.0,0.0,7.93,7.93,1
mushrooms,3509,4.41,1.0,0.0,6.31,4.76,0
mushrooms,3510,4.69,0.0,0.0,7.62,9.08,1
mushrooms,3511,8.46,0.0,0.0,6.83,18.9,1
mushrooms,3512,4.09,0.0,0.0,4.38,5.93,0
mushrooms,3513,4.24,0.0,0.0,5.3,6.25,0
mushrooms,3514,1.61,0.0,0.0,1.89,2.51,0
mushrooms,3515,1.24,0.0,0.0,2.48,4.69,0
mushrooms,3516,7.61,0.0,0.0,7.33,29.3,1
mushrooms,3517,7.91,1.0,0.0,6.46,14.16,0
mushrooms,3518,5.91,1.0,0.0,5.27,8.35,1
mushrooms,3519,3.53,1.0,0.0,3.82,7.05,1
mushrooms,3520,6.72,1.0,0.0,5.94,16.88,0
mushrooms,3521,1.37,1.0,0.0,5.13,2.52,1
mushrooms,3522,4.24,0.0,0.0,5.91,9.55,0
mushrooms,3523,3.07,1.0,0.0,5.43,6.07,1
mushrooms,3524,3.09,0.0,0.0,6.89,4.53,1
mushrooms,3525,3.71,0.0,0.0,6.25,5.79,0
mushrooms,3526,4.53,0.0,0.0,5.74,7.54,0
mushrooms,3527,7.0,1.0,0.0,6.42,12.37,1
mushrooms,3528,3.0,1.0,0.0,5.32,6.35,1
mushrooms,3529,8.6,1.0,0.0,7.4,13.11,0
mushrooms,3530,3.78,0.0,0.0,8.3,4.04,0
mushrooms,3531,8.03,1.0,0.0,6.71,19.97,1
mushrooms,3532,5.93,1.0,0.0,7.17,10.31,1
mushrooms,3533,0.96,0.0,0.0,3.05,1.44,0
mushrooms,3534,3.13,1.0,0.0,3.79,2.6,0
mushrooms,3535,8.11,0.0,0.0,5.31,9.4,1
mushrooms,3536,4.17,0.0,0.0,3.47,8.77,1
mushrooms,3537,7.44,1.0,0.0,7.1,20.52,1
mushrooms,3538,3.84,0.0,0.0,6.53,7.61,0
mushrooms,3539,1.03,0.0,0.0,2.84,1.49,0
mushrooms,3540,6.67,0.0,0.0,5.87,10.04,1
mushrooms,3541,6.72,0.0,1.0,5.21,15.63,0
mushrooms,3542,8.07,1.0,0.0,6.44,17.0,0
mushrooms,3543,7.4,0.0,0.0,10.56,11.66,0
mushrooms,3544,7.35,0.0,0.0,4.62,16.7,0
mushrooms,3545,5.81,0.0,0.0,4.74,4.03,1
mushrooms,3546,4.16,1.0,0.0,6.52,4.91,0
mushrooms,3547,5.54,1.0,0.0,5.12,5.23,1
mushrooms,3548,10.52,1.0,0.0,2.44,15.94,1
mushrooms,3549,3.12,0.0,0.0,6.47,4.43,1
mushrooms,3550,8.87,1.0,0.0,4.92,20.64,1
mushrooms,3551,7.9,1.0,0.0,5.3,12.3,1
mushrooms,3552,2.98,1.0,0.0,4.36,3.56,0
mushrooms,3553,5.37,0.0,0.0,4.69,9.36,1
mushrooms,3554,1.04,0.0,0.0,3.38,1.58,0
mushrooms,3555,1.29,0.0,0.0,1.8,2.27,0
mushrooms,3556,8.99,1.0,0.0,7.18,32.07,1
mushrooms,3557,6.73,1.0,0.0,5.5,9.57,1
mushrooms,3558,7.14,0.0,0.0,5.91,9.95,1
mushrooms,3559,6.02,0.0,0.0,6.83,9.76,1
mushrooms,3560,5.06,0.0,0.0,4.23,8.75,1
mushrooms,3561,3.24,0.0,0.0,3.43,8.81,1
mushrooms,3562,5.04,0.0,1.0,5.28,14.04,0
mushrooms,3563,8.12,0.0,0.0,7.11,20.5,1
mushrooms,3564,9.35,1.0,0.0,10.06,12.0,0
mushrooms,3565,8.85,0.0,0.0,7.98,15.88,1
mushrooms,3566,3.46,1.0,0.0,4.27,2.93,0
mushrooms,3567,6.28,1.0,0.0,4.94,16.13,0
mushrooms,3568,10.93,1.0,1.0,5.85,13.9,0
mushrooms,3569,9.36,0.0,0.0,6.95,30.68,1
mushrooms,3570,4.01,0.0,0.0,5.98,6.2,1
mushrooms,3571,4.66,0.0,0.0,8.15,9.93,1
mushrooms,3572,7.62,1.0,0.0,5.6,12.44,1
mushrooms,3573,6.13,0.0,0.0,5.84,9.92,1
mushrooms,3574,3.66,1.0,0.0,4.23,3.0,0
mushrooms,3575,7.6,1.0,0.0,6.66,12.77,1
mushrooms,3576,6.32,0.0,0.0,7.34,7.98,0
mushrooms,3577,4.58,1.0,0.0,4.69,10.8,1
mushrooms,3578,3.23,0.0,0.0,4.99,6.16,0
mushrooms,3579,4.97,0.0,0.0,5.26,8.97,1
mushrooms,3580,7.5,1.0,0.0,4.74,10.32,0
mushrooms,3581,5.1,0.0,0.0,3.49,13.32,0
mushrooms,3582,7.29,0.0,1.0,7.84,14.84,1
mushrooms,3583,3.33,0.0,0.0,6.78,4.69,1
mushrooms,3584,3.85,1.0,0.0,5.88,4.27,0
mushrooms,3585,2.43,1.0,0.0,6.27,3.45,1
mushrooms,3586,3.14,0.0,0.0,3.55,2.63,0
mushrooms,3587,4.05,0.0,0.0,8.37,4.33,0
mushrooms,3588,3.11,0.0,0.0,4.91,6.75,0
mushrooms,3589,8.12,0.0,0.0,6.3,13.02,1
mushrooms,3590,0.86,0.0,0.0,2.67,1.36,0
mushrooms,3591,5.62,1.0,0.0,10.54,13.88,0
mushrooms,3592,4.45,1.0,0.0,6.24,3.81,1
mushrooms,3593,4.72,0.0,0.0,5.08,5.33,1
mushrooms,3594,6.82,0.0,1.0,7.88,14.17,1
mushrooms,3595,8.56,0.0,0.0,10.93,15.02,0
mushrooms,3596,7.1,1.0,0.0,6.94,29.95,1
mushrooms,3597,8.46,0.0,0.0,6.44,9.46,1
mushrooms,3598,6.49,0.0,0.0,5.6,9.72,1
mushrooms,3599,5.27,0.0,0.0,6.13,9.35,1
mushrooms,3600,3.87,0.0,0.0,6.81,4.86,1
mushrooms,3601,7.12,0.0,0.0,4.98,17.21,0
mushrooms,3602,3.69,1.0,0.0,5.78,3.78,0
mushrooms,3603,3.41,0.0,0.0,7.95,8.33,0
mushrooms,3604,1.32,1.0,0.0,3.44,5.48,0
mushrooms,3605,5.76,0.0,0.0,6.15,10.06,1
mushrooms,3606,2.42,0.0,0.0,4.04,6.36,1
mushrooms,3607,2.88,1.0,0.0,7.08,3.68,0
mushrooms,3608,4.22,1.0,0.0,7.01,3.82,0
mushrooms,3609,3.99,0.0,0.0,3.58,10.14,1
mushrooms,3610,3.72,1.0,0.0,6.7,4.05,1
mushrooms,3611,7.35,0.0,0.0,8.36,7.73,0
mushrooms,3612,8.62,0.0,0.0,12.12,29.42,0
mushrooms,3613,6.13,1.0,0.0,5.91,10.67,1
mushrooms,3614,6.63,1.0,0.0,5.42,17.21,0
mushrooms,3615,6.82,0.0,0.0,5.54,10.66,0
mushrooms,3616,3.1,0.0,0.0,6.29,8.81,0
mushrooms,3617,1.35,0.0,0.0,2.96,6.38,0
mushrooms,3618,13.96,0.0,1.0,4.95,25.2,0
mushrooms,3619,9.47,1.0,0.0,12.92,11.9,1
mushrooms,3620,2.12,0.0,0.0,5.41,4.02,1
mushrooms,3621,2.7,0.0,0.0,5.09,3.75,1
mushrooms,3622,8.27,0.0,0.0,6.87,16.11,1
mushrooms,3623,7.84,1.0,0.0,4.59,16.84,1
mushrooms,3624,3.17,0.0,0.0,3.86,8.18,1
mushrooms,3625,7.08,1.0,0.0,6.5,16.51,1
mushrooms,3626,6.46,0.0,0.0,7.32,11.72,1
mushrooms,3627,13.15,0.0,0.0,12.1,32.6,0
mushrooms,3628,8.15,1.0,0.0,4.78,14.56,1
mushrooms,3629,7.39,1.0,0.0,4.08,15.41,1
mushrooms,3630,8.11,0.0,1.0,7.75,14.01,1
mushrooms,3631,9.62,0.0,0.0,7.59,8.64,0
mushrooms,3632,6.72,0.0,1.0,5.77,17.02,0
mushrooms,3633,4.8,0.0,1.0,6.5,12.73,1
mushrooms,3634,2.85,1.0,0.0,3.57,3.5,0
mushrooms,3635,9.01,1.0,0.0,9.19,11.97,0
mushrooms,3636,5.31,1.0,0.0,4.88,6.16,0
mushrooms,3637,14.05,1.0,0.0,2.78,13.76,1
mushrooms,3638,3.15,0.0,0.0,3.7,6.09,1
mushrooms,3639,7.52,0.0,0.0,8.08,8.58,0
mushrooms,3640,5.86,0.0,0.0,6.21,3.99,1
mushrooms,3641,3.06,1.0,1.0,3.43,5.57,0
mushrooms,3642,13.26,1.0,0.0,2.7,15.41,1
mushrooms,3643,8.82,1.0,0.0,4.67,14.39,1
mushrooms,3644,1.34,0.0,0.0,4.01,6.29,0
mushrooms,3645,1.08,0.0,0.0,3.49,1.83,0
mushrooms,3646,8.32,0.0,0.0,6.31,17.58,0
mushrooms,3647,7.09,0.0,0.0,5.83,17.14,0
mushrooms,3648,7.49,1.0,0.0,4.4,10.05,0
mushrooms,3649,7.59,0.0,0.0,8.28,7.71,0
mushrooms,3650,7.8,0.0,1.0,4.84,13.18,0
mushrooms,3651,7.2,0.0,0.0,6.54,17.55,1
mushrooms,3652,3.25,0.0,0.0,4.48,5.78,0
mushrooms,3653,9.6,1.0,0.0,17.84,11.12,1
mushrooms,3654,4.23,0.0,0.0,7.8,6.92,1
mushrooms,3655,6.45,0.0,0.0,5.51,6.51,1
mushrooms,3656,3.34,1.0,0.0,5.37,3.32,0
mushrooms,3657,6.16,0.0,0.0,5.7,6.87,1
mushrooms,3658,15.95,0.0,0.0,10.72,27.55,1
mushrooms,3659,8.63,0.0,0.0,7.58,9.75,0
mushrooms,3660,9.76,1.0,0.0,5.13,19.13,1
mushrooms,3661,5.4,0.0,0.0,6.08,12.28,1
mushrooms,3662,3.23,1.0,0.0,7.21,3.72,0
mushrooms,3663,7.1,1.0,0.0,5.85,14.22,0
mushrooms,3664,6.89,0.0,0.0,5.91,9.92,1
mushrooms,3665,5.6,0.0,0.0,4.49,5.16,1
mushrooms,3666,2.59,1.0,0.0,7.21,3.95,1
mushrooms,3667,5.4,0.0,0.0,4.42,13.34,0
mushrooms,3668,5.67,0.0,0.0,6.06,4.8,1
mushrooms,3669,1.24,1.0,0.0,3.08,5.15,0
mushrooms,3670,3.82,1.0,0.0,4.66,3.52,0
mushrooms,3671,3.92,1.0,0.0,4.68,6.85,1
mushrooms,3672,2.01,1.0,0.0,3.23,3.48,0
mushrooms,3673,9.05,0.0,0.0,10.32,11.54,0
mushrooms,3674,7.37,0.0,0.0,7.32,24.4,0
mushrooms,3675,3.8,1.0,0.0,3.83,5.97,1
mushrooms,3676,7.77,0.0,0.0,7.08,12.25,1
mushrooms,3677,7.55,1.0,0.0,4.37,10.67,0
mushrooms,3678,4.67,0.0,0.0,4.42,8.44,1
mushrooms,3679,3.37,0.0,0.0,5.59,6.3,1
mushrooms,3680,3.83,0.0,0.0,3.5,5.81,1
mushrooms,3681,7.98,1.0,0.0,11.16,14.15,0
mushrooms,3682,18.62,1.0,0.0,6.87,24.7,1
mushrooms,3683,3.5,1.0,0.0,4.11,2.74,0
mushrooms,3684,2.52,1.0,0.0,3.53,3.39,0
mushrooms,3685,3.53,0.0,0.0,3.98,2.67,0
mushrooms,3686,5.46,0.0,0.0,5.33,5.56,1
mushrooms,3687,8.91,1.0,0.0,7.58,20.53,1
mushrooms,3688,3.31,1.0,0.0,3.65,9.04,0
mushrooms,3689,12.39,1.0,0.0,7.04,23.8,1
mushrooms,3690,6.82,1.0,0.0,5.76,15.0,0
mushrooms,3691,6.47,0.0,0.0,6.6,5.26,1
mushrooms,3692,16.85,1.0,0.0,6.59,37.43,0
mushrooms,3693,10.25,1.0,0.0,11.32,16.41,0
mushrooms,3694,2.28,0.0,0.0,5.61,3.91,1
mushrooms,3695,5.22,0.0,0.0,5.31,5.62,1
mushrooms,3696,4.03,0.0,0.0,6.14,7.74,0
mushrooms,3697,7.54,1.0,0.0,7.79,32.89,1
mushrooms,3698,4.29,1.0,0.0,6.17,5.17,0
mushrooms,3699,6.82,1.0,0.0,10.19,10.85,1
mushrooms,3700,3.03,1.0,0.0,4.61,3.66,0
mushrooms,3701,4.16,0.0,0.0,8.85,7.62,0
mushrooms,3702,14.69,0.0,0.0,6.24,21.34,1
mushrooms,3703,5.57,0.0,0.0,4.2,12.36,1
mushrooms,3704,5.53,0.0,0.0,3.75,13.26,0
mushrooms,3705,3.29,1.0,0.0,7.38,4.47,0
mushrooms,3706,9.2,1.0,0.0,14.56,12.29,1
mushrooms,3707,2.91,0.0,0.0,6.26,4.62,1
mushrooms,3708,5.08,0.0,0.0,3.61,12.62,0
mushrooms,3709,3.72,0.0,0.0,6.26,6.56,1
mushrooms,3710,3.23,1.0,0.0,3.81,3.72,0
mushrooms,3711,5.69,0.0,1.0,7.84,14.56,1
mushrooms,3712,9.85,0.0,0.0,12.7,33.33,0
mushrooms,3713,2.51,0.0,0.0,6.12,4.14,1
mushrooms,3714,3.69,1.0,0.0,6.24,4.74,0
mushrooms,3715,6.2,0.0,0.0,8.25,10.21,1
mushrooms,3716,3.06,1.0,0.0,3.3,7.6,0
mushrooms,3717,8.9,1.0,0.0,10.37,11.19,0
mushrooms,3718,3.31,0.0,0.0,7.48,7.0,0
mushrooms,3719,4.65,0.0,0.0,5.45,6.03,0
mushrooms,3720,2.63,0.0,0.0,3.68,6.06,1
mushrooms,3721,4.5,0.0,0.0,7.13,4.34,1
mushrooms,3722,4.05,0.0,0.0,4.53,5.94,0
mushrooms,3723,4.58,0.0,0.0,5.75,15.75,0
mushrooms,3724,8.21,0.0,0.0,8.12,12.92,1
mushrooms,3725,5.85,1.0,0.0,7.07,9.32,1
mushrooms,3726,6.15,0.0,0.0,5.47,13.99,0
mushrooms,3727,7.05,0.0,0.0,5.89,15.94,1
mushrooms,3728,8.96,0.0,0.0,6.84,31.3,1
mushrooms,3729,7.28,1.0,0.0,3.99,11.52,1
mushrooms,3730,17.36,0.0,0.0,7.84,24.1,1
mushrooms,3731,10.43,0.0,0.0,9.16,14.29,1
mushrooms,3732,3.14,0.0,0.0,3.91,5.8,1
mushrooms,3733,4.04,0.0,0.0,5.89,6.81,0
mushrooms,3734,9.73,0.0,1.0,5.98,14.27,0
mushrooms,3735,7.65,0.0,0.0,5.93,17.05,1
mushrooms,3736,2.81,0.0,0.0,8.12,3.38,0
mushrooms,3737,3.59,0.0,0.0,7.91,4.13,0
mushrooms,3738,3.98,1.0,1.0,5.36,6.85,1
mushrooms,3739,6.52,1.0,0.0,5.11,12.55,1
mushrooms,3740,3.92,1.0,0.0,5.24,13.03,1
mushrooms,3741,22.1,0.0,1.0,9.46,37.3,0
mushrooms,3742,4.38,1.0,0.0,6.23,6.17,0
mushrooms,3743,7.01,0.0,0.0,10.91,14.94,0
mushrooms,3744,5.62,1.0,0.0,4.27,12.76,1
mushrooms,3745,17.8,1.0,1.0,5.29,24.93,0
mushrooms,3746,5.52,0.0,0.0,4.67,8.93,0
mushrooms,3747,4.6,0.0,0.0,5.15,6.94,0
mushrooms,3748,6.57,1.0,0.0,5.87,16.47,1
mushrooms,3749,15.1,0.0,0.0,5.83,20.22,1
mushrooms,3750,6.89,1.0,0.0,6.96,13.86,1
mushrooms,3751,6.73,0.0,0.0,9.29,7.99,0
mushrooms,3752,14.61,1.0,0.0,9.08,26.48,1
mushrooms,3753,4.21,1.0,0.0,6.56,4.03,1
mushrooms,3754,7.36,0.0,0.0,6.08,10.55,1
mushrooms,3755,3.65,1.0,0.0,5.54,6.21,1
mushrooms,3756,9.16,0.0,0.0,7.84,10.13,1
mushrooms,3757,7.16,0.0,0.0,8.01,7.71,0
mushrooms,3758,19.01,1.0,0.0,5.38,34.43,0
mushrooms,3759,7.97,0.0,0.0,7.71,23.21,1
mushrooms,3760,7.38,0.0,0.0,9.16,23.46,1
mushrooms,3761,7.83,1.0,0.0,6.32,12.79,1
mushrooms,3762,2.98,0.0,0.0,4.01,6.33,1
mushrooms,3763,3.46,0.0,0.0,7.37,7.85,1
mushrooms,3764,5.99,1.0,0.0,5.61,9.82,1
mushrooms,3765,8.26,0.0,0.0,10.04,11.63,0
mushrooms,3766,7.19,0.0,0.0,4.09,9.17,0
mushrooms,3767,6.41,1.0,0.0,5.34,12.74,1
mushrooms,3768,7.26,0.0,0.0,5.48,11.38,1
mushrooms,3769,7.04,1.0,0.0,5.69,12.39,1
mushrooms,3770,1.32,1.0,0.0,4.89,2.27,1
mushrooms,3771,13.37,1.0,1.0,6.81,17.2,0
mushrooms,3772,3.64,0.0,0.0,4.46,5.57,1
mushrooms,3773,7.89,0.0,0.0,6.49,11.9,1
mushrooms,3774,6.39,1.0,0.0,6.67,9.79,1
mushrooms,3775,6.81,0.0,0.0,7.18,12.72,1
mushrooms,3776,4.85,1.0,0.0,5.42,12.69,0
mushrooms,3777,8.32,0.0,0.0,10.81,11.04,0
mushrooms,3778,7.1,0.0,0.0,6.58,13.12,1
mushrooms,3779,4.29,0.0,0.0,3.69,7.86,1
mushrooms,3780,7.31,0.0,0.0,6.61,5.55,1
mushrooms,3781,7.19,0.0,0.0,9.52,10.14,0
mushrooms,3782,4.23,0.0,0.0,5.24,5.98,0
mushrooms,3783,3.68,0.0,0.0,7.78,4.3,0
mushrooms,3784,2.58,1.0,0.0,3.87,2.9,0
mushrooms,3785,1.12,0.0,0.0,3.44,1.7,0
mushrooms,3786,11.54,1.0,1.0,5.08,25.58,0
mushrooms,3787,4.89,0.0,0.0,5.7,14.28,0
mushrooms,3788,8.19,1.0,0.0,7.55,12.82,0
mushrooms,3789,3.88,0.0,0.0,5.95,6.43,1
mushrooms,3790,1.0,0.0,0.0,2.49,4.88,0
mushrooms,3791,10.16,1.0,0.0,4.76,21.47,1
mushrooms,3792,3.59,1.0,0.0,8.25,4.39,0
mushrooms,3793,8.65,0.0,0.0,7.02,19.8,1
mushrooms,3794,5.44,0.0,0.0,5.27,8.83,0
mushrooms,3795,6.52,0.0,0.0,3.77,12.82,0
mushrooms,3796,4.87,0.0,0.0,3.33,12.32,0
mushrooms,3797,3.97,1.0,0.0,5.44,4.8,0
mushrooms,3798,7.59,0.0,0.0,8.23,8.06,0
mushrooms,3799,6.35,1.0,0.0,5.98,8.73,1
mushrooms,3800,11.97,0.0,1.0,6.28,14.29,0
mushrooms,3801,11.48,0.0,0.0,11.28,33.82,0
mushrooms,3802,5.62,1.0,0.0,4.32,8.8,1
mushrooms,3803,8.45,0.0,0.0,6.94,16.94,1
mushrooms,3804,1.57,1.0,0.0,3.07,3.16,0
mushrooms,3805,6.27,1.0,0.0,4.63,9.5,0
mushrooms,3806,7.61,0.0,0.0,4.63,10.76,0
mushrooms,3807,4.58,1.0,0.0,6.56,3.6,1
mushrooms,3808,7.78,1.0,0.0,5.23,8.2,0
mushrooms,3809,8.35,0.0,0.0,8.09,23.95,0
mushrooms,3810,5.89,0.0,1.0,6.62,8.67,0
mushrooms,3811,9.57,0.0,0.0,7.64,10.77,1
mushrooms,3812,4.6,0.0,0.0,6.16,3.72,1
mushrooms,3813,6.43,0.0,0.0,4.24,11.8,1
mushrooms,3814,6.73,1.0,0.0,6.05,11.79,0
mushrooms,3815,5.01,1.0,0.0,7.6,5.46,1
mushrooms,3816,7.21,1.0,0.0,6.98,16.79,1
mushrooms,3817,10.33,1.0,0.0,11.32,17.02,0
mushrooms,3818,7.3,0.0,0.0,5.99,24.76,1
mushrooms,3819,5.74,0.0,0.0,4.9,10.29,0
mushrooms,3820,8.04,1.0,0.0,8.47,20.23,1
mushrooms,3821,10.23,1.0,0.0,5.32,19.02,1
mushrooms,3822,5.82,0.0,0.0,5.41,17.06,0
mushrooms,3823,5.71,1.0,0.0,6.03,8.98,1
mushrooms,3824,6.84,0.0,0.0,5.64,9.93,1
mushrooms,3825,8.23,1.0,0.0,6.87,12.7,0
mushrooms,3826,8.04,0.0,0.0,6.19,9.24,1
mushrooms,3827,15.36,1.0,0.0,5.87,16.74,1
mushrooms,3828,12.25,1.0,1.0,7.52,16.05,0
mushrooms,3829,2.9,1.0,0.0,7.41,3.68,0
mushrooms,3830,7.55,0.0,0.0,7.07,16.96,1
mushrooms,3831,3.92,1.0,0.0,6.09,6.55,1
mushrooms,3832,9.29,0.0,0.0,7.75,10.62,1
mushrooms,3833,3.01,0.0,0.0,4.61,6.2,1
mushrooms,3834,7.72,1.0,0.0,7.39,18.07,1
mushrooms,3835,3.24,0.0,0.0,4.13,10.41,1
mushrooms,3836,6.35,0.0,0.0,6.42,11.44,0
mushrooms,3837,1.39,1.0,0.0,4.43,6.7,0
mushrooms,3838,6.17,1.0,0.0,4.93,12.6,1
mushrooms,3839,7.44,0.0,0.0,5.24,14.79,0
mushrooms,3840,4.88,0.0,0.0,6.09,6.25,1
mushrooms,3841,2.59,0.0,0.0,6.44,5.09,1
mushrooms,3842,6.41,0.0,1.0,4.7,14.18,0
mushrooms,3843,9.14,1.0,0.0,8.38,18.38,0
mushrooms,3844,9.5,0.0,0.0,9.65,10.01,0
mushrooms,3845,7.42,0.0,1.0,8.89,17.0,1
mushrooms,3846,7.24,1.0,0.0,6.9,10.15,1
mushrooms,3847,4.71,0.0,0.0,6.06,8.76,0
mushrooms,3848,5.02,0.0,0.0,4.93,5.8,1
mushrooms,3849,9.27,0.0,0.0,11.15,31.58,0
mushrooms,3850,6.89,0.0,0.0,6.62,12.48,1
mushrooms,3851,5.72,0.0,0.0,6.01,10.05,1
mushrooms,3852,6.19,0.0,1.0,5.11,14.59,0
mushrooms,3853,5.71,1.0,0.0,7.03,9.85,1
mushrooms,3854,7.88,1.0,0.0,7.18,12.88,0
mushrooms,3855,9.17,1.0,0.0,4.58,19.63,1
mushrooms,3856,7.12,1.0,0.0,6.23,11.42,0
mushrooms,3857,4.43,1.0,0.0,4.78,11.85,0
mushrooms,3858,9.86,0.0,0.0,9.73,19.33,1
mushrooms,3859,5.51,1.0,0.0,4.89,8.47,0
mushrooms,3860,6.27,0.0,0.0,5.07,15.58,0
mushrooms,3861,4.84,0.0,0.0,5.4,9.43,1
mushrooms,3862,1.89,1.0,0.0,3.3,3.58,0
mushrooms,3863,8.52,0.0,0.0,11.13,11.83,0
mushrooms,3864,6.6,1.0,0.0,4.8,9.94,0
mushrooms,3865,9.78,1.0,0.0,9.37,13.91,1
mushrooms,3866,4.02,1.0,0.0,5.36,4.97,1
mushrooms,3867,6.23,0.0,0.0,5.16,13.27,1
mushrooms,3868,7.0,0.0,1.0,7.31,8.37,0
mushrooms,3869,3.14,1.0,0.0,5.28,3.78,0
mushrooms,3870,4.98,0.0,0.0,6.28,8.3,0
mushrooms,3871,8.16,0.0,0.0,9.76,10.74,0
mushrooms,3872,10.6,0.0,0.0,7.07,21.08,1
mushrooms,3873,4.5,0.0,0.0,5.99,8.01,0
mushrooms,3874,8.3,1.0,0.0,4.52,16.9,1
mushrooms,3875,3.39,1.0,0.0,4.15,3.21,0
mushrooms,3876,9.46,0.0,0.0,8.01,23.77,0
mushrooms,3877,7.1,1.0,0.0,6.01,10.65,0
mushrooms,3878,15.04,1.0,0.0,8.7,22.86,1
mushrooms,3879,6.62,1.0,0.0,5.84,27.75,1
mushrooms,3880,5.76,0.0,0.0,7.03,8.3,0
mushrooms,3881,6.7,1.0,0.0,6.28,12.76,1
mushrooms,3882,14.45,0.0,1.0,4.78,23.17,0
mushrooms,3883,3.55,1.0,0.0,3.56,5.36,1
mushrooms,3884,7.22,0.0,0.0,8.42,23.67,1
mushrooms,3885,8.8,1.0,0.0,6.94,13.77,0
mushrooms,3886,3.35,1.0,0.0,5.12,3.76,0
mushrooms,3887,0.93,0.0,0.0,2.54,1.5,0
mushrooms,3888,8.07,0.0,0.0,7.53,20.33,1
mushrooms,3889,3.72,0.0,0.0,4.51,9.63,1
mushrooms,3890,7.24,1.0,0.0,5.94,14.7,1
mushrooms,3891,5.02,1.0,0.0,5.54,13.32,0
mushrooms,3892,5.33,0.0,0.0,5.86,5.25,1
mushrooms,3893,4.06,0.0,0.0,5.94,8.33,0
mushrooms,3894,1.53,0.0,0.0,5.49,2.46,1
mushrooms,3895,7.21,1.0,0.0,4.19,15.41,1
mushrooms,3896,1.17,0.0,0.0,3.02,1.68,0
mushrooms,3897,5.79,0.0,0.0,6.09,4.55,1
mushrooms,3898,4.63,0.0,0.0,5.85,7.72,0
mushrooms,3899,8.29,1.0,0.0,7.57,16.16,0
mushrooms,3900,7.14,1.0,0.0,4.31,8.69,0
mushrooms,3901,6.13,1.0,0.0,4.04,15.23,1
mushrooms,3902,5.56,1.0,0.0,5.21,8.96,1
mushrooms,3903,4.98,1.0,0.0,4.48,13.52,1
mushrooms,3904,3.19,1.0,0.0,4.9,3.63,0
mushrooms,3905,7.16,1.0,0.0,7.56,18.19,1
mushrooms,3906,7.03,0.0,0.0,4.79,17.11,0
mushrooms,3907,6.84,1.0,0.0,4.15,9.52,0
mushrooms,3908,2.87,1.0,0.0,2.78,3.34,0
mushrooms,3909,5.85,1.0,0.0,5.24,10.08,1
mushrooms,3910,7.19,1.0,0.0,4.64,10.4,0
mushrooms,3911,3.98,0.0,0.0,3.91,10.24,1
mushrooms,3912,10.11,0.0,0.0,8.66,12.63,1
mushrooms,3913,3.36,1.0,0.0,7.71,3.94,0
mushrooms,3914,6.71,0.0,0.0,6.07,4.98,1
mushrooms,3915,8.75,1.0,0.0,4.42,18.77,1
mushrooms,3916,12.76,1.0,1.0,5.6,25.77,0
mushrooms,3917,6.21,1.0,0.0,6.28,11.7,0
mushrooms,3918,1.18,0.0,0.0,2.64,4.98,0
mushrooms,3919,3.35,0.0,0.0,3.87,2.65,0
mushrooms,3920,9.06,0.0,0.0,10.05,15.75,1
mushrooms,3921,7.36,0.0,0.0,4.82,13.04,0
mushrooms,3922,19.48,1.0,1.0,7.02,30.66,0
mushrooms,3923,6.57,1.0,0.0,5.0,10.02,1
mushrooms,3924,4.26,1.0,0.0,6.76,5.21,0
mushrooms,3925,1.17,0.0,0.0,3.42,1.65,0
mushrooms,3926,3.27,0.0,0.0,5.78,6.71,1
mushrooms,3927,3.85,1.0,0.0,4.28,3.6,0
mushrooms,3928,8.37,0.0,0.0,8.2,12.75,1
mushrooms,3929,7.07,1.0,1.0,6.4,10.35,0
mushrooms,3930,4.99,0.0,0.0,8.73,7.5,1
mushrooms,3931,5.49,0.0,0.0,5.52,9.71,1
mushrooms,3932,3.87,0.0,0.0,4.15,5.65,0
mushrooms,3933,4.11,1.0,0.0,6.05,3.39,1
mushrooms,3934,5.68,0.0,0.0,4.57,12.37,1
mushrooms,3935,14.9,1.0,0.0,10.04,25.64,1
mushrooms,3936,6.19,0.0,1.0,7.88,16.16,1
mushrooms,3937,4.25,0.0,0.0,6.7,8.28,0
mushrooms,3938,7.84,0.0,0.0,12.2,11.06,0
wine_quality,0,0.5,17.0,3.32,0.71,10.5,0
wine_quality,1,0.58,55.0,3.46,0.59,10.2,0
wine_quality,2,0.46,98.0,3.33,0.62,9.8,0
wine_quality,3,0.6,10.0,3.18,0.63,10.4,0
wine_quality,4,0.33,80.0,3.3,0.76,10.7,1
wine_quality,5,0.59,22.0,3.37,0.58,10.3,0
wine_quality,6,0.85,88.0,3.56,0.82,12.9,1
wine_quality,7,0.33,12.0,3.35,0.61,10.7,0
wine_quality,8,0.19,135.0,3.32,0.44,9.5,0
wine_quality,9,0.3,9.0,3.14,0.57,11.5,1
wine_quality,10,0.32,17.0,3.33,0.78,11.0,1
wine_quality,11,0.63,88.0,3.53,0.58,9.8,0
wine_quality,12,0.765,14.0,3.29,0.54,9.7,0
wine_quality,13,0.32,47.0,3.05,0.61,10.6,0
wine_quality,14,0.51,28.0,3.52,0.73,9.5,0
wine_quality,15,0.5,22.0,3.25,0.63,9.2,0
wine_quality,16,0.56,108.0,3.32,0.54,9.5,0
wine_quality,17,0.28,10.0,3.33,0.7,12.8,1
wine_quality,18,0.41,42.0,3.24,0.77,12.6,1
wine_quality,19,0.31,10.0,3.02,0.83,10.9,1
wine_quality,20,0.41,14.0,3.21,0.49,11.8,1
wine_quality,21,0.28,34.0,3.28,0.9,11.3,1
wine_quality,22,0.48,10.0,3.21,0.59,12.1,1
wine_quality,23,0.26,24.0,3.18,1.04,10.9,1
wine_quality,24,0.615,72.0,3.31,0.53,9.7,0
wine_quality,25,0.31,47.0,3.12,1.02,10.6,1
wine_quality,26,0.33,37.0,3.18,0.89,11.1,1
wine_quality,27,0.29,160.0,3.33,0.54,10.3,0
wine_quality,28,0.3,17.0,3.15,0.92,11.7,1
wine_quality,29,0.42,34.0,3.24,0.77,12.1,1
wine_quality,30,0.3,24.0,3.27,0.64,12.1,1
wine_quality,31,0.615,42.0,3.07,0.73,10.0,1
wine_quality,32,0.29,11.0,3.39,0.54,13.5,0
wine_quality,33,0.53,25.0,3.27,0.61,9.4,0
wine_quality,34,0.66,15.0,3.52,0.58,12.9,0
wine_quality,35,0.39,27.0,3.06,0.84,11.4,0
wine_quality,36,0.74,46.0,4.01,0.59,12.5,0
wine_quality,37,0.41,25.0,3.34,0.79,13.3,1
wine_quality,38,0.48,61.0,3.34,0.6,10.4,0
wine_quality,39,0.715,52.0,3.23,0.77,9.5,0
wine_quality,40,0.53,52.0,3.19,0.76,11.6,1
wine_quality,41,0.685,43.0,2.95,0.68,11.2,1
wine_quality,42,0.57,36.0,3.47,0.71,11.3,1
wine_quality,43,0.59,53.0,3.41,0.67,9.7,0
wine_quality,44,0.58,46.0,3.02,0.47,9.2,0
wine_quality,45,0.26,47.0,3.4,0.78,11.3,1
wine_quality,46,0.28,103.0,3.3,0.75,10.5,1
wine_quality,47,0.57,27.0,3.57,0.84,12.5,1
wine_quality,48,0.61,38.0,3.48,0.65,9.8,0
wine_quality,49,0.31,31.0,3.33,0.86,12.0,1
wine_quality,50,0.58,47.0,3.25,0.57,9.0,0
wine_quality,51,0.38,10.0,3.13,0.58,11.9,1
wine_quality,52,0.58,53.0,3.35,0.76,11.6,1
wine_quality,53,0.52,38.0,3.43,0.65,9.0,0
wine_quality,54,0.66,129.0,3.08,0.53,9.0,0
wine_quality,55,0.47,38.0,3.16,0.85,11.1,0
wine_quality,56,0.28,21.0,2.98,0.66,9.9,1
wine_quality,57,0.37,28.0,3.23,0.73,11.3,1
wine_quality,58,0.33,25.0,3.36,0.76,12.4,1
wine_quality,59,0.21,24.0,3.07,0.84,9.2,1
wine_quality,60,0.67,20.0,3.4,0.63,10.1,0
wine_quality,61,0.6,41.0,3.39,0.62,10.1,0
wine_quality,62,0.66,59.0,3.37,0.71,11.5,1
wine_quality,63,0.36,24.0,3.24,0.7,11.4,1
wine_quality,64,0.55,15.0,3.35,0.58,11.0,1
wine_quality,65,0.96,16.0,3.5,0.44,11.9,0
wine_quality,66,0.49,85.0,3.41,0.58,9.0,0
wine_quality,67,0.615,42.0,3.07,0.73,10.0,1
wine_quality,68,0.59,18.0,3.41,0.59,10.8,1
wine_quality,69,0.26,38.0,3.29,0.47,10.8,0
wine_quality,70,0.39,24.0,3.45,0.87,11.2,1
wine_quality,71,0.43,58.0,3.31,0.64,10.3,0
wine_quality,72,0.585,30.0,3.2,0.48,9.8,0
wine_quality,73,0.65,94.0,3.38,0.77,9.4,0
wine_quality,74,1.025,84.0,3.06,0.57,10.1,0
wine_quality,75,0.36,44.0,3.4,0.85,11.0,1
wine_quality,76,0.28,68.0,3.36,0.66,11.2,0
wine_quality,77,0.33,22.0,3.26,0.74,11.2,1
wine_quality,78,0.78,45.0,3.31,0.62,10.7,0
wine_quality,79,0.27,8.0,3.16,0.51,11.8,0
wine_quality,80,0.78,19.0,3.4,0.47,10.0,0
wine_quality,81,0.39,18.0,3.16,0.49,9.5,0
wine_quality,82,0.41,23.0,3.3,0.58,11.2,0
wine_quality,83,0.35,16.0,3.15,0.65,11.0,1
wine_quality,84,0.605,25.0,3.56,0.55,12.9,0
wine_quality,85,0.42,42.0,3.71,0.74,14.0,1
wine_quality,86,0.6,105.0,3.3,0.49,9.9,0
wine_quality,87,0.32,13.0,3.23,0.82,12.6,1
wine_quality,88,0.36,55.0,3.18,0.82,11.0,1
wine_quality,89,0.16,31.0,3.35,0.54,12.4,0
wine_quality,90,0.49,67.0,3.17,0.53,9.4,0
wine_quality,91,0.4,47.0,3.38,0.77,10.5,1
wine_quality,92,0.28,10.0,3.33,0.7,12.8,1
wine_quality,93,0.45,78.0,3.38,0.62,9.5,0
wine_quality,94,0.38,42.0,3.34,0.72,12.9,1
wine_quality,95,0.42,16.0,3.27,0.74,12.3,0
wine_quality,96,0.645,57.0,3.37,0.46,10.3,0
wine_quality,97,0.49,14.0,3.3,0.47,10.5,0
wine_quality,98,0.835,93.0,3.57,0.85,13.0,1
wine_quality,99,0.36,8.0,3.36,0.55,12.8,1
wine_quality,100,0.66,11.0,3.71,0.63,12.8,1
wine_quality,101,0.8,12.0,3.52,0.5,12.2,0
wine_quality,102,0.5,99.0,3.63,0.63,13.0,0
wine_quality,103,0.635,60.0,3.29,0.75,10.9,0
wine_quality,104,0.12,21.0,3.41,0.76,11.9,1
wine_quality,105,0.31,29.0,2.88,0.82,9.8,1
wine_quality,106,0.58,18.0,3.32,0.56,10.5,1
wine_quality,107,0.5,17.0,3.27,0.77,10.8,0
wine_quality,108,0.53,44.0,3.38,0.59,10.7,0
wine_quality,109,0.63,119.0,3.09,0.52,9.3,0
wine_quality,110,0.51,101.0,3.46,0.87,12.9,1
wine_quality,111,0.38,17.0,3.3,1.05,9.4,0
wine_quality,112,0.46,44.0,3.5,0.53,11.2,0
wine_quality,113,0.5,45.0,3.24,0.6,9.7,1
wine_quality,114,0.22,60.0,3.39,0.53,9.4,0
wine_quality,115,0.46,98.0,3.32,0.63,9.5,0
wine_quality,116,0.31,28.0,3.24,0.83,11.2,1
wine_quality,117,0.27,10.0,3.25,1.08,9.9,1
wine_quality,118,0.31,33.0,3.27,0.66,10.0,0
wine_quality,119,0.49,34.0,3.29,0.48,9.2,0
wine_quality,120,0.58,32.0,3.13,0.55,9.5,0
wine_quality,121,0.41,45.0,3.06,1.26,9.4,0
forest_cover,0,2207.0,121.0,42.0,976.0,250.0,1
forest_cover,1,2504.0,44.0,162.0,1567.0,212.0,0
forest_cover,2,2190.0,105.0,201.0,551.0,252.0,1
forest_cover,3,2249.0,105.0,0.0,390.0,239.0,1
forest_cover,4,2310.0,95.0,30.0,190.0,241.0,1
forest_cover,5,2063.0,120.0,0.0,933.0,241.0,1
forest_cover,6,2493.0,97.0,404.0,532.0,251.0,0
forest_cover,7,2299.0,349.0,124.0,319.0,163.0,0
forest_cover,8,2080.0,47.0,42.0,1015.0,221.0,1
forest_cover,9,2177.0,106.0,182.0,510.0,253.0,1
forest_cover,10,2292.0,136.0,256.0,1429.0,246.0,1
forest_cover,11,2154.0,126.0,67.0,1033.0,253.0,1
forest_cover,12,2366.0,39.0,255.0,1284.0,217.0,0
forest_cover,13,2354.0,129.0,361.0,849.0,251.0,1
forest_cover,14,2019.0,65.0,150.0,162.0,232.0,0
forest_cover,15,2504.0,42.0,577.0,726.0,221.0,0
forest_cover,16,2166.0,81.0,0.0,1316.0,244.0,1
forest_cover,17,2365.0,70.0,85.0,480.0,235.0,0
forest_cover,18,2289.0,291.0,108.0,513.0,153.0,0
forest_cover,19,2170.0,334.0,379.0,481.0,153.0,0
forest_cover,20,2063.0,25.0,228.0,268.0,194.0,0
forest_cover,21,2394.0,292.0,175.0,300.0,131.0,0
forest_cover,22,2336.0,65.0,511.0,1440.0,233.0,1
forest_cover,23,2759.0,239.0,335.0,3094.0,82.0,0
forest_cover,24,2620.0,197.0,313.0,828.0,216.0,0
forest_cover,25,2129.0,18.0,30.0,1203.0,195.0,0
forest_cover,26,2128.0,227.0,192.0,564.0,179.0,0
forest_cover,27,2194.0,128.0,127.0,1307.0,252.0,1
forest_cover,28,2293.0,32.0,242.0,750.0,216.0,0
forest_cover,29,2409.0,132.0,255.0,1528.0,251.0,0
forest_cover,30,2686.0,96.0,404.0,875.0,232.0,0
forest_cover,31,2346.0,291.0,90.0,1410.0,129.0,0
forest_cover,32,2209.0,128.0,60.0,933.0,252.0,1
forest_cover,33,2215.0,25.0,182.0,1087.0,193.0,0
forest_cover,34,2279.0,344.0,283.0,1082.0,131.0,0
forest_cover,35,2189.0,80.0,0.0,618.0,234.0,1
forest_cover,36,2484.0,303.0,324.0,124.0,178.0,0
forest_cover,37,2197.0,128.0,30.0,124.0,234.0,0
forest_cover,38,2281.0,139.0,216.0,1364.0,246.0,1
forest_cover,39,2371.0,54.0,0.0,671.0,224.0,1
forest_cover,40,2359.0,250.0,297.0,870.0,158.0,1
forest_cover,41,2125.0,109.0,0.0,1167.0,247.0,1
forest_cover,42,2270.0,305.0,108.0,300.0,107.0,0
forest_cover,43,2150.0,69.0,277.0,499.0,234.0,0
forest_cover,44,2279.0,115.0,150.0,216.0,252.0,0
forest_cover,45,2586.0,166.0,175.0,1865.0,228.0,0
forest_cover,46,2020.0,355.0,201.0,242.0,165.0,0
forest_cover,47,2548.0,355.0,67.0,1328.0,185.0,0
forest_cover,48,2409.0,106.0,175.0,973.0,253.0,0
forest_cover,49,2534.0,103.0,418.0,391.0,252.0,0
forest_cover,50,2331.0,98.0,301.0,674.0,249.0,1
forest_cover,51,2355.0,82.0,446.0,999.0,227.0,1
forest_cover,52,2110.0,283.0,0.0,1120.0,194.0,1
forest_cover,53,2200.0,131.0,30.0,955.0,247.0,1
forest_cover,54,2362.0,266.0,247.0,1099.0,164.0,1
forest_cover,55,2160.0,108.0,85.0,1006.0,254.0,1
forest_cover,56,2374.0,65.0,0.0,633.0,232.0,1
forest_cover,57,2288.0,18.0,295.0,437.0,196.0,0
forest_cover,58,2295.0,119.0,234.0,966.0,252.0,1
forest_cover,59,2345.0,45.0,0.0,1355.0,221.0,1
forest_cover,60,2161.0,100.0,150.0,470.0,252.0,1
forest_cover,61,2431.0,104.0,175.0,641.0,252.0,0
forest_cover,62,2164.0,291.0,162.0,573.0,144.0,0
forest_cover,63,2388.0,160.0,134.0,644.0,228.0,0
forest_cover,64,2245.0,302.0,446.0,450.0,150.0,0
forest_cover,65,2314.0,55.0,212.0,201.0,228.0,0
forest_cover,66,2179.0,204.0,0.0,1254.0,200.0,1
forest_cover,67,2191.0,342.0,42.0,1003.0,203.0,1
forest_cover,68,2280.0,59.0,60.0,360.0,229.0,1
forest_cover,69,2064.0,307.0,0.0,511.0,174.0,1
forest_cover,70,2070.0,157.0,120.0,402.0,236.0,0
forest_cover,71,2381.0,104.0,469.0,534.0,243.0,0
forest_cover,72,2381.0,250.0,300.0,828.0,161.0,1
forest_cover,73,2421.0,329.0,424.0,932.0,151.0,0
forest_cover,74,2559.0,235.0,323.0,2407.0,193.0,0
forest_cover,75,2457.0,303.0,120.0,309.0,143.0,0
forest_cover,76,2525.0,348.0,277.0,1110.0,152.0,0
forest_cover,77,2290.0,43.0,0.0,1072.0,222.0,1
forest_cover,78,2190.0,120.0,124.0,1266.0,254.0,1
forest_cover,79,2267.0,45.0,0.0,95.0,219.0,1
forest_cover,80,2163.0,130.0,0.0,1380.0,247.0,1
forest_cover,81,1974.0,125.0,85.0,124.0,250.0,0
forest_cover,82,2318.0,306.0,0.0,582.0,182.0,1
forest_cover,83,2356.0,124.0,330.0,1106.0,253.0,1
forest_cover,84,2616.0,127.0,85.0,2125.0,240.0,0
forest_cover,85,2176.0,102.0,0.0,1168.0,234.0,1
forest_cover,86,2285.0,122.0,484.0,1445.0,249.0,1
forest_cover,87,2306.0,47.0,0.0,1282.0,223.0,1
forest_cover,88,2368.0,102.0,242.0,1026.0,252.0,1
forest_cover,89,2208.0,340.0,0.0,430.0,180.0,1
forest_cover,90,2133.0,3.0,0.0,1298.0,199.0,1
forest_cover,91,2044.0,13.0,0.0,331.0,205.0,1
forest_cover,92,2230.0,42.0,30.0,1260.0,204.0,0
forest_cover,93,2268.0,165.0,234.0,1134.0,232.0,1
forest_cover,94,2123.0,354.0,0.0,1249.0,193.0,1
forest_cover,95,2803.0,157.0,579.0,2658.0,238.0,0
forest_cover,96,2178.0,131.0,108.0,1158.0,251.0,1
forest_cover,97,2324.0,116.0,297.0,999.0,253.0,1
forest_cover,98,2339.0,188.0,201.0,633.0,221.0,0
forest_cover,99,2517.0,312.0,488.0,511.0,182.0,0
forest_cover,100,2459.0,118.0,300.0,404.0,254.0,0
forest_cover,101,2415.0,96.0,331.0,850.0,251.0,0
forest_cover,102,2217.0,313.0,30.0,1236.0,159.0,0
forest_cover,103,2269.0,117.0,134.0,531.0,253.0,1
forest_cover,104,2369.0,144.0,242.0,234.0,246.0,1
forest_cover,105,2041.0,356.0,30.0,612.0,170.0,1
forest_cover,106,2305.0,41.0,30.0,1253.0,221.0,1
forest_cover,107,2125.0,34.0,190.0,571.0,202.0,0
forest_cover,108,2356.0,117.0,339.0,876.0,251.0,1
forest_cover,109,2232.0,325.0,42.0,366.0,146.0,0
forest_cover,110,2325.0,130.0,300.0,937.0,252.0,1
forest_cover,111,2280.0,114.0,0.0,1471.0,236.0,1
forest_cover,112,2546.0,184.0,402.0,808.0,219.0,0
forest_cover,113,2329.0,324.0,283.0,741.0,172.0,0
forest_cover,114,2043.0,43.0,67.0,511.0,218.0,1
forest_cover,115,2516.0,199.0,124.0,834.0,215.0,0
forest_cover,116,2387.0,76.0,85.0,658.0,239.0,0
forest_cover,117,2310.0,117.0,162.0,446.0,254.0,1
forest_cover,118,2286.0,331.0,443.0,600.0,157.0,0
forest_cover,119,2205.0,139.0,0.0,764.0,247.0,1
forest_cover,120,2292.0,104.0,268.0,1425.0,240.0,1
forest_cover,121,2187.0,14.0,242.0,691.0,180.0,0
forest_cover,122,1995.0,52.0,0.0,120.0,225.0,1
forest_cover,123,2278.0,74.0,30.0,390.0,240.0,1
forest_cover,124,2118.0,340.0,95.0,418.0,140.0,0
forest_cover,125,2126.0,128.0,30.0,1198.0,248.0,1
forest_cover,126,2302.0,103.0,382.0,960.0,248.0,0
forest_cover,127,2459.0,173.0,212.0,218.0,225.0,0
forest_cover,128,2279.0,246.0,446.0,828.0,138.0,0
forest_cover,129,2360.0,126.0,212.0,1129.0,244.0,0
forest_cover,130,2365.0,262.0,566.0,579.0,170.0,0
forest_cover,131,2188.0,325.0,0.0,616.0,190.0,1
forest_cover,132,2288.0,132.0,324.0,745.0,248.0,1
forest_cover,133,2369.0,57.0,0.0,560.0,229.0,1
forest_cover,134,2265.0,194.0,339.0,1104.0,213.0,1
forest_cover,135,2000.0,318.0,30.0,108.0,201.0,1
forest_cover,136,2367.0,168.0,162.0,1517.0,231.0,0
forest_cover,137,2550.0,171.0,297.0,691.0,228.0,0
forest_cover,138,2225.0,143.0,30.0,551.0,237.0,1
forest_cover,139,2140.0,22.0,42.0,1315.0,213.0,1
forest_cover,140,2206.0,85.0,60.0,745.0,239.0,1
forest_cover,141,2541.0,359.0,488.0,960.0,202.0,0
forest_cover,142,2680.0,63.0,295.0,1025.0,230.0,0
forest_cover,143,2207.0,118.0,192.0,808.0,254.0,1
forest_cover,144,2078.0,326.0,0.0,1342.0,198.0,1
forest_cover,145,2190.0,114.0,30.0,1040.0,247.0,1
forest_cover,146,2111.0,211.0,0.0,616.0,208.0,1
forest_cover,147,2407.0,122.0,390.0,1050.0,242.0,0
forest_cover,148,2214.0,333.0,150.0,1390.0,138.0,0
forest_cover,149,2274.0,75.0,323.0,595.0,239.0,1
forest_cover,150,2471.0,317.0,153.0,0.0,175.0,0
forest_cover,151,2015.0,93.0,0.0,330.0,239.0,1
forest_cover,152,2696.0,151.0,150.0,1952.0,228.0,0
forest_cover,153,2118.0,62.0,0.0,1115.0,225.0,1
forest_cover,154,2515.0,188.0,300.0,940.0,208.0,0
forest_cover,155,2390.0,264.0,90.0,450.0,167.0,0
forest_cover,156,2201.0,337.0,0.0,774.0,200.0,1
forest_cover,157,2625.0,186.0,90.0,1907.0,208.0,0
forest_cover,158,2099.0,8.0,60.0,134.0,174.0,0
forest_cover,159,2254.0,145.0,0.0,342.0,231.0,1
forest_cover,160,2621.0,63.0,170.0,1683.0,224.0,0
forest_cover,161,2234.0,126.0,0.0,450.0,248.0,1
forest_cover,162,2109.0,271.0,153.0,295.0,121.0,0
forest_cover,163,2608.0,170.0,342.0,2649.0,230.0,0
forest_cover,164,2039.0,123.0,30.0,631.0,248.0,1
forest_cover,165,2219.0,128.0,124.0,1406.0,250.0,1
forest_cover,166,2126.0,137.0,60.0,836.0,249.0,1
forest_cover,167,2165.0,90.0,150.0,443.0,247.0,1
forest_cover,168,2560.0,241.0,600.0,778.0,204.0,0
forest_cover,169,2578.0,139.0,451.0,752.0,242.0,0
forest_cover,170,2055.0,102.0,240.0,258.0,250.0,0
forest_cover,171,2577.0,192.0,60.0,1358.0,217.0,0
forest_cover,172,2115.0,163.0,42.0,1293.0,233.0,1
forest_cover,173,2224.0,133.0,0.0,1130.0,248.0,1
forest_cover,174,2667.0,94.0,127.0,2448.0,249.0,0
forest_cover,175,2275.0,127.0,180.0,722.0,253.0,1
forest_cover,176,2131.0,271.0,60.0,1063.0,179.0,1
forest_cover,177,2270.0,79.0,0.0,658.0,230.0,1
forest_cover,178,2526.0,126.0,258.0,95.0,223.0,1
forest_cover,179,2353.0,239.0,256.0,1123.0,191.0,1
forest_cover,180,2319.0,171.0,408.0,1298.0,229.0,1
forest_cover,181,2312.0,111.0,216.0,531.0,254.0,1
forest_cover,182,2165.0,358.0,30.0,1300.0,199.0,0
forest_cover,183,2747.0,152.0,408.0,2408.0,241.0,0
forest_cover,184,2205.0,128.0,150.0,1323.0,252.0,1
forest_cover,185,2596.0,168.0,108.0,1400.0,230.0,0
forest_cover,186,2084.0,113.0,0.0,182.0,243.0,1
forest_cover,187,2052.0,93.0,30.0,365.0,242.0,1
forest_cover,188,2553.0,199.0,90.0,1101.0,204.0,0
forest_cover,189,2413.0,1.0,335.0,1104.0,185.0,0
forest_cover,190,2105.0,136.0,0.0,1397.0,244.0,1
forest_cover,191,2161.0,203.0,30.0,1154.0,189.0,1
forest_cover,192,2279.0,130.0,242.0,1008.0,249.0,1
forest_cover,193,2411.0,56.0,192.0,582.0,222.0,0
forest_cover,194,2226.0,357.0,30.0,510.0,138.0,0
forest_cover,195,2167.0,129.0,153.0,765.0,252.0,1
forest_cover,196,2032.0,24.0,175.0,216.0,185.0,0
forest_cover,197,2358.0,65.0,426.0,973.0,230.0,1
forest_cover,198,2092.0,284.0,295.0,402.0,170.0,0
forest_cover,199,2095.0,207.0,0.0,1414.0,212.0,1
forest_cover,200,2621.0,43.0,402.0,1943.0,222.0,0
forest_cover,201,2009.0,51.0,108.0,134.0,205.0,0
forest_cover,202,2006.0,53.0,0.0,255.0,227.0,1
forest_cover,203,2444.0,90.0,60.0,878.0,237.0,0
forest_cover,204,2487.0,266.0,201.0,391.0,202.0,0
forest_cover,205,2017.0,70.0,212.0,212.0,238.0,0
forest_cover,206,2278.0,138.0,228.0,1429.0,247.0,1
forest_cover,207,2248.0,111.0,0.0,902.0,242.0,1
forest_cover,208,2377.0,127.0,42.0,781.0,251.0,0
forest_cover,209,2310.0,153.0,127.0,108.0,236.0,0
forest_cover,210,2321.0,2.0,216.0,511.0,195.0,0
forest_cover,211,2328.0,327.0,382.0,1291.0,208.0,0
forest_cover,212,2191.0,19.0,0.0,551.0,214.0,1
forest_cover,213,2188.0,90.0,218.0,525.0,248.0,0
forest_cover,214,2763.0,233.0,335.0,3203.0,152.0,0
forest_cover,215,2263.0,126.0,350.0,1189.0,253.0,1
forest_cover,216,2174.0,120.0,0.0,1379.0,251.0,1
forest_cover,217,2420.0,122.0,153.0,765.0,253.0,0
forest_cover,218,2236.0,118.0,108.0,955.0,254.0,1
forest_cover,219,2003.0,355.0,0.0,127.0,211.0,1
forest_cover,220,2320.0,102.0,361.0,1110.0,252.0,1
forest_cover,221,2449.0,236.0,90.0,990.0,179.0,0
forest_cover,222,2334.0,308.0,277.0,918.0,128.0,0
forest_cover,223,2564.0,48.0,379.0,1337.0,220.0,0
forest_cover,224,2102.0,347.0,0.0,1290.0,208.0,1
forest_cover,225,2301.0,122.0,0.0,1022.0,225.0,1
forest_cover,226,2104.0,62.0,108.0,192.0,227.0,0
forest_cover,227,2339.0,126.0,518.0,1476.0,250.0,1
forest_cover,228,2230.0,337.0,0.0,1136.0,189.0,1
forest_cover,229,2376.0,104.0,0.0,1020.0,243.0,1
forest_cover,230,2317.0,230.0,466.0,1276.0,165.0,1
forest_cover,231,2492.0,53.0,180.0,277.0,227.0,0
forest_cover,232,2151.0,126.0,0.0,1456.0,247.0,1
forest_cover,233,2344.0,322.0,60.0,85.0,150.0,0
forest_cover,234,2140.0,135.0,0.0,1273.0,228.0,1
forest_cover,235,2199.0,116.0,150.0,1008.0,254.0,1
forest_cover,236,2619.0,229.0,285.0,2012.0,180.0,0
forest_cover,237,2311.0,290.0,256.0,882.0,161.0,0
forest_cover,238,2039.0,329.0,30.0,270.0,131.0,0
forest_cover,239,1991.0,337.0,0.0,180.0,183.0,1
forest_cover,240,2334.0,138.0,175.0,679.0,245.0,0
forest_cover,241,2296.0,124.0,192.0,1595.0,253.0,0
forest_cover,242,2227.0,137.0,175.0,1040.0,248.0,1
forest_cover,243,2731.0,120.0,437.0,660.0,243.0,0
forest_cover,244,2614.0,234.0,0.0,2155.0,216.0,0
forest_cover,245,2295.0,107.0,212.0,900.0,253.0,1
forest_cover,246,2816.0,108.0,594.0,2675.0,249.0,0
forest_cover,247,2307.0,358.0,228.0,1082.0,156.0,0
forest_cover,248,2467.0,334.0,582.0,1218.0,182.0,0
forest_cover,249,2239.0,135.0,309.0,1191.0,250.0,1
forest_cover,250,2339.0,134.0,285.0,741.0,250.0,1
forest_cover,251,2154.0,187.0,0.0,1140.0,218.0,1
forest_cover,252,2222.0,5.0,67.0,957.0,153.0,0
forest_cover,253,2200.0,143.0,30.0,1252.0,246.0,1
forest_cover,254,2019.0,139.0,0.0,534.0,243.0,0
forest_cover,255,2219.0,159.0,0.0,1110.0,233.0,1
forest_cover,256,2428.0,121.0,0.0,900.0,241.0,0
forest_cover,257,2212.0,189.0,95.0,295.0,219.0,0
forest_cover,258,2304.0,124.0,361.0,930.0,245.0,0
forest_cover,259,2221.0,351.0,30.0,1114.0,154.0,0
forest_cover,260,2100.0,71.0,108.0,295.0,238.0,1
forest_cover,261,2456.0,145.0,420.0,722.0,228.0,0
forest_cover,262,2290.0,28.0,85.0,1425.0,195.0,0
forest_cover,263,2443.0,172.0,488.0,743.0,229.0,0
forest_cover,264,2311.0,113.0,108.0,633.0,240.0,0
forest_cover,265,2139.0,84.0,120.0,430.0,242.0,1
forest_cover,266,2468.0,20.0,212.0,690.0,214.0,0
forest_cover,267,2383.0,16.0,426.0,1477.0,213.0,0
forest_cover,268,2510.0,86.0,309.0,552.0,245.0,0
forest_cover,269,2140.0,333.0,0.0,960.0,170.0,1
forest_cover,270,2419.0,48.0,0.0,395.0,224.0,1
forest_cover,271,2672.0,139.0,180.0,1935.0,248.0,0
forest_cover,272,2456.0,106.0,192.0,720.0,248.0,0
forest_cover,273,2554.0,45.0,0.0,1421.0,223.0,0
forest_cover,274,2193.0,66.0,0.0,765.0,235.0,1
forest_cover,275,2284.0,109.0,42.0,1216.0,252.0,0
forest_cover,276,2149.0,108.0,124.0,646.0,253.0,1
forest_cover,277,2249.0,113.0,134.0,934.0,253.0,1
forest_cover,278,2057.0,264.0,270.0,330.0,150.0,0
forest_cover,279,2344.0,95.0,150.0,379.0,237.0,0
forest_cover,280,2016.0,5.0,0.0,240.0,187.0,1
forest_cover,281,2119.0,113.0,210.0,417.0,250.0,0
forest_cover,282,2405.0,71.0,0.0,691.0,238.0,1
forest_cover,283,2120.0,108.0,108.0,541.0,254.0,1
forest_cover,284,2259.0,131.0,283.0,750.0,251.0,1
forest_cover,285,2115.0,135.0,0.0,1142.0,244.0,1
forest_cover,286,2265.0,127.0,134.0,807.0,253.0,1
forest_cover,287,2306.0,276.0,0.0,1262.0,203.0,1
forest_cover,288,2304.0,119.0,108.0,750.0,253.0,0
forest_cover,289,2078.0,85.0,0.0,735.0,238.0,1
forest_cover,290,2128.0,331.0,30.0,1189.0,137.0,1
forest_cover,291,1980.0,96.0,60.0,90.0,245.0,0
forest_cover,292,2206.0,123.0,67.0,1040.0,252.0,1
forest_cover,293,2637.0,135.0,390.0,2078.0,219.0,0
forest_cover,294,2558.0,212.0,90.0,1722.0,172.0,0
forest_cover,295,2229.0,100.0,0.0,960.0,252.0,0
forest_cover,296,2255.0,6.0,277.0,470.0,188.0,0
forest_cover,297,2383.0,125.0,362.0,430.0,252.0,0
forest_cover,298,2337.0,127.0,268.0,782.0,252.0,1
forest_cover,299,2295.0,127.0,212.0,726.0,252.0,1
adult,0,46.0,13.0,3.0,1.0,0.0,1
adult,1,47.0,13.0,3.0,1.0,0.0,0
adult,2,55.0,13.0,1.0,1.0,10520.0,1
adult,3,32.0,13.0,3.0,1.0,0.0,1
adult,4,42.0,10.0,1.0,0.0,0.0,0
adult,5,71.0,9.0,3.0,1.0,0.0,0
adult,6,38.0,13.0,3.0,1.0,7688.0,1
adult,7,22.0,9.0,0.0,1.0,0.0,0
adult,8,56.0,10.0,3.0,1.0,0.0,1
adult,9,73.0,9.0,2.0,0.0,0.0,0
adult,10,41.0,10.0,3.0,1.0,0.0,1
adult,11,32.0,12.0,3.0,1.0,0.0,0
adult,12,40.0,15.0,3.0,1.0,0.0,1
adult,13,56.0,10.0,1.0,1.0,0.0,1
adult,14,45.0,12.0,1.0,0.0,0.0,1
adult,15,50.0,9.0,1.0,1.0,0.0,1
adult,16,39.0,13.0,3.0,1.0,0.0,0
adult,17,54.0,9.0,3.0,1.0,0.0,1
adult,18,25.0,9.0,0.0,1.0,0.0,0
adult,19,56.0,13.0,3.0,1.0,5178.0,1
adult,20,17.0,7.0,0.0,0.0,0.0,0
adult,21,22.0,9.0,0.0,1.0,0.0,0
adult,22,45.0,15.0,3.0,1.0,0.0,1
adult,23,42.0,10.0,3.0,1.0,0.0,1
adult,24,41.0,11.0,0.0,1.0,0.0,0
adult,25,39.0,13.0,0.0,1.0,0.0,0
adult,26,33.0,13.0,3.0,1.0,15024.0,1
adult,27,35.0,13.0,3.0,1.0,0.0,1
adult,28,30.0,14.0,3.0,1.0,15024.0,1
adult,29,60.0,9.0,3.0,1.0,0.0,0
adult,30,26.0,10.0,0.0,0.0,0.0,0
adult,31,26.0,9.0,0.0,1.0,0.0,0
adult,32,47.0,11.0,3.0,1.0,0.0,1
adult,33,23.0,13.0,0.0,0.0,0.0,0
adult,34,45.0,9.0,1.0,0.0,0.0,0
adult,35,33.0,7.0,1.0,0.0,0.0,0
adult,36,34.0,10.0,3.0,1.0,0.0,1
adult,37,36.0,10.0,3.0,0.0,0.0,1
adult,38,49.0,6.0,3.0,1.0,0.0,1
adult,39,40.0,13.0,3.0,1.0,7298.0,1
adult,40,35.0,9.0,3.0,1.0,0.0,0
adult,41,35.0,13.0,1.0,1.0,7430.0,1
adult,42,34.0,6.0,0.0,0.0,0.0,0
adult,43,31.0,10.0,3.0,1.0,0.0,1
adult,44,58.0,9.0,1.0,1.0,0.0,0
adult,45,33.0,9.0,3.0,1.0,0.0,0
adult,46,43.0,9.0,3.0,1.0,0.0,1
adult,47,30.0,13.0,1.0,1.0,0.0,0
adult,48,26.0,9.0,1.0,0.0,0.0,0
adult,49,36.0,9.0,3.0,1.0,7298.0,1
adult,50,42.0,13.0,3.0,1.0,15024.0,1
adult,51,67.0,10.0,3.0,1.0,20051.0,1
adult,52,31.0,10.0,3.0,1.0,0.0,0
adult,53,51.0,12.0,3.0,1.0,0.0,1
adult,54,34.0,13.0,3.0,1.0,0.0,0
adult,55,26.0,13.0,0.0,1.0,0.0,0
adult,56,62.0,10.0,3.0,1.0,0.0,0
adult,57,35.0,10.0,3.0,1.0,0.0,0
adult,58,27.0,11.0,3.0,0.0,0.0,1
adult,59,49.0,9.0,1.0,1.0,0.0,0
adult,60,38.0,13.0,3.0,1.0,0.0,1
adult,61,35.0,10.0,3.0,1.0,0.0,1
adult,62,35.0,9.0,0.0,1.0,0.0,0
adult,63,22.0,10.0,0.0,0.0,0.0,0
adult,64,48.0,12.0,3.0,1.0,0.0,1
adult,65,71.0,9.0,3.0,1.0,0.0,1
adult,66,54.0,14.0,3.0,1.0,0.0,1
adult,67,44.0,10.0,3.0,1.0,0.0,0
adult,68,38.0,9.0,3.0,0.0,0.0,1
adult,69,26.0,13.0,0.0,1.0,0.0,0
adult,70,62.0,13.0,3.0,1.0,0.0,1
adult,71,64.0,9.0,3.0,1.0,0.0,0
adult,72,34.0,7.0,0.0,1.0,0.0,0
adult,73,20.0,10.0,0.0,0.0,0.0,0
adult,74,32.0,13.0,1.0,0.0,0.0,0
adult,75,25.0,10.0,0.0,1.0,0.0,0
adult,76,37.0,16.0,1.0,0.0,0.0,0
adult,77,59.0,9.0,3.0,1.0,0.0,0
adult,78,69.0,9.0,3.0,1.0,0.0,1
adult,79,58.0,14.0,3.0,1.0,7688.0,1
adult,80,39.0,10.0,0.0,0.0,0.0,0
adult,81,47.0,13.0,3.0,1.0,0.0,1
adult,82,43.0,10.0,3.0,1.0,0.0,0
adult,83,26.0,13.0,0.0,0.0,0.0,0
adult,84,39.0,9.0,0.0,0.0,2202.0,0
adult,85,46.0,9.0,3.0,1.0,0.0,1
adult,86,36.0,13.0,3.0,1.0,0.0,1
adult,87,70.0,13.0,3.0,1.0,0.0,0
adult,88,42.0,10.0,1.0,0.0,0.0,0
adult,89,50.0,14.0,1.0,0.0,0.0,0
adult,90,37.0,13.0,3.0,1.0,3411.0,0
adult,91,42.0,15.0,3.0,1.0,0.0,1
adult,92,44.0,13.0,3.0,1.0,0.0,1
adult,93,28.0,9.0,1.0,0.0,0.0,0
adult,94,41.0,11.0,3.0,0.0,0.0,0
adult,95,32.0,14.0,0.0,0.0,0.0,0
adult,96,20.0,9.0,0.0,1.0,0.0,0
adult,97,48.0,10.0,1.0,1.0,15020.0,1
adult,98,47.0,9.0,1.0,0.0,0.0,0
adult,99,34.0,10.0,0.0,1.0,0.0,1
adult,100,46.0,9.0,3.0,1.0,0.0,0
adult,101,35.0,12.0,1.0,0.0,0.0,0
adult,102,40.0,13.0,3.0,1.0,7298.0,1
adult,103,55.0,9.0,1.0,0.0,0.0,0
adult,104,41.0,9.0,3.0,1.0,0.0,0
adult,105,45.0,10.0,3.0,1.0,0.0,1
adult,106,33.0,12.0,3.0,1.0,0.0,0
adult,107,26.0,9.0,0.0,0.0,0.0,0
adult,108,44.0,13.0,1.0,1.0,0.0,1
adult,109,21.0,10.0,0.0,0.0,0.0,0
adult,110,43.0,9.0,3.0,1.0,0.0,1
adult,111,34.0,14.0,1.0,0.0,0.0,1
adult,112,31.0,14.0,3.0,1.0,0.0,1
adult,113,38.0,14.0,1.0,0.0,0.0,0
adult,114,48.0,11.0,1.0,0.0,0.0,0
adult,115,40.0,9.0,1.0,0.0,0.0,0
adult,116,31.0,9.0,3.0,1.0,0.0,0
adult,117,49.0,9.0,3.0,1.0,4064.0,0
adult,118,22.0,9.0,1.0,1.0,0.0,0
adult,119,55.0,9.0,3.0,1.0,0.0,0
adult,120,41.0,9.0,3.0,1.0,5178.0,1
adult,121,45.0,9.0,1.0,1.0,10520.0,1
adult,122,31.0,7.0,3.0,1.0,0.0,0
adult,123,42.0,10.0,3.0,1.0,0.0,1
adult,124,62.0,14.0,3.0,0.0,0.0,0
adult,125,44.0,14.0,3.0,1.0,7298.0,1
adult,126,31.0,13.0,3.0,1.0,0.0,1
adult,127,34.0,13.0,3.0,0.0,0.0,1
adult,128,55.0,9.0,3.0,1.0,0.0,1
adult,129,35.0,10.0,3.0,1.0,0.0,0
adult,130,52.0,3.0,1.0,1.0,0.0,0
adult,131,57.0,9.0,3.0,1.0,0.0,1
adult,132,46.0,13.0,3.0,0.0,0.0,1
adult,133,27.0,13.0,0.0,0.0,0.0,0
adult,134,32.0,3.0,0.0,0.0,0.0,0
adult,135,38.0,9.0,1.0,1.0,2174.0,0
adult,136,44.0,10.0,3.0,1.0,0.0,1
adult,137,59.0,9.0,0.0,1.0,0.0,0
adult,138,29.0,13.0,0.0,1.0,0.0,1
adult,139,54.0,14.0,3.0,1.0,7688.0,1
adult,140,18.0,10.0,0.0,1.0,0.0,0
adult,141,22.0,9.0,1.0,0.0,0.0,0
adult,142,22.0,10.0,0.0,0.0,0.0,0
adult,143,33.0,11.0,3.0,1.0,0.0,1
adult,144,35.0,10.0,3.0,1.0,0.0,1
adult,145,44.0,10.0,1.0,1.0,0.0,0
adult,146,38.0,13.0,0.0,1.0,0.0,0
adult,147,26.0,9.0,3.0,1.0,0.0,1
adult,148,50.0,9.0,1.0,0.0,0.0,0
adult,149,33.0,3.0,3.0,1.0,0.0,0
adult,150,39.0,9.0,1.0,0.0,0.0,0
adult,151,18.0,7.0,0.0,0.0,0.0,0
adult,152,31.0,15.0,3.0,0.0,0.0,1
adult,153,20.0,10.0,3.0,1.0,0.0,0
adult,154,38.0,13.0,3.0,0.0,0.0,1
adult,155,49.0,9.0,3.0,1.0,0.0,1
adult,156,35.0,15.0,3.0,1.0,0.0,1
adult,157,65.0,13.0,3.0,1.0,0.0,0
adult,158,53.0,13.0,3.0,1.0,0.0,1
adult,159,36.0,10.0,3.0,1.0,0.0,1
adult,160,69.0,10.0,3.0,1.0,0.0,1
adult,161,21.0,10.0,0.0,0.0,0.0,0
adult,162,30.0,13.0,0.0,0.0,0.0,1
adult,163,46.0,13.0,0.0,0.0,0.0,1
adult,164,41.0,10.0,3.0,1.0,0.0,1
adult,165,34.0,9.0,3.0,1.0,0.0,1
adult,166,27.0,14.0,0.0,1.0,0.0,0
adult,167,49.0,9.0,3.0,1.0,0.0,1
adult,168,27.0,9.0,3.0,1.0,0.0,0
adult,169,34.0,11.0,3.0,1.0,7298.0,1
adult,170,48.0,10.0,3.0,1.0,0.0,1
adult,171,40.0,13.0,3.0,1.0,99999.0,1
adult,172,50.0,13.0,3.0,1.0,7298.0,1
adult,173,44.0,9.0,3.0,1.0,0.0,0
adult,174,51.0,12.0,1.0,0.0,0.0,0
adult,175,30.0,5.0,1.0,1.0,0.0,0
adult,176,25.0,10.0,0.0,0.0,0.0,0
adult,177,43.0,13.0,3.0,1.0,0.0,1
adult,178,51.0,11.0,3.0,1.0,0.0,1
adult,179,34.0,9.0,3.0,1.0,0.0,1
adult,180,38.0,10.0,3.0,0.0,0.0,1
adult,181,21.0,9.0,3.0,1.0,0.0,0
adult,182,30.0,13.0,3.0,1.0,0.0,1
adult,183,49.0,9.0,3.0,1.0,4064.0,0
adult,184,49.0,9.0,1.0,0.0,0.0,0
adult,185,31.0,10.0,1.0,0.0,0.0,0
adult,186,35.0,10.0,0.0,1.0,0.0,0
adult,187,33.0,13.0,0.0,0.0,0.0,0
adult,188,75.0,14.0,1.0,0.0,0.0,0
adult,189,27.0,9.0,3.0,1.0,0.0,0
adult,190,24.0,9.0,3.0,1.0,0.0,0
adult,191,25.0,7.0,1.0,1.0,0.0,0
adult,192,34.0,10.0,3.0,1.0,0.0,1
adult,193,54.0,13.0,3.0,1.0,0.0,1
adult,194,39.0,10.0,3.0,1.0,0.0,1
adult,195,43.0,10.0,3.0,1.0,0.0,1
adult,196,28.0,13.0,0.0,0.0,0.0,0
adult,197,24.0,13.0,0.0,1.0,0.0,0
adult,198,32.0,13.0,3.0,1.0,0.0,1
adult,199,21.0,9.0,0.0,0.0,0.0,0
adult,200,56.0,10.0,3.0,1.0,0.0,1
adult,201,19.0,9.0,0.0,1.0,0.0,0
adult,202,36.0,2.0,0.0,1.0,0.0,0
adult,203,25.0,13.0,0.0,1.0,0.0,0
adult,204,28.0,11.0,3.0,1.0,0.0,1
adult,205,50.0,7.0,3.0,1.0,0.0,1
adult,206,25.0,12.0,0.0,0.0,0.0,0
adult,207,36.0,13.0,1.0,0.0,0.0,0
adult,208,28.0,9.0,0.0,1.0,0.0,0
adult,209,44.0,9.0,0.0,1.0,14344.0,1
adult,210,60.0,9.0,3.0,1.0,0.0,1
adult,211,67.0,13.0,3.0,1.0,0.0,0
adult,212,49.0,9.0,0.0,1.0,0.0,0
adult,213,51.0,4.0,3.0,1.0,0.0,0
adult,214,39.0,9.0,3.0,1.0,0.0,1
adult,215,32.0,13.0,3.0,0.0,0.0,1
adult,216,34.0,13.0,3.0,1.0,0.0,1
adult,217,52.0,10.0,3.0,1.0,0.0,1
adult,218,17.0,7.0,0.0,0.0,0.0,0
adult,219,39.0,12.0,3.0,1.0,0.0,1
adult,220,29.0,10.0,3.0,1.0,3103.0,1
adult,221,30.0,13.0,0.0,0.0,8614.0,1
adult,222,19.0,10.0,0.0,0.0,0.0,0
adult,223,38.0,9.0,3.0,1.0,0.0,0
adult,224,36.0,14.0,3.0,0.0,0.0,1
adult,225,38.0,13.0,3.0,1.0,0.0,1
adult,226,40.0,14.0,3.0,1.0,99999.0,1
adult,227,29.0,14.0,0.0,1.0,0.0,0
adult,228,41.0,16.0,3.0,1.0,99999.0,1
adult,229,34.0,13.0,1.0,1.0,0.0,0
adult,230,31.0,9.0,0.0,1.0,0.0,0
adult,231,31.0,10.0,1.0,0.0,0.0,0
adult,232,39.0,14.0,0.0,1.0,0.0,0
adult,233,34.0,13.0,3.0,1.0,0.0,1
adult,234,34.0,9.0,3.0,1.0,0.0,0
adult,235,32.0,4.0,3.0,1.0,0.0,0
adult,236,24.0,13.0,0.0,0.0,0.0,0
adult,237,17.0,8.0,0.0,0.0,0.0,0
adult,238,49.0,9.0,3.0,1.0,0.0,1
adult,239,44.0,14.0,3.0,0.0,0.0,1
adult,240,43.0,13.0,3.0,0.0,0.0,1
adult,241,37.0,10.0,3.0,1.0,0.0,1
adult,242,27.0,9.0,1.0,0.0,0.0,0
adult,243,25.0,13.0,0.0,0.0,0.0,0
adult,244,50.0,14.0,3.0,1.0,0.0,1
adult,245,51.0,6.0,1.0,1.0,0.0,0
adult,246,44.0,14.0,3.0,0.0,4386.0,1
adult,247,22.0,9.0,0.0,1.0,0.0,0
adult,248,42.0,10.0,3.0,1.0,0.0,0
adult,249,32.0,2.0,0.0,1.0,0.0,0
adult,250,37.0,11.0,3.0,1.0,15024.0,1
adult,251,60.0,9.0,3.0,0.0,0.0,0
adult,252,62.0,13.0,3.0,1.0,0.0,1
adult,253,44.0,10.0,3.0,1.0,0.0,1
adult,254,69.0,10.0,2.0,0.0,0.0,0
adult,255,43.0,9.0,3.0,1.0,0.0,1
adult,256,40.0,9.0,3.0,1.0,0.0,1
adult,257,37.0,9.0,3.0,1.0,0.0,1
adult,258,79.0,16.0,2.0,1.0,0.0,1
adult,259,50.0,12.0,1.0,0.0,0.0,0
adult,260,30.0,10.0,3.0,1.0,0.0,0
adult,261,63.0,14.0,1.0,1.0,0.0,1
adult,262,41.0,15.0,3.0,1.0,0.0,1
adult,263,34.0,9.0,1.0,0.0,0.0,0
adult,264,41.0,3.0,3.0,1.0,0.0,0
adult,265,49.0,2.0,3.0,1.0,0.0,0
adult,266,37.0,13.0,3.0,0.0,0.0,1
adult,267,34.0,14.0,0.0,1.0,0.0,0
adult,268,63.0,13.0,3.0,1.0,0.0,1
adult,269,58.0,10.0,1.0,0.0,0.0,0
adult,270,41.0,14.0,3.0,1.0,0.0,1
adult,271,47.0,14.0,3.0,1.0,0.0,1
adult,272,35.0,10.0,3.0,1.0,0.0,1
adult,273,47.0,9.0,3.0,1.0,0.0,0
adult,274,31.0,12.0,3.0,1.0,0.0,0
adult,275,39.0,13.0,3.0,1.0,15024.0,1
adult,276,40.0,10.0,1.0,0.0,0.0,0
adult,277,50.0,13.0,3.0,0.0,0.0,1
adult,278,41.0,14.0,2.0,0.0,10520.0,1
adult,279,42.0,16.0,3.0,1.0,0.0,1
adult,280,43.0,9.0,3.0,1.0,0.0,1
adult,281,56.0,4.0,3.0,1.0,0.0,1
adult,282,60.0,6.0,1.0,0.0,0.0,0
adult,283,37.0,13.0,3.0,1.0,0.0,0
adult,284,29.0,10.0,0.0,1.0,0.0,0
adult,285,35.0,10.0,3.0,1.0,0.0,1
adult,286,39.0,9.0,3.0,1.0,0.0,0
adult,287,43.0,13.0,3.0,1.0,7688.0,1
adult,288,54.0,13.0,3.0,1.0,3103.0,1
adult,289,68.0,9.0,3.0,1.0,0.0,1
adult,290,31.0,13.0,3.0,0.0,0.0,1
adult,291,53.0,9.0,1.0,0.0,0.0,0
adult,292,32.0,9.0,1.0,0.0,0.0,0
adult,293,45.0,9.0,3.0,1.0,15024.0,1
adult,294,38.0,9.0,3.0,1.0,7688.0,1
adult,295,62.0,13.0,3.0,1.0,0.0,0
adult,296,30.0,12.0,0.0,1.0,0.0,0
adult,297,17.0,6.0,0.0,1.0,0.0,0
adult,298,57.0,9.0,3.0,1.0,3137.0,0
adult,299,48.0,13.0,3.0,1.0,0.0,1
