participant_id,exp_property,trial_index,qid,instanceId,human_answer,human_label,correct_answer,correct_label,model_probability_higher,model_label,p_original_high_income,p_new_high_income,confidence_delta,pre_lapse_probability_higher,guess_probability_higher,changed_feature_visible,effective_lapse_rate,aggregation,normalize_by_i_max,max_features_attended,guess_bias,lapse_rate
41,faithful,10,3,13,Higher,1,Higher,1,0.5829434212672736,1,0.7330007723947899,0.7330007723947899,0.0,0.5829434212672736,0.5,False,0.0,attribution,True,4,0.0,0.0
41,faithful,11,14,24,Higher,1,Higher,1,0.8800389085862164,1,0.7505382742544284,0.7523874402007318,0.0018491659463033,0.8800389085862164,0.5,True,0.0,attribution,True,4,0.0,0.0
41,faithful,12,26,36,Lower,0,Higher,1,0.5829434212672736,1,0.7363780791761608,0.7363780791761608,0.0,0.5829434212672736,0.5,False,0.0,attribution,True,4,0.0,0.0
41,faithful,13,16,26,Lower,0,Higher,1,0.3357286043807606,0,0.8123490516021006,0.8112144593495353,-0.0011345922525652,0.3357286043807606,0.5,True,0.0,attribution,True,4,0.0,0.0
41,faithful,14,22,32,Higher,1,Higher,1,0.6825318516774334,1,0.7363780791761608,0.7368583063777568,0.000480227201596,0.6825318516774334,0.5,True,0.0,attribution,True,4,0.0,0.0
41,faithful,15,25,35,Lower,0,Lower,0,0.0281569042229761,0,0.9151895837895606,0.9108662018208352,-0.0043233819687253,0.0281569042229761,0.5,True,0.0,attribution,True,4,0.0,0.0
41,faithful,16,9,19,Higher,1,Higher,1,0.6812124843920739,1,0.7421035599808012,0.7425770034121056,0.0004734434313043,0.6812124843920739,0.5,True,0.0,attribution,True,4,0.0,0.0
41,faithful,17,0,10,Lower,0,Lower,0,2.2153745262668502e-06,0,0.9376373104893924,0.9227419157327786,-0.0148953947566136,2.2153745262668502e-06,0.5,True,0.0,attribution,True,4,0.0,0.0
41,faithful,18,17,27,Lower,0,Lower,0,0.0882365858521905,0,0.8982763394119782,0.8952981124968659,-0.0029782269151122,0.0882365858521905,0.5,True,0.0,attribution,True,4,0.0,0.0
41,faithful,19,28,38,Lower,0,Lower,0,0.0381828828665295,0,0.9537891372852676,0.94981704999412,-0.0039720872911478,0.0381828828665295,0.5,True,0.0,attribution,True,4,0.0,0.0
41,faithful,20,2,12,Lower,0,Lower,0,0.0003195738192345,0,0.9415691049991566,0.9322190810542792,-0.0093500239448773,0.0003195738192345,0.5,True,0.0,attribution,True,4,0.0,0.0
41,faithful,21,20,30,Higher,1,Higher,1,0.5829434212672736,1,0.7330007723947899,0.7330007723947899,0.0,0.5829434212672736,0.5,False,0.0,attribution,True,4,0.0,0.0
41,faithful,22,13,23,Lower,0,Lower,0,0.0271419664228407,0,0.9766304232850012,0.972264931116641,-0.0043654921683601,0.0271419664228407,0.5,True,0.0,attribution,True,4,0.0,0.0
41,faithful,23,6,16,Higher,1,Lower,0,0.4934211750142254,0,0.7955826319639726,0.7951797856794406,-0.000402846284532,0.4934211750142254,0.5,True,0.0,attribution,True,4,0.0,0.0
41,faithful,24,23,33,Higher,1,Higher,1,0.5829434212672736,1,0.7411549702190654,0.7411549702190654,0.0,0.5829434212672736,0.5,True,0.0,attribution,True,4,0.0,0.0
41,faithful,25,21,31,Higher,1,Higher,1,0.5829434212672736,1,0.7330007723947899,0.7330007723947899,0.0,0.5829434212672736,0.5,False,0.0,attribution,True,4,0.0,0.0
41,faithful,26,18,28,Higher,1,Higher,1,0.6423411272461572,1,0.93977340482735,0.9400529903856328,0.0002795855582827,0.6423411272461572,0.5,True,0.0,attribution,True,4,0.0,0.0
41,faithful,27,11,21,Higher,1,Higher,1,0.5829434212672736,1,0.7368583063777568,0.7368583063777568,0.0,0.5829434212672736,0.5,True,0.0,attribution,True,4,0.0,0.0
41,faithful,28,8,18,Higher,1,Higher,1,0.6771704717023238,1,0.7587867911528804,0.7592395439669577,0.0004527528140773,0.6771704717023238,0.5,True,0.0,attribution,True,4,0.0,0.0
41,faithful,29,19,29,Lower,0,Higher,1,0.5829434212672736,1,0.7330007723947899,0.7330007723947899,0.0,0.5829434212672736,0.5,False,0.0,attribution,True,4,0.0,0.0
41,faithful,30,7,17,Higher,1,Higher,1,0.9985749605865052,1,0.916335235211768,0.9232696325010552,0.0069343972892871,0.9985749605865052,0.5,True,0.0,attribution,True,4,0.0,0.0
41,faithful,31,15,25,Higher,1,Higher,1,0.5829434212672736,1,0.7971881272757297,0.7971881272757297,0.0,0.5829434212672736,0.5,True,0.0,attribution,True,4,0.0,0.0
41,faithful,32,24,34,Higher,1,Higher,1,0.5829434212672736,1,0.7315449634060929,0.7315449634060929,0.0,0.5829434212672736,0.5,False,0.0,attribution,True,4,0.0,0.0
41,faithful,33,4,14,Lower,0,Higher,1,0.8164800358859988,1,0.903145451863098,0.9044368113786724,0.0012913595155742,0.8164800358859988,0.5,True,0.0,attribution,True,4,0.0,0.0
41,faithful,34,1,11,Lower,0,Lower,0,0.0127653875052063,0,0.9481393216141268,0.9429161136538432,-0.0052232079602837,0.0127653875052063,0.5,True,0.0,attribution,True,4,0.0,0.0
41,faithful,35,12,22,Lower,0,Lower,0,0.1325082561271837,0,0.8290923109938768,0.8266231255260558,-0.002469185467821,0.1325082561271837,0.5,True,0.0,attribution,True,4,0.0,0.0
41,faithful,36,5,15,Higher,1,Higher,1,0.5829434212672736,1,0.7334849251973146,0.7334849251973146,0.0,0.5829434212672736,0.5,False,0.0,attribution,True,4,0.0,0.0
41,faithful,37,27,37,Lower,0,Higher,1,0.6827501909570914,1,0.7354159384051226,0.7358972896895085,0.0004813512843858,0.6827501909570914,0.5,True,0.0,attribution,True,4,0.0,0.0
41,faithful,38,10,20,Lower,0,Higher,1,0.5829434212672736,1,0.7315449634060929,0.7315449634060929,0.0,0.5829434212672736,0.5,False,0.0,attribution,True,4,0.0,0.0
40,faithful,10,15,25,Higher,1,Higher,1,0.5416610044000628,1,0.3700089967553799,0.3700089967553799,0.0,0.5416610044000628,0.5,True,0.0,attribution,True,12,0.0,0.0
40,faithful,11,8,18,Higher,1,Higher,1,0.5555776546047053,1,0.3090732634522994,0.3096020947399747,0.0005288312876753,0.5555776546047053,0.5,True,0.0,attribution,True,12,0.0,0.0
40,faithful,12,21,31,Higher,1,Higher,1,0.7204011187582061,1,0.2695535935826854,0.2768875637756613,0.0073339701929759,0.7204011187582061,0.5,False,0.0,attribution,True,12,0.0,0.0
40,faithful,13,10,20,Lower,0,Higher,1,0.5418634103068837,1,0.2674805435328971,0.2674882152164938,7.671683596666146e-06,0.5418634103068837,0.5,False,0.0,attribution,True,12,0.0,0.0
40,faithful,14,13,23,Lower,0,Lower,0,0.1281644623108639,0,0.8815745313368369,0.8619621179985618,-0.0196124133382751,0.1281644623108639,0.5,True,0.0,attribution,True,12,0.0,0.0
40,faithful,15,12,22,Lower,0,Lower,0,0.4290563017138727,0,0.4378234991142019,0.4335634956052197,-0.0042600035089822,0.4290563017138727,0.5,True,0.0,attribution,True,12,0.0,0.0
40,faithful,16,20,30,Higher,1,Higher,1,0.5336420113333323,1,0.2689380140084502,0.2686344668269099,-0.0003035471815402,0.5336420113333323,0.5,False,0.0,attribution,True,12,0.0,0.0
40,faithful,17,5,15,Higher,1,Higher,1,0.6575043422080578,1,0.2721172238259062,0.2766823531678737,0.0045651293419674,0.6575043422080578,0.5,False,0.0,attribution,True,12,0.0,0.0
40,faithful,18,2,12,Lower,0,Lower,0,0.091044823227506,0,0.8329159341445282,0.8096934924955964,-0.0232224416489318,0.091044823227506,0.5,True,0.0,attribution,True,12,0.0,0.0
40,faithful,19,1,11,Lower,0,Lower,0,0.2091038519121253,0,0.8403575849033574,0.8262680927970003,-0.0140894921063571,0.2091038519121253,0.5,True,0.0,attribution,True,12,0.0,0.0
40,faithful,20,17,27,Lower,0,Lower,0,0.3465142412929814,0,0.6288362905467434,0.6212952431552651,-0.0075410473914783,0.3465142412929814,0.5,True,0.0,attribution,True,12,0.0,0.0
40,faithful,21,14,24,Lower,0,Higher,1,0.5952329076730797,1,0.2934445745850225,0.2955015849382874,0.0020570103532648,0.5952329076730797,0.5,True,0.0,attribution,True,12,0.0,0.0
40,faithful,22,9,19,Higher,1,Higher,1,0.5548669886783743,1,0.2822823740251586,0.2827841269268754,0.0005017529017167,0.5548669886783743,0.5,True,0.0,attribution,True,12,0.0,0.0
40,faithful,23,6,16,Lower,0,Lower,0,0.5266876370200604,1,0.3545702454776189,0.3540039887471236,-0.0005662567304953,0.5266876370200604,0.5,True,0.0,attribution,True,12,0.0,0.0
40,faithful,24,27,37,Lower,0,Higher,1,0.5546235140957428,1,0.2738357957480876,0.2743282735500222,0.0004924778019346,0.5546235140957428,0.5,True,0.0,attribution,True,12,0.0,0.0
40,faithful,25,25,35,Lower,0,Lower,0,0.2391533384413028,0,0.6516358660831697,0.639174301691111,-0.0124615643920587,0.2391533384413028,0.5,True,0.0,attribution,True,12,0.0,0.0
40,faithful,26,11,21,Higher,1,Higher,1,0.5416610044000628,1,0.2738357957480876,0.2738357957480876,0.0,0.5416610044000628,0.5,True,0.0,attribution,True,12,0.0,0.0
40,faithful,27,24,34,Higher,1,Higher,1,0.7293772705476831,1,0.270146484761685,0.277904007676005,0.0077575229143199,0.7293772705476831,0.5,False,0.0,attribution,True,12,0.0,0.0
40,faithful,28,23,33,Higher,1,Higher,1,0.5416610044000628,1,0.2782878637580386,0.2782878637580386,0.0,0.5416610044000628,0.5,True,0.0,attribution,True,12,0.0,0.0
40,faithful,29,7,17,Higher,1,Higher,1,0.8979411071376263,1,0.712168765006911,0.7310585786300049,0.0188898136230939,0.8979411071376263,0.5,True,0.0,attribution,True,12,0.0,0.0
40,faithful,30,16,26,Higher,1,Higher,1,0.4941728947695529,0,0.4070346560028026,0.4052436423816249,-0.0017910136211777,0.4941728947695529,0.5,True,0.0,attribution,True,12,0.0,0.0
40,faithful,31,0,10,Lower,0,Lower,0,0.016312292155126,0,0.7943723257444586,0.7542273875504479,-0.0401449381940106,0.016312292155126,0.5,True,0.0,attribution,True,12,0.0,0.0
40,faithful,32,22,32,Higher,1,Higher,1,0.5546524014673244,1,0.2748213018488619,0.2753148800552635,0.0004935782064016,0.5546524014673244,0.5,True,0.0,attribution,True,12,0.0,0.0
40,faithful,33,19,29,Lower,0,Higher,1,0.7358155415026073,1,0.2737734048022414,0.2818401853650328,0.0080667805627913,0.7358155415026073,0.5,False,0.0,attribution,True,12,0.0,0.0
40,faithful,34,26,36,Higher,1,Higher,1,0.6607403046429408,1,0.2760570407652994,0.2807576916825764,0.0047006509172769,0.6607403046429408,0.5,False,0.0,attribution,True,12,0.0,0.0
40,faithful,35,28,38,Higher,1,Lower,0,0.2722508804778671,0,0.858990511447917,0.8481670916882627,-0.0108234197596543,0.2722508804778671,0.5,True,0.0,attribution,True,12,0.0,0.0
40,faithful,36,18,28,Higher,1,Higher,1,0.5658163403664399,1,0.7528482921109663,0.7537682661099518,0.0009199739989855,0.5658163403664399,0.5,True,0.0,attribution,True,12,0.0,0.0
40,faithful,37,4,14,Lower,0,Higher,1,0.6299591389953877,1,0.6351686693196004,0.6386032376480554,0.003434568328455,0.6299591389953877,0.5,True,0.0,attribution,True,12,0.0,0.0
40,faithful,38,3,13,Higher,1,Higher,1,0.5416610044000628,1,0.2746572009347376,0.2746572009347376,0.0,0.5416610044000628,0.5,False,0.0,attribution,True,12,0.0,0.0
28,faithful,10,17,27,Lower,0,Lower,0,0.4662879237838863,0,1.0,1.0,0.0,0.4662879237838863,0.5,True,0.0,value_weighted,False,12,0.0,0.0
28,faithful,11,19,29,Lower,0,Higher,1,0.5169354530447517,1,0.9963874313332064,0.9999999999966188,0.0036125686634121,0.5169354530447517,0.5,False,0.0,value_weighted,False,12,0.0,0.0
28,faithful,12,3,13,Higher,1,Higher,1,0.4662879237838863,0,0.9998329464181388,0.9998329464181388,0.0,0.4662879237838863,0.5,False,0.0,value_weighted,False,12,0.0,0.0
28,faithful,13,8,18,Higher,1,Higher,1,0.4667309614446249,0,0.999956081513976,0.999987788635514,3.170712153799382e-05,0.4667309614446249,0.5,True,0.0,value_weighted,False,12,0.0,0.0
28,faithful,14,0,10,Lower,0,Lower,0,0.4662879237824157,0,1.0,0.9999999999998948,-1.0524914273446485e-13,0.4662879237824157,0.5,True,0.0,value_weighted,False,12,0.0,0.0
28,faithful,15,13,23,Lower,0,Lower,0,0.4662879237838863,0,1.0,1.0,0.0,0.4662879237838863,0.5,True,0.0,value_weighted,False,12,0.0,0.0
28,faithful,16,7,17,Higher,1,Higher,1,0.4662879237838863,0,1.0,1.0,0.0,0.4662879237838863,0.5,True,0.0,value_weighted,False,12,0.0,0.0
28,faithful,17,26,36,Higher,1,Higher,1,0.9999794159404864,1,0.8053884755106736,0.9999986565820947,0.1946101810714212,0.9999794159404864,0.5,False,0.0,value_weighted,False,12,0.0,0.0
28,faithful,18,22,32,Higher,1,Higher,1,0.9999998268297532,1,0.5084032490805489,0.7881176414286198,0.2797143923480709,0.9999998268297532,0.5,True,0.0,value_weighted,False,12,0.0,0.0
28,faithful,19,24,34,Higher,1,Higher,1,0.999301086065774,1,0.8681880403849501,0.9999999997349897,0.1318119593500394,0.999301086065774,0.5,False,0.0,value_weighted,False,12,0.0,0.0
28,faithful,20,2,12,Lower,0,Lower,0,0.4662879237838863,0,1.0,1.0,0.0,0.4662879237838863,0.5,True,0.0,value_weighted,False,12,0.0,0.0
28,faithful,21,12,22,Lower,0,Lower,0,0.4662853038676364,0,0.9999999999759116,0.999999812463645,-1.87512266713874e-07,0.4662853038676364,0.5,True,0.0,value_weighted,False,12,0.0,0.0
28,faithful,22,10,20,Lower,0,Higher,1,0.4679608008585301,0,0.0058878335781302,0.0060075377754465,0.0001197041973162,0.4679608008585301,0.5,False,0.0,value_weighted,False,12,0.0,0.0
28,faithful,23,16,26,Higher,1,Higher,1,0.4662879237838863,0,1.0,1.0,0.0,0.4662879237838863,0.5,True,0.0,value_weighted,False,12,0.0,0.0
28,faithful,24,15,25,Higher,1,Higher,1,0.4662879237838863,0,1.0,1.0,0.0,0.4662879237838863,0.5,True,0.0,value_weighted,False,12,0.0,0.0
28,faithful,25,27,37,Higher,1,Higher,1,0.9999999667868192,1,0.328782460254806,0.6379096818121645,0.3091272215573584,0.9999999667868192,0.5,True,0.0,value_weighted,False,12,0.0,0.0
28,faithful,26,20,30,Higher,1,Higher,1,0.4205209504823973,0,0.0060256310980421,0.0027201157517977,-0.0033055153462444,0.4205209504823973,0.5,False,0.0,value_weighted,False,12,0.0,0.0
28,faithful,27,11,21,Higher,1,Higher,1,0.52185480052862,1,0.1653776811739752,0.169341266965184,0.0039635857912087,0.52185480052862,0.5,True,0.0,value_weighted,False,12,0.0,0.0
28,faithful,28,6,16,Higher,1,Lower,0,0.4662879236587291,0,0.9999999999965504,0.9999999999875926,-8.957723451885613e-12,0.4662879236587291,0.5,True,0.0,value_weighted,False,12,0.0,0.0
28,faithful,29,23,33,Higher,1,Higher,1,0.6525489840715595,1,0.7271162333123371,0.7407477428608807,0.0136315095485436,0.6525489840715595,0.5,True,0.0,value_weighted,False,12,0.0,0.0
28,faithful,30,9,19,Higher,1,Higher,1,0.9945290606022164,1,0.8624701548399237,0.9575462833860936,0.0950761285461698,0.9945290606022164,0.5,True,0.0,value_weighted,False,12,0.0,0.0
28,faithful,31,28,38,Higher,1,Lower,0,0.4662879237838863,0,1.0,1.0,0.0,0.4662879237838863,0.5,True,0.0,value_weighted,False,12,0.0,0.0
28,faithful,32,18,28,Higher,1,Higher,1,0.4662879237838863,0,1.0,1.0,0.0,0.4662879237838863,0.5,True,0.0,value_weighted,False,12,0.0,0.0
28,faithful,33,5,15,Higher,1,Higher,1,0.999116801149164,1,0.8723586119494253,0.999998962680126,0.1276403507307006,0.999116801149164,0.5,False,0.0,value_weighted,False,12,0.0,0.0
28,faithful,34,1,11,Lower,0,Lower,0,0.4662879237838863,0,1.0,1.0,0.0,0.4662879237838863,0.5,True,0.0,value_weighted,False,12,0.0,0.0
28,faithful,35,21,31,Higher,1,Higher,1,1.0,1,0.030339293858332,0.9999998379795668,0.9696605441212348,1.0,0.5,False,0.0,value_weighted,False,12,0.0,0.0
28,faithful,36,4,14,Higher,1,Higher,1,0.4662879237838863,0,1.0,1.0,0.0,0.4662879237838863,0.5,True,0.0,value_weighted,False,12,0.0,0.0
28,faithful,37,14,24,Higher,1,Higher,1,0.9999032613833232,1,0.8317471535179599,0.9987925791900262,0.1670454256720662,0.9999032613833232,0.5,True,0.0,value_weighted,False,12,0.0,0.0
28,faithful,38,25,35,Higher,1,Lower,0,0.4662879237838863,0,1.0,1.0,0.0,0.4662879237838863,0.5,True,0.0,value_weighted,False,12,0.0,0.0
29,faithful,10,8,18,Higher,1,Higher,1,0.7144227721188152,1,0.5732197726798348,0.574442516811659,0.0012227441318242,0.7144227721188152,0.5,True,0.0,attribution,False,4,0.0,0.0
29,faithful,11,9,19,Higher,1,Higher,1,0.7173196349477312,1,0.5287183569514396,0.5299640517645717,0.001245694813132,0.7173196349477312,0.5,True,0.0,attribution,False,4,0.0,0.0
29,faithful,12,25,35,Lower,0,Lower,0,0.0226067430348695,0,0.941859849495789,0.9355352341624104,-0.0063246153333786,0.0226067430348695,0.5,True,0.0,attribution,False,4,0.0,0.0
29,faithful,13,4,14,Higher,1,Higher,1,0.8111939769327063,1,0.923437802648188,0.925532054833972,0.002094252185784,0.8111939769327063,0.5,True,0.0,attribution,False,4,0.0,0.0
29,faithful,14,22,32,Lower,0,Higher,1,0.7177311656403563,1,0.513746534902355,0.51499550161941,0.0012489667170549,0.7177311656403563,0.5,True,0.0,attribution,False,4,0.0,0.0
29,faithful,15,2,12,Lower,0,Lower,0,0.0028183112409241,0,0.9732732515942786,0.9635611345791598,-0.0097121170151187,0.0028183112409241,0.5,True,0.0,attribution,False,4,0.0,0.0
29,faithful,16,6,16,Lower,0,Lower,0,0.3718017346851476,0,0.6737070994545213,0.6726070170677604,-0.0011000823867609,0.3718017346851476,0.5,True,0.0,attribution,False,4,0.0,0.0
29,faithful,17,23,33,Higher,1,Higher,1,0.5394612768221381,1,0.5262259093720687,0.5262259093720687,0.0,0.5394612768221381,0.5,True,0.0,attribution,False,4,0.0,0.0
29,faithful,18,0,10,Lower,0,Lower,0,2.6128180134659716e-05,0,0.9693799019988838,0.952120310150081,-0.0172595918488027,2.6128180134659716e-05,0.5,True,0.0,attribution,False,4,0.0,0.0
29,faithful,19,5,15,Lower,0,Higher,1,0.5394612768221381,1,0.5062496744995104,0.5062496744995104,0.0,0.5394612768221381,0.5,False,0.0,attribution,False,4,0.0,0.0
29,faithful,20,10,20,Higher,1,Higher,1,0.5394612768221381,1,0.5012499973958399,0.5012499973958399,0.0,0.5394612768221381,0.5,False,0.0,attribution,False,4,0.0,0.0
29,faithful,21,27,37,Higher,1,Higher,1,0.7177723778980458,1,0.5112481019468549,0.5124973964842103,0.0012492945373554,0.7177723778980458,0.5,True,0.0,attribution,False,4,0.0,0.0
29,faithful,22,11,21,Higher,1,Higher,1,0.5394612768221381,1,0.51499550161941,0.51499550161941,0.0,0.5394612768221381,0.5,True,0.0,attribution,False,4,0.0,0.0
29,faithful,23,12,22,Lower,0,Lower,0,0.0217991635901016,0,0.7631450157268554,0.7567604506198105,-0.0063845651070449,0.0217991635901016,0.5,True,0.0,attribution,False,4,0.0,0.0
29,faithful,24,19,29,Lower,0,Higher,1,0.5394612768221381,1,0.5049998333399998,0.5049998333399998,0.0,0.5394612768221381,0.5,False,0.0,attribution,False,4,0.0,0.0
29,faithful,25,15,25,Higher,1,Higher,1,0.5394612768221381,1,0.6780882495516275,0.6780882495516275,0.0,0.5394612768221381,0.5,True,0.0,attribution,False,4,0.0,0.0
29,faithful,26,26,36,Higher,1,Higher,1,0.5394612768221381,1,0.5137465349023549,0.5137465349023549,0.0,0.5394612768221381,0.5,False,0.0,attribution,False,4,0.0,0.0
29,faithful,27,3,13,Higher,1,Higher,1,0.5394612768221381,1,0.5049998333399998,0.5049998333399998,0.0,0.5394612768221381,0.5,False,0.0,attribution,False,4,0.0,0.0
29,faithful,28,14,24,Higher,1,Higher,1,0.961778139756958,1,0.551071269307342,0.5560138905446199,0.0049426212372779,0.961778139756958,0.5,True,0.0,attribution,False,4,0.0,0.0
29,faithful,29,18,28,Higher,1,Higher,1,0.5815195860433808,1,0.9715294123099028,0.9718047120298574,0.0002752997199545,0.5815195860433808,0.5,True,0.0,attribution,False,4,0.0,0.0
29,faithful,30,1,11,Lower,0,Lower,0,0.0624509286833974,0,0.9791636554813196,0.9745435485478888,-0.0046201069334308,0.0624509286833974,0.5,True,0.0,attribution,False,4,0.0,0.0
29,faithful,31,17,27,Lower,0,Lower,0,0.0450060777783443,0,0.9152894342692642,0.9101117367460412,-0.0051776975232231,0.0450060777783443,0.5,True,0.0,attribution,False,4,0.0,0.0
29,faithful,32,28,38,Lower,0,Lower,0,0.1482591487012849,0,0.9836171227637228,0.9805449154318068,-0.0030722073319159,0.1482591487012849,0.5,True,0.0,attribution,False,4,0.0,0.0
29,faithful,33,20,30,Higher,1,Higher,1,0.5394612768221381,1,0.5049998333399998,0.5049998333399998,0.0,0.5394612768221381,0.5,False,0.0,attribution,False,4,0.0,0.0
29,faithful,34,16,26,Lower,0,Higher,1,0.1508116526791936,0,0.7190996574163839,0.7160597938157098,-0.003039863600674,0.1508116526791936,0.5,True,0.0,attribution,False,4,0.0,0.0
29,faithful,35,21,31,Higher,1,Higher,1,0.5394612768221381,1,0.5049998333399998,0.5049998333399998,0.0,0.5394612768221381,0.5,False,0.0,attribution,False,4,0.0,0.0
29,faithful,36,24,34,Higher,1,Higher,1,0.5394612768221381,1,0.5012499973958399,0.5012499973958399,0.0,0.5394612768221381,0.5,False,0.0,attribution,False,4,0.0,0.0
29,faithful,37,7,17,Higher,1,Higher,1,0.9973771258600332,1,0.9434810340203788,0.952799499661981,0.0093184656416021,0.9973771258600332,0.5,True,0.0,attribution,False,4,0.0,0.0
29,faithful,38,13,23,Higher,1,Lower,0,0.2908958424708932,0,0.996010134851006,0.9943193908381032,-0.0016907440129028,0.2908958424708932,0.5,True,0.0,attribution,False,4,0.0,0.0
25,faithful,10,8,18,Lower,0,Higher,1,0.4878685607731226,0,0.3975122494778725,0.3998858887996792,0.0023736393218066,0.4878685607731226,0.5,True,0.0,attribution,True,4,0.0,0.0
25,faithful,11,27,37,Higher,1,Higher,1,0.4791750065441678,0,0.2868175274689011,0.2888470742279203,0.0020295467590192,0.4791750065441678,0.5,True,0.0,attribution,True,4,0.0,0.0
25,faithful,12,17,27,Lower,0,Lower,0,0.3518632283532783,0,0.9761741827933048,0.972989783947636,-0.0031843988456687,0.3518632283532783,0.5,True,0.0,attribution,True,4,0.0,0.0
25,faithful,13,11,21,Higher,1,Higher,1,0.4283261458573053,0,0.2929316320123608,0.2929316320123608,0.0,0.4283261458573053,0.5,True,0.0,attribution,True,4,0.0,0.0
25,faithful,14,2,12,Lower,0,Lower,0,0.3812117678697317,0,0.9978037645247688,0.9958692151550068,-0.0019345493697621,0.3812117678697317,0.5,True,0.0,attribution,True,4,0.0,0.0
25,faithful,15,18,28,Lower,0,Higher,1,0.4295365747291685,0,0.9975028352676388,0.9975516778219689,4.884255432979767e-05,0.4295365747291685,0.5,True,0.0,attribution,True,4,0.0,0.0
25,faithful,16,15,25,Higher,1,Higher,1,0.4283261458573053,0,0.6166250207163164,0.6166250207163164,0.0,0.4283261458573053,0.5,True,0.0,attribution,True,4,0.0,0.0
25,faithful,17,25,35,Lower,0,Lower,0,0.3654745536205844,0,0.9891732705147434,0.9865737945989256,-0.0025994759158178,0.3654745536205844,0.5,True,0.0,attribution,True,4,0.0,0.0
25,faithful,18,20,30,Lower,0,Higher,1,0.3579167328498372,0,0.2858162687858106,0.2828932197805,-0.0029230490053105,0.3579167328498372,0.5,False,0.0,attribution,True,4,0.0,0.0
25,faithful,19,13,23,Higher,1,Lower,0,0.4270975400594948,0,0.9999513443064908,0.9999017328771698,-4.961142932091711e-05,0.4270975400594948,0.5,True,0.0,attribution,True,4,0.0,0.0
25,faithful,20,3,13,Higher,1,Higher,1,0.4283261458573053,0,0.2944364790669147,0.2944364790669147,0.0,0.4283261458573053,0.5,False,0.0,attribution,True,4,0.0,0.0
25,faithful,21,24,34,Higher,1,Higher,1,0.7842733308329818,1,0.2726926143978925,0.2883037721867719,0.0156111577888793,0.7842733308329818,0.5,False,0.0,attribution,True,4,0.0,0.0
25,faithful,22,19,29,Higher,1,Higher,1,0.8583594362139615,1,0.3178144935475307,0.3384762522439583,0.0206617586964275,0.8583594362139615,0.5,False,0.0,attribution,True,4,0.0,0.0
25,faithful,23,28,38,Higher,1,Lower,0,0.4199733605019551,0,0.99918288306173,0.9988448580559276,-0.0003380250058024,0.4199733605019551,0.5,True,0.0,attribution,True,4,0.0,0.0
25,faithful,24,9,19,Lower,0,Higher,1,0.4820625051894992,0,0.3159867021747084,0.3181305817757413,0.0021438796010329,0.4820625051894992,0.5,True,0.0,attribution,True,4,0.0,0.0
25,faithful,25,14,24,Higher,1,Higher,1,0.6535676476744111,1,0.3557039811097066,0.3648313306803997,0.0091273495706931,0.6535676476744111,0.5,True,0.0,attribution,True,4,0.0,0.0
25,faithful,26,1,11,Higher,1,Lower,0,0.4119870732371565,0,0.998673338865273,0.9980103835163006,-0.0006629553489724,0.4119870732371565,0.5,True,0.0,attribution,True,4,0.0,0.0
25,faithful,27,0,10,Higher,1,Lower,0,0.3255784199433771,0,0.9971041719680948,0.9927594561860408,-0.0043447157820538,0.3255784199433771,0.5,True,0.0,attribution,True,4,0.0,0.0
25,faithful,28,6,16,Higher,1,Lower,0,0.3710189081349986,0,0.607220491181472,0.604856577559394,-0.0023639136220779,0.3710189081349986,0.5,True,0.0,attribution,True,4,0.0,0.0
25,faithful,29,23,33,Higher,1,Higher,1,0.4283261458573053,0,0.3117223976060625,0.3117223976060625,0.0,0.4283261458573053,0.5,True,0.0,attribution,True,4,0.0,0.0
25,faithful,30,5,15,Higher,1,Higher,1,0.4283261458573053,0,0.3011376176639255,0.3011376176639255,0.0,0.4283261458573053,0.5,False,0.0,attribution,True,4,0.0,0.0
25,faithful,31,16,26,Lower,0,Higher,1,0.2849680874977778,0,0.7029501770489169,0.6967107092450211,-0.0062394678038958,0.2849680874977778,0.5,True,0.0,attribution,True,4,0.0,0.0
25,faithful,32,12,22,Lower,0,Lower,0,0.1853055402311098,0,0.7886540982023014,0.7768710898955681,-0.0117830083067332,0.1853055402311098,0.5,True,0.0,attribution,True,4,0.0,0.0
25,faithful,33,21,31,Lower,0,Higher,1,0.6338854325369101,1,0.3116909273366091,0.3199698640485173,0.0082789367119082,0.6338854325369101,0.5,False,0.0,attribution,True,4,0.0,0.0
25,faithful,34,7,17,Lower,0,Higher,1,0.508223833478591,1,0.9897913364855744,0.992969869484439,0.0031785329988647,0.508223833478591,0.5,True,0.0,attribution,True,4,0.0,0.0
25,faithful,35,26,36,Higher,1,Higher,1,0.8028559590744185,1,0.3137855187496986,0.3305184696136719,0.0167329508639733,0.8028559590744185,0.5,False,0.0,attribution,True,4,0.0,0.0
25,faithful,36,10,20,Lower,0,Higher,1,0.4283261458573053,0,0.2797919094404903,0.2797919094404903,0.0,0.4283261458573053,0.5,False,0.0,attribution,True,4,0.0,0.0
25,faithful,37,4,14,Higher,1,Higher,1,0.4555221000311767,0,0.98074785791566,0.98183807460727,0.0010902166916099,0.4555221000311767,0.5,True,0.0,attribution,True,4,0.0,0.0
25,faithful,38,22,32,Lower,0,Higher,1,0.4796032647233444,0,0.2908851247299717,0.2929316320123608,0.002046507282389,0.4796032647233444,0.5,True,0.0,attribution,True,4,0.0,0.0
37,faithful,10,19,29,Lower,0,Higher,1,0.5640954347676354,1,0.2708925217849846,0.2708925217849846,0.0,0.5640954347676354,0.5,False,0.0,attribution,True,4,0.0,0.0
37,faithful,11,5,15,Higher,1,Higher,1,0.5640954347676354,1,0.2713816844913216,0.2713816844913216,0.0,0.5640954347676354,0.5,False,0.0,attribution,True,4,0.0,0.0
37,faithful,12,10,20,Lower,0,Higher,1,0.5640954347676354,1,0.2694283628175162,0.2694283628175162,0.0,0.5640954347676354,0.5,False,0.0,attribution,True,4,0.0,0.0
37,faithful,13,13,23,Lower,0,Lower,0,2.7350312109436817e-13,0,0.8497540411435561,0.8259124861599443,-0.0238415549836118,2.7350312109436817e-13,0.5,True,0.0,attribution,True,4,0.0,0.0
37,faithful,14,22,32,Lower,0,Higher,1,0.702939066555635,1,0.2743282735500222,0.2748213018488619,0.0004930282988396,0.702939066555635,0.5,True,0.0,attribution,True,4,0.0,0.0
37,faithful,15,0,10,Lower,0,Lower,0,1.2530941513191056e-28,0,0.6704886641775822,0.6177946331715288,-0.0526940310060534,1.2530941513191056e-28,0.5,True,0.0,attribution,True,4,0.0,0.0
37,faithful,16,3,13,Higher,1,Higher,1,0.5640954347676354,1,0.2708925217849846,0.2708925217849846,0.0,0.5640954347676354,0.5,False,0.0,attribution,True,4,0.0,0.0
37,faithful,17,21,31,Higher,1,Higher,1,0.5640954347676354,1,0.2708925217849846,0.2708925217849846,0.0,0.5640954347676354,0.5,False,0.0,attribution,True,4,0.0,0.0
37,faithful,18,11,21,Higher,1,Higher,1,0.5640954347676354,1,0.2748213018488619,0.2748213018488619,0.0,0.5640954347676354,0.5,True,0.0,attribution,True,4,0.0,0.0
37,faithful,19,6,16,Lower,0,Lower,0,0.3949266812553433,0,0.3450003863479782,0.3444412567945847,-0.0005591295533934,0.3949266812553433,0.5,True,0.0,attribution,True,4,0.0,0.0
37,faithful,20,18,28,Higher,1,Higher,1,0.8289577674017249,1,0.6786391160955512,0.6797178038449151,0.0010786877493639,0.8289577674017249,0.5,True,0.0,attribution,True,4,0.0,0.0
37,faithful,21,14,24,Higher,1,Higher,1,0.94020866015235,1,0.2893557914411194,0.2913959605887521,0.0020401691476326,0.94020866015235,0.5,True,0.0,attribution,True,4,0.0,0.0
37,faithful,22,23,33,Higher,1,Higher,1,0.5640954347676354,1,0.2792832301086001,0.2792832301086001,0.0,0.5640954347676354,0.5,True,0.0,attribution,True,4,0.0,0.0
37,faithful,23,9,19,Higher,1,Higher,1,0.7046128427650212,1,0.2802807740226168,0.2807803609719822,0.0004995869493653,0.7046128427650212,0.5,True,0.0,attribution,True,4,0.0,0.0
37,faithful,24,2,12,Lower,0,Lower,0,2.811872978745393e-19,0,0.6856160937062773,0.6505112292740861,-0.0351048644321911,2.811872978745393e-19,0.5,True,0.0,attribution,True,4,0.0,0.0
37,faithful,25,24,34,Higher,1,Higher,1,0.5640954347676354,1,0.2694283628175162,0.2694283628175162,0.0,0.5640954347676354,0.5,False,0.0,attribution,True,4,0.0,0.0
37,faithful,26,28,38,Lower,0,Lower,0,9.7709840211862e-10,0,0.736378079176161,0.7192196390280177,-0.0171584401481433,9.7709840211862e-10,0.5,True,0.0,attribution,True,4,0.0,0.0
37,faithful,27,17,27,Lower,0,Lower,0,7.298548486551528e-05,0,0.5444369020966096,0.5364451501410372,-0.0079917519555723,7.298548486551528e-05,0.5,True,0.0,attribution,True,4,0.0,0.0
37,faithful,28,25,35,Lower,0,Lower,0,1.2409859517437448e-07,0,0.593562625668281,0.5803614675748732,-0.0132011580934078,1.2409859517437448e-07,0.5,True,0.0,attribution,True,4,0.0,0.0
37,faithful,29,4,14,Higher,1,Higher,1,0.9913194737638554,1,0.5579073089713247,0.561567164639647,0.0036598556683222,0.9913194737638554,0.5,True,0.0,attribution,True,4,0.0,0.0
37,faithful,30,15,25,Higher,1,Higher,1,0.5640954347676354,1,0.3472411843058524,0.3472411843058524,0.0,0.5640954347676354,0.5,True,0.0,attribution,True,4,0.0,0.0
37,faithful,31,20,30,Lower,0,Higher,1,0.5640954347676354,1,0.2708925217849846,0.2708925217849846,0.0,0.5640954347676354,0.5,False,0.0,attribution,True,4,0.0,0.0
37,faithful,32,1,11,Lower,0,Lower,0,6.591145429089324e-12,0,0.7121687650069108,0.6909267365477005,-0.0212420284592103,6.591145429089324e-12,0.5,True,0.0,attribution,True,4,0.0,0.0
37,faithful,33,12,22,Lower,0,Lower,0,0.0081015353138528,0,0.3963272280821016,0.3921893098999335,-0.0041379181821681,0.0081015353138528,0.5,True,0.0,attribution,True,4,0.0,0.0
37,faithful,34,26,36,Higher,1,Higher,1,0.5640954347676354,1,0.2743282735500222,0.2743282735500222,0.0,0.5640954347676354,0.5,False,0.0,attribution,True,4,0.0,0.0
37,faithful,35,27,37,Higher,1,Higher,1,0.7026574056958751,1,0.2733438690277168,0.2738357957480876,0.0004919267203707,0.7026574056958751,0.5,True,0.0,attribution,True,4,0.0,0.0
37,faithful,36,7,17,Higher,1,Higher,1,0.9999999999990532,1,0.5971404502687236,0.6195464919395859,0.0224060416708622,0.9999999999990532,0.5,True,0.0,attribution,True,4,0.0,0.0
37,faithful,37,16,26,Lower,0,Higher,1,0.1349716191935416,0,0.3694321966532151,0.3677040382066335,-0.0017281584465816,0.1349716191935416,0.5,True,0.0,attribution,True,4,0.0,0.0
37,faithful,38,8,18,Higher,1,Higher,1,0.7094520482597206,1,0.298602734547816,0.2991214065616944,0.0005186720138783,0.7094520482597206,0.5,True,0.0,attribution,True,4,0.0,0.0
42,faithful,10,0,10,Lower,0,Lower,0,0.0253432293195581,0,0.991422514586288,0.9864135136001808,-0.0050090009861072,0.0253432293195581,0.5,True,0.0,attribution,False,12,0.0,0.0
42,faithful,11,5,15,Lower,0,Higher,1,0.5081170803574033,1,0.5062496744995104,0.5062496744995104,0.0,0.5081170803574033,0.5,False,0.0,attribution,False,12,0.0,0.0
42,faithful,12,7,17,Higher,1,Higher,1,0.9332063253345058,1,0.9791636554813196,0.9827068434300946,0.003543187948775,0.9332063253345058,0.5,True,0.0,attribution,False,12,0.0,0.0
42,faithful,13,13,23,Lower,0,Lower,0,0.3353785452675714,0,0.9977056300529732,0.9967310104383614,-0.0009746196146118,0.3353785452675714,0.5,True,0.0,attribution,False,12,0.0,0.0
42,faithful,14,8,18,Lower,0,Higher,1,0.7142195326690285,1,0.5974857658270161,0.598687660112452,0.0012018942854359,0.7142195326690285,0.5,True,0.0,attribution,False,12,0.0,0.0
42,faithful,15,1,11,Higher,1,Lower,0,0.3242904096260611,0,0.995390427820626,0.994347562848763,-0.0010428649718629,0.3242904096260611,0.5,True,0.0,attribution,False,12,0.0,0.0
42,faithful,16,19,29,Higher,1,Higher,1,0.5081170803574033,1,0.5062496744995104,0.5062496744995104,0.0,0.5081170803574033,0.5,False,0.0,attribution,False,12,0.0,0.0
42,faithful,17,6,16,Lower,0,Lower,0,0.320496342908987,0,0.6921095043017882,0.6910430124157227,-0.0010664918860654,0.320496342908987,0.5,True,0.0,attribution,False,12,0.0,0.0
42,faithful,18,18,28,Higher,1,Higher,1,0.5329396932516675,1,0.9862110114938586,0.986346340902649,0.0001353294087904,0.5329396932516675,0.5,True,0.0,attribution,False,12,0.0,0.0
42,faithful,19,22,32,Higher,1,Higher,1,0.721201861949261,1,0.51499550161941,0.5162442810620724,0.0012487794426624,0.721201861949261,0.5,True,0.0,attribution,False,12,0.0,0.0
42,faithful,20,12,22,Lower,0,Lower,0,0.0216495501800575,0,0.8198010248019487,0.8145725807070178,-0.0052284440949309,0.0216495501800575,0.5,True,0.0,attribution,False,12,0.0,0.0
42,faithful,21,20,30,Higher,1,Higher,1,0.5081170803574033,1,0.5049998333399998,0.5049998333399998,0.0,0.5081170803574033,0.5,False,0.0,attribution,False,12,0.0,0.0
42,faithful,22,3,13,Higher,1,Higher,1,0.5081170803574033,1,0.5049998333399998,0.5049998333399998,0.0,0.5081170803574033,0.5,False,0.0,attribution,False,12,0.0,0.0
42,faithful,23,23,33,Lower,0,Higher,1,0.5081170803574033,1,0.5237321541265612,0.5237321541265612,0.0,0.5081170803574033,0.5,True,0.0,attribution,False,12,0.0,0.0
42,faithful,24,11,21,Higher,1,Higher,1,0.5081170803574033,1,0.5124973964842103,0.5124973964842103,0.0,0.5081170803574033,0.5,True,0.0,attribution,False,12,0.0,0.0
42,faithful,25,14,24,Higher,1,Higher,1,0.9746367576460496,1,0.5609454503247162,0.5658650028954816,0.0049195525707653,0.9746367576460496,0.5,True,0.0,attribution,False,12,0.0,0.0
42,faithful,26,9,19,Higher,1,Higher,1,0.7205111376536991,1,0.5336988354329008,0.5349429451582145,0.0012441097253137,0.7205111376536991,0.5,True,0.0,attribution,False,12,0.0,0.0
42,faithful,27,27,37,Lower,0,Higher,1,0.7212549166797276,1,0.5124973964842103,0.5137465349023549,0.0012491384181445,0.7212549166797276,0.5,True,0.0,attribution,False,12,0.0,0.0
42,faithful,28,15,25,Higher,1,Higher,1,0.5081170803574033,1,0.7201085268004914,0.7201085268004914,0.0,0.5081170803574033,0.5,True,0.0,attribution,False,12,0.0,0.0
42,faithful,29,17,27,Higher,1,Lower,0,0.1165066778149584,0,0.9562697518310144,0.9534695254852684,-0.0028002263457459,0.1165066778149584,0.5,True,0.0,attribution,False,12,0.0,0.0
42,faithful,30,21,31,Lower,0,Higher,1,0.5081170803574033,1,0.5049998333399998,0.5049998333399998,0.0,0.5081170803574033,0.5,False,0.0,attribution,False,12,0.0,0.0
42,faithful,31,28,38,Lower,0,Lower,0,0.3896945087467641,0,0.996563981652246,0.9959095440859532,-0.000654437566293,0.3896945087467641,0.5,True,0.0,attribution,False,12,0.0,0.0
42,faithful,32,25,35,Lower,0,Lower,0,0.0507628494050171,0,0.9639106223224954,0.9598825680419544,-0.0040280542805409,0.0507628494050171,0.5,True,0.0,attribution,False,12,0.0,0.0
42,faithful,33,26,36,Lower,0,Higher,1,0.5081170803574033,1,0.5162442810620724,0.5162442810620724,0.0,0.5081170803574033,0.5,False,0.0,attribution,False,12,0.0,0.0
42,faithful,34,2,12,Lower,0,Lower,0,0.2005041109754562,0,0.9948571921666396,0.9929314060530386,-0.0019257861136008,0.2005041109754562,0.5,True,0.0,attribution,False,12,0.0,0.0
42,faithful,35,10,20,Lower,0,Higher,1,0.5081170803574033,1,0.5012499973958399,0.5012499973958399,0.0,0.5081170803574033,0.5,False,0.0,attribution,False,12,0.0,0.0
42,faithful,36,24,34,Higher,1,Higher,1,0.5081170803574033,1,0.5012499973958399,0.5012499973958399,0.0,0.5081170803574033,0.5,False,0.0,attribution,False,12,0.0,0.0
42,faithful,37,4,14,Higher,1,Higher,1,0.7104250628461641,1,0.9585128806983042,0.9596895845772908,0.0011767038789867,0.7104250628461641,0.5,True,0.0,attribution,False,12,0.0,0.0
42,faithful,38,16,26,Lower,0,Higher,1,0.1331275341141275,0,0.7790261077798122,0.7764331373333982,-0.0025929704464139,0.1331275341141275,0.5,True,0.0,attribution,False,12,0.0,0.0
26,faithful,10,12,22,Higher,1,Lower,0,0.4255470533362278,0,0.0276524223228225,3.6528471518048313e-06,-0.0276487694756707,0.4255470533362278,0.5,True,0.0,value_weighted,False,4,0.0,0.0
26,faithful,11,15,25,Lower,0,Higher,1,0.4627694882169873,0,1.0,1.0,0.0,0.4627694882169873,0.5,True,0.0,value_weighted,False,4,0.0,0.0
26,faithful,12,2,12,Higher,1,Lower,0,0.4627688790580956,0,1.0,0.9999995508911044,-4.491088957392364e-07,0.4627688790580956,0.5,True,0.0,value_weighted,False,4,0.0,0.0
26,faithful,13,17,27,Lower,0,Lower,0,0.4627694882169827,0,1.0,0.9999999999999968,-3.3306690738754696e-15,0.4627694882169827,0.5,True,0.0,value_weighted,False,4,0.0,0.0
26,faithful,14,19,29,Lower,0,Higher,1,0.4627694882169873,0,0.1654780895350894,0.1654780895350894,0.0,0.4627694882169873,0.5,False,0.0,value_weighted,False,4,0.0,0.0
26,faithful,15,1,11,Lower,0,Lower,0,0.0038458724387322,0,1.0,0.0088046088461717,-0.9911953911538284,0.0038458724387322,0.5,True,0.0,value_weighted,False,4,0.0,0.0
26,faithful,16,21,31,Higher,1,Higher,1,0.4627694882169873,0,0.2781906159415944,0.2781906159415944,0.0,0.4627694882169873,0.5,False,0.0,value_weighted,False,4,0.0,0.0
26,faithful,17,14,24,Higher,1,Higher,1,0.9890035661528372,1,0.0927929531171569,0.9447994622170652,0.8520065090999082,0.9890035661528372,0.5,True,0.0,value_weighted,False,4,0.0,0.0
26,faithful,18,20,30,Lower,0,Higher,1,0.4627694882169873,0,0.273541646724576,0.273541646724576,0.0,0.4627694882169873,0.5,False,0.0,value_weighted,False,4,0.0,0.0
26,faithful,19,24,34,Higher,1,Higher,1,0.4627694882169873,0,0.2689414213699951,0.2689414213699951,0.0,0.4627694882169873,0.5,False,0.0,value_weighted,False,4,0.0,0.0
26,faithful,20,22,32,Higher,1,Higher,1,0.7799695761929025,1,0.1772235322541982,0.4365261295584371,0.2593025973042389,0.7799695761929025,0.5,True,0.0,value_weighted,False,4,0.0,0.0
26,faithful,21,7,17,Lower,0,Higher,1,0.4627694882169873,0,1.0,1.0,0.0,0.4627694882169873,0.5,True,0.0,value_weighted,False,4,0.0,0.0
26,faithful,22,8,18,Higher,1,Higher,1,0.6650231839030228,1,0.7704597626813331,0.9235020510274864,0.1530422883461532,0.6650231839030228,0.5,True,0.0,value_weighted,False,4,0.0,0.0
26,faithful,23,6,16,Lower,0,Lower,0,0.4627674449711826,0,0.9999994198624348,0.9999979134573298,-1.506405104989561e-06,0.4627674449711826,0.5,True,0.0,value_weighted,False,4,0.0,0.0
26,faithful,24,3,13,Higher,1,Higher,1,0.4627694882169873,0,0.1074467395125346,0.1074467395125346,0.0,0.4627694882169873,0.5,False,0.0,value_weighted,False,4,0.0,0.0
26,faithful,25,4,14,Lower,0,Higher,1,0.4627694882169873,0,1.0,1.0,0.0,0.4627694882169873,0.5,True,0.0,value_weighted,False,4,0.0,0.0
26,faithful,26,26,36,Higher,1,Higher,1,0.4627694882169873,0,0.0338773070912173,0.0338773070912173,0.0,0.4627694882169873,0.5,False,0.0,value_weighted,False,4,0.0,0.0
26,faithful,27,28,38,Lower,0,Lower,0,0.00366954938463,0,0.9999999999999998,0.0001699221891415,-0.9998300778108582,0.00366954938463,0.5,True,0.0,value_weighted,False,4,0.0,0.0
26,faithful,28,10,20,Higher,1,Higher,1,0.4627694882169873,0,0.2689414213699951,0.2689414213699951,0.0,0.4627694882169873,0.5,False,0.0,value_weighted,False,4,0.0,0.0
26,faithful,29,5,15,Lower,0,Higher,1,0.4627694882169873,0,0.2689414213699951,0.2689414213699951,0.0,0.4627694882169873,0.5,False,0.0,value_weighted,False,4,0.0,0.0
26,faithful,30,25,35,Higher,1,Lower,0,0.4627694882169873,0,1.0,1.0,0.0,0.4627694882169873,0.5,True,0.0,value_weighted,False,4,0.0,0.0
26,faithful,31,18,28,Lower,0,Higher,1,0.4627694882169873,0,1.0,1.0,0.0,0.4627694882169873,0.5,True,0.0,value_weighted,False,4,0.0,0.0
26,faithful,32,16,26,Higher,1,Higher,1,0.4627694882169873,0,1.0,1.0,0.0,0.4627694882169873,0.5,True,0.0,value_weighted,False,4,0.0,0.0
26,faithful,33,0,10,Lower,0,Lower,0,0.4627694882169873,0,4.5610496791014064e-30,9.133761703889615e-82,-4.5610496791014064e-30,0.4627694882169873,0.5,True,0.0,value_weighted,False,4,0.0,0.0
26,faithful,34,23,33,Higher,1,Higher,1,0.4787860454050466,0,0.7790330630319519,0.7908172422677725,0.0117841792358206,0.4787860454050466,0.5,True,0.0,value_weighted,False,4,0.0,0.0
26,faithful,35,13,23,Higher,1,Lower,0,0.4627694882169873,0,1.0,1.0,0.0,0.4627694882169873,0.5,True,0.0,value_weighted,False,4,0.0,0.0
26,faithful,36,11,21,Higher,1,Higher,1,0.4652437929869851,0,0.0679415674679518,0.0697651142690889,0.0018235468011371,0.4652437929869851,0.5,True,0.0,value_weighted,False,4,0.0,0.0
26,faithful,37,9,19,Higher,1,Higher,1,0.619211260891852,1,0.0540736256465498,0.1705381372454861,0.1164645115989363,0.619211260891852,0.5,True,0.0,value_weighted,False,4,0.0,0.0
26,faithful,38,27,37,Lower,0,Higher,1,0.7461658630575401,1,0.1354820003150794,0.3604680318927637,0.2249860315776843,0.7461658630575401,0.5,True,0.0,value_weighted,False,4,0.0,0.0
18,faithful,10,24,34,Lower,0,Higher,1,0.4439818583995428,0,0.2689414213699951,0.2689414213699951,0.0,0.4439818583995428,0.5,False,0.0,value_weighted,False,4,0.0,0.0
18,faithful,11,5,15,Higher,1,Higher,1,0.4439818583995428,0,0.2689414213699951,0.2689414213699951,0.0,0.4439818583995428,0.5,False,0.0,value_weighted,False,4,0.0,0.0
18,faithful,12,9,19,Lower,0,Higher,1,0.8691236469336429,1,0.0540736256465498,0.1705381372454861,0.1164645115989363,0.8691236469336429,0.5,True,0.0,value_weighted,False,4,0.0,0.0
18,faithful,13,18,28,Higher,1,Higher,1,0.4439818583995428,0,1.0,1.0,0.0,0.4439818583995428,0.5,True,0.0,value_weighted,False,4,0.0,0.0
18,faithful,14,28,38,Lower,0,Lower,0,1.0108721661142452e-08,0,0.9999999999999998,0.0001699221891415,-0.9998300778108582,1.0108721661142452e-08,0.5,True,0.0,value_weighted,False,4,0.0,0.0
18,faithful,15,0,10,Lower,0,Lower,0,0.4439818583995428,0,4.5610496791014064e-30,9.133761703889615e-82,-4.5610496791014064e-30,0.4439818583995428,0.5,True,0.0,value_weighted,False,4,0.0,0.0
18,faithful,16,4,14,Higher,1,Higher,1,0.4439818583995428,0,1.0,1.0,0.0,0.4439818583995428,0.5,True,0.0,value_weighted,False,4,0.0,0.0
18,faithful,17,21,31,Lower,0,Higher,1,0.4439818583995428,0,0.2781906159415944,0.2781906159415944,0.0,0.4439818583995428,0.5,False,0.0,value_weighted,False,4,0.0,0.0
18,faithful,18,10,20,Higher,1,Higher,1,0.4439818583995428,0,0.2689414213699951,0.2689414213699951,0.0,0.4439818583995428,0.5,False,0.0,value_weighted,False,4,0.0,0.0
18,faithful,19,19,29,Lower,0,Higher,1,0.4439818583995428,0,0.1654780895350894,0.1654780895350894,0.0,0.4439818583995428,0.5,False,0.0,value_weighted,False,4,0.0,0.0
18,faithful,20,7,17,Lower,0,Higher,1,0.4439818583995428,0,1.0,1.0,0.0,0.4439818583995428,0.5,True,0.0,value_weighted,False,4,0.0,0.0
18,faithful,21,8,18,Higher,1,Higher,1,0.9281429359969752,1,0.7704597626813331,0.9235020510274864,0.1530422883461532,0.9281429359969752,0.5,True,0.0,value_weighted,False,4,0.0,0.0
18,faithful,22,1,11,Lower,0,Lower,0,1.1827717858025e-08,0,1.0,0.0088046088461717,-0.9911953911538284,1.1827717858025e-08,0.5,True,0.0,value_weighted,False,4,0.0,0.0
18,faithful,23,2,12,Higher,1,Lower,0,0.4439798419415855,0,1.0,0.9999995508911044,-4.491088957392364e-07,0.4439798419415855,0.5,True,0.0,value_weighted,False,4,0.0,0.0
18,faithful,24,15,25,Higher,1,Higher,1,0.4439818583995428,0,1.0,1.0,0.0,0.4439818583995428,0.5,True,0.0,value_weighted,False,4,0.0,0.0
18,faithful,25,16,26,Lower,0,Higher,1,0.4439818583995428,0,1.0,1.0,0.0,0.4439818583995428,0.5,True,0.0,value_weighted,False,4,0.0,0.0
18,faithful,26,23,33,Higher,1,Higher,1,0.4973282082104777,0,0.7790330630319519,0.7908172422677725,0.0117841792358206,0.4973282082104777,0.5,True,0.0,value_weighted,False,4,0.0,0.0
18,faithful,27,27,37,Higher,1,Higher,1,0.9795079901627431,1,0.1354820003150794,0.3604680318927637,0.2249860315776843,0.9795079901627431,0.5,True,0.0,value_weighted,False,4,0.0,0.0
18,faithful,28,14,24,Higher,1,Higher,1,0.9999997667667372,1,0.0927929531171569,0.9447994622170652,0.8520065090999082,0.9999997667667372,0.5,True,0.0,value_weighted,False,4,0.0,0.0
18,faithful,29,12,22,Lower,0,Lower,0,0.3256576164730191,0,0.0276524223228225,3.6528471518048313e-06,-0.0276487694756707,0.3256576164730191,0.5,True,0.0,value_weighted,False,4,0.0,0.0
18,faithful,30,26,36,Lower,0,Higher,1,0.4439818583995428,0,0.0338773070912173,0.0338773070912173,0.0,0.4439818583995428,0.5,False,0.0,value_weighted,False,4,0.0,0.0
18,faithful,31,6,16,Higher,1,Lower,0,0.4439750947853787,0,0.9999994198624348,0.9999979134573298,-1.506405104989561e-06,0.4439750947853787,0.5,True,0.0,value_weighted,False,4,0.0,0.0
18,faithful,32,25,35,Higher,1,Lower,0,0.4439818583995428,0,1.0,1.0,0.0,0.4439818583995428,0.5,True,0.0,value_weighted,False,4,0.0,0.0
18,faithful,33,22,32,Higher,1,Higher,1,0.9889166164323656,1,0.1772235322541982,0.4365261295584371,0.2593025973042389,0.9889166164323656,0.5,True,0.0,value_weighted,False,4,0.0,0.0
18,faithful,34,13,23,Lower,0,Lower,0,0.4439818583995428,0,1.0,1.0,0.0,0.4439818583995428,0.5,True,0.0,value_weighted,False,4,0.0,0.0
18,faithful,35,11,21,Higher,1,Higher,1,0.4521839078419709,0,0.0679415674679518,0.0697651142690889,0.0018235468011371,0.4521839078419709,0.5,True,0.0,value_weighted,False,4,0.0,0.0
18,faithful,36,20,30,Lower,0,Higher,1,0.4439818583995428,0,0.273541646724576,0.273541646724576,0.0,0.4439818583995428,0.5,False,0.0,value_weighted,False,4,0.0,0.0
18,faithful,37,3,13,Lower,0,Higher,1,0.4439818583995428,0,0.1074467395125346,0.1074467395125346,0.0,0.4439818583995428,0.5,False,0.0,value_weighted,False,4,0.0,0.0
18,faithful,38,17,27,Lower,0,Lower,0,0.4439818583995278,0,1.0,0.9999999999999968,-3.3306690738754696e-15,0.4439818583995278,0.5,True,0.0,value_weighted,False,4,0.0,0.0
46,faithful,10,4,14,Lower,0,Higher,1,0.8164800358859988,1,0.903145451863098,0.9044368113786724,0.0012913595155742,0.8164800358859988,0.5,True,0.0,attribution,True,4,0.0,0.0
46,faithful,11,23,33,Higher,1,Higher,1,0.5829434212672736,1,0.7411549702190654,0.7411549702190654,0.0,0.5829434212672736,0.5,True,0.0,attribution,True,4,0.0,0.0
46,faithful,12,18,28,Higher,1,Higher,1,0.6423411272461572,1,0.93977340482735,0.9400529903856328,0.0002795855582827,0.6423411272461572,0.5,True,0.0,attribution,True,4,0.0,0.0
46,faithful,13,17,27,Lower,0,Lower,0,0.0882365858521905,0,0.8982763394119782,0.8952981124968659,-0.0029782269151122,0.0882365858521905,0.5,True,0.0,attribution,True,4,0.0,0.0
46,faithful,14,28,38,Lower,0,Lower,0,0.0381828828665295,0,0.9537891372852676,0.94981704999412,-0.0039720872911478,0.0381828828665295,0.5,True,0.0,attribution,True,4,0.0,0.0
46,faithful,15,8,18,Higher,1,Higher,1,0.6771704717023238,1,0.7587867911528804,0.7592395439669577,0.0004527528140773,0.6771704717023238,0.5,True,0.0,attribution,True,4,0.0,0.0
46,faithful,16,26,36,Higher,1,Higher,1,0.5829434212672736,1,0.7363780791761608,0.7363780791761608,0.0,0.5829434212672736,0.5,False,0.0,attribution,True,4,0.0,0.0
46,faithful,17,2,12,Lower,0,Lower,0,0.0003195738192345,0,0.9415691049991566,0.9322190810542792,-0.0093500239448773,0.0003195738192345,0.5,True,0.0,attribution,True,4,0.0,0.0
46,faithful,18,1,11,Lower,0,Lower,0,0.0127653875052063,0,0.9481393216141268,0.9429161136538432,-0.0052232079602837,0.0127653875052063,0.5,True,0.0,attribution,True,4,0.0,0.0
46,faithful,19,7,17,Higher,1,Higher,1,0.9985749605865052,1,0.916335235211768,0.9232696325010552,0.0069343972892871,0.9985749605865052,0.5,True,0.0,attribution,True,4,0.0,0.0
46,faithful,20,6,16,Higher,1,Lower,0,0.4934211750142254,0,0.7955826319639726,0.7951797856794406,-0.000402846284532,0.4934211750142254,0.5,True,0.0,attribution,True,4,0.0,0.0
46,faithful,21,15,25,Higher,1,Higher,1,0.5829434212672736,1,0.7971881272757297,0.7971881272757297,0.0,0.5829434212672736,0.5,True,0.0,attribution,True,4,0.0,0.0
46,faithful,22,11,21,Higher,1,Higher,1,0.5829434212672736,1,0.7368583063777568,0.7368583063777568,0.0,0.5829434212672736,0.5,True,0.0,attribution,True,4,0.0,0.0
46,faithful,23,0,10,Lower,0,Lower,0,2.2153745262668502e-06,0,0.9376373104893924,0.9227419157327786,-0.0148953947566136,2.2153745262668502e-06,0.5,True,0.0,attribution,True,4,0.0,0.0
46,faithful,24,9,19,Higher,1,Higher,1,0.6812124843920739,1,0.7421035599808012,0.7425770034121056,0.0004734434313043,0.6812124843920739,0.5,True,0.0,attribution,True,4,0.0,0.0
46,faithful,25,3,13,Lower,0,Higher,1,0.5829434212672736,1,0.7330007723947899,0.7330007723947899,0.0,0.5829434212672736,0.5,False,0.0,attribution,True,4,0.0,0.0
46,faithful,26,16,26,Lower,0,Higher,1,0.3357286043807606,0,0.8123490516021006,0.8112144593495353,-0.0011345922525652,0.3357286043807606,0.5,True,0.0,attribution,True,4,0.0,0.0
46,faithful,27,12,22,Lower,0,Lower,0,0.1325082561271837,0,0.8290923109938768,0.8266231255260558,-0.002469185467821,0.1325082561271837,0.5,True,0.0,attribution,True,4,0.0,0.0
46,faithful,28,13,23,Lower,0,Lower,0,0.0271419664228407,0,0.9766304232850012,0.972264931116641,-0.0043654921683601,0.0271419664228407,0.5,True,0.0,attribution,True,4,0.0,0.0
46,faithful,29,19,29,Higher,1,Higher,1,0.5829434212672736,1,0.7330007723947899,0.7330007723947899,0.0,0.5829434212672736,0.5,False,0.0,attribution,True,4,0.0,0.0
46,faithful,30,20,30,Higher,1,Higher,1,0.5829434212672736,1,0.7330007723947899,0.7330007723947899,0.0,0.5829434212672736,0.5,False,0.0,attribution,True,4,0.0,0.0
46,faithful,31,27,37,Higher,1,Higher,1,0.6827501909570914,1,0.7354159384051226,0.7358972896895085,0.0004813512843858,0.6827501909570914,0.5,True,0.0,attribution,True,4,0.0,0.0
46,faithful,32,22,32,Higher,1,Higher,1,0.6825318516774334,1,0.7363780791761608,0.7368583063777568,0.000480227201596,0.6825318516774334,0.5,True,0.0,attribution,True,4,0.0,0.0
46,faithful,33,24,34,Lower,0,Higher,1,0.5829434212672736,1,0.7315449634060929,0.7315449634060929,0.0,0.5829434212672736,0.5,False,0.0,attribution,True,4,0.0,0.0
46,faithful,34,25,35,Lower,0,Lower,0,0.0281569042229761,0,0.9151895837895606,0.9108662018208352,-0.0043233819687253,0.0281569042229761,0.5,True,0.0,attribution,True,4,0.0,0.0
46,faithful,35,21,31,Higher,1,Higher,1,0.5829434212672736,1,0.7330007723947899,0.7330007723947899,0.0,0.5829434212672736,0.5,False,0.0,attribution,True,4,0.0,0.0
46,faithful,36,5,15,Higher,1,Higher,1,0.5829434212672736,1,0.7334849251973146,0.7334849251973146,0.0,0.5829434212672736,0.5,False,0.0,attribution,True,4,0.0,0.0
46,faithful,37,10,20,Lower,0,Higher,1,0.5829434212672736,1,0.7315449634060929,0.7315449634060929,0.0,0.5829434212672736,0.5,False,0.0,attribution,True,4,0.0,0.0
46,faithful,38,14,24,Higher,1,Higher,1,0.8800389085862164,1,0.7505382742544284,0.7523874402007318,0.0018491659463033,0.8800389085862164,0.5,True,0.0,attribution,True,4,0.0,0.0
38,faithful,14,24,34,Higher,1,Higher,1,0.9774781507618224,1,0.0055795576364285,0.3987714557098754,0.3931918980734468,0.9774781507618224,0.5,False,0.0,attribution,False,12,0.0,0.0
38,faithful,15,9,19,Lower,0,Higher,1,0.5420171371084423,1,0.027577503873335,0.0241602621544998,-0.0034172417188351,0.5420171371084423,0.5,True,0.0,attribution,False,12,0.0,0.0
38,faithful,16,22,32,Higher,1,Higher,1,0.988140471698576,1,0.0096429040997259,0.4746471349232435,0.4650042308235176,0.988140471698576,0.5,True,0.0,attribution,False,12,0.0,0.0
38,faithful,17,20,30,Higher,1,Higher,1,0.991406682051125,1,0.0134726138390482,0.5143108964543193,0.500838282615271,0.991406682051125,0.5,False,0.0,attribution,False,12,0.0,0.0
38,faithful,18,1,11,Lower,0,Lower,0,0.5497105860431432,1,0.6128428298951363,0.6128428298951363,0.0,0.5497105860431432,0.5,True,0.0,attribution,False,12,0.0,0.0
38,faithful,19,13,23,Lower,0,Lower,0,0.5497105860431432,1,0.6128428298951363,0.6128428298951363,0.0,0.5497105860431432,0.5,True,0.0,attribution,False,12,0.0,0.0
38,faithful,20,10,20,Higher,1,Higher,1,0.9815388964694864,1,0.0143805709997595,0.4299204636379581,0.4155398926381985,0.9815388964694864,0.5,False,0.0,attribution,False,12,0.0,0.0
38,faithful,21,17,27,Lower,0,Lower,0,0.1847980295094069,0,0.7531189154921124,0.5677341449886045,-0.1853847705035078,0.1847980295094069,0.5,True,0.0,attribution,False,12,0.0,0.0
38,faithful,22,6,16,Lower,0,Lower,0,0.1332333457880503,0,0.7527568603188124,0.5245959201969776,-0.2281609401218347,0.1332333457880503,0.5,True,0.0,attribution,False,12,0.0,0.0
38,faithful,23,27,37,Higher,1,Higher,1,0.9831772595168576,1,0.0117686416034121,0.4377249290449601,0.4259562874415479,0.9831772595168576,0.5,True,0.0,attribution,False,12,0.0,0.0
38,faithful,24,23,33,Higher,1,Higher,1,0.5496017769546462,1,0.0090294552247147,0.0089810551594738,-4.8400065240896545e-05,0.5496017769546462,0.5,True,0.0,attribution,False,12,0.0,0.0
38,faithful,25,28,38,Lower,0,Lower,0,0.2897650779486473,0,0.6679811789809528,0.5473006446662914,-0.1206805343146614,0.2897650779486473,0.5,True,0.0,attribution,False,12,0.0,0.0
38,faithful,26,18,28,Higher,1,Higher,1,0.9956893708358796,1,0.0588637745191605,0.6361398138518468,0.5772760393326862,0.9956893708358796,0.5,True,0.0,attribution,False,12,0.0,0.0
38,faithful,27,4,14,Higher,1,Higher,1,0.9014351436958994,1,0.704089619339547,0.92582059830408,0.2217309789645329,0.9014351436958994,0.5,True,0.0,attribution,False,12,0.0,0.0
38,faithful,28,7,17,Higher,1,Higher,1,0.5497105860431432,1,0.5751446083799521,0.5751446083799521,0.0,0.5497105860431432,0.5,True,0.0,attribution,False,12,0.0,0.0
38,faithful,29,0,10,Lower,0,Lower,0,0.0840107049789156,0,0.5162721643182046,0.2312526185376479,-0.2850195457805566,0.0840107049789156,0.5,True,0.0,attribution,False,12,0.0,0.0
38,faithful,30,12,22,Lower,0,Lower,0,0.1301952129943025,0,0.7290955656902729,0.498009502738878,-0.2310860629513949,0.1301952129943025,0.5,True,0.0,attribution,False,12,0.0,0.0
38,faithful,31,19,29,Lower,0,Higher,1,0.9348556162271344,1,0.1530357440035379,0.4243714551617362,0.2713357111581982,0.9348556162271344,0.5,False,0.0,attribution,False,12,0.0,0.0
38,faithful,32,5,15,Higher,1,Higher,1,0.975181547670387,1,0.4015026286953175,0.7837439389439743,0.3822413102486567,0.975181547670387,0.5,False,0.0,attribution,False,12,0.0,0.0
38,faithful,33,11,21,Higher,1,Higher,1,0.553305471283614,1,0.0210240097850703,0.0226242920284061,0.0016002822433357,0.553305471283614,0.5,True,0.0,attribution,False,12,0.0,0.0
38,faithful,34,2,12,Higher,1,Lower,0,0.1410516275907372,0,0.433036494691038,0.2121519827145198,-0.2208845119765182,0.1410516275907372,0.5,True,0.0,attribution,False,12,0.0,0.0
38,faithful,35,8,18,Higher,1,Higher,1,0.9497740692170458,1,0.2074383226205459,0.5091533733030046,0.3017150506824586,0.9497740692170458,0.5,False,0.0,attribution,False,12,0.0,0.0
38,faithful,36,25,35,Higher,1,Lower,0,0.3782819802499544,0,0.5579254206487171,0.4812524077129368,-0.0766730129357802,0.3782819802499544,0.5,True,0.0,attribution,False,12,0.0,0.0
38,faithful,37,3,13,Higher,1,Higher,1,0.5497105860431432,1,0.1926691692927754,0.1926691692927754,0.0,0.5497105860431432,0.5,False,0.0,attribution,False,12,0.0,0.0
38,faithful,38,21,31,Higher,1,Higher,1,0.5971071063397124,1,0.0091332735937439,0.0304857578127339,0.0213524842189899,0.5971071063397124,0.5,False,0.0,attribution,False,12,0.0,0.0
38,faithful,39,15,25,Higher,1,Higher,1,0.5814456057645901,1,0.6895053766637574,0.7037322474064117,0.0142268707426542,0.5814456057645901,0.5,True,0.0,attribution,False,12,0.0,0.0
38,faithful,40,16,26,Lower,0,Higher,1,0.7143710628854811,1,0.3256287478176429,0.4045985329030968,0.0789697850854538,0.7143710628854811,0.5,True,0.0,attribution,False,12,0.0,0.0
38,faithful,41,26,36,Higher,1,Higher,1,0.8708676987645185,1,0.3193112706095701,0.5075012852253922,0.188190014615822,0.8708676987645185,0.5,False,0.0,attribution,False,12,0.0,0.0
38,faithful,42,14,24,Higher,1,Higher,1,0.9249114051697256,1,0.023980652292256,0.2784967333728919,0.2545160810806359,0.9249114051697256,0.5,True,0.0,attribution,False,12,0.0,0.0
39,faithful,10,11,21,Higher,1,Higher,1,0.5345585658797558,1,0.4501660026875221,0.4501660026875221,0.0,0.5345585658797558,0.5,True,0.0,attribution,False,12,0.0,0.0
39,faithful,11,7,17,Lower,0,Higher,1,0.5345585658797558,1,1.0,1.0,0.0,0.5345585658797558,0.5,True,0.0,attribution,False,12,0.0,0.0
39,faithful,12,10,20,Lower,0,Higher,1,0.5328186446419081,1,0.2244976124006595,0.2245587832863089,6.11708856494142e-05,0.5328186446419081,0.5,False,0.0,attribution,False,12,0.0,0.0
39,faithful,13,4,14,Higher,1,Higher,1,0.5345585658797558,1,1.0,1.0,0.0,0.5345585658797558,0.5,True,0.0,attribution,False,12,0.0,0.0
39,faithful,14,24,34,Lower,0,Higher,1,0.0001272313950741,0,0.377179444653865,0.4568675769179993,0.0796881322641342,0.0001272313950741,0.5,False,0.0,attribution,False,12,0.0,0.0
39,faithful,15,15,25,Lower,0,Higher,1,0.5345585658797558,1,0.9999992625007292,0.9999992625007292,0.0,0.5345585658797558,0.5,True,0.0,attribution,False,12,0.0,0.0
39,faithful,16,21,31,Lower,0,Higher,1,1.603897734685169e-05,0,0.3915770159513312,0.4893860199137054,0.0978090039623742,1.603897734685169e-05,0.5,False,0.0,attribution,False,12,0.0,0.0
39,faithful,17,8,18,Lower,0,Higher,1,0.5239473250962351,1,0.9951310687562414,0.9955037268390587,0.0003726580828175,0.5239473250962351,0.5,True,0.0,attribution,False,12,0.0,0.0
39,faithful,18,9,19,Higher,1,Higher,1,0.184208705508394,0,0.7613327148429102,0.7755640142690732,0.0142312994261629,0.184208705508394,0.5,True,0.0,attribution,False,12,0.0,0.0
39,faithful,19,2,12,Higher,1,Lower,0,0.5345585658797558,1,1.0,1.0,0.0,0.5345585658797558,0.5,True,0.0,attribution,False,12,0.0,0.0
39,faithful,20,25,35,Higher,1,Lower,0,0.5345585658797558,1,1.0,1.0,0.0,0.5345585658797558,0.5,True,0.0,attribution,False,12,0.0,0.0
39,faithful,21,5,15,Lower,0,Higher,1,0.0287441921836712,0,0.5122246573514402,0.5442353231440937,0.0320106657926535,0.0287441921836712,0.5,False,0.0,attribution,False,12,0.0,0.0
39,faithful,22,28,38,Higher,1,Lower,0,0.5345585658797558,1,1.0,1.0,0.0,0.5345585658797558,0.5,True,0.0,attribution,False,12,0.0,0.0
39,faithful,23,13,23,Higher,1,Lower,0,0.5345585658797558,1,1.0,1.0,0.0,0.5345585658797558,0.5,True,0.0,attribution,False,12,0.0,0.0
39,faithful,24,19,29,Lower,0,Higher,1,2.853685579308909e-05,0,0.6093941562534477,0.702161864030938,0.0927677077774903,2.853685579308909e-05,0.5,False,0.0,attribution,False,12,0.0,0.0
39,faithful,25,18,28,Higher,1,Higher,1,0.5345585658797558,1,1.0,1.0,0.0,0.5345585658797558,0.5,True,0.0,attribution,False,12,0.0,0.0
39,faithful,26,26,36,Lower,0,Higher,1,0.0140648366948355,0,0.6657240456366528,0.704119667621257,0.0383956219846042,0.0140648366948355,0.5,False,0.0,attribution,False,12,0.0,0.0
39,faithful,27,6,16,Higher,1,Lower,0,0.5345737116203684,1,0.999993605078479,0.9999930724679073,-5.326105717573526e-07,0.5345737116203684,0.5,True,0.0,attribution,False,12,0.0,0.0
39,faithful,28,16,26,Higher,1,Higher,1,0.5345586027068757,1,0.9999999952256118,0.999999993930563,-1.295048734917259e-09,0.5345586027068757,0.5,True,0.0,attribution,False,12,0.0,0.0
39,faithful,29,22,32,Lower,0,Higher,1,0.104601677745009,0,0.4900013331200341,0.5099986668799649,0.0199973337599307,0.104601677745009,0.5,True,0.0,attribution,False,12,0.0,0.0
39,faithful,30,12,22,Higher,1,Lower,0,0.5345585676029276,1,0.9999999999192772,0.9999999998586808,-6.05964167732509e-11,0.5345585676029276,0.5,True,0.0,attribution,False,12,0.0,0.0
39,faithful,31,3,13,Lower,0,Higher,1,0.5345585658797558,1,0.4833517781682739,0.4833517781682739,0.0,0.5345585658797558,0.5,False,0.0,attribution,False,12,0.0,0.0
39,faithful,32,1,11,Higher,1,Lower,0,0.5345585658797558,1,1.0,1.0,0.0,0.5345585658797558,0.5,True,0.0,attribution,False,12,0.0,0.0
39,faithful,33,14,24,Higher,1,Higher,1,0.1973587574709449,0,0.9488262990829084,0.962312109491394,0.0134858104084855,0.1973587574709449,0.5,True,0.0,attribution,False,12,0.0,0.0
39,faithful,34,17,27,Higher,1,Lower,0,0.5345585658797558,1,1.0,1.0,0.0,0.5345585658797558,0.5,True,0.0,attribution,False,12,0.0,0.0
39,faithful,35,20,30,Lower,0,Higher,1,0.6880092643917352,1,0.2690110297597931,0.2633031450375983,-0.0057078847221948,0.6880092643917352,0.5,False,0.0,attribution,False,12,0.0,0.0
39,faithful,36,27,37,Lower,0,Higher,1,0.1059732072617043,0,0.4501660026875217,0.4700359482354276,0.0198699455479059,0.1059732072617043,0.5,True,0.0,attribution,False,12,0.0,0.0
39,faithful,37,23,33,Lower,0,Higher,1,0.5345585658797558,1,0.6271477663131958,0.6271477663131958,0.0,0.5345585658797558,0.5,True,0.0,attribution,False,12,0.0,0.0
39,faithful,38,0,10,Higher,1,Lower,0,0.5345585658797558,1,1.0,1.0,0.0,0.5345585658797558,0.5,True,0.0,attribution,False,12,0.0,0.0
36,sparse,10,16,26,Higher,1,Higher,1,0.5546740366404392,1,0.6585843786157006,0.6585843786157006,0.0,0.5546740366404392,0.5,False,0.0,attribution,True,4,0.0,0.0
36,sparse,11,28,38,Higher,1,Lower,0,0.5546740366404392,1,0.999307428546894,0.999307428546894,0.0,0.5546740366404392,0.5,False,0.0,attribution,True,4,0.0,0.0
36,sparse,12,4,14,Higher,1,Higher,1,0.5546740366404392,1,0.9693450312918932,0.9693450312918932,0.0,0.5546740366404392,0.5,False,0.0,attribution,True,4,0.0,0.0
36,sparse,13,12,22,Lower,0,Lower,0,0.5546740366404392,1,0.6819034186940659,0.6819034186940659,0.0,0.5546740366404392,0.5,False,0.0,attribution,True,4,0.0,0.0
36,sparse,14,8,18,Lower,0,Higher,1,0.5546740366404392,1,0.2794423227219244,0.2794423227219244,0.0,0.5546740366404392,0.5,False,0.0,attribution,True,4,0.0,0.0
36,sparse,15,15,25,Higher,1,Higher,1,0.5546740366404392,1,0.4376611482043062,0.4376611482043062,0.0,0.5546740366404392,0.5,False,0.0,attribution,True,4,0.0,0.0
36,sparse,16,6,16,Higher,1,Lower,0,0.5546740366404392,1,0.4195701393696605,0.4195701393696605,0.0,0.5546740366404392,0.5,False,0.0,attribution,True,4,0.0,0.0
36,sparse,17,18,28,Lower,0,Higher,1,0.5546740366404392,1,0.9968084862406844,0.9968084862406844,0.0,0.5546740366404392,0.5,False,0.0,attribution,True,4,0.0,0.0
36,sparse,18,19,29,Higher,1,Higher,1,0.5546740366404392,1,0.2689414213699951,0.2689414213699951,0.0,0.5546740366404392,0.5,False,0.0,attribution,True,4,0.0,0.0
36,sparse,19,11,21,Higher,1,Higher,1,0.5546740366404392,1,0.2689414213699951,0.2689414213699951,0.0,0.5546740366404392,0.5,False,0.0,attribution,True,4,0.0,0.0
36,sparse,20,3,13,Higher,1,Higher,1,0.5546740366404392,1,0.2689414213699951,0.2689414213699951,0.0,0.5546740366404392,0.5,False,0.0,attribution,True,4,0.0,0.0
36,sparse,21,20,30,Lower,0,Higher,1,0.5546740366404392,1,0.2689414213699951,0.2689414213699951,0.0,0.5546740366404392,0.5,False,0.0,attribution,True,4,0.0,0.0
36,sparse,22,17,27,Lower,0,Lower,0,0.5546740366404392,1,0.966393092397238,0.966393092397238,0.0,0.5546740366404392,0.5,False,0.0,attribution,True,4,0.0,0.0
36,sparse,23,22,32,Lower,0,Higher,1,0.5546740366404392,1,0.2689414213699951,0.2689414213699951,0.0,0.5546740366404392,0.5,False,0.0,attribution,True,4,0.0,0.0
36,sparse,24,2,12,Higher,1,Lower,0,0.765610399822294,1,0.9960613919901776,0.9955786829999508,-0.0004827089902267,0.765610399822294,0.5,True,0.0,attribution,True,4,0.0,0.0
36,sparse,25,7,17,Higher,1,Higher,1,0.5546740366404392,1,0.987789095461692,0.987789095461692,0.0,0.5546740366404392,0.5,False,0.0,attribution,True,4,0.0,0.0
36,sparse,26,5,15,Lower,0,Higher,1,0.5546740366404392,1,0.2689414213699951,0.2689414213699951,0.0,0.5546740366404392,0.5,False,0.0,attribution,True,4,0.0,0.0
36,sparse,27,23,33,Lower,0,Higher,1,0.5635694496470659,1,0.2682974508141365,0.2682793828156678,-1.806799846865159e-05,0.5635694496470659,0.5,False,0.0,attribution,True,4,0.0,0.0
36,sparse,28,13,23,Higher,1,Lower,0,0.5546740366404392,1,0.9998297547517234,0.9998297547517234,0.0,0.5546740366404392,0.5,False,0.0,attribution,True,4,0.0,0.0
36,sparse,29,10,20,Higher,1,Higher,1,0.5546740366404392,1,0.2689414213699951,0.2689414213699951,0.0,0.5546740366404392,0.5,False,0.0,attribution,True,4,0.0,0.0
36,sparse,30,25,35,Higher,1,Lower,0,0.993012980941834,1,0.9755415222725436,0.973169762498186,-0.0023717597743575,0.993012980941834,0.5,True,0.0,attribution,True,4,0.0,0.0
36,sparse,31,14,24,Lower,0,Higher,1,0.5546740366404392,1,0.2689414213699951,0.2689414213699951,0.0,0.5546740366404392,0.5,False,0.0,attribution,True,4,0.0,0.0
36,sparse,32,27,37,Lower,0,Higher,1,0.5546740366404392,1,0.2689414213699951,0.2689414213699951,0.0,0.5546740366404392,0.5,False,0.0,attribution,True,4,0.0,0.0
36,sparse,33,9,19,Higher,1,Higher,1,1.0,1,0.2675532597697272,0.2444100034861357,-0.0231432562835915,1.0,0.5,False,0.0,attribution,True,4,0.0,0.0
36,sparse,34,21,31,Higher,1,Higher,1,0.5546740366404392,1,0.2689414213699951,0.2689414213699951,0.0,0.5546740366404392,0.5,False,0.0,attribution,True,4,0.0,0.0
36,sparse,35,1,11,Higher,1,Lower,0,0.5546740366404392,1,0.9984888977673269,0.9984888977673269,0.0,0.5546740366404392,0.5,False,0.0,attribution,True,4,0.0,0.0
36,sparse,36,26,36,Higher,1,Higher,1,0.5546740366404392,1,0.2689414213699951,0.2689414213699951,0.0,0.5546740366404392,0.5,False,0.0,attribution,True,4,0.0,0.0
36,sparse,37,24,34,Higher,1,Higher,1,0.5546740366404392,1,0.2689414213699951,0.2689414213699951,0.0,0.5546740366404392,0.5,False,0.0,attribution,True,4,0.0,0.0
36,sparse,38,0,10,Higher,1,Lower,0,0.5546740366404392,1,0.9949317743345116,0.9949317743345116,0.0,0.5546740366404392,0.5,False,0.0,attribution,True,4,0.0,0.0
21,sparse,14,3,13,Higher,1,Higher,1,0.4968855068575124,0,0.3514309439635561,0.3514309439635561,0.0,0.4968855068575124,0.5,False,0.0,attribution,False,12,0.0,0.0
21,sparse,15,7,17,Higher,1,Higher,1,0.4968855068575124,0,0.3638588823746632,0.3638588823746632,0.0,0.4968855068575124,0.5,False,0.0,attribution,False,12,0.0,0.0
21,sparse,16,22,32,Higher,1,Higher,1,0.887792193331564,1,0.0001857892962003,0.2614530981936959,0.2612673088974955,0.887792193331564,0.5,False,0.0,attribution,False,12,0.0,0.0
21,sparse,17,16,26,Higher,1,Higher,1,0.581836179584786,1,0.1182887906922224,0.1613269127652191,0.0430381220729967,0.581836179584786,0.5,False,0.0,attribution,False,12,0.0,0.0
21,sparse,18,5,15,Higher,1,Higher,1,0.9652653410249988,1,0.1152432029123562,0.534246979643051,0.4190037767306948,0.9652653410249988,0.5,False,0.0,attribution,False,12,0.0,0.0
21,sparse,19,11,21,Higher,1,Higher,1,0.4970207076090948,0,0.0003600985767233,0.0004280034480119,6.79048712886483e-05,0.4970207076090948,0.5,False,0.0,attribution,False,12,0.0,0.0
21,sparse,20,24,34,Higher,1,Higher,1,0.5847341469444569,1,3.746076720166681e-05,0.0445725790227466,0.0445351182555449,0.5847341469444569,0.5,False,0.0,attribution,False,12,0.0,0.0
21,sparse,21,10,20,Lower,0,Higher,1,0.8549580080156626,1,0.0003779611034955,0.2246863979613659,0.2243084368578703,0.8549580080156626,0.5,False,0.0,attribution,False,12,0.0,0.0
21,sparse,22,0,10,Lower,0,Lower,0,0.0262729257152912,0,0.4914129705733816,0.0393859845248256,-0.4520269860485559,0.0262729257152912,0.5,False,0.0,attribution,False,12,0.0,0.0
21,sparse,23,17,27,Lower,0,Lower,0,0.316676814989658,0,0.468034239135587,0.3730332463299211,-0.0950009928056659,0.316676814989658,0.5,False,0.0,attribution,False,12,0.0,0.0
21,sparse,24,19,29,Higher,1,Higher,1,0.9295775801682328,1,0.0689919958429296,0.3945242849494594,0.3255322891065298,0.9295775801682328,0.5,False,0.0,attribution,False,12,0.0,0.0
21,sparse,25,9,19,Higher,1,Higher,1,0.4977987801738466,0,0.0001330452340813,0.0005917347944754,0.000458689560394,0.4977987801738466,0.5,False,0.0,attribution,False,12,0.0,0.0
21,sparse,26,12,22,Lower,0,Lower,0,0.4794227242615396,0,0.8041313244720208,0.7953551094471807,-0.0087762150248401,0.4794227242615396,0.5,False,0.0,attribution,False,12,0.0,0.0
21,sparse,27,4,14,Lower,0,Higher,1,0.5422386442792868,1,0.5210401831650856,0.5438687495464337,0.0228285663813481,0.5422386442792868,0.5,False,0.0,attribution,False,12,0.0,0.0
21,sparse,28,26,36,Higher,1,Higher,1,0.9108691554863328,1,0.0658379911932129,0.3592367788520433,0.2933987876588304,0.9108691554863328,0.5,False,0.0,attribution,False,12,0.0,0.0
21,sparse,29,1,11,Lower,0,Lower,0,0.4968855068575124,0,0.3911570500009954,0.3911570500009954,0.0,0.4968855068575124,0.5,False,0.0,attribution,False,12,0.0,0.0
21,sparse,30,8,18,Higher,1,Higher,1,0.895373886934357,1,0.031926129795833,0.3030451364171,0.271119006621267,0.895373886934357,0.5,False,0.0,attribution,False,12,0.0,0.0
21,sparse,31,18,28,Higher,1,Higher,1,0.9637179850468108,1,0.0028105318457862,0.416140516287965,0.4133299844421788,0.9637179850468108,0.5,False,0.0,attribution,False,12,0.0,0.0
21,sparse,32,14,24,Lower,0,Higher,1,0.6092506305675083,1,0.000392536527159,0.0577251929680179,0.0573326564408588,0.6092506305675083,0.5,False,0.0,attribution,False,12,0.0,0.0
21,sparse,33,23,33,Higher,1,Higher,1,0.4968774164440117,0,0.0001795885286727,0.0001755250937552,-4.063434917428384e-06,0.4968774164440117,0.5,False,0.0,attribution,False,12,0.0,0.0
21,sparse,34,28,38,Higher,1,Lower,0,0.3750828802798319,0,0.3863345780749991,0.3238047617731719,-0.0625298163018271,0.3750828802798319,0.5,False,0.0,attribution,False,12,0.0,0.0
21,sparse,35,20,30,Higher,1,Higher,1,0.919454030995984,1,0.0003391999124339,0.3076320491060779,0.307292849193644,0.919454030995984,0.5,False,0.0,attribution,False,12,0.0,0.0
21,sparse,36,2,12,Lower,0,Lower,0,0.4598252382514872,0,0.0521419657180534,0.0334854863885653,-0.0186564793294881,0.4598252382514872,0.5,True,0.0,attribution,False,12,0.0,0.0
21,sparse,37,6,16,Lower,0,Lower,0,0.1905442946729003,0,0.9909867295501662,0.8109335979063386,-0.1800531316438276,0.1905442946729003,0.5,False,0.0,attribution,False,12,0.0,0.0
21,sparse,38,25,35,Lower,0,Lower,0,0.0708974904009299,0,0.3954740751012521,0.0739785907810928,-0.3214954843201593,0.0708974904009299,0.5,False,0.0,attribution,False,12,0.0,0.0
21,sparse,39,27,37,Higher,1,Higher,1,0.8613544860283505,1,0.0002711929034053,0.2311785592944709,0.2309073663910655,0.8613544860283505,0.5,False,0.0,attribution,False,12,0.0,0.0
21,sparse,40,13,23,Lower,0,Lower,0,0.4968855068575124,0,0.3911570500009954,0.3911570500009954,0.0,0.4968855068575124,0.5,False,0.0,attribution,False,12,0.0,0.0
21,sparse,41,21,31,Higher,1,Higher,1,0.4984295880477004,0,8.64286503427444e-05,0.0008619356180472,0.0007755069677045,0.4984295880477004,0.5,False,0.0,attribution,False,12,0.0,0.0
21,sparse,42,15,25,Higher,1,Higher,1,0.5081154071190253,1,0.6171906520710163,0.6228310625996458,0.0056404105286295,0.5081154071190253,0.5,False,0.0,attribution,False,12,0.0,0.0
24,sparse,14,4,14,Higher,1,Higher,1,0.9995923365592664,1,0.671927563097846,0.9997557397029844,0.3278281766051383,0.9995923365592664,0.5,False,0.0,attribution,False,12,0.0,0.0
24,sparse,15,17,27,Lower,0,Lower,0,0.4948115314105102,0,0.9998841253145092,0.9998841252993836,-1.512556746519067e-11,0.4948115314105102,0.5,False,0.0,attribution,False,12,0.0,0.0
24,sparse,16,2,12,Lower,0,Lower,0,0.4948115315007641,0,3.917546780217703e-05,3.917546780217703e-05,0.0,0.4948115315007641,0.5,True,0.0,attribution,False,12,0.0,0.0
24,sparse,17,5,15,Higher,1,Higher,1,0.9543539292368076,1,0.5704716534184436,0.6986999863692781,0.1282283329508344,0.9543539292368076,0.5,False,0.0,attribution,False,12,0.0,0.0
24,sparse,18,11,21,Higher,1,Higher,1,0.4960896829000492,0,0.1270096082357352,0.1272238071946492,0.000214198958914,0.4960896829000492,0.5,False,0.0,attribution,False,12,0.0,0.0
24,sparse,19,24,34,Higher,1,Higher,1,0.4948115315007641,0,0.022859409871014,0.022859409871014,0.0,0.4948115315007641,0.5,False,0.0,attribution,False,12,0.0,0.0
24,sparse,20,28,38,Higher,1,Lower,0,0.4948070671040688,0,0.5298456340026131,0.5298448858185565,-7.481840565981557e-07,0.4948070671040688,0.5,False,0.0,attribution,False,12,0.0,0.0
24,sparse,21,7,17,Higher,1,Higher,1,0.4948115315007641,0,0.5298450854366775,0.5298450854366775,0.0,0.4948115315007641,0.5,False,0.0,attribution,False,12,0.0,0.0
24,sparse,22,13,23,Lower,0,Lower,0,0.4948115315007641,0,0.5298448858185565,0.5298448858185565,0.0,0.4948115315007641,0.5,False,0.0,attribution,False,12,0.0,0.0
24,sparse,23,25,35,Lower,0,Lower,0,1.2780950344193576e-05,0,0.5342232453976424,0.0630643923989213,-0.471158852998721,1.2780950344193576e-05,0.5,False,0.0,attribution,False,12,0.0,0.0
24,sparse,24,21,31,Higher,1,Higher,1,0.3969158802321026,0,0.5425160221733295,0.5258603988825233,-0.0166556232908061,0.3969158802321026,0.5,False,0.0,attribution,False,12,0.0,0.0
24,sparse,25,10,20,Higher,1,Higher,1,0.5171633262021295,1,0.5405033461439845,0.544250020405256,0.0037466742612715,0.5171633262021295,0.5,False,0.0,attribution,False,12,0.0,0.0
24,sparse,26,16,26,Higher,1,Higher,1,0.4948115315007641,0,0.9880689784434878,0.9880689784434878,0.0,0.4948115315007641,0.5,False,0.0,attribution,False,12,0.0,0.0
24,sparse,27,27,37,Lower,0,Higher,1,0.5171594845269106,1,0.5432759897514751,0.5470220195001139,0.0037460297486388,0.5171594845269106,0.5,False,0.0,attribution,False,12,0.0,0.0
24,sparse,28,14,24,Lower,0,Higher,1,0.4948115315007641,0,0.972109012668834,0.972109012668834,0.0,0.4948115315007641,0.5,False,0.0,attribution,False,12,0.0,0.0
24,sparse,29,1,11,Lower,0,Lower,0,0.4948115315007641,0,0.5317486454693477,0.5317486454693477,0.0,0.4948115315007641,0.5,False,0.0,attribution,False,12,0.0,0.0
24,sparse,30,26,36,Higher,1,Higher,1,0.9145303366814832,1,0.8769503626960123,0.9771160859916476,0.1001657232956351,0.9145303366814832,0.5,False,0.0,attribution,False,12,0.0,0.0
24,sparse,31,22,32,Lower,0,Higher,1,0.5789151015794906,1,0.870372396898135,0.8845772223984539,0.0142048255003189,0.5789151015794906,0.5,False,0.0,attribution,False,12,0.0,0.0
24,sparse,32,20,30,Lower,0,Higher,1,0.6674377005001735,1,0.6968371575985447,0.7268899048774945,0.0300527472789498,0.6674377005001735,0.5,False,0.0,attribution,False,12,0.0,0.0
24,sparse,33,12,22,Lower,0,Lower,0,0.4948115303298601,0,0.9999509359591214,0.9999509357628908,-1.962306983571693e-10,0.4948115303298601,0.5,False,0.0,attribution,False,12,0.0,0.0
24,sparse,34,19,29,Higher,1,Higher,1,0.997194723032707,1,0.5371829157213927,0.7841070970935378,0.2469241813721451,0.997194723032707,0.5,False,0.0,attribution,False,12,0.0,0.0
24,sparse,35,6,16,Lower,0,Lower,0,0.4948115315007641,0,0.3156684697302425,0.3156684697302425,0.0,0.4948115315007641,0.5,False,0.0,attribution,False,12,0.0,0.0
24,sparse,36,18,28,Higher,1,Higher,1,0.4948115315007641,0,0.5298443174917925,0.5298443174917925,0.0,0.4948115315007641,0.5,False,0.0,attribution,False,12,0.0,0.0
24,sparse,37,3,13,Higher,1,Higher,1,0.4948115315007641,0,0.5726077246949207,0.5726077246949207,0.0,0.4948115315007641,0.5,False,0.0,attribution,False,12,0.0,0.0
24,sparse,38,15,25,Higher,1,Higher,1,0.4948299407260506,0,0.9792342021500032,0.979237287333346,3.0851833429101916e-06,0.4948299407260506,0.5,False,0.0,attribution,False,12,0.0,0.0
24,sparse,39,0,10,Lower,0,Lower,0,0.4948115315007641,0,0.6102326825497867,0.6102326825497867,0.0,0.4948115315007641,0.5,False,0.0,attribution,False,12,0.0,0.0
24,sparse,40,9,19,Higher,1,Higher,1,0.6917965513350812,1,0.8693654948467606,0.9041065835951168,0.0347410887483561,0.6917965513350812,0.5,False,0.0,attribution,False,12,0.0,0.0
24,sparse,41,8,18,Higher,1,Higher,1,0.4948115315007641,0,0.9999509357628908,0.9999509357628908,0.0,0.4948115315007641,0.5,False,0.0,attribution,False,12,0.0,0.0
24,sparse,42,23,33,Higher,1,Higher,1,0.5083214640762647,1,0.5574886641962602,0.5597526970962104,0.0022640328999502,0.5083214640762647,0.5,False,0.0,attribution,False,12,0.0,0.0
30,sparse,10,4,14,Lower,0,Higher,1,0.2276805634839123,0,0.8516564929842987,0.7309270467227141,-0.1207294462615845,0.2276805634839123,0.5,False,0.0,attribution,False,12,0.0,0.0
30,sparse,11,20,30,Higher,1,Higher,1,0.8999908288758136,1,0.383368169046765,0.64742945056511,0.264061281518345,0.8999908288758136,0.5,False,0.0,attribution,False,12,0.0,0.0
30,sparse,12,10,20,Lower,0,Higher,1,0.7586299054331335,1,0.0196570895210123,0.1653133331104667,0.1456562435894543,0.7586299054331335,0.5,False,0.0,attribution,False,12,0.0,0.0
30,sparse,13,28,38,Lower,0,Lower,0,0.7337495727930078,1,0.001777384635132,0.1326375391714275,0.1308601545362955,0.7337495727930078,0.5,False,0.0,attribution,False,12,0.0,0.0
30,sparse,14,25,35,Lower,0,Lower,0,0.0095553705183939,0,0.623413096916304,0.1177782635326451,-0.5056348333836589,0.0095553705183939,0.5,False,0.0,attribution,False,12,0.0,0.0
30,sparse,15,3,13,Higher,1,Higher,1,0.4628525852571949,0,0.4931495640993108,0.4931495640993108,0.0,0.4628525852571949,0.5,False,0.0,attribution,False,12,0.0,0.0
30,sparse,16,24,34,Higher,1,Higher,1,0.4628525852571949,0,0.0696308767261746,0.0696308767261746,0.0,0.4628525852571949,0.5,False,0.0,attribution,False,12,0.0,0.0
30,sparse,17,8,18,Higher,1,Higher,1,0.7189007160204062,1,0.2244385534794733,0.346888867033948,0.1224503135544746,0.7189007160204062,0.5,False,0.0,attribution,False,12,0.0,0.0
30,sparse,18,17,27,Lower,0,Lower,0,0.4628345089232651,0,0.9784500842995348,0.9784419005083916,-8.183791143201447e-06,0.4628345089232651,0.5,False,0.0,attribution,False,12,0.0,0.0
30,sparse,19,12,22,Lower,0,Lower,0,0.1962391600175464,0,0.5040960394708117,0.3621478078761729,-0.1419482315946388,0.1962391600175464,0.5,False,0.0,attribution,False,12,0.0,0.0
30,sparse,20,27,37,Higher,1,Higher,1,0.8974919136403303,1,0.5912519871717371,0.8522223770435026,0.2609703898717654,0.8974919136403303,0.5,False,0.0,attribution,False,12,0.0,0.0
30,sparse,21,11,21,Higher,1,Higher,1,0.4634871785078009,0,0.0515922510759799,0.0518795258662924,0.0002872747903124,0.4634871785078009,0.5,False,0.0,attribution,False,12,0.0,0.0
30,sparse,22,14,24,Lower,0,Higher,1,0.7583651580651543,1,0.5326568561439167,0.6781504193707378,0.1454935632268211,0.7583651580651543,0.5,False,0.0,attribution,False,12,0.0,0.0
30,sparse,23,2,12,Lower,0,Lower,0,0.4628525852571949,0,0.197038028901285,0.197038028901285,0.0,0.4628525852571949,0.5,True,0.0,attribution,False,12,0.0,0.0
30,sparse,24,15,25,Higher,1,Higher,1,0.462883939386096,0,0.9697368206808656,0.969751015691232,1.4195010366480076e-05,0.462883939386096,0.5,False,0.0,attribution,False,12,0.0,0.0
30,sparse,25,5,15,Higher,1,Higher,1,0.5561405943285308,1,0.2593919947560642,0.301531421135314,0.0421394263792497,0.5561405943285308,0.5,False,0.0,attribution,False,12,0.0,0.0
30,sparse,26,23,33,Higher,1,Higher,1,0.4675515605633552,0,0.2481469117525096,0.2502728677582758,0.0021259560057661,0.4675515605633552,0.5,False,0.0,attribution,False,12,0.0,0.0
30,sparse,27,26,36,Higher,1,Higher,1,0.5335039847803668,1,0.3980639180947383,0.4299271588434084,0.03186324074867,0.5335039847803668,0.5,False,0.0,attribution,False,12,0.0,0.0
30,sparse,28,0,10,Lower,0,Lower,0,0.4628525852571949,0,0.0004242317217423,0.0004242317217423,0.0,0.4628525852571949,0.5,False,0.0,attribution,False,12,0.0,0.0
30,sparse,29,7,17,Higher,1,Higher,1,0.4628525852571949,0,0.783997411114818,0.783997411114818,0.0,0.4628525852571949,0.5,False,0.0,attribution,False,12,0.0,0.0
30,sparse,30,1,11,Lower,0,Lower,0,0.4628525852571949,0,0.6371246214265402,0.6371246214265402,0.0,0.4628525852571949,0.5,False,0.0,attribution,False,12,0.0,0.0
30,sparse,31,21,31,Higher,1,Higher,1,0.9789557738562028,1,0.0199167941374599,0.4688825321070177,0.4489657379695578,0.9789557738562028,0.5,False,0.0,attribution,False,12,0.0,0.0
30,sparse,32,19,29,Higher,1,Higher,1,0.9452248669811584,1,0.2747458674850904,0.6120900715240792,0.3373442040389888,0.9452248669811584,0.5,False,0.0,attribution,False,12,0.0,0.0
30,sparse,33,9,19,Higher,1,Higher,1,0.7501590533033435,1,0.3367914877443005,0.4773013345231148,0.1405098467788143,0.7501590533033435,0.5,False,0.0,attribution,False,12,0.0,0.0
30,sparse,34,22,32,Higher,1,Higher,1,0.8930849354527568,1,0.4946860368835794,0.7503644256515652,0.2556783887679858,0.8930849354527568,0.5,False,0.0,attribution,False,12,0.0,0.0
30,sparse,35,18,28,Lower,0,Higher,1,0.4628525852571949,0,0.9998463518346808,0.9998463518346808,0.0,0.4628525852571949,0.5,False,0.0,attribution,False,12,0.0,0.0
30,sparse,36,6,16,Lower,0,Lower,0,0.2185608939618303,0,0.5181575031640642,0.3915054496664299,-0.1266520534976342,0.2185608939618303,0.5,False,0.0,attribution,False,12,0.0,0.0
30,sparse,37,16,26,Higher,1,Higher,1,0.17524030963993,0,0.3327701068734193,0.1751800174796376,-0.1575900893937816,0.17524030963993,0.5,False,0.0,attribution,False,12,0.0,0.0
30,sparse,38,13,23,Lower,0,Lower,0,0.4628525852571949,0,0.6371246020993118,0.6371246020993118,0.0,0.4628525852571949,0.5,False,0.0,attribution,False,12,0.0,0.0
35,sparse,10,11,21,Higher,1,Higher,1,0.5533403334721922,1,0.5773817286580348,0.5777489834836274,0.0003672548255925,0.5533403334721922,0.5,False,0.0,attribution,False,12,0.0,0.0
35,sparse,11,12,22,Lower,0,Lower,0,0.4452179157873676,0,0.6457326216807592,0.6371020022419746,-0.0086306194387846,0.4452179157873676,0.5,False,0.0,attribution,False,12,0.0,0.0
35,sparse,12,0,10,Lower,0,Lower,0,0.2762901326886643,0,0.6417660594204881,0.6177394115253522,-0.0240266478951359,0.2762901326886643,0.5,False,0.0,attribution,False,12,0.0,0.0
35,sparse,13,22,32,Higher,1,Higher,1,0.9803738603016016,1,0.5566594212254169,0.6336391371128013,0.0769797158873843,0.9803738603016016,0.5,False,0.0,attribution,False,12,0.0,0.0
35,sparse,14,16,26,Higher,1,Higher,1,0.6762466394535752,1,0.6346907482572202,0.6458839291579435,0.0111931809007232,0.6762466394535752,0.5,False,0.0,attribution,False,12,0.0,0.0
35,sparse,15,24,34,Higher,1,Higher,1,0.9807173545048976,1,0.5422669703791235,0.6196198567276558,0.0773528863485323,0.9807173545048976,0.5,False,0.0,attribution,False,12,0.0,0.0
35,sparse,16,28,38,Lower,0,Lower,0,0.0997042082081649,0,0.7024338541158784,0.6527603412483305,-0.0496735128675479,0.0997042082081649,0.5,False,0.0,attribution,False,12,0.0,0.0
35,sparse,17,27,37,Higher,1,Higher,1,0.9734702532862872,1,0.5539724834108813,0.6245596128786549,0.0705871294677735,0.9734702532862872,0.5,False,0.0,attribution,False,12,0.0,0.0
35,sparse,18,4,14,Lower,0,Higher,1,0.1933124151801807,0,0.7187449095511235,0.685067558075679,-0.0336773514754444,0.1933124151801807,0.5,False,0.0,attribution,False,12,0.0,0.0
35,sparse,19,19,29,Higher,1,Higher,1,0.8551342080937345,1,0.5976745455554543,0.6303968066915733,0.0327222611361189,0.8551342080937345,0.5,False,0.0,attribution,False,12,0.0,0.0
35,sparse,20,21,31,Higher,1,Higher,1,0.9179499516210718,1,0.5632656037783504,0.6092376735923016,0.0459720698139511,0.9179499516210718,0.5,False,0.0,attribution,False,12,0.0,0.0
35,sparse,21,3,13,Higher,1,Higher,1,0.5489563019719295,1,0.6090887325623519,0.6090887325623519,0.0,0.5489563019719295,0.5,False,0.0,attribution,False,12,0.0,0.0
35,sparse,22,15,25,Higher,1,Higher,1,0.5576038798898856,1,0.6740364858588933,0.674761569060543,0.0007250832016496,0.5576038798898856,0.5,False,0.0,attribution,False,12,0.0,0.0
35,sparse,23,2,12,Lower,0,Lower,0,0.4315325521513225,0,0.6236599707470556,0.6138773431083656,-0.0097826276386899,0.4315325521513225,0.5,True,0.0,attribution,False,12,0.0,0.0
35,sparse,24,7,17,Higher,1,Higher,1,0.5489563019719295,1,0.6508987684557322,0.6508987684557322,0.0,0.5489563019719295,0.5,False,0.0,attribution,False,12,0.0,0.0
35,sparse,25,1,11,Lower,0,Lower,0,0.5489563019719295,1,0.6634156037983752,0.6634156037983752,0.0,0.5489563019719295,0.5,False,0.0,attribution,False,12,0.0,0.0
35,sparse,26,20,30,Higher,1,Higher,1,0.9896713236324096,1,0.5554735155322442,0.6459520183650812,0.0904785028328369,0.9896713236324096,0.5,False,0.0,attribution,False,12,0.0,0.0
35,sparse,27,23,33,Higher,1,Higher,1,0.555748914527963,1,0.5525273070748502,0.5530966234646624,0.0005693163898121,0.555748914527963,0.5,False,0.0,attribution,False,12,0.0,0.0
35,sparse,28,14,24,Lower,0,Higher,1,0.8816127049565602,1,0.5880691138344287,0.6256062791832351,0.0375371653488063,0.8816127049565602,0.5,False,0.0,attribution,False,12,0.0,0.0
35,sparse,29,10,20,Higher,1,Higher,1,0.9679190356180504,1,0.5561914110934416,0.6227226476736237,0.0665312365801821,0.9679190356180504,0.5,False,0.0,attribution,False,12,0.0,0.0
35,sparse,30,26,36,Higher,1,Higher,1,0.7245484527732674,1,0.632633519221356,0.6486047222653506,0.0159712030439945,0.7245484527732674,0.5,False,0.0,attribution,False,12,0.0,0.0
35,sparse,31,25,35,Lower,0,Lower,0,0.2785710623627209,0,0.6572933633262409,0.633502514505577,-0.0237908488206638,0.2785710623627209,0.5,False,0.0,attribution,False,12,0.0,0.0
35,sparse,32,13,23,Lower,0,Lower,0,0.5489563019719295,1,0.6634156037983752,0.6634156037983752,0.0,0.5489563019719295,0.5,False,0.0,attribution,False,12,0.0,0.0
35,sparse,33,9,19,Higher,1,Higher,1,0.7166734740850713,1,0.5846416265914389,0.5998021983726902,0.0151605717812512,0.7166734740850713,0.5,False,0.0,attribution,False,12,0.0,0.0
35,sparse,34,8,18,Higher,1,Higher,1,0.8059120210072395,1,0.6140209989453463,0.6394530027585982,0.0254320038132518,0.8059120210072395,0.5,False,0.0,attribution,False,12,0.0,0.0
35,sparse,35,17,27,Lower,0,Lower,0,0.4567520024617744,0,0.6586453369142792,0.6509801443176161,-0.007665192596663,0.4567520024617744,0.5,False,0.0,attribution,False,12,0.0,0.0
35,sparse,36,6,16,Lower,0,Lower,0,0.4345802070959452,0,0.6494552510780929,0.6399298674120741,-0.0095253836660187,0.4345802070959452,0.5,False,0.0,attribution,False,12,0.0,0.0
35,sparse,37,18,28,Lower,0,Higher,1,0.9745542007097288,1,0.5984610052601084,0.6699356959933019,0.0714746907331935,0.9745542007097288,0.5,False,0.0,attribution,False,12,0.0,0.0
35,sparse,38,5,15,Higher,1,Higher,1,0.7548813706022978,1,0.6448147804102632,0.6640536879997373,0.0192389075894741,0.7548813706022978,0.5,False,0.0,attribution,False,12,0.0,0.0
14,sparse,10,8,18,Higher,1,Higher,1,0.9834796985242648,1,0.5236664611090938,0.5600371573147355,0.0363706962056417,0.9834796985242648,0.5,False,0.0,attribution,False,12,0.0,0.0
14,sparse,11,16,26,Higher,1,Higher,1,0.8870366667408712,1,0.5939103274174014,0.6004196024339885,0.0065092750165871,0.8870366667408712,0.5,False,0.0,attribution,False,12,0.0,0.0
14,sparse,12,14,24,Higher,1,Higher,1,0.9895862282981184,1,0.4940557966385119,0.537320321166627,0.043264524528115,0.9895862282981184,0.5,False,0.0,attribution,False,12,0.0,0.0
14,sparse,13,28,38,Higher,1,Lower,0,0.41281923687313,0,0.6349538294252819,0.6058899501799283,-0.0290638792453535,0.41281923687313,0.5,False,0.0,attribution,False,12,0.0,0.0
14,sparse,14,20,30,Higher,1,Higher,1,0.9996378534481456,1,0.5088696020324501,0.6017970488870646,0.0929274468546145,0.9996378534481456,0.5,False,0.0,attribution,False,12,0.0,0.0
14,sparse,15,0,10,Higher,1,Lower,0,0.0382141303318994,0,0.6008666770576162,0.5294468644248539,-0.0714198126327623,0.0382141303318994,0.5,False,0.0,attribution,False,12,0.0,0.0
14,sparse,16,6,16,Lower,0,Lower,0,0.5896261915939266,1,0.6501898865572181,0.6316623240059286,-0.0185275625512895,0.5896261915939266,0.5,False,0.0,attribution,False,12,0.0,0.0
14,sparse,17,27,37,Higher,1,Higher,1,0.9962896967320316,1,0.5090840818663844,0.5676614836502792,0.0585774017838948,0.9962896967320316,0.5,False,0.0,attribution,False,12,0.0,0.0
14,sparse,18,3,13,Higher,1,Higher,1,0.8346928923079073,1,0.5871852363013639,0.5871852363013639,0.0,0.8346928923079073,0.5,False,0.0,attribution,False,12,0.0,0.0
14,sparse,19,2,12,Higher,1,Lower,0,0.6364268843474827,1,0.499442631501129,0.4838260363358267,-0.0156165951653023,0.6364268843474827,0.5,True,0.0,attribution,False,12,0.0,0.0
14,sparse,20,17,27,Higher,1,Lower,0,0.7468463412970233,1,0.6276180852057257,0.6196961140419011,-0.0079219711638246,0.7468463412970233,0.5,False,0.0,attribution,False,12,0.0,0.0
14,sparse,21,10,20,Higher,1,Higher,1,0.9967324134531844,1,0.5071145721858035,0.5675715945582095,0.060457022372406,0.9967324134531844,0.5,False,0.0,attribution,False,12,0.0,0.0
14,sparse,22,24,34,Higher,1,Higher,1,0.9998608770645716,1,0.3748336779526786,0.4818673798752855,0.1070337019226068,0.9998608770645716,0.5,False,0.0,attribution,False,12,0.0,0.0
14,sparse,23,23,33,Higher,1,Higher,1,0.8433269856868245,1,0.5168439748367087,0.5177864661218897,0.0009424912851809,0.8433269856868245,0.5,False,0.0,attribution,False,12,0.0,0.0
14,sparse,24,15,25,Higher,1,Higher,1,0.84134311929959,1,0.6296861496942234,0.6304084314841223,0.0007222817898988,0.84134311929959,0.5,False,0.0,attribution,False,12,0.0,0.0
14,sparse,25,4,14,Higher,1,Higher,1,0.9634279423517302,1,0.5330994440974557,0.5574515670249113,0.0243521229274555,0.9634279423517302,0.5,False,0.0,attribution,False,12,0.0,0.0
14,sparse,26,11,21,Higher,1,Higher,1,0.8753557743874549,1,0.3220353684569694,0.3268986757460121,0.0048633072890426,0.8753557743874549,0.5,False,0.0,attribution,False,12,0.0,0.0
14,sparse,27,26,36,Higher,1,Higher,1,0.9009302859624896,1,0.5523032912456157,0.5609763248405195,0.0086730335949037,0.9009302859624896,0.5,False,0.0,attribution,False,12,0.0,0.0
14,sparse,28,13,23,Higher,1,Lower,0,0.8346928923079073,1,0.6220513321154147,0.6220513321154147,0.0,0.8346928923079073,0.5,False,0.0,attribution,False,12,0.0,0.0
14,sparse,29,19,29,Higher,1,Higher,1,0.9920828077117532,1,0.5554854756782018,0.6028276514339374,0.0473421757557355,0.9920828077117532,0.5,False,0.0,attribution,False,12,0.0,0.0
14,sparse,30,25,35,Higher,1,Lower,0,0.4923741569995532,0,0.4794550700815339,0.4551352270174005,-0.0243198430641333,0.4923741569995532,0.5,False,0.0,attribution,False,12,0.0,0.0
14,sparse,31,22,32,Higher,1,Higher,1,0.996767364345627,1,0.5203523506918035,0.5809684168945207,0.0606160662027172,0.996767364345627,0.5,False,0.0,attribution,False,12,0.0,0.0
14,sparse,32,21,31,Higher,1,Higher,1,0.999839963803113,1,0.4729748120442335,0.5779437894755088,0.1049689774312753,0.999839963803113,0.5,False,0.0,attribution,False,12,0.0,0.0
14,sparse,33,1,11,Higher,1,Lower,0,0.8346928923079073,1,0.6264698535891773,0.6264698535891773,0.0,0.8346928923079073,0.5,False,0.0,attribution,False,12,0.0,0.0
14,sparse,34,5,15,Higher,1,Higher,1,0.9745088903008802,1,0.5669873080195518,0.5968289917698394,0.0298416837502876,0.9745088903008802,0.5,False,0.0,attribution,False,12,0.0,0.0
14,sparse,35,7,17,Higher,1,Higher,1,0.8346928923079073,1,0.6199029172705536,0.6199029172705536,0.0,0.8346928923079073,0.5,False,0.0,attribution,False,12,0.0,0.0
14,sparse,36,9,19,Higher,1,Higher,1,0.9948098396632332,1,0.499581710059536,0.5531892332414314,0.0536075231818954,0.9948098396632332,0.5,False,0.0,attribution,False,12,0.0,0.0
14,sparse,37,12,22,Higher,1,Lower,0,0.7001990254591847,1,0.6338074552613694,0.6224416415349424,-0.0113658137264269,0.7001990254591847,0.5,False,0.0,attribution,False,12,0.0,0.0
14,sparse,38,18,28,Higher,1,Higher,1,0.9999983334341904,1,0.4638869755414714,0.6361474057408163,0.1722604301993448,0.9999983334341904,0.5,False,0.0,attribution,False,12,0.0,0.0
5,sparse,14,3,13,Higher,1,Higher,1,0.5546740366404392,1,0.2689414213699951,0.2689414213699951,0.0,0.5546740366404392,0.5,False,0.0,attribution,True,4,0.0,0.0
5,sparse,15,19,29,Lower,0,Higher,1,0.5546740366404392,1,0.2689414213699951,0.2689414213699951,0.0,0.5546740366404392,0.5,False,0.0,attribution,True,4,0.0,0.0
5,sparse,16,28,38,Higher,1,Lower,0,0.5546740366404392,1,0.999307428546894,0.999307428546894,0.0,0.5546740366404392,0.5,False,0.0,attribution,True,4,0.0,0.0
5,sparse,17,20,30,Lower,0,Higher,1,0.5546740366404392,1,0.2689414213699951,0.2689414213699951,0.0,0.5546740366404392,0.5,False,0.0,attribution,True,4,0.0,0.0
5,sparse,18,0,10,Lower,0,Lower,0,0.5546740366404392,1,0.9949317743345116,0.9949317743345116,0.0,0.5546740366404392,0.5,False,0.0,attribution,True,4,0.0,0.0
5,sparse,19,5,15,Higher,1,Higher,1,0.5546740366404392,1,0.2689414213699951,0.2689414213699951,0.0,0.5546740366404392,0.5,False,0.0,attribution,True,4,0.0,0.0
5,sparse,20,13,23,Higher,1,Lower,0,0.5546740366404392,1,0.9998297547517234,0.9998297547517234,0.0,0.5546740366404392,0.5,False,0.0,attribution,True,4,0.0,0.0
5,sparse,21,23,33,Lower,0,Higher,1,0.5635694496470659,1,0.2682974508141365,0.2682793828156678,-1.806799846865159e-05,0.5635694496470659,0.5,False,0.0,attribution,True,4,0.0,0.0
5,sparse,22,27,37,Higher,1,Higher,1,0.5546740366404392,1,0.2689414213699951,0.2689414213699951,0.0,0.5546740366404392,0.5,False,0.0,attribution,True,4,0.0,0.0
5,sparse,23,24,34,Higher,1,Higher,1,0.5546740366404392,1,0.2689414213699951,0.2689414213699951,0.0,0.5546740366404392,0.5,False,0.0,attribution,True,4,0.0,0.0
5,sparse,24,16,26,Lower,0,Higher,1,0.5546740366404392,1,0.6585843786157006,0.6585843786157006,0.0,0.5546740366404392,0.5,False,0.0,attribution,True,4,0.0,0.0
5,sparse,25,21,31,Higher,1,Higher,1,0.5546740366404392,1,0.2689414213699951,0.2689414213699951,0.0,0.5546740366404392,0.5,False,0.0,attribution,True,4,0.0,0.0
5,sparse,26,18,28,Higher,1,Higher,1,0.5546740366404392,1,0.9968084862406844,0.9968084862406844,0.0,0.5546740366404392,0.5,False,0.0,attribution,True,4,0.0,0.0
5,sparse,27,6,16,Higher,1,Lower,0,0.5546740366404392,1,0.4195701393696605,0.4195701393696605,0.0,0.5546740366404392,0.5,False,0.0,attribution,True,4,0.0,0.0
5,sparse,28,12,22,Higher,1,Lower,0,0.5546740366404392,1,0.6819034186940659,0.6819034186940659,0.0,0.5546740366404392,0.5,False,0.0,attribution,True,4,0.0,0.0
5,sparse,29,25,35,Higher,1,Lower,0,0.993012980941834,1,0.9755415222725436,0.973169762498186,-0.0023717597743575,0.993012980941834,0.5,True,0.0,attribution,True,4,0.0,0.0
5,sparse,30,15,25,Higher,1,Higher,1,0.5546740366404392,1,0.4376611482043062,0.4376611482043062,0.0,0.5546740366404392,0.5,False,0.0,attribution,True,4,0.0,0.0
5,sparse,31,17,27,Higher,1,Lower,0,0.5546740366404392,1,0.966393092397238,0.966393092397238,0.0,0.5546740366404392,0.5,False,0.0,attribution,True,4,0.0,0.0
5,sparse,32,14,24,Lower,0,Higher,1,0.5546740366404392,1,0.2689414213699951,0.2689414213699951,0.0,0.5546740366404392,0.5,False,0.0,attribution,True,4,0.0,0.0
5,sparse,33,7,17,Higher,1,Higher,1,0.5546740366404392,1,0.987789095461692,0.987789095461692,0.0,0.5546740366404392,0.5,False,0.0,attribution,True,4,0.0,0.0
5,sparse,34,26,36,Higher,1,Higher,1,0.5546740366404392,1,0.2689414213699951,0.2689414213699951,0.0,0.5546740366404392,0.5,False,0.0,attribution,True,4,0.0,0.0
5,sparse,35,10,20,Lower,0,Higher,1,0.5546740366404392,1,0.2689414213699951,0.2689414213699951,0.0,0.5546740366404392,0.5,False,0.0,attribution,True,4,0.0,0.0
5,sparse,36,9,19,Higher,1,Higher,1,1.0,1,0.2675532597697272,0.2444100034861357,-0.0231432562835915,1.0,0.5,False,0.0,attribution,True,4,0.0,0.0
5,sparse,37,11,21,Higher,1,Higher,1,0.5546740366404392,1,0.2689414213699951,0.2689414213699951,0.0,0.5546740366404392,0.5,False,0.0,attribution,True,4,0.0,0.0
5,sparse,38,2,12,Lower,0,Lower,0,0.765610399822294,1,0.9960613919901776,0.9955786829999508,-0.0004827089902267,0.765610399822294,0.5,True,0.0,attribution,True,4,0.0,0.0
5,sparse,39,8,18,Higher,1,Higher,1,0.5546740366404392,1,0.2794423227219244,0.2794423227219244,0.0,0.5546740366404392,0.5,False,0.0,attribution,True,4,0.0,0.0
5,sparse,40,22,32,Higher,1,Higher,1,0.5546740366404392,1,0.2689414213699951,0.2689414213699951,0.0,0.5546740366404392,0.5,False,0.0,attribution,True,4,0.0,0.0
5,sparse,41,4,14,Higher,1,Higher,1,0.5546740366404392,1,0.9693450312918932,0.9693450312918932,0.0,0.5546740366404392,0.5,False,0.0,attribution,True,4,0.0,0.0
5,sparse,42,1,11,Higher,1,Lower,0,0.5546740366404392,1,0.9984888977673269,0.9984888977673269,0.0,0.5546740366404392,0.5,False,0.0,attribution,True,4,0.0,0.0
44,sparse,14,15,25,Higher,1,Higher,1,0.4630310138770094,0,1.0,1.0,0.0,0.4630310138770094,0.5,False,0.0,value_weighted,False,12,0.0,0.0
44,sparse,15,9,19,Lower,0,Higher,1,0.3751580522900033,0,0.1303007383558224,0.0188948563379267,-0.1114058820178956,0.3751580522900033,0.5,False,0.0,value_weighted,False,12,0.0,0.0
44,sparse,16,26,36,Higher,1,Higher,1,0.6011481786982568,1,0.4106905960530688,0.5825357205426858,0.1718451244896169,0.6011481786982568,0.5,False,0.0,value_weighted,False,12,0.0,0.0
44,sparse,17,18,28,Higher,1,Higher,1,0.4630310138770094,0,0.0205819225060664,0.0205819225060664,0.0,0.4630310138770094,0.5,False,0.0,value_weighted,False,12,0.0,0.0
44,sparse,18,10,20,Higher,1,Higher,1,0.4630310138770094,0,0.2689414213699951,0.2689414213699951,0.0,0.4630310138770094,0.5,False,0.0,value_weighted,False,12,0.0,0.0
44,sparse,19,1,11,Lower,0,Lower,0,0.4630310138770094,0,0.9999999999988848,0.9999999999988848,0.0,0.4630310138770094,0.5,False,0.0,value_weighted,False,12,0.0,0.0
44,sparse,20,25,35,Higher,1,Lower,0,0.463031013866978,0,0.9999999999999998,0.9999999999875836,-1.2416290218197899e-11,0.463031013866978,0.5,True,0.0,value_weighted,False,12,0.0,0.0
44,sparse,21,3,13,Lower,0,Higher,1,0.4630310138770094,0,0.2689414213699951,0.2689414213699951,0.0,0.4630310138770094,0.5,False,0.0,value_weighted,False,12,0.0,0.0
44,sparse,22,21,31,Higher,1,Higher,1,0.4630310138770094,0,0.2689414213699951,0.2689414213699951,0.0,0.4630310138770094,0.5,False,0.0,value_weighted,False,12,0.0,0.0
44,sparse,23,22,32,Higher,1,Higher,1,0.4630310138770094,0,0.2689414213699951,0.2689414213699951,0.0,0.4630310138770094,0.5,False,0.0,value_weighted,False,12,0.0,0.0
44,sparse,24,11,21,Higher,1,Higher,1,0.4630310138770094,0,0.2689414213699951,0.2689414213699951,0.0,0.4630310138770094,0.5,False,0.0,value_weighted,False,12,0.0,0.0
44,sparse,25,7,17,Lower,0,Higher,1,0.4630310138770094,0,0.0001739224217339,0.0001739224217339,0.0,0.4630310138770094,0.5,False,0.0,value_weighted,False,12,0.0,0.0
44,sparse,26,5,15,Lower,0,Higher,1,0.462399050893976,0,0.4106905960530688,0.4099083075864214,-0.0007822884666474,0.462399050893976,0.5,False,0.0,value_weighted,False,12,0.0,0.0
44,sparse,27,6,16,Higher,1,Lower,0,0.4935027877793146,0,0.4099083075864214,0.4475014211093414,0.0375931135229199,0.4935027877793146,0.5,False,0.0,value_weighted,False,12,0.0,0.0
44,sparse,28,13,23,Higher,1,Lower,0,0.4630310138770094,0,1.0,1.0,0.0,0.4630310138770094,0.5,False,0.0,value_weighted,False,12,0.0,0.0
44,sparse,29,23,33,Higher,1,Higher,1,0.4619970430019104,0,0.1192633658200303,0.1179833658845583,-0.0012799999354719,0.4619970430019104,0.5,False,0.0,value_weighted,False,12,0.0,0.0
44,sparse,30,16,26,Higher,1,Higher,1,0.4630310138770094,0,1.0,1.0,0.0,0.4630310138770094,0.5,False,0.0,value_weighted,False,12,0.0,0.0
44,sparse,31,24,34,Lower,0,Higher,1,0.4630310138770094,0,0.2689414213699951,0.2689414213699951,0.0,0.4630310138770094,0.5,False,0.0,value_weighted,False,12,0.0,0.0
44,sparse,32,12,22,Higher,1,Lower,0,0.4630310138770094,0,0.2689414213699951,0.2689414213699951,0.0,0.4630310138770094,0.5,False,0.0,value_weighted,False,12,0.0,0.0
44,sparse,33,17,27,Higher,1,Lower,0,0.4630310138770094,0,7.80700272294613e-12,7.80700272294613e-12,0.0,0.4630310138770094,0.5,False,0.0,value_weighted,False,12,0.0,0.0
44,sparse,34,28,38,Lower,0,Lower,0,0.4630310138770094,0,1.0,1.0,0.0,0.4630310138770094,0.5,False,0.0,value_weighted,False,12,0.0,0.0
44,sparse,35,2,12,Lower,0,Lower,0,0.033676187839959,0,0.98748511174813,6.056350093807621e-05,-0.9874245482471918,0.033676187839959,0.5,True,0.0,value_weighted,False,12,0.0,0.0
44,sparse,36,14,24,Lower,0,Higher,1,0.4630310138770094,0,0.2689414213699951,0.2689414213699951,0.0,0.4630310138770094,0.5,False,0.0,value_weighted,False,12,0.0,0.0
44,sparse,37,4,14,Higher,1,Higher,1,0.4630310138770094,0,3.6271094013909074e-11,3.6271094013909074e-11,0.0,0.4630310138770094,0.5,False,0.0,value_weighted,False,12,0.0,0.0
44,sparse,38,8,18,Lower,0,Higher,1,0.4630310138770094,0,0.2689414213699951,0.2689414213699951,0.0,0.4630310138770094,0.5,False,0.0,value_weighted,False,12,0.0,0.0
44,sparse,39,27,37,Lower,0,Higher,1,0.4630310138770094,0,0.2689414213699951,0.2689414213699951,0.0,0.4630310138770094,0.5,False,0.0,value_weighted,False,12,0.0,0.0
44,sparse,40,0,10,Lower,0,Lower,0,0.4630310138770094,0,1.9276768557697192e-10,1.9276768557697192e-10,0.0,0.4630310138770094,0.5,False,0.0,value_weighted,False,12,0.0,0.0
44,sparse,41,20,30,Lower,0,Higher,1,0.4630310138770094,0,0.2689414213699951,0.2689414213699951,0.0,0.4630310138770094,0.5,False,0.0,value_weighted,False,12,0.0,0.0
44,sparse,42,19,29,Lower,0,Higher,1,0.4630310138770094,0,0.2689414213699951,0.2689414213699951,0.0,0.4630310138770094,0.5,False,0.0,value_weighted,False,12,0.0,0.0
31,sparse,10,23,33,Higher,1,Higher,1,0.568721901808971,1,0.5783867475453199,0.5809160403244028,0.0025292927790828,0.568721901808971,0.5,False,0.0,attribution,False,12,0.0,0.0
31,sparse,11,3,13,Higher,1,Higher,1,0.5398152215239713,1,0.5928173454738317,0.5928173454738317,0.0,0.5398152215239713,0.5,False,0.0,attribution,False,12,0.0,0.0
31,sparse,12,5,15,Higher,1,Higher,1,0.9737743939670392,1,0.5847386407417745,0.6593997809174024,0.0746611401756278,0.9737743939670392,0.5,False,0.0,attribution,False,12,0.0,0.0
31,sparse,13,10,20,Higher,1,Higher,1,0.6344979857083369,1,0.5525517745730031,0.5610223274230755,0.0084705528500723,0.6344979857083369,0.5,False,0.0,attribution,False,12,0.0,0.0
31,sparse,14,13,23,Higher,1,Lower,0,0.5398152215239713,1,0.5305411755885219,0.5305411755885219,0.0,0.5398152215239713,0.5,False,0.0,attribution,False,12,0.0,0.0
31,sparse,15,24,34,Lower,0,Higher,1,0.5398152215239713,1,0.2311881677109281,0.2311881677109281,0.0,0.5398152215239713,0.5,False,0.0,attribution,False,12,0.0,0.0
31,sparse,16,20,30,Higher,1,Higher,1,0.7950858771042167,1,0.6612190381152454,0.687070899093903,0.0258518609786575,0.7950858771042167,0.5,False,0.0,attribution,False,12,0.0,0.0
31,sparse,17,12,22,Higher,1,Lower,0,0.5397432076973159,1,0.9937440045111684,0.9937377398208792,-6.2646902891927425e-06,0.5397432076973159,0.5,False,0.0,attribution,False,12,0.0,0.0
31,sparse,18,16,26,Higher,1,Higher,1,0.5398152215239713,1,0.9116272005246918,0.9116272005246918,0.0,0.5398152215239713,0.5,False,0.0,attribution,False,12,0.0,0.0
31,sparse,19,11,21,Higher,1,Higher,1,0.5421446495127161,1,0.400082017238539,0.4002847404026622,0.0002027231641231,0.5421446495127161,0.5,False,0.0,attribution,False,12,0.0,0.0
31,sparse,20,6,16,Higher,1,Lower,0,0.5398152215239713,1,0.504208219714534,0.504208219714534,0.0,0.5398152215239713,0.5,False,0.0,attribution,False,12,0.0,0.0
31,sparse,21,22,32,Higher,1,Higher,1,0.7170593011955162,1,0.7468376743546783,0.7634847762537276,0.0166471018990492,0.7170593011955162,0.5,False,0.0,attribution,False,12,0.0,0.0
31,sparse,22,14,24,Lower,0,Higher,1,0.5398152215239713,1,0.8654398859027546,0.8654398859027546,0.0,0.5398152215239713,0.5,False,0.0,attribution,False,12,0.0,0.0
31,sparse,23,0,10,Lower,0,Lower,0,0.5398152215239713,1,0.6102562313382844,0.6102562313382844,0.0,0.5398152215239713,0.5,False,0.0,attribution,False,12,0.0,0.0
31,sparse,24,1,11,Higher,1,Lower,0,0.5398152215239713,1,0.548459107215455,0.548459107215455,0.0,0.5398152215239713,0.5,False,0.0,attribution,False,12,0.0,0.0
31,sparse,25,17,27,Lower,0,Lower,0,0.539799333148016,1,0.991270896507502,0.991269514319471,-1.38218803114043e-06,0.539799333148016,0.5,False,0.0,attribution,False,12,0.0,0.0
31,sparse,26,9,19,Higher,1,Higher,1,0.7826831841872491,1,0.7617582887267402,0.7860004344389504,0.0242421457122101,0.7826831841872491,0.5,False,0.0,attribution,False,12,0.0,0.0
31,sparse,27,27,37,Higher,1,Higher,1,0.6342923021374908,1,0.5581082537510694,0.566559642259316,0.0084513885082465,0.6342923021374908,0.5,False,0.0,attribution,False,12,0.0,0.0
31,sparse,28,2,12,Lower,0,Lower,0,0.5398152215239713,1,0.0156993787502549,0.0156993787502549,0.0,0.5398152215239713,0.5,True,0.0,attribution,False,12,0.0,0.0
31,sparse,29,25,35,Lower,0,Lower,0,6.548614158985869e-06,0,0.5567331429402781,0.2953350159079224,-0.2613981270323557,6.548614158985869e-06,0.5,False,0.0,attribution,False,12,0.0,0.0
31,sparse,30,18,28,Lower,0,Higher,1,0.5398152215239713,1,0.5303973125140488,0.5303973125140488,0.0,0.5398152215239713,0.5,False,0.0,attribution,False,12,0.0,0.0
31,sparse,31,28,38,Higher,1,Lower,0,0.5376140522165868,1,0.5307325975769511,0.5305411755885219,-0.0001914219884292,0.5376140522165868,0.5,False,0.0,attribution,False,12,0.0,0.0
31,sparse,32,7,17,Higher,1,Higher,1,0.5398152215239713,1,0.5305079651867103,0.5305079651867103,0.0,0.5398152215239713,0.5,False,0.0,attribution,False,12,0.0,0.0
31,sparse,33,19,29,Higher,1,Higher,1,0.9999898884188656,1,0.5344815804007729,0.7795933570089161,0.2451117766081432,0.9999898884188656,0.5,False,0.0,attribution,False,12,0.0,0.0
31,sparse,34,8,18,Higher,1,Higher,1,0.5398152215239713,1,0.9937377398208792,0.9937377398208792,0.0,0.5398152215239713,0.5,False,0.0,attribution,False,12,0.0,0.0
31,sparse,35,4,14,Higher,1,Higher,1,0.9999978441012406,1,0.7043123988816872,0.9828229061885062,0.278510507306819,0.9999978441012406,0.5,False,0.0,attribution,False,12,0.0,0.0
31,sparse,36,15,25,Higher,1,Higher,1,0.5403290435534603,1,0.9130253689733474,0.913070072045298,4.470307195070245e-05,0.5403290435534603,0.5,False,0.0,attribution,False,12,0.0,0.0
31,sparse,37,26,36,Higher,1,Higher,1,0.997373574273435,1,0.7488468032143654,0.8737537609811347,0.1249069577667693,0.997373574273435,0.5,False,0.0,attribution,False,12,0.0,0.0
31,sparse,38,21,31,Higher,1,Higher,1,0.3344327561437977,0,0.5564749015818331,0.5381534083161641,-0.018321493265669,0.3344327561437977,0.5,False,0.0,attribution,False,12,0.0,0.0
34,sparse,10,2,12,Lower,0,Lower,0,0.4746576613294647,0,0.6112520716312568,0.6077162970227378,-0.003535774608519,0.4746576613294647,0.5,True,0.0,attribution,False,12,0.0,0.0
34,sparse,11,21,31,Higher,1,Higher,1,0.963937589597542,1,0.6057458756147913,0.6272150125907657,0.0214691369759744,0.963937589597542,0.5,False,0.0,attribution,False,12,0.0,0.0
34,sparse,12,0,10,Higher,1,Lower,0,0.1962797841895341,0,0.6303379996809295,0.6171445538426089,-0.0131934458383206,0.1962797841895341,0.5,False,0.0,attribution,False,12,0.0,0.0
34,sparse,13,16,26,Higher,1,Higher,1,0.6948540836445833,1,0.6308047419499491,0.6340927525985545,0.0032880106486053,0.6948540836445833,0.5,False,0.0,attribution,False,12,0.0,0.0
34,sparse,14,4,14,Higher,1,Higher,1,0.5932879362985181,1,0.6257260001232658,0.6257264816672231,4.815439572647406e-07,0.5932879362985181,0.5,False,0.0,attribution,False,12,0.0,0.0
34,sparse,15,15,25,Lower,0,Higher,1,0.5978633541185037,1,0.6407616586601598,0.6409023700827503,0.0001407114225905,0.5978633541185037,0.5,False,0.0,attribution,False,12,0.0,0.0
34,sparse,16,28,38,Lower,0,Lower,0,0.3166002914292684,0,0.6425898288098272,0.6341229273281667,-0.0084669014816605,0.3166002914292684,0.5,False,0.0,attribution,False,12,0.0,0.0
34,sparse,17,14,24,Higher,1,Higher,1,0.8459424277368349,1,0.60955455839479,0.6193403976305717,0.0097858392357816,0.8459424277368349,0.5,False,0.0,attribution,False,12,0.0,0.0
34,sparse,18,18,28,Higher,1,Higher,1,0.9947221731422092,1,0.6070097639727475,0.6428974394634993,0.0358876754907517,0.9947221731422092,0.5,False,0.0,attribution,False,12,0.0,0.0
34,sparse,19,17,27,Lower,0,Lower,0,0.515627204363376,1,0.6398816314713843,0.6375564153895734,-0.0023252160818109,0.515627204363376,0.5,False,0.0,attribution,False,12,0.0,0.0
34,sparse,20,9,19,Higher,1,Higher,1,0.8645467558196159,1,0.6119467801100041,0.6228432866269398,0.0108965065169356,0.8645467558196159,0.5,False,0.0,attribution,False,12,0.0,0.0
34,sparse,21,7,17,Higher,1,Higher,1,0.5932721960804521,1,0.6369989664553186,0.6369989664553186,0.0,0.5932721960804521,0.5,False,0.0,attribution,False,12,0.0,0.0
34,sparse,22,24,34,Higher,1,Higher,1,0.9850468316801452,1,0.5790549185897231,0.6071826469587609,0.0281277283690377,0.9850468316801452,0.5,False,0.0,attribution,False,12,0.0,0.0
34,sparse,23,10,20,Lower,0,Higher,1,0.8908028604549943,1,0.6115534974421672,0.6242614951361817,0.0127079976940144,0.8908028604549943,0.5,False,0.0,attribution,False,12,0.0,0.0
34,sparse,24,19,29,Higher,1,Higher,1,0.869003226544469,1,0.6216801421992898,0.6328615632268597,0.0111814210275699,0.869003226544469,0.5,False,0.0,attribution,False,12,0.0,0.0
34,sparse,25,23,33,Lower,0,Higher,1,0.6009834047071242,1,0.6142763359615145,0.6145129707646455,0.0002366348031309,0.6009834047071242,0.5,False,0.0,attribution,False,12,0.0,0.0
34,sparse,26,12,22,Lower,0,Lower,0,0.5064801804025753,1,0.6399704090627257,0.6373749560717017,-0.002595452991024,0.5064801804025753,0.5,False,0.0,attribution,False,12,0.0,0.0
34,sparse,27,11,21,Higher,1,Higher,1,0.6121056446100294,1,0.5871488451251272,0.5877295419339919,0.0005806968088646,0.6121056446100294,0.5,False,0.0,attribution,False,12,0.0,0.0
34,sparse,28,20,30,Higher,1,Higher,1,0.9594968606105612,1,0.6122966478414821,0.6328744252583859,0.0205777774169038,0.9594968606105612,0.5,False,0.0,attribution,False,12,0.0,0.0
34,sparse,29,3,13,Higher,1,Higher,1,0.5932721960804521,1,0.628377549651586,0.628377549651586,0.0,0.5932721960804521,0.5,False,0.0,attribution,False,12,0.0,0.0
34,sparse,30,13,23,Lower,0,Lower,0,0.5932721960804521,1,0.6392045143319033,0.6392045143319033,0.0,0.5932721960804521,0.5,False,0.0,attribution,False,12,0.0,0.0
34,sparse,31,8,18,Higher,1,Higher,1,0.8287838766117784,1,0.6146239449043688,0.6234789582652166,0.0088550133608478,0.8287838766117784,0.5,False,0.0,attribution,False,12,0.0,0.0
34,sparse,32,27,37,Higher,1,Higher,1,0.8883504427371068,1,0.6119066712623354,0.6244303599847231,0.0125236887223876,0.8883504427371068,0.5,False,0.0,attribution,False,12,0.0,0.0
34,sparse,33,5,15,Higher,1,Higher,1,0.7874628524777159,1,0.6257303755055512,0.6326119050265332,0.0068815295209819,0.7874628524777159,0.5,False,0.0,attribution,False,12,0.0,0.0
34,sparse,34,6,16,Lower,0,Lower,0,0.4761756095661237,0,0.6434634511203862,0.6399726077947216,-0.0034908433256645,0.4761756095661237,0.5,False,0.0,attribution,False,12,0.0,0.0
34,sparse,35,1,11,Lower,0,Lower,0,0.5932721960804521,1,0.6400050674369911,0.6400050674369911,0.0,0.5932721960804521,0.5,False,0.0,attribution,False,12,0.0,0.0
34,sparse,36,26,36,Lower,0,Higher,1,0.6800265806953069,1,0.6216465052094581,0.6244250187205074,0.0027785135110492,0.6800265806953069,0.5,False,0.0,attribution,False,12,0.0,0.0
34,sparse,37,25,35,Higher,1,Lower,0,0.3755316568984553,0,0.6058093871288411,0.5992683446717856,-0.0065410424570555,0.3755316568984553,0.5,False,0.0,attribution,False,12,0.0,0.0
34,sparse,38,22,32,Higher,1,Higher,1,0.8922837037127821,1,0.6149457260500063,0.6277667805303032,0.0128210544802969,0.8922837037127821,0.5,False,0.0,attribution,False,12,0.0,0.0
43,sparse,10,21,31,Higher,1,Higher,1,0.5442331633766033,1,3.7142407050679927e-06,5.7106933906106e-05,5.339269320103801e-05,0.5442331633766033,0.5,False,0.0,attribution,False,12,0.0,0.0
43,sparse,11,15,25,Lower,0,Higher,1,0.6310307228934353,1,0.7274696742531237,0.758626859700543,0.0311571854474193,0.6310307228934353,0.5,False,0.0,attribution,False,12,0.0,0.0
43,sparse,12,8,18,Higher,1,Higher,1,0.998693400048387,1,0.0265635750957459,0.5860711554148428,0.5595075803190969,0.998693400048387,0.5,False,0.0,attribution,False,12,0.0,0.0
43,sparse,13,18,28,Higher,1,Higher,1,0.9999411062568744,1,0.0018774163735803,0.8298466591665112,0.8279692427929309,0.9999411062568744,0.5,False,0.0,attribution,False,12,0.0,0.0
43,sparse,14,24,34,Higher,1,Higher,1,0.9780020073275348,1,1.2138149778274395e-06,0.3132325143749709,0.3132313005599931,0.9780020073275348,0.5,False,0.0,attribution,False,12,0.0,0.0
43,sparse,15,20,30,Higher,1,Higher,1,0.9940721627715818,1,8.023751796645334e-06,0.4281834633548429,0.4281754396030462,0.9940721627715818,0.5,False,0.0,attribution,False,12,0.0,0.0
43,sparse,16,0,10,Lower,0,Lower,0,0.0006219029107399,0,0.6918577268721207,0.0374015090752067,-0.6544562177969139,0.0006219029107399,0.5,False,0.0,attribution,False,12,0.0,0.0
43,sparse,17,16,26,Higher,1,Higher,1,0.6508143254868618,1,0.1934942727312798,0.2320956474498603,0.0386013747185805,0.6508143254868618,0.5,False,0.0,attribution,False,12,0.0,0.0
43,sparse,18,22,32,Higher,1,Higher,1,0.9981845506745084,1,3.937831496158953e-06,0.5309904751137084,0.5309865372822123,0.9981845506745084,0.5,False,0.0,attribution,False,12,0.0,0.0
43,sparse,19,23,33,Lower,0,Higher,1,0.5440797474261112,1,3.855223701454489e-06,3.698612975492814e-06,-1.566107259616752e-07,0.5440797474261112,0.5,False,0.0,attribution,False,12,0.0,0.0
43,sparse,20,6,16,Lower,0,Lower,0,0.0146850258762002,0,0.9724673519283158,0.5929901125121517,-0.379477239416164,0.0146850258762002,0.5,False,0.0,attribution,False,12,0.0,0.0
43,sparse,21,11,21,Higher,1,Higher,1,0.5441106538465712,1,3.5723963800228906e-05,4.635489646031107e-05,1.0630932660082164e-05,0.5441106538465712,0.5,False,0.0,attribution,False,12,0.0,0.0
43,sparse,22,7,17,Higher,1,Higher,1,0.5440801961198477,1,0.6199478707001327,0.6199478707001327,0.0,0.5440801961198477,0.5,False,0.0,attribution,False,12,0.0,0.0
43,sparse,23,25,35,Lower,0,Lower,0,0.0625924099951413,0,0.747910745823492,0.4982755637584731,-0.2496351820650189,0.0625924099951413,0.5,False,0.0,attribution,False,12,0.0,0.0
43,sparse,24,17,27,Lower,0,Lower,0,0.1081047171279054,0,0.9711123717577088,0.7730990513123407,-0.1980133204453682,0.1081047171279054,0.5,False,0.0,attribution,False,12,0.0,0.0
43,sparse,25,9,19,Higher,1,Higher,1,0.5439938938025446,1,9.080267902749156e-05,6.068043437742622e-05,-3.012224465006535e-05,0.5439938938025446,0.5,False,0.0,attribution,False,12,0.0,0.0
43,sparse,26,4,14,Lower,0,Higher,1,0.5641845834985215,1,0.9919099416735844,0.9989561635785664,0.0070462219049821,0.5641845834985215,0.5,False,0.0,attribution,False,12,0.0,0.0
43,sparse,27,3,13,Higher,1,Higher,1,0.5440801961198477,1,0.0190696958572002,0.0190696958572002,0.0,0.5440801961198477,0.5,False,0.0,attribution,False,12,0.0,0.0
43,sparse,28,28,38,Lower,0,Lower,0,0.1492423370460597,0,0.9580119642191672,0.7920070090866788,-0.1660049551324883,0.1492423370460597,0.5,False,0.0,attribution,False,12,0.0,0.0
43,sparse,29,19,29,Higher,1,Higher,1,0.9926578235347492,1,0.0135939896061843,0.4231198965690615,0.4095259069628771,0.9926578235347492,0.5,False,0.0,attribution,False,12,0.0,0.0
43,sparse,30,1,11,Lower,0,Lower,0,0.5440801961198477,1,0.7388589976320771,0.7388589976320771,0.0,0.5440801961198477,0.5,False,0.0,attribution,False,12,0.0,0.0
43,sparse,31,5,15,Higher,1,Higher,1,0.9998183304173746,1,0.2494918106740894,0.9799207784405912,0.7304289677665018,0.9998183304173746,0.5,False,0.0,attribution,False,12,0.0,0.0
43,sparse,32,2,12,Lower,0,Lower,0,0.0157020564272498,0,0.4006289769645652,0.0270389104174845,-0.3735900665470806,0.0157020564272498,0.5,True,0.0,attribution,False,12,0.0,0.0
43,sparse,33,27,37,Higher,1,Higher,1,0.993251268484656,1,5.76473055755843e-06,0.4168805346978128,0.4168747699672552,0.993251268484656,0.5,False,0.0,attribution,False,12,0.0,0.0
43,sparse,34,10,20,Lower,0,Higher,1,0.9911411219718672,1,9.41619459054781e-06,0.3931443254673187,0.3931349092727281,0.9911411219718672,0.5,False,0.0,attribution,False,12,0.0,0.0
43,sparse,35,14,24,Higher,1,Higher,1,0.7509367433806791,1,5.100774900235137e-05,0.0802973469388864,0.0802463391898841,0.7509367433806791,0.5,False,0.0,attribution,False,12,0.0,0.0
43,sparse,36,13,23,Lower,0,Lower,0,0.5440801961198477,1,0.7388589976320771,0.7388589976320771,0.0,0.5440801961198477,0.5,False,0.0,attribution,False,12,0.0,0.0
43,sparse,37,26,36,Higher,1,Higher,1,0.9994236364348889,1,0.0724522898223519,0.7028849855352081,0.6304326957128561,0.9994236364348889,0.5,False,0.0,attribution,False,12,0.0,0.0
43,sparse,38,12,22,Lower,0,Lower,0,0.009838898074881,0,0.9673256050811844,0.5527491908391713,-0.4145764142420132,0.009838898074881,0.5,False,0.0,attribution,False,12,0.0,0.0
7,sparse,14,10,20,Lower,0,Higher,1,0.9911411219718672,1,9.41619459054781e-06,0.3931443254673187,0.3931349092727281,0.9911411219718672,0.5,False,0.0,attribution,False,12,0.0,0.0
7,sparse,15,22,32,Higher,1,Higher,1,0.9981845506745084,1,3.937831496158953e-06,0.5309904751137084,0.5309865372822123,0.9981845506745084,0.5,False,0.0,attribution,False,12,0.0,0.0
7,sparse,16,16,26,Higher,1,Higher,1,0.6508143254868618,1,0.1934942727312798,0.2320956474498603,0.0386013747185805,0.6508143254868618,0.5,False,0.0,attribution,False,12,0.0,0.0
7,sparse,17,27,37,Higher,1,Higher,1,0.993251268484656,1,5.76473055755843e-06,0.4168805346978128,0.4168747699672552,0.993251268484656,0.5,False,0.0,attribution,False,12,0.0,0.0
7,sparse,18,9,19,Higher,1,Higher,1,0.5439938938025446,1,9.080267902749156e-05,6.068043437742622e-05,-3.012224465006535e-05,0.5439938938025446,0.5,False,0.0,attribution,False,12,0.0,0.0
7,sparse,19,1,11,Lower,0,Lower,0,0.5440801961198477,1,0.7388589976320771,0.7388589976320771,0.0,0.5440801961198477,0.5,False,0.0,attribution,False,12,0.0,0.0
7,sparse,20,8,18,Higher,1,Higher,1,0.998693400048387,1,0.0265635750957459,0.5860711554148428,0.5595075803190969,0.998693400048387,0.5,False,0.0,attribution,False,12,0.0,0.0
7,sparse,21,7,17,Higher,1,Higher,1,0.5440801961198477,1,0.6199478707001327,0.6199478707001327,0.0,0.5440801961198477,0.5,False,0.0,attribution,False,12,0.0,0.0
7,sparse,22,0,10,Lower,0,Lower,0,0.0006219029107399,0,0.6918577268721207,0.0374015090752067,-0.6544562177969139,0.0006219029107399,0.5,False,0.0,attribution,False,12,0.0,0.0
7,sparse,23,28,38,Lower,0,Lower,0,0.1492423370460597,0,0.9580119642191672,0.7920070090866788,-0.1660049551324883,0.1492423370460597,0.5,False,0.0,attribution,False,12,0.0,0.0
7,sparse,24,11,21,Higher,1,Higher,1,0.5441106538465712,1,3.5723963800228906e-05,4.635489646031107e-05,1.0630932660082164e-05,0.5441106538465712,0.5,False,0.0,attribution,False,12,0.0,0.0
7,sparse,25,12,22,Lower,0,Lower,0,0.009838898074881,0,0.9673256050811844,0.5527491908391713,-0.4145764142420132,0.009838898074881,0.5,False,0.0,attribution,False,12,0.0,0.0
7,sparse,26,4,14,Lower,0,Higher,1,0.5641845834985215,1,0.9919099416735844,0.9989561635785664,0.0070462219049821,0.5641845834985215,0.5,False,0.0,attribution,False,12,0.0,0.0
7,sparse,27,5,15,Higher,1,Higher,1,0.9998183304173746,1,0.2494918106740894,0.9799207784405912,0.7304289677665018,0.9998183304173746,0.5,False,0.0,attribution,False,12,0.0,0.0
7,sparse,28,3,13,Higher,1,Higher,1,0.5440801961198477,1,0.0190696958572002,0.0190696958572002,0.0,0.5440801961198477,0.5,False,0.0,attribution,False,12,0.0,0.0
7,sparse,29,24,34,Higher,1,Higher,1,0.9780020073275348,1,1.2138149778274395e-06,0.3132325143749709,0.3132313005599931,0.9780020073275348,0.5,False,0.0,attribution,False,12,0.0,0.0
7,sparse,30,17,27,Lower,0,Lower,0,0.1081047171279054,0,0.9711123717577088,0.7730990513123407,-0.1980133204453682,0.1081047171279054,0.5,False,0.0,attribution,False,12,0.0,0.0
7,sparse,31,6,16,Lower,0,Lower,0,0.0146850258762002,0,0.9724673519283158,0.5929901125121517,-0.379477239416164,0.0146850258762002,0.5,False,0.0,attribution,False,12,0.0,0.0
7,sparse,32,19,29,Higher,1,Higher,1,0.9926578235347492,1,0.0135939896061843,0.4231198965690615,0.4095259069628771,0.9926578235347492,0.5,False,0.0,attribution,False,12,0.0,0.0
7,sparse,33,23,33,Higher,1,Higher,1,0.5440797474261112,1,3.855223701454489e-06,3.698612975492814e-06,-1.566107259616752e-07,0.5440797474261112,0.5,False,0.0,attribution,False,12,0.0,0.0
7,sparse,34,2,12,Lower,0,Lower,0,0.0157020564272498,0,0.4006289769645652,0.0270389104174845,-0.3735900665470806,0.0157020564272498,0.5,True,0.0,attribution,False,12,0.0,0.0
7,sparse,35,26,36,Higher,1,Higher,1,0.9994236364348889,1,0.0724522898223519,0.7028849855352081,0.6304326957128561,0.9994236364348889,0.5,False,0.0,attribution,False,12,0.0,0.0
7,sparse,36,13,23,Lower,0,Lower,0,0.5440801961198477,1,0.7388589976320771,0.7388589976320771,0.0,0.5440801961198477,0.5,False,0.0,attribution,False,12,0.0,0.0
7,sparse,37,21,31,Lower,0,Higher,1,0.5442331633766033,1,3.7142407050679927e-06,5.7106933906106e-05,5.339269320103801e-05,0.5442331633766033,0.5,False,0.0,attribution,False,12,0.0,0.0
7,sparse,38,18,28,Higher,1,Higher,1,0.9999411062568744,1,0.0018774163735803,0.8298466591665112,0.8279692427929309,0.9999411062568744,0.5,False,0.0,attribution,False,12,0.0,0.0
7,sparse,39,25,35,Lower,0,Lower,0,0.0625924099951413,0,0.747910745823492,0.4982755637584731,-0.2496351820650189,0.0625924099951413,0.5,False,0.0,attribution,False,12,0.0,0.0
7,sparse,40,15,25,Higher,1,Higher,1,0.6310307228934353,1,0.7274696742531237,0.758626859700543,0.0311571854474193,0.6310307228934353,0.5,False,0.0,attribution,False,12,0.0,0.0
7,sparse,41,14,24,Lower,0,Higher,1,0.7509367433806791,1,5.100774900235137e-05,0.0802973469388864,0.0802463391898841,0.7509367433806791,0.5,False,0.0,attribution,False,12,0.0,0.0
7,sparse,42,20,30,Higher,1,Higher,1,0.9940721627715818,1,8.023751796645334e-06,0.4281834633548429,0.4281754396030462,0.9940721627715818,0.5,False,0.0,attribution,False,12,0.0,0.0
1,robust,10,13,23,Lower,0,Lower,0,0.1211435254942743,0,0.6392004194053107,0.5106193178809977,-0.128581101524313,0.1211435254942743,0.5,True,0.0,value_weighted,True,4,0.0,0.0
1,robust,11,12,22,Higher,1,Lower,0,0.2659652203813729,0,0.4055595218469793,0.3436526304578177,-0.0619068913891616,0.2659652203813729,0.5,True,0.0,value_weighted,True,4,0.0,0.0
1,robust,12,0,10,Lower,0,Lower,0,0.0924188891065932,0,0.4126693756180091,0.2631981617399695,-0.1494712138780396,0.0924188891065932,0.5,True,0.0,value_weighted,True,4,0.0,0.0
1,robust,13,7,17,Higher,1,Higher,1,0.8416964177955333,1,0.6759659534078197,0.7993686270746546,0.1234026736668348,0.8416964177955333,0.5,True,0.0,value_weighted,True,4,0.0,0.0
1,robust,14,17,27,Higher,1,Lower,0,0.3118314529563182,0,0.6781096496265387,0.6316299475192821,-0.0464797021072566,0.3118314529563182,0.5,True,0.0,value_weighted,True,4,0.0,0.0
1,robust,15,5,15,Lower,0,Higher,1,0.5932264765680713,1,0.6155229743432095,0.6496832198703004,0.0341602455270909,0.5932264765680713,0.5,True,0.0,value_weighted,True,4,0.0,0.0
1,robust,16,9,19,Higher,1,Higher,1,0.62521781092668,1,0.4174297935376853,0.4608645278628804,0.0434347343251951,0.62521781092668,0.5,True,0.0,value_weighted,True,4,0.0,0.0
1,robust,17,16,26,Lower,0,Higher,1,0.4916793853196974,0,0.9447091950896988,0.95054242625594,0.0058332311662412,0.4916793853196974,0.5,True,0.0,value_weighted,True,4,0.0,0.0
1,robust,18,28,38,Lower,0,Lower,0,0.1410846343005013,0,0.5944404781530207,0.477955476857628,-0.1164850012953926,0.1410846343005013,0.5,True,0.0,value_weighted,True,4,0.0,0.0
1,robust,19,3,13,Higher,1,Higher,1,0.7177713969647076,1,0.6224593312018545,0.6949850222352231,0.0725256910333685,0.7177713969647076,0.5,True,0.0,value_weighted,True,4,0.0,0.0
1,robust,20,27,37,Higher,1,Higher,1,0.9095975276063244,1,0.42939652760373,0.5968018120882072,0.1674052844844771,0.9095975276063244,0.5,True,0.0,value_weighted,True,4,0.0,0.0
1,robust,21,21,31,Higher,1,Higher,1,0.7298065521591408,1,0.3503167801296996,0.4269960990746621,0.0766793189449625,0.7298065521591408,0.5,True,0.0,value_weighted,True,4,0.0,0.0
1,robust,22,25,35,Lower,0,Lower,0,0.3198948953409862,0,0.4897073365809005,0.4458020142147237,-0.0439053223661767,0.3198948953409862,0.5,True,0.0,value_weighted,True,4,0.0,0.0
1,robust,23,15,25,Higher,1,Higher,1,0.4712499558108443,0,0.9895755576466868,0.9897626614530628,0.0001871038063759,0.4712499558108443,0.5,True,0.0,value_weighted,True,4,0.0,0.0
1,robust,24,26,36,Higher,1,Higher,1,0.5452736992407264,1,0.3638197159862198,0.3844770256567905,0.0206573096705706,0.5452736992407264,0.5,True,0.0,value_weighted,True,4,0.0,0.0
1,robust,25,22,32,Lower,0,Higher,1,0.9084159247010029,1,0.4568072712026965,0.6232270092861493,0.1664197380834527,0.9084159247010029,0.5,True,0.0,value_weighted,True,4,0.0,0.0
1,robust,26,18,28,Higher,1,Higher,1,0.5918817257308916,1,0.6252200715216957,0.6589960611577108,0.0337759896360151,0.5918817257308916,0.5,True,0.0,value_weighted,True,4,0.0,0.0
1,robust,27,1,11,Lower,0,Lower,0,0.1242710088607263,0,0.6600234438878926,0.533446709329293,-0.1265767345585996,0.1242710088607263,0.5,True,0.0,value_weighted,True,4,0.0,0.0
1,robust,28,14,24,Lower,0,Higher,1,0.5981587726513562,1,0.5715640489285567,0.6071371437031723,0.0355730947746155,0.5981587726513562,0.5,True,0.0,value_weighted,True,4,0.0,0.0
1,robust,29,4,14,Higher,1,Higher,1,0.675046569317739,1,0.6949850222352231,0.7535520092372023,0.0585669870019792,0.675046569317739,0.5,True,0.0,value_weighted,True,4,0.0,0.0
1,robust,30,2,12,Lower,0,Lower,0,0.1156035132792911,0,0.7181481117679576,0.5859041700528711,-0.1322439417150864,0.1156035132792911,0.5,True,0.0,value_weighted,True,4,0.0,0.0
1,robust,31,20,30,Higher,1,Higher,1,0.8118432841025743,1,0.4893806821190023,0.5983735533020059,0.1089928711830036,0.8118432841025743,0.5,True,0.0,value_weighted,True,4,0.0,0.0
1,robust,32,19,29,Higher,1,Higher,1,0.5742685506511132,1,0.4126693756180091,0.4414463652922717,0.0287769896742625,0.5742685506511132,0.5,True,0.0,value_weighted,True,4,0.0,0.0
1,robust,33,11,21,Higher,1,Higher,1,0.4849244168194885,0,0.413461670839953,0.4174297935376853,0.0039681226977322,0.4849244168194885,0.5,True,0.0,value_weighted,True,4,0.0,0.0
1,robust,34,23,33,Lower,0,Higher,1,0.4799223539618142,0,0.4081405105694736,0.410726575638479,0.0025860650690053,0.4799223539618142,0.5,True,0.0,value_weighted,True,4,0.0,0.0
1,robust,35,24,34,Higher,1,Higher,1,0.7886079679221968,1,0.3570398621399168,0.4559964896748816,0.0989566275349647,0.7886079679221968,0.5,True,0.0,value_weighted,True,4,0.0,0.0
1,robust,36,10,20,Lower,0,Higher,1,0.6271687180248964,1,0.4568072712026965,0.5008169927369526,0.044009721534256,0.6271687180248964,0.5,True,0.0,value_weighted,True,4,0.0,0.0
1,robust,37,6,16,Lower,0,Lower,0,0.2672897755973665,0,0.3984890533666141,0.3370494854068734,-0.0614395679597407,0.2672897755973665,0.5,True,0.0,value_weighted,True,4,0.0,0.0
1,robust,38,8,18,Higher,1,Higher,1,0.7625925210366473,1,0.3240340465921802,0.4126693756180091,0.0886353290258288,0.7625925210366473,0.5,True,0.0,value_weighted,True,4,0.0,0.0
33,robust,14,27,37,Higher,1,Higher,1,0.9891260672433028,1,0.109746476503655,0.9948657124031016,0.8851192358994465,0.9891260672433028,0.5,True,0.0,value_weighted,False,4,0.0,0.0
33,robust,15,4,14,Higher,1,Higher,1,0.4490884924206599,0,0.9999527494966712,0.9999980738780448,4.532438137361261e-05,0.4490884924206599,0.5,True,0.0,value_weighted,False,4,0.0,0.0
33,robust,16,24,34,Higher,1,Higher,1,0.7840505857567805,1,0.0044962731609411,0.2849578942990101,0.2804616211380689,0.7840505857567805,0.5,True,0.0,value_weighted,False,4,0.0,0.0
33,robust,17,19,29,Higher,1,Higher,1,0.6050063507570237,1,0.0552005377829343,0.1736466470190051,0.1184461092360708,0.6050063507570237,0.5,True,0.0,value_weighted,False,4,0.0,0.0
33,robust,18,13,23,Lower,0,Lower,0,0.2309652318102907,0,0.9992703547740248,0.8118723226045127,-0.1873980321695121,0.2309652318102907,0.5,True,0.0,value_weighted,False,4,0.0,0.0
33,robust,19,10,20,Higher,1,Higher,1,0.8975080984347129,1,0.2922576281489123,0.7379915376316379,0.4457339094827256,0.8975080984347129,0.5,True,0.0,value_weighted,False,4,0.0,0.0
33,robust,20,17,27,Higher,1,Lower,0,0.4478034766334444,0,0.9998890884570109,0.9989591400876252,-0.0009299483693855,0.4478034766334444,0.5,True,0.0,value_weighted,False,4,0.0,0.0
33,robust,21,22,32,Higher,1,Higher,1,0.9722767374596708,1,0.2922576281489123,0.9984617271420908,0.7062040989931785,0.9722767374596708,0.5,True,0.0,value_weighted,False,4,0.0,0.0
33,robust,22,0,10,Lower,0,Lower,0,0.3779044946231448,0,0.0552005377829342,3.71689371028894e-05,-0.0551633688458313,0.3779044946231448,0.5,True,0.0,value_weighted,False,4,0.0,0.0
33,robust,23,20,30,Lower,0,Higher,1,0.8499258932088619,1,0.6312953209571049,0.9952164522625904,0.3639211313054854,0.8499258932088619,0.5,True,0.0,value_weighted,False,4,0.0,0.0
33,robust,24,16,26,Lower,0,Higher,1,0.449028757987048,0,0.9999999999999858,0.999999999999996,1.021405182655144e-14,0.449028757987048,0.5,True,0.0,value_weighted,False,4,0.0,0.0
33,robust,25,21,31,Higher,1,Higher,1,0.5767298481857067,1,0.0032689895616386,0.0997504891196852,0.0964814995580466,0.5767298481857067,0.5,True,0.0,value_weighted,False,4,0.0,0.0
33,robust,26,26,36,Lower,0,Higher,1,0.4619803249239271,0,0.0061814608916111,0.0159848483422025,0.0098033874505914,0.4619803249239271,0.5,True,0.0,value_weighted,False,4,0.0,0.0
33,robust,27,1,11,Higher,1,Lower,0,0.3490291020577807,0,0.9997302587941232,0.92112836740231,-0.0786018913918132,0.3490291020577807,0.5,True,0.0,value_weighted,False,4,0.0,0.0
33,robust,28,14,24,Lower,0,Higher,1,0.4655763365823004,0,0.9842648816878036,0.9967827311269748,0.0125178494391714,0.4655763365823004,0.5,True,0.0,value_weighted,False,4,0.0,0.0
33,robust,29,8,18,Lower,0,Higher,1,0.521138784947291,1,0.0009110511944006,0.0552005377829343,0.0542894865885337,0.521138784947291,0.5,True,0.0,value_weighted,False,4,0.0,0.0
33,robust,30,12,22,Lower,0,Lower,0,0.3992133404664727,0,0.0406990535714664,0.0023759005664449,-0.0383231530050215,0.3992133404664727,0.5,True,0.0,value_weighted,False,4,0.0,0.0
33,robust,31,23,33,Higher,1,Higher,1,0.4560612605018713,0,0.0454930063058395,0.050821724454259,0.0053287181484195,0.4560612605018713,0.5,True,0.0,value_weighted,False,4,0.0,0.0
33,robust,32,18,28,Lower,0,Higher,1,0.4505041198345706,0,0.9985973663321714,0.9997164957785456,0.0011191294463742,0.4505041198345706,0.5,True,0.0,value_weighted,False,4,0.0,0.0
33,robust,33,15,25,Higher,1,Higher,1,0.4490287579870346,0,1.0,1.0,0.0,0.4490287579870346,0.5,True,0.0,value_weighted,False,4,0.0,0.0
33,robust,34,9,19,Higher,1,Higher,1,0.7677850417244572,1,0.0674417932102459,0.3303358029222249,0.2628940097119789,0.7677850417244572,0.5,True,0.0,value_weighted,False,4,0.0,0.0
33,robust,35,25,35,Lower,0,Lower,0,0.0755755812475065,0,0.6345994816941167,0.2029431687111415,-0.4316563129829751,0.0755755812475065,0.5,True,0.0,value_weighted,False,4,0.0,0.0
33,robust,36,7,17,Higher,1,Higher,1,0.4491912445321432,0,0.9998766054240136,0.9999998918774043,0.0001232864533906,0.4491912445321432,0.5,True,0.0,value_weighted,False,4,0.0,0.0
33,robust,37,2,12,Lower,0,Lower,0,0.438057185807923,0,0.99998599384954,0.9916408147864824,-0.0083451790630576,0.438057185807923,0.5,True,0.0,value_weighted,False,4,0.0,0.0
33,robust,38,11,21,Higher,1,Higher,1,0.4627138369374508,0,0.0570844784867348,0.0674417932102459,0.0103573147235111,0.4627138369374508,0.5,True,0.0,value_weighted,False,4,0.0,0.0
33,robust,39,28,38,Lower,0,Lower,0,0.0581712791448547,0,0.9942910792229764,0.5099986668799653,-0.4842924123430112,0.0581712791448547,0.5,True,0.0,value_weighted,False,4,0.0,0.0
33,robust,40,3,13,Higher,1,Higher,1,0.451067906141232,0,0.998406137771697,0.9999527494966712,0.0015466117249741,0.451067906141232,0.5,True,0.0,value_weighted,False,4,0.0,0.0
33,robust,41,6,16,Lower,0,Lower,0,0.4122658789829276,0,0.0298866798036362,0.0017263811657371,-0.028160298637899,0.4122658789829276,0.5,True,0.0,value_weighted,False,4,0.0,0.0
33,robust,42,5,15,Higher,1,Higher,1,0.4513361495908964,0,0.9978063666432913,0.9995563363209258,0.0017499696776345,0.4513361495908964,0.5,True,0.0,value_weighted,False,4,0.0,0.0
2,robust,14,22,32,Higher,1,Higher,1,0.9932023969557454,1,0.2605136328381056,0.2943846514344099,0.0338710185963043,0.9932023969557454,0.5,True,0.0,value_weighted,True,4,0.0,0.0
2,robust,15,27,37,Higher,1,Higher,1,0.992778883430988,1,0.255198050449291,0.2886477223233636,0.0334496718740725,0.992778883430988,0.5,True,0.0,value_weighted,True,4,0.0,0.0
2,robust,16,17,27,Lower,0,Lower,0,0.186223114994719,0,0.3070971850116717,0.2962548803816031,-0.0108423046300686,0.186223114994719,0.5,True,0.0,value_weighted,True,4,0.0,0.0
2,robust,17,16,26,Higher,1,Higher,1,0.7565243795728105,1,0.427898019755913,0.4351128381092036,0.0072148183532906,0.7565243795728105,0.5,True,0.0,value_weighted,True,4,0.0,0.0
2,robust,18,15,25,Higher,1,Higher,1,0.5636302131526693,1,0.5345151967444307,0.5356533554923886,0.0011381587479578,0.5636302131526693,0.5,True,0.0,value_weighted,True,4,0.0,0.0
2,robust,19,4,14,Higher,1,Higher,1,0.9168004061826416,1,0.3112852152794094,0.3272634626644731,0.0159782473850637,0.9168004061826416,0.5,True,0.0,value_weighted,True,4,0.0,0.0
2,robust,20,12,22,Lower,0,Lower,0,0.1579112015618205,0,0.2505674385663206,0.238346776794092,-0.0122206617722285,0.1579112015618205,0.5,True,0.0,value_weighted,True,4,0.0,0.0
2,robust,21,28,38,Lower,0,Lower,0,0.0353712612386155,0,0.2881447228089248,0.264626560722748,-0.0235181620861767,0.0353712612386155,0.5,True,0.0,value_weighted,True,4,0.0,0.0
2,robust,22,0,10,Lower,0,Lower,0,0.0131587816048888,0,0.2519507296511078,0.2214299051998987,-0.0305208244512091,0.0131587816048888,0.5,True,0.0,value_weighted,True,4,0.0,0.0
2,robust,23,1,11,Lower,0,Lower,0,0.0211178829269583,0,0.3027682212346276,0.2755780234404924,-0.0271901977941351,0.0211178829269583,0.5,True,0.0,value_weighted,True,4,0.0,0.0
2,robust,24,5,15,Higher,1,Higher,1,0.76839774197519,1,0.2926904290746007,0.3003591439823849,0.0076687149077842,0.76839774197519,0.5,True,0.0,value_weighted,True,4,0.0,0.0
2,robust,25,18,28,Higher,1,Higher,1,0.7692199511231277,1,0.2948260843108302,0.3025268218987275,0.0077007375878972,0.7692199511231277,0.5,True,0.0,value_weighted,True,4,0.0,0.0
2,robust,26,13,23,Lower,0,Lower,0,0.0219204651846646,0,0.2979610436746886,0.2710347374392522,-0.0269263062354363,0.0219204651846646,0.5,True,0.0,value_weighted,True,4,0.0,0.0
2,robust,27,14,24,Higher,1,Higher,1,0.764669929121565,1,0.2833425917767121,0.290867104881347,0.0075245131046348,0.764669929121565,0.5,True,0.0,value_weighted,True,4,0.0,0.0
2,robust,28,24,34,Higher,1,Higher,1,0.9470380039571932,1,0.2410267109112175,0.2603562728841298,0.0193295619729122,0.9470380039571932,0.5,True,0.0,value_weighted,True,4,0.0,0.0
2,robust,29,10,20,Higher,1,Higher,1,0.7911955725633679,1,0.2605136328381056,0.2691020823539835,0.0085884495158779,0.7911955725633679,0.5,True,0.0,value_weighted,True,4,0.0,0.0
2,robust,30,11,21,Higher,1,Higher,1,0.5505440022413637,1,0.2521047408858858,0.2528757327293304,0.0007709918434446,0.5505440022413637,0.5,True,0.0,value_weighted,True,4,0.0,0.0
2,robust,31,25,35,Higher,1,Lower,0,0.2418321295965584,0,0.2669222954090597,0.2583788212270729,-0.0085434741819868,0.2418321295965584,0.5,True,0.0,value_weighted,True,4,0.0,0.0
2,robust,32,21,31,Higher,1,Higher,1,0.9059629194002812,1,0.2396841790507921,0.2547324672759257,0.0150482882251336,0.9059629194002812,0.5,True,0.0,value_weighted,True,4,0.0,0.0
2,robust,33,9,19,Lower,0,Higher,1,0.7872831324489941,1,0.2528757327293304,0.2613013561256062,0.0084256233962757,0.7872831324489941,0.5,True,0.0,value_weighted,True,4,0.0,0.0
2,robust,34,26,36,Higher,1,Higher,1,0.6637284195820621,1,0.2423743654428144,0.2464479907627976,0.0040736253199832,0.6637284195820621,0.5,True,0.0,value_weighted,True,4,0.0,0.0
2,robust,35,2,12,Lower,0,Lower,0,0.0123448460656085,0,0.3173067922347442,0.2863382524885963,-0.0309685397461479,0.0123448460656085,0.5,True,0.0,value_weighted,True,4,0.0,0.0
2,robust,36,23,33,Higher,1,Higher,1,0.5409506094617501,1,0.2510698679984257,0.2515729666981819,0.0005030986997561,0.5409506094617501,0.5,True,0.0,value_weighted,True,4,0.0,0.0
2,robust,37,19,29,Higher,1,Higher,1,0.7105549522971193,1,0.2519507296511078,0.2575343439392736,0.0055836142881658,0.7105549522971193,0.5,True,0.0,value_weighted,True,4,0.0,0.0
2,robust,38,3,13,Higher,1,Higher,1,0.928068588504192,1,0.2942149721629887,0.3112852152794094,0.0170702431164206,0.928068588504192,0.5,True,0.0,value_weighted,True,4,0.0,0.0
2,robust,39,7,17,Higher,1,Higher,1,0.9945579705096744,1,0.3065758912899319,0.3419960460287276,0.0354201547387956,0.9945579705096744,0.5,True,0.0,value_weighted,True,4,0.0,0.0
2,robust,40,6,16,Higher,1,Lower,0,0.1587960616739122,0,0.2491892122554601,0.2370145107445246,-0.0121747015109355,0.1587960616739122,0.5,True,0.0,value_weighted,True,4,0.0,0.0
2,robust,41,20,30,Higher,1,Higher,1,0.9640002971175152,1,0.2668583542722532,0.2889833450417404,0.0221249907694872,0.9640002971175152,0.5,True,0.0,value_weighted,True,4,0.0,0.0
2,robust,42,8,18,Higher,1,Higher,1,0.9328802285220148,1,0.2343654120461276,0.2519507296511078,0.0175853176049801,0.9328802285220148,0.5,True,0.0,value_weighted,True,4,0.0,0.0
12,robust,10,1,11,Lower,0,Lower,0,4.926959189147872e-12,0,0.3657885928220382,0.3356634753839551,-0.030125117438083,4.926959189147872e-12,0.5,True,0.0,value_weighted,True,12,0.0,0.0
12,robust,11,13,23,Lower,0,Lower,0,4.95886951119709e-12,0,0.3655990815061064,0.3354813156137169,-0.0301177658923895,4.95886951119709e-12,0.5,True,0.0,value_weighted,True,12,0.0,0.0
12,robust,12,9,19,Higher,1,Higher,1,0.9997812315184657,1,0.287450528252847,0.2965708686655499,0.0091203404127028,0.9997812315184657,0.5,True,0.0,value_weighted,True,12,0.0,0.0
12,robust,13,27,37,Higher,1,Higher,1,0.999999999999994,1,0.3025644354051501,0.339393485159,0.0368290497538499,0.999999999999994,0.5,True,0.0,value_weighted,True,12,0.0,0.0
12,robust,14,22,32,Higher,1,Higher,1,0.9999999999999952,1,0.3064653773168775,0.3435353725750214,0.0370699952581438,0.9999999999999952,0.5,True,0.0,value_weighted,True,12,0.0,0.0
12,robust,15,0,10,Lower,0,Lower,0,2.5449068924943743e-14,0,0.3277214804541071,0.2915999262852696,-0.0361215541688374,2.5449068924943743e-14,0.5,True,0.0,value_weighted,True,12,0.0,0.0
12,robust,16,20,30,Higher,1,Higher,1,0.9999999994786756,1,0.3048890382053352,0.3287532198869836,0.0238641816816483,0.9999999994786756,0.5,True,0.0,value_weighted,True,12,0.0,0.0
12,robust,17,25,35,Lower,0,Lower,0,0.0002804797401043,0,0.3373051098050584,0.3275153317823866,-0.0097897780226717,0.0002804797401043,0.5,True,0.0,value_weighted,True,12,0.0,0.0
12,robust,18,19,29,Higher,1,Higher,1,0.9971867948587978,1,0.2996884364417178,0.3058973711820945,0.0062089347403767,0.9971867948587978,0.5,True,0.0,value_weighted,True,12,0.0,0.0
12,robust,19,7,17,Higher,1,Higher,1,0.9999999999999978,1,0.358606581370823,0.3965999292178669,0.0379933478470439,0.9999999999999978,0.5,True,0.0,value_weighted,True,12,0.0,0.0
12,robust,20,11,21,Higher,1,Higher,1,0.7644260493136292,1,0.3034899325508172,0.3043541209533118,0.0008641884024946,0.7644260493136292,0.5,True,0.0,value_weighted,True,12,0.0,0.0
12,robust,21,14,24,Higher,1,Higher,1,0.9992268274822236,1,0.2935768726854018,0.3012589208382322,0.0076820481528304,0.9992268274822236,0.5,True,0.0,value_weighted,True,12,0.0,0.0
12,robust,22,15,25,Higher,1,Higher,1,0.7940577767723956,1,0.6343322082473615,0.6353927859506691,0.0010605777033075,0.7940577767723956,0.5,True,0.0,value_weighted,True,12,0.0,0.0
12,robust,23,6,16,Lower,0,Lower,0,5.6401467265646016e-06,0,0.320547244281095,0.3063085155010214,-0.0142387287800735,5.6401467265646016e-06,0.5,True,0.0,value_weighted,True,12,0.0,0.0
12,robust,24,24,34,Higher,1,Higher,1,0.9999999935675944,1,0.2752489791981018,0.2962517834223749,0.021002804224273,0.9999999935675944,0.5,True,0.0,value_weighted,True,12,0.0,0.0
12,robust,25,28,38,Lower,0,Lower,0,1.0717608489556001e-10,0,0.3594817095417902,0.3328636640422354,-0.0266180454995548,1.0717608489556001e-10,0.5,True,0.0,value_weighted,True,12,0.0,0.0
12,robust,26,23,33,Higher,1,Higher,1,0.7152049682911689,1,0.3101081400865047,0.3106804653108804,0.0005723252243756,0.7152049682911689,0.5,True,0.0,value_weighted,True,12,0.0,0.0
12,robust,27,3,13,Higher,1,Higher,1,0.9999998586242168,1,0.3074291742089282,0.3249131524028006,0.0174839781938724,0.9999998586242168,0.5,True,0.0,value_weighted,True,12,0.0,0.0
12,robust,28,21,31,Higher,1,Higher,1,0.9999997384146988,1,0.2855618008623634,0.3023450606183001,0.0167832597559366,0.9999997384146988,0.5,True,0.0,value_weighted,True,12,0.0,0.0
12,robust,29,2,12,Lower,0,Lower,0,6.552325465774505e-13,0,0.3447692074237055,0.3123466730862048,-0.0324225343375007,6.552325465774505e-13,0.5,True,0.0,value_weighted,True,12,0.0,0.0
12,robust,30,26,36,Higher,1,Higher,1,0.9874998275638276,1,0.2832249695389802,0.2877244332126054,0.0044994636736252,0.9874998275638276,0.5,True,0.0,value_weighted,True,12,0.0,0.0
12,robust,31,16,26,Higher,1,Higher,1,0.998967837393494,1,0.4949982842395784,0.5023510412406552,0.0073527570010767,0.998967837393494,0.5,True,0.0,value_weighted,True,12,0.0,0.0
12,robust,32,12,22,Lower,0,Lower,0,5.553108923913589e-06,0,0.3212746083016506,0.3070181693925434,-0.0142564389091072,5.553108923913589e-06,0.5,True,0.0,value_weighted,True,12,0.0,0.0
12,robust,33,8,18,Higher,1,Higher,1,0.9999999908147296,1,0.3040554266488737,0.3246525476000466,0.0205971209511728,0.9999999908147296,0.5,True,0.0,value_weighted,True,12,0.0,0.0
12,robust,34,18,28,Higher,1,Higher,1,0.9996489027153134,1,0.3669644887754135,0.3755459926994859,0.0085815039240724,0.9996489027153134,0.5,True,0.0,value_weighted,True,12,0.0,0.0
12,robust,35,5,15,Higher,1,Higher,1,0.9992177285939609,1,0.2926904290746007,0.3003591439823849,0.0076687149077841,0.9992177285939609,0.5,True,0.0,value_weighted,True,12,0.0,0.0
12,robust,36,4,14,Higher,1,Higher,1,0.9999998279022588,1,0.3679519474070957,0.3852120001690697,0.0172600527619739,0.9999998279022588,0.5,True,0.0,value_weighted,True,12,0.0,0.0
12,robust,37,17,27,Lower,0,Lower,0,5.0815193545304546e-05,0,0.3576027120152052,0.3458673358892764,-0.0117353761259287,5.0815193545304546e-05,0.5,True,0.0,value_weighted,True,12,0.0,0.0
12,robust,38,10,20,Higher,1,Higher,1,0.999736861873344,1,0.2763942721444232,0.2853042743369472,0.008910002192524,0.999736861873344,0.5,True,0.0,value_weighted,True,12,0.0,0.0
45,robust,10,13,23,Lower,0,Lower,0,0.0212169563063077,0,0.7582252240980228,0.7331416457277468,-0.025083578370276,0.0212169563063077,0.5,True,0.0,value_weighted,True,4,0.0,0.0
45,robust,11,19,29,Higher,1,Higher,1,0.6729466833303556,1,0.7133611403804387,0.7193372377258703,0.0059760973454315,0.6729466833303556,0.5,True,0.0,value_weighted,True,4,0.0,0.0
45,robust,12,18,28,Higher,1,Higher,1,0.6967278015261668,1,0.7554587504050398,0.7621867463293656,0.0067279959243257,0.6967278015261668,0.5,True,0.0,value_weighted,True,4,0.0,0.0
45,robust,13,1,11,Lower,0,Lower,0,0.0220952327840126,0,0.7623940055201776,0.7375932484422353,-0.0248007570779422,0.0220952327840126,0.5,True,0.0,value_weighted,True,4,0.0,0.0
45,robust,14,11,21,Higher,1,Higher,1,0.4919504095011501,0,0.7135281676478208,0.7143624294910559,0.000834261843235,0.4919504095011501,0.5,True,0.0,value_weighted,True,4,0.0,0.0
45,robust,15,22,32,Higher,1,Higher,1,0.9902932544780332,1,0.7224604728492756,0.7550661141671116,0.0326056413178359,0.9902932544780332,0.5,True,0.0,value_weighted,True,4,0.0,0.0
45,robust,16,3,13,Higher,1,Higher,1,0.880136757971336,1,0.7549149868676283,0.7695695680751687,0.0146545812075404,0.880136757971336,0.5,True,0.0,value_weighted,True,4,0.0,0.0
45,robust,17,9,19,Higher,1,Higher,1,0.7599782759977031,1,0.7143624294910559,0.7232788103153974,0.0089163808243415,0.7599782759977031,0.5,True,0.0,value_weighted,True,4,0.0,0.0
45,robust,18,12,22,Lower,0,Lower,0,0.1023067090630124,0,0.7118552771910751,0.6980934184279854,-0.0137618587630896,0.1023067090630124,0.5,True,0.0,value_weighted,True,4,0.0,0.0
45,robust,19,14,24,Lower,0,Higher,1,0.7026867537191764,1,0.7449882499267679,0.7519097159035032,0.0069214659767352,0.7026867537191764,0.5,True,0.0,value_weighted,True,4,0.0,0.0
45,robust,20,4,14,Lower,0,Higher,1,0.8479921330418603,1,0.7695695680751687,0.7823496291257765,0.0127800610506078,0.8479921330418603,0.5,True,0.0,value_weighted,True,4,0.0,0.0
45,robust,21,2,12,Lower,0,Lower,0,0.0167795705544266,0,0.7744870806332701,0.7477720052004826,-0.0267150754327875,0.0167795705544266,0.5,True,0.0,value_weighted,True,4,0.0,0.0
45,robust,22,7,17,Higher,1,Higher,1,0.9804825651908876,1,0.7656345879538723,0.7934074226769622,0.0277728347230898,0.9804825651908876,0.5,True,0.0,value_weighted,True,4,0.0,0.0
45,robust,23,28,38,Lower,0,Lower,0,0.0296859900911886,0,0.7494325614336793,0.7266995097940859,-0.0227330516395933,0.0296859900911886,0.5,True,0.0,value_weighted,True,4,0.0,0.0
45,robust,24,17,27,Lower,0,Lower,0,0.1787147585453038,0,0.7660741012528396,0.7567243558476305,-0.009349745405209,0.1787147585453038,0.5,True,0.0,value_weighted,True,4,0.0,0.0
45,robust,25,0,10,Lower,0,Lower,0,0.0044940924611616,0,0.7133611403804387,0.6775744237140616,-0.0357867166663771,0.0044940924611616,0.5,True,0.0,value_weighted,True,4,0.0,0.0
45,robust,26,15,25,Higher,1,Higher,1,0.4771771480977491,0,0.8945685646507164,0.8949992958363845,0.000430731185668,0.4771771480977491,0.5,True,0.0,value_weighted,True,4,0.0,0.0
45,robust,27,25,35,Lower,0,Lower,0,0.1907883784105918,0,0.7290298246928709,0.7202270715874917,-0.0088027531053792,0.1907883784105918,0.5,True,0.0,value_weighted,True,4,0.0,0.0
45,robust,28,23,33,Higher,1,Higher,1,0.4814494257319317,0,0.7124034084608388,0.7129509174910421,0.0005475090302032,0.4814494257319317,0.5,True,0.0,value_weighted,True,4,0.0,0.0
45,robust,29,5,15,Higher,1,Higher,1,0.6978360231652858,1,0.7535520092372023,0.7603158209492079,0.0067638117120055,0.6978360231652858,0.5,True,0.0,value_weighted,True,4,0.0,0.0
45,robust,30,20,30,Higher,1,Higher,1,0.9506471829251676,1,0.7289652625607478,0.7501988686006548,0.0212336060399069,0.9506471829251676,0.5,True,0.0,value_weighted,True,4,0.0,0.0
45,robust,31,8,18,Higher,1,Higher,1,0.9409265065070264,1,0.693424108710068,0.7133611403804387,0.0199370316703707,0.9409265065070264,0.5,True,0.0,value_weighted,True,4,0.0,0.0
45,robust,32,16,26,Higher,1,Higher,1,0.5984963320917269,1,0.8467801958347317,0.850557383604806,0.0037771877700742,0.5984963320917269,0.5,True,0.0,value_weighted,True,4,0.0,0.0
45,robust,33,6,16,Lower,0,Lower,0,0.1017508235444662,0,0.7103447151581646,0.6965414663830504,-0.0138032487751141,0.1017508235444662,0.5,True,0.0,value_weighted,True,4,0.0,0.0
45,robust,34,24,34,Higher,1,Higher,1,0.9498101505052188,1,0.7011837571727396,0.7222966266269123,0.0211128694541726,0.9498101505052188,0.5,True,0.0,value_weighted,True,4,0.0,0.0
45,robust,35,26,36,Higher,1,Higher,1,0.6266761128554138,1,0.7027221002873785,0.7073095709253993,0.0045874706380207,0.6266761128554138,0.5,True,0.0,value_weighted,True,4,0.0,0.0
45,robust,36,10,20,Lower,0,Higher,1,0.755736794436833,1,0.7224604728492756,0.731219178968421,0.0087587061191454,0.755736794436833,0.5,True,0.0,value_weighted,True,4,0.0,0.0
45,robust,37,27,37,Higher,1,Higher,1,0.9908814098182204,1,0.7168564439376397,0.7498925334222989,0.0330360894846591,0.9908814098182204,0.5,True,0.0,value_weighted,True,4,0.0,0.0
45,robust,38,21,31,Higher,1,Higher,1,0.9085601678953384,1,0.6996408560176152,0.7163586960923302,0.0167178400747149,0.9085601678953384,0.5,True,0.0,value_weighted,True,4,0.0,0.0
3,robust,14,23,33,Higher,1,Higher,1,0.4870093258987739,0,0.964479226108588,0.964479226108588,0.0,0.4870093258987739,0.5,True,0.0,attribution,True,12,0.0,0.0
3,robust,15,6,16,Lower,0,Lower,0,0.0462829321272319,0,0.9654731947719832,0.9631979672370578,-0.0022752275349253,0.0462829321272319,0.5,True,0.0,attribution,True,12,0.0,0.0
3,robust,16,26,36,Higher,1,Higher,1,0.755853005209493,1,0.9567103968263082,0.9576148281723594,0.0009044313460512,0.755853005209493,0.5,True,0.0,attribution,True,12,0.0,0.0
3,robust,17,16,26,Higher,1,Higher,1,0.784522381924336,1,0.9631979672370578,0.9642264592070672,0.0010284919700094,0.784522381924336,0.5,True,0.0,attribution,True,12,0.0,0.0
3,robust,18,1,11,Lower,0,Lower,0,0.0144923294764945,0,0.9768569806236116,0.9736682221357302,-0.0031887584878812,0.0144923294764945,0.5,True,0.0,attribution,True,12,0.0,0.0
3,robust,19,11,21,Higher,1,Higher,1,0.4870093258987739,0,0.9629364332303358,0.9629364332303358,0.0,0.4870093258987739,0.5,True,0.0,attribution,True,12,0.0,0.0
3,robust,20,15,25,Higher,1,Higher,1,0.4870093258987739,0,0.9795206660652578,0.9795206660652578,0.0,0.4870093258987739,0.5,True,0.0,attribution,True,12,0.0,0.0
3,robust,21,7,17,Higher,1,Higher,1,0.9886918241108646,1,0.9763530067171978,0.9798135941062556,0.0034605873890577,0.9886918241108646,0.5,True,0.0,attribution,True,12,0.0,0.0
3,robust,22,10,20,Higher,1,Higher,1,0.8929222056547441,1,0.9599391592057576,0.9616017402989966,0.0016625810932391,0.8929222056547441,0.5,True,0.0,attribution,True,12,0.0,0.0
3,robust,23,18,28,Higher,1,Higher,1,0.7311744079450831,1,0.9771871215857452,0.9779924774031998,0.0008053558174546,0.7311744079450831,0.5,True,0.0,attribution,True,12,0.0,0.0
3,robust,24,8,18,Higher,1,Higher,1,0.985851950416927,1,0.9626731126558704,0.9659600694948948,0.0032869568390242,0.985851950416927,0.5,True,0.0,attribution,True,12,0.0,0.0
3,robust,25,17,27,Lower,0,Lower,0,0.1178364801526385,0,0.9706877692486436,0.9691872542838534,-0.0015005149647902,0.1178364801526385,0.5,True,0.0,attribution,True,12,0.0,0.0
3,robust,26,24,34,Higher,1,Higher,1,0.9960177126853365,1,0.9545278880822244,0.9587926747064864,0.0042647866242618,0.9960177126853365,0.5,True,0.0,attribution,True,12,0.0,0.0
3,robust,27,20,30,Higher,1,Higher,1,0.9910404214476012,1,0.9639719607987988,0.9676124897273416,0.0036405289285426,0.9910404214476012,0.5,True,0.0,attribution,True,12,0.0,0.0
3,robust,28,22,32,Higher,1,Higher,1,0.9991334947673493,1,0.9639719607987988,0.9694060816025556,0.0054341208037567,0.9991334947673493,0.5,True,0.0,attribution,True,12,0.0,0.0
3,robust,29,0,10,Lower,0,Lower,0,0.0006739008461918,0,0.9687450446127162,0.9631979672370578,-0.0055470773756584,0.0006739008461918,0.5,True,0.0,attribution,True,12,0.0,0.0
3,robust,30,2,12,Lower,0,Lower,0,0.0011909421053889,0,0.9664403172715436,0.9613293181153066,-0.0051109991562369,0.0011909421053889,0.5,True,0.0,attribution,True,12,0.0,0.0
3,robust,31,5,15,Higher,1,Higher,1,0.8522843053973989,1,0.9602209693647566,0.9616017402989966,0.0013807709342399,0.8522843053973989,0.5,True,0.0,attribution,True,12,0.0,0.0
3,robust,32,14,24,Lower,0,Higher,1,0.8807018181798402,1,0.9545278880822244,0.9560972365515438,0.0015693484693193,0.8807018181798402,0.5,True,0.0,attribution,True,12,0.0,0.0
3,robust,33,13,23,Lower,0,Lower,0,0.0157813949269007,0,0.9773504628105788,0.9742279048402962,-0.0031225579702824,0.0157813949269007,0.5,True,0.0,attribution,True,12,0.0,0.0
3,robust,34,3,13,Higher,1,Higher,1,0.9766711196230506,1,0.9613293181153066,0.9642264592070672,0.0028971410917606,0.9766711196230506,0.5,True,0.0,attribution,True,12,0.0,0.0
3,robust,35,4,14,Lower,0,Higher,1,0.8943817642352992,1,0.9758383294755918,0.977512661418576,0.0016743319429841,0.8943817642352992,0.5,True,0.0,attribution,True,12,0.0,0.0
3,robust,36,12,22,Lower,0,Lower,0,0.0567961905638206,0,0.968070195164992,0.9659600694948948,-0.0021101256700971,0.0567961905638206,0.5,True,0.0,attribution,True,12,0.0,0.0
3,robust,37,21,31,Higher,1,Higher,1,0.9735992201339544,1,0.9626731126558704,0.9654731947719832,0.0028000821161127,0.9735992201339544,0.5,True,0.0,attribution,True,12,0.0,0.0
3,robust,38,9,19,Higher,1,Higher,1,0.8984911517270872,1,0.9587926747064864,0.9605008786861158,0.0017082039796294,0.8984911517270872,0.5,True,0.0,attribution,True,12,0.0,0.0
3,robust,39,25,35,Lower,0,Lower,0,0.1509611875770664,0,0.9706877692486436,0.9694060816025556,-0.001281687646088,0.1509611875770664,0.5,True,0.0,attribution,True,12,0.0,0.0
3,robust,40,28,38,Lower,0,Lower,0,0.0206146225026453,0,0.976011091032742,0.9730967206604167,-0.002914370372325,0.0206146225026453,0.5,True,0.0,attribution,True,12,0.0,0.0
3,robust,41,19,29,Higher,1,Higher,1,0.7798814811417983,1,0.9639719607987988,0.9649796087258083,0.0010076479270094,0.7798814811417983,0.5,True,0.0,attribution,True,12,0.0,0.0
3,robust,42,27,37,Higher,1,Higher,1,0.9987906660558176,1,0.9657174657549116,0.9708962601457966,0.0051787943908849,0.9987906660558176,0.5,True,0.0,attribution,True,12,0.0,0.0
9,robust,10,25,35,Lower,0,Lower,0,0.0002804797401043,0,0.3373051098050584,0.3275153317823866,-0.0097897780226717,0.0002804797401043,0.5,True,0.0,value_weighted,True,12,0.0,0.0
9,robust,11,5,15,Higher,1,Higher,1,0.9992177285939609,1,0.2926904290746007,0.3003591439823849,0.0076687149077841,0.9992177285939609,0.5,True,0.0,value_weighted,True,12,0.0,0.0
9,robust,12,26,36,Higher,1,Higher,1,0.9874998275638276,1,0.2832249695389802,0.2877244332126054,0.0044994636736252,0.9874998275638276,0.5,True,0.0,value_weighted,True,12,0.0,0.0
9,robust,13,11,21,Higher,1,Higher,1,0.7644260493136292,1,0.3034899325508172,0.3043541209533118,0.0008641884024946,0.7644260493136292,0.5,True,0.0,value_weighted,True,12,0.0,0.0
9,robust,14,18,28,Higher,1,Higher,1,0.9996489027153134,1,0.3669644887754135,0.3755459926994859,0.0085815039240724,0.9996489027153134,0.5,True,0.0,value_weighted,True,12,0.0,0.0
9,robust,15,20,30,Higher,1,Higher,1,0.9999999994786756,1,0.3048890382053352,0.3287532198869836,0.0238641816816483,0.9999999994786756,0.5,True,0.0,value_weighted,True,12,0.0,0.0
9,robust,16,4,14,Higher,1,Higher,1,0.9999998279022588,1,0.3679519474070957,0.3852120001690697,0.0172600527619739,0.9999998279022588,0.5,True,0.0,value_weighted,True,12,0.0,0.0
9,robust,17,14,24,Higher,1,Higher,1,0.9992268274822236,1,0.2935768726854018,0.3012589208382322,0.0076820481528304,0.9992268274822236,0.5,True,0.0,value_weighted,True,12,0.0,0.0
9,robust,18,2,12,Lower,0,Lower,0,6.552325465774505e-13,0,0.3447692074237055,0.3123466730862048,-0.0324225343375007,6.552325465774505e-13,0.5,True,0.0,value_weighted,True,12,0.0,0.0
9,robust,19,15,25,Higher,1,Higher,1,0.7940577767723956,1,0.6343322082473615,0.6353927859506691,0.0010605777033075,0.7940577767723956,0.5,True,0.0,value_weighted,True,12,0.0,0.0
9,robust,20,19,29,Higher,1,Higher,1,0.9971867948587978,1,0.2996884364417178,0.3058973711820945,0.0062089347403767,0.9971867948587978,0.5,True,0.0,value_weighted,True,12,0.0,0.0
9,robust,21,1,11,Lower,0,Lower,0,4.926959189147872e-12,0,0.3657885928220382,0.3356634753839551,-0.030125117438083,4.926959189147872e-12,0.5,True,0.0,value_weighted,True,12,0.0,0.0
9,robust,22,23,33,Higher,1,Higher,1,0.7152049682911689,1,0.3101081400865047,0.3106804653108804,0.0005723252243756,0.7152049682911689,0.5,True,0.0,value_weighted,True,12,0.0,0.0
9,robust,23,24,34,Higher,1,Higher,1,0.9999999935675944,1,0.2752489791981018,0.2962517834223749,0.021002804224273,0.9999999935675944,0.5,True,0.0,value_weighted,True,12,0.0,0.0
9,robust,24,6,16,Lower,0,Lower,0,5.6401467265646016e-06,0,0.320547244281095,0.3063085155010214,-0.0142387287800735,5.6401467265646016e-06,0.5,True,0.0,value_weighted,True,12,0.0,0.0
9,robust,25,16,26,Higher,1,Higher,1,0.998967837393494,1,0.4949982842395784,0.5023510412406552,0.0073527570010767,0.998967837393494,0.5,True,0.0,value_weighted,True,12,0.0,0.0
9,robust,26,7,17,Higher,1,Higher,1,0.9999999999999978,1,0.358606581370823,0.3965999292178669,0.0379933478470439,0.9999999999999978,0.5,True,0.0,value_weighted,True,12,0.0,0.0
9,robust,27,28,38,Lower,0,Lower,0,1.0717608489556001e-10,0,0.3594817095417902,0.3328636640422354,-0.0266180454995548,1.0717608489556001e-10,0.5,True,0.0,value_weighted,True,12,0.0,0.0
9,robust,28,0,10,Lower,0,Lower,0,2.5449068924943743e-14,0,0.3277214804541071,0.2915999262852696,-0.0361215541688374,2.5449068924943743e-14,0.5,True,0.0,value_weighted,True,12,0.0,0.0
9,robust,29,13,23,Lower,0,Lower,0,4.95886951119709e-12,0,0.3655990815061064,0.3354813156137169,-0.0301177658923895,4.95886951119709e-12,0.5,True,0.0,value_weighted,True,12,0.0,0.0
9,robust,30,21,31,Higher,1,Higher,1,0.9999997384146988,1,0.2855618008623634,0.3023450606183001,0.0167832597559366,0.9999997384146988,0.5,True,0.0,value_weighted,True,12,0.0,0.0
9,robust,31,17,27,Lower,0,Lower,0,5.0815193545304546e-05,0,0.3576027120152052,0.3458673358892764,-0.0117353761259287,5.0815193545304546e-05,0.5,True,0.0,value_weighted,True,12,0.0,0.0
9,robust,32,9,19,Higher,1,Higher,1,0.9997812315184657,1,0.287450528252847,0.2965708686655499,0.0091203404127028,0.9997812315184657,0.5,True,0.0,value_weighted,True,12,0.0,0.0
9,robust,33,12,22,Lower,0,Lower,0,5.553108923913589e-06,0,0.3212746083016506,0.3070181693925434,-0.0142564389091072,5.553108923913589e-06,0.5,True,0.0,value_weighted,True,12,0.0,0.0
9,robust,34,3,13,Higher,1,Higher,1,0.9999998586242168,1,0.3074291742089282,0.3249131524028006,0.0174839781938724,0.9999998586242168,0.5,True,0.0,value_weighted,True,12,0.0,0.0
9,robust,35,22,32,Higher,1,Higher,1,0.9999999999999952,1,0.3064653773168775,0.3435353725750214,0.0370699952581438,0.9999999999999952,0.5,True,0.0,value_weighted,True,12,0.0,0.0
9,robust,36,8,18,Higher,1,Higher,1,0.9999999908147296,1,0.3040554266488737,0.3246525476000466,0.0205971209511728,0.9999999908147296,0.5,True,0.0,value_weighted,True,12,0.0,0.0
9,robust,37,27,37,Higher,1,Higher,1,0.999999999999994,1,0.3025644354051501,0.339393485159,0.0368290497538499,0.999999999999994,0.5,True,0.0,value_weighted,True,12,0.0,0.0
9,robust,38,10,20,Higher,1,Higher,1,0.999736861873344,1,0.2763942721444232,0.2853042743369472,0.008910002192524,0.999736861873344,0.5,True,0.0,value_weighted,True,12,0.0,0.0
10,robust,10,21,31,Higher,1,Higher,1,0.9999997384146988,1,0.2855618008623634,0.3023450606183001,0.0167832597559366,0.9999997384146988,0.5,True,0.0,value_weighted,True,12,0.0,0.0
10,robust,11,12,22,Lower,0,Lower,0,5.553108923913589e-06,0,0.3212746083016506,0.3070181693925434,-0.0142564389091072,5.553108923913589e-06,0.5,True,0.0,value_weighted,True,12,0.0,0.0
10,robust,12,25,35,Lower,0,Lower,0,0.0002804797401043,0,0.3373051098050584,0.3275153317823866,-0.0097897780226717,0.0002804797401043,0.5,True,0.0,value_weighted,True,12,0.0,0.0
10,robust,13,18,28,Higher,1,Higher,1,0.9996489027153134,1,0.3669644887754135,0.3755459926994859,0.0085815039240724,0.9996489027153134,0.5,True,0.0,value_weighted,True,12,0.0,0.0
10,robust,14,4,14,Higher,1,Higher,1,0.9999998279022588,1,0.3679519474070957,0.3852120001690697,0.0172600527619739,0.9999998279022588,0.5,True,0.0,value_weighted,True,12,0.0,0.0
10,robust,15,28,38,Lower,0,Lower,0,1.0717608489556001e-10,0,0.3594817095417902,0.3328636640422354,-0.0266180454995548,1.0717608489556001e-10,0.5,True,0.0,value_weighted,True,12,0.0,0.0
10,robust,16,3,13,Higher,1,Higher,1,0.9999998586242168,1,0.3074291742089282,0.3249131524028006,0.0174839781938724,0.9999998586242168,0.5,True,0.0,value_weighted,True,12,0.0,0.0
10,robust,17,7,17,Higher,1,Higher,1,0.9999999999999978,1,0.358606581370823,0.3965999292178669,0.0379933478470439,0.9999999999999978,0.5,True,0.0,value_weighted,True,12,0.0,0.0
10,robust,18,5,15,Higher,1,Higher,1,0.9992177285939609,1,0.2926904290746007,0.3003591439823849,0.0076687149077841,0.9992177285939609,0.5,True,0.0,value_weighted,True,12,0.0,0.0
10,robust,19,2,12,Lower,0,Lower,0,6.552325465774505e-13,0,0.3447692074237055,0.3123466730862048,-0.0324225343375007,6.552325465774505e-13,0.5,True,0.0,value_weighted,True,12,0.0,0.0
10,robust,20,13,23,Lower,0,Lower,0,4.95886951119709e-12,0,0.3655990815061064,0.3354813156137169,-0.0301177658923895,4.95886951119709e-12,0.5,True,0.0,value_weighted,True,12,0.0,0.0
10,robust,21,11,21,Higher,1,Higher,1,0.7644260493136292,1,0.3034899325508172,0.3043541209533118,0.0008641884024946,0.7644260493136292,0.5,True,0.0,value_weighted,True,12,0.0,0.0
10,robust,22,14,24,Higher,1,Higher,1,0.9992268274822236,1,0.2935768726854018,0.3012589208382322,0.0076820481528304,0.9992268274822236,0.5,True,0.0,value_weighted,True,12,0.0,0.0
10,robust,23,17,27,Lower,0,Lower,0,5.0815193545304546e-05,0,0.3576027120152052,0.3458673358892764,-0.0117353761259287,5.0815193545304546e-05,0.5,True,0.0,value_weighted,True,12,0.0,0.0
10,robust,24,26,36,Higher,1,Higher,1,0.9874998275638276,1,0.2832249695389802,0.2877244332126054,0.0044994636736252,0.9874998275638276,0.5,True,0.0,value_weighted,True,12,0.0,0.0
10,robust,25,16,26,Higher,1,Higher,1,0.998967837393494,1,0.4949982842395784,0.5023510412406552,0.0073527570010767,0.998967837393494,0.5,True,0.0,value_weighted,True,12,0.0,0.0
10,robust,26,27,37,Higher,1,Higher,1,0.999999999999994,1,0.3025644354051501,0.339393485159,0.0368290497538499,0.999999999999994,0.5,True,0.0,value_weighted,True,12,0.0,0.0
10,robust,27,19,29,Higher,1,Higher,1,0.9971867948587978,1,0.2996884364417178,0.3058973711820945,0.0062089347403767,0.9971867948587978,0.5,True,0.0,value_weighted,True,12,0.0,0.0
10,robust,28,10,20,Higher,1,Higher,1,0.999736861873344,1,0.2763942721444232,0.2853042743369472,0.008910002192524,0.999736861873344,0.5,True,0.0,value_weighted,True,12,0.0,0.0
10,robust,29,6,16,Lower,0,Lower,0,5.6401467265646016e-06,0,0.320547244281095,0.3063085155010214,-0.0142387287800735,5.6401467265646016e-06,0.5,True,0.0,value_weighted,True,12,0.0,0.0
10,robust,30,9,19,Higher,1,Higher,1,0.9997812315184657,1,0.287450528252847,0.2965708686655499,0.0091203404127028,0.9997812315184657,0.5,True,0.0,value_weighted,True,12,0.0,0.0
10,robust,31,0,10,Lower,0,Lower,0,2.5449068924943743e-14,0,0.3277214804541071,0.2915999262852696,-0.0361215541688374,2.5449068924943743e-14,0.5,True,0.0,value_weighted,True,12,0.0,0.0
10,robust,32,24,34,Higher,1,Higher,1,0.9999999935675944,1,0.2752489791981018,0.2962517834223749,0.021002804224273,0.9999999935675944,0.5,True,0.0,value_weighted,True,12,0.0,0.0
10,robust,33,15,25,Higher,1,Higher,1,0.7940577767723956,1,0.6343322082473615,0.6353927859506691,0.0010605777033075,0.7940577767723956,0.5,True,0.0,value_weighted,True,12,0.0,0.0
10,robust,34,20,30,Higher,1,Higher,1,0.9999999994786756,1,0.3048890382053352,0.3287532198869836,0.0238641816816483,0.9999999994786756,0.5,True,0.0,value_weighted,True,12,0.0,0.0
10,robust,35,1,11,Lower,0,Lower,0,4.926959189147872e-12,0,0.3657885928220382,0.3356634753839551,-0.030125117438083,4.926959189147872e-12,0.5,True,0.0,value_weighted,True,12,0.0,0.0
10,robust,36,23,33,Higher,1,Higher,1,0.7152049682911689,1,0.3101081400865047,0.3106804653108804,0.0005723252243756,0.7152049682911689,0.5,True,0.0,value_weighted,True,12,0.0,0.0
10,robust,37,8,18,Higher,1,Higher,1,0.9999999908147296,1,0.3040554266488737,0.3246525476000466,0.0205971209511728,0.9999999908147296,0.5,True,0.0,value_weighted,True,12,0.0,0.0
10,robust,38,22,32,Higher,1,Higher,1,0.9999999999999952,1,0.3064653773168775,0.3435353725750214,0.0370699952581438,0.9999999999999952,0.5,True,0.0,value_weighted,True,12,0.0,0.0
20,robust,14,23,33,Higher,1,Higher,1,0.7152049682911689,1,0.3101081400865047,0.3106804653108804,0.0005723252243756,0.7152049682911689,0.5,True,0.0,value_weighted,True,12,0.0,0.0
20,robust,15,4,14,Higher,1,Higher,1,0.9999998279022588,1,0.3679519474070957,0.3852120001690697,0.0172600527619739,0.9999998279022588,0.5,True,0.0,value_weighted,True,12,0.0,0.0
20,robust,16,13,23,Lower,0,Lower,0,4.95886951119709e-12,0,0.3655990815061064,0.3354813156137169,-0.0301177658923895,4.95886951119709e-12,0.5,True,0.0,value_weighted,True,12,0.0,0.0
20,robust,17,18,28,Higher,1,Higher,1,0.9996489027153134,1,0.3669644887754135,0.3755459926994859,0.0085815039240724,0.9996489027153134,0.5,True,0.0,value_weighted,True,12,0.0,0.0
20,robust,18,27,37,Higher,1,Higher,1,0.999999999999994,1,0.3025644354051501,0.339393485159,0.0368290497538499,0.999999999999994,0.5,True,0.0,value_weighted,True,12,0.0,0.0
20,robust,19,3,13,Higher,1,Higher,1,0.9999998586242168,1,0.3074291742089282,0.3249131524028006,0.0174839781938724,0.9999998586242168,0.5,True,0.0,value_weighted,True,12,0.0,0.0
20,robust,20,6,16,Lower,0,Lower,0,5.6401467265646016e-06,0,0.320547244281095,0.3063085155010214,-0.0142387287800735,5.6401467265646016e-06,0.5,True,0.0,value_weighted,True,12,0.0,0.0
20,robust,21,28,38,Lower,0,Lower,0,1.0717608489556001e-10,0,0.3594817095417902,0.3328636640422354,-0.0266180454995548,1.0717608489556001e-10,0.5,True,0.0,value_weighted,True,12,0.0,0.0
20,robust,22,14,24,Higher,1,Higher,1,0.9992268274822236,1,0.2935768726854018,0.3012589208382322,0.0076820481528304,0.9992268274822236,0.5,True,0.0,value_weighted,True,12,0.0,0.0
20,robust,23,0,10,Lower,0,Lower,0,2.5449068924943743e-14,0,0.3277214804541071,0.2915999262852696,-0.0361215541688374,2.5449068924943743e-14,0.5,True,0.0,value_weighted,True,12,0.0,0.0
20,robust,24,10,20,Higher,1,Higher,1,0.999736861873344,1,0.2763942721444232,0.2853042743369472,0.008910002192524,0.999736861873344,0.5,True,0.0,value_weighted,True,12,0.0,0.0
20,robust,25,20,30,Higher,1,Higher,1,0.9999999994786756,1,0.3048890382053352,0.3287532198869836,0.0238641816816483,0.9999999994786756,0.5,True,0.0,value_weighted,True,12,0.0,0.0
20,robust,26,12,22,Lower,0,Lower,0,5.553108923913589e-06,0,0.3212746083016506,0.3070181693925434,-0.0142564389091072,5.553108923913589e-06,0.5,True,0.0,value_weighted,True,12,0.0,0.0
20,robust,27,25,35,Lower,0,Lower,0,0.0002804797401043,0,0.3373051098050584,0.3275153317823866,-0.0097897780226717,0.0002804797401043,0.5,True,0.0,value_weighted,True,12,0.0,0.0
20,robust,28,11,21,Higher,1,Higher,1,0.7644260493136292,1,0.3034899325508172,0.3043541209533118,0.0008641884024946,0.7644260493136292,0.5,True,0.0,value_weighted,True,12,0.0,0.0
20,robust,29,1,11,Lower,0,Lower,0,4.926959189147872e-12,0,0.3657885928220382,0.3356634753839551,-0.030125117438083,4.926959189147872e-12,0.5,True,0.0,value_weighted,True,12,0.0,0.0
20,robust,30,19,29,Higher,1,Higher,1,0.9971867948587978,1,0.2996884364417178,0.3058973711820945,0.0062089347403767,0.9971867948587978,0.5,True,0.0,value_weighted,True,12,0.0,0.0
20,robust,31,7,17,Higher,1,Higher,1,0.9999999999999978,1,0.358606581370823,0.3965999292178669,0.0379933478470439,0.9999999999999978,0.5,True,0.0,value_weighted,True,12,0.0,0.0
20,robust,32,24,34,Higher,1,Higher,1,0.9999999935675944,1,0.2752489791981018,0.2962517834223749,0.021002804224273,0.9999999935675944,0.5,True,0.0,value_weighted,True,12,0.0,0.0
20,robust,33,9,19,Higher,1,Higher,1,0.9997812315184657,1,0.287450528252847,0.2965708686655499,0.0091203404127028,0.9997812315184657,0.5,True,0.0,value_weighted,True,12,0.0,0.0
20,robust,34,15,25,Higher,1,Higher,1,0.7940577767723956,1,0.6343322082473615,0.6353927859506691,0.0010605777033075,0.7940577767723956,0.5,True,0.0,value_weighted,True,12,0.0,0.0
20,robust,35,16,26,Higher,1,Higher,1,0.998967837393494,1,0.4949982842395784,0.5023510412406552,0.0073527570010767,0.998967837393494,0.5,True,0.0,value_weighted,True,12,0.0,0.0
20,robust,36,17,27,Lower,0,Lower,0,5.0815193545304546e-05,0,0.3576027120152052,0.3458673358892764,-0.0117353761259287,5.0815193545304546e-05,0.5,True,0.0,value_weighted,True,12,0.0,0.0
20,robust,37,2,12,Lower,0,Lower,0,6.552325465774505e-13,0,0.3447692074237055,0.3123466730862048,-0.0324225343375007,6.552325465774505e-13,0.5,True,0.0,value_weighted,True,12,0.0,0.0
20,robust,38,26,36,Higher,1,Higher,1,0.9874998275638276,1,0.2832249695389802,0.2877244332126054,0.0044994636736252,0.9874998275638276,0.5,True,0.0,value_weighted,True,12,0.0,0.0
20,robust,39,8,18,Higher,1,Higher,1,0.9999999908147296,1,0.3040554266488737,0.3246525476000466,0.0205971209511728,0.9999999908147296,0.5,True,0.0,value_weighted,True,12,0.0,0.0
20,robust,40,21,31,Higher,1,Higher,1,0.9999997384146988,1,0.2855618008623634,0.3023450606183001,0.0167832597559366,0.9999997384146988,0.5,True,0.0,value_weighted,True,12,0.0,0.0
20,robust,41,5,15,Higher,1,Higher,1,0.9992177285939609,1,0.2926904290746007,0.3003591439823849,0.0076687149077841,0.9992177285939609,0.5,True,0.0,value_weighted,True,12,0.0,0.0
20,robust,42,22,32,Higher,1,Higher,1,0.9999999999999952,1,0.3064653773168775,0.3435353725750214,0.0370699952581438,0.9999999999999952,0.5,True,0.0,value_weighted,True,12,0.0,0.0
16,robust,10,16,26,Higher,1,Higher,1,0.998967837393494,1,0.4949982842395784,0.5023510412406552,0.0073527570010767,0.998967837393494,0.5,True,0.0,value_weighted,True,12,0.0,0.0
16,robust,11,15,25,Higher,1,Higher,1,0.7940577767723956,1,0.6343322082473615,0.6353927859506691,0.0010605777033075,0.7940577767723956,0.5,True,0.0,value_weighted,True,12,0.0,0.0
16,robust,12,18,28,Higher,1,Higher,1,0.9996489027153134,1,0.3669644887754135,0.3755459926994859,0.0085815039240724,0.9996489027153134,0.5,True,0.0,value_weighted,True,12,0.0,0.0
16,robust,13,17,27,Lower,0,Lower,0,5.0815193545304546e-05,0,0.3576027120152052,0.3458673358892764,-0.0117353761259287,5.0815193545304546e-05,0.5,True,0.0,value_weighted,True,12,0.0,0.0
16,robust,14,24,34,Higher,1,Higher,1,0.9999999935675944,1,0.2752489791981018,0.2962517834223749,0.021002804224273,0.9999999935675944,0.5,True,0.0,value_weighted,True,12,0.0,0.0
16,robust,15,10,20,Higher,1,Higher,1,0.999736861873344,1,0.2763942721444232,0.2853042743369472,0.008910002192524,0.999736861873344,0.5,True,0.0,value_weighted,True,12,0.0,0.0
16,robust,16,0,10,Lower,0,Lower,0,2.5449068924943743e-14,0,0.3277214804541071,0.2915999262852696,-0.0361215541688374,2.5449068924943743e-14,0.5,True,0.0,value_weighted,True,12,0.0,0.0
16,robust,17,3,13,Higher,1,Higher,1,0.9999998586242168,1,0.3074291742089282,0.3249131524028006,0.0174839781938724,0.9999998586242168,0.5,True,0.0,value_weighted,True,12,0.0,0.0
16,robust,18,13,23,Lower,0,Lower,0,4.95886951119709e-12,0,0.3655990815061064,0.3354813156137169,-0.0301177658923895,4.95886951119709e-12,0.5,True,0.0,value_weighted,True,12,0.0,0.0
16,robust,19,6,16,Lower,0,Lower,0,5.6401467265646016e-06,0,0.320547244281095,0.3063085155010214,-0.0142387287800735,5.6401467265646016e-06,0.5,True,0.0,value_weighted,True,12,0.0,0.0
16,robust,20,7,17,Higher,1,Higher,1,0.9999999999999978,1,0.358606581370823,0.3965999292178669,0.0379933478470439,0.9999999999999978,0.5,True,0.0,value_weighted,True,12,0.0,0.0
16,robust,21,25,35,Lower,0,Lower,0,0.0002804797401043,0,0.3373051098050584,0.3275153317823866,-0.0097897780226717,0.0002804797401043,0.5,True,0.0,value_weighted,True,12,0.0,0.0
16,robust,22,11,21,Higher,1,Higher,1,0.7644260493136292,1,0.3034899325508172,0.3043541209533118,0.0008641884024946,0.7644260493136292,0.5,True,0.0,value_weighted,True,12,0.0,0.0
16,robust,23,19,29,Higher,1,Higher,1,0.9971867948587978,1,0.2996884364417178,0.3058973711820945,0.0062089347403767,0.9971867948587978,0.5,True,0.0,value_weighted,True,12,0.0,0.0
16,robust,24,1,11,Lower,0,Lower,0,4.926959189147872e-12,0,0.3657885928220382,0.3356634753839551,-0.030125117438083,4.926959189147872e-12,0.5,True,0.0,value_weighted,True,12,0.0,0.0
16,robust,25,21,31,Higher,1,Higher,1,0.9999997384146988,1,0.2855618008623634,0.3023450606183001,0.0167832597559366,0.9999997384146988,0.5,True,0.0,value_weighted,True,12,0.0,0.0
16,robust,26,28,38,Lower,0,Lower,0,1.0717608489556001e-10,0,0.3594817095417902,0.3328636640422354,-0.0266180454995548,1.0717608489556001e-10,0.5,True,0.0,value_weighted,True,12,0.0,0.0
16,robust,27,23,33,Higher,1,Higher,1,0.7152049682911689,1,0.3101081400865047,0.3106804653108804,0.0005723252243756,0.7152049682911689,0.5,True,0.0,value_weighted,True,12,0.0,0.0
16,robust,28,14,24,Higher,1,Higher,1,0.9992268274822236,1,0.2935768726854018,0.3012589208382322,0.0076820481528304,0.9992268274822236,0.5,True,0.0,value_weighted,True,12,0.0,0.0
16,robust,29,27,37,Higher,1,Higher,1,0.999999999999994,1,0.3025644354051501,0.339393485159,0.0368290497538499,0.999999999999994,0.5,True,0.0,value_weighted,True,12,0.0,0.0
16,robust,30,22,32,Higher,1,Higher,1,0.9999999999999952,1,0.3064653773168775,0.3435353725750214,0.0370699952581438,0.9999999999999952,0.5,True,0.0,value_weighted,True,12,0.0,0.0
16,robust,31,8,18,Higher,1,Higher,1,0.9999999908147296,1,0.3040554266488737,0.3246525476000466,0.0205971209511728,0.9999999908147296,0.5,True,0.0,value_weighted,True,12,0.0,0.0
16,robust,32,2,12,Lower,0,Lower,0,6.552325465774505e-13,0,0.3447692074237055,0.3123466730862048,-0.0324225343375007,6.552325465774505e-13,0.5,True,0.0,value_weighted,True,12,0.0,0.0
16,robust,33,20,30,Higher,1,Higher,1,0.9999999994786756,1,0.3048890382053352,0.3287532198869836,0.0238641816816483,0.9999999994786756,0.5,True,0.0,value_weighted,True,12,0.0,0.0
16,robust,34,12,22,Lower,0,Lower,0,5.553108923913589e-06,0,0.3212746083016506,0.3070181693925434,-0.0142564389091072,5.553108923913589e-06,0.5,True,0.0,value_weighted,True,12,0.0,0.0
16,robust,35,26,36,Higher,1,Higher,1,0.9874998275638276,1,0.2832249695389802,0.2877244332126054,0.0044994636736252,0.9874998275638276,0.5,True,0.0,value_weighted,True,12,0.0,0.0
16,robust,36,4,14,Higher,1,Higher,1,0.9999998279022588,1,0.3679519474070957,0.3852120001690697,0.0172600527619739,0.9999998279022588,0.5,True,0.0,value_weighted,True,12,0.0,0.0
16,robust,37,9,19,Higher,1,Higher,1,0.9997812315184657,1,0.287450528252847,0.2965708686655499,0.0091203404127028,0.9997812315184657,0.5,True,0.0,value_weighted,True,12,0.0,0.0
16,robust,38,5,15,Higher,1,Higher,1,0.9992177285939609,1,0.2926904290746007,0.3003591439823849,0.0076687149077841,0.9992177285939609,0.5,True,0.0,value_weighted,True,12,0.0,0.0
17,robust,10,11,21,Higher,1,Higher,1,0.7644260493136292,1,0.3034899325508172,0.3043541209533118,0.0008641884024946,0.7644260493136292,0.5,True,0.0,value_weighted,True,12,0.0,0.0
17,robust,11,24,34,Higher,1,Higher,1,0.9999999935675944,1,0.2752489791981018,0.2962517834223749,0.021002804224273,0.9999999935675944,0.5,True,0.0,value_weighted,True,12,0.0,0.0
17,robust,12,20,30,Higher,1,Higher,1,0.9999999994786756,1,0.3048890382053352,0.3287532198869836,0.0238641816816483,0.9999999994786756,0.5,True,0.0,value_weighted,True,12,0.0,0.0
17,robust,13,7,17,Higher,1,Higher,1,0.9999999999999978,1,0.358606581370823,0.3965999292178669,0.0379933478470439,0.9999999999999978,0.5,True,0.0,value_weighted,True,12,0.0,0.0
17,robust,14,17,27,Lower,0,Lower,0,5.0815193545304546e-05,0,0.3576027120152052,0.3458673358892764,-0.0117353761259287,5.0815193545304546e-05,0.5,True,0.0,value_weighted,True,12,0.0,0.0
17,robust,15,3,13,Higher,1,Higher,1,0.9999998586242168,1,0.3074291742089282,0.3249131524028006,0.0174839781938724,0.9999998586242168,0.5,True,0.0,value_weighted,True,12,0.0,0.0
17,robust,16,22,32,Higher,1,Higher,1,0.9999999999999952,1,0.3064653773168775,0.3435353725750214,0.0370699952581438,0.9999999999999952,0.5,True,0.0,value_weighted,True,12,0.0,0.0
17,robust,17,9,19,Higher,1,Higher,1,0.9997812315184657,1,0.287450528252847,0.2965708686655499,0.0091203404127028,0.9997812315184657,0.5,True,0.0,value_weighted,True,12,0.0,0.0
17,robust,18,4,14,Higher,1,Higher,1,0.9999998279022588,1,0.3679519474070957,0.3852120001690697,0.0172600527619739,0.9999998279022588,0.5,True,0.0,value_weighted,True,12,0.0,0.0
17,robust,19,21,31,Higher,1,Higher,1,0.9999997384146988,1,0.2855618008623634,0.3023450606183001,0.0167832597559366,0.9999997384146988,0.5,True,0.0,value_weighted,True,12,0.0,0.0
17,robust,20,10,20,Higher,1,Higher,1,0.999736861873344,1,0.2763942721444232,0.2853042743369472,0.008910002192524,0.999736861873344,0.5,True,0.0,value_weighted,True,12,0.0,0.0
17,robust,21,0,10,Lower,0,Lower,0,2.5449068924943743e-14,0,0.3277214804541071,0.2915999262852696,-0.0361215541688374,2.5449068924943743e-14,0.5,True,0.0,value_weighted,True,12,0.0,0.0
17,robust,22,25,35,Lower,0,Lower,0,0.0002804797401043,0,0.3373051098050584,0.3275153317823866,-0.0097897780226717,0.0002804797401043,0.5,True,0.0,value_weighted,True,12,0.0,0.0
17,robust,23,19,29,Higher,1,Higher,1,0.9971867948587978,1,0.2996884364417178,0.3058973711820945,0.0062089347403767,0.9971867948587978,0.5,True,0.0,value_weighted,True,12,0.0,0.0
17,robust,24,1,11,Lower,0,Lower,0,4.926959189147872e-12,0,0.3657885928220382,0.3356634753839551,-0.030125117438083,4.926959189147872e-12,0.5,True,0.0,value_weighted,True,12,0.0,0.0
17,robust,25,13,23,Lower,0,Lower,0,4.95886951119709e-12,0,0.3655990815061064,0.3354813156137169,-0.0301177658923895,4.95886951119709e-12,0.5,True,0.0,value_weighted,True,12,0.0,0.0
17,robust,26,26,36,Higher,1,Higher,1,0.9874998275638276,1,0.2832249695389802,0.2877244332126054,0.0044994636736252,0.9874998275638276,0.5,True,0.0,value_weighted,True,12,0.0,0.0
17,robust,27,6,16,Lower,0,Lower,0,5.6401467265646016e-06,0,0.320547244281095,0.3063085155010214,-0.0142387287800735,5.6401467265646016e-06,0.5,True,0.0,value_weighted,True,12,0.0,0.0
17,robust,28,5,15,Higher,1,Higher,1,0.9992177285939609,1,0.2926904290746007,0.3003591439823849,0.0076687149077841,0.9992177285939609,0.5,True,0.0,value_weighted,True,12,0.0,0.0
17,robust,29,2,12,Lower,0,Lower,0,6.552325465774505e-13,0,0.3447692074237055,0.3123466730862048,-0.0324225343375007,6.552325465774505e-13,0.5,True,0.0,value_weighted,True,12,0.0,0.0
17,robust,30,15,25,Higher,1,Higher,1,0.7940577767723956,1,0.6343322082473615,0.6353927859506691,0.0010605777033075,0.7940577767723956,0.5,True,0.0,value_weighted,True,12,0.0,0.0
17,robust,31,27,37,Higher,1,Higher,1,0.999999999999994,1,0.3025644354051501,0.339393485159,0.0368290497538499,0.999999999999994,0.5,True,0.0,value_weighted,True,12,0.0,0.0
17,robust,32,23,33,Higher,1,Higher,1,0.7152049682911689,1,0.3101081400865047,0.3106804653108804,0.0005723252243756,0.7152049682911689,0.5,True,0.0,value_weighted,True,12,0.0,0.0
17,robust,33,28,38,Lower,0,Lower,0,1.0717608489556001e-10,0,0.3594817095417902,0.3328636640422354,-0.0266180454995548,1.0717608489556001e-10,0.5,True,0.0,value_weighted,True,12,0.0,0.0
17,robust,34,18,28,Higher,1,Higher,1,0.9996489027153134,1,0.3669644887754135,0.3755459926994859,0.0085815039240724,0.9996489027153134,0.5,True,0.0,value_weighted,True,12,0.0,0.0
17,robust,35,14,24,Higher,1,Higher,1,0.9992268274822236,1,0.2935768726854018,0.3012589208382322,0.0076820481528304,0.9992268274822236,0.5,True,0.0,value_weighted,True,12,0.0,0.0
17,robust,36,16,26,Higher,1,Higher,1,0.998967837393494,1,0.4949982842395784,0.5023510412406552,0.0073527570010767,0.998967837393494,0.5,True,0.0,value_weighted,True,12,0.0,0.0
17,robust,37,8,18,Higher,1,Higher,1,0.9999999908147296,1,0.3040554266488737,0.3246525476000466,0.0205971209511728,0.9999999908147296,0.5,True,0.0,value_weighted,True,12,0.0,0.0
17,robust,38,12,22,Lower,0,Lower,0,5.553108923913589e-06,0,0.3212746083016506,0.3070181693925434,-0.0142564389091072,5.553108923913589e-06,0.5,True,0.0,value_weighted,True,12,0.0,0.0
4,sparse_robust,10,18,28,Higher,1,Higher,1,0.9999988592341692,1,0.0019772679983831,0.6394682686030699,0.6374910006046868,0.9999988592341692,0.5,False,0.0,attribution,False,12,0.0,0.0
4,sparse_robust,11,13,23,Lower,0,Lower,0,0.525660753126434,1,0.6104471149643722,0.6104471149643722,0.0,0.525660753126434,0.5,False,0.0,attribution,False,12,0.0,0.0
4,sparse_robust,12,10,20,Higher,1,Higher,1,0.9996453163148146,1,8.064926694770632e-05,0.3681436713001557,0.368063022033208,0.9996453163148146,0.5,True,0.0,attribution,False,12,0.0,0.0
4,sparse_robust,13,4,14,Higher,1,Higher,1,0.9915361634968142,1,0.778277306126088,0.9970498631582578,0.2187725570321698,0.9915361634968142,0.5,True,0.0,attribution,False,12,0.0,0.0
4,sparse_robust,14,8,18,Higher,1,Higher,1,0.9999304165370684,1,0.0319449596867372,0.476471951869962,0.4445269921832248,0.9999304165370684,0.5,False,0.0,attribution,False,12,0.0,0.0
4,sparse_robust,15,19,29,Higher,1,Higher,1,0.999270631605958,1,0.0195728748234663,0.353777036255875,0.3342041614324087,0.999270631605958,0.5,False,0.0,attribution,False,12,0.0,0.0
4,sparse_robust,16,22,32,Higher,1,Higher,1,0.999940415710058,1,3.534199734683467e-05,0.4518447860493997,0.4518094440520529,0.999940415710058,0.5,True,0.0,attribution,False,12,0.0,0.0
4,sparse_robust,17,20,30,Higher,1,Higher,1,0.9999284292323108,1,7.047303953148391e-05,0.4432755616250011,0.4432050885854696,0.9999284292323108,0.5,True,0.0,attribution,False,12,0.0,0.0
4,sparse_robust,18,15,25,Higher,1,Higher,1,0.6697023300924054,1,0.7128300779944957,0.7411865932631588,0.0283565152686631,0.6697023300924054,0.5,True,0.0,attribution,False,12,0.0,0.0
4,sparse_robust,19,12,22,Lower,0,Lower,0,3.914971676109092e-05,0,0.9403565744156018,0.4591870472062804,-0.4811695272093214,3.914971676109092e-05,0.5,False,0.0,attribution,False,12,0.0,0.0
4,sparse_robust,20,24,34,Higher,1,Higher,1,0.9991179259930544,1,6.790224483940252e-06,0.3252806901602278,0.3252738999357439,0.9991179259930544,0.5,False,0.0,attribution,False,12,0.0,0.0
4,sparse_robust,21,7,17,Higher,1,Higher,1,0.525660753126434,1,0.5573537379737729,0.5573537379737729,0.0,0.525660753126434,0.5,False,0.0,attribution,False,12,0.0,0.0
4,sparse_robust,22,0,10,Lower,0,Lower,0,5.5590366817097464e-05,0,0.5058820876634742,0.0411711600680571,-0.4647109275954171,5.5590366817097464e-05,0.5,False,0.0,attribution,False,12,0.0,0.0
4,sparse_robust,23,9,19,Higher,1,Higher,1,0.5247774003320241,1,0.0003336658603227,0.0001673857065975,-0.0001662801537252,0.5247774003320241,0.5,True,0.0,attribution,False,12,0.0,0.0
4,sparse_robust,24,23,33,Higher,1,Higher,1,0.5256547527197242,1,3.4596519872552287e-05,3.346691729294839e-05,-1.1296025796038992e-06,0.5256547527197242,0.5,True,0.0,attribution,False,12,0.0,0.0
4,sparse_robust,25,5,15,Higher,1,Higher,1,0.9999999828316194,1,0.1242105411560229,0.95867848204688,0.8344679408908572,0.9999999828316194,0.5,False,0.0,attribution,False,12,0.0,0.0
4,sparse_robust,26,16,26,Higher,1,Higher,1,0.6638669365055444,1,0.0902751991301199,0.1173988714859917,0.0271236723558717,0.6638669365055444,0.5,False,0.0,attribution,False,12,0.0,0.0
4,sparse_robust,27,28,38,Lower,0,Lower,0,0.0264765989414748,0,0.7385106199063983,0.5644868416189184,-0.1740237782874799,0.0264765989414748,0.5,False,0.0,attribution,False,12,0.0,0.0
4,sparse_robust,28,1,11,Lower,0,Lower,0,0.525660753126434,1,0.6104471149643722,0.6104471149643722,0.0,0.525660753126434,0.5,False,0.0,attribution,False,12,0.0,0.0
4,sparse_robust,29,3,13,Higher,1,Higher,1,0.525660753126434,1,0.0268464029712525,0.0268464029712525,0.0,0.525660753126434,0.5,False,0.0,attribution,False,12,0.0,0.0
4,sparse_robust,30,17,27,Lower,0,Lower,0,0.0002894096607828,0,0.9446172099179044,0.5573598595713465,-0.387257350346558,0.0002894096607828,0.5,False,0.0,attribution,False,12,0.0,0.0
4,sparse_robust,31,11,21,Higher,1,Higher,1,0.5258310913307856,1,0.0001265859929281,0.0001586534816447,3.206748871662456e-05,0.5258310913307856,0.5,True,0.0,attribution,False,12,0.0,0.0
4,sparse_robust,32,6,16,Lower,0,Lower,0,5.975046067005813e-05,0,0.9483270811484968,0.4870038414662209,-0.4613232396822758,5.975046067005813e-05,0.5,False,0.0,attribution,False,12,0.0,0.0
4,sparse_robust,33,21,31,Higher,1,Higher,1,0.5268435858642426,1,1.863933925525387e-05,0.0002413403952732,0.000222701056018,0.5268435858642426,0.5,False,0.0,attribution,False,12,0.0,0.0
4,sparse_robust,34,14,24,Lower,0,Higher,1,0.8144087665941484,1,0.0001200814901275,0.0647176120060277,0.0645975305159001,0.8144087665941484,0.5,False,0.0,attribution,False,12,0.0,0.0
4,sparse_robust,35,27,37,Higher,1,Higher,1,0.999743544970596,1,5.331134848111942e-05,0.3833422093267024,0.3832888979782212,0.999743544970596,0.5,True,0.0,attribution,False,12,0.0,0.0
4,sparse_robust,36,25,35,Lower,0,Lower,0,0.2126651568425668,0,0.5496293790244899,0.4833661738127773,-0.0662632052117125,0.2126651568425668,0.5,True,0.0,attribution,False,12,0.0,0.0
4,sparse_robust,37,2,12,Lower,0,Lower,0,0.0004468482151536,0,0.4004330801027129,0.0335725705645851,-0.3668605095381277,0.0004468482151536,0.5,True,0.0,attribution,False,12,0.0,0.0
4,sparse_robust,38,26,36,Higher,1,Higher,1,0.9998759396971312,1,0.0694828151601543,0.48686482678163,0.4173820116214756,0.9998759396971312,0.5,False,0.0,attribution,False,12,0.0,0.0
13,sparse_robust,10,11,21,Higher,1,Higher,1,0.9952342684870928,1,0.7097607219140425,0.7112234259488939,0.0014627040348513,0.9952342684870928,0.5,True,0.0,value_weighted,False,12,0.0,0.0
13,sparse_robust,11,4,14,Higher,1,Higher,1,1.0,1,0.7962058715114702,0.8267472442889718,0.0305413727775016,1.0,0.5,True,0.0,value_weighted,False,12,0.0,0.0
13,sparse_robust,12,6,16,Higher,1,Lower,0,0.383880670114865,0,0.7330221122202758,0.7330221122202758,0.0,0.383880670114865,0.5,False,0.0,value_weighted,False,12,0.0,0.0
13,sparse_robust,13,5,15,Higher,1,Higher,1,0.383880670114865,0,0.7426905453026857,0.7426905453026857,0.0,0.383880670114865,0.5,False,0.0,value_weighted,False,12,0.0,0.0
13,sparse_robust,14,7,17,Higher,1,Higher,1,1.0,1,0.7905096189012213,0.8157778937429687,0.0252682748417474,1.0,0.5,True,0.0,value_weighted,False,12,0.0,0.0
13,sparse_robust,15,17,27,Lower,0,Lower,0,0.383880670114865,0,0.7880704085871935,0.7880704085871935,0.0,0.383880670114865,0.5,False,0.0,value_weighted,False,12,0.0,0.0
13,sparse_robust,16,1,11,Lower,0,Lower,0,0.383880670114865,0,0.7813887552570536,0.7813887552570536,0.0,0.383880670114865,0.5,False,0.0,value_weighted,False,12,0.0,0.0
13,sparse_robust,17,12,22,Lower,0,Lower,0,0.383880670114865,0,0.723566510356148,0.723566510356148,0.0,0.383880670114865,0.5,False,0.0,value_weighted,False,12,0.0,0.0
13,sparse_robust,18,9,19,Higher,1,Higher,1,1.0,1,0.7171203673892899,0.7408175696650768,0.0236972022757869,1.0,0.5,True,0.0,value_weighted,False,12,0.0,0.0
13,sparse_robust,19,28,38,Lower,0,Lower,0,2.4062701131833844e-37,0,0.7828278103746396,0.7617362696769995,-0.02109154069764,2.4062701131833844e-37,0.5,True,0.0,value_weighted,False,12,0.0,0.0
13,sparse_robust,20,13,23,Lower,0,Lower,0,0.383880670114865,0,0.7752544147265561,0.7752544147265561,0.0,0.383880670114865,0.5,False,0.0,value_weighted,False,12,0.0,0.0
13,sparse_robust,21,22,32,Higher,1,Higher,1,1.0,1,0.7400488025670401,0.7660647309487456,0.0260159283817055,1.0,0.5,True,0.0,value_weighted,False,12,0.0,0.0
13,sparse_robust,22,24,34,Higher,1,Higher,1,1.0,1,0.7105840317821757,0.7423506631070179,0.0317666313248422,1.0,0.5,True,0.0,value_weighted,False,12,0.0,0.0
13,sparse_robust,23,0,10,Lower,0,Lower,0,2.8897337341918355e-48,0,0.7461574079952404,0.7187404147553299,-0.0274169932399105,2.8897337341918355e-48,0.5,True,0.0,value_weighted,False,12,0.0,0.0
13,sparse_robust,24,21,31,Higher,1,Higher,1,0.383880670114865,0,0.7148609538479828,0.7148609538479828,0.0,0.383880670114865,0.5,False,0.0,value_weighted,False,12,0.0,0.0
13,sparse_robust,25,14,24,Lower,0,Higher,1,0.383880670114865,0,0.7586574992403226,0.7586574992403226,0.0,0.383880670114865,0.5,False,0.0,value_weighted,False,12,0.0,0.0
13,sparse_robust,26,10,20,Higher,1,Higher,1,1.0,1,0.7275489311999984,0.7506762515012622,0.0231273203012637,1.0,0.5,True,0.0,value_weighted,False,12,0.0,0.0
13,sparse_robust,27,8,18,Higher,1,Higher,1,0.383880670114865,0,0.7275489311999984,0.7275489311999984,0.0,0.383880670114865,0.5,False,0.0,value_weighted,False,12,0.0,0.0
13,sparse_robust,28,2,12,Lower,0,Lower,0,5.582083299175779e-51,0,0.776490993575263,0.7475019396737989,-0.0289890539014641,5.582083299175779e-51,0.5,True,0.0,value_weighted,False,12,0.0,0.0
13,sparse_robust,29,25,35,Lower,0,Lower,0,4.4326166286527814e-39,0,0.7674953546821721,0.7453990361690743,-0.0220963185130977,4.4326166286527814e-39,0.5,True,0.0,value_weighted,False,12,0.0,0.0
13,sparse_robust,30,26,36,Lower,0,Higher,1,0.383880670114865,0,0.7369589759781163,0.7369589759781163,0.0,0.383880670114865,0.5,False,0.0,value_weighted,False,12,0.0,0.0
13,sparse_robust,31,3,13,Higher,1,Higher,1,0.383880670114865,0,0.759145419201664,0.759145419201664,0.0,0.383880670114865,0.5,False,0.0,value_weighted,False,12,0.0,0.0
13,sparse_robust,32,16,26,Higher,1,Higher,1,0.383880670114865,0,0.9574880976263752,0.9574880976263752,0.0,0.383880670114865,0.5,False,0.0,value_weighted,False,12,0.0,0.0
13,sparse_robust,33,18,28,Higher,1,Higher,1,0.383880670114865,0,0.7843693673442017,0.7843693673442017,0.0,0.383880670114865,0.5,False,0.0,value_weighted,False,12,0.0,0.0
13,sparse_robust,34,20,30,Higher,1,Higher,1,1.0,1,0.7394498508500562,0.7655067286585012,0.026056877808445,1.0,0.5,True,0.0,value_weighted,False,12,0.0,0.0
13,sparse_robust,35,23,33,Higher,1,Higher,1,0.9278497407010444,1,0.7437931370079732,0.7445546530085115,0.0007615160005383,0.9278497407010444,0.5,True,0.0,value_weighted,False,12,0.0,0.0
13,sparse_robust,36,19,29,Higher,1,Higher,1,0.9999997229443964,1,0.7307089027596988,0.7346261652821326,0.0039172625224338,0.9999997229443964,0.5,True,0.0,value_weighted,False,12,0.0,0.0
13,sparse_robust,37,15,25,Higher,1,Higher,1,0.5208845821868815,1,0.979832891904198,0.9799729318479428,0.0001400399437447,0.5208845821868815,0.5,True,0.0,value_weighted,False,12,0.0,0.0
13,sparse_robust,38,27,37,Higher,1,Higher,1,1.0,1,0.72285477017542,0.7500101957361209,0.0271554255607009,1.0,0.5,True,0.0,value_weighted,False,12,0.0,0.0
15,sparse_robust,14,8,18,Higher,1,Higher,1,0.5164825108559137,1,0.1028574973610063,0.1028574973610063,0.0,0.5164825108559137,0.5,False,0.0,attribution,False,12,0.0,0.0
15,sparse_robust,15,10,20,Higher,1,Higher,1,1.0,1,0.3581037611483288,0.4696778190324903,0.1115740578841614,1.0,0.5,True,0.0,attribution,False,12,0.0,0.0
15,sparse_robust,16,4,14,Lower,0,Higher,1,4.209300468352062e-104,0,0.6348783062091207,0.5609734330188308,-0.0739048731902898,4.209300468352062e-104,0.5,True,0.0,attribution,False,12,0.0,0.0
15,sparse_robust,17,24,34,Higher,1,Higher,1,0.9776206229343376,1,0.0546718520386179,0.0558237458479281,0.0011518938093101,0.9776206229343376,0.5,False,0.0,attribution,False,12,0.0,0.0
15,sparse_robust,18,16,26,Higher,1,Higher,1,0.5164825108559137,1,0.5009452209129277,0.5009452209129277,0.0,0.5164825108559137,0.5,False,0.0,attribution,False,12,0.0,0.0
15,sparse_robust,19,9,19,Higher,1,Higher,1,1.0,1,0.0864627137477259,0.8570143904284784,0.7705516766807524,1.0,0.5,True,0.0,attribution,False,12,0.0,0.0
15,sparse_robust,20,17,27,Lower,0,Lower,0,0.5164825108559137,1,0.56008946060084,0.56008946060084,0.0,0.5164825108559137,0.5,False,0.0,attribution,False,12,0.0,0.0
15,sparse_robust,21,15,25,Higher,1,Higher,1,0.9883030704175698,1,0.711520518127489,0.7128771753407185,0.0013566572132295,0.9883030704175698,0.5,True,0.0,attribution,False,12,0.0,0.0
15,sparse_robust,22,13,23,Lower,0,Lower,0,0.5164825108559137,1,0.5357153626197448,0.5357153626197448,0.0,0.5164825108559137,0.5,False,0.0,attribution,False,12,0.0,0.0
15,sparse_robust,23,6,16,Lower,0,Lower,0,0.5164825108559137,1,0.4109319297199179,0.4109319297199179,0.0,0.5164825108559137,0.5,False,0.0,attribution,False,12,0.0,0.0
15,sparse_robust,24,14,24,Lower,0,Higher,1,0.5164825108559137,1,0.1718654109480238,0.1718654109480238,0.0,0.5164825108559137,0.5,False,0.0,attribution,False,12,0.0,0.0
15,sparse_robust,25,28,38,Higher,1,Lower,0,0.5164825108559137,1,0.5737635602705246,0.5737635602705246,0.0,0.5164825108559137,0.5,False,0.0,attribution,False,12,0.0,0.0
15,sparse_robust,26,23,33,Higher,1,Higher,1,0.9951560015613222,1,0.3789556352611552,0.3805880794146566,0.0016324441535013,0.9951560015613222,0.5,True,0.0,attribution,False,12,0.0,0.0
15,sparse_robust,27,0,10,Lower,0,Lower,0,0.5164825108559137,1,0.1607699183167927,0.1607699183167927,0.0,0.5164825108559137,0.5,False,0.0,attribution,False,12,0.0,0.0
15,sparse_robust,28,21,31,Higher,1,Higher,1,1.0,1,0.2880552175685122,0.3151071474988743,0.0270519299303621,1.0,0.5,False,0.0,attribution,False,12,0.0,0.0
15,sparse_robust,29,20,30,Higher,1,Higher,1,1.0,1,0.1374362131682221,0.5518789291845705,0.4144427160163483,1.0,0.5,True,0.0,attribution,False,12,0.0,0.0
15,sparse_robust,30,25,35,Lower,0,Lower,0,0.0,0,0.5368522582545292,0.149824509566847,-0.3870277486876821,0.0,0.5,True,0.0,attribution,False,12,0.0,0.0
15,sparse_robust,31,26,36,Higher,1,Higher,1,1.0,1,0.3031737612517364,0.364254821405432,0.0610810601536956,1.0,0.5,False,0.0,attribution,False,12,0.0,0.0
15,sparse_robust,32,5,15,Higher,1,Higher,1,0.5164825108559137,1,0.3040585639410654,0.3040585639410654,0.0,0.5164825108559137,0.5,False,0.0,attribution,False,12,0.0,0.0
15,sparse_robust,33,12,22,Lower,0,Lower,0,0.5164825108559137,1,0.3982226288042236,0.3982226288042236,0.0,0.5164825108559137,0.5,False,0.0,attribution,False,12,0.0,0.0
15,sparse_robust,34,3,13,Higher,1,Higher,1,0.5164825108559137,1,0.3866311056022228,0.3866311056022228,0.0,0.5164825108559137,0.5,False,0.0,attribution,False,12,0.0,0.0
15,sparse_robust,35,7,17,Higher,1,Higher,1,0.5164825108559137,1,0.6516888226366283,0.6516888226366283,0.0,0.5164825108559137,0.5,False,0.0,attribution,False,12,0.0,0.0
15,sparse_robust,36,2,12,Lower,0,Lower,0,8.831608840431423e-11,0,0.126711188444532,0.1195049834903754,-0.0072062049541566,8.831608840431423e-11,0.5,True,0.0,attribution,False,12,0.0,0.0
15,sparse_robust,37,1,11,Lower,0,Lower,0,0.5164825108559137,1,0.5986489305297331,0.5986489305297331,0.0,0.5164825108559137,0.5,False,0.0,attribution,False,12,0.0,0.0
15,sparse_robust,38,27,37,Higher,1,Higher,1,1.0,1,0.3360499216134215,0.4184906426931109,0.0824407210796893,1.0,0.5,True,0.0,attribution,False,12,0.0,0.0
15,sparse_robust,39,19,29,Higher,1,Higher,1,1.0,1,0.4625523807686568,0.5375925593751725,0.0750401786065156,1.0,0.5,False,0.0,attribution,False,12,0.0,0.0
15,sparse_robust,40,18,28,Higher,1,Higher,1,0.5164825108559137,1,0.5667065633628695,0.5667065633628695,0.0,0.5164825108559137,0.5,False,0.0,attribution,False,12,0.0,0.0
15,sparse_robust,41,22,32,Higher,1,Higher,1,1.0,1,0.1490673804510537,0.5444594652767931,0.3953920848257394,1.0,0.5,True,0.0,attribution,False,12,0.0,0.0
15,sparse_robust,42,11,21,Higher,1,Higher,1,0.9999322846509344,1,0.0530011752323307,0.0559605597233868,0.0029593844910561,0.9999322846509344,0.5,True,0.0,attribution,False,12,0.0,0.0
23,sparse_robust,14,4,14,Higher,1,Higher,1,0.9794490126699438,1,0.2871404123874165,0.2974828721824793,0.0103424597950628,0.9794490126699438,0.5,True,0.0,value_weighted,False,12,0.0,0.0
23,sparse_robust,15,28,38,Lower,0,Lower,0,0.0634669502797254,0,0.2830374382763351,0.2769894401401502,-0.0060479981361849,0.0634669502797254,0.5,True,0.0,value_weighted,False,12,0.0,0.0
23,sparse_robust,16,26,36,Higher,1,Higher,1,0.4322622085430412,0,0.2704295245700302,0.2704295245700302,0.0,0.4322622085430412,0.5,False,0.0,value_weighted,False,12,0.0,0.0
23,sparse_robust,17,19,29,Lower,0,Higher,1,0.530199112082073,1,0.2688540472626758,0.2698380401852651,0.0009839929225892,0.530199112082073,0.5,True,0.0,value_weighted,False,12,0.0,0.0
23,sparse_robust,18,3,13,Lower,0,Higher,1,0.4322622085430412,0,0.2770835338044343,0.2770835338044343,0.0,0.4322622085430412,0.5,False,0.0,value_weighted,False,12,0.0,0.0
23,sparse_robust,19,27,37,Higher,1,Higher,1,0.9233552744017892,1,0.266914621958272,0.2738187330641462,0.0069041111058742,0.9233552744017892,0.5,True,0.0,value_weighted,False,12,0.0,0.0
23,sparse_robust,20,2,12,Lower,0,Lower,0,0.0299521941355482,0,0.2811697483661504,0.2731564262337622,-0.0080133221323882,0.0299521941355482,0.5,True,0.0,value_weighted,False,12,0.0,0.0
23,sparse_robust,21,24,34,Higher,1,Higher,1,0.9460886232023924,1,0.2639682463432046,0.2718128236516343,0.0078445773084297,0.9460886232023924,0.5,True,0.0,value_weighted,False,12,0.0,0.0
23,sparse_robust,22,17,27,Lower,0,Lower,0,0.4322622085430412,0,0.2846184212246404,0.2846184212246404,0.0,0.4322622085430412,0.5,False,0.0,value_weighted,False,12,0.0,0.0
23,sparse_robust,23,7,17,Higher,1,Higher,1,0.9533753832986276,1,0.2853655832892631,0.2935923994114169,0.0082268161221537,0.9533753832986276,0.5,True,0.0,value_weighted,False,12,0.0,0.0
23,sparse_robust,24,5,15,Higher,1,Higher,1,0.4322622085430412,0,0.2719008017337507,0.2719008017337507,0.0,0.4322622085430412,0.5,False,0.0,value_weighted,False,12,0.0,0.0
23,sparse_robust,25,6,16,Lower,0,Lower,0,0.4322622085430412,0,0.2694337286402185,0.2694337286402185,0.0,0.4322622085430412,0.5,False,0.0,value_weighted,False,12,0.0,0.0
23,sparse_robust,26,14,24,Lower,0,Higher,1,0.4322622085430412,0,0.276144668051852,0.276144668051852,0.0,0.4322622085430412,0.5,False,0.0,value_weighted,False,12,0.0,0.0
23,sparse_robust,27,10,20,Lower,0,Higher,1,0.890711198920825,1,0.2680684884309331,0.2739955170700329,0.0059270286390998,0.890711198920825,0.5,True,0.0,value_weighted,False,12,0.0,0.0
23,sparse_robust,28,21,31,Higher,1,Higher,1,0.4322622085430412,0,0.2649841165987791,0.2649841165987791,0.0,0.4322622085430412,0.5,False,0.0,value_weighted,False,12,0.0,0.0
23,sparse_robust,29,25,35,Lower,0,Lower,0,0.0648802935474752,0,0.278594425330934,0.2726052683481131,-0.0059891569828208,0.0648802935474752,0.5,True,0.0,value_weighted,False,12,0.0,0.0
23,sparse_robust,30,13,23,Lower,0,Lower,0,0.3749539561930796,0,0.281624235810035,0.2810282091977916,-0.0005960266122433,0.3749539561930796,0.5,False,0.0,value_weighted,False,12,0.0,0.0
23,sparse_robust,31,15,25,Higher,1,Higher,1,0.4754550071674165,0,0.4306578295389827,0.4310937794563589,0.0004359499173761,0.4754550071674165,0.5,True,0.0,value_weighted,False,12,0.0,0.0
23,sparse_robust,32,8,18,Higher,1,Higher,1,0.4322622085430412,0,0.2680684884309331,0.2680684884309331,0.0,0.4322622085430412,0.5,False,0.0,value_weighted,False,12,0.0,0.0
23,sparse_robust,33,22,32,Higher,1,Higher,1,0.9252883448001892,1,0.2712194384676915,0.2781926442349989,0.0069732057673074,0.9252883448001892,0.5,True,0.0,value_weighted,False,12,0.0,0.0
23,sparse_robust,34,23,33,Higher,1,Higher,1,0.4518065664078108,0,0.2721868536897529,0.2723849999839396,0.0001981462941867,0.4518065664078108,0.5,True,0.0,value_weighted,False,12,0.0,0.0
23,sparse_robust,35,12,22,Lower,0,Lower,0,0.4322622085430412,0,0.2670885879516819,0.2670885879516819,0.0,0.4322622085430412,0.5,False,0.0,value_weighted,False,12,0.0,0.0
23,sparse_robust,36,18,28,Higher,1,Higher,1,0.509496646968543,1,0.283540636250045,0.2843172341150107,0.0007765978649657,0.509496646968543,0.5,False,0.0,value_weighted,False,12,0.0,0.0
23,sparse_robust,37,1,11,Lower,0,Lower,0,0.3747372551725489,0,0.2834260505977664,0.2828277119730348,-0.0005983386247316,0.3747372551725489,0.5,False,0.0,value_weighted,False,12,0.0,0.0
23,sparse_robust,38,9,19,Higher,1,Higher,1,0.8893261855785122,1,0.2655254906007803,0.2714171431368663,0.005891652536086,0.8893261855785122,0.5,True,0.0,value_weighted,False,12,0.0,0.0
23,sparse_robust,39,0,10,Lower,0,Lower,0,0.0461944939398722,0,0.2728036050683273,0.2659157168758176,-0.0068878881925097,0.0461944939398722,0.5,True,0.0,value_weighted,False,12,0.0,0.0
23,sparse_robust,40,11,21,Higher,1,Higher,1,0.4664299089303869,0,0.2637740031956765,0.2641193877575933,0.0003453845619167,0.4664299089303869,0.5,True,0.0,value_weighted,False,12,0.0,0.0
23,sparse_robust,41,16,26,Lower,0,Higher,1,0.4322622085430412,0,0.3842925783551428,0.3842925783551428,0.0,0.4322622085430412,0.5,False,0.0,value_weighted,False,12,0.0,0.0
23,sparse_robust,42,20,30,Higher,1,Higher,1,0.9252207337258278,1,0.2710657306948623,0.2780364922396628,0.0069707615448005,0.9252207337258278,0.5,True,0.0,value_weighted,False,12,0.0,0.0
22,sparse_robust,10,15,25,Higher,1,Higher,1,0.6697023300924054,1,0.7128300779944957,0.7411865932631588,0.0283565152686631,0.6697023300924054,0.5,True,0.0,attribution,False,12,0.0,0.0
22,sparse_robust,11,25,35,Lower,0,Lower,0,0.2126651568425668,0,0.5496293790244899,0.4833661738127773,-0.0662632052117125,0.2126651568425668,0.5,True,0.0,attribution,False,12,0.0,0.0
22,sparse_robust,12,20,30,Higher,1,Higher,1,0.9999284292323108,1,7.047303953148391e-05,0.4432755616250011,0.4432050885854696,0.9999284292323108,0.5,True,0.0,attribution,False,12,0.0,0.0
22,sparse_robust,13,10,20,Higher,1,Higher,1,0.9996453163148146,1,8.064926694770632e-05,0.3681436713001557,0.368063022033208,0.9996453163148146,0.5,True,0.0,attribution,False,12,0.0,0.0
22,sparse_robust,14,3,13,Higher,1,Higher,1,0.525660753126434,1,0.0268464029712525,0.0268464029712525,0.0,0.525660753126434,0.5,False,0.0,attribution,False,12,0.0,0.0
22,sparse_robust,15,9,19,Higher,1,Higher,1,0.5247774003320241,1,0.0003336658603227,0.0001673857065975,-0.0001662801537252,0.5247774003320241,0.5,True,0.0,attribution,False,12,0.0,0.0
22,sparse_robust,16,21,31,Higher,1,Higher,1,0.5268435858642426,1,1.863933925525387e-05,0.0002413403952732,0.000222701056018,0.5268435858642426,0.5,False,0.0,attribution,False,12,0.0,0.0
22,sparse_robust,17,14,24,Lower,0,Higher,1,0.8144087665941484,1,0.0001200814901275,0.0647176120060277,0.0645975305159001,0.8144087665941484,0.5,False,0.0,attribution,False,12,0.0,0.0
22,sparse_robust,18,1,11,Lower,0,Lower,0,0.525660753126434,1,0.6104471149643722,0.6104471149643722,0.0,0.525660753126434,0.5,False,0.0,attribution,False,12,0.0,0.0
22,sparse_robust,19,17,27,Lower,0,Lower,0,0.0002894096607828,0,0.9446172099179044,0.5573598595713465,-0.387257350346558,0.0002894096607828,0.5,False,0.0,attribution,False,12,0.0,0.0
22,sparse_robust,20,12,22,Lower,0,Lower,0,3.914971676109092e-05,0,0.9403565744156018,0.4591870472062804,-0.4811695272093214,3.914971676109092e-05,0.5,False,0.0,attribution,False,12,0.0,0.0
22,sparse_robust,21,16,26,Higher,1,Higher,1,0.6638669365055444,1,0.0902751991301199,0.1173988714859917,0.0271236723558717,0.6638669365055444,0.5,False,0.0,attribution,False,12,0.0,0.0
22,sparse_robust,22,4,14,Higher,1,Higher,1,0.9915361634968142,1,0.778277306126088,0.9970498631582578,0.2187725570321698,0.9915361634968142,0.5,True,0.0,attribution,False,12,0.0,0.0
22,sparse_robust,23,18,28,Higher,1,Higher,1,0.9999988592341692,1,0.0019772679983831,0.6394682686030699,0.6374910006046868,0.9999988592341692,0.5,False,0.0,attribution,False,12,0.0,0.0
22,sparse_robust,24,6,16,Lower,0,Lower,0,5.975046067005813e-05,0,0.9483270811484968,0.4870038414662209,-0.4613232396822758,5.975046067005813e-05,0.5,False,0.0,attribution,False,12,0.0,0.0
22,sparse_robust,25,2,12,Lower,0,Lower,0,0.0004468482151536,0,0.4004330801027129,0.0335725705645851,-0.3668605095381277,0.0004468482151536,0.5,True,0.0,attribution,False,12,0.0,0.0
22,sparse_robust,26,24,34,Higher,1,Higher,1,0.9991179259930544,1,6.790224483940252e-06,0.3252806901602278,0.3252738999357439,0.9991179259930544,0.5,False,0.0,attribution,False,12,0.0,0.0
22,sparse_robust,27,11,21,Higher,1,Higher,1,0.5258310913307856,1,0.0001265859929281,0.0001586534816447,3.206748871662456e-05,0.5258310913307856,0.5,True,0.0,attribution,False,12,0.0,0.0
22,sparse_robust,28,26,36,Higher,1,Higher,1,0.9998759396971312,1,0.0694828151601543,0.48686482678163,0.4173820116214756,0.9998759396971312,0.5,False,0.0,attribution,False,12,0.0,0.0
22,sparse_robust,29,28,38,Lower,0,Lower,0,0.0264765989414748,0,0.7385106199063983,0.5644868416189184,-0.1740237782874799,0.0264765989414748,0.5,False,0.0,attribution,False,12,0.0,0.0
22,sparse_robust,30,13,23,Lower,0,Lower,0,0.525660753126434,1,0.6104471149643722,0.6104471149643722,0.0,0.525660753126434,0.5,False,0.0,attribution,False,12,0.0,0.0
22,sparse_robust,31,27,37,Higher,1,Higher,1,0.999743544970596,1,5.331134848111942e-05,0.3833422093267024,0.3832888979782212,0.999743544970596,0.5,True,0.0,attribution,False,12,0.0,0.0
22,sparse_robust,32,7,17,Higher,1,Higher,1,0.525660753126434,1,0.5573537379737729,0.5573537379737729,0.0,0.525660753126434,0.5,False,0.0,attribution,False,12,0.0,0.0
22,sparse_robust,33,23,33,Higher,1,Higher,1,0.5256547527197242,1,3.4596519872552287e-05,3.346691729294839e-05,-1.1296025796038992e-06,0.5256547527197242,0.5,True,0.0,attribution,False,12,0.0,0.0
22,sparse_robust,34,19,29,Higher,1,Higher,1,0.999270631605958,1,0.0195728748234663,0.353777036255875,0.3342041614324087,0.999270631605958,0.5,False,0.0,attribution,False,12,0.0,0.0
22,sparse_robust,35,8,18,Higher,1,Higher,1,0.9999304165370684,1,0.0319449596867372,0.476471951869962,0.4445269921832248,0.9999304165370684,0.5,False,0.0,attribution,False,12,0.0,0.0
22,sparse_robust,36,5,15,Higher,1,Higher,1,0.9999999828316194,1,0.1242105411560229,0.95867848204688,0.8344679408908572,0.9999999828316194,0.5,False,0.0,attribution,False,12,0.0,0.0
22,sparse_robust,37,22,32,Higher,1,Higher,1,0.999940415710058,1,3.534199734683467e-05,0.4518447860493997,0.4518094440520529,0.999940415710058,0.5,True,0.0,attribution,False,12,0.0,0.0
22,sparse_robust,38,0,10,Lower,0,Lower,0,5.5590366817097464e-05,0,0.5058820876634742,0.0411711600680571,-0.4647109275954171,5.5590366817097464e-05,0.5,False,0.0,attribution,False,12,0.0,0.0
27,sparse_robust,14,13,23,Lower,0,Lower,0,0.5440801961198477,1,0.7388589976320771,0.7388589976320771,0.0,0.5440801961198477,0.5,False,0.0,attribution,False,12,0.0,0.0
27,sparse_robust,15,2,12,Lower,0,Lower,0,0.0157020564272498,0,0.4006289769645652,0.0270389104174845,-0.3735900665470806,0.0157020564272498,0.5,True,0.0,attribution,False,12,0.0,0.0
27,sparse_robust,16,18,28,Higher,1,Higher,1,0.9999411062568744,1,0.0018774163735803,0.8298466591665112,0.8279692427929309,0.9999411062568744,0.5,False,0.0,attribution,False,12,0.0,0.0
27,sparse_robust,17,3,13,Higher,1,Higher,1,0.5440801961198477,1,0.0190696958572002,0.0190696958572002,0.0,0.5440801961198477,0.5,False,0.0,attribution,False,12,0.0,0.0
27,sparse_robust,18,25,35,Lower,0,Lower,0,0.0625924099951413,0,0.747910745823492,0.4982755637584731,-0.2496351820650189,0.0625924099951413,0.5,True,0.0,attribution,False,12,0.0,0.0
27,sparse_robust,19,4,14,Lower,0,Higher,1,0.5641845834985215,1,0.9919099416735844,0.9989561635785664,0.0070462219049821,0.5641845834985215,0.5,True,0.0,attribution,False,12,0.0,0.0
27,sparse_robust,20,5,15,Higher,1,Higher,1,0.9998183304173746,1,0.2494918106740894,0.9799207784405912,0.7304289677665018,0.9998183304173746,0.5,False,0.0,attribution,False,12,0.0,0.0
27,sparse_robust,21,16,26,Higher,1,Higher,1,0.6508143254868618,1,0.1934942727312798,0.2320956474498603,0.0386013747185805,0.6508143254868618,0.5,False,0.0,attribution,False,12,0.0,0.0
27,sparse_robust,22,1,11,Lower,0,Lower,0,0.5440801961198477,1,0.7388589976320771,0.7388589976320771,0.0,0.5440801961198477,0.5,False,0.0,attribution,False,12,0.0,0.0
27,sparse_robust,23,20,30,Higher,1,Higher,1,0.9940721627715818,1,8.023751796645334e-06,0.4281834633548429,0.4281754396030462,0.9940721627715818,0.5,True,0.0,attribution,False,12,0.0,0.0
27,sparse_robust,24,21,31,Higher,1,Higher,1,0.5442331633766033,1,3.7142407050679927e-06,5.7106933906106e-05,5.339269320103801e-05,0.5442331633766033,0.5,False,0.0,attribution,False,12,0.0,0.0
27,sparse_robust,25,15,25,Higher,1,Higher,1,0.6310307228934353,1,0.7274696742531237,0.758626859700543,0.0311571854474193,0.6310307228934353,0.5,True,0.0,attribution,False,12,0.0,0.0
27,sparse_robust,26,17,27,Lower,0,Lower,0,0.1081047171279054,0,0.9711123717577088,0.7730990513123407,-0.1980133204453682,0.1081047171279054,0.5,False,0.0,attribution,False,12,0.0,0.0
27,sparse_robust,27,6,16,Lower,0,Lower,0,0.0146850258762002,0,0.9724673519283158,0.5929901125121517,-0.379477239416164,0.0146850258762002,0.5,False,0.0,attribution,False,12,0.0,0.0
27,sparse_robust,28,28,38,Lower,0,Lower,0,0.1492423370460597,0,0.9580119642191672,0.7920070090866788,-0.1660049551324883,0.1492423370460597,0.5,False,0.0,attribution,False,12,0.0,0.0
27,sparse_robust,29,10,20,Higher,1,Higher,1,0.9911411219718672,1,9.41619459054781e-06,0.3931443254673187,0.3931349092727281,0.9911411219718672,0.5,True,0.0,attribution,False,12,0.0,0.0
27,sparse_robust,30,9,19,Higher,1,Higher,1,0.5439938938025446,1,9.080267902749156e-05,6.068043437742622e-05,-3.012224465006535e-05,0.5439938938025446,0.5,True,0.0,attribution,False,12,0.0,0.0
27,sparse_robust,31,24,34,Higher,1,Higher,1,0.9780020073275348,1,1.2138149778274395e-06,0.3132325143749709,0.3132313005599931,0.9780020073275348,0.5,False,0.0,attribution,False,12,0.0,0.0
27,sparse_robust,32,27,37,Higher,1,Higher,1,0.993251268484656,1,5.76473055755843e-06,0.4168805346978128,0.4168747699672552,0.993251268484656,0.5,True,0.0,attribution,False,12,0.0,0.0
27,sparse_robust,33,7,17,Higher,1,Higher,1,0.5440801961198477,1,0.6199478707001327,0.6199478707001327,0.0,0.5440801961198477,0.5,False,0.0,attribution,False,12,0.0,0.0
27,sparse_robust,34,23,33,Higher,1,Higher,1,0.5440797474261112,1,3.855223701454489e-06,3.698612975492814e-06,-1.566107259616752e-07,0.5440797474261112,0.5,True,0.0,attribution,False,12,0.0,0.0
27,sparse_robust,35,12,22,Lower,0,Lower,0,0.009838898074881,0,0.9673256050811844,0.5527491908391713,-0.4145764142420132,0.009838898074881,0.5,False,0.0,attribution,False,12,0.0,0.0
27,sparse_robust,36,11,21,Higher,1,Higher,1,0.5441106538465712,1,3.5723963800228906e-05,4.635489646031107e-05,1.0630932660082164e-05,0.5441106538465712,0.5,True,0.0,attribution,False,12,0.0,0.0
27,sparse_robust,37,8,18,Higher,1,Higher,1,0.998693400048387,1,0.0265635750957459,0.5860711554148428,0.5595075803190969,0.998693400048387,0.5,False,0.0,attribution,False,12,0.0,0.0
27,sparse_robust,38,19,29,Higher,1,Higher,1,0.9926578235347492,1,0.0135939896061843,0.4231198965690615,0.4095259069628771,0.9926578235347492,0.5,False,0.0,attribution,False,12,0.0,0.0
27,sparse_robust,39,22,32,Higher,1,Higher,1,0.9981845506745084,1,3.937831496158953e-06,0.5309904751137084,0.5309865372822123,0.9981845506745084,0.5,True,0.0,attribution,False,12,0.0,0.0
27,sparse_robust,40,0,10,Lower,0,Lower,0,0.0006219029107399,0,0.6918577268721207,0.0374015090752067,-0.6544562177969139,0.0006219029107399,0.5,False,0.0,attribution,False,12,0.0,0.0
27,sparse_robust,41,14,24,Lower,0,Higher,1,0.7509367433806791,1,5.100774900235137e-05,0.0802973469388864,0.0802463391898841,0.7509367433806791,0.5,False,0.0,attribution,False,12,0.0,0.0
27,sparse_robust,42,26,36,Higher,1,Higher,1,0.9994236364348889,1,0.0724522898223519,0.7028849855352081,0.6304326957128561,0.9994236364348889,0.5,False,0.0,attribution,False,12,0.0,0.0
8,sparse_robust,14,28,38,Lower,0,Lower,0,0.0264765989414748,0,0.7385106199063983,0.5644868416189184,-0.1740237782874799,0.0264765989414748,0.5,False,0.0,attribution,False,12,0.0,0.0
8,sparse_robust,15,25,35,Lower,0,Lower,0,0.2126651568425668,0,0.5496293790244899,0.4833661738127773,-0.0662632052117125,0.2126651568425668,0.5,True,0.0,attribution,False,12,0.0,0.0
8,sparse_robust,16,22,32,Higher,1,Higher,1,0.999940415710058,1,3.534199734683467e-05,0.4518447860493997,0.4518094440520529,0.999940415710058,0.5,True,0.0,attribution,False,12,0.0,0.0
8,sparse_robust,17,13,23,Lower,0,Lower,0,0.525660753126434,1,0.6104471149643722,0.6104471149643722,0.0,0.525660753126434,0.5,False,0.0,attribution,False,12,0.0,0.0
8,sparse_robust,18,11,21,Higher,1,Higher,1,0.5258310913307856,1,0.0001265859929281,0.0001586534816447,3.206748871662456e-05,0.5258310913307856,0.5,True,0.0,attribution,False,12,0.0,0.0
8,sparse_robust,19,10,20,Higher,1,Higher,1,0.9996453163148146,1,8.064926694770632e-05,0.3681436713001557,0.368063022033208,0.9996453163148146,0.5,True,0.0,attribution,False,12,0.0,0.0
8,sparse_robust,20,2,12,Lower,0,Lower,0,0.0004468482151536,0,0.4004330801027129,0.0335725705645851,-0.3668605095381277,0.0004468482151536,0.5,True,0.0,attribution,False,12,0.0,0.0
8,sparse_robust,21,3,13,Higher,1,Higher,1,0.525660753126434,1,0.0268464029712525,0.0268464029712525,0.0,0.525660753126434,0.5,False,0.0,attribution,False,12,0.0,0.0
8,sparse_robust,22,17,27,Lower,0,Lower,0,0.0002894096607828,0,0.9446172099179044,0.5573598595713465,-0.387257350346558,0.0002894096607828,0.5,False,0.0,attribution,False,12,0.0,0.0
8,sparse_robust,23,1,11,Lower,0,Lower,0,0.525660753126434,1,0.6104471149643722,0.6104471149643722,0.0,0.525660753126434,0.5,False,0.0,attribution,False,12,0.0,0.0
8,sparse_robust,24,15,25,Higher,1,Higher,1,0.6697023300924054,1,0.7128300779944957,0.7411865932631588,0.0283565152686631,0.6697023300924054,0.5,True,0.0,attribution,False,12,0.0,0.0
8,sparse_robust,25,5,15,Higher,1,Higher,1,0.9999999828316194,1,0.1242105411560229,0.95867848204688,0.8344679408908572,0.9999999828316194,0.5,False,0.0,attribution,False,12,0.0,0.0
8,sparse_robust,26,9,19,Higher,1,Higher,1,0.5247774003320241,1,0.0003336658603227,0.0001673857065975,-0.0001662801537252,0.5247774003320241,0.5,True,0.0,attribution,False,12,0.0,0.0
8,sparse_robust,27,4,14,Higher,1,Higher,1,0.9915361634968142,1,0.778277306126088,0.9970498631582578,0.2187725570321698,0.9915361634968142,0.5,True,0.0,attribution,False,12,0.0,0.0
8,sparse_robust,28,12,22,Lower,0,Lower,0,3.914971676109092e-05,0,0.9403565744156018,0.4591870472062804,-0.4811695272093214,3.914971676109092e-05,0.5,False,0.0,attribution,False,12,0.0,0.0
8,sparse_robust,29,6,16,Lower,0,Lower,0,5.975046067005813e-05,0,0.9483270811484968,0.4870038414662209,-0.4613232396822758,5.975046067005813e-05,0.5,False,0.0,attribution,False,12,0.0,0.0
8,sparse_robust,30,23,33,Higher,1,Higher,1,0.5256547527197242,1,3.4596519872552287e-05,3.346691729294839e-05,-1.1296025796038992e-06,0.5256547527197242,0.5,True,0.0,attribution,False,12,0.0,0.0
8,sparse_robust,31,14,24,Lower,0,Higher,1,0.8144087665941484,1,0.0001200814901275,0.0647176120060277,0.0645975305159001,0.8144087665941484,0.5,False,0.0,attribution,False,12,0.0,0.0
8,sparse_robust,32,27,37,Higher,1,Higher,1,0.999743544970596,1,5.331134848111942e-05,0.3833422093267024,0.3832888979782212,0.999743544970596,0.5,True,0.0,attribution,False,12,0.0,0.0
8,sparse_robust,33,26,36,Higher,1,Higher,1,0.9998759396971312,1,0.0694828151601543,0.48686482678163,0.4173820116214756,0.9998759396971312,0.5,False,0.0,attribution,False,12,0.0,0.0
8,sparse_robust,34,16,26,Higher,1,Higher,1,0.6638669365055444,1,0.0902751991301199,0.1173988714859917,0.0271236723558717,0.6638669365055444,0.5,False,0.0,attribution,False,12,0.0,0.0
8,sparse_robust,35,24,34,Higher,1,Higher,1,0.9991179259930544,1,6.790224483940252e-06,0.3252806901602278,0.3252738999357439,0.9991179259930544,0.5,False,0.0,attribution,False,12,0.0,0.0
8,sparse_robust,36,19,29,Higher,1,Higher,1,0.999270631605958,1,0.0195728748234663,0.353777036255875,0.3342041614324087,0.999270631605958,0.5,False,0.0,attribution,False,12,0.0,0.0
8,sparse_robust,37,0,10,Lower,0,Lower,0,5.5590366817097464e-05,0,0.5058820876634742,0.0411711600680571,-0.4647109275954171,5.5590366817097464e-05,0.5,False,0.0,attribution,False,12,0.0,0.0
8,sparse_robust,38,20,30,Higher,1,Higher,1,0.9999284292323108,1,7.047303953148391e-05,0.4432755616250011,0.4432050885854696,0.9999284292323108,0.5,True,0.0,attribution,False,12,0.0,0.0
8,sparse_robust,39,7,17,Higher,1,Higher,1,0.525660753126434,1,0.5573537379737729,0.5573537379737729,0.0,0.525660753126434,0.5,False,0.0,attribution,False,12,0.0,0.0
8,sparse_robust,40,21,31,Higher,1,Higher,1,0.5268435858642426,1,1.863933925525387e-05,0.0002413403952732,0.000222701056018,0.5268435858642426,0.5,False,0.0,attribution,False,12,0.0,0.0
8,sparse_robust,41,8,18,Higher,1,Higher,1,0.9999304165370684,1,0.0319449596867372,0.476471951869962,0.4445269921832248,0.9999304165370684,0.5,False,0.0,attribution,False,12,0.0,0.0
8,sparse_robust,42,18,28,Higher,1,Higher,1,0.9999988592341692,1,0.0019772679983831,0.6394682686030699,0.6374910006046868,0.9999988592341692,0.5,False,0.0,attribution,False,12,0.0,0.0
6,sparse_robust,10,20,30,Higher,1,Higher,1,0.999956761048216,1,7.047303953148391e-05,0.4432755616250011,0.4432050885854696,0.999956761048216,0.5,True,0.0,attribution,False,12,0.0,0.0
6,sparse_robust,11,8,18,Higher,1,Higher,1,0.999958024299702,1,0.0319449596867372,0.476471951869962,0.4445269921832248,0.999958024299702,0.5,False,0.0,attribution,False,12,0.0,0.0
6,sparse_robust,12,6,16,Lower,0,Lower,0,3.5672426257663396e-05,0,0.9483270811484968,0.4870038414662209,-0.4613232396822758,3.5672426257663396e-05,0.5,False,0.0,attribution,False,12,0.0,0.0
6,sparse_robust,13,21,31,Lower,0,Higher,1,0.527975115303084,1,1.863933925525387e-05,0.0002413403952732,0.000222701056018,0.527975115303084,0.5,False,0.0,attribution,False,12,0.0,0.0
6,sparse_robust,14,11,21,Higher,1,Higher,1,0.5269092922946061,1,0.0001265859929281,0.0001586534816447,3.206748871662456e-05,0.5269092922946061,0.5,True,0.0,attribution,False,12,0.0,0.0
6,sparse_robust,15,13,23,Lower,0,Lower,0,0.5267299801571954,1,0.6104471149643722,0.6104471149643722,0.0,0.5267299801571954,0.5,False,0.0,attribution,False,12,0.0,0.0
6,sparse_robust,16,19,29,Higher,1,Higher,1,0.9995016372742443,1,0.0195728748234663,0.353777036255875,0.3342041614324087,0.9995016372742443,0.5,False,0.0,attribution,False,12,0.0,0.0
6,sparse_robust,17,28,38,Lower,0,Lower,0,0.021954753127304,0,0.7385106199063983,0.5644868416189184,-0.1740237782874799,0.021954753127304,0.5,False,0.0,attribution,False,12,0.0,0.0
6,sparse_robust,18,18,28,Higher,1,Higher,1,0.9999994464025588,1,0.0019772679983831,0.6394682686030699,0.6374910006046868,0.9999994464025588,0.5,False,0.0,attribution,False,12,0.0,0.0
6,sparse_robust,19,22,32,Higher,1,Higher,1,0.9999643502641584,1,3.534199734683467e-05,0.4518447860493997,0.4518094440520529,0.9999643502641584,0.5,True,0.0,attribution,False,12,0.0,0.0
6,sparse_robust,20,0,10,Lower,0,Lower,0,3.3062182213379364e-05,0,0.5058820876634742,0.0411711600680571,-0.4647109275954171,3.3062182213379364e-05,0.5,False,0.0,attribution,False,12,0.0,0.0
6,sparse_robust,21,1,11,Lower,0,Lower,0,0.5267299801571954,1,0.6104471149643722,0.6104471149643722,0.0,0.5267299801571954,0.5,False,0.0,attribution,False,12,0.0,0.0
6,sparse_robust,22,2,12,Lower,0,Lower,0,0.0002967964766149,0,0.4004330801027129,0.0335725705645851,-0.3668605095381277,0.0002967964766149,0.5,True,0.0,attribution,False,12,0.0,0.0
6,sparse_robust,23,15,25,Higher,1,Higher,1,0.6776728971391172,1,0.7128300779944957,0.7411865932631588,0.0283565152686631,0.6776728971391172,0.5,True,0.0,attribution,False,12,0.0,0.0
6,sparse_robust,24,10,20,Higher,1,Higher,1,0.999766754328828,1,8.064926694770632e-05,0.3681436713001557,0.368063022033208,0.999766754328828,0.5,True,0.0,attribution,False,12,0.0,0.0
6,sparse_robust,25,27,37,Higher,1,Higher,1,0.9998342265174376,1,5.331134848111942e-05,0.3833422093267024,0.3832888979782212,0.9998342265174376,0.5,True,0.0,attribution,False,12,0.0,0.0
6,sparse_robust,26,23,33,Higher,1,Higher,1,0.5267236636197451,1,3.4596519872552287e-05,3.346691729294839e-05,-1.1296025796038992e-06,0.5267236636197451,0.5,True,0.0,attribution,False,12,0.0,0.0
6,sparse_robust,27,14,24,Higher,1,Higher,1,0.8257835178133326,1,0.0001200814901275,0.0647176120060277,0.0645975305159001,0.8257835178133326,0.5,False,0.0,attribution,False,12,0.0,0.0
6,sparse_robust,28,26,36,Higher,1,Higher,1,0.9999228342904124,1,0.0694828151601543,0.48686482678163,0.4173820116214756,0.9999228342904124,0.5,False,0.0,attribution,False,12,0.0,0.0
6,sparse_robust,29,17,27,Lower,0,Lower,0,0.0001878467073648,0,0.9446172099179044,0.5573598595713465,-0.387257350346558,0.0001878467073648,0.5,False,0.0,attribution,False,12,0.0,0.0
6,sparse_robust,30,12,22,Lower,0,Lower,0,2.2855942138361545e-05,0,0.9403565744156018,0.4591870472062804,-0.4811695272093214,2.2855942138361545e-05,0.5,False,0.0,attribution,False,12,0.0,0.0
6,sparse_robust,31,24,34,Higher,1,Higher,1,0.9993911720126036,1,6.790224483940252e-06,0.3252806901602278,0.3252738999357439,0.9993911720126036,0.5,False,0.0,attribution,False,12,0.0,0.0
6,sparse_robust,32,25,35,Lower,0,Lower,0,0.2011128570184699,0,0.5496293790244899,0.4833661738127773,-0.0662632052117125,0.2011128570184699,0.5,True,0.0,attribution,False,12,0.0,0.0
6,sparse_robust,33,9,19,Higher,1,Higher,1,0.5258000800005092,1,0.0003336658603227,0.0001673857065975,-0.0001662801537252,0.5258000800005092,0.5,True,0.0,attribution,False,12,0.0,0.0
6,sparse_robust,34,7,17,Higher,1,Higher,1,0.5267299801571954,1,0.5573537379737729,0.5573537379737729,0.0,0.5267299801571954,0.5,False,0.0,attribution,False,12,0.0,0.0
6,sparse_robust,35,4,14,Higher,1,Higher,1,0.9934021598342718,1,0.778277306126088,0.9970498631582578,0.2187725570321698,0.9934021598342718,0.5,True,0.0,attribution,False,12,0.0,0.0
6,sparse_robust,36,3,13,Higher,1,Higher,1,0.5267299801571954,1,0.0268464029712525,0.0268464029712525,0.0,0.5267299801571954,0.5,False,0.0,attribution,False,12,0.0,0.0
6,sparse_robust,37,5,15,Higher,1,Higher,1,0.9999999933276448,1,0.1242105411560229,0.95867848204688,0.8344679408908572,0.9999999933276448,0.5,False,0.0,attribution,False,12,0.0,0.0
6,sparse_robust,38,16,26,Lower,0,Higher,1,0.6716028497584503,1,0.0902751991301199,0.1173988714859917,0.0271236723558717,0.6716028497584503,0.5,False,0.0,attribution,False,12,0.0,0.0
11,sparse_robust,10,11,21,Higher,1,Higher,1,0.5110014729920761,1,0.0001265859929281,0.0001586534816447,3.206748871662456e-05,0.5110014729920761,0.5,True,0.0,attribution,False,12,0.0,0.0
11,sparse_robust,11,0,10,Lower,0,Lower,0,0.0171067566102928,0,0.5058820876634742,0.0411711600680571,-0.4647109275954171,0.0171067566102928,0.5,False,0.0,attribution,False,12,0.0,0.0
11,sparse_robust,12,2,12,Lower,0,Lower,0,0.0395883513169158,0,0.4004330801027129,0.0335725705645851,-0.3668605095381277,0.0395883513169158,0.5,True,0.0,attribution,False,12,0.0,0.0
11,sparse_robust,13,19,29,Lower,0,Higher,1,0.9520536883986545,1,0.0195728748234663,0.353777036255875,0.3342041614324087,0.9520536883986545,0.5,False,0.0,attribution,False,12,0.0,0.0
11,sparse_robust,14,4,14,Higher,1,Higher,1,0.8777640497348855,1,0.778277306126088,0.9970498631582578,0.2187725570321698,0.8777640497348855,0.5,True,0.0,attribution,False,12,0.0,0.0
11,sparse_robust,15,20,30,Higher,1,Higher,1,0.981090331032822,1,7.047303953148391e-05,0.4432755616250011,0.4432050885854696,0.981090331032822,0.5,True,0.0,attribution,False,12,0.0,0.0
11,sparse_robust,16,18,28,Higher,1,Higher,1,0.9965327614215388,1,0.0019772679983831,0.6394682686030699,0.6374910006046868,0.9965327614215388,0.5,False,0.0,attribution,False,12,0.0,0.0
11,sparse_robust,17,10,20,Higher,1,Higher,1,0.963976095893457,1,8.064926694770632e-05,0.3681436713001557,0.368063022033208,0.963976095893457,0.5,True,0.0,attribution,False,12,0.0,0.0
11,sparse_robust,18,15,25,Higher,1,Higher,1,0.5728751027635626,1,0.7128300779944957,0.7411865932631588,0.0283565152686631,0.5728751027635626,0.5,True,0.0,attribution,False,12,0.0,0.0
11,sparse_robust,19,25,35,Lower,0,Lower,0,0.3681546245590524,0,0.5496293790244899,0.4833661738127773,-0.0662632052117125,0.3681546245590524,0.5,True,0.0,attribution,False,12,0.0,0.0
11,sparse_robust,20,9,19,Higher,1,Higher,1,0.5105647457518686,1,0.0003336658603227,0.0001673857065975,-0.0001662801537252,0.5105647457518686,0.5,True,0.0,attribution,False,12,0.0,0.0
11,sparse_robust,21,12,22,Lower,0,Lower,0,0.0148316309424811,0,0.9403565744156018,0.4591870472062804,-0.4811695272093214,0.0148316309424811,0.5,False,0.0,attribution,False,12,0.0,0.0
11,sparse_robust,22,23,33,Higher,1,Higher,1,0.5109283798846085,1,3.4596519872552287e-05,3.346691729294839e-05,-1.1296025796038992e-06,0.5109283798846085,0.5,True,0.0,attribution,False,12,0.0,0.0
11,sparse_robust,23,1,11,Lower,0,Lower,0,0.5109308670428223,1,0.6104471149643722,0.6104471149643722,0.0,0.5109308670428223,0.5,False,0.0,attribution,False,12,0.0,0.0
11,sparse_robust,24,21,31,Higher,1,Higher,1,0.5114211993527078,1,1.863933925525387e-05,0.0002413403952732,0.000222701056018,0.5114211993527078,0.5,False,0.0,attribution,False,12,0.0,0.0
11,sparse_robust,25,8,18,Higher,1,Higher,1,0.9813052161186596,1,0.0319449596867372,0.476471951869962,0.4445269921832248,0.9813052161186596,0.5,False,0.0,attribution,False,12,0.0,0.0
11,sparse_robust,26,16,26,Higher,1,Higher,1,0.5702149440772017,1,0.0902751991301199,0.1173988714859917,0.0271236723558717,0.5702149440772017,0.5,False,0.0,attribution,False,12,0.0,0.0
11,sparse_robust,27,6,16,Lower,0,Lower,0,0.0176159651711623,0,0.9483270811484968,0.4870038414662209,-0.4613232396822758,0.0176159651711623,0.5,False,0.0,attribution,False,12,0.0,0.0
11,sparse_robust,28,27,37,Higher,1,Higher,1,0.96835581447802,1,5.331134848111942e-05,0.3833422093267024,0.3832888979782212,0.96835581447802,0.5,True,0.0,attribution,False,12,0.0,0.0
11,sparse_robust,29,28,38,Lower,0,Lower,0,0.1839721613231059,0,0.7385106199063983,0.5644868416189184,-0.1740237782874799,0.1839721613231059,0.5,False,0.0,attribution,False,12,0.0,0.0
11,sparse_robust,30,17,27,Lower,0,Lower,0,0.0332928818545182,0,0.9446172099179044,0.5573598595713465,-0.387257350346558,0.0332928818545182,0.5,False,0.0,attribution,False,12,0.0,0.0
11,sparse_robust,31,13,23,Lower,0,Lower,0,0.5109308670428223,1,0.6104471149643722,0.6104471149643722,0.0,0.5109308670428223,0.5,False,0.0,attribution,False,12,0.0,0.0
11,sparse_robust,32,7,17,Higher,1,Higher,1,0.5109308670428223,1,0.5573537379737729,0.5573537379737729,0.0,0.5109308670428223,0.5,False,0.0,attribution,False,12,0.0,0.0
11,sparse_robust,33,24,34,Higher,1,Higher,1,0.9483312826414412,1,6.790224483940252e-06,0.3252806901602278,0.3252738999357439,0.9483312826414412,0.5,False,0.0,attribution,False,12,0.0,0.0
11,sparse_robust,34,22,32,Higher,1,Higher,1,0.9824467606419924,1,3.534199734683467e-05,0.4518447860493997,0.4518094440520529,0.9824467606419924,0.5,True,0.0,attribution,False,12,0.0,0.0
11,sparse_robust,35,3,13,Higher,1,Higher,1,0.5109308670428223,1,0.0268464029712525,0.0268464029712525,0.0,0.5109308670428223,0.5,False,0.0,attribution,False,12,0.0,0.0
11,sparse_robust,36,14,24,Lower,0,Higher,1,0.6486078846660681,1,0.0001200814901275,0.0647176120060277,0.0645975305159001,0.6486078846660681,0.5,False,0.0,attribution,False,12,0.0,0.0
11,sparse_robust,37,5,15,Higher,1,Higher,1,0.9993870215813642,1,0.1242105411560229,0.95867848204688,0.8344679408908572,0.9993870215813642,0.5,False,0.0,attribution,False,12,0.0,0.0
11,sparse_robust,38,26,36,Higher,1,Higher,1,0.9763729755616388,1,0.0694828151601543,0.48686482678163,0.4173820116214756,0.9763729755616388,0.5,False,0.0,attribution,False,12,0.0,0.0
19,sparse_robust,10,23,33,Higher,1,Higher,1,0.9278497407010444,1,0.7437931370079732,0.7445546530085115,0.0007615160005383,0.9278497407010444,0.5,True,0.0,value_weighted,False,12,0.0,0.0
19,sparse_robust,11,28,38,Lower,0,Lower,0,2.4062701131833844e-37,0,0.7828278103746396,0.7617362696769995,-0.02109154069764,2.4062701131833844e-37,0.5,True,0.0,value_weighted,False,12,0.0,0.0
19,sparse_robust,12,7,17,Higher,1,Higher,1,1.0,1,0.7905096189012213,0.8157778937429687,0.0252682748417474,1.0,0.5,True,0.0,value_weighted,False,12,0.0,0.0
19,sparse_robust,13,8,18,Higher,1,Higher,1,0.383880670114865,0,0.7275489311999984,0.7275489311999984,0.0,0.383880670114865,0.5,False,0.0,value_weighted,False,12,0.0,0.0
19,sparse_robust,14,17,27,Lower,0,Lower,0,0.383880670114865,0,0.7880704085871935,0.7880704085871935,0.0,0.383880670114865,0.5,False,0.0,value_weighted,False,12,0.0,0.0
19,sparse_robust,15,0,10,Lower,0,Lower,0,2.8897337341918355e-48,0,0.7461574079952404,0.7187404147553299,-0.0274169932399105,2.8897337341918355e-48,0.5,True,0.0,value_weighted,False,12,0.0,0.0
19,sparse_robust,16,25,35,Lower,0,Lower,0,4.4326166286527814e-39,0,0.7674953546821721,0.7453990361690743,-0.0220963185130977,4.4326166286527814e-39,0.5,True,0.0,value_weighted,False,12,0.0,0.0
19,sparse_robust,17,21,31,Lower,0,Higher,1,0.383880670114865,0,0.7148609538479828,0.7148609538479828,0.0,0.383880670114865,0.5,False,0.0,value_weighted,False,12,0.0,0.0
19,sparse_robust,18,6,16,Higher,1,Lower,0,0.383880670114865,0,0.7330221122202758,0.7330221122202758,0.0,0.383880670114865,0.5,False,0.0,value_weighted,False,12,0.0,0.0
19,sparse_robust,19,16,26,Higher,1,Higher,1,0.383880670114865,0,0.9574880976263752,0.9574880976263752,0.0,0.383880670114865,0.5,False,0.0,value_weighted,False,12,0.0,0.0
19,sparse_robust,20,9,19,Higher,1,Higher,1,1.0,1,0.7171203673892899,0.7408175696650768,0.0236972022757869,1.0,0.5,True,0.0,value_weighted,False,12,0.0,0.0
19,sparse_robust,21,13,23,Lower,0,Lower,0,0.383880670114865,0,0.7752544147265561,0.7752544147265561,0.0,0.383880670114865,0.5,False,0.0,value_weighted,False,12,0.0,0.0
19,sparse_robust,22,5,15,Higher,1,Higher,1,0.383880670114865,0,0.7426905453026857,0.7426905453026857,0.0,0.383880670114865,0.5,False,0.0,value_weighted,False,12,0.0,0.0
19,sparse_robust,23,20,30,Higher,1,Higher,1,1.0,1,0.7394498508500562,0.7655067286585012,0.026056877808445,1.0,0.5,True,0.0,value_weighted,False,12,0.0,0.0
19,sparse_robust,24,18,28,Higher,1,Higher,1,0.383880670114865,0,0.7843693673442017,0.7843693673442017,0.0,0.383880670114865,0.5,False,0.0,value_weighted,False,12,0.0,0.0
19,sparse_robust,25,11,21,Higher,1,Higher,1,0.9952342684870928,1,0.7097607219140425,0.7112234259488939,0.0014627040348513,0.9952342684870928,0.5,True,0.0,value_weighted,False,12,0.0,0.0
19,sparse_robust,26,15,25,Higher,1,Higher,1,0.5208845821868815,1,0.979832891904198,0.9799729318479428,0.0001400399437447,0.5208845821868815,0.5,True,0.0,value_weighted,False,12,0.0,0.0
19,sparse_robust,27,3,13,Higher,1,Higher,1,0.383880670114865,0,0.759145419201664,0.759145419201664,0.0,0.383880670114865,0.5,False,0.0,value_weighted,False,12,0.0,0.0
19,sparse_robust,28,19,29,Higher,1,Higher,1,0.9999997229443964,1,0.7307089027596988,0.7346261652821326,0.0039172625224338,0.9999997229443964,0.5,True,0.0,value_weighted,False,12,0.0,0.0
19,sparse_robust,29,14,24,Lower,0,Higher,1,0.383880670114865,0,0.7586574992403226,0.7586574992403226,0.0,0.383880670114865,0.5,False,0.0,value_weighted,False,12,0.0,0.0
19,sparse_robust,30,26,36,Higher,1,Higher,1,0.383880670114865,0,0.7369589759781163,0.7369589759781163,0.0,0.383880670114865,0.5,False,0.0,value_weighted,False,12,0.0,0.0
19,sparse_robust,31,24,34,Higher,1,Higher,1,1.0,1,0.7105840317821757,0.7423506631070179,0.0317666313248422,1.0,0.5,True,0.0,value_weighted,False,12,0.0,0.0
19,sparse_robust,32,1,11,Lower,0,Lower,0,0.383880670114865,0,0.7813887552570536,0.7813887552570536,0.0,0.383880670114865,0.5,False,0.0,value_weighted,False,12,0.0,0.0
19,sparse_robust,33,27,37,Higher,1,Higher,1,1.0,1,0.72285477017542,0.7500101957361209,0.0271554255607009,1.0,0.5,True,0.0,value_weighted,False,12,0.0,0.0
19,sparse_robust,34,2,12,Lower,0,Lower,0,5.582083299175779e-51,0,0.776490993575263,0.7475019396737989,-0.0289890539014641,5.582083299175779e-51,0.5,True,0.0,value_weighted,False,12,0.0,0.0
19,sparse_robust,35,22,32,Higher,1,Higher,1,1.0,1,0.7400488025670401,0.7660647309487456,0.0260159283817055,1.0,0.5,True,0.0,value_weighted,False,12,0.0,0.0
19,sparse_robust,36,12,22,Lower,0,Lower,0,0.383880670114865,0,0.723566510356148,0.723566510356148,0.0,0.383880670114865,0.5,False,0.0,value_weighted,False,12,0.0,0.0
19,sparse_robust,37,4,14,Higher,1,Higher,1,1.0,1,0.7962058715114702,0.8267472442889718,0.0305413727775016,1.0,0.5,True,0.0,value_weighted,False,12,0.0,0.0
19,sparse_robust,38,10,20,Higher,1,Higher,1,1.0,1,0.7275489311999984,0.7506762515012622,0.0231273203012637,1.0,0.5,True,0.0,value_weighted,False,12,0.0,0.0
32,sparse_robust,10,25,35,Lower,0,Lower,0,0.2126651568425668,0,0.5496293790244899,0.4833661738127773,-0.0662632052117125,0.2126651568425668,0.5,True,0.0,attribution,False,12,0.0,0.0
32,sparse_robust,11,15,25,Higher,1,Higher,1,0.6697023300924054,1,0.7128300779944957,0.7411865932631588,0.0283565152686631,0.6697023300924054,0.5,True,0.0,attribution,False,12,0.0,0.0
32,sparse_robust,12,28,38,Lower,0,Lower,0,0.0264765989414748,0,0.7385106199063983,0.5644868416189184,-0.1740237782874799,0.0264765989414748,0.5,False,0.0,attribution,False,12,0.0,0.0
32,sparse_robust,13,1,11,Lower,0,Lower,0,0.525660753126434,1,0.6104471149643722,0.6104471149643722,0.0,0.525660753126434,0.5,False,0.0,attribution,False,12,0.0,0.0
32,sparse_robust,14,26,36,Higher,1,Higher,1,0.9998759396971312,1,0.0694828151601543,0.48686482678163,0.4173820116214756,0.9998759396971312,0.5,False,0.0,attribution,False,12,0.0,0.0
32,sparse_robust,15,0,10,Lower,0,Lower,0,5.5590366817097464e-05,0,0.5058820876634742,0.0411711600680571,-0.4647109275954171,5.5590366817097464e-05,0.5,False,0.0,attribution,False,12,0.0,0.0
32,sparse_robust,16,11,21,Higher,1,Higher,1,0.5258310913307856,1,0.0001265859929281,0.0001586534816447,3.206748871662456e-05,0.5258310913307856,0.5,True,0.0,attribution,False,12,0.0,0.0
32,sparse_robust,17,5,15,Higher,1,Higher,1,0.9999999828316194,1,0.1242105411560229,0.95867848204688,0.8344679408908572,0.9999999828316194,0.5,False,0.0,attribution,False,12,0.0,0.0
32,sparse_robust,18,4,14,Higher,1,Higher,1,0.9915361634968142,1,0.778277306126088,0.9970498631582578,0.2187725570321698,0.9915361634968142,0.5,True,0.0,attribution,False,12,0.0,0.0
32,sparse_robust,19,14,24,Lower,0,Higher,1,0.8144087665941484,1,0.0001200814901275,0.0647176120060277,0.0645975305159001,0.8144087665941484,0.5,False,0.0,attribution,False,12,0.0,0.0
32,sparse_robust,20,18,28,Higher,1,Higher,1,0.9999988592341692,1,0.0019772679983831,0.6394682686030699,0.6374910006046868,0.9999988592341692,0.5,False,0.0,attribution,False,12,0.0,0.0
32,sparse_robust,21,13,23,Lower,0,Lower,0,0.525660753126434,1,0.6104471149643722,0.6104471149643722,0.0,0.525660753126434,0.5,False,0.0,attribution,False,12,0.0,0.0
32,sparse_robust,22,10,20,Higher,1,Higher,1,0.9996453163148146,1,8.064926694770632e-05,0.3681436713001557,0.368063022033208,0.9996453163148146,0.5,True,0.0,attribution,False,12,0.0,0.0
32,sparse_robust,23,24,34,Higher,1,Higher,1,0.9991179259930544,1,6.790224483940252e-06,0.3252806901602278,0.3252738999357439,0.9991179259930544,0.5,False,0.0,attribution,False,12,0.0,0.0
32,sparse_robust,24,23,33,Higher,1,Higher,1,0.5256547527197242,1,3.4596519872552287e-05,3.346691729294839e-05,-1.1296025796038992e-06,0.5256547527197242,0.5,True,0.0,attribution,False,12,0.0,0.0
32,sparse_robust,25,12,22,Lower,0,Lower,0,3.914971676109092e-05,0,0.9403565744156018,0.4591870472062804,-0.4811695272093214,3.914971676109092e-05,0.5,False,0.0,attribution,False,12,0.0,0.0
32,sparse_robust,26,21,31,Higher,1,Higher,1,0.5268435858642426,1,1.863933925525387e-05,0.0002413403952732,0.000222701056018,0.5268435858642426,0.5,False,0.0,attribution,False,12,0.0,0.0
32,sparse_robust,27,20,30,Higher,1,Higher,1,0.9999284292323108,1,7.047303953148391e-05,0.4432755616250011,0.4432050885854696,0.9999284292323108,0.5,True,0.0,attribution,False,12,0.0,0.0
32,sparse_robust,28,27,37,Higher,1,Higher,1,0.999743544970596,1,5.331134848111942e-05,0.3833422093267024,0.3832888979782212,0.999743544970596,0.5,True,0.0,attribution,False,12,0.0,0.0
32,sparse_robust,29,7,17,Higher,1,Higher,1,0.525660753126434,1,0.5573537379737729,0.5573537379737729,0.0,0.525660753126434,0.5,False,0.0,attribution,False,12,0.0,0.0
32,sparse_robust,30,8,18,Higher,1,Higher,1,0.9999304165370684,1,0.0319449596867372,0.476471951869962,0.4445269921832248,0.9999304165370684,0.5,False,0.0,attribution,False,12,0.0,0.0
32,sparse_robust,31,17,27,Lower,0,Lower,0,0.0002894096607828,0,0.9446172099179044,0.5573598595713465,-0.387257350346558,0.0002894096607828,0.5,False,0.0,attribution,False,12,0.0,0.0
32,sparse_robust,32,2,12,Lower,0,Lower,0,0.0004468482151536,0,0.4004330801027129,0.0335725705645851,-0.3668605095381277,0.0004468482151536,0.5,True,0.0,attribution,False,12,0.0,0.0
32,sparse_robust,33,6,16,Lower,0,Lower,0,5.975046067005813e-05,0,0.9483270811484968,0.4870038414662209,-0.4613232396822758,5.975046067005813e-05,0.5,False,0.0,attribution,False,12,0.0,0.0
32,sparse_robust,34,9,19,Higher,1,Higher,1,0.5247774003320241,1,0.0003336658603227,0.0001673857065975,-0.0001662801537252,0.5247774003320241,0.5,True,0.0,attribution,False,12,0.0,0.0
32,sparse_robust,35,16,26,Higher,1,Higher,1,0.6638669365055444,1,0.0902751991301199,0.1173988714859917,0.0271236723558717,0.6638669365055444,0.5,False,0.0,attribution,False,12,0.0,0.0
32,sparse_robust,36,3,13,Higher,1,Higher,1,0.525660753126434,1,0.0268464029712525,0.0268464029712525,0.0,0.525660753126434,0.5,False,0.0,attribution,False,12,0.0,0.0
32,sparse_robust,37,19,29,Higher,1,Higher,1,0.999270631605958,1,0.0195728748234663,0.353777036255875,0.3342041614324087,0.999270631605958,0.5,False,0.0,attribution,False,12,0.0,0.0
32,sparse_robust,38,22,32,Higher,1,Higher,1,0.999940415710058,1,3.534199734683467e-05,0.4518447860493997,0.4518094440520529,0.999940415710058,0.5,True,0.0,attribution,False,12,0.0,0.0
