Participant Id,Condition,Model,dataId,Complexity,Phase,Trial Index,Instance Id,XAIType,Tested w/ XAI,Model Pred Time,Time,Response,AI Prediction (y),Model Prediction,Objective
69,DT,mlp,mushrooms,high,,0,197.0,DT,True,14.255504124153022,86.164,-60,0,0,26.951295264802415
69,DT,mlp,mushrooms,high,,1,320.0,DT,False,0.200774007674971,24.607,-40,0,1,26.951295264802415
69,DT,mlp,mushrooms,high,,2,323.0,DT,False,7.233171587357756,26.359,-40,1,1,26.951295264802415
69,DT,mlp,mushrooms,high,,3,383.0,DT,False,3.115447278394634,20.643,40,1,1,26.951295264802415
69,DT,mlp,mushrooms,high,,4,376.0,DT,False,3.0526501750730852,14.955,20,0,1,26.951295264802415
69,DT,mlp,mushrooms,high,,5,94.0,DT,False,4.053849390991571,15.474,-60,0,0,26.951295264802415
69,DT,mlp,mushrooms,high,,6,191.0,DT,True,5.029738193321751,18.147,-40,0,0,26.951295264802415
69,DT,mlp,mushrooms,high,,7,64.0,DT,False,2.9117256282196227,56.499,-60,1,1,26.951295264802415
69,DT,mlp,mushrooms,high,,8,53.0,DT,False,7.333486612178662,11.232,-40,1,0,26.951295264802415
69,DT,mlp,mushrooms,high,,9,232.0,DT,False,3.775105522226157,11.641,20,0,0,26.951295264802415
69,DT,mlp,mushrooms,high,,10,49.0,DT,False,6.422128804492619,16.385,-40,1,0,26.951295264802415
69,DT,mlp,mushrooms,high,,11,135.0,DT,True,5.134565499689448,24.627,20,0,0,26.951295264802415
69,DT,mlp,mushrooms,high,,12,141.0,DT,True,4.545888924709288,9.31,40,1,0,26.951295264802415
69,DT,mlp,mushrooms,high,,13,165.0,DT,False,7.089610008923433,8.785,60,0,1,26.951295264802415
69,DT,mlp,mushrooms,high,,14,38.0,DT,False,8.644628427114482,7.636,-20,0,0,26.951295264802415
69,DT,mlp,mushrooms,high,,15,324.0,DT,False,8.135148409507085,4.598,-60,0,0,26.951295264802415
69,DT,mlp,mushrooms,high,,16,246.0,DT,True,6.446020700698539,73.225,-60,1,0,26.951295264802415
69,DT,mlp,mushrooms,high,,17,228.0,DT,False,3.618547670702023,8.584,-100,0,1,26.951295264802415
69,DT,mlp,mushrooms,high,,18,287.0,DT,False,8.724975651004266,10.541,100,0,0,26.951295264802415
69,DT,mlp,mushrooms,high,,19,365.0,DT,True,3.8543804382121376,19.641,20,0,0,26.951295264802415
69,DT,mlp,mushrooms,high,,20,347.0,DT,False,10.35663598252375,8.755,100,1,1,26.951295264802415
69,DT,mlp,mushrooms,high,,21,340.0,DT,True,8.776092484528446,16.746,-40,0,0,26.951295264802415
69,DT,mlp,mushrooms,high,,22,339.0,DT,False,8.557649602619843,7.248,60,0,0,26.951295264802415
69,DT,mlp,mushrooms,high,,23,244.0,DT,True,4.100692220822909,15.666,80,0,0,26.951295264802415
69,DT,mlp,mushrooms,high,,24,95.0,DT,False,3.797927944884046,7.501,-80,0,1,26.951295264802415
69,DT,mlp,mushrooms,high,,25,364.0,DT,False,8.477217826323791,7.548,20,1,1,26.951295264802415
69,DT,mlp,mushrooms,high,,26,388.0,DT,True,8.359533290708471,17.26,-60,0,0,26.951295264802415
69,DT,mlp,mushrooms,high,,27,218.0,DT,True,8.635780614551814,16.534,40,1,0,26.951295264802415
69,DT,mlp,mushrooms,high,,28,22.0,DT,True,8.88181119948114,5.081,40,1,0,26.951295264802415
69,DT,mlp,mushrooms,high,,29,333.0,DT,False,3.8656553576679658,6.918,-80,0,0,26.951295264802415
69,DT,mlp,mushrooms,high,,30,93.0,DT,False,10.80788094938412,12.577,40,0,1,26.951295264802415
69,DT,mlp,mushrooms,high,,31,301.0,DT,True,10.503029824674586,6.496,-40,1,1,26.951295264802415
69,DT,mlp,mushrooms,high,,32,349.0,DT,True,8.451931055925925,6.065,-40,0,0,26.951295264802415
69,DT,mlp,mushrooms,high,,33,108.0,DT,False,8.662527997276499,11.11,-20,0,0,26.951295264802415
69,DT,mlp,mushrooms,high,,34,81.0,DT,False,10.260507775499896,14.072,40,1,1,26.951295264802415
69,DT,mlp,mushrooms,high,,35,291.0,DT,True,3.794916209256426,20.06,80,0,1,26.951295264802415
69,DT,mlp,mushrooms,high,,36,252.0,DT,False,10.227848491002485,6.716,20,1,1,26.951295264802415
69,DT,mlp,mushrooms,high,,37,381.0,DT,False,10.515821163455156,6.863,20,1,1,26.951295264802415
69,DT,mlp,mushrooms,high,,38,386.0,DT,False,10.43806757982388,5.467,60,1,1,26.951295264802415
69,DT,mlp,mushrooms,high,,39,205.0,DT,False,3.7469212830775582,6.744,-80,0,0,26.951295264802415
273,DT,mlp,mushrooms,high,,0,73.0,DT,False,0.2009302626229168,41.114,40,0,1,21.491130586463672
273,DT,mlp,mushrooms,high,,1,180.0,DT,True,0.2041180730709053,82.951,60,1,0,21.491130586463672
273,DT,mlp,mushrooms,high,,2,162.0,DT,True,0.2017333008495844,26.552,60,1,1,21.491130586463672
273,DT,mlp,mushrooms,high,,3,228.0,DT,True,4.406734061958073,16.087,-80,0,0,21.491130586463672
273,DT,mlp,mushrooms,high,,4,6.0,DT,False,7.118699681878184,22.463,80,1,1,21.491130586463672
273,DT,mlp,mushrooms,high,,5,40.0,DT,False,5.996885014220551,19.972,-80,0,1,21.491130586463672
273,DT,mlp,mushrooms,high,,6,100.0,DT,True,5.322507461397429,17.15,100,0,1,21.491130586463672
273,DT,mlp,mushrooms,high,,7,376.0,DT,True,6.379503627820191,16.893,-80,0,1,21.491130586463672
273,DT,mlp,mushrooms,high,,8,299.0,DT,True,7.686596356704834,13.719,80,1,1,21.491130586463672
273,DT,mlp,mushrooms,high,,9,379.0,DT,True,7.272592489812037,16.642,80,0,1,21.491130586463672
273,DT,mlp,mushrooms,high,,10,335.0,DT,True,6.375461652648762,20.527,-60,0,1,21.491130586463672
273,DT,mlp,mushrooms,high,,11,2.0,DT,False,7.595346601329352,36.514,60,1,1,21.491130586463672
273,DT,mlp,mushrooms,high,,12,360.0,DT,True,6.256845412492775,17.193,-20,0,1,21.491130586463672
273,DT,mlp,mushrooms,high,,13,215.0,DT,True,3.771262193605075,16.501,-60,0,1,21.491130586463672
273,DT,mlp,mushrooms,high,,14,357.0,DT,False,10.550543035859718,21.813,40,1,1,21.491130586463672
273,DT,mlp,mushrooms,high,,15,113.0,DT,True,6.717514651708558,13.069,-40,0,0,21.491130586463672
273,DT,mlp,mushrooms,high,,16,386.0,DT,False,10.73733049488674,14.325,40,1,1,21.491130586463672
273,DT,mlp,mushrooms,high,,17,352.0,DT,True,7.181069906175479,56.282,40,1,1,21.491130586463672
273,DT,mlp,mushrooms,high,,18,18.0,DT,True,7.0006968035069885,10.919,-60,0,0,21.491130586463672
273,DT,mlp,mushrooms,high,,19,197.0,DT,True,6.7583378645666965,12.438,-60,0,0,21.491130586463672
273,DT,mlp,mushrooms,high,,20,4.0,DT,True,7.711970020593384,10.887,-80,1,0,21.491130586463672
273,DT,mlp,mushrooms,high,,21,156.0,DT,False,3.785999366358363,37.132,-20,0,0,21.491130586463672
273,DT,mlp,mushrooms,high,,22,165.0,DT,False,10.666201360222916,16.079,-40,0,0,21.491130586463672
273,DT,mlp,mushrooms,high,,23,227.0,DT,False,10.300683001897738,17.152,-60,1,1,21.491130586463672
273,DT,mlp,mushrooms,high,,24,225.0,DT,False,3.9455273198713545,9.898,-40,0,1,21.491130586463672
273,DT,mlp,mushrooms,high,,25,142.0,DT,True,7.304892889075371,20.037,40,1,1,21.491130586463672
273,DT,mlp,mushrooms,high,,26,170.0,DT,False,10.27850584251129,19.784,60,1,1,21.491130586463672
273,DT,mlp,mushrooms,high,,27,234.0,DT,True,10.407962884349446,13.482,80,1,1,21.491130586463672
273,DT,mlp,mushrooms,high,,28,369.0,DT,False,10.22447266460308,21.711,80,1,0,21.491130586463672
273,DT,mlp,mushrooms,high,,29,155.0,DT,False,10.424457676215583,12.904,80,1,1,21.491130586463672
273,DT,mlp,mushrooms,high,,30,66.0,DT,False,3.696624536484149,13.91,-60,0,1,21.491130586463672
273,DT,mlp,mushrooms,high,,31,323.0,DT,False,10.773736495278268,7.759,-40,1,1,21.491130586463672
273,DT,mlp,mushrooms,high,,32,138.0,DT,True,8.676975049434263,20.137,-40,0,0,21.491130586463672
273,DT,mlp,mushrooms,high,,33,279.0,DT,True,10.070486799259434,10.29,80,1,1,21.491130586463672
273,DT,mlp,mushrooms,high,,34,186.0,DT,True,3.804193366276972,9.213,-40,0,1,21.491130586463672
273,DT,mlp,mushrooms,high,,35,231.0,DT,False,3.922291936866944,18.485,-40,1,1,21.491130586463672
273,DT,mlp,mushrooms,high,,36,96.0,DT,True,4.031877558490417,18.18,-20,0,0,21.491130586463672
273,DT,mlp,mushrooms,high,,37,325.0,DT,False,8.654100210398187,7.072,-40,0,0,21.491130586463672
273,DT,mlp,mushrooms,high,,38,247.0,DT,True,10.129926503648734,12.976,-60,1,1,21.491130586463672
273,DT,mlp,mushrooms,high,,39,395.0,DT,False,8.481213917734323,12.294,-60,0,0,21.491130586463672
272,DT,mlp,mushrooms,high,,0,305.0,DT,True,15.448242648783507,64.571,80,1,1,17.788692030276547
272,DT,mlp,mushrooms,high,,1,241.0,DT,False,0.2007630242372293,15.127,-20,1,0,17.788692030276547
272,DT,mlp,mushrooms,high,,2,242.0,DT,True,7.607559966777894,31.068,100,1,1,17.788692030276547
272,DT,mlp,mushrooms,high,,3,236.0,DT,False,4.700634099448384,18.466,-60,0,1,17.788692030276547
272,DT,mlp,mushrooms,high,,4,230.0,DT,False,10.070804532856537,12.202,40,1,1,17.788692030276547
272,DT,mlp,mushrooms,high,,5,3.0,DT,True,3.682654598589159,16.137,-100,0,0,17.788692030276547
272,DT,mlp,mushrooms,high,,6,89.0,DT,False,6.253846339923081,97.149,20,0,0,17.788692030276547
272,DT,mlp,mushrooms,high,,7,180.0,DT,True,8.30978533848481,14.575,100,1,1,17.788692030276547
272,DT,mlp,mushrooms,high,,8,280.0,DT,False,8.75578936384905,12.762,20,1,0,17.788692030276547
272,DT,mlp,mushrooms,high,,9,46.0,DT,True,8.815756176588941,23.834,100,1,1,17.788692030276547
272,DT,mlp,mushrooms,high,,10,329.0,DT,False,9.613680852038284,16.876,-20,1,1,17.788692030276547
272,DT,mlp,mushrooms,high,,11,202.0,DT,False,10.382220498511565,5.621,20,1,1,17.788692030276547
272,DT,mlp,mushrooms,high,,12,109.0,DT,True,10.482708273544612,22.268,100,1,1,17.788692030276547
272,DT,mlp,mushrooms,high,,13,322.0,DT,False,7.034416337949677,9.146,-40,0,1,17.788692030276547
272,DT,mlp,mushrooms,high,,14,333.0,DT,True,3.8103672178655255,39.221,-100,0,1,17.788692030276547
272,DT,mlp,mushrooms,high,,15,399.0,DT,False,10.349952467336216,24.702,60,1,1,17.788692030276547
272,DT,mlp,mushrooms,high,,16,339.0,DT,True,6.338292483613336,7.186,-100,0,1,17.788692030276547
272,DT,mlp,mushrooms,high,,17,313.0,DT,False,7.3722257214842655,9.278,-40,0,0,17.788692030276547
272,DT,mlp,mushrooms,high,,18,377.0,DT,False,8.18545559943153,8.273,-60,0,0,17.788692030276547
272,DT,mlp,mushrooms,high,,19,218.0,DT,False,10.955844248761585,9.015,20,1,1,17.788692030276547
272,DT,mlp,mushrooms,high,,20,308.0,DT,False,10.366736463019912,15.22,40,1,1,17.788692030276547
272,DT,mlp,mushrooms,high,,21,120.0,DT,False,9.545776224586549,8.682,60,1,1,17.788692030276547
272,DT,mlp,mushrooms,high,,22,351.0,DT,True,4.463410887561834,7.325,-100,0,0,17.788692030276547
272,DT,mlp,mushrooms,high,,23,181.0,DT,True,10.14681125229352,8.355,60,1,1,17.788692030276547
272,DT,mlp,mushrooms,high,,24,95.0,DT,False,4.477691597659261,12.038,-80,0,1,17.788692030276547
272,DT,mlp,mushrooms,high,,25,282.0,DT,False,7.153121517055994,5.899,-100,1,0,17.788692030276547
272,DT,mlp,mushrooms,high,,26,58.0,DT,True,4.471869499881858,8.565,-100,0,0,17.788692030276547
272,DT,mlp,mushrooms,high,,27,30.0,DT,True,10.53328630458729,9.474,100,1,1,17.788692030276547
272,DT,mlp,mushrooms,high,,28,290.0,DT,True,9.981148026350256,7.811,100,1,1,17.788692030276547
272,DT,mlp,mushrooms,high,,29,250.0,DT,False,10.7740136785692,13.112,100,1,1,17.788692030276547
272,DT,mlp,mushrooms,high,,30,48.0,DT,False,4.7524997089062095,36.512,-100,0,0,17.788692030276547
272,DT,mlp,mushrooms,high,,31,266.0,DT,True,4.206194272724064,32.574,-100,0,1,17.788692030276547
272,DT,mlp,mushrooms,high,,32,379.0,DT,False,10.366553308864749,23.075,60,0,1,17.788692030276547
272,DT,mlp,mushrooms,high,,33,238.0,DT,False,10.705804297704304,14.483,100,1,1,17.788692030276547
272,DT,mlp,mushrooms,high,,34,380.0,DT,False,4.709303026835272,32.73,-40,0,1,17.788692030276547
272,DT,mlp,mushrooms,high,,35,279.0,DT,False,10.453814801611449,11.155,40,1,1,17.788692030276547
272,DT,mlp,mushrooms,high,,36,358.0,DT,True,10.624838052756504,7.004,100,1,1,17.788692030276547
272,DT,mlp,mushrooms,high,,37,105.0,DT,False,7.268128678542138,9.122,60,1,0,17.788692030276547
272,DT,mlp,mushrooms,high,,38,61.0,DT,True,7.255884071010469,7.412,-100,0,0,17.788692030276547
272,DT,mlp,mushrooms,high,,39,150.0,DT,True,7.437285141281615,6.341,-100,0,1,17.788692030276547
161,DT,mlp,mushrooms,low,,0,202.0,DT,False,0.2078377412151091,19.202,-40,1,0,34.6366318292715
161,DT,mlp,mushrooms,low,,1,72.0,DT,True,0.271248501406152,20.675,20,0,0,34.6366318292715
161,DT,mlp,mushrooms,low,,2,23.0,DT,False,0.3574450746250347,14.621,-60,0,0,34.6366318292715
161,DT,mlp,mushrooms,low,,3,13.0,DT,True,5.243632964121194,6.849,20,0,0,34.6366318292715
161,DT,mlp,mushrooms,low,,4,106.0,DT,True,5.498470402042167,6.444,60,0,0,34.6366318292715
161,DT,mlp,mushrooms,low,,5,17.0,DT,True,6.3912751753100805,6.624,-60,0,0,34.6366318292715
161,DT,mlp,mushrooms,low,,6,19.0,DT,False,4.952425768340461,3.837,60,1,1,34.6366318292715
161,DT,mlp,mushrooms,low,,7,339.0,DT,False,5.234403938150694,10.322,20,0,0,34.6366318292715
161,DT,mlp,mushrooms,low,,8,153.0,DT,True,6.277661474590676,5.246,-60,0,0,34.6366318292715
161,DT,mlp,mushrooms,low,,9,251.0,DT,False,7.074897952569653,5.74,60,1,1,34.6366318292715
161,DT,mlp,mushrooms,low,,10,237.0,DT,True,6.090047813117902,7.739,20,1,1,34.6366318292715
161,DT,mlp,mushrooms,low,,11,91.0,DT,False,7.1341383513717265,4.63,-40,1,1,34.6366318292715
161,DT,mlp,mushrooms,low,,12,307.0,DT,True,6.05279642175242,4.784,40,1,1,34.6366318292715
161,DT,mlp,mushrooms,low,,13,203.0,DT,True,3.494396941880169,3.316,100,0,1,34.6366318292715
161,DT,mlp,mushrooms,low,,14,232.0,DT,False,3.72494081704457,15.205,-80,0,0,34.6366318292715
161,DT,mlp,mushrooms,low,,15,287.0,DT,True,6.087113957650978,29.612,-40,0,0,34.6366318292715
161,DT,mlp,mushrooms,low,,16,387.0,DT,False,6.987426758573779,7.444,-100,0,1,34.6366318292715
161,DT,mlp,mushrooms,low,,17,181.0,DT,True,6.077891859583271,20.529,-40,1,0,34.6366318292715
161,DT,mlp,mushrooms,low,,18,156.0,DT,False,3.837517245894844,4.24,100,0,1,34.6366318292715
161,DT,mlp,mushrooms,low,,19,316.0,DT,False,6.926958668781733,8.474,20,1,1,34.6366318292715
161,DT,mlp,mushrooms,low,,20,347.0,DT,False,7.0061706988201635,7.257,-20,1,1,34.6366318292715
161,DT,mlp,mushrooms,low,,21,87.0,DT,False,6.857431279989544,5.503,-20,0,0,34.6366318292715
161,DT,mlp,mushrooms,low,,22,188.0,DT,True,7.077138020957478,6.601,-20,0,0,34.6366318292715
161,DT,mlp,mushrooms,low,,23,29.0,DT,False,7.028584148461532,5.91,-60,0,0,34.6366318292715
161,DT,mlp,mushrooms,low,,24,241.0,DT,True,6.991101667374935,7.84,20,1,1,34.6366318292715
161,DT,mlp,mushrooms,low,,25,340.0,DT,False,6.896683416850839,4.471,-100,0,0,34.6366318292715
161,DT,mlp,mushrooms,low,,26,337.0,DT,False,6.91962156536966,5.964,-40,1,0,34.6366318292715
161,DT,mlp,mushrooms,low,,27,197.0,DT,True,6.985035645783053,46.423,20,0,0,34.6366318292715
161,DT,mlp,mushrooms,low,,28,45.0,DT,False,6.885420071390273,4.695,-80,0,1,34.6366318292715
161,DT,mlp,mushrooms,low,,29,243.0,DT,False,6.9083735083379585,6.581,20,0,0,34.6366318292715
161,DT,mlp,mushrooms,low,,30,227.0,DT,True,6.972628017855707,4.969,20,1,1,34.6366318292715
161,DT,mlp,mushrooms,low,,31,367.0,DT,True,7.031785487148453,8.7,80,1,1,34.6366318292715
161,DT,mlp,mushrooms,low,,32,372.0,DT,True,3.775849574256288,3.861,100,0,0,34.6366318292715
161,DT,mlp,mushrooms,low,,33,353.0,DT,True,6.8662732679111045,17.271,20,1,1,34.6366318292715
161,DT,mlp,mushrooms,low,,34,58.0,DT,False,3.884264024890159,5.581,-40,0,0,34.6366318292715
161,DT,mlp,mushrooms,low,,35,107.0,DT,False,6.902677339008665,27.744,-20,1,1,34.6366318292715
161,DT,mlp,mushrooms,low,,36,211.0,DT,False,6.9746557100096584,4.279,40,1,0,34.6366318292715
161,DT,mlp,mushrooms,low,,37,122.0,DT,True,6.9307526128352945,19.072,-20,1,1,34.6366318292715
161,DT,mlp,mushrooms,low,,38,258.0,DT,True,6.9365123740771955,16.384,-100,0,0,34.6366318292715
161,DT,mlp,mushrooms,low,,39,397.0,DT,False,3.64058828440809,6.092,40,0,0,34.6366318292715
45,DT,mlp,mushrooms,high,,0,33.0,DT,False,0.2105018686131511,24.843,-20,1,1,19.78323728704416
45,DT,mlp,mushrooms,high,,1,321.0,DT,False,0.2071932164780439,10.378,20,1,0,19.78323728704416
45,DT,mlp,mushrooms,high,,2,287.0,DT,True,0.2137485020462374,31.887,-100,0,1,19.78323728704416
45,DT,mlp,mushrooms,high,,3,1.0,DT,False,0.2294824947977564,17.145,20,1,1,19.78323728704416
45,DT,mlp,mushrooms,high,,4,374.0,DT,True,6.531059988004946,69.9,-100,0,0,19.78323728704416
45,DT,mlp,mushrooms,high,,5,169.0,DT,False,5.384928963626009,62.929,-40,0,0,19.78323728704416
45,DT,mlp,mushrooms,high,,6,206.0,DT,False,6.48578358995926,3.893,-40,0,1,19.78323728704416
45,DT,mlp,mushrooms,high,,7,390.0,DT,True,5.176969157201404,39.484,-100,0,0,19.78323728704416
45,DT,mlp,mushrooms,high,,8,185.0,DT,False,5.992761735244555,6.047,-100,0,0,19.78323728704416
45,DT,mlp,mushrooms,high,,9,96.0,DT,True,3.4281647851575943,11.014,-100,0,1,19.78323728704416
45,DT,mlp,mushrooms,high,,10,313.0,DT,True,6.690888682496549,16.838,-100,0,1,19.78323728704416
45,DT,mlp,mushrooms,high,,11,23.0,DT,True,7.868534502191265,9.699,-100,0,0,19.78323728704416
45,DT,mlp,mushrooms,high,,12,360.0,DT,False,8.584438070710506,4.331,-100,0,0,19.78323728704416
45,DT,mlp,mushrooms,high,,13,155.0,DT,False,7.995713901452607,11.987,20,1,1,19.78323728704416
45,DT,mlp,mushrooms,high,,14,232.0,DT,True,3.446836190185998,16.965,-100,0,0,19.78323728704416
45,DT,mlp,mushrooms,high,,15,215.0,DT,True,3.487983956220249,3.676,-100,0,1,19.78323728704416
45,DT,mlp,mushrooms,high,,16,50.0,DT,True,6.080590771543366,8.45,-100,0,0,19.78323728704416
45,DT,mlp,mushrooms,high,,17,140.0,DT,False,6.585153016096788,9.028,60,0,0,19.78323728704416
45,DT,mlp,mushrooms,high,,18,378.0,DT,False,10.456804870624888,12.226,40,1,1,19.78323728704416
45,DT,mlp,mushrooms,high,,19,263.0,DT,False,10.061477200002672,19.729,40,1,0,19.78323728704416
45,DT,mlp,mushrooms,high,,20,214.0,DT,True,8.468499778464757,25.011,100,1,1,19.78323728704416
45,DT,mlp,mushrooms,high,,21,366.0,DT,False,8.767684434456047,7.275,-100,0,0,19.78323728704416
45,DT,mlp,mushrooms,high,,22,307.0,DT,True,10.55426039557531,11.621,100,1,1,19.78323728704416
45,DT,mlp,mushrooms,high,,23,305.0,DT,True,10.054021837177848,13.534,100,1,1,19.78323728704416
45,DT,mlp,mushrooms,high,,24,13.0,DT,False,8.684427198959927,8.275,-100,0,0,19.78323728704416
45,DT,mlp,mushrooms,high,,25,382.0,DT,True,8.706281909946963,5.701,-100,0,0,19.78323728704416
45,DT,mlp,mushrooms,high,,26,286.0,DT,True,9.9921049718443,8.545,100,1,1,19.78323728704416
45,DT,mlp,mushrooms,high,,27,398.0,DT,False,10.673794884421934,10.727,-40,1,1,19.78323728704416
45,DT,mlp,mushrooms,high,,28,152.0,DT,True,8.610052290924466,12.623,-100,0,0,19.78323728704416
45,DT,mlp,mushrooms,high,,29,250.0,DT,True,10.35069730433551,10.014,100,1,1,19.78323728704416
45,DT,mlp,mushrooms,high,,30,249.0,DT,False,8.481602802231869,4.666,-100,0,0,19.78323728704416
45,DT,mlp,mushrooms,high,,31,336.0,DT,True,10.45418272159268,8.416,-100,0,0,19.78323728704416
45,DT,mlp,mushrooms,high,,32,188.0,DT,False,8.577724295474392,5.184,-100,0,0,19.78323728704416
45,DT,mlp,mushrooms,high,,33,12.0,DT,False,4.035368095398146,11.406,-20,0,0,19.78323728704416
45,DT,mlp,mushrooms,high,,34,391.0,DT,False,8.593783196608099,15.221,20,1,0,19.78323728704416
45,DT,mlp,mushrooms,high,,35,261.0,DT,False,10.339063945921984,11.755,-20,0,0,19.78323728704416
45,DT,mlp,mushrooms,high,,36,294.0,DT,False,10.254181226131116,27.904,-100,1,1,19.78323728704416
45,DT,mlp,mushrooms,high,,37,242.0,DT,False,10.567571335156387,23.758,20,1,1,19.78323728704416
45,DT,mlp,mushrooms,high,,38,156.0,DT,True,3.909679194167998,16.244,-100,0,1,19.78323728704416
45,DT,mlp,mushrooms,high,,39,280.0,DT,True,9.894613468998362,12.491,100,1,1,19.78323728704416
49,DT,mlp,mushrooms,high,,0,54.0,DT,True,15.783700358835834,45.032,60,1,0,26.408315148866524
49,DT,mlp,mushrooms,high,,1,391.0,DT,False,0.2007599842244314,10.002,20,1,1,26.408315148866524
49,DT,mlp,mushrooms,high,,2,142.0,DT,False,4.824749853149834,9.48,-20,1,1,26.408315148866524
49,DT,mlp,mushrooms,high,,3,201.0,DT,True,2.529925127695647,34.447,80,1,1,26.408315148866524
49,DT,mlp,mushrooms,high,,4,96.0,DT,True,2.873594834189424,15.06,-80,0,1,26.408315148866524
49,DT,mlp,mushrooms,high,,5,158.0,DT,False,5.778668554400915,10.394,-80,0,1,26.408315148866524
49,DT,mlp,mushrooms,high,,6,77.0,DT,False,5.964975852421981,7.194,-80,0,1,26.408315148866524
49,DT,mlp,mushrooms,high,,7,18.0,DT,True,4.616880385544208,14.644,-100,0,0,26.408315148866524
49,DT,mlp,mushrooms,high,,8,375.0,DT,False,5.444891054940876,9.783,-20,1,0,26.408315148866524
49,DT,mlp,mushrooms,high,,9,98.0,DT,False,7.876715295558784,7.866,40,1,1,26.408315148866524
49,DT,mlp,mushrooms,high,,10,103.0,DT,False,8.439698604993378,8.695,60,0,0,26.408315148866524
49,DT,mlp,mushrooms,high,,11,209.0,DT,False,8.159840357602624,8.178,-20,0,0,26.408315148866524
49,DT,mlp,mushrooms,high,,12,178.0,DT,True,6.895203876466062,61.319,80,1,1,26.408315148866524
49,DT,mlp,mushrooms,high,,13,274.0,DT,True,5.817117646838503,13.553,100,1,0,26.408315148866524
49,DT,mlp,mushrooms,high,,14,390.0,DT,True,8.9942852609793,16.283,-80,0,1,26.408315148866524
49,DT,mlp,mushrooms,high,,15,59.0,DT,False,8.514478452346554,13.753,-80,1,0,26.408315148866524
49,DT,mlp,mushrooms,high,,16,220.0,DT,True,9.239521459910495,18.709,-60,0,1,26.408315148866524
49,DT,mlp,mushrooms,high,,17,20.0,DT,False,4.3901309750082875,14.914,20,0,0,26.408315148866524
49,DT,mlp,mushrooms,high,,18,280.0,DT,True,8.985595065920533,14.607,80,1,1,26.408315148866524
49,DT,mlp,mushrooms,high,,19,281.0,DT,False,10.76180956503374,15.891,60,1,1,26.408315148866524
49,DT,mlp,mushrooms,high,,20,282.0,DT,True,8.458151782541375,11.416,-80,1,0,26.408315148866524
49,DT,mlp,mushrooms,high,,21,243.0,DT,True,8.594176887070494,10.53,20,0,1,26.408315148866524
49,DT,mlp,mushrooms,high,,22,254.0,DT,False,3.729208116113195,9.709,-80,0,0,26.408315148866524
49,DT,mlp,mushrooms,high,,23,113.0,DT,True,8.769121266726284,15.55,-20,0,0,26.408315148866524
49,DT,mlp,mushrooms,high,,24,301.0,DT,False,10.015668554655289,14.513,-60,1,1,26.408315148866524
49,DT,mlp,mushrooms,high,,25,51.0,DT,False,4.090611596128878,7.247,-20,0,0,26.408315148866524
49,DT,mlp,mushrooms,high,,26,362.0,DT,True,10.620352117114136,18.239,80,1,1,26.408315148866524
49,DT,mlp,mushrooms,high,,27,84.0,DT,True,10.34176979197605,8.985,80,1,1,26.408315148866524
49,DT,mlp,mushrooms,high,,28,9.0,DT,False,4.109414409669401,11.139,-20,0,1,26.408315148866524
49,DT,mlp,mushrooms,high,,29,337.0,DT,False,8.641085188503435,15.45,60,1,0,26.408315148866524
49,DT,mlp,mushrooms,high,,30,46.0,DT,False,10.668029410719322,10.428,20,1,1,26.408315148866524
49,DT,mlp,mushrooms,high,,31,318.0,DT,False,8.661554060197247,14.378,-60,0,0,26.408315148866524
49,DT,mlp,mushrooms,high,,32,47.0,DT,True,10.656891466666956,12.475,80,0,1,26.408315148866524
49,DT,mlp,mushrooms,high,,33,286.0,DT,False,10.51231062398598,12.583,60,1,1,26.408315148866524
49,DT,mlp,mushrooms,high,,34,89.0,DT,True,8.82859756590618,9.654,-40,0,0,26.408315148866524
49,DT,mlp,mushrooms,high,,35,237.0,DT,False,10.226493745178791,7.856,40,1,1,26.408315148866524
49,DT,mlp,mushrooms,high,,36,66.0,DT,True,3.7525763714731566,11.387,-100,0,1,26.408315148866524
49,DT,mlp,mushrooms,high,,37,173.0,DT,False,10.482822292868375,9.918,40,1,1,26.408315148866524
49,DT,mlp,mushrooms,high,,38,374.0,DT,False,8.726113344122322,7.848,-40,0,0,26.408315148866524
49,DT,mlp,mushrooms,high,,39,7.0,DT,False,10.607913359620866,11.287,-40,0,1,26.408315148866524
200,LR,mlp,mushrooms,high,,0,338.0,LR,False,8.095798539998249,27.606,20,0,0,37.20756816896528
200,LR,mlp,mushrooms,high,,1,341.0,LR,True,6.297900119526409,40.406,-100,1,0,37.20756816896528
200,LR,mlp,mushrooms,high,,2,251.0,LR,False,8.10157719315905,8.929,-20,1,1,37.20756816896528
200,LR,mlp,mushrooms,high,,3,310.0,LR,True,6.055378860782659,13.619,80,1,1,37.20756816896528
200,LR,mlp,mushrooms,high,,4,291.0,LR,True,6.112484359739957,14.878,100,0,1,37.20756816896528
200,LR,mlp,mushrooms,high,,5,323.0,LR,True,5.895259099638597,20.316,40,1,1,37.20756816896528
200,LR,mlp,mushrooms,high,,6,254.0,LR,True,6.0614348895390044,9.839,80,0,1,37.20756816896528
200,LR,mlp,mushrooms,high,,7,300.0,LR,False,8.132915716715901,23.843,-40,1,1,37.20756816896528
200,LR,mlp,mushrooms,high,,8,135.0,LR,False,8.213237999410834,8.332,-100,0,1,37.20756816896528
200,LR,mlp,mushrooms,high,,9,180.0,LR,False,10.184215326190488,8.19,40,1,0,37.20756816896528
200,LR,mlp,mushrooms,high,,10,26.0,LR,False,10.145249265538842,10.604,20,1,1,37.20756816896528
200,LR,mlp,mushrooms,high,,11,326.0,LR,True,6.07590919565345,10.134,20,0,0,37.20756816896528
200,LR,mlp,mushrooms,high,,12,364.0,LR,False,9.835696728004416,7.312,20,1,1,37.20756816896528
200,LR,mlp,mushrooms,high,,13,281.0,LR,False,10.066086832883425,5.936,-100,1,0,37.20756816896528
200,LR,mlp,mushrooms,high,,14,295.0,LR,True,5.710653071277586,12.098,-100,1,1,37.20756816896528
200,LR,mlp,mushrooms,high,,15,375.0,LR,False,10.102821555956352,5.84,-40,1,0,37.20756816896528
200,LR,mlp,mushrooms,high,,16,259.0,LR,True,7.66896824128963,7.023,-40,0,1,37.20756816896528
200,LR,mlp,mushrooms,high,,17,293.0,LR,True,7.883107664942584,9.499,-40,0,1,37.20756816896528
200,LR,mlp,mushrooms,high,,18,139.0,LR,True,8.48244996028833,6.138,-20,0,0,37.20756816896528
200,LR,mlp,mushrooms,high,,19,312.0,LR,True,7.704499100651237,6.466,-20,1,1,37.20756816896528
200,LR,mlp,mushrooms,high,,20,25.0,LR,True,7.791660020347784,9.022,20,1,1,37.20756816896528
200,LR,mlp,mushrooms,high,,21,149.0,LR,True,8.174489483515456,7.016,40,1,1,37.20756816896528
200,LR,mlp,mushrooms,high,,22,56.0,LR,False,10.046000388441296,8.26,-20,1,1,37.20756816896528
200,LR,mlp,mushrooms,high,,23,152.0,LR,True,8.108816290652134,7.717,20,0,1,37.20756816896528
200,LR,mlp,mushrooms,high,,24,384.0,LR,False,10.007889241784556,5.872,20,0,1,37.20756816896528
200,LR,mlp,mushrooms,high,,25,18.0,LR,True,8.101709906902093,6.04,20,0,1,37.20756816896528
200,LR,mlp,mushrooms,high,,26,123.0,LR,False,10.06679973715156,6.601,20,1,1,37.20756816896528
200,LR,mlp,mushrooms,high,,27,45.0,LR,True,10.470560253961004,10.339,20,0,1,37.20756816896528
200,LR,mlp,mushrooms,high,,28,236.0,LR,True,9.862750632101465,15.043,-20,0,1,37.20756816896528
200,LR,mlp,mushrooms,high,,29,279.0,LR,False,10.10510083795124,18.097,20,1,1,37.20756816896528
200,LR,mlp,mushrooms,high,,30,107.0,LR,False,10.040280302816566,19.147,20,1,0,37.20756816896528
200,LR,mlp,mushrooms,high,,31,64.0,LR,True,10.064947426130212,39.586,-100,1,1,37.20756816896528
200,LR,mlp,mushrooms,high,,32,51.0,LR,False,9.570403663217236,12.137,-40,0,0,37.20756816896528
200,LR,mlp,mushrooms,high,,33,43.0,LR,True,10.714432820172686,19.129,20,1,1,37.20756816896528
200,LR,mlp,mushrooms,high,,34,269.0,LR,False,11.696540158026576,16.768,-100,0,0,37.20756816896528
200,LR,mlp,mushrooms,high,,35,399.0,LR,False,12.220475979862268,9.989,20,1,0,37.20756816896528
200,LR,mlp,mushrooms,high,,36,386.0,LR,True,10.312662015919392,35.127,20,1,1,37.20756816896528
200,LR,mlp,mushrooms,high,,37,193.0,LR,False,12.123675023432552,8.321,-40,0,1,37.20756816896528
200,LR,mlp,mushrooms,high,,38,113.0,LR,False,12.295069787293915,7.269,20,0,0,37.20756816896528
200,LR,mlp,mushrooms,high,,39,114.0,LR,False,12.250674400046249,3.19,-100,1,1,37.20756816896528
312,DT,mlp,mushrooms,low,,0,275.0,DT,True,10.770954098521887,27.22,-60,1,0,47.730878700621666
312,DT,mlp,mushrooms,low,,1,172.0,DT,True,0.2105802584216011,8.266,40,0,1,47.730878700621666
312,DT,mlp,mushrooms,low,,2,257.0,DT,True,5.095491396364482,40.923,-40,1,1,47.730878700621666
312,DT,mlp,mushrooms,low,,3,33.0,DT,True,5.165570563224735,58.183,-20,1,1,47.730878700621666
312,DT,mlp,mushrooms,low,,4,78.0,DT,True,7.328433465094057,11.478,40,1,1,47.730878700621666
312,DT,mlp,mushrooms,low,,5,138.0,DT,True,7.377416664986051,16.831,20,0,0,47.730878700621666
312,DT,mlp,mushrooms,low,,6,219.0,DT,True,7.214532063139752,61.594,20,1,1,47.730878700621666
312,DT,mlp,mushrooms,low,,7,71.0,DT,True,6.090699865990399,6.125,-40,0,1,47.730878700621666
312,DT,mlp,mushrooms,low,,8,335.0,DT,False,7.104001930222754,9.481,20,0,0,47.730878700621666
312,DT,mlp,mushrooms,low,,9,37.0,DT,False,7.0173491565420925,8.235,20,1,1,47.730878700621666
312,DT,mlp,mushrooms,low,,10,382.0,DT,False,6.9823535273096144,7.675,60,0,0,47.730878700621666
312,DT,mlp,mushrooms,low,,11,395.0,DT,False,7.105177973946688,6.744,40,0,0,47.730878700621666
312,DT,mlp,mushrooms,low,,12,230.0,DT,False,7.050757220134273,5.749,-20,1,1,47.730878700621666
312,DT,mlp,mushrooms,low,,13,276.0,DT,True,7.057349822689313,18.368,20,1,0,47.730878700621666
312,DT,mlp,mushrooms,low,,14,363.0,DT,False,7.058725957717722,4.74,-20,1,1,47.730878700621666
312,DT,mlp,mushrooms,low,,15,362.0,DT,False,6.895837009896857,8.593,20,1,1,47.730878700621666
312,DT,mlp,mushrooms,low,,16,163.0,DT,False,6.961554894938057,3.819,-20,1,1,47.730878700621666
312,DT,mlp,mushrooms,low,,17,242.0,DT,False,7.074491997473868,6.292,-20,1,1,47.730878700621666
312,DT,mlp,mushrooms,low,,18,89.0,DT,True,7.0241880515831765,14.399,-20,0,0,47.730878700621666
312,DT,mlp,mushrooms,low,,19,39.0,DT,False,3.763897064426771,5.685,-20,0,1,47.730878700621666
312,DT,mlp,mushrooms,low,,20,322.0,DT,False,7.062631752058734,6.761,-40,0,0,47.730878700621666
312,DT,mlp,mushrooms,low,,21,66.0,DT,True,3.7296215988929906,25.22,-20,0,0,47.730878700621666
312,DT,mlp,mushrooms,low,,22,167.0,DT,False,7.09025525196336,7.831,20,1,1,47.730878700621666
312,DT,mlp,mushrooms,low,,23,357.0,DT,False,6.920691937008749,18.903,20,1,1,47.730878700621666
312,DT,mlp,mushrooms,low,,24,32.0,DT,True,7.032731668169882,9.85,40,0,1,47.730878700621666
312,DT,mlp,mushrooms,low,,25,387.0,DT,False,7.090525109972175,9.027,20,0,0,47.730878700621666
312,DT,mlp,mushrooms,low,,26,149.0,DT,True,7.048190494253617,14.801,40,1,1,47.730878700621666
312,DT,mlp,mushrooms,low,,27,241.0,DT,False,6.79216032970925,8.053,-20,1,1,47.730878700621666
312,DT,mlp,mushrooms,low,,28,19.0,DT,True,7.026733544958801,16.695,20,1,1,47.730878700621666
312,DT,mlp,mushrooms,low,,29,133.0,DT,True,3.809692321654458,14.506,-20,0,0,47.730878700621666
312,DT,mlp,mushrooms,low,,30,5.0,DT,True,6.944526106553977,10.793,-40,0,0,47.730878700621666
312,DT,mlp,mushrooms,low,,31,390.0,DT,True,6.958170387789059,14.749,20,0,1,47.730878700621666
312,DT,mlp,mushrooms,low,,32,51.0,DT,True,4.056387702578119,12.365,-40,0,1,47.730878700621666
312,DT,mlp,mushrooms,low,,33,186.0,DT,True,4.043524054138147,43.29,20,0,1,47.730878700621666
312,DT,mlp,mushrooms,low,,34,287.0,DT,False,6.916460389773151,9.968,20,0,0,47.730878700621666
312,DT,mlp,mushrooms,low,,35,73.0,DT,False,6.927100649954597,6.57,40,0,1,47.730878700621666
312,DT,mlp,mushrooms,low,,36,277.0,DT,False,6.88577002085226,4.604,20,1,0,47.730878700621666
312,DT,mlp,mushrooms,low,,37,246.0,DT,False,7.004289016411729,7.383,20,1,1,47.730878700621666
312,DT,mlp,mushrooms,low,,38,286.0,DT,False,6.893393019428053,2.626,-20,1,1,47.730878700621666
312,DT,mlp,mushrooms,low,,39,134.0,DT,False,6.9979163279573395,3.214,20,1,1,47.730878700621666
121,DT,mlp,mushrooms,high,,0,60.0,DT,True,15.932792674414644,33.153,100,1,1,23.59473416378008
121,DT,mlp,mushrooms,high,,1,230.0,DT,False,0.2039391471445487,21.285,20,1,1,23.59473416378008
121,DT,mlp,mushrooms,high,,2,80.0,DT,True,5.455305803498727,14.118,-100,0,1,23.59473416378008
121,DT,mlp,mushrooms,high,,3,348.0,DT,False,5.364790266354688,8.065,20,1,0,23.59473416378008
121,DT,mlp,mushrooms,high,,4,289.0,DT,False,4.207679907283045,11.936,-40,0,0,23.59473416378008
121,DT,mlp,mushrooms,high,,5,308.0,DT,True,9.192610013390036,32.283,100,1,1,23.59473416378008
121,DT,mlp,mushrooms,high,,6,371.0,DT,True,6.828649255341243,8.176,100,1,1,23.59473416378008
121,DT,mlp,mushrooms,high,,7,384.0,DT,True,7.417889442287773,6.853,-100,0,0,23.59473416378008
121,DT,mlp,mushrooms,high,,8,352.0,DT,False,10.547636895936678,9.153,40,1,1,23.59473416378008
121,DT,mlp,mushrooms,high,,9,91.0,DT,False,10.042272801842945,6.608,-60,1,0,23.59473416378008
121,DT,mlp,mushrooms,high,,10,123.0,DT,False,10.68721882794047,18.619,-40,1,1,23.59473416378008
121,DT,mlp,mushrooms,high,,11,198.0,DT,True,4.130461493180872,21.918,-100,0,1,23.59473416378008
121,DT,mlp,mushrooms,high,,12,339.0,DT,False,8.742322004868303,9.55,40,0,0,23.59473416378008
121,DT,mlp,mushrooms,high,,13,69.0,DT,False,9.653740510926603,8.216,-40,1,1,23.59473416378008
121,DT,mlp,mushrooms,high,,14,332.0,DT,False,8.475327936176916,7.739,40,0,0,23.59473416378008
121,DT,mlp,mushrooms,high,,15,174.0,DT,True,9.046349093127352,11.546,100,1,1,23.59473416378008
121,DT,mlp,mushrooms,high,,16,273.0,DT,False,7.793949801698103,9.683,-20,1,0,23.59473416378008
121,DT,mlp,mushrooms,high,,17,237.0,DT,True,10.46443418866664,32.558,80,1,0,23.59473416378008
121,DT,mlp,mushrooms,high,,18,23.0,DT,True,8.733052085023695,7.852,-60,0,0,23.59473416378008
121,DT,mlp,mushrooms,high,,19,378.0,DT,False,10.832503742336216,7.953,-40,1,1,23.59473416378008
121,DT,mlp,mushrooms,high,,20,111.0,DT,True,8.921121568281873,10.712,-100,0,0,23.59473416378008
121,DT,mlp,mushrooms,high,,21,307.0,DT,True,10.348112807334282,7.511,100,1,0,23.59473416378008
121,DT,mlp,mushrooms,high,,22,279.0,DT,False,10.382424404235586,6.534,40,1,1,23.59473416378008
121,DT,mlp,mushrooms,high,,23,213.0,DT,False,10.752877566394616,5.746,60,1,1,23.59473416378008
121,DT,mlp,mushrooms,high,,24,161.0,DT,True,10.618732950292369,7.493,60,1,1,23.59473416378008
121,DT,mlp,mushrooms,high,,25,256.0,DT,True,10.5304643991254,6.16,100,1,1,23.59473416378008
121,DT,mlp,mushrooms,high,,26,11.0,DT,False,10.12341280438597,8.713,40,1,1,23.59473416378008
121,DT,mlp,mushrooms,high,,27,349.0,DT,False,8.748537673747293,7.945,-40,0,0,23.59473416378008
121,DT,mlp,mushrooms,high,,28,51.0,DT,True,3.8509173683120497,12.667,-100,0,1,23.59473416378008
121,DT,mlp,mushrooms,high,,29,7.0,DT,True,10.58804384682749,7.327,-100,0,1,23.59473416378008
121,DT,mlp,mushrooms,high,,30,229.0,DT,False,8.844876663433277,4.373,-100,0,0,23.59473416378008
121,DT,mlp,mushrooms,high,,31,316.0,DT,True,10.473365622417758,5.957,100,1,1,23.59473416378008
121,DT,mlp,mushrooms,high,,32,304.0,DT,False,10.355283762870574,10.95,40,0,1,23.59473416378008
121,DT,mlp,mushrooms,high,,33,46.0,DT,False,10.288788953244072,6.736,40,1,1,23.59473416378008
121,DT,mlp,mushrooms,high,,34,40.0,DT,True,8.765038326350359,5.388,-100,0,1,23.59473416378008
121,DT,mlp,mushrooms,high,,35,318.0,DT,True,8.528730245425717,7.643,-100,0,0,23.59473416378008
121,DT,mlp,mushrooms,high,,36,92.0,DT,True,3.9165491696317862,15.001,-100,0,1,23.59473416378008
121,DT,mlp,mushrooms,high,,37,228.0,DT,False,3.867528117333804,5.693,-60,0,1,23.59473416378008
121,DT,mlp,mushrooms,high,,38,255.0,DT,False,8.458810960212633,4.053,-60,0,0,23.59473416378008
121,DT,mlp,mushrooms,high,,39,109.0,DT,True,10.42939409882158,7.208,100,1,1,23.59473416378008
280,DT+LR,mlp,mushrooms,low,,0,312.0,LR,True,6.265120937699008,171.643,60,1,1,29.557917178287106
280,DT+LR,mlp,mushrooms,low,,1,163.0,LR,False,0.214335486999908,33.232,80,1,1,29.557917178287106
280,DT+LR,mlp,mushrooms,low,,2,215.0,LR,True,0.2609866762282122,11.717,-40,0,1,29.557917178287106
280,DT+LR,mlp,mushrooms,low,,3,60.0,LR,True,0.3877415961131171,26.21,-60,1,1,29.557917178287106
280,DT+LR,mlp,mushrooms,low,,4,133.0,DT,True,0.4192049883772708,20.006,-100,0,0,29.557917178287106
280,DT+LR,mlp,mushrooms,low,,5,143.0,LR,True,0.4442142466307452,10.202,100,1,1,29.557917178287106
280,DT+LR,mlp,mushrooms,low,,6,295.0,LR,False,3.0555390297464737,14.191,20,1,1,29.557917178287106
280,DT+LR,mlp,mushrooms,low,,7,100.0,LR,True,3.144539009734326,20.007,20,0,0,29.557917178287106
280,DT+LR,mlp,mushrooms,low,,8,5.0,LR,False,3.361553681605034,4.647,20,0,0,29.557917178287106
280,DT+LR,mlp,mushrooms,low,,9,90.0,DT,False,4.271806253736753,4.757,-20,1,0,29.557917178287106
280,DT+LR,mlp,mushrooms,low,,10,65.0,LR,False,2.795769324497819,6.587,-20,1,1,29.557917178287106
280,DT+LR,mlp,mushrooms,low,,11,165.0,DT,True,3.0591114938025457,18.225,100,0,1,29.557917178287106
280,DT+LR,mlp,mushrooms,low,,12,372.0,DT,True,4.094273866723862,21.293,-100,0,1,29.557917178287106
280,DT+LR,mlp,mushrooms,low,,13,390.0,LR,True,5.318934518414375,13.407,-20,0,0,29.557917178287106
280,DT+LR,mlp,mushrooms,low,,14,17.0,DT,False,5.584625689950961,8.245,-40,0,0,29.557917178287106
280,DT+LR,mlp,mushrooms,low,,15,326.0,DT,False,5.438676218472299,12.234,-20,0,0,29.557917178287106
280,DT+LR,mlp,mushrooms,low,,16,222.0,LR,True,6.137064102359874,9.325,-40,0,0,29.557917178287106
280,DT+LR,mlp,mushrooms,low,,17,380.0,LR,False,7.153954558613688,7.972,-40,0,1,29.557917178287106
280,DT+LR,mlp,mushrooms,low,,18,393.0,LR,False,6.552468194272018,21.491,20,0,0,29.557917178287106
280,DT+LR,mlp,mushrooms,low,,19,197.0,DT,False,6.304939360944579,12.405,-40,0,0,29.557917178287106
280,DT+LR,mlp,mushrooms,low,,20,297.0,LR,True,6.227111351843468,11.543,40,0,0,29.557917178287106
280,DT+LR,mlp,mushrooms,low,,21,328.0,LR,False,5.775019206213729,35.434,40,1,1,29.557917178287106
280,DT+LR,mlp,mushrooms,low,,22,200.0,LR,False,5.501253006103537,5.04,-40,0,0,29.557917178287106
280,DT+LR,mlp,mushrooms,low,,23,82.0,LR,True,5.391804901161119,10.331,80,1,0,29.557917178287106
280,DT+LR,mlp,mushrooms,low,,24,309.0,LR,False,5.214422677726042,8.904,40,0,1,29.557917178287106
280,DT+LR,mlp,mushrooms,low,,25,302.0,DT,False,5.7673924121018825,12.103,20,0,1,29.557917178287106
280,DT+LR,mlp,mushrooms,low,,26,188.0,LR,False,5.310790094543671,6.649,20,0,0,29.557917178287106
280,DT+LR,mlp,mushrooms,low,,27,83.0,LR,False,5.083187867335873,7.114,20,0,1,29.557917178287106
280,DT+LR,mlp,mushrooms,low,,28,76.0,DT,False,5.152319123591648,8.066,-20,1,0,29.557917178287106
280,DT+LR,mlp,mushrooms,low,,29,57.0,LR,False,4.467516301064526,12.093,20,1,0,29.557917178287106
280,DT+LR,mlp,mushrooms,low,,30,206.0,LR,False,5.0240985119297905,3.951,20,0,1,29.557917178287106
280,DT+LR,mlp,mushrooms,low,,31,354.0,LR,False,4.5827050280847565,8.291,60,1,0,29.557917178287106
280,DT+LR,mlp,mushrooms,low,,32,116.0,LR,False,4.968703483698476,2.652,-40,1,1,29.557917178287106
280,DT+LR,mlp,mushrooms,low,,33,56.0,DT,False,4.744633111158814,6.402,20,1,0,29.557917178287106
280,DT+LR,mlp,mushrooms,low,,34,256.0,DT,True,3.490482684698269,11.385,100,1,1,29.557917178287106
280,DT+LR,mlp,mushrooms,low,,35,25.0,LR,False,4.5091155003962795,7.607,-40,1,0,29.557917178287106
280,DT+LR,mlp,mushrooms,low,,36,71.0,LR,False,6.846539638817708,3.899,40,0,0,29.557917178287106
280,DT+LR,mlp,mushrooms,low,,37,299.0,DT,False,6.949575181531642,5.688,60,1,1,29.557917178287106
280,DT+LR,mlp,mushrooms,low,,38,106.0,DT,True,4.978889541836919,9.555,-100,0,0,29.557917178287106
280,DT+LR,mlp,mushrooms,low,,39,190.0,DT,True,4.858353219783499,19.854,100,1,1,29.557917178287106
155,DT,mlp,mushrooms,high,,0,345.0,DT,False,0.2041207979529949,34.903,-60,0,1,15.93351495515771
155,DT,mlp,mushrooms,high,,1,58.0,DT,False,0.2017368050268649,21.457,-100,0,1,15.93351495515771
155,DT,mlp,mushrooms,high,,2,316.0,DT,False,0.2014695684581381,18.763,-80,1,1,15.93351495515771
155,DT,mlp,mushrooms,high,,3,87.0,DT,True,0.2013564633076131,91.008,-100,0,0,15.93351495515771
155,DT,mlp,mushrooms,high,,4,335.0,DT,False,0.201290017754608,47.722,-80,0,0,15.93351495515771
155,DT,mlp,mushrooms,high,,5,263.0,DT,True,5.728106070155414,17.603,80,1,0,15.93351495515771
155,DT,mlp,mushrooms,high,,6,73.0,DT,False,4.905287747194967,16.805,-100,0,0,15.93351495515771
155,DT,mlp,mushrooms,high,,7,323.0,DT,True,6.896336573532757,15.132,100,1,0,15.93351495515771
155,DT,mlp,mushrooms,high,,8,126.0,DT,False,6.506914957333829,13.737,-100,0,0,15.93351495515771
155,DT,mlp,mushrooms,high,,9,45.0,DT,True,6.6042479333035935,11.775,-100,0,0,15.93351495515771
155,DT,mlp,mushrooms,high,,10,285.0,DT,False,3.50825764308701,22.569,-80,0,0,15.93351495515771
155,DT,mlp,mushrooms,high,,11,132.0,DT,False,3.9933486360079886,18.823,-80,0,0,15.93351495515771
155,DT,mlp,mushrooms,high,,12,298.0,DT,False,3.770908124658699,18.347,80,1,1,15.93351495515771
155,DT,mlp,mushrooms,high,,13,115.0,DT,True,6.805633450927165,18.992,-80,1,0,15.93351495515771
155,DT,mlp,mushrooms,high,,14,140.0,DT,False,3.908085108126906,30.781,-60,0,0,15.93351495515771
155,DT,mlp,mushrooms,high,,15,93.0,DT,True,6.484842517411141,22.345,-60,0,1,15.93351495515771
155,DT,mlp,mushrooms,high,,16,37.0,DT,True,7.159483244922273,16.503,80,1,1,15.93351495515771
155,DT,mlp,mushrooms,high,,17,208.0,DT,False,10.314259288807811,26.444,60,1,1,15.93351495515771
155,DT,mlp,mushrooms,high,,18,69.0,DT,False,10.373361217598294,20.993,60,1,1,15.93351495515771
155,DT,mlp,mushrooms,high,,19,163.0,DT,False,10.992135432613514,18.397,60,1,1,15.93351495515771
155,DT,mlp,mushrooms,high,,20,166.0,DT,False,10.65084105679663,16.542,100,1,1,15.93351495515771
155,DT,mlp,mushrooms,high,,21,198.0,DT,True,3.461719052166802,25.524,-80,0,0,15.93351495515771
155,DT,mlp,mushrooms,high,,22,369.0,DT,True,7.393599064753856,15.501,60,1,1,15.93351495515771
155,DT,mlp,mushrooms,high,,23,301.0,DT,True,7.305799834622089,19.126,100,1,0,15.93351495515771
155,DT,mlp,mushrooms,high,,24,367.0,DT,True,7.137464032972481,16.799,80,1,1,15.93351495515771
155,DT,mlp,mushrooms,high,,25,127.0,DT,True,7.322933115983274,13.756,60,1,1,15.93351495515771
155,DT,mlp,mushrooms,high,,26,31.0,DT,True,4.174675583573447,14.937,-80,0,1,15.93351495515771
155,DT,mlp,mushrooms,high,,27,64.0,DT,False,10.442766449396307,16.709,80,1,1,15.93351495515771
155,DT,mlp,mushrooms,high,,28,337.0,DT,True,6.591977223416091,18.639,-20,1,0,15.93351495515771
155,DT,mlp,mushrooms,high,,29,361.0,DT,True,6.201675058250731,13.086,-20,0,0,15.93351495515771
155,DT,mlp,mushrooms,high,,30,172.0,DT,True,3.1944608335111875,15.204,-40,0,1,15.93351495515771
155,DT,mlp,mushrooms,high,,31,77.0,DT,True,6.583869395543229,39.339,-40,0,0,15.93351495515771
155,DT,mlp,mushrooms,high,,32,248.0,DT,False,8.575026324904487,29.352,-20,0,0,15.93351495515771
155,DT,mlp,mushrooms,high,,33,192.0,DT,False,3.850423215357456,16.184,-80,0,1,15.93351495515771
155,DT,mlp,mushrooms,high,,34,60.0,DT,False,10.358593719418463,21.701,60,1,1,15.93351495515771
155,DT,mlp,mushrooms,high,,35,385.0,DT,True,3.997163308342367,23.558,-80,0,0,15.93351495515771
155,DT,mlp,mushrooms,high,,36,85.0,DT,False,8.632003342952494,27.682,-20,0,0,15.93351495515771
155,DT,mlp,mushrooms,high,,37,121.0,DT,False,8.572544611584208,29.037,-20,0,0,15.93351495515771
155,DT,mlp,mushrooms,high,,38,331.0,DT,False,8.58467890028414,30.165,-40,0,0,15.93351495515771
155,DT,mlp,mushrooms,high,,39,312.0,DT,True,10.516235202276162,18.789,80,1,1,15.93351495515771
108,LR,mlp,mushrooms,low,,0,317.0,LR,False,6.260432943036099,39.015,-60,0,0,31.080145426519017
108,LR,mlp,mushrooms,low,,1,380.0,LR,False,6.133722986467755,37.199,-80,0,0,31.080145426519017
108,LR,mlp,mushrooms,low,,2,329.0,LR,True,6.3254112995375165,36.598,20,1,0,31.080145426519017
108,LR,mlp,mushrooms,low,,3,178.0,LR,True,6.2219825997579115,35.288,80,1,1,31.080145426519017
108,LR,mlp,mushrooms,low,,4,323.0,LR,False,5.839058176545599,32.531,80,1,1,31.080145426519017
108,LR,mlp,mushrooms,low,,5,378.0,LR,True,6.160457755034385,38.835,-80,1,1,31.080145426519017
108,LR,mlp,mushrooms,low,,6,220.0,LR,True,6.156986810901567,21.595,-80,0,0,31.080145426519017
108,LR,mlp,mushrooms,low,,7,63.0,LR,True,5.924581116515555,24.056,-80,0,1,31.080145426519017
108,LR,mlp,mushrooms,low,,8,1.0,LR,False,6.117534291044604,31.124,-80,1,1,31.080145426519017
108,LR,mlp,mushrooms,low,,9,392.0,LR,False,6.265852773872702,20.557,-60,0,0,31.080145426519017
108,LR,mlp,mushrooms,low,,10,294.0,LR,False,6.5448447019707965,24.43,-40,1,1,31.080145426519017
108,LR,mlp,mushrooms,low,,11,227.0,LR,False,6.468007832823878,21.649,-40,1,1,31.080145426519017
108,LR,mlp,mushrooms,low,,12,370.0,LR,True,6.29366806709594,2.555,60,1,1,31.080145426519017
108,LR,mlp,mushrooms,low,,13,66.0,LR,False,6.427771897113674,3.221,-40,0,0,31.080145426519017
108,LR,mlp,mushrooms,low,,14,179.0,LR,True,6.180425393529221,0.852,60,1,1,31.080145426519017
108,LR,mlp,mushrooms,low,,15,251.0,LR,True,6.237612433984035,0.966,60,1,1,31.080145426519017
108,LR,mlp,mushrooms,low,,16,133.0,LR,True,6.015688902388357,1.706,-40,0,0,31.080145426519017
108,LR,mlp,mushrooms,low,,17,43.0,LR,True,6.081177496603671,0.954,60,1,0,31.080145426519017
108,LR,mlp,mushrooms,low,,18,195.0,LR,False,6.356753880453491,1.846,-40,0,1,31.080145426519017
108,LR,mlp,mushrooms,low,,19,332.0,LR,True,6.054045280737257,0.931,40,0,1,31.080145426519017
108,LR,mlp,mushrooms,low,,20,274.0,LR,True,8.632417927572709,0.992,-40,1,0,31.080145426519017
108,LR,mlp,mushrooms,low,,21,338.0,LR,True,6.019586621526306,0.757,-40,0,0,31.080145426519017
108,LR,mlp,mushrooms,low,,22,163.0,LR,True,6.7284884181327005,0.879,60,1,1,31.080145426519017
108,LR,mlp,mushrooms,low,,23,77.0,LR,False,7.9406529855277395,1.156,60,0,1,31.080145426519017
108,LR,mlp,mushrooms,low,,24,261.0,LR,True,8.694454705194868,0.941,-20,0,1,31.080145426519017
108,LR,mlp,mushrooms,low,,25,109.0,LR,False,8.779843017026506,1.405,40,1,1,31.080145426519017
108,LR,mlp,mushrooms,low,,26,279.0,LR,False,8.868063678788836,0.973,-20,1,0,31.080145426519017
108,LR,mlp,mushrooms,low,,27,223.0,LR,False,8.088008505237418,0.674,40,0,1,31.080145426519017
108,LR,mlp,mushrooms,low,,28,88.0,LR,False,8.696215167092213,1.596,20,1,1,31.080145426519017
108,LR,mlp,mushrooms,low,,29,186.0,LR,False,8.41602329290621,1.325,40,0,0,31.080145426519017
108,LR,mlp,mushrooms,low,,30,47.0,LR,False,8.619364957938322,1.283,-20,0,0,31.080145426519017
108,LR,mlp,mushrooms,low,,31,36.0,LR,True,8.820463169958664,0.732,20,1,1,31.080145426519017
108,LR,mlp,mushrooms,low,,32,164.0,LR,True,8.555950778542844,0.753,40,1,0,31.080145426519017
108,LR,mlp,mushrooms,low,,33,255.0,LR,False,9.019207361927323,1.235,-20,0,1,31.080145426519017
108,LR,mlp,mushrooms,low,,34,379.0,LR,False,8.689841426450464,2.01,20,0,0,31.080145426519017
108,LR,mlp,mushrooms,low,,35,245.0,LR,True,8.81757523730267,3.439,20,1,0,31.080145426519017
108,LR,mlp,mushrooms,low,,36,373.0,LR,True,8.622107732378153,2.144,-20,1,0,31.080145426519017
108,LR,mlp,mushrooms,low,,37,311.0,LR,False,8.95431535363489,0.881,40,1,0,31.080145426519017
108,LR,mlp,mushrooms,low,,38,296.0,LR,False,8.777465238615864,1.435,40,1,1,31.080145426519017
108,LR,mlp,mushrooms,low,,39,209.0,LR,False,9.014778106107578,2.004,40,0,0,31.080145426519017
92,LR,mlp,mushrooms,high,,0,309.0,LR,False,8.182860864222155,48.726,-40,0,1,34.05707768608677
92,LR,mlp,mushrooms,high,,1,351.0,LR,False,7.99229839009736,7.173,-60,0,0,34.05707768608677
92,LR,mlp,mushrooms,high,,2,145.0,LR,False,7.918996692608021,8.388,20,1,0,34.05707768608677
92,LR,mlp,mushrooms,high,,3,190.0,LR,False,7.961757574478854,8.533,40,1,0,34.05707768608677
92,LR,mlp,mushrooms,high,,4,350.0,LR,True,6.0883858490471665,10.993,-40,1,1,34.05707768608677
92,LR,mlp,mushrooms,high,,5,257.0,LR,True,6.031958626842817,10.716,40,1,1,34.05707768608677
92,LR,mlp,mushrooms,high,,6,192.0,LR,True,6.137847240576684,3.443,-40,0,0,34.05707768608677
92,LR,mlp,mushrooms,high,,7,194.0,LR,False,8.144039543258405,7.708,60,0,0,34.05707768608677
92,LR,mlp,mushrooms,high,,8,340.0,LR,True,6.069428326625505,4.69,20,0,1,34.05707768608677
92,LR,mlp,mushrooms,high,,9,81.0,LR,False,7.865359943673822,10.628,-20,1,0,34.05707768608677
92,LR,mlp,mushrooms,high,,10,67.0,LR,False,7.923277885001178,11.596,60,0,1,34.05707768608677
92,LR,mlp,mushrooms,high,,11,142.0,LR,True,6.316334333650279,12.147,-20,1,0,34.05707768608677
92,LR,mlp,mushrooms,high,,12,27.0,LR,True,6.031767562945434,11.829,-20,1,1,34.05707768608677
92,LR,mlp,mushrooms,high,,13,14.0,LR,True,6.021642810948496,4.222,-60,0,0,34.05707768608677
92,LR,mlp,mushrooms,high,,14,94.0,LR,False,10.196544270093924,14.479,20,0,0,34.05707768608677
92,LR,mlp,mushrooms,high,,15,184.0,LR,True,6.073921450318643,6.441,-40,0,0,34.05707768608677
92,LR,mlp,mushrooms,high,,16,21.0,LR,True,5.79293986403848,9.798,40,1,1,34.05707768608677
92,LR,mlp,mushrooms,high,,17,218.0,LR,False,9.902589521486911,6.541,-40,1,0,34.05707768608677
92,LR,mlp,mushrooms,high,,18,287.0,LR,True,5.856340899097418,9.046,-40,0,0,34.05707768608677
92,LR,mlp,mushrooms,high,,19,112.0,LR,False,10.135135901332696,11.607,20,1,1,34.05707768608677
92,LR,mlp,mushrooms,high,,20,136.0,LR,False,9.966608977755286,13.68,-40,0,0,34.05707768608677
92,LR,mlp,mushrooms,high,,21,368.0,LR,True,5.830647656304397,6.26,20,1,1,34.05707768608677
92,LR,mlp,mushrooms,high,,22,212.0,LR,False,9.8247161808453,7.34,-60,1,0,34.05707768608677
92,LR,mlp,mushrooms,high,,23,4.0,LR,True,5.7682252840873725,11.464,40,1,1,34.05707768608677
92,LR,mlp,mushrooms,high,,24,303.0,LR,True,7.858896840268017,9.301,-60,0,1,34.05707768608677
92,LR,mlp,mushrooms,high,,25,256.0,LR,True,10.398105938185504,6.713,-60,1,0,34.05707768608677
92,LR,mlp,mushrooms,high,,26,197.0,LR,True,10.231947094959985,8.155,-40,0,1,34.05707768608677
92,LR,mlp,mushrooms,high,,27,31.0,LR,False,9.588471167003595,4.515,-60,0,0,34.05707768608677
92,LR,mlp,mushrooms,high,,28,153.0,LR,True,10.260607731144496,2.905,60,0,1,34.05707768608677
92,LR,mlp,mushrooms,high,,29,243.0,LR,False,10.040070475735448,3.479,40,0,0,34.05707768608677
92,LR,mlp,mushrooms,high,,30,202.0,LR,True,10.877931328418493,7.049,40,1,1,34.05707768608677
92,LR,mlp,mushrooms,high,,31,338.0,LR,False,11.697869524158085,5.879,-60,0,0,34.05707768608677
92,LR,mlp,mushrooms,high,,32,35.0,LR,False,12.104524106577912,4.836,40,0,1,34.05707768608677
92,LR,mlp,mushrooms,high,,33,354.0,LR,True,10.186401438062983,4.163,60,1,1,34.05707768608677
92,LR,mlp,mushrooms,high,,34,349.0,LR,False,12.272357035929822,4.562,60,0,1,34.05707768608677
92,LR,mlp,mushrooms,high,,35,137.0,LR,True,10.307328507883732,4.708,-80,0,0,34.05707768608677
92,LR,mlp,mushrooms,high,,36,45.0,LR,True,10.559443925708274,4.78,40,0,0,34.05707768608677
92,LR,mlp,mushrooms,high,,37,388.0,LR,False,12.13239784026432,10.27,-40,0,0,34.05707768608677
92,LR,mlp,mushrooms,high,,38,163.0,LR,True,12.217851869524951,5.546,20,1,0,34.05707768608677
92,LR,mlp,mushrooms,high,,39,261.0,LR,True,10.721320564146437,4.237,-80,0,0,34.05707768608677
239,DT+LR,mlp,mushrooms,low,,0,107.0,LR,True,6.556111304297363,31.708,-80,1,1,25.74724063784067
239,DT+LR,mlp,mushrooms,low,,1,386.0,DT,False,0.214335486999908,26.271,60,1,1,25.74724063784067
239,DT+LR,mlp,mushrooms,low,,2,155.0,DT,False,0.2707327742654175,14.263,-60,1,1,25.74724063784067
239,DT+LR,mlp,mushrooms,low,,3,149.0,DT,True,0.4172684350533854,36.712,100,1,1,25.74724063784067
239,DT+LR,mlp,mushrooms,low,,4,30.0,DT,True,0.4627812586907792,35.713,20,1,0,25.74724063784067
239,DT+LR,mlp,mushrooms,low,,5,303.0,LR,True,5.434278592109604,12.943,80,0,0,25.74724063784067
239,DT+LR,mlp,mushrooms,low,,6,332.0,LR,True,5.243772456632945,6.651,-40,0,0,25.74724063784067
239,DT+LR,mlp,mushrooms,low,,7,65.0,LR,True,5.442755971290034,2.541,-60,1,0,25.74724063784067
239,DT+LR,mlp,mushrooms,low,,8,197.0,DT,True,5.26982749623718,13.854,-100,0,0,25.74724063784067
239,DT+LR,mlp,mushrooms,low,,9,42.0,DT,False,5.339434573810651,17.031,-80,0,0,25.74724063784067
239,DT+LR,mlp,mushrooms,low,,10,82.0,LR,False,7.026913524826437,7.741,-60,1,0,25.74724063784067
239,DT+LR,mlp,mushrooms,low,,11,194.0,DT,False,6.7337089650200435,6.143,-60,0,0,25.74724063784067
239,DT+LR,mlp,mushrooms,low,,12,204.0,LR,True,6.8576934632899595,142.819,-60,1,1,25.74724063784067
239,DT+LR,mlp,mushrooms,low,,13,390.0,LR,True,7.084486373497711,13.343,20,0,1,25.74724063784067
239,DT+LR,mlp,mushrooms,low,,14,51.0,DT,False,3.934145059764393,6.188,-40,0,0,25.74724063784067
239,DT+LR,mlp,mushrooms,low,,15,135.0,DT,False,6.799764448776805,4.276,40,0,0,25.74724063784067
239,DT+LR,mlp,mushrooms,low,,16,353.0,LR,True,6.9723320550351175,11.393,-80,1,1,25.74724063784067
239,DT+LR,mlp,mushrooms,low,,17,297.0,LR,False,6.582477717687155,11.123,60,0,0,25.74724063784067
239,DT+LR,mlp,mushrooms,low,,18,59.0,DT,True,5.1202046207727125,18.35,-100,1,0,25.74724063784067
239,DT+LR,mlp,mushrooms,low,,19,223.0,LR,True,6.4599617055450675,7.088,-100,0,0,25.74724063784067
239,DT+LR,mlp,mushrooms,low,,20,6.0,LR,True,7.116325417941737,7.32,80,1,1,25.74724063784067
239,DT+LR,mlp,mushrooms,low,,21,55.0,DT,True,5.1071817845868575,66.286,100,1,1,25.74724063784067
239,DT+LR,mlp,mushrooms,low,,22,87.0,LR,True,7.140286738687282,9.255,-80,0,0,25.74724063784067
239,DT+LR,mlp,mushrooms,low,,23,320.0,DT,True,6.855403697403052,8.903,-100,0,0,25.74724063784067
239,DT+LR,mlp,mushrooms,low,,24,250.0,DT,False,7.091266260275615,15.13,-100,1,1,25.74724063784067
239,DT+LR,mlp,mushrooms,low,,25,305.0,LR,False,6.879820208017015,22.348,100,1,0,25.74724063784067
239,DT+LR,mlp,mushrooms,low,,26,388.0,DT,False,6.897432240226511,10.155,-100,0,0,25.74724063784067
239,DT+LR,mlp,mushrooms,low,,27,280.0,DT,False,6.79616953688763,6.785,100,1,1,25.74724063784067
239,DT+LR,mlp,mushrooms,low,,28,360.0,LR,False,6.639804594938061,5.157,-100,0,0,25.74724063784067
239,DT+LR,mlp,mushrooms,low,,29,161.0,LR,True,6.915359923043905,11.504,80,1,1,25.74724063784067
239,DT+LR,mlp,mushrooms,low,,30,312.0,DT,True,6.916757527868077,18.188,100,1,1,25.74724063784067
239,DT+LR,mlp,mushrooms,low,,31,399.0,DT,True,6.866038196027422,11.504,100,1,1,25.74724063784067
239,DT+LR,mlp,mushrooms,low,,32,97.0,DT,False,6.8581007884382625,3.839,-100,1,0,25.74724063784067
239,DT+LR,mlp,mushrooms,low,,33,372.0,LR,False,3.7508392135746496,9.681,-60,0,1,25.74724063784067
239,DT+LR,mlp,mushrooms,low,,34,212.0,LR,True,6.837213861056506,9.123,40,1,1,25.74724063784067
239,DT+LR,mlp,mushrooms,low,,35,333.0,LR,False,3.7043625570642607,12.192,-80,0,0,25.74724063784067
239,DT+LR,mlp,mushrooms,low,,36,278.0,LR,True,6.958646918302612,20.021,80,1,1,25.74724063784067
239,DT+LR,mlp,mushrooms,low,,37,32.0,DT,True,6.965296415239516,11.496,60,0,1,25.74724063784067
239,DT+LR,mlp,mushrooms,low,,38,222.0,LR,True,6.809815937366313,14.016,-60,0,0,25.74724063784067
239,DT+LR,mlp,mushrooms,low,,39,211.0,LR,True,6.709872306190503,12.455,-20,1,0,25.74724063784067
154,DT+LR,mlp,mushrooms,high,,0,66.0,LR,True,6.501205756528911,51.832,-100,0,0,24.85371795949056
154,DT+LR,mlp,mushrooms,high,,1,0.0,LR,False,0.2009302626229168,23.96,20,0,1,24.85371795949056
154,DT+LR,mlp,mushrooms,high,,2,46.0,LR,False,0.2009276830318111,18.268,20,1,1,24.85371795949056
154,DT+LR,mlp,mushrooms,high,,3,155.0,LR,False,0.2009251159862071,9.763,-20,1,0,24.85371795949056
154,DT+LR,mlp,mushrooms,high,,4,186.0,LR,False,0.2041126624888024,12.221,20,0,0,24.85371795949056
154,DT+LR,mlp,mushrooms,high,,5,89.0,LR,False,0.2017263380683006,17.306,20,0,0,24.85371795949056
154,DT+LR,mlp,mushrooms,high,,6,324.0,LR,False,0.2046497388575319,11.707,20,0,0,24.85371795949056
154,DT+LR,mlp,mushrooms,high,,7,329.0,DT,False,0.202304676971997,7.746,40,1,0,24.85371795949056
154,DT+LR,mlp,mushrooms,high,,8,275.0,DT,True,0.2019185561512321,26.998,-60,1,0,24.85371795949056
154,DT+LR,mlp,mushrooms,high,,9,33.0,LR,False,0.2049277777654238,7.446,20,1,0,24.85371795949056
154,DT+LR,mlp,mushrooms,high,,10,343.0,LR,True,5.5985355307321045,25.145,-60,0,0,24.85371795949056
154,DT+LR,mlp,mushrooms,high,,11,71.0,DT,True,4.056577873779278,24.203,-60,0,0,24.85371795949056
154,DT+LR,mlp,mushrooms,high,,12,258.0,DT,False,3.78229390184845,12.257,20,0,0,24.85371795949056
154,DT+LR,mlp,mushrooms,high,,13,393.0,LR,True,5.9882414477303625,24.184,-40,0,0,24.85371795949056
154,DT+LR,mlp,mushrooms,high,,14,349.0,DT,True,6.3483699940277685,16.233,-40,0,0,24.85371795949056
154,DT+LR,mlp,mushrooms,high,,15,53.0,DT,True,5.324683164586298,16.837,-40,1,1,24.85371795949056
154,DT+LR,mlp,mushrooms,high,,16,152.0,LR,True,6.809640253453047,17.095,-20,0,1,24.85371795949056
154,DT+LR,mlp,mushrooms,high,,17,132.0,DT,False,3.454131277949743,9.904,20,0,1,24.85371795949056
154,DT+LR,mlp,mushrooms,high,,18,301.0,DT,False,7.493746970865078,10.1,20,1,1,24.85371795949056
154,DT+LR,mlp,mushrooms,high,,19,248.0,LR,False,6.154413679678766,7.534,-40,0,0,24.85371795949056
154,DT+LR,mlp,mushrooms,high,,20,289.0,LR,False,3.2348853187155098,8.312,20,0,0,24.85371795949056
154,DT+LR,mlp,mushrooms,high,,21,1.0,LR,False,6.799640711522121,11.302,-20,1,1,24.85371795949056
154,DT+LR,mlp,mushrooms,high,,22,224.0,DT,True,7.172334501737925,20.447,-20,1,1,24.85371795949056
154,DT+LR,mlp,mushrooms,high,,23,307.0,LR,True,8.98615801843338,9.628,-40,1,0,24.85371795949056
154,DT+LR,mlp,mushrooms,high,,24,298.0,LR,True,3.818511330349594,64.292,20,1,0,24.85371795949056
154,DT+LR,mlp,mushrooms,high,,25,287.0,LR,True,7.864572542889164,49.273,-20,0,0,24.85371795949056
154,DT+LR,mlp,mushrooms,high,,26,109.0,LR,True,10.43931608820024,40.617,20,1,1,24.85371795949056
154,DT+LR,mlp,mushrooms,high,,27,283.0,LR,True,9.86312166914396,43.239,20,1,0,24.85371795949056
154,DT+LR,mlp,mushrooms,high,,28,299.0,LR,True,9.231891482644093,47.525,20,1,1,24.85371795949056
154,DT+LR,mlp,mushrooms,high,,29,114.0,LR,True,7.987239052056396,38.49,-20,1,0,24.85371795949056
154,DT+LR,mlp,mushrooms,high,,30,115.0,LR,True,7.879971654532339,8.661,-20,1,1,24.85371795949056
154,DT+LR,mlp,mushrooms,high,,31,230.0,LR,True,8.785485511598182,9.38,-40,1,0,24.85371795949056
154,DT+LR,mlp,mushrooms,high,,32,176.0,DT,False,7.8827002598225135,8.585,20,1,1,24.85371795949056
154,DT+LR,mlp,mushrooms,high,,33,338.0,DT,False,3.511168394780378,7.985,-20,0,1,24.85371795949056
154,DT+LR,mlp,mushrooms,high,,34,260.0,LR,False,8.436235001923476,6.69,-20,1,1,24.85371795949056
154,DT+LR,mlp,mushrooms,high,,35,204.0,LR,False,7.560155241969538,8.422,20,1,1,24.85371795949056
154,DT+LR,mlp,mushrooms,high,,36,290.0,LR,True,7.875123526164645,9.682,20,1,1,24.85371795949056
154,DT+LR,mlp,mushrooms,high,,37,249.0,LR,False,6.62946009918782,8.482,20,0,0,24.85371795949056
154,DT+LR,mlp,mushrooms,high,,38,40.0,DT,True,4.845926685361453,28.914,-20,0,1,24.85371795949056
154,DT+LR,mlp,mushrooms,high,,39,296.0,LR,True,7.1799790656817954,9.361,-20,1,1,24.85371795949056
180,DT,mlp,mushrooms,low,,0,331.0,DT,False,0.207837741215109,45.578,80,0,1,24.432453912458435
180,DT,mlp,mushrooms,low,,1,116.0,DT,False,0.2300720850959928,21.541,80,1,0,24.432453912458435
180,DT,mlp,mushrooms,low,,2,139.0,DT,True,0.309318985341682,16.593,60,0,0,24.432453912458435
180,DT,mlp,mushrooms,low,,3,38.0,DT,False,0.3009258667618936,13.305,20,0,1,24.432453912458435
180,DT,mlp,mushrooms,low,,4,343.0,DT,True,4.994979044198928,185.291,-100,0,0,24.432453912458435
180,DT,mlp,mushrooms,low,,5,48.0,DT,False,3.7670848855879946,12.497,20,0,1,24.432453912458435
180,DT,mlp,mushrooms,low,,6,243.0,DT,False,5.171188063003187,6.088,40,0,0,24.432453912458435
180,DT,mlp,mushrooms,low,,7,256.0,DT,False,5.287951647644542,5.608,-60,1,1,24.432453912458435
180,DT,mlp,mushrooms,low,,8,60.0,DT,True,5.333180309520927,31.515,80,1,1,24.432453912458435
180,DT,mlp,mushrooms,low,,9,356.0,DT,True,4.7810588523288695,24.879,100,1,1,24.432453912458435
180,DT,mlp,mushrooms,low,,10,345.0,DT,False,7.122075133760719,9.977,40,0,0,24.432453912458435
180,DT,mlp,mushrooms,low,,11,65.0,DT,False,7.083992866908326,11.333,-40,1,1,24.432453912458435
180,DT,mlp,mushrooms,low,,12,121.0,DT,False,6.836547913792505,4.861,20,0,1,24.432453912458435
180,DT,mlp,mushrooms,low,,13,74.0,DT,True,6.242603700189282,34.917,100,1,1,24.432453912458435
180,DT,mlp,mushrooms,low,,14,133.0,DT,True,3.543398853277134,17.461,-100,0,1,24.432453912458435
180,DT,mlp,mushrooms,low,,15,67.0,DT,False,6.967122964923764,7.589,-100,0,0,24.432453912458435
180,DT,mlp,mushrooms,low,,16,166.0,DT,False,7.038627656084752,11.079,-100,1,1,24.432453912458435
180,DT,mlp,mushrooms,low,,17,163.0,DT,False,7.158010263008167,13.048,20,1,1,24.432453912458435
180,DT,mlp,mushrooms,low,,18,278.0,DT,True,6.0888166881837655,19.149,100,1,1,24.432453912458435
180,DT,mlp,mushrooms,low,,19,358.0,DT,False,7.005451405002834,6.097,100,1,1,24.432453912458435
180,DT,mlp,mushrooms,low,,20,151.0,DT,True,6.073986907806831,19.837,-100,0,0,24.432453912458435
180,DT,mlp,mushrooms,low,,21,284.0,DT,True,6.957009912794412,12.368,-100,0,1,24.432453912458435
180,DT,mlp,mushrooms,low,,22,176.0,DT,True,7.077817008146057,39.001,100,1,1,24.432453912458435
180,DT,mlp,mushrooms,low,,23,338.0,DT,True,3.818990100962134,29.73,-100,0,1,24.432453912458435
180,DT,mlp,mushrooms,low,,24,220.0,DT,False,6.855519931435411,11.201,100,0,1,24.432453912458435
180,DT,mlp,mushrooms,low,,25,32.0,DT,False,6.927201269976303,13.358,100,0,1,24.432453912458435
180,DT,mlp,mushrooms,low,,26,226.0,DT,False,6.989250505634218,10.136,100,1,1,24.432453912458435
180,DT,mlp,mushrooms,low,,27,321.0,DT,False,6.950397094514942,9.991,80,1,1,24.432453912458435
180,DT,mlp,mushrooms,low,,28,181.0,DT,False,7.004408814338105,5.777,100,1,1,24.432453912458435
180,DT,mlp,mushrooms,low,,29,252.0,DT,False,6.84886969132154,19.57,100,1,1,24.432453912458435
180,DT,mlp,mushrooms,low,,30,191.0,DT,True,7.065322933101571,66.274,-100,0,0,24.432453912458435
180,DT,mlp,mushrooms,low,,31,372.0,DT,True,3.708889597422384,12.718,-100,0,0,24.432453912458435
180,DT,mlp,mushrooms,low,,32,298.0,DT,True,3.614145340978949,20.729,100,1,1,24.432453912458435
180,DT,mlp,mushrooms,low,,33,236.0,DT,True,6.84865972000806,40.253,-100,0,0,24.432453912458435
180,DT,mlp,mushrooms,low,,34,141.0,DT,False,7.0141733511923166,26.789,100,1,1,24.432453912458435
180,DT,mlp,mushrooms,low,,35,215.0,DT,True,4.415491361050762,13.614,-100,0,0,24.432453912458435
180,DT,mlp,mushrooms,low,,36,91.0,DT,False,6.902564792833465,11.67,100,1,1,24.432453912458435
180,DT,mlp,mushrooms,low,,37,88.0,DT,False,6.9478615196412905,20.952,100,1,1,24.432453912458435
180,DT,mlp,mushrooms,low,,38,82.0,DT,False,7.009174548726378,5.448,-100,1,0,24.432453912458435
180,DT,mlp,mushrooms,low,,39,146.0,DT,True,6.966305804211044,18.385,100,1,1,24.432453912458435
107,DT+LR,mlp,mushrooms,high,,0,62.0,DT,True,14.441869518626534,27.016,-40,0,0,37.934502832465114
107,DT+LR,mlp,mushrooms,high,,1,269.0,LR,False,0.2007722733147422,14.743,-60,0,1,37.934502832465114
107,DT+LR,mlp,mushrooms,high,,2,54.0,DT,True,3.4984387660714176,13.002,-100,1,1,37.934502832465114
107,DT+LR,mlp,mushrooms,high,,3,43.0,LR,True,5.251396926986405,8.648,-60,1,1,37.934502832465114
107,DT+LR,mlp,mushrooms,high,,4,115.0,LR,True,5.992603830859969,5.054,60,1,0,37.934502832465114
107,DT+LR,mlp,mushrooms,high,,5,193.0,LR,True,4.380878217532057,6.098,60,0,1,37.934502832465114
107,DT+LR,mlp,mushrooms,high,,6,325.0,LR,True,5.703498773455134,6.71,-80,0,0,37.934502832465114
107,DT+LR,mlp,mushrooms,high,,7,398.0,DT,False,5.162593080461215,11.987,-80,1,0,37.934502832465114
107,DT+LR,mlp,mushrooms,high,,8,369.0,LR,False,4.591435689775547,10.149,60,1,0,37.934502832465114
107,DT+LR,mlp,mushrooms,high,,9,3.0,LR,False,2.819598824415464,4.474,60,0,0,37.934502832465114
107,DT+LR,mlp,mushrooms,high,,10,44.0,DT,False,4.115041065875739,5.48,100,0,0,37.934502832465114
107,DT+LR,mlp,mushrooms,high,,11,357.0,DT,True,2.913679378709132,16.363,100,1,0,37.934502832465114
107,DT+LR,mlp,mushrooms,high,,12,328.0,LR,True,4.092130337230665,5.316,-60,1,0,37.934502832465114
107,DT+LR,mlp,mushrooms,high,,13,276.0,DT,True,7.502875668397667,18.825,100,1,1,37.934502832465114
107,DT+LR,mlp,mushrooms,high,,14,359.0,LR,True,8.151772750672162,8.683,60,1,1,37.934502832465114
107,DT+LR,mlp,mushrooms,high,,15,174.0,LR,True,8.90695953541746,4.132,60,1,1,37.934502832465114
107,DT+LR,mlp,mushrooms,high,,16,71.0,DT,False,8.548266294948426,7.595,-60,0,0,37.934502832465114
107,DT+LR,mlp,mushrooms,high,,17,379.0,DT,True,7.038006215549799,14.405,100,0,1,37.934502832465114
107,DT+LR,mlp,mushrooms,high,,18,200.0,DT,False,3.794744508352665,10.413,-60,0,0,37.934502832465114
107,DT+LR,mlp,mushrooms,high,,19,161.0,LR,True,10.367819929825831,3.16,60,1,0,37.934502832465114
107,DT+LR,mlp,mushrooms,high,,20,61.0,DT,False,8.412161730528794,7.292,80,0,1,37.934502832465114
107,DT+LR,mlp,mushrooms,high,,21,241.0,DT,True,9.09903537158064,34.604,100,1,1,37.934502832465114
107,DT+LR,mlp,mushrooms,high,,22,356.0,LR,True,9.683019110203258,7.839,-60,1,1,37.934502832465114
107,DT+LR,mlp,mushrooms,high,,23,24.0,DT,True,10.347848361123289,20.856,-80,0,1,37.934502832465114
107,DT+LR,mlp,mushrooms,high,,24,196.0,LR,True,8.178503322012983,2.829,60,1,0,37.934502832465114
107,DT+LR,mlp,mushrooms,high,,25,279.0,DT,False,10.30330465052575,10.188,-80,1,1,37.934502832465114
107,DT+LR,mlp,mushrooms,high,,26,286.0,LR,True,10.56982988927952,5.713,-60,1,0,37.934502832465114
107,DT+LR,mlp,mushrooms,high,,27,65.0,DT,True,10.15058144616242,17.95,80,1,1,37.934502832465114
107,DT+LR,mlp,mushrooms,high,,28,224.0,LR,False,10.001809323595948,4.467,60,1,1,37.934502832465114
107,DT+LR,mlp,mushrooms,high,,29,349.0,LR,False,8.66019955660972,7.527,100,0,0,37.934502832465114
107,DT+LR,mlp,mushrooms,high,,30,383.0,LR,True,10.526596365131091,5.184,60,1,1,37.934502832465114
107,DT+LR,mlp,mushrooms,high,,31,247.0,DT,False,10.460287910695635,7.032,60,1,1,37.934502832465114
107,DT+LR,mlp,mushrooms,high,,32,373.0,LR,False,10.48701651654442,3.535,60,1,1,37.934502832465114
107,DT+LR,mlp,mushrooms,high,,33,164.0,DT,False,10.5001118518999,4.362,60,1,1,37.934502832465114
107,DT+LR,mlp,mushrooms,high,,34,239.0,LR,True,3.75417468668485,2.826,-60,0,1,37.934502832465114
107,DT+LR,mlp,mushrooms,high,,35,127.0,LR,False,9.544638316788856,4.352,-40,1,1,37.934502832465114
107,DT+LR,mlp,mushrooms,high,,36,330.0,LR,False,7.683920353095708,3.545,60,1,0,37.934502832465114
107,DT+LR,mlp,mushrooms,high,,37,163.0,DT,True,9.19883626878881,13.004,60,1,1,37.934502832465114
107,DT+LR,mlp,mushrooms,high,,38,254.0,LR,False,3.494412004960235,2.753,-40,0,0,37.934502832465114
107,DT+LR,mlp,mushrooms,high,,39,288.0,LR,True,10.58769698602517,4.139,-40,0,1,37.934502832465114
134,DT,mlp,mushrooms,high,,0,285.0,DT,True,14.292777203047724,37.997,-80,0,0,34.950415397175355
134,DT,mlp,mushrooms,high,,1,146.0,DT,False,0.203955075069687,19.367,80,1,0,34.950415397175355
134,DT,mlp,mushrooms,high,,2,382.0,DT,False,3.94138644908183,7.127,100,0,1,34.950415397175355
134,DT,mlp,mushrooms,high,,3,318.0,DT,True,2.6076523011572377,27.501,100,0,1,34.950415397175355
134,DT,mlp,mushrooms,high,,4,222.0,DT,False,2.7724120369958256,12.506,40,0,1,34.950415397175355
134,DT,mlp,mushrooms,high,,5,127.0,DT,True,5.691856330382768,33.999,100,1,1,34.950415397175355
134,DT,mlp,mushrooms,high,,6,360.0,DT,True,6.042904556827757,18.082,-100,0,1,34.950415397175355
134,DT,mlp,mushrooms,high,,7,394.0,DT,True,3.956184730129783,14.532,-100,1,0,34.950415397175355
134,DT,mlp,mushrooms,high,,8,66.0,DT,True,3.441905550175893,11.687,-100,0,0,34.950415397175355
134,DT,mlp,mushrooms,high,,9,282.0,DT,False,8.01627747019935,8.118,100,1,0,34.950415397175355
134,DT,mlp,mushrooms,high,,10,352.0,DT,False,7.925366518070516,18.301,-40,1,1,34.950415397175355
134,DT,mlp,mushrooms,high,,11,72.0,DT,False,8.296555722164587,7.087,-40,0,0,34.950415397175355
134,DT,mlp,mushrooms,high,,12,213.0,DT,False,8.195612725964777,7.196,60,1,1,34.950415397175355
134,DT,mlp,mushrooms,high,,13,87.0,DT,True,7.685589270343886,11.238,-100,0,0,34.950415397175355
134,DT,mlp,mushrooms,high,,14,327.0,DT,False,7.797564285168709,16.057,40,1,0,34.950415397175355
134,DT,mlp,mushrooms,high,,15,258.0,DT,False,8.657973407284583,6.64,-60,0,0,34.950415397175355
134,DT,mlp,mushrooms,high,,16,51.0,DT,True,3.90771115670902,9.699,-100,0,0,34.950415397175355
134,DT,mlp,mushrooms,high,,17,256.0,DT,False,7.540949286033388,8.37,-40,1,1,34.950415397175355
134,DT,mlp,mushrooms,high,,18,353.0,DT,True,8.364433178864441,18.374,100,1,1,34.950415397175355
134,DT,mlp,mushrooms,high,,19,167.0,DT,False,7.6422091517712545,11.82,-60,1,0,34.950415397175355
134,DT,mlp,mushrooms,high,,20,121.0,DT,False,8.761900747101222,10.225,-80,0,0,34.950415397175355
134,DT,mlp,mushrooms,high,,21,342.0,DT,False,4.517824271033219,8.49,20,0,1,34.950415397175355
134,DT,mlp,mushrooms,high,,22,133.0,DT,False,4.953268808357898,7.663,-40,0,1,34.950415397175355
134,DT,mlp,mushrooms,high,,23,152.0,DT,False,8.459802256311825,10.995,40,0,0,34.950415397175355
134,DT,mlp,mushrooms,high,,24,62.0,DT,False,8.198844703501303,6.618,-40,0,0,34.950415397175355
134,DT,mlp,mushrooms,high,,25,388.0,DT,False,8.349305221665098,4.406,60,0,0,34.950415397175355
134,DT,mlp,mushrooms,high,,26,172.0,DT,False,4.676973810517913,6.044,20,0,0,34.950415397175355
134,DT,mlp,mushrooms,high,,27,117.0,DT,True,8.081068583858961,10.007,-100,0,0,34.950415397175355
134,DT,mlp,mushrooms,high,,28,148.0,DT,True,8.466593716201277,14.642,100,1,1,34.950415397175355
134,DT,mlp,mushrooms,high,,29,368.0,DT,False,8.040693798412597,11.006,60,1,1,34.950415397175355
134,DT,mlp,mushrooms,high,,30,275.0,DT,True,9.867479295206993,14.186,100,1,1,34.950415397175355
134,DT,mlp,mushrooms,high,,31,254.0,DT,False,3.9552842855765182,7.533,-80,0,1,34.950415397175355
134,DT,mlp,mushrooms,high,,32,123.0,DT,True,10.524220942736198,11.65,-100,1,1,34.950415397175355
134,DT,mlp,mushrooms,high,,33,111.0,DT,False,8.699388527366214,18.601,40,0,0,34.950415397175355
134,DT,mlp,mushrooms,high,,34,61.0,DT,False,8.607618067360187,5.051,-80,0,0,34.950415397175355
134,DT,mlp,mushrooms,high,,35,128.0,DT,False,10.392208340913005,5.536,40,1,1,34.950415397175355
134,DT,mlp,mushrooms,high,,36,64.0,DT,False,10.343297616126051,4.145,-20,1,1,34.950415397175355
134,DT,mlp,mushrooms,high,,37,191.0,DT,False,8.756512033235225,4.15,20,0,0,34.950415397175355
134,DT,mlp,mushrooms,high,,38,298.0,DT,True,3.81664586776752,14.601,100,1,0,34.950415397175355
134,DT,mlp,mushrooms,high,,39,250.0,DT,False,10.26337447199985,8.666,-60,1,0,34.950415397175355
251,DT+LR,mlp,mushrooms,low,,0,274.0,DT,True,10.770954098521887,52.264,-60,1,1,8.557539374716011
251,DT+LR,mlp,mushrooms,low,,1,252.0,DT,True,0.213820564790311,22.949,60,1,1,8.557539374716011
251,DT+LR,mlp,mushrooms,low,,2,180.0,DT,True,5.05286463361622,19.898,100,1,1,8.557539374716011
251,DT+LR,mlp,mushrooms,low,,3,36.0,LR,True,7.288017585684161,33.91,-40,1,0,8.557539374716011
251,DT+LR,mlp,mushrooms,low,,4,163.0,DT,True,7.33126155215325,22.34,80,1,0,8.557539374716011
251,DT+LR,mlp,mushrooms,low,,5,247.0,DT,True,6.972896982276798,12.446,100,1,1,8.557539374716011
251,DT+LR,mlp,mushrooms,low,,6,86.0,LR,False,7.144073689510256,11.995,60,1,1,8.557539374716011
251,DT+LR,mlp,mushrooms,low,,7,17.0,DT,True,6.163447845594553,15.221,-100,0,0,8.557539374716011
251,DT+LR,mlp,mushrooms,low,,8,236.0,DT,False,6.774860839725219,9.338,-80,0,0,8.557539374716011
251,DT+LR,mlp,mushrooms,low,,9,151.0,LR,False,6.773995086416022,7.216,-80,0,0,8.557539374716011
251,DT+LR,mlp,mushrooms,low,,10,27.0,LR,False,7.173530374186384,33.281,60,1,1,8.557539374716011
251,DT+LR,mlp,mushrooms,low,,11,165.0,DT,False,6.915111994268304,6.401,80,0,1,8.557539374716011
251,DT+LR,mlp,mushrooms,low,,12,298.0,DT,False,3.8080443290038337,18.229,20,1,0,8.557539374716011
251,DT+LR,mlp,mushrooms,low,,13,399.0,DT,True,6.851638685602653,35.65,100,1,1,8.557539374716011
251,DT+LR,mlp,mushrooms,low,,14,136.0,LR,True,6.971370615736547,56.29,20,0,1,8.557539374716011
251,DT+LR,mlp,mushrooms,low,,15,377.0,LR,False,7.069877643713282,13.467,-40,0,0,8.557539374716011
251,DT+LR,mlp,mushrooms,low,,16,338.0,DT,False,3.824421271513818,15.7,-20,0,1,8.557539374716011
251,DT+LR,mlp,mushrooms,low,,17,332.0,LR,False,6.97369826852534,5.186,-80,0,0,8.557539374716011
251,DT+LR,mlp,mushrooms,low,,18,198.0,LR,True,3.71401325998562,43.868,-20,0,0,8.557539374716011
251,DT+LR,mlp,mushrooms,low,,19,321.0,LR,True,6.87239148873311,32.038,20,1,1,8.557539374716011
251,DT+LR,mlp,mushrooms,low,,20,108.0,DT,False,6.823198464079313,13.193,-100,0,1,8.557539374716011
251,DT+LR,mlp,mushrooms,low,,21,173.0,DT,True,6.987564382441798,17.756,100,1,1,8.557539374716011
251,DT+LR,mlp,mushrooms,low,,22,134.0,LR,True,6.98660870654657,27.559,60,1,1,8.557539374716011
251,DT+LR,mlp,mushrooms,low,,23,146.0,LR,False,6.927125859718342,12.234,40,1,1,8.557539374716011
251,DT+LR,mlp,mushrooms,low,,24,368.0,DT,True,6.8858880105194995,13.677,100,1,1,8.557539374716011
251,DT+LR,mlp,mushrooms,low,,25,384.0,DT,False,7.055584010928564,7.023,-100,0,0,8.557539374716011
251,DT+LR,mlp,mushrooms,low,,26,75.0,DT,False,7.062199841584742,5.232,-100,1,0,8.557539374716011
251,DT+LR,mlp,mushrooms,low,,27,342.0,LR,False,3.826545412608159,9.522,80,0,1,8.557539374716011
251,DT+LR,mlp,mushrooms,low,,28,77.0,DT,True,6.9166048178523845,39.168,-100,0,0,8.557539374716011
251,DT+LR,mlp,mushrooms,low,,29,228.0,DT,False,3.606368687189576,12.365,20,0,1,8.557539374716011
251,DT+LR,mlp,mushrooms,low,,30,89.0,DT,False,6.8648965640978865,14.626,-40,0,0,8.557539374716011
251,DT+LR,mlp,mushrooms,low,,31,259.0,DT,True,6.7822819666227785,9.263,-100,0,0,8.557539374716011
251,DT+LR,mlp,mushrooms,low,,32,264.0,DT,True,7.004056937754323,13.305,100,0,1,8.557539374716011
251,DT+LR,mlp,mushrooms,low,,33,238.0,DT,True,7.022978352292737,17.068,80,1,1,8.557539374716011
251,DT+LR,mlp,mushrooms,low,,34,122.0,DT,False,6.894941692003991,8.733,60,1,1,8.557539374716011
251,DT+LR,mlp,mushrooms,low,,35,297.0,LR,True,6.934021311049391,35.215,-20,0,0,8.557539374716011
251,DT+LR,mlp,mushrooms,low,,36,323.0,LR,True,6.9479422170943534,45.402,20,1,1,8.557539374716011
251,DT+LR,mlp,mushrooms,low,,37,312.0,LR,False,6.955920724195918,9.453,40,1,1,8.557539374716011
251,DT+LR,mlp,mushrooms,low,,38,187.0,DT,False,6.961383986185379,7.065,60,1,1,8.557539374716011
251,DT+LR,mlp,mushrooms,low,,39,341.0,LR,False,6.912392744076695,5.241,-80,1,0,8.557539374716011
206,DT,mlp,mushrooms,high,,0,390.0,DT,False,0.2009302626229168,54.699,-40,0,0,28.502760238676935
206,DT,mlp,mushrooms,high,,1,359.0,DT,False,0.2009276830318111,34.11,40,1,1,28.502760238676935
206,DT,mlp,mushrooms,high,,2,92.0,DT,True,0.2009251159862071,33.473,-40,0,0,28.502760238676935
206,DT,mlp,mushrooms,high,,3,399.0,DT,True,0.2041126624888024,32.022,80,1,1,28.502760238676935
206,DT,mlp,mushrooms,high,,4,41.0,DT,True,3.2865586263286652,29.927,80,0,0,28.502760238676935
206,DT,mlp,mushrooms,high,,5,25.0,DT,False,5.579528704670844,21.231,-40,1,0,28.502760238676935
206,DT,mlp,mushrooms,high,,6,325.0,DT,True,6.731746788513065,37.276,-40,0,0,28.502760238676935
206,DT,mlp,mushrooms,high,,7,268.0,DT,False,3.615068618031257,22.355,60,0,0,28.502760238676935
206,DT,mlp,mushrooms,high,,8,320.0,DT,False,6.334829210536102,13.058,100,0,1,28.502760238676935
206,DT,mlp,mushrooms,high,,9,235.0,DT,True,5.989153048490919,14.122,-60,1,1,28.502760238676935
206,DT,mlp,mushrooms,high,,10,200.0,DT,False,3.546974494525894,21.098,-80,0,1,28.502760238676935
206,DT,mlp,mushrooms,high,,11,55.0,DT,False,10.459674168334477,28.977,40,1,1,28.502760238676935
206,DT,mlp,mushrooms,high,,12,170.0,DT,True,6.898075974454569,46.409,-60,1,0,28.502760238676935
206,DT,mlp,mushrooms,high,,13,82.0,DT,False,8.74580790720587,11.856,80,1,0,28.502760238676935
206,DT,mlp,mushrooms,high,,14,246.0,DT,True,7.126959054835658,14.425,60,1,0,28.502760238676935
206,DT,mlp,mushrooms,high,,15,280.0,DT,True,7.204409416369141,18.024,100,1,1,28.502760238676935
206,DT,mlp,mushrooms,high,,16,86.0,DT,False,10.504518867051168,13.466,40,1,1,28.502760238676935
206,DT,mlp,mushrooms,high,,17,281.0,DT,True,7.325058574001651,16.078,60,1,0,28.502760238676935
206,DT,mlp,mushrooms,high,,18,344.0,DT,True,6.6244191908502,5.869,100,0,0,28.502760238676935
206,DT,mlp,mushrooms,high,,19,307.0,DT,False,10.811072214487943,11.708,-60,1,1,28.502760238676935
206,DT,mlp,mushrooms,high,,20,185.0,DT,False,8.891086052759062,34.829,60,0,1,28.502760238676935
206,DT,mlp,mushrooms,high,,21,226.0,DT,False,10.480352059997973,15.0,100,1,1,28.502760238676935
206,DT,mlp,mushrooms,high,,22,93.0,DT,False,10.291126574695133,29.826,60,0,1,28.502760238676935
206,DT,mlp,mushrooms,high,,23,49.0,DT,False,10.65070253178672,21.923,60,1,1,28.502760238676935
206,DT,mlp,mushrooms,high,,24,186.0,DT,True,3.9645651556822834,13.795,-80,0,0,28.502760238676935
206,DT,mlp,mushrooms,high,,25,385.0,DT,True,4.108141138997558,19.636,-80,0,1,28.502760238676935
206,DT,mlp,mushrooms,high,,26,80.0,DT,True,8.825682120732827,60.697,-20,0,0,28.502760238676935
206,DT,mlp,mushrooms,high,,27,4.0,DT,True,8.512985933375056,28.75,-40,1,0,28.502760238676935
206,DT,mlp,mushrooms,high,,28,274.0,DT,False,10.495209947113166,14.247,100,1,1,28.502760238676935
206,DT,mlp,mushrooms,high,,29,207.0,DT,False,8.706714325632094,15.748,-80,1,0,28.502760238676935
206,DT,mlp,mushrooms,high,,30,264.0,DT,True,10.28999164592788,16.038,-100,0,0,28.502760238676935
206,DT,mlp,mushrooms,high,,31,212.0,DT,True,10.410214398825056,23.777,60,1,1,28.502760238676935
206,DT,mlp,mushrooms,high,,32,301.0,DT,False,10.613838136797568,6.533,100,1,1,28.502760238676935
206,DT,mlp,mushrooms,high,,33,59.0,DT,False,8.596981712612731,7.217,-80,1,0,28.502760238676935
206,DT,mlp,mushrooms,high,,34,216.0,DT,True,8.280677467786816,11.969,-80,1,0,28.502760238676935
206,DT,mlp,mushrooms,high,,35,113.0,DT,True,8.846470814328915,14.275,-60,0,0,28.502760238676935
206,DT,mlp,mushrooms,high,,36,123.0,DT,True,10.624556598124553,14.787,60,1,1,28.502760238676935
206,DT,mlp,mushrooms,high,,37,234.0,DT,True,10.251248919846624,15.174,-20,1,1,28.502760238676935
206,DT,mlp,mushrooms,high,,38,205.0,DT,False,4.234293989065471,11.576,100,0,1,28.502760238676935
206,DT,mlp,mushrooms,high,,39,343.0,DT,True,8.535768620328625,5.794,100,0,0,28.502760238676935
48,DT,mlp,mushrooms,high,,0,9.0,DT,True,14.404596439731831,18.319,-100,0,0,19.353436043175087
48,DT,mlp,mushrooms,high,,1,89.0,DT,False,0.2007726196419258,33.264,20,0,0,19.353436043175087
48,DT,mlp,mushrooms,high,,2,96.0,DT,True,6.238214865025332,16.183,-100,0,0,19.353436043175087
48,DT,mlp,mushrooms,high,,3,71.0,DT,True,2.959721039446173,11.267,-100,0,0,19.353436043175087
48,DT,mlp,mushrooms,high,,4,315.0,DT,True,7.600789753243507,8.532,-100,0,0,19.353436043175087
48,DT,mlp,mushrooms,high,,5,93.0,DT,False,5.773835628623509,10.677,-40,0,0,19.353436043175087
48,DT,mlp,mushrooms,high,,6,270.0,DT,False,7.054028951308524,8.685,60,1,0,19.353436043175087
48,DT,mlp,mushrooms,high,,7,287.0,DT,False,6.886262041336623,6.826,-100,0,0,19.353436043175087
48,DT,mlp,mushrooms,high,,8,156.0,DT,False,6.164598556201465,7.861,-100,0,0,19.353436043175087
48,DT,mlp,mushrooms,high,,9,63.0,DT,False,6.287923885870084,5.311,-100,0,0,19.353436043175087
48,DT,mlp,mushrooms,high,,10,385.0,DT,False,5.844792218187435,14.129,-100,0,0,19.353436043175087
48,DT,mlp,mushrooms,high,,11,27.0,DT,True,5.205975973878234,9.965,100,1,1,19.353436043175087
48,DT,mlp,mushrooms,high,,12,194.0,DT,True,5.477654476105757,5.513,-100,0,0,19.353436043175087
48,DT,mlp,mushrooms,high,,13,292.0,DT,False,9.335750269323368,9.775,100,1,1,19.353436043175087
48,DT,mlp,mushrooms,high,,14,399.0,DT,True,8.830045515168175,7.331,100,1,1,19.353436043175087
48,DT,mlp,mushrooms,high,,15,332.0,DT,True,8.724437440191783,5.542,-100,0,0,19.353436043175087
48,DT,mlp,mushrooms,high,,16,290.0,DT,False,10.617942411843888,6.52,-100,1,1,19.353436043175087
48,DT,mlp,mushrooms,high,,17,13.0,DT,False,8.579823236046474,6.022,-100,0,0,19.353436043175087
48,DT,mlp,mushrooms,high,,18,224.0,DT,False,9.837727658044916,12.485,20,1,0,19.353436043175087
48,DT,mlp,mushrooms,high,,19,388.0,DT,True,8.923849125603141,11.809,-100,0,0,19.353436043175087
48,DT,mlp,mushrooms,high,,20,176.0,DT,True,10.100234060057211,9.343,-100,1,1,19.353436043175087
48,DT,mlp,mushrooms,high,,21,28.0,DT,True,10.03049928286329,15.186,-100,1,0,19.353436043175087
48,DT,mlp,mushrooms,high,,22,62.0,DT,False,8.538704001643858,5.778,-100,0,0,19.353436043175087
48,DT,mlp,mushrooms,high,,23,103.0,DT,False,8.796738474929896,4.132,-100,0,0,19.353436043175087
48,DT,mlp,mushrooms,high,,24,30.0,DT,True,10.6539092521546,7.177,100,1,1,19.353436043175087
48,DT,mlp,mushrooms,high,,25,181.0,DT,True,10.686810932185024,8.748,100,1,1,19.353436043175087
48,DT,mlp,mushrooms,high,,26,254.0,DT,False,3.785799429048611,14.688,-80,0,1,19.353436043175087
48,DT,mlp,mushrooms,high,,27,326.0,DT,True,3.88029339849624,7.513,-100,0,0,19.353436043175087
48,DT,mlp,mushrooms,high,,28,298.0,DT,True,3.9777761409713936,11.826,100,1,0,19.353436043175087
48,DT,mlp,mushrooms,high,,29,106.0,DT,True,8.832038729746458,6.825,-100,0,0,19.353436043175087
48,DT,mlp,mushrooms,high,,30,340.0,DT,True,8.762086044774263,4.146,-100,0,0,19.353436043175087
48,DT,mlp,mushrooms,high,,31,284.0,DT,False,10.763701379660429,14.446,60,0,1,19.353436043175087
48,DT,mlp,mushrooms,high,,32,8.0,DT,True,10.270491165115155,11.291,100,1,1,19.353436043175087
48,DT,mlp,mushrooms,high,,33,352.0,DT,True,10.552254109667428,6.888,100,1,1,19.353436043175087
48,DT,mlp,mushrooms,high,,34,113.0,DT,True,8.686617150090822,4.558,-100,0,0,19.353436043175087
48,DT,mlp,mushrooms,high,,35,206.0,DT,True,8.648690627848227,5.0,-100,0,0,19.353436043175087
48,DT,mlp,mushrooms,high,,36,85.0,DT,False,8.76858632197283,3.468,-100,0,0,19.353436043175087
48,DT,mlp,mushrooms,high,,37,184.0,DT,True,3.904888497524541,5.657,-100,0,1,19.353436043175087
48,DT,mlp,mushrooms,high,,38,99.0,DT,False,10.647845710461898,10.381,-80,0,1,19.353436043175087
48,DT,mlp,mushrooms,high,,39,38.0,DT,False,8.76695153573284,5.833,-100,0,0,19.353436043175087
270,LR,mlp,mushrooms,high,,0,250.0,LR,True,6.466593658782369,66.791,-60,1,1,47.9004682505474
270,LR,mlp,mushrooms,high,,1,126.0,LR,True,6.231633849101326,43.021,-80,0,1,47.9004682505474
270,LR,mlp,mushrooms,high,,2,260.0,LR,True,6.440673478077349,14.547,-80,1,1,47.9004682505474
270,LR,mlp,mushrooms,high,,3,119.0,LR,True,5.802213650502679,17.148,-60,0,1,47.9004682505474
270,LR,mlp,mushrooms,high,,4,11.0,LR,True,6.339120247513028,15.546,-80,1,1,47.9004682505474
270,LR,mlp,mushrooms,high,,5,88.0,LR,True,6.104870205833983,17.458,80,1,1,47.9004682505474
270,LR,mlp,mushrooms,high,,6,120.0,LR,False,8.001936941118686,17.669,-60,1,1,47.9004682505474
270,LR,mlp,mushrooms,high,,7,27.0,LR,False,8.040258252260864,15.518,-40,1,1,47.9004682505474
270,LR,mlp,mushrooms,high,,8,154.0,LR,True,6.116329404087992,11.749,-80,1,1,47.9004682505474
270,LR,mlp,mushrooms,high,,9,105.0,LR,False,7.985946759281287,10.179,60,1,0,47.9004682505474
270,LR,mlp,mushrooms,high,,10,91.0,LR,True,6.170757432919206,5.505,40,1,1,47.9004682505474
270,LR,mlp,mushrooms,high,,11,268.0,LR,False,10.029633165932704,5.509,60,0,1,47.9004682505474
270,LR,mlp,mushrooms,high,,12,9.0,LR,True,6.147610292515228,8.653,60,0,1,47.9004682505474
270,LR,mlp,mushrooms,high,,13,229.0,LR,False,10.103290464963884,26.05,80,0,1,47.9004682505474
270,LR,mlp,mushrooms,high,,14,243.0,LR,False,7.915044118773039,13.399,-80,0,1,47.9004682505474
270,LR,mlp,mushrooms,high,,15,89.0,LR,True,5.879781098244747,15.179,-40,0,1,47.9004682505474
270,LR,mlp,mushrooms,high,,16,208.0,LR,True,8.372822762900487,37.806,80,1,0,47.9004682505474
270,LR,mlp,mushrooms,high,,17,100.0,LR,True,7.998998144347281,4.49,-100,0,1,47.9004682505474
270,LR,mlp,mushrooms,high,,18,121.0,LR,True,7.977908842228182,4.116,80,0,1,47.9004682505474
270,LR,mlp,mushrooms,high,,19,321.0,LR,True,6.7195345018285515,3.329,80,1,1,47.9004682505474
270,LR,mlp,mushrooms,high,,20,82.0,LR,True,6.3511080238135245,7.583,-40,1,1,47.9004682505474
270,LR,mlp,mushrooms,high,,21,60.0,LR,True,8.570608401058859,4.273,20,1,1,47.9004682505474
270,LR,mlp,mushrooms,high,,22,93.0,LR,False,9.895482365909686,7.779,100,0,1,47.9004682505474
270,LR,mlp,mushrooms,high,,23,384.0,LR,True,8.225373348721254,5.476,-80,0,1,47.9004682505474
270,LR,mlp,mushrooms,high,,24,347.0,LR,True,11.04450267227926,33.504,40,1,1,47.9004682505474
270,LR,mlp,mushrooms,high,,25,281.0,LR,True,10.497020470332204,8.255,-20,1,1,47.9004682505474
270,LR,mlp,mushrooms,high,,26,342.0,LR,False,9.968654563413992,4.197,-60,0,0,47.9004682505474
270,LR,mlp,mushrooms,high,,27,169.0,LR,True,10.610137872710762,3.213,-40,0,1,47.9004682505474
270,LR,mlp,mushrooms,high,,28,104.0,LR,True,13.309208726073326,9.821,-40,1,1,47.9004682505474
270,LR,mlp,mushrooms,high,,29,58.0,LR,True,12.06578252139067,8.88,80,0,0,47.9004682505474
270,LR,mlp,mushrooms,high,,30,395.0,LR,False,12.27006568895818,4.252,-60,0,0,47.9004682505474
270,LR,mlp,mushrooms,high,,31,309.0,LR,False,12.327310991633617,4.585,40,0,0,47.9004682505474
270,LR,mlp,mushrooms,high,,32,391.0,LR,True,12.67075544173819,8.253,-40,1,1,47.9004682505474
270,LR,mlp,mushrooms,high,,33,212.0,LR,False,11.754161695921916,3.751,80,1,0,47.9004682505474
270,LR,mlp,mushrooms,high,,34,204.0,LR,True,13.301174401175404,7.689,100,1,1,47.9004682505474
270,LR,mlp,mushrooms,high,,35,349.0,LR,False,12.291259815594948,171.915,-60,0,1,47.9004682505474
270,LR,mlp,mushrooms,high,,36,337.0,LR,False,12.158855720640204,6.571,20,1,0,47.9004682505474
270,LR,mlp,mushrooms,high,,37,17.0,LR,False,12.293791686643548,4.56,-100,0,1,47.9004682505474
270,LR,mlp,mushrooms,high,,38,48.0,LR,True,12.074659462903323,13.652,60,0,0,47.9004682505474
270,LR,mlp,mushrooms,high,,39,252.0,LR,False,12.287356721636463,3.958,100,1,1,47.9004682505474
120,DT+LR,mlp,mushrooms,low,,0,233.0,LR,True,6.266219112623261,29.61,-40,0,1,20.667239493993296
120,DT+LR,mlp,mushrooms,low,,1,297.0,DT,False,0.2110866141075086,10.7,40,0,1,20.667239493993296
120,DT+LR,mlp,mushrooms,low,,2,80.0,DT,True,0.2448450303122455,27.501,-80,0,1,20.667239493993296
120,DT+LR,mlp,mushrooms,low,,3,218.0,LR,True,0.3679671108778781,7.528,-60,1,0,20.667239493993296
120,DT+LR,mlp,mushrooms,low,,4,325.0,DT,False,5.44631321402512,16.394,-20,0,0,20.667239493993296
120,DT+LR,mlp,mushrooms,low,,5,60.0,DT,False,5.315461585309591,10.316,40,1,1,20.667239493993296
120,DT+LR,mlp,mushrooms,low,,6,255.0,DT,True,6.289660652581474,30.457,-100,0,0,20.667239493993296
120,DT+LR,mlp,mushrooms,low,,7,98.0,DT,True,4.828490693554049,27.622,80,1,0,20.667239493993296
120,DT+LR,mlp,mushrooms,low,,8,39.0,DT,True,3.6689506540674017,22.876,-100,0,1,20.667239493993296
120,DT+LR,mlp,mushrooms,low,,9,334.0,LR,False,5.291559943557422,20.378,-80,1,1,20.667239493993296
120,DT+LR,mlp,mushrooms,low,,10,120.0,LR,False,5.442923697776746,9.186,60,1,1,20.667239493993296
120,DT+LR,mlp,mushrooms,low,,11,260.0,DT,True,5.27422302643664,9.062,100,1,1,20.667239493993296
120,DT+LR,mlp,mushrooms,low,,12,121.0,LR,True,7.124510270620213,6.672,60,0,0,20.667239493993296
120,DT+LR,mlp,mushrooms,low,,13,369.0,LR,True,7.010351102944159,14.495,80,1,1,20.667239493993296
120,DT+LR,mlp,mushrooms,low,,14,349.0,DT,True,6.155551928265648,6.74,-60,0,1,20.667239493993296
120,DT+LR,mlp,mushrooms,low,,15,306.0,DT,True,3.531869886514256,10.4,-100,0,1,20.667239493993296
120,DT+LR,mlp,mushrooms,low,,16,225.0,LR,False,3.739232229097877,7.735,-100,0,0,20.667239493993296
120,DT+LR,mlp,mushrooms,low,,17,94.0,DT,False,7.052157879371834,7.983,-100,0,0,20.667239493993296
120,DT+LR,mlp,mushrooms,low,,18,224.0,LR,True,7.134345874166528,10.973,100,1,1,20.667239493993296
120,DT+LR,mlp,mushrooms,low,,19,108.0,DT,False,6.984725895920509,7.503,-100,0,0,20.667239493993296
120,DT+LR,mlp,mushrooms,low,,20,132.0,DT,True,3.455826070226421,12.587,-100,0,0,20.667239493993296
120,DT+LR,mlp,mushrooms,low,,21,91.0,DT,True,4.9891055866200675,12.19,100,1,0,20.667239493993296
120,DT+LR,mlp,mushrooms,low,,22,187.0,DT,True,5.256490812494205,7.625,100,1,1,20.667239493993296
120,DT+LR,mlp,mushrooms,low,,23,351.0,DT,True,4.6993117525725285,7.501,-100,0,1,20.667239493993296
120,DT+LR,mlp,mushrooms,low,,24,159.0,LR,True,6.989895019179661,10.56,100,1,1,20.667239493993296
120,DT+LR,mlp,mushrooms,low,,25,256.0,DT,False,6.832934043390344,6.689,100,1,1,20.667239493993296
120,DT+LR,mlp,mushrooms,low,,26,236.0,DT,True,7.073628282687298,5.87,-100,0,0,20.667239493993296
120,DT+LR,mlp,mushrooms,low,,27,182.0,DT,True,7.0194448739695545,6.567,100,1,1,20.667239493993296
120,DT+LR,mlp,mushrooms,low,,28,289.0,LR,True,4.84613820548922,20.959,-80,0,0,20.667239493993296
120,DT+LR,mlp,mushrooms,low,,29,252.0,LR,False,7.009480181778132,6.098,100,1,1,20.667239493993296
120,DT+LR,mlp,mushrooms,low,,30,374.0,LR,True,6.98796953949992,6.461,-100,0,0,20.667239493993296
120,DT+LR,mlp,mushrooms,low,,31,295.0,LR,True,7.038571916235976,7.918,100,1,0,20.667239493993296
120,DT+LR,mlp,mushrooms,low,,32,52.0,LR,True,6.9912163661578575,4.197,-100,1,0,20.667239493993296
120,DT+LR,mlp,mushrooms,low,,33,288.0,LR,False,6.9405232200224996,9.092,100,0,1,20.667239493993296
120,DT+LR,mlp,mushrooms,low,,34,59.0,DT,False,6.998492317446021,6.955,-80,1,0,20.667239493993296
120,DT+LR,mlp,mushrooms,low,,35,274.0,LR,True,7.007597038760931,15.845,-20,1,1,20.667239493993296
120,DT+LR,mlp,mushrooms,low,,36,78.0,LR,True,6.840284559938198,13.201,40,1,1,20.667239493993296
120,DT+LR,mlp,mushrooms,low,,37,157.0,LR,True,7.004442272676229,4.222,60,1,1,20.667239493993296
120,DT+LR,mlp,mushrooms,low,,38,76.0,DT,True,7.005803678044903,4.897,40,1,1,20.667239493993296
120,DT+LR,mlp,mushrooms,low,,39,122.0,DT,False,6.953412679197913,10.682,100,1,1,20.667239493993296
82,LR,mlp,mushrooms,low,,0,342.0,LR,True,6.416449706168661,15.796,-80,0,1,29.78656922323015
82,LR,mlp,mushrooms,low,,1,91.0,LR,False,6.2773907399094595,29.952,20,1,1,29.78656922323015
82,LR,mlp,mushrooms,low,,2,126.0,LR,True,5.9217256946892185,11.487,-100,0,1,29.78656922323015
82,LR,mlp,mushrooms,low,,3,235.0,LR,True,5.8842589088456325,11.115,-100,1,1,29.78656922323015
82,LR,mlp,mushrooms,low,,4,63.0,LR,True,6.1899239044688095,21.929,-40,0,1,29.78656922323015
82,LR,mlp,mushrooms,low,,5,311.0,LR,True,5.954534098040121,13.266,-20,1,1,29.78656922323015
82,LR,mlp,mushrooms,low,,6,338.0,LR,False,6.017429624658006,6.385,-20,0,0,29.78656922323015
82,LR,mlp,mushrooms,low,,7,35.0,LR,False,6.395183949878564,21.718,20,0,1,29.78656922323015
82,LR,mlp,mushrooms,low,,8,226.0,LR,True,6.526680454073085,18.516,40,1,1,29.78656922323015
82,LR,mlp,mushrooms,low,,9,375.0,LR,True,6.428805661373547,12.93,20,1,0,29.78656922323015
82,LR,mlp,mushrooms,low,,10,20.0,LR,True,6.368515310216629,50.654,-80,0,1,29.78656922323015
82,LR,mlp,mushrooms,low,,11,99.0,LR,True,6.47632509905129,33.439,-20,0,0,29.78656922323015
82,LR,mlp,mushrooms,low,,12,182.0,LR,True,6.627792788538675,16.614,40,1,0,29.78656922323015
82,LR,mlp,mushrooms,low,,13,121.0,LR,True,6.423550202413364,28.617,-40,0,1,29.78656922323015
82,LR,mlp,mushrooms,low,,14,55.0,LR,True,6.747403923547145,7.944,-20,1,0,29.78656922323015
82,LR,mlp,mushrooms,low,,15,276.0,LR,False,8.45242095873041,73.872,20,1,1,29.78656922323015
82,LR,mlp,mushrooms,low,,16,316.0,LR,False,8.668678959378376,26.542,-60,1,0,29.78656922323015
82,LR,mlp,mushrooms,low,,17,186.0,LR,False,8.361436150774946,11.703,-80,0,0,29.78656922323015
82,LR,mlp,mushrooms,low,,18,258.0,LR,False,8.619481596910392,14.941,-40,0,1,29.78656922323015
82,LR,mlp,mushrooms,low,,19,105.0,LR,False,9.089989242331596,17.09,-20,1,1,29.78656922323015
82,LR,mlp,mushrooms,low,,20,283.0,LR,True,8.737968125671724,25.065,60,1,1,29.78656922323015
82,LR,mlp,mushrooms,low,,21,41.0,LR,True,8.867890243459609,15.389,-60,0,1,29.78656922323015
82,LR,mlp,mushrooms,low,,22,0.0,LR,True,9.020920542650863,43.016,-40,0,0,29.78656922323015
82,LR,mlp,mushrooms,low,,23,301.0,LR,True,8.654620726904371,18.316,20,1,0,29.78656922323015
82,LR,mlp,mushrooms,low,,24,232.0,LR,True,8.011643275662545,150.515,-20,0,0,29.78656922323015
82,LR,mlp,mushrooms,low,,25,94.0,LR,True,8.933714365233403,8.025,-40,0,0,29.78656922323015
82,LR,mlp,mushrooms,low,,26,85.0,LR,True,9.04576115522772,15.779,-60,0,0,29.78656922323015
82,LR,mlp,mushrooms,low,,27,391.0,LR,False,8.579919026514874,10.378,-20,1,0,29.78656922323015
82,LR,mlp,mushrooms,low,,28,359.0,LR,True,8.886662911271294,9.248,20,1,0,29.78656922323015
82,LR,mlp,mushrooms,low,,29,184.0,LR,False,7.999926010659845,11.509,-20,0,0,29.78656922323015
82,LR,mlp,mushrooms,low,,30,165.0,LR,True,8.347143419805473,12.508,-20,0,0,29.78656922323015
82,LR,mlp,mushrooms,low,,31,133.0,LR,True,7.959550385189582,9.284,-60,0,0,29.78656922323015
82,LR,mlp,mushrooms,low,,32,331.0,LR,False,9.11553704118035,10.367,-60,0,1,29.78656922323015
82,LR,mlp,mushrooms,low,,33,227.0,LR,False,8.731879078628829,9.115,40,1,1,29.78656922323015
82,LR,mlp,mushrooms,low,,34,314.0,LR,False,8.769124553514626,11.882,-40,0,0,29.78656922323015
82,LR,mlp,mushrooms,low,,35,14.0,LR,True,8.060007780793907,11.845,-20,0,0,29.78656922323015
82,LR,mlp,mushrooms,low,,36,293.0,LR,False,8.878572158723287,8.508,-60,0,0,29.78656922323015
82,LR,mlp,mushrooms,low,,37,390.0,LR,True,8.33021047030715,12.333,-40,0,1,29.78656922323015
82,LR,mlp,mushrooms,low,,38,141.0,LR,True,8.770575382028744,9.412,-40,1,1,29.78656922323015
82,LR,mlp,mushrooms,low,,39,277.0,LR,True,8.849954335594749,12.913,20,1,0,29.78656922323015
240,LR,mlp,mushrooms,low,,0,237.0,LR,True,6.298345585742478,33.8,60,1,0,30.3651062850118
240,LR,mlp,mushrooms,low,,1,34.0,LR,False,6.095539683507367,22.9,-20,0,1,30.3651062850118
240,LR,mlp,mushrooms,low,,2,139.0,LR,True,6.3682791618054955,43.162,-60,0,0,30.3651062850118
240,LR,mlp,mushrooms,low,,3,175.0,LR,False,6.072710625484633,17.967,-40,1,1,30.3651062850118
240,LR,mlp,mushrooms,low,,4,362.0,LR,True,6.302938277276086,27.146,80,1,1,30.3651062850118
240,LR,mlp,mushrooms,low,,5,318.0,LR,False,6.104147856194289,8.451,40,0,1,30.3651062850118
240,LR,mlp,mushrooms,low,,6,83.0,LR,False,6.553020303236684,7.869,-20,0,1,30.3651062850118
240,LR,mlp,mushrooms,low,,7,232.0,LR,False,5.978639024234111,8.738,-40,0,0,30.3651062850118
240,LR,mlp,mushrooms,low,,8,117.0,LR,False,6.067196985061779,10.098,-20,0,1,30.3651062850118
240,LR,mlp,mushrooms,low,,9,4.0,LR,False,8.446543195327669,5.406,-40,1,1,30.3651062850118
240,LR,mlp,mushrooms,low,,10,80.0,LR,False,8.735982992633664,18.384,20,0,1,30.3651062850118
240,LR,mlp,mushrooms,low,,11,349.0,LR,False,9.04868070209154,6.316,-20,0,0,30.3651062850118
240,LR,mlp,mushrooms,low,,12,239.0,LR,False,8.019707587437322,5.951,-20,0,0,30.3651062850118
240,LR,mlp,mushrooms,low,,13,127.0,LR,False,8.687817006140197,9.536,-20,1,0,30.3651062850118
240,LR,mlp,mushrooms,low,,14,158.0,LR,True,9.013019280592529,96.001,-100,0,1,30.3651062850118
240,LR,mlp,mushrooms,low,,15,86.0,LR,False,8.64046161119074,18.876,20,1,0,30.3651062850118
240,LR,mlp,mushrooms,low,,16,151.0,LR,False,8.487348405738006,6.251,20,0,0,30.3651062850118
240,LR,mlp,mushrooms,low,,17,260.0,LR,True,8.653730380279587,23.474,40,1,1,30.3651062850118
240,LR,mlp,mushrooms,low,,18,268.0,LR,True,8.23877459537523,42.012,-60,0,0,30.3651062850118
240,LR,mlp,mushrooms,low,,19,143.0,LR,False,8.856933387253074,46.935,60,1,0,30.3651062850118
240,LR,mlp,mushrooms,low,,20,155.0,LR,False,8.82871474637181,42.396,100,1,1,30.3651062850118
240,LR,mlp,mushrooms,low,,21,48.0,LR,False,8.324611575577563,24.888,-60,0,0,30.3651062850118
240,LR,mlp,mushrooms,low,,22,307.0,LR,False,8.794142398797987,40.93,100,1,0,30.3651062850118
240,LR,mlp,mushrooms,low,,23,219.0,LR,True,8.890767987037727,93.63,100,1,0,30.3651062850118
240,LR,mlp,mushrooms,low,,24,21.0,LR,True,8.790089059356568,54.739,100,1,0,30.3651062850118
240,LR,mlp,mushrooms,low,,25,131.0,LR,True,8.985924079211085,36.55,80,0,1,30.3651062850118
240,LR,mlp,mushrooms,low,,26,266.0,LR,False,8.28693724235756,22.188,20,0,1,30.3651062850118
240,LR,mlp,mushrooms,low,,27,242.0,LR,False,8.63277374236366,57.029,100,1,0,30.3651062850118
240,LR,mlp,mushrooms,low,,28,321.0,LR,True,8.71868486048574,49.966,100,1,1,30.3651062850118
240,LR,mlp,mushrooms,low,,29,114.0,LR,False,8.861233690870629,44.077,100,1,0,30.3651062850118
240,LR,mlp,mushrooms,low,,30,89.0,LR,False,8.926557005819177,107.929,-20,0,1,30.3651062850118
240,LR,mlp,mushrooms,low,,31,75.0,LR,True,8.978391917546197,65.735,-40,1,0,30.3651062850118
240,LR,mlp,mushrooms,low,,32,196.0,LR,True,8.688478612828138,61.44,80,1,1,30.3651062850118
240,LR,mlp,mushrooms,low,,33,52.0,LR,True,8.647284130443563,45.747,100,1,0,30.3651062850118
240,LR,mlp,mushrooms,low,,34,282.0,LR,False,8.568965796051383,44.027,100,1,1,30.3651062850118
240,LR,mlp,mushrooms,low,,35,193.0,LR,True,8.59052854062076,31.644,-100,0,0,30.3651062850118
240,LR,mlp,mushrooms,low,,36,60.0,LR,True,8.722452041129223,39.074,100,1,1,30.3651062850118
240,LR,mlp,mushrooms,low,,37,141.0,LR,False,8.5751870717707,34.675,20,1,0,30.3651062850118
240,LR,mlp,mushrooms,low,,38,317.0,LR,False,8.095113914693085,26.48,-100,0,0,30.3651062850118
240,LR,mlp,mushrooms,low,,39,161.0,LR,True,8.56235669197065,22.874,100,1,1,30.3651062850118
11,LR,mlp,mushrooms,low,,0,101.0,LR,False,6.278279161269652,20.678,20,1,1,27.858893829066155
11,LR,mlp,mushrooms,low,,1,331.0,LR,True,5.844310278586834,190.285,-80,0,1,27.858893829066155
11,LR,mlp,mushrooms,low,,2,349.0,LR,False,5.781383439235321,25.804,-40,0,1,27.858893829066155
11,LR,mlp,mushrooms,low,,3,298.0,LR,False,8.586238062233793,6.682,-20,1,0,27.858893829066155
11,LR,mlp,mushrooms,low,,4,366.0,LR,True,8.972880850382207,21.427,-20,0,1,27.858893829066155
11,LR,mlp,mushrooms,low,,5,324.0,LR,False,9.062329322165922,7.93,20,0,1,27.858893829066155
11,LR,mlp,mushrooms,low,,6,126.0,LR,False,8.966429635858002,10.284,-60,0,1,27.858893829066155
11,LR,mlp,mushrooms,low,,7,123.0,LR,True,8.584706619704328,6.416,80,1,1,27.858893829066155
11,LR,mlp,mushrooms,low,,8,387.0,LR,True,9.10785467903559,8.175,-80,0,1,27.858893829066155
11,LR,mlp,mushrooms,low,,9,252.0,LR,True,8.800020126785224,8.101,20,1,0,27.858893829066155
11,LR,mlp,mushrooms,low,,10,288.0,LR,False,8.487465382662034,40.439,-40,0,1,27.858893829066155
11,LR,mlp,mushrooms,low,,11,281.0,LR,True,8.803328704853627,7.601,-60,1,0,27.858893829066155
11,LR,mlp,mushrooms,low,,12,38.0,LR,True,8.977424329703823,20.959,-80,0,0,27.858893829066155
11,LR,mlp,mushrooms,low,,13,229.0,LR,False,9.006454364270802,24.656,60,0,0,27.858893829066155
11,LR,mlp,mushrooms,low,,14,91.0,LR,False,8.607375387080484,65.53,80,1,0,27.858893829066155
11,LR,mlp,mushrooms,low,,15,133.0,LR,True,8.026789683191947,7.685,-100,0,0,27.858893829066155
11,LR,mlp,mushrooms,low,,16,115.0,LR,False,8.978405267120541,13.879,40,1,1,27.858893829066155
11,LR,mlp,mushrooms,low,,17,17.0,LR,False,9.028521759687004,36.981,20,0,0,27.858893829066155
11,LR,mlp,mushrooms,low,,18,269.0,LR,True,8.032774205815198,14.695,-100,0,0,27.858893829066155
11,LR,mlp,mushrooms,low,,19,379.0,LR,True,8.688111387611805,28.198,-20,0,1,27.858893829066155
11,LR,mlp,mushrooms,low,,20,114.0,LR,False,9.042104219653892,29.649,20,1,0,27.858893829066155
11,LR,mlp,mushrooms,low,,21,368.0,LR,True,8.855486905933628,29.995,20,1,1,27.858893829066155
11,LR,mlp,mushrooms,low,,22,94.0,LR,True,8.93095312506657,65.216,-60,0,0,27.858893829066155
11,LR,mlp,mushrooms,low,,23,112.0,LR,True,8.819920754996417,14.425,40,1,1,27.858893829066155
11,LR,mlp,mushrooms,low,,24,314.0,LR,True,8.778350920709102,14.873,-80,0,0,27.858893829066155
11,LR,mlp,mushrooms,low,,25,197.0,LR,True,8.913308133314091,15.005,-80,0,0,27.858893829066155
11,LR,mlp,mushrooms,low,,26,49.0,LR,False,8.626036605754766,10.595,80,1,0,27.858893829066155
11,LR,mlp,mushrooms,low,,27,316.0,LR,True,8.65840985311231,10.071,60,1,1,27.858893829066155
11,LR,mlp,mushrooms,low,,28,283.0,LR,True,8.761356211663088,10.34,40,1,0,27.858893829066155
11,LR,mlp,mushrooms,low,,29,291.0,LR,True,8.035811801758676,13.149,-100,0,0,27.858893829066155
11,LR,mlp,mushrooms,low,,30,88.0,LR,True,8.85825884475776,37.514,-20,1,1,27.858893829066155
11,LR,mlp,mushrooms,low,,31,215.0,LR,False,8.186338782467821,8.801,-60,0,0,27.858893829066155
11,LR,mlp,mushrooms,low,,32,4.0,LR,False,8.96344843818695,8.767,-60,1,0,27.858893829066155
11,LR,mlp,mushrooms,low,,33,44.0,LR,True,8.99284664927437,24.759,-60,0,0,27.858893829066155
11,LR,mlp,mushrooms,low,,34,78.0,LR,True,8.861603827284647,16.849,-20,1,0,27.858893829066155
11,LR,mlp,mushrooms,low,,35,99.0,LR,False,8.612650290224108,10.691,-60,0,0,27.858893829066155
11,LR,mlp,mushrooms,low,,36,183.0,LR,True,8.93084147605799,9.191,-80,0,0,27.858893829066155
11,LR,mlp,mushrooms,low,,37,174.0,LR,True,8.937933534248874,6.036,40,1,1,27.858893829066155
11,LR,mlp,mushrooms,low,,38,243.0,LR,False,8.919312255019234,8.269,-80,0,0,27.858893829066155
11,LR,mlp,mushrooms,low,,39,159.0,LR,True,8.82104395518568,6.254,80,1,1,27.858893829066155
151,DT,mlp,mushrooms,high,,0,309.0,DT,True,15.932792674414646,91.977,20,0,1,19.275523692677567
151,DT,mlp,mushrooms,high,,1,386.0,DT,False,0.2007586399089321,54.226,-40,1,0,19.275523692677567
151,DT,mlp,mushrooms,high,,2,227.0,DT,False,7.581254221740905,5.278,-20,1,0,19.275523692677567
151,DT,mlp,mushrooms,high,,3,77.0,DT,False,4.569292062692816,5.583,-60,0,0,19.275523692677567
151,DT,mlp,mushrooms,high,,4,217.0,DT,False,4.601483280873841,4.096,40,1,0,19.275523692677567
151,DT,mlp,mushrooms,high,,5,380.0,DT,False,2.4318354673304574,6.651,100,0,1,19.275523692677567
151,DT,mlp,mushrooms,high,,6,269.0,DT,True,2.365694496433563,34.77,-60,0,0,19.275523692677567
151,DT,mlp,mushrooms,high,,7,280.0,DT,False,3.6952518164017865,9.692,60,1,1,19.275523692677567
151,DT,mlp,mushrooms,high,,8,271.0,DT,True,5.548244796025188,22.213,80,1,0,19.275523692677567
151,DT,mlp,mushrooms,high,,9,313.0,DT,False,5.289572484206882,10.412,-60,0,0,19.275523692677567
151,DT,mlp,mushrooms,high,,10,3.0,DT,True,3.4679648830217924,11.723,-100,0,1,19.275523692677567
151,DT,mlp,mushrooms,high,,11,327.0,DT,True,6.736964266454406,59.177,-80,1,1,19.275523692677567
151,DT,mlp,mushrooms,high,,12,283.0,DT,False,9.443792690945392,7.607,-20,1,1,19.275523692677567
151,DT,mlp,mushrooms,high,,13,194.0,DT,True,6.396708826661076,11.044,-80,0,0,19.275523692677567
151,DT,mlp,mushrooms,high,,14,278.0,DT,True,9.348301199459897,14.785,100,1,1,19.275523692677567
151,DT,mlp,mushrooms,high,,15,393.0,DT,True,7.312817505694333,13.591,-100,0,1,19.275523692677567
151,DT,mlp,mushrooms,high,,16,92.0,DT,False,3.777972480705767,9.631,-40,0,0,19.275523692677567
151,DT,mlp,mushrooms,high,,17,78.0,DT,False,10.180716578363416,6.043,60,1,1,19.275523692677567
151,DT,mlp,mushrooms,high,,18,161.0,DT,False,10.704486628243444,3.468,-40,1,1,19.275523692677567
151,DT,mlp,mushrooms,high,,19,104.0,DT,True,8.431657104889169,13.3,-80,1,0,19.275523692677567
151,DT,mlp,mushrooms,high,,20,44.0,DT,False,8.36610849192226,5.191,-80,0,0,19.275523692677567
151,DT,mlp,mushrooms,high,,21,374.0,DT,True,8.378448868619916,6.221,-80,0,0,19.275523692677567
151,DT,mlp,mushrooms,high,,22,9.0,DT,True,4.004974757304632,17.336,-80,0,0,19.275523692677567
151,DT,mlp,mushrooms,high,,23,72.0,DT,True,8.734137874859256,3.887,-100,0,0,19.275523692677567
151,DT,mlp,mushrooms,high,,24,268.0,DT,True,4.650839858295503,4.463,-80,0,0,19.275523692677567
151,DT,mlp,mushrooms,high,,25,71.0,DT,True,8.713386061985567,3.837,-80,0,0,19.275523692677567
151,DT,mlp,mushrooms,high,,26,235.0,DT,False,10.46343795722544,3.935,60,1,1,19.275523692677567
151,DT,mlp,mushrooms,high,,27,179.0,DT,False,10.04080235241662,3.385,40,1,1,19.275523692677567
151,DT,mlp,mushrooms,high,,28,65.0,DT,True,9.912092097627236,3.87,60,1,1,19.275523692677567
151,DT,mlp,mushrooms,high,,29,101.0,DT,False,10.010073808662224,3.659,60,1,0,19.275523692677567
151,DT,mlp,mushrooms,high,,30,383.0,DT,False,10.384592042586918,14.298,60,1,1,19.275523692677567
151,DT,mlp,mushrooms,high,,31,273.0,DT,False,8.704562062488561,3.342,-80,1,0,19.275523692677567
151,DT,mlp,mushrooms,high,,32,286.0,DT,False,10.50103343389696,6.469,80,1,1,19.275523692677567
151,DT,mlp,mushrooms,high,,33,371.0,DT,False,9.974051385129968,5.363,-40,1,1,19.275523692677567
151,DT,mlp,mushrooms,high,,34,134.0,DT,True,10.355594721399028,18.833,80,1,1,19.275523692677567
151,DT,mlp,mushrooms,high,,35,340.0,DT,False,8.595524413206833,6.53,-80,0,0,19.275523692677567
151,DT,mlp,mushrooms,high,,36,221.0,DT,False,10.425098361748905,5.616,40,1,1,19.275523692677567
151,DT,mlp,mushrooms,high,,37,150.0,DT,True,8.627025416592744,17.478,-80,0,0,19.275523692677567
151,DT,mlp,mushrooms,high,,38,288.0,DT,True,10.339720296597935,3.638,60,0,1,19.275523692677567
151,DT,mlp,mushrooms,high,,39,196.0,DT,True,8.609920644748158,6.733,-80,1,0,19.275523692677567
172,DT,mlp,mushrooms,high,,0,343.0,DT,False,0.2009302626229168,31.07,20,0,1,54.789077265991274
172,DT,mlp,mushrooms,high,,1,112.0,DT,True,0.2041180730709053,13.666,40,1,1,54.789077265991274
172,DT,mlp,mushrooms,high,,2,268.0,DT,False,0.2017333008495844,4.062,-40,0,1,54.789077265991274
172,DT,mlp,mushrooms,high,,3,193.0,DT,True,5.268049807919372,3.613,40,0,0,54.789077265991274
172,DT,mlp,mushrooms,high,,4,203.0,DT,False,3.07053954014318,4.936,-40,0,1,54.789077265991274
172,DT,mlp,mushrooms,high,,5,166.0,DT,False,7.209050663586741,2.729,-40,1,0,54.789077265991274
172,DT,mlp,mushrooms,high,,6,272.0,DT,True,7.281200336439089,2.287,40,1,1,54.789077265991274
172,DT,mlp,mushrooms,high,,7,121.0,DT,False,5.474220737338689,4.166,40,0,0,54.789077265991274
172,DT,mlp,mushrooms,high,,8,107.0,DT,True,6.399769447649316,2.407,40,1,1,54.789077265991274
172,DT,mlp,mushrooms,high,,9,192.0,DT,True,3.3885212685307553,6.402,40,0,0,54.789077265991274
172,DT,mlp,mushrooms,high,,10,384.0,DT,True,6.47855384770605,3.568,-40,0,0,54.789077265991274
172,DT,mlp,mushrooms,high,,11,237.0,DT,False,10.090004601667532,2.026,40,1,1,54.789077265991274
172,DT,mlp,mushrooms,high,,12,70.0,DT,True,7.756657915521387,2.499,-60,0,0,54.789077265991274
172,DT,mlp,mushrooms,high,,13,316.0,DT,True,8.974019530765657,2.388,-40,1,1,54.789077265991274
172,DT,mlp,mushrooms,high,,14,302.0,DT,True,7.037648586198323,2.585,40,0,0,54.789077265991274
172,DT,mlp,mushrooms,high,,15,217.0,DT,False,10.794372061920717,1.759,-60,1,1,54.789077265991274
172,DT,mlp,mushrooms,high,,16,106.0,DT,True,7.513631658512668,2.561,40,0,0,54.789077265991274
172,DT,mlp,mushrooms,high,,17,11.0,DT,True,8.498912003478448,1.903,-60,1,1,54.789077265991274
172,DT,mlp,mushrooms,high,,18,236.0,DT,False,8.751886092734635,2.995,40,0,0,54.789077265991274
172,DT,mlp,mushrooms,high,,19,318.0,DT,True,7.575823619419943,2.703,40,0,0,54.789077265991274
172,DT,mlp,mushrooms,high,,20,117.0,DT,False,8.597446383375337,3.85,-40,0,0,54.789077265991274
172,DT,mlp,mushrooms,high,,21,378.0,DT,True,10.344300939844477,2.657,-40,1,1,54.789077265991274
172,DT,mlp,mushrooms,high,,22,167.0,DT,False,10.164207920488549,3.105,-40,1,1,54.789077265991274
172,DT,mlp,mushrooms,high,,23,169.0,DT,False,8.710368330093784,1.426,40,0,0,54.789077265991274
172,DT,mlp,mushrooms,high,,24,246.0,DT,True,10.30542274230519,2.611,-60,1,1,54.789077265991274
172,DT,mlp,mushrooms,high,,25,155.0,DT,True,10.439364706154148,2.128,-60,1,1,54.789077265991274
172,DT,mlp,mushrooms,high,,26,240.0,DT,False,8.58682852399787,2.009,40,1,0,54.789077265991274
172,DT,mlp,mushrooms,high,,27,55.0,DT,True,10.504371109516692,17.739,-40,1,1,54.789077265991274
172,DT,mlp,mushrooms,high,,28,355.0,DT,True,10.51137076163555,6.118,40,1,1,54.789077265991274
172,DT,mlp,mushrooms,high,,29,82.0,DT,True,8.533756358571685,2.885,-40,1,0,54.789077265991274
172,DT,mlp,mushrooms,high,,30,225.0,DT,True,3.792986104760744,6.848,-60,0,0,54.789077265991274
172,DT,mlp,mushrooms,high,,31,296.0,DT,True,10.310509323035818,4.097,-40,1,1,54.789077265991274
172,DT,mlp,mushrooms,high,,32,368.0,DT,True,10.27145044006364,1.584,40,1,1,54.789077265991274
172,DT,mlp,mushrooms,high,,33,39.0,DT,True,4.151694029102458,6.506,-80,0,0,54.789077265991274
172,DT,mlp,mushrooms,high,,34,319.0,DT,False,8.073563714181741,3.294,-40,1,0,54.789077265991274
172,DT,mlp,mushrooms,high,,35,361.0,DT,True,8.63583672358931,1.938,40,0,0,54.789077265991274
172,DT,mlp,mushrooms,high,,36,171.0,DT,False,4.316767918570453,3.235,-60,0,0,54.789077265991274
172,DT,mlp,mushrooms,high,,37,228.0,DT,False,4.015908472829638,5.294,-60,0,0,54.789077265991274
172,DT,mlp,mushrooms,high,,38,209.0,DT,False,8.62189440521563,1.666,20,0,0,54.789077265991274
172,DT,mlp,mushrooms,high,,39,74.0,DT,False,10.280485924039022,5.533,-40,1,1,54.789077265991274
60,LR,mlp,mushrooms,low,,0,67.0,LR,False,6.26248520526503,14.565,-40,0,1,33.14682850583091
60,LR,mlp,mushrooms,low,,1,60.0,LR,False,5.998225893300033,5.65,60,1,1,33.14682850583091
60,LR,mlp,mushrooms,low,,2,327.0,LR,False,6.088543392967056,4.162,80,1,1,33.14682850583091
60,LR,mlp,mushrooms,low,,3,50.0,LR,True,6.354925007677869,7.3,40,0,1,33.14682850583091
60,LR,mlp,mushrooms,low,,4,323.0,LR,True,6.07283536047419,5.108,-40,1,1,33.14682850583091
60,LR,mlp,mushrooms,low,,5,32.0,LR,False,6.232853102452754,5.372,80,0,1,33.14682850583091
60,LR,mlp,mushrooms,low,,6,232.0,LR,True,6.039377022432392,11.956,-60,0,0,33.14682850583091
60,LR,mlp,mushrooms,low,,7,396.0,LR,False,6.0857684466145505,7.223,80,0,0,33.14682850583091
60,LR,mlp,mushrooms,low,,8,197.0,LR,False,8.56653627977697,6.8,-40,0,1,33.14682850583091
60,LR,mlp,mushrooms,low,,9,217.0,LR,True,8.926121243937027,6.014,-80,1,1,33.14682850583091
60,LR,mlp,mushrooms,low,,10,128.0,LR,True,8.8588071365132,20.061,-40,1,0,33.14682850583091
60,LR,mlp,mushrooms,low,,11,214.0,LR,True,8.65949597946178,15.407,-20,1,1,33.14682850583091
60,LR,mlp,mushrooms,low,,12,44.0,LR,True,5.920229147852481,6.993,-40,0,1,33.14682850583091
60,LR,mlp,mushrooms,low,,13,218.0,LR,True,8.680519575205645,3.352,60,1,1,33.14682850583091
60,LR,mlp,mushrooms,low,,14,202.0,LR,True,8.608257412778379,5.484,20,1,1,33.14682850583091
60,LR,mlp,mushrooms,low,,15,132.0,LR,False,8.511359864183428,4.696,80,0,0,33.14682850583091
60,LR,mlp,mushrooms,low,,16,45.0,LR,False,8.855154708662765,2.897,60,0,1,33.14682850583091
60,LR,mlp,mushrooms,low,,17,209.0,LR,True,8.969276802238701,3.46,80,0,0,33.14682850583091
60,LR,mlp,mushrooms,low,,18,251.0,LR,False,8.78356245004427,3.245,-40,1,1,33.14682850583091
60,LR,mlp,mushrooms,low,,19,195.0,LR,False,8.89621216222408,3.831,-40,0,1,33.14682850583091
60,LR,mlp,mushrooms,low,,20,208.0,LR,False,8.776012223415805,4.686,-20,1,1,33.14682850583091
60,LR,mlp,mushrooms,low,,21,146.0,LR,False,8.7771650412353,4.804,-60,1,1,33.14682850583091
60,LR,mlp,mushrooms,low,,22,185.0,LR,True,8.939111859122296,5.235,40,0,0,33.14682850583091
60,LR,mlp,mushrooms,low,,23,83.0,LR,False,8.372576969513533,30.618,-40,0,0,33.14682850583091
60,LR,mlp,mushrooms,low,,24,77.0,LR,True,9.038247849576242,3.864,60,0,0,33.14682850583091
60,LR,mlp,mushrooms,low,,25,115.0,LR,False,9.053874097704906,7.496,20,1,1,33.14682850583091
60,LR,mlp,mushrooms,low,,26,236.0,LR,False,8.86016499221516,5.536,60,0,1,33.14682850583091
60,LR,mlp,mushrooms,low,,27,224.0,LR,False,8.856107383921842,5.107,-40,1,0,33.14682850583091
60,LR,mlp,mushrooms,low,,28,321.0,LR,False,8.753332634931443,18.636,-40,1,0,33.14682850583091
60,LR,mlp,mushrooms,low,,29,367.0,LR,False,8.519579474517762,4.75,60,1,0,33.14682850583091
60,LR,mlp,mushrooms,low,,30,318.0,LR,False,9.045228648397885,7.342,-40,0,0,33.14682850583091
60,LR,mlp,mushrooms,low,,31,265.0,LR,False,8.919171522080397,7.744,-60,0,1,33.14682850583091
60,LR,mlp,mushrooms,low,,32,270.0,LR,True,8.839901947734145,7.199,20,1,1,33.14682850583091
60,LR,mlp,mushrooms,low,,33,268.0,LR,False,8.251509179987988,11.791,-80,0,1,33.14682850583091
60,LR,mlp,mushrooms,low,,34,162.0,LR,False,8.619032411009988,4.647,60,1,0,33.14682850583091
60,LR,mlp,mushrooms,low,,35,194.0,LR,False,8.932393812464246,5.835,-40,0,0,33.14682850583091
60,LR,mlp,mushrooms,low,,36,269.0,LR,False,8.062869606589038,7.544,-100,0,0,33.14682850583091
60,LR,mlp,mushrooms,low,,37,372.0,LR,False,8.010721933197711,3.733,-100,0,1,33.14682850583091
60,LR,mlp,mushrooms,low,,38,244.0,LR,True,8.235653733254773,5.101,-100,0,1,33.14682850583091
60,LR,mlp,mushrooms,low,,39,144.0,LR,False,8.705681147297376,4.456,100,0,0,33.14682850583091
53,DT+LR,mlp,mushrooms,low,,0,327.0,DT,True,10.770954098521887,40.029,100,1,1,25.975221022194013
53,DT+LR,mlp,mushrooms,low,,1,157.0,LR,True,0.213820564790311,20.735,-40,1,0,25.975221022194013
53,DT+LR,mlp,mushrooms,low,,2,198.0,DT,False,3.7715943091197857,9.447,20,0,0,25.975221022194013
53,DT+LR,mlp,mushrooms,low,,3,180.0,DT,False,5.469254466646105,5.099,60,1,1,25.975221022194013
53,DT+LR,mlp,mushrooms,low,,4,370.0,LR,True,6.495514975444249,6.855,80,1,0,25.975221022194013
53,DT+LR,mlp,mushrooms,low,,5,382.0,LR,True,4.918758969103542,30.101,40,0,1,25.975221022194013
53,DT+LR,mlp,mushrooms,low,,6,29.0,LR,False,5.66299681455683,8.419,40,0,0,25.975221022194013
53,DT+LR,mlp,mushrooms,low,,7,110.0,LR,False,5.31638732746829,12.657,60,0,0,25.975221022194013
53,DT+LR,mlp,mushrooms,low,,8,227.0,LR,False,5.639605902845069,6.245,-20,1,0,25.975221022194013
53,DT+LR,mlp,mushrooms,low,,9,23.0,LR,True,4.845114085071682,8.578,-100,0,0,25.975221022194013
53,DT+LR,mlp,mushrooms,low,,10,238.0,LR,False,4.263480617581154,61.475,-20,1,1,25.975221022194013
53,DT+LR,mlp,mushrooms,low,,11,111.0,LR,True,4.197023142192079,9.823,-100,0,1,25.975221022194013
53,DT+LR,mlp,mushrooms,low,,12,247.0,DT,True,4.0862881254529535,44.398,100,1,0,25.975221022194013
53,DT+LR,mlp,mushrooms,low,,13,397.0,LR,False,2.1398604169341904,18.218,-100,0,1,25.975221022194013
53,DT+LR,mlp,mushrooms,low,,14,73.0,LR,False,7.099905248442132,36.087,-100,0,0,25.975221022194013
53,DT+LR,mlp,mushrooms,low,,15,55.0,DT,True,6.859642624360666,15.358,100,1,1,25.975221022194013
53,DT+LR,mlp,mushrooms,low,,16,0.0,LR,True,6.827212994608568,6.525,-100,0,0,25.975221022194013
53,DT+LR,mlp,mushrooms,low,,17,68.0,LR,False,7.154184130563313,28.926,-100,1,0,25.975221022194013
53,DT+LR,mlp,mushrooms,low,,18,372.0,LR,False,3.8154708175599312,10.63,-100,0,1,25.975221022194013
53,DT+LR,mlp,mushrooms,low,,19,1.0,DT,True,6.966573768841314,15.77,100,1,1,25.975221022194013
53,DT+LR,mlp,mushrooms,low,,20,253.0,DT,True,7.03282048928134,9.58,100,1,0,25.975221022194013
53,DT+LR,mlp,mushrooms,low,,21,201.0,DT,True,6.833170421631899,12.342,100,1,1,25.975221022194013
53,DT+LR,mlp,mushrooms,low,,22,115.0,LR,False,6.951094328855064,15.601,-100,1,0,25.975221022194013
53,DT+LR,mlp,mushrooms,low,,23,240.0,LR,False,7.083392557485907,18.375,-100,1,0,25.975221022194013
53,DT+LR,mlp,mushrooms,low,,24,151.0,LR,True,6.998195696757355,13.489,-100,0,0,25.975221022194013
53,DT+LR,mlp,mushrooms,low,,25,186.0,LR,False,3.7952156074788905,13.841,-80,0,1,25.975221022194013
53,DT+LR,mlp,mushrooms,low,,26,288.0,DT,True,7.010306288956682,22.376,40,0,1,25.975221022194013
53,DT+LR,mlp,mushrooms,low,,27,322.0,LR,True,6.965202843316185,6.109,-100,0,0,25.975221022194013
53,DT+LR,mlp,mushrooms,low,,28,197.0,LR,True,6.968369066631491,5.217,-100,0,0,25.975221022194013
53,DT+LR,mlp,mushrooms,low,,29,19.0,LR,False,7.090658260042702,9.388,40,1,1,25.975221022194013
53,DT+LR,mlp,mushrooms,low,,30,323.0,LR,True,7.045536859303715,4.6,-100,1,1,25.975221022194013
53,DT+LR,mlp,mushrooms,low,,31,223.0,LR,False,6.997268368141641,10.575,-40,0,0,25.975221022194013
53,DT+LR,mlp,mushrooms,low,,32,96.0,DT,False,3.733790831791731,10.022,-40,0,1,25.975221022194013
53,DT+LR,mlp,mushrooms,low,,33,208.0,LR,True,7.106383582694722,49.767,20,1,1,25.975221022194013
53,DT+LR,mlp,mushrooms,low,,34,47.0,DT,False,6.839876880257158,12.529,-60,0,1,25.975221022194013
53,DT+LR,mlp,mushrooms,low,,35,3.0,DT,True,3.730917720209332,9.191,-40,0,0,25.975221022194013
53,DT+LR,mlp,mushrooms,low,,36,5.0,DT,True,6.8939917339639765,14.109,-80,0,0,25.975221022194013
53,DT+LR,mlp,mushrooms,low,,37,62.0,DT,True,6.924580081988023,8.343,-100,0,0,25.975221022194013
53,DT+LR,mlp,mushrooms,low,,38,230.0,LR,True,6.880890801768086,29.169,20,1,1,25.975221022194013
53,DT+LR,mlp,mushrooms,low,,39,346.0,DT,True,6.804635661100121,10.83,40,1,1,25.975221022194013
148,DT,mlp,mushrooms,low,,0,201.0,DT,False,0.2045888683227096,43.848,-40,1,1,25.532942237685823
148,DT,mlp,mushrooms,low,,1,178.0,DT,True,0.2143247935367186,28.375,80,1,1,25.532942237685823
148,DT,mlp,mushrooms,low,,2,90.0,DT,False,0.2512424298183795,26.371,-20,1,1,25.532942237685823
148,DT,mlp,mushrooms,low,,3,266.0,DT,False,3.2784325182678025,9.647,-60,0,1,25.532942237685823
148,DT,mlp,mushrooms,low,,4,258.0,DT,False,5.34336029578509,6.766,80,0,0,25.532942237685823
148,DT,mlp,mushrooms,low,,5,378.0,DT,False,4.845876114395218,6.198,20,1,1,25.532942237685823
148,DT,mlp,mushrooms,low,,6,343.0,DT,False,4.165580535683548,9.141,60,0,0,25.532942237685823
148,DT,mlp,mushrooms,low,,7,133.0,DT,False,3.1300220698611736,7.086,-20,0,1,25.532942237685823
148,DT,mlp,mushrooms,low,,8,62.0,DT,False,4.309287319454259,21.322,20,0,0,25.532942237685823
148,DT,mlp,mushrooms,low,,9,32.0,DT,True,3.609737422913197,28.879,100,0,0,25.532942237685823
148,DT,mlp,mushrooms,low,,10,174.0,DT,False,3.67932549535155,29.855,-60,1,0,25.532942237685823
148,DT,mlp,mushrooms,low,,11,80.0,DT,True,5.082385904367373,23.02,-100,0,0,25.532942237685823
148,DT,mlp,mushrooms,low,,12,349.0,DT,False,7.078251290999877,41.378,-80,0,0,25.532942237685823
148,DT,mlp,mushrooms,low,,13,365.0,DT,False,3.868322626460248,12.263,-20,0,1,25.532942237685823
148,DT,mlp,mushrooms,low,,14,20.0,DT,False,3.808229418429985,9.018,-100,0,1,25.532942237685823
148,DT,mlp,mushrooms,low,,15,128.0,DT,False,7.029249911617356,10.835,100,1,1,25.532942237685823
148,DT,mlp,mushrooms,low,,16,214.0,DT,True,5.045600354493943,20.855,100,1,1,25.532942237685823
148,DT,mlp,mushrooms,low,,17,83.0,DT,False,3.5950739203551128,15.776,100,0,1,25.532942237685823
148,DT,mlp,mushrooms,low,,18,14.0,DT,True,3.07151306448474,20.661,-100,0,0,25.532942237685823
148,DT,mlp,mushrooms,low,,19,208.0,DT,False,7.106129586248954,9.363,-100,1,1,25.532942237685823
148,DT,mlp,mushrooms,low,,20,197.0,DT,False,6.995057508879572,17.793,-40,0,0,25.532942237685823
148,DT,mlp,mushrooms,low,,21,149.0,DT,True,5.20799379636135,21.099,100,1,1,25.532942237685823
148,DT,mlp,mushrooms,low,,22,164.0,DT,False,6.9551409041747245,17.189,40,1,1,25.532942237685823
148,DT,mlp,mushrooms,low,,23,92.0,DT,False,3.6197570717374448,11.249,-20,0,1,25.532942237685823
148,DT,mlp,mushrooms,low,,24,53.0,DT,False,6.961344915044872,7.187,-40,1,1,25.532942237685823
148,DT,mlp,mushrooms,low,,25,131.0,DT,True,4.808137242205309,18.982,-100,0,0,25.532942237685823
148,DT,mlp,mushrooms,low,,26,190.0,DT,True,4.802437246350913,11.096,100,1,1,25.532942237685823
148,DT,mlp,mushrooms,low,,27,118.0,DT,False,6.745935204818368,5.975,-100,0,0,25.532942237685823
148,DT,mlp,mushrooms,low,,28,60.0,DT,True,5.08620506104581,6.996,100,1,1,25.532942237685823
148,DT,mlp,mushrooms,low,,29,269.0,DT,True,3.6932625368535232,6.521,-100,0,1,25.532942237685823
148,DT,mlp,mushrooms,low,,30,299.0,DT,True,4.735830584757984,6.124,100,1,0,25.532942237685823
148,DT,mlp,mushrooms,low,,31,274.0,DT,False,6.9080971796878945,5.375,100,1,1,25.532942237685823
148,DT,mlp,mushrooms,low,,32,244.0,DT,True,3.9551893986552935,5.999,-100,0,0,25.532942237685823
148,DT,mlp,mushrooms,low,,33,388.0,DT,True,4.893705316985624,5.118,-100,0,0,25.532942237685823
148,DT,mlp,mushrooms,low,,34,89.0,DT,False,6.855127653431066,7.609,-100,0,0,25.532942237685823
148,DT,mlp,mushrooms,low,,35,360.0,DT,False,6.937386314424288,4.951,-100,0,0,25.532942237685823
148,DT,mlp,mushrooms,low,,36,213.0,DT,True,6.89926523900051,5.417,100,1,1,25.532942237685823
148,DT,mlp,mushrooms,low,,37,238.0,DT,False,6.799181298769017,5.501,100,1,1,25.532942237685823
148,DT,mlp,mushrooms,low,,38,218.0,DT,False,6.936901158567493,4.482,100,1,1,25.532942237685823
148,DT,mlp,mushrooms,low,,39,191.0,DT,False,6.89575774376063,5.626,100,0,0,25.532942237685823
262,DT,mlp,mushrooms,low,,0,271.0,DT,True,10.770954098521887,62.946,100,1,0,10.64670391643513
262,DT,mlp,mushrooms,low,,1,308.0,DT,True,0.2073399520528911,22.033,100,1,1,10.64670391643513
262,DT,mlp,mushrooms,low,,2,258.0,DT,False,7.012104997683078,45.639,-60,0,0,10.64670391643513
262,DT,mlp,mushrooms,low,,3,10.0,DT,True,6.955521163612121,57.903,-100,1,0,10.64670391643513
262,DT,mlp,mushrooms,low,,4,8.0,DT,False,7.1428251382953265,24.654,-60,1,1,10.64670391643513
262,DT,mlp,mushrooms,low,,5,233.0,DT,False,7.279776026428034,7.47,-60,0,0,10.64670391643513
262,DT,mlp,mushrooms,low,,6,254.0,DT,False,3.9410733493539536,23.567,-60,0,0,10.64670391643513
262,DT,mlp,mushrooms,low,,7,206.0,DT,False,7.126140974434072,59.288,-60,0,0,10.64670391643513
262,DT,mlp,mushrooms,low,,8,385.0,DT,True,3.5772628091693965,30.228,-100,0,0,10.64670391643513
262,DT,mlp,mushrooms,low,,9,190.0,DT,False,7.116833413183226,8.501,100,1,1,10.64670391643513
262,DT,mlp,mushrooms,low,,10,209.0,DT,False,7.014513625198637,19.922,-80,0,0,10.64670391643513
262,DT,mlp,mushrooms,low,,11,338.0,DT,False,4.120742393584524,9.546,-80,0,1,10.64670391643513
262,DT,mlp,mushrooms,low,,12,371.0,DT,False,6.862408601388429,39.203,80,1,1,10.64670391643513
262,DT,mlp,mushrooms,low,,13,210.0,DT,False,6.805224536232952,14.944,100,0,1,10.64670391643513
262,DT,mlp,mushrooms,low,,14,255.0,DT,True,6.058209547010781,15.015,-100,0,0,10.64670391643513
262,DT,mlp,mushrooms,low,,15,90.0,DT,True,3.570446716161247,8.844,100,1,1,10.64670391643513
262,DT,mlp,mushrooms,low,,16,29.0,DT,False,7.039009442295353,22.78,-80,0,0,10.64670391643513
262,DT,mlp,mushrooms,low,,17,65.0,DT,False,7.107136100817918,16.249,80,1,1,10.64670391643513
262,DT,mlp,mushrooms,low,,18,143.0,DT,False,7.070591704080207,6.054,80,1,1,10.64670391643513
262,DT,mlp,mushrooms,low,,19,38.0,DT,True,6.9706230163579335,11.281,-100,0,0,10.64670391643513
262,DT,mlp,mushrooms,low,,20,109.0,DT,True,6.977659308116785,8.911,100,1,1,10.64670391643513
262,DT,mlp,mushrooms,low,,21,91.0,DT,False,6.9012104975925075,10.258,80,1,1,10.64670391643513
262,DT,mlp,mushrooms,low,,22,164.0,DT,False,7.081229457930708,9.814,80,1,1,10.64670391643513
262,DT,mlp,mushrooms,low,,23,145.0,DT,True,6.990383168593511,9.184,100,1,1,10.64670391643513
262,DT,mlp,mushrooms,low,,24,348.0,DT,True,6.839184778941753,10.43,100,1,1,10.64670391643513
262,DT,mlp,mushrooms,low,,25,58.0,DT,True,3.714087790140108,10.978,-100,0,0,10.64670391643513
262,DT,mlp,mushrooms,low,,26,126.0,DT,False,6.861328820499625,8.662,-80,0,0,10.64670391643513
262,DT,mlp,mushrooms,low,,27,256.0,DT,True,6.870595201979671,11.346,80,1,1,10.64670391643513
262,DT,mlp,mushrooms,low,,28,172.0,DT,False,3.869310577891376,30.92,-80,0,0,10.64670391643513
262,DT,mlp,mushrooms,low,,29,72.0,DT,True,6.952662414371318,9.766,-100,0,0,10.64670391643513
262,DT,mlp,mushrooms,low,,30,398.0,DT,False,7.028456242528805,11.32,80,1,1,10.64670391643513
262,DT,mlp,mushrooms,low,,31,148.0,DT,False,6.899690342979199,7.188,80,1,1,10.64670391643513
262,DT,mlp,mushrooms,low,,32,123.0,DT,False,7.019164360153796,6.548,80,1,1,10.64670391643513
262,DT,mlp,mushrooms,low,,33,96.0,DT,False,3.623183785050315,30.215,-80,0,1,10.64670391643513
262,DT,mlp,mushrooms,low,,34,218.0,DT,True,6.814565505228778,15.868,100,1,1,10.64670391643513
262,DT,mlp,mushrooms,low,,35,89.0,DT,True,7.033676567215723,8.351,-100,0,0,10.64670391643513
262,DT,mlp,mushrooms,low,,36,13.0,DT,False,6.738046823947308,7.381,-80,0,0,10.64670391643513
262,DT,mlp,mushrooms,low,,37,84.0,DT,True,6.931410193581972,8.125,100,1,1,10.64670391643513
262,DT,mlp,mushrooms,low,,38,374.0,DT,False,6.888523779322908,7.548,-80,0,0,10.64670391643513
262,DT,mlp,mushrooms,low,,39,232.0,DT,False,3.644774075062356,14.113,-80,0,1,10.64670391643513
195,DT,mlp,mushrooms,high,,0,183.0,DT,True,14.180957966363616,16.002,-60,0,1,9.577451045213705
195,DT,mlp,mushrooms,high,,1,134.0,DT,True,0.2007747033303797,12.194,40,1,1,9.577451045213705
195,DT,mlp,mushrooms,high,,2,128.0,DT,True,5.182930224998423,9.511,40,1,1,9.577451045213705
195,DT,mlp,mushrooms,high,,3,67.0,DT,False,6.380526645126032,12.543,-40,0,0,9.577451045213705
195,DT,mlp,mushrooms,high,,4,169.0,DT,True,8.574997445345097,5.312,-40,0,0,9.577451045213705
195,DT,mlp,mushrooms,high,,5,142.0,DT,False,9.857030037261987,8.356,20,1,1,9.577451045213705
195,DT,mlp,mushrooms,high,,6,34.0,DT,False,9.55188786242637,5.34,20,0,1,9.577451045213705
195,DT,mlp,mushrooms,high,,7,243.0,DT,False,8.294465771126507,6.96,-40,0,0,9.577451045213705
195,DT,mlp,mushrooms,high,,8,18.0,DT,False,7.7228725839986465,9.525,-20,0,0,9.577451045213705
195,DT,mlp,mushrooms,high,,9,278.0,DT,False,9.19974417542342,8.569,20,1,1,9.577451045213705
195,DT,mlp,mushrooms,high,,10,367.0,DT,True,7.278062659029366,14.294,40,1,0,9.577451045213705
195,DT,mlp,mushrooms,high,,11,255.0,DT,True,7.041209968760491,6.141,-60,0,0,9.577451045213705
195,DT,mlp,mushrooms,high,,12,51.0,DT,False,4.141064402116782,10.12,-20,0,0,9.577451045213705
195,DT,mlp,mushrooms,high,,13,277.0,DT,True,10.421253106864716,16.156,40,1,1,9.577451045213705
195,DT,mlp,mushrooms,high,,14,264.0,DT,True,10.090089615871523,13.282,-40,0,0,9.577451045213705
195,DT,mlp,mushrooms,high,,15,263.0,DT,False,10.407754412264447,6.431,40,1,1,9.577451045213705
195,DT,mlp,mushrooms,high,,16,53.0,DT,False,10.607484865833309,10.317,60,1,1,9.577451045213705
195,DT,mlp,mushrooms,high,,17,354.0,DT,True,8.716458819746194,9.621,-60,1,0,9.577451045213705
195,DT,mlp,mushrooms,high,,18,111.0,DT,False,8.73252776883352,5.507,-40,0,0,9.577451045213705
195,DT,mlp,mushrooms,high,,19,385.0,DT,False,3.9279925579358648,10.392,20,0,0,9.577451045213705
195,DT,mlp,mushrooms,high,,20,110.0,DT,False,8.57133277575485,6.516,-40,0,0,9.577451045213705
195,DT,mlp,mushrooms,high,,21,389.0,DT,True,8.675647765391187,7.253,-40,0,0,9.577451045213705
195,DT,mlp,mushrooms,high,,22,392.0,DT,True,10.7753792227485,7.194,20,0,1,9.577451045213705
195,DT,mlp,mushrooms,high,,23,350.0,DT,True,8.876337482652973,12.564,-40,1,1,9.577451045213705
195,DT,mlp,mushrooms,high,,24,69.0,DT,False,10.696677789279263,4.347,40,1,1,9.577451045213705
195,DT,mlp,mushrooms,high,,25,114.0,DT,False,8.607535189487105,6.107,-20,1,0,9.577451045213705
195,DT,mlp,mushrooms,high,,26,33.0,DT,True,3.8855081160758913,16.774,-20,1,1,9.577451045213705
195,DT,mlp,mushrooms,high,,27,397.0,DT,False,3.7024387022523846,20.456,-20,0,1,9.577451045213705
195,DT,mlp,mushrooms,high,,28,330.0,DT,True,8.690802533338648,5.158,-40,1,0,9.577451045213705
195,DT,mlp,mushrooms,high,,29,186.0,DT,True,4.0273763126049325,14.962,-20,0,0,9.577451045213705
195,DT,mlp,mushrooms,high,,30,10.0,DT,True,8.333647475699305,7.54,-20,1,0,9.577451045213705
195,DT,mlp,mushrooms,high,,31,68.0,DT,True,8.463588539743885,5.62,-20,1,0,9.577451045213705
195,DT,mlp,mushrooms,high,,32,347.0,DT,False,10.473000567551445,5.663,20,1,1,9.577451045213705
195,DT,mlp,mushrooms,high,,33,162.0,DT,True,10.02895246921929,22.316,40,1,1,9.577451045213705
195,DT,mlp,mushrooms,high,,34,329.0,DT,True,10.00551989355964,8.029,40,1,1,9.577451045213705
195,DT,mlp,mushrooms,high,,35,251.0,DT,False,10.10337210004664,4.132,40,1,1,9.577451045213705
195,DT,mlp,mushrooms,high,,36,143.0,DT,True,10.337177455730515,5.592,40,1,1,9.577451045213705
195,DT,mlp,mushrooms,high,,37,173.0,DT,False,10.443723509371708,4.943,20,1,1,9.577451045213705
195,DT,mlp,mushrooms,high,,38,294.0,DT,True,10.068622321379824,5.883,20,1,1,9.577451045213705
195,DT,mlp,mushrooms,high,,39,196.0,DT,False,8.67761954158017,6.027,-20,1,0,9.577451045213705
169,LR,mlp,mushrooms,high,,0,204.0,LR,True,6.42757547830403,323.495,40,1,1,31.520255349628613
169,LR,mlp,mushrooms,high,,1,77.0,LR,False,8.165302786728647,22.124,20,0,0,31.520255349628613
169,LR,mlp,mushrooms,high,,2,359.0,LR,False,8.08364625050763,13.171,40,1,1,31.520255349628613
169,LR,mlp,mushrooms,high,,3,29.0,LR,False,7.996467317005225,26.436,-60,0,1,31.520255349628613
169,LR,mlp,mushrooms,high,,4,362.0,LR,False,7.85108098445296,22.048,60,1,0,31.520255349628613
169,LR,mlp,mushrooms,high,,5,60.0,LR,True,6.140468562111902,22.853,40,1,1,31.520255349628613
169,LR,mlp,mushrooms,high,,6,356.0,LR,True,5.821659858466587,32.676,40,1,1,31.520255349628613
169,LR,mlp,mushrooms,high,,7,349.0,LR,False,8.152097556361634,44.909,40,0,1,31.520255349628613
169,LR,mlp,mushrooms,high,,8,183.0,LR,True,5.8205974770298905,19.156,40,0,1,31.520255349628613
169,LR,mlp,mushrooms,high,,9,297.0,LR,False,8.059651446186924,240.632,40,0,1,31.520255349628613
169,LR,mlp,mushrooms,high,,10,226.0,LR,False,8.122930731497528,29.265,40,1,1,31.520255349628613
169,LR,mlp,mushrooms,high,,11,175.0,LR,False,10.217583041259608,22.158,60,1,0,31.520255349628613
169,LR,mlp,mushrooms,high,,12,222.0,LR,True,5.753191987000778,5.119,-60,0,1,31.520255349628613
169,LR,mlp,mushrooms,high,,13,94.0,LR,False,10.157684594822936,10.834,-40,0,0,31.520255349628613
169,LR,mlp,mushrooms,high,,14,50.0,LR,False,9.92095448823454,5.151,-60,0,0,31.520255349628613
169,LR,mlp,mushrooms,high,,15,58.0,LR,False,9.643246965173969,16.968,60,0,0,31.520255349628613
169,LR,mlp,mushrooms,high,,16,335.0,LR,True,7.890095094776262,4.345,40,0,1,31.520255349628613
169,LR,mlp,mushrooms,high,,17,215.0,LR,False,9.605970543987718,6.169,-40,0,0,31.520255349628613
169,LR,mlp,mushrooms,high,,18,311.0,LR,True,8.033184095516976,5.706,-20,1,1,31.520255349628613
169,LR,mlp,mushrooms,high,,19,196.0,LR,True,7.65368581056436,6.634,60,1,1,31.520255349628613
169,LR,mlp,mushrooms,high,,20,191.0,LR,True,7.956633585512139,14.769,60,0,1,31.520255349628613
169,LR,mlp,mushrooms,high,,21,363.0,LR,False,10.12633954320376,29.562,60,1,0,31.520255349628613
169,LR,mlp,mushrooms,high,,22,46.0,LR,False,9.74430533223878,4.307,-20,1,0,31.520255349628613
169,LR,mlp,mushrooms,high,,23,288.0,LR,True,8.573564496630155,5.257,-40,0,0,31.520255349628613
169,LR,mlp,mushrooms,high,,24,369.0,LR,True,8.50490339986085,9.375,-20,1,0,31.520255349628613
169,LR,mlp,mushrooms,high,,25,336.0,LR,True,8.537653463370331,7.424,-20,0,0,31.520255349628613
169,LR,mlp,mushrooms,high,,26,120.0,LR,True,7.939411661939266,6.826,80,1,1,31.520255349628613
169,LR,mlp,mushrooms,high,,27,15.0,LR,False,10.067037810228868,6.506,20,0,1,31.520255349628613
169,LR,mlp,mushrooms,high,,28,259.0,LR,False,10.091771363863606,7.84,60,0,0,31.520255349628613
169,LR,mlp,mushrooms,high,,29,78.0,LR,True,10.700087159139214,6.124,-40,1,1,31.520255349628613
169,LR,mlp,mushrooms,high,,30,56.0,LR,True,10.92894547248088,37.7,-20,1,1,31.520255349628613
169,LR,mlp,mushrooms,high,,31,1.0,LR,True,10.066372208647572,6.677,60,1,1,31.520255349628613
169,LR,mlp,mushrooms,high,,32,250.0,LR,False,10.105932019328549,5.993,40,1,1,31.520255349628613
169,LR,mlp,mushrooms,high,,33,106.0,LR,False,12.264365906737437,6.855,60,0,1,31.520255349628613
169,LR,mlp,mushrooms,high,,34,249.0,LR,False,12.19754976347428,3.851,-20,0,1,31.520255349628613
169,LR,mlp,mushrooms,high,,35,123.0,LR,False,12.322317198055488,5.685,40,1,0,31.520255349628613
169,LR,mlp,mushrooms,high,,36,264.0,LR,False,12.083934992160607,5.571,-40,0,0,31.520255349628613
169,LR,mlp,mushrooms,high,,37,41.0,LR,False,12.297918935286235,6.158,40,0,0,31.520255349628613
169,LR,mlp,mushrooms,high,,38,171.0,LR,False,11.663381882263437,25.53,60,0,0,31.520255349628613
169,LR,mlp,mushrooms,high,,39,192.0,LR,False,11.656569558170006,22.833,-40,0,0,31.520255349628613
208,DT,mlp,mushrooms,low,,0,305.0,DT,False,0.2110866141075085,59.525,-20,1,0,20.02109373279461
208,DT,mlp,mushrooms,low,,1,160.0,DT,True,0.2415963283363689,171.902,-60,1,1,20.02109373279461
208,DT,mlp,mushrooms,low,,2,179.0,DT,False,0.430943522342928,39.568,60,1,0,20.02109373279461
208,DT,mlp,mushrooms,low,,3,214.0,DT,False,5.141814958446335,17.404,40,1,1,20.02109373279461
208,DT,mlp,mushrooms,low,,4,138.0,DT,False,5.1403110697046,10.16,20,0,0,20.02109373279461
208,DT,mlp,mushrooms,low,,5,92.0,DT,False,3.1348570312351014,7.257,-40,0,1,20.02109373279461
208,DT,mlp,mushrooms,low,,6,167.0,DT,False,4.640419889527668,29.973,20,1,1,20.02109373279461
208,DT,mlp,mushrooms,low,,7,251.0,DT,False,4.625118927303328,7.898,40,1,0,20.02109373279461
208,DT,mlp,mushrooms,low,,8,290.0,DT,True,4.654339124962404,21.527,60,1,1,20.02109373279461
208,DT,mlp,mushrooms,low,,9,226.0,DT,True,3.8129555006524383,21.925,60,1,0,20.02109373279461
208,DT,mlp,mushrooms,low,,10,262.0,DT,False,7.097041998885974,7.273,-40,0,0,20.02109373279461
208,DT,mlp,mushrooms,low,,11,191.0,DT,True,6.281392460571205,23.258,40,0,0,20.02109373279461
208,DT,mlp,mushrooms,low,,12,280.0,DT,False,6.863929542028926,17.92,40,1,1,20.02109373279461
208,DT,mlp,mushrooms,low,,13,199.0,DT,True,6.046742077956926,8.439,-40,1,1,20.02109373279461
208,DT,mlp,mushrooms,low,,14,149.0,DT,True,5.73029561643402,10.685,40,1,1,20.02109373279461
208,DT,mlp,mushrooms,low,,15,396.0,DT,False,3.650768659750716,5.197,-40,0,1,20.02109373279461
208,DT,mlp,mushrooms,low,,16,145.0,DT,False,7.022403121977791,12.245,40,1,1,20.02109373279461
208,DT,mlp,mushrooms,low,,17,217.0,DT,True,6.125069537082299,36.447,60,1,1,20.02109373279461
208,DT,mlp,mushrooms,low,,18,243.0,DT,False,7.12525800078981,26.797,-40,0,0,20.02109373279461
208,DT,mlp,mushrooms,low,,19,379.0,DT,False,6.873174770685086,13.953,40,0,1,20.02109373279461
208,DT,mlp,mushrooms,low,,20,97.0,DT,False,6.943129608823307,17.223,-40,1,1,20.02109373279461
208,DT,mlp,mushrooms,low,,21,272.0,DT,False,6.896771941803429,13.24,20,1,0,20.02109373279461
208,DT,mlp,mushrooms,low,,22,222.0,DT,False,7.064948238936036,11.637,-40,0,0,20.02109373279461
208,DT,mlp,mushrooms,low,,23,58.0,DT,False,3.7518047692799854,10.221,-20,0,1,20.02109373279461
208,DT,mlp,mushrooms,low,,24,287.0,DT,False,7.121135980967368,11.242,-20,0,0,20.02109373279461
208,DT,mlp,mushrooms,low,,25,345.0,DT,False,6.529170317476918,66.784,-40,0,0,20.02109373279461
208,DT,mlp,mushrooms,low,,26,213.0,DT,False,6.852859963939521,24.223,-40,1,1,20.02109373279461
208,DT,mlp,mushrooms,low,,27,128.0,DT,True,7.129099329128918,14.464,40,1,1,20.02109373279461
208,DT,mlp,mushrooms,low,,28,93.0,DT,True,7.023282139571754,15.66,40,0,1,20.02109373279461
208,DT,mlp,mushrooms,low,,29,2.0,DT,False,7.019641405420149,15.197,40,1,1,20.02109373279461
208,DT,mlp,mushrooms,low,,30,328.0,DT,True,6.989409576348168,20.223,40,1,1,20.02109373279461
208,DT,mlp,mushrooms,low,,31,390.0,DT,False,6.896782995471747,41.541,40,0,1,20.02109373279461
208,DT,mlp,mushrooms,low,,32,28.0,DT,False,6.973351417409046,40.969,60,1,1,20.02109373279461
208,DT,mlp,mushrooms,low,,33,387.0,DT,True,6.771910392418457,9.02,-40,0,0,20.02109373279461
208,DT,mlp,mushrooms,low,,34,54.0,DT,True,3.5887848927241017,9.316,40,1,1,20.02109373279461
208,DT,mlp,mushrooms,low,,35,0.0,DT,True,6.999352104872274,19.579,-60,0,0,20.02109373279461
208,DT,mlp,mushrooms,low,,36,131.0,DT,True,6.953978461954276,12.338,-60,0,0,20.02109373279461
208,DT,mlp,mushrooms,low,,37,258.0,DT,False,6.830125784614653,8.253,-40,0,0,20.02109373279461
208,DT,mlp,mushrooms,low,,38,134.0,DT,True,6.816696496870621,13.327,40,1,1,20.02109373279461
208,DT,mlp,mushrooms,low,,39,126.0,DT,True,6.7224626573474024,7.44,-60,0,0,20.02109373279461
46,DT,mlp,mushrooms,low,,0,218.0,DT,True,10.770954098521887,45.967,20,1,1,24.95179842141617
46,DT,mlp,mushrooms,low,,1,108.0,DT,True,0.2040996456841811,26.504,-60,0,1,24.95179842141617
46,DT,mlp,mushrooms,low,,2,66.0,DT,False,3.875702140871176,9.464,-40,0,0,24.95179842141617
46,DT,mlp,mushrooms,low,,3,142.0,DT,True,5.250196500600506,10.529,-80,1,1,24.95179842141617
46,DT,mlp,mushrooms,low,,4,13.0,DT,True,7.323192404348253,18.737,-40,0,0,24.95179842141617
46,DT,mlp,mushrooms,low,,5,271.0,DT,False,7.160665077052315,8.153,-40,1,1,24.95179842141617
46,DT,mlp,mushrooms,low,,6,51.0,DT,True,3.916188552537692,19.659,-40,0,0,24.95179842141617
46,DT,mlp,mushrooms,low,,7,333.0,DT,True,3.3189216778242923,9.249,-60,0,1,24.95179842141617
46,DT,mlp,mushrooms,low,,8,263.0,DT,False,7.168254094734412,6.801,-40,1,1,24.95179842141617
46,DT,mlp,mushrooms,low,,9,56.0,DT,False,7.219905268062219,3.963,40,1,1,24.95179842141617
46,DT,mlp,mushrooms,low,,10,96.0,DT,True,4.537339278379154,13.548,-40,0,1,24.95179842141617
46,DT,mlp,mushrooms,low,,11,178.0,DT,True,6.295660480140943,8.063,40,1,1,24.95179842141617
46,DT,mlp,mushrooms,low,,12,370.0,DT,True,6.268677868311234,6.485,-40,1,0,24.95179842141617
46,DT,mlp,mushrooms,low,,13,47.0,DT,True,6.302339232798446,11.365,60,0,1,24.95179842141617
46,DT,mlp,mushrooms,low,,14,272.0,DT,True,6.061392947615243,10.875,60,1,0,24.95179842141617
46,DT,mlp,mushrooms,low,,15,186.0,DT,True,3.740143213507857,9.252,-60,0,1,24.95179842141617
46,DT,mlp,mushrooms,low,,16,262.0,DT,False,6.977606603817301,5.048,60,0,0,24.95179842141617
46,DT,mlp,mushrooms,low,,17,325.0,DT,True,6.070272463826563,10.478,-40,0,0,24.95179842141617
46,DT,mlp,mushrooms,low,,18,309.0,DT,True,6.953780752753609,7.899,40,0,1,24.95179842141617
46,DT,mlp,mushrooms,low,,19,322.0,DT,False,6.982325219984265,6.753,-40,0,0,24.95179842141617
46,DT,mlp,mushrooms,low,,20,361.0,DT,False,6.965513329379828,4.954,-40,0,0,24.95179842141617
46,DT,mlp,mushrooms,low,,21,118.0,DT,False,7.034002233493523,2.106,-40,0,0,24.95179842141617
46,DT,mlp,mushrooms,low,,22,241.0,DT,False,6.936352421049835,1.877,40,1,1,24.95179842141617
46,DT,mlp,mushrooms,low,,23,378.0,DT,True,6.788707764947761,6.569,40,1,1,24.95179842141617
46,DT,mlp,mushrooms,low,,24,259.0,DT,True,6.999215144497271,4.79,-60,0,0,24.95179842141617
46,DT,mlp,mushrooms,low,,25,358.0,DT,True,6.967878812636595,6.394,60,1,1,24.95179842141617
46,DT,mlp,mushrooms,low,,26,86.0,DT,True,6.895781249785239,7.092,40,1,1,24.95179842141617
46,DT,mlp,mushrooms,low,,27,226.0,DT,True,6.881309816219742,3.759,60,1,1,24.95179842141617
46,DT,mlp,mushrooms,low,,28,254.0,DT,False,3.708202320700325,12.246,40,0,1,24.95179842141617
46,DT,mlp,mushrooms,low,,29,197.0,DT,True,6.846520208426947,6.136,-60,0,1,24.95179842141617
46,DT,mlp,mushrooms,low,,30,252.0,DT,True,6.919384631479346,4.552,60,1,1,24.95179842141617
46,DT,mlp,mushrooms,low,,31,16.0,DT,True,6.9596160186090845,6.471,40,0,1,24.95179842141617
46,DT,mlp,mushrooms,low,,32,317.0,DT,False,3.742746320103474,9.342,-40,0,0,24.95179842141617
46,DT,mlp,mushrooms,low,,33,70.0,DT,True,6.612736654768402,5.877,-60,0,0,24.95179842141617
46,DT,mlp,mushrooms,low,,34,338.0,DT,True,3.738530260541538,9.927,-40,0,1,24.95179842141617
46,DT,mlp,mushrooms,low,,35,148.0,DT,False,6.820171230578081,6.449,60,1,1,24.95179842141617
46,DT,mlp,mushrooms,low,,36,9.0,DT,False,4.19764096807956,12.669,20,0,1,24.95179842141617
46,DT,mlp,mushrooms,low,,37,135.0,DT,False,6.784238106108095,9.155,-80,0,0,24.95179842141617
46,DT,mlp,mushrooms,low,,38,34.0,DT,False,6.897434349704656,5.479,-60,0,1,24.95179842141617
46,DT,mlp,mushrooms,low,,39,187.0,DT,True,6.902590512162663,6.11,60,1,1,24.95179842141617
297,LR,mlp,mushrooms,high,,0,226.0,LR,False,8.187725939867578,150.892,60,1,0,34.413721640861326
297,LR,mlp,mushrooms,high,,1,12.0,LR,True,6.265746715624026,42.686,80,0,0,34.413721640861326
297,LR,mlp,mushrooms,high,,2,317.0,LR,False,7.951955833654258,30.615,-60,0,1,34.413721640861326
297,LR,mlp,mushrooms,high,,3,55.0,LR,False,8.141402746521875,27.755,-40,1,1,34.413721640861326
297,LR,mlp,mushrooms,high,,4,211.0,LR,True,6.17787310368515,17.421,-80,1,1,34.413721640861326
297,LR,mlp,mushrooms,high,,5,142.0,LR,True,6.2307974853251045,16.794,80,1,1,34.413721640861326
297,LR,mlp,mushrooms,high,,6,176.0,LR,True,5.895632171405815,29.974,80,1,1,34.413721640861326
297,LR,mlp,mushrooms,high,,7,2.0,LR,False,8.075756344521427,63.156,60,1,0,34.413721640861326
297,LR,mlp,mushrooms,high,,8,280.0,LR,False,5.447990946419,20.044,60,1,1,34.413721640861326
297,LR,mlp,mushrooms,high,,9,22.0,LR,False,10.15622805809944,223.652,60,1,1,34.413721640861326
297,LR,mlp,mushrooms,high,,10,149.0,LR,False,7.430152123875594,109.014,-40,1,1,34.413721640861326
297,LR,mlp,mushrooms,high,,11,245.0,LR,False,7.267942318922126,34.756,-60,1,1,34.413721640861326
297,LR,mlp,mushrooms,high,,12,182.0,LR,True,5.940004745804009,6.719,-60,1,1,34.413721640861326
297,LR,mlp,mushrooms,high,,13,193.0,LR,False,9.69330246557179,5.398,-60,0,1,34.413721640861326
297,LR,mlp,mushrooms,high,,14,163.0,LR,False,10.065423692606153,3.702,-60,1,0,34.413721640861326
297,LR,mlp,mushrooms,high,,15,278.0,LR,True,7.694981195229024,6.452,40,1,1,34.413721640861326
297,LR,mlp,mushrooms,high,,16,273.0,LR,True,7.421564238252547,9.472,100,1,1,34.413721640861326
297,LR,mlp,mushrooms,high,,17,82.0,LR,True,7.574617966734372,8.699,60,1,1,34.413721640861326
297,LR,mlp,mushrooms,high,,18,340.0,LR,True,7.594633316470715,5.542,20,0,1,34.413721640861326
297,LR,mlp,mushrooms,high,,19,127.0,LR,False,10.015967606943695,9.34,-40,1,0,34.413721640861326
297,LR,mlp,mushrooms,high,,20,120.0,LR,True,7.534231843511513,36.984,60,1,1,34.413721640861326
297,LR,mlp,mushrooms,high,,21,199.0,LR,True,7.608284474232446,5.55,-40,1,1,34.413721640861326
297,LR,mlp,mushrooms,high,,22,49.0,LR,False,9.701555682536666,5.462,60,1,1,34.413721640861326
297,LR,mlp,mushrooms,high,,23,266.0,LR,True,8.17985758145514,3.201,-40,0,1,34.413721640861326
297,LR,mlp,mushrooms,high,,24,244.0,LR,True,7.960254105083486,10.489,-60,0,1,34.413721640861326
297,LR,mlp,mushrooms,high,,25,114.0,LR,True,7.673054389361694,8.135,40,1,1,34.413721640861326
297,LR,mlp,mushrooms,high,,26,270.0,LR,False,9.855557701263145,13.982,40,1,1,34.413721640861326
297,LR,mlp,mushrooms,high,,27,326.0,LR,False,9.78549774136658,22.819,-40,0,1,34.413721640861326
297,LR,mlp,mushrooms,high,,28,214.0,LR,True,7.589347888140331,4.199,60,1,1,34.413721640861326
297,LR,mlp,mushrooms,high,,29,70.0,LR,False,10.011499573600876,14.47,-40,0,0,34.413721640861326
297,LR,mlp,mushrooms,high,,30,44.0,LR,True,9.650463590635908,18.401,-20,0,1,34.413721640861326
297,LR,mlp,mushrooms,high,,31,77.0,LR,False,9.971062327397895,7.873,-20,0,1,34.413721640861326
297,LR,mlp,mushrooms,high,,32,118.0,LR,False,10.004351884885365,7.076,20,0,1,34.413721640861326
297,LR,mlp,mushrooms,high,,33,345.0,LR,True,9.715292835018278,8.874,60,0,1,34.413721640861326
297,LR,mlp,mushrooms,high,,34,174.0,LR,False,12.09409045203607,16.759,60,1,0,34.413721640861326
297,LR,mlp,mushrooms,high,,35,375.0,LR,True,10.66614738079294,18.242,80,1,0,34.413721640861326
297,LR,mlp,mushrooms,high,,36,190.0,LR,True,10.65111553523285,39.898,60,1,1,34.413721640861326
297,LR,mlp,mushrooms,high,,37,260.0,LR,True,10.353286726319316,22.814,80,1,1,34.413721640861326
297,LR,mlp,mushrooms,high,,38,20.0,LR,True,10.56374495158924,7.738,-40,0,1,34.413721640861326
297,LR,mlp,mushrooms,high,,39,169.0,LR,True,10.0102971133218,15.353,40,0,1,34.413721640861326
93,DT+LR,mlp,mushrooms,high,,0,278.0,LR,True,6.357718574552447,43.101,-60,1,1,31.434352109626715
93,DT+LR,mlp,mushrooms,high,,1,152.0,LR,False,0.2009302626229168,19.372,40,0,0,31.434352109626715
93,DT+LR,mlp,mushrooms,high,,2,339.0,LR,True,0.2009276830318111,22.924,40,0,0,31.434352109626715
93,DT+LR,mlp,mushrooms,high,,3,141.0,DT,False,0.2009251159862071,21.864,-20,1,1,31.434352109626715
93,DT+LR,mlp,mushrooms,high,,4,7.0,DT,False,0.2009225613987483,7.699,-20,0,0,31.434352109626715
93,DT+LR,mlp,mushrooms,high,,5,388.0,LR,False,0.2009200191828699,4.37,80,0,0,31.434352109626715
93,DT+LR,mlp,mushrooms,high,,6,236.0,LR,False,0.2009174892527897,10.998,-20,0,1,31.434352109626715
93,DT+LR,mlp,mushrooms,high,,7,243.0,DT,False,0.2009149715234988,11.266,40,0,0,31.434352109626715
93,DT+LR,mlp,mushrooms,high,,8,224.0,DT,False,0.2009124659107543,18.821,-60,1,0,31.434352109626715
93,DT+LR,mlp,mushrooms,high,,9,374.0,DT,False,0.2009099723310713,15.351,-80,0,0,31.434352109626715
93,DT+LR,mlp,mushrooms,high,,10,109.0,LR,True,0.2009074907017111,13.647,80,1,1,31.434352109626715
93,DT+LR,mlp,mushrooms,high,,11,351.0,LR,True,0.2009050209406769,8.765,-20,0,1,31.434352109626715
93,DT+LR,mlp,mushrooms,high,,12,296.0,DT,False,0.2009025629667035,16.893,-20,1,0,31.434352109626715
93,DT+LR,mlp,mushrooms,high,,13,271.0,DT,True,0.2040889439316449,19.512,100,1,0,31.434352109626715
93,DT+LR,mlp,mushrooms,high,,14,106.0,DT,False,0.2016957383656095,12.596,60,0,0,31.434352109626715
93,DT+LR,mlp,mushrooms,high,,15,90.0,DT,True,4.008719192019289,19.983,100,1,0,31.434352109626715
93,DT+LR,mlp,mushrooms,high,,16,189.0,LR,False,4.60152937878511,13.401,-20,1,0,31.434352109626715
93,DT+LR,mlp,mushrooms,high,,17,40.0,DT,True,5.103298742742158,20.382,-100,0,0,31.434352109626715
93,DT+LR,mlp,mushrooms,high,,18,8.0,DT,True,5.717491243663888,11.722,100,1,0,31.434352109626715
93,DT+LR,mlp,mushrooms,high,,19,205.0,DT,True,3.553370190867875,13.973,-100,0,0,31.434352109626715
93,DT+LR,mlp,mushrooms,high,,20,290.0,DT,True,7.651664247214163,13.597,100,1,1,31.434352109626715
93,DT+LR,mlp,mushrooms,high,,21,64.0,LR,False,7.216530372206721,14.099,-40,1,1,31.434352109626715
93,DT+LR,mlp,mushrooms,high,,22,233.0,DT,False,6.534106631793956,8.088,20,0,0,31.434352109626715
93,DT+LR,mlp,mushrooms,high,,23,60.0,LR,True,7.484668810756674,9.109,40,1,1,31.434352109626715
93,DT+LR,mlp,mushrooms,high,,24,378.0,DT,True,7.262276054231856,13.519,100,1,1,31.434352109626715
93,DT+LR,mlp,mushrooms,high,,25,46.0,DT,False,7.650496787699187,13.646,-20,1,0,31.434352109626715
93,DT+LR,mlp,mushrooms,high,,26,336.0,DT,True,7.600837038477226,15.576,-100,0,1,31.434352109626715
93,DT+LR,mlp,mushrooms,high,,27,346.0,LR,False,10.21789230249736,11.114,-60,1,1,31.434352109626715
93,DT+LR,mlp,mushrooms,high,,28,260.0,LR,True,10.493605847529054,15.064,-40,1,1,31.434352109626715
93,DT+LR,mlp,mushrooms,high,,29,162.0,LR,True,10.31962120397562,10.536,-20,1,1,31.434352109626715
93,DT+LR,mlp,mushrooms,high,,30,37.0,LR,True,10.48524888804192,13.667,40,1,1,31.434352109626715
93,DT+LR,mlp,mushrooms,high,,31,26.0,LR,False,8.048394738029648,18.978,80,1,0,31.434352109626715
93,DT+LR,mlp,mushrooms,high,,32,30.0,DT,True,7.118447756479835,21.194,100,1,1,31.434352109626715
93,DT+LR,mlp,mushrooms,high,,33,21.0,DT,True,6.027666461342541,8.581,-100,1,0,31.434352109626715
93,DT+LR,mlp,mushrooms,high,,34,343.0,LR,False,8.313187697475488,4.559,-60,0,0,31.434352109626715
93,DT+LR,mlp,mushrooms,high,,35,148.0,DT,False,10.513183748190086,6.147,40,1,1,31.434352109626715
93,DT+LR,mlp,mushrooms,high,,36,97.0,DT,True,5.823637221775441,9.032,-100,1,0,31.434352109626715
93,DT+LR,mlp,mushrooms,high,,37,105.0,DT,False,8.633236174110266,6.456,-60,1,0,31.434352109626715
93,DT+LR,mlp,mushrooms,high,,38,214.0,LR,True,10.329151085451713,8.841,-20,1,1,31.434352109626715
93,DT+LR,mlp,mushrooms,high,,39,258.0,DT,True,6.355445412636187,8.715,-80,0,0,31.434352109626715
78,DT,mlp,mushrooms,low,,0,75.0,DT,True,10.770954098521887,31.331,-60,1,0,22.501482666543406
78,DT,mlp,mushrooms,low,,1,155.0,DT,True,0.2105802584216011,14.772,80,1,1,22.501482666543406
78,DT,mlp,mushrooms,low,,2,66.0,DT,True,3.3071592175672566,10.754,-100,0,1,22.501482666543406
78,DT,mlp,mushrooms,low,,3,174.0,DT,True,5.213437486036902,26.035,80,1,1,22.501482666543406
78,DT,mlp,mushrooms,low,,4,191.0,DT,False,5.431477689746434,12.52,-60,0,0,22.501482666543406
78,DT,mlp,mushrooms,low,,5,76.0,DT,True,5.333087357328237,13.483,80,1,1,22.501482666543406
78,DT,mlp,mushrooms,low,,6,375.0,DT,False,7.278270722613031,13.385,-40,1,1,22.501482666543406
78,DT,mlp,mushrooms,low,,7,275.0,DT,True,5.208298307302826,10.828,80,1,1,22.501482666543406
78,DT,mlp,mushrooms,low,,8,30.0,DT,False,7.16280727361443,12.164,40,1,1,22.501482666543406
78,DT,mlp,mushrooms,low,,9,266.0,DT,True,3.418762365664595,336.787,-80,0,1,22.501482666543406
78,DT,mlp,mushrooms,low,,10,29.0,DT,False,6.893597798630116,5.214,60,0,0,22.501482666543406
78,DT,mlp,mushrooms,low,,11,368.0,DT,False,7.106842679299605,4.155,-40,1,1,22.501482666543406
78,DT,mlp,mushrooms,low,,12,210.0,DT,True,6.244722148801178,6.467,60,0,1,22.501482666543406
78,DT,mlp,mushrooms,low,,13,177.0,DT,False,4.450485598301226,6.316,-80,0,1,22.501482666543406
78,DT,mlp,mushrooms,low,,14,321.0,DT,True,7.114043337983305,7.708,80,1,1,22.501482666543406
78,DT,mlp,mushrooms,low,,15,70.0,DT,True,7.132917568718543,38.335,-60,0,0,22.501482666543406
78,DT,mlp,mushrooms,low,,16,41.0,DT,True,7.038008169961009,6.143,-80,0,0,22.501482666543406
78,DT,mlp,mushrooms,low,,17,274.0,DT,False,7.011232530587312,8.142,60,1,1,22.501482666543406
78,DT,mlp,mushrooms,low,,18,149.0,DT,False,7.043930667623272,4.221,80,1,1,22.501482666543406
78,DT,mlp,mushrooms,low,,19,3.0,DT,True,3.830457597814532,4.24,-80,0,0,22.501482666543406
78,DT,mlp,mushrooms,low,,20,135.0,DT,True,6.956752262105227,6.353,-80,0,0,22.501482666543406
78,DT,mlp,mushrooms,low,,21,358.0,DT,False,7.002490706941144,9.166,80,1,1,22.501482666543406
78,DT,mlp,mushrooms,low,,22,365.0,DT,True,4.146206040548411,4.617,-80,0,1,22.501482666543406
78,DT,mlp,mushrooms,low,,23,165.0,DT,True,7.037103464567037,11.183,80,0,1,22.501482666543406
78,DT,mlp,mushrooms,low,,24,161.0,DT,False,6.870998253124649,8.026,-80,1,1,22.501482666543406
78,DT,mlp,mushrooms,low,,25,236.0,DT,True,6.7945634977442015,5.631,-60,0,0,22.501482666543406
78,DT,mlp,mushrooms,low,,26,65.0,DT,False,6.913059248546001,6.536,80,1,1,22.501482666543406
78,DT,mlp,mushrooms,low,,27,61.0,DT,False,6.893113023237576,3.461,-80,0,0,22.501482666543406
78,DT,mlp,mushrooms,low,,28,311.0,DT,True,6.957784361343735,5.997,-80,1,0,22.501482666543406
78,DT,mlp,mushrooms,low,,29,329.0,DT,True,6.864851904082035,10.564,-80,1,1,22.501482666543406
78,DT,mlp,mushrooms,low,,30,333.0,DT,True,3.829529747145534,10.81,80,0,1,22.501482666543406
78,DT,mlp,mushrooms,low,,31,219.0,DT,False,6.964858678118118,6.49,80,1,1,22.501482666543406
78,DT,mlp,mushrooms,low,,32,137.0,DT,False,4.321518222138084,58.739,-80,0,0,22.501482666543406
78,DT,mlp,mushrooms,low,,33,78.0,DT,False,6.933855611067867,7.287,60,1,1,22.501482666543406
78,DT,mlp,mushrooms,low,,34,6.0,DT,True,6.936450178717835,7.331,80,1,1,22.501482666543406
78,DT,mlp,mushrooms,low,,35,399.0,DT,False,6.72764789681272,6.152,80,1,1,22.501482666543406
78,DT,mlp,mushrooms,low,,36,242.0,DT,True,6.812879447882851,5.073,80,1,1,22.501482666543406
78,DT,mlp,mushrooms,low,,37,158.0,DT,True,6.980939870849109,5.696,-100,0,0,22.501482666543406
78,DT,mlp,mushrooms,low,,38,197.0,DT,False,6.9622682529967514,4.9,-100,0,1,22.501482666543406
78,DT,mlp,mushrooms,low,,39,13.0,DT,True,6.8973197976482545,4.506,-100,0,0,22.501482666543406
225,LR,mlp,mushrooms,high,,0,74.0,LR,False,8.133861108074257,14.185,20,1,0,48.639098719750606
225,LR,mlp,mushrooms,high,,1,172.0,LR,True,6.265427200717985,31.254,-40,0,1,48.639098719750606
225,LR,mlp,mushrooms,high,,2,212.0,LR,True,6.339430139856592,30.559,-20,1,1,48.639098719750606
225,LR,mlp,mushrooms,high,,3,202.0,LR,True,5.949213483659731,9.095,20,1,1,48.639098719750606
225,LR,mlp,mushrooms,high,,4,251.0,LR,True,5.893930794837166,12.225,20,1,1,48.639098719750606
225,LR,mlp,mushrooms,high,,5,84.0,LR,True,5.794895475755642,10.341,40,1,1,48.639098719750606
225,LR,mlp,mushrooms,high,,6,60.0,LR,False,8.068421492000867,9.324,60,1,1,48.639098719750606
225,LR,mlp,mushrooms,high,,7,279.0,LR,False,8.077850995080691,13.586,-20,1,0,48.639098719750606
225,LR,mlp,mushrooms,high,,8,262.0,LR,True,5.650109238195512,8.72,60,0,1,48.639098719750606
225,LR,mlp,mushrooms,high,,9,37.0,LR,True,5.8666862372284925,11.9,-20,1,1,48.639098719750606
225,LR,mlp,mushrooms,high,,10,63.0,LR,False,7.938976252685858,26.715,-20,0,1,48.639098719750606
225,LR,mlp,mushrooms,high,,11,157.0,LR,False,8.134142253798744,5.783,40,1,1,48.639098719750606
225,LR,mlp,mushrooms,high,,12,174.0,LR,False,8.003398327250698,32.546,-20,1,0,48.639098719750606
225,LR,mlp,mushrooms,high,,13,200.0,LR,True,6.131509738380446,17.15,40,0,1,48.639098719750606
225,LR,mlp,mushrooms,high,,14,82.0,LR,False,10.15192264122321,18.675,-20,1,1,48.639098719750606
225,LR,mlp,mushrooms,high,,15,353.0,LR,True,7.6035283779204015,32.524,-40,1,1,48.639098719750606
225,LR,mlp,mushrooms,high,,16,223.0,LR,False,10.02861951453806,14.925,-40,0,0,48.639098719750606
225,LR,mlp,mushrooms,high,,17,76.0,LR,True,8.106418843073055,9.831,20,1,1,48.639098719750606
225,LR,mlp,mushrooms,high,,18,64.0,LR,False,9.92690514047113,6.208,20,1,1,48.639098719750606
225,LR,mlp,mushrooms,high,,19,41.0,LR,True,7.615364451363282,4.29,-20,0,0,48.639098719750606
225,LR,mlp,mushrooms,high,,20,374.0,LR,False,9.73238242005042,4.365,-60,0,1,48.639098719750606
225,LR,mlp,mushrooms,high,,21,323.0,LR,False,10.048045168466524,4.322,-40,1,1,48.639098719750606
225,LR,mlp,mushrooms,high,,22,391.0,LR,False,9.525214496951603,11.319,20,1,1,48.639098719750606
225,LR,mlp,mushrooms,high,,23,295.0,LR,False,10.09309871160348,4.871,40,1,1,48.639098719750606
225,LR,mlp,mushrooms,high,,24,257.0,LR,False,10.050318942840237,3.45,20,1,0,48.639098719750606
225,LR,mlp,mushrooms,high,,25,22.0,LR,False,9.873191419417378,4.731,-40,1,0,48.639098719750606
225,LR,mlp,mushrooms,high,,26,168.0,LR,True,10.007795236118866,3.342,-60,0,1,48.639098719750606
225,LR,mlp,mushrooms,high,,27,141.0,LR,True,10.2339302738736,8.001,40,1,1,48.639098719750606
225,LR,mlp,mushrooms,high,,28,249.0,LR,True,9.972879502434315,5.219,-40,0,1,48.639098719750606
225,LR,mlp,mushrooms,high,,29,237.0,LR,False,12.30697857689726,4.572,60,1,0,48.639098719750606
225,LR,mlp,mushrooms,high,,30,131.0,LR,True,10.013595655873347,3.73,-80,0,1,48.639098719750606
225,LR,mlp,mushrooms,high,,31,198.0,LR,False,11.887507380926774,2.965,40,0,0,48.639098719750606
225,LR,mlp,mushrooms,high,,32,156.0,LR,True,10.551814314049428,11.367,20,0,0,48.639098719750606
225,LR,mlp,mushrooms,high,,33,130.0,LR,True,10.093511737489582,6.406,-20,1,1,48.639098719750606
225,LR,mlp,mushrooms,high,,34,99.0,LR,True,10.17161709324362,3.84,-20,0,0,48.639098719750606
225,LR,mlp,mushrooms,high,,35,144.0,LR,True,10.175893835423556,14.408,-40,0,1,48.639098719750606
225,LR,mlp,mushrooms,high,,36,13.0,LR,True,10.876861408339083,14.177,-40,0,1,48.639098719750606
225,LR,mlp,mushrooms,high,,37,29.0,LR,False,12.174446105154455,5.786,-40,0,0,48.639098719750606
225,LR,mlp,mushrooms,high,,38,92.0,LR,True,10.660500265164211,19.281,20,0,1,48.639098719750606
225,LR,mlp,mushrooms,high,,39,196.0,LR,False,12.16898383706314,5.176,-40,1,1,48.639098719750606
299,DT,mlp,mushrooms,high,,0,275.0,DT,True,15.522788806572914,41.317,100,1,1,25.314658432172287
299,DT,mlp,mushrooms,high,,1,388.0,DT,False,0.2007623468402358,8.435,100,0,1,25.314658432172287
299,DT,mlp,mushrooms,high,,2,192.0,DT,False,4.609871273292327,8.742,-60,0,1,25.314658432172287
299,DT,mlp,mushrooms,high,,3,323.0,DT,True,6.888507614345027,23.619,100,1,0,25.314658432172287
299,DT,mlp,mushrooms,high,,4,79.0,DT,True,4.942551085104932,12.595,-100,1,1,25.314658432172287
299,DT,mlp,mushrooms,high,,5,57.0,DT,True,7.077628098819695,8.245,-100,1,0,25.314658432172287
299,DT,mlp,mushrooms,high,,6,183.0,DT,False,8.100241710089243,7.785,-60,0,0,25.314658432172287
299,DT,mlp,mushrooms,high,,7,49.0,DT,False,9.967806585577843,8.746,60,1,1,25.314658432172287
299,DT,mlp,mushrooms,high,,8,251.0,DT,False,10.098885406869728,13.448,-80,1,1,25.314658432172287
299,DT,mlp,mushrooms,high,,9,56.0,DT,True,7.63563580021774,17.998,100,1,1,25.314658432172287
299,DT,mlp,mushrooms,high,,10,186.0,DT,False,3.638119033143114,6.644,-20,0,0,25.314658432172287
299,DT,mlp,mushrooms,high,,11,378.0,DT,False,10.406834574138266,11.98,60,1,1,25.314658432172287
299,DT,mlp,mushrooms,high,,12,106.0,DT,True,8.128265897344473,10.895,-100,0,0,25.314658432172287
299,DT,mlp,mushrooms,high,,13,161.0,DT,False,10.067701338800036,6.991,-80,1,1,25.314658432172287
299,DT,mlp,mushrooms,high,,14,383.0,DT,False,9.934982809845913,5.491,100,1,0,25.314658432172287
299,DT,mlp,mushrooms,high,,15,242.0,DT,False,10.023878658418216,9.874,80,1,1,25.314658432172287
299,DT,mlp,mushrooms,high,,16,61.0,DT,True,8.37549035241016,12.918,-100,0,0,25.314658432172287
299,DT,mlp,mushrooms,high,,17,282.0,DT,True,8.354484586180533,7.289,-100,1,0,25.314658432172287
299,DT,mlp,mushrooms,high,,18,188.0,DT,True,8.41596503053072,9.099,-100,0,0,25.314658432172287
299,DT,mlp,mushrooms,high,,19,60.0,DT,True,9.435378592080069,8.589,100,1,1,25.314658432172287
299,DT,mlp,mushrooms,high,,20,379.0,DT,True,9.479458797918356,15.616,100,0,1,25.314658432172287
299,DT,mlp,mushrooms,high,,21,20.0,DT,False,4.140139147548236,11.395,100,0,1,25.314658432172287
299,DT,mlp,mushrooms,high,,22,305.0,DT,True,10.351675432364358,14.869,100,1,1,25.314658432172287
299,DT,mlp,mushrooms,high,,23,135.0,DT,False,8.666831922083686,6.796,100,0,0,25.314658432172287
299,DT,mlp,mushrooms,high,,24,304.0,DT,False,10.852379976542808,7.939,100,0,1,25.314658432172287
299,DT,mlp,mushrooms,high,,25,268.0,DT,True,4.072290156809327,17.594,-100,0,0,25.314658432172287
299,DT,mlp,mushrooms,high,,26,235.0,DT,True,10.324806628891738,11.341,100,1,0,25.314658432172287
299,DT,mlp,mushrooms,high,,27,165.0,DT,True,10.266834306298191,20.335,-100,0,0,25.314658432172287
299,DT,mlp,mushrooms,high,,28,337.0,DT,False,8.896847228528427,6.202,-100,1,0,25.314658432172287
299,DT,mlp,mushrooms,high,,29,236.0,DT,False,8.605655256235845,9.528,100,0,0,25.314658432172287
299,DT,mlp,mushrooms,high,,30,82.0,DT,False,8.726254035303445,8.832,-100,1,1,25.314658432172287
299,DT,mlp,mushrooms,high,,31,11.0,DT,True,10.51933089851368,12.966,100,1,1,25.314658432172287
299,DT,mlp,mushrooms,high,,32,164.0,DT,True,10.288868123898512,19.636,100,1,1,25.314658432172287
299,DT,mlp,mushrooms,high,,33,217.0,DT,False,10.279135826457544,7.833,100,1,1,25.314658432172287
299,DT,mlp,mushrooms,high,,34,343.0,DT,True,8.662441159710038,7.412,-100,0,0,25.314658432172287
299,DT,mlp,mushrooms,high,,35,254.0,DT,False,3.8518387348152903,9.47,100,0,0,25.314658432172287
299,DT,mlp,mushrooms,high,,36,18.0,DT,True,8.5632109229071,7.715,-100,0,0,25.314658432172287
299,DT,mlp,mushrooms,high,,37,390.0,DT,False,10.465731971000718,8.225,-100,0,1,25.314658432172287
299,DT,mlp,mushrooms,high,,38,193.0,DT,False,10.667411610566496,5.001,-100,0,0,25.314658432172287
299,DT,mlp,mushrooms,high,,39,36.0,DT,False,8.439815762545201,6.868,100,1,0,25.314658432172287
287,DT,mlp,mushrooms,high,,0,190.0,DT,False,0.2009302626229168,17.88,40,1,0,34.32067157016221
287,DT,mlp,mushrooms,high,,1,183.0,DT,False,0.2009276830318111,6.813,20,0,0,34.32067157016221
287,DT,mlp,mushrooms,high,,2,209.0,DT,True,0.2073056065728564,23.398,60,0,1,34.32067157016221
287,DT,mlp,mushrooms,high,,3,116.0,DT,True,0.2091575938601452,7.062,-20,1,1,34.32067157016221
287,DT,mlp,mushrooms,high,,4,374.0,DT,True,6.3388432792644185,13.881,20,0,1,34.32067157016221
287,DT,mlp,mushrooms,high,,5,263.0,DT,True,6.627272790627767,6.367,20,1,0,34.32067157016221
287,DT,mlp,mushrooms,high,,6,165.0,DT,True,6.985219069359617,12.041,-60,0,1,34.32067157016221
287,DT,mlp,mushrooms,high,,7,79.0,DT,True,5.7940571730903345,9.166,20,1,0,34.32067157016221
287,DT,mlp,mushrooms,high,,8,351.0,DT,True,3.750496662404892,3.86,40,0,0,34.32067157016221
287,DT,mlp,mushrooms,high,,9,312.0,DT,False,7.0735553553520205,182.139,20,1,1,34.32067157016221
287,DT,mlp,mushrooms,high,,10,254.0,DT,True,4.146121275871646,3.856,60,0,0,34.32067157016221
287,DT,mlp,mushrooms,high,,11,175.0,DT,False,7.535060547005869,4.039,-20,1,1,34.32067157016221
287,DT,mlp,mushrooms,high,,12,166.0,DT,True,7.737507458306931,3.315,40,1,1,34.32067157016221
287,DT,mlp,mushrooms,high,,13,93.0,DT,False,7.357911830074318,3.896,-60,0,0,34.32067157016221
287,DT,mlp,mushrooms,high,,14,373.0,DT,False,7.34692543192045,4.045,60,1,1,34.32067157016221
287,DT,mlp,mushrooms,high,,15,262.0,DT,False,7.896314465371008,1.476,80,0,0,34.32067157016221
287,DT,mlp,mushrooms,high,,16,48.0,DT,True,3.38725161725964,3.201,-20,0,1,34.32067157016221
287,DT,mlp,mushrooms,high,,17,7.0,DT,True,7.653260614862239,1.566,20,0,1,34.32067157016221
287,DT,mlp,mushrooms,high,,18,54.0,DT,False,5.188806261115499,1.514,-40,1,0,34.32067157016221
287,DT,mlp,mushrooms,high,,19,333.0,DT,True,3.7441625259328353,1.444,-40,0,0,34.32067157016221
287,DT,mlp,mushrooms,high,,20,170.0,DT,True,7.38024709443572,2.736,40,1,1,34.32067157016221
287,DT,mlp,mushrooms,high,,21,382.0,DT,True,6.786732339689709,4.675,60,0,0,34.32067157016221
287,DT,mlp,mushrooms,high,,22,2.0,DT,False,10.706502615847224,2.312,80,1,1,34.32067157016221
287,DT,mlp,mushrooms,high,,23,46.0,DT,False,10.53069294212268,2.79,60,1,1,34.32067157016221
287,DT,mlp,mushrooms,high,,24,50.0,DT,True,7.39011761478354,2.478,-20,0,1,34.32067157016221
287,DT,mlp,mushrooms,high,,25,169.0,DT,True,6.619722286189622,2.306,20,0,0,34.32067157016221
287,DT,mlp,mushrooms,high,,26,237.0,DT,True,7.337480816121878,2.501,20,1,1,34.32067157016221
287,DT,mlp,mushrooms,high,,27,285.0,DT,False,4.44221889074887,2.142,20,0,0,34.32067157016221
287,DT,mlp,mushrooms,high,,28,131.0,DT,True,6.636428228745654,1.859,80,0,0,34.32067157016221
287,DT,mlp,mushrooms,high,,29,100.0,DT,False,8.848285335978167,2.849,80,0,0,34.32067157016221
287,DT,mlp,mushrooms,high,,30,15.0,DT,True,10.494382251413276,2.334,20,0,1,34.32067157016221
287,DT,mlp,mushrooms,high,,31,380.0,DT,True,3.647665385404932,1.671,-40,0,1,34.32067157016221
287,DT,mlp,mushrooms,high,,32,266.0,DT,False,3.788486671694262,3.386,40,0,0,34.32067157016221
287,DT,mlp,mushrooms,high,,33,39.0,DT,True,3.647880139331736,1.375,-40,0,0,34.32067157016221
287,DT,mlp,mushrooms,high,,34,194.0,DT,False,8.562412245376919,1.749,-20,0,0,34.32067157016221
287,DT,mlp,mushrooms,high,,35,308.0,DT,True,7.54379664525373,2.961,20,1,0,34.32067157016221
287,DT,mlp,mushrooms,high,,36,117.0,DT,True,6.607033866325288,1.437,20,0,0,34.32067157016221
287,DT,mlp,mushrooms,high,,37,252.0,DT,True,10.545898997095112,2.754,-20,1,1,34.32067157016221
287,DT,mlp,mushrooms,high,,38,186.0,DT,True,4.231315041701991,1.812,40,0,0,34.32067157016221
287,DT,mlp,mushrooms,high,,39,368.0,DT,True,10.29856351149839,1.361,80,1,1,34.32067157016221
133,DT,mlp,mushrooms,high,,0,278.0,DT,False,0.2009302626229168,20.576,20,1,0,23.285999669642287
133,DT,mlp,mushrooms,high,,1,164.0,DT,True,0.2009276830318111,16.103,40,1,0,23.285999669642287
133,DT,mlp,mushrooms,high,,2,61.0,DT,True,0.2041153612795318,31.57,-80,0,0,23.285999669642287
133,DT,mlp,mushrooms,high,,3,205.0,DT,True,4.212728812317323,18.403,-100,0,0,23.285999669642287
133,DT,mlp,mushrooms,high,,4,108.0,DT,True,6.849068583223988,14.783,-100,0,0,23.285999669642287
133,DT,mlp,mushrooms,high,,5,352.0,DT,False,6.622651422122589,14.313,60,1,0,23.285999669642287
133,DT,mlp,mushrooms,high,,6,320.0,DT,True,6.7494314603985455,10.869,-100,0,0,23.285999669642287
133,DT,mlp,mushrooms,high,,7,246.0,DT,True,6.4014385111427305,6.614,-100,1,1,23.285999669642287
133,DT,mlp,mushrooms,high,,8,326.0,DT,True,3.629462341068442,14.064,-80,0,0,23.285999669642287
133,DT,mlp,mushrooms,high,,9,347.0,DT,False,7.629457225367117,8.138,-80,1,1,23.285999669642287
133,DT,mlp,mushrooms,high,,10,220.0,DT,True,7.9990505974324355,8.611,-100,0,0,23.285999669642287
133,DT,mlp,mushrooms,high,,11,328.0,DT,True,7.590377203255105,11.848,100,1,0,23.285999669642287
133,DT,mlp,mushrooms,high,,12,92.0,DT,False,4.311556556519347,13.758,20,0,1,23.285999669642287
133,DT,mlp,mushrooms,high,,13,107.0,DT,False,10.62377449939605,15.793,40,1,1,23.285999669642287
133,DT,mlp,mushrooms,high,,14,398.0,DT,False,10.665750220379802,7.997,-40,1,1,23.285999669642287
133,DT,mlp,mushrooms,high,,15,20.0,DT,False,4.038639797121202,14.761,-40,0,0,23.285999669642287
133,DT,mlp,mushrooms,high,,16,361.0,DT,True,6.693098621128801,22.253,-100,0,1,23.285999669642287
133,DT,mlp,mushrooms,high,,17,70.0,DT,True,6.241108025610425,6.935,-100,0,1,23.285999669642287
133,DT,mlp,mushrooms,high,,18,265.0,DT,True,6.785449899035384,6.785,-100,0,0,23.285999669642287
133,DT,mlp,mushrooms,high,,19,306.0,DT,False,3.762176383782418,11.1,-100,0,0,23.285999669642287
133,DT,mlp,mushrooms,high,,20,153.0,DT,True,6.611752790081375,6.907,-100,0,0,23.285999669642287
133,DT,mlp,mushrooms,high,,21,315.0,DT,False,3.80131983783866,7.229,-100,0,1,23.285999669642287
133,DT,mlp,mushrooms,high,,22,271.0,DT,False,10.308822111882758,12.111,80,1,1,23.285999669642287
133,DT,mlp,mushrooms,high,,23,115.0,DT,False,8.668066591133746,6.909,-100,1,0,23.285999669642287
133,DT,mlp,mushrooms,high,,24,51.0,DT,True,3.419003432025949,12.212,-100,0,1,23.285999669642287
133,DT,mlp,mushrooms,high,,25,372.0,DT,True,3.5351761647459674,6.941,-100,0,1,23.285999669642287
133,DT,mlp,mushrooms,high,,26,339.0,DT,False,8.63648077063985,25.099,80,0,0,23.285999669642287
133,DT,mlp,mushrooms,high,,27,270.0,DT,False,10.201705481505394,19.474,80,1,1,23.285999669642287
133,DT,mlp,mushrooms,high,,28,240.0,DT,True,6.534450073887806,8.995,-100,1,0,23.285999669642287
133,DT,mlp,mushrooms,high,,29,317.0,DT,False,4.2297323679774985,18.16,-80,0,0,23.285999669642287
133,DT,mlp,mushrooms,high,,30,390.0,DT,True,6.824182974577596,13.299,-100,0,0,23.285999669642287
133,DT,mlp,mushrooms,high,,31,169.0,DT,True,6.076874273466812,9.028,-100,0,0,23.285999669642287
133,DT,mlp,mushrooms,high,,32,133.0,DT,True,3.4259192989093425,6.961,-100,0,1,23.285999669642287
133,DT,mlp,mushrooms,high,,33,324.0,DT,False,8.742447729834474,8.32,-100,0,0,23.285999669642287
133,DT,mlp,mushrooms,high,,34,72.0,DT,False,8.579386446240703,7.428,-100,0,0,23.285999669642287
133,DT,mlp,mushrooms,high,,35,319.0,DT,False,8.67560635439927,12.702,100,1,1,23.285999669642287
133,DT,mlp,mushrooms,high,,36,287.0,DT,True,6.030901117855793,7.409,-100,0,0,23.285999669642287
133,DT,mlp,mushrooms,high,,37,176.0,DT,False,10.691180036939452,21.867,100,1,1,23.285999669642287
133,DT,mlp,mushrooms,high,,38,30.0,DT,False,10.332054185121402,11.982,100,1,1,23.285999669642287
133,DT,mlp,mushrooms,high,,39,313.0,DT,False,8.456774696516165,5.218,-100,0,0,23.285999669642287
178,DT+LR,mlp,mushrooms,high,,0,193.0,DT,False,0.2009302626229168,55.245,40,0,1,30.629561261784698
178,DT+LR,mlp,mushrooms,high,,1,189.0,LR,False,0.2009276830318111,22.222,-20,1,1,30.629561261784698
178,DT+LR,mlp,mushrooms,high,,2,7.0,LR,True,6.438440615934735,36.697,-40,0,1,30.629561261784698
178,DT+LR,mlp,mushrooms,high,,3,49.0,DT,True,0.2009251159862071,40.405,80,1,1,30.629561261784698
178,DT+LR,mlp,mushrooms,high,,4,300.0,LR,False,0.2041126624888024,26.604,-40,1,1,30.629561261784698
178,DT+LR,mlp,mushrooms,high,,5,123.0,DT,False,7.0488085460931,12.416,-40,1,1,30.629561261784698
178,DT+LR,mlp,mushrooms,high,,6,128.0,LR,True,4.473411457466842,38.417,-40,1,1,30.629561261784698
178,DT+LR,mlp,mushrooms,high,,7,70.0,DT,False,3.751066840322606,12.567,20,0,1,30.629561261784698
178,DT+LR,mlp,mushrooms,high,,8,102.0,LR,False,3.0234305019338237,10.261,40,1,0,30.629561261784698
178,DT+LR,mlp,mushrooms,high,,9,192.0,LR,True,2.4468557825114066,13.092,-60,0,0,30.629561261784698
178,DT+LR,mlp,mushrooms,high,,10,211.0,LR,False,3.1149386842012947,33.183,40,1,0,30.629561261784698
178,DT+LR,mlp,mushrooms,high,,11,200.0,LR,True,1.996640653177667,20.015,60,0,1,30.629561261784698
178,DT+LR,mlp,mushrooms,high,,12,154.0,LR,False,3.3232255298451108,12.148,-60,1,0,30.629561261784698
178,DT+LR,mlp,mushrooms,high,,13,20.0,LR,False,1.7970001785492593,11.47,-60,0,1,30.629561261784698
178,DT+LR,mlp,mushrooms,high,,14,122.0,LR,True,2.1027264719086585,19.002,80,1,1,30.629561261784698
178,DT+LR,mlp,mushrooms,high,,15,77.0,DT,False,1.626484343068058,31.083,40,0,0,30.629561261784698
178,DT+LR,mlp,mushrooms,high,,16,308.0,LR,True,1.949573581733982,30.736,80,1,0,30.629561261784698
178,DT+LR,mlp,mushrooms,high,,17,399.0,DT,True,2.005815385415695,21.269,100,1,1,30.629561261784698
178,DT+LR,mlp,mushrooms,high,,18,322.0,LR,False,1.4663592316845435,28.271,-20,0,1,30.629561261784698
178,DT+LR,mlp,mushrooms,high,,19,395.0,LR,True,5.629650639066824,45.48,-40,0,1,30.629561261784698
178,DT+LR,mlp,mushrooms,high,,20,284.0,LR,False,6.821358003333386,30.621,-20,0,1,30.629561261784698
178,DT+LR,mlp,mushrooms,high,,21,234.0,DT,True,6.52356507208418,15.684,100,1,0,30.629561261784698
178,DT+LR,mlp,mushrooms,high,,22,384.0,LR,False,4.553604966539307,22.57,-20,0,1,30.629561261784698
178,DT+LR,mlp,mushrooms,high,,23,0.0,LR,False,5.700292053865234,42.459,20,0,1,30.629561261784698
178,DT+LR,mlp,mushrooms,high,,24,34.0,DT,True,7.104597142146459,12.653,100,0,1,30.629561261784698
178,DT+LR,mlp,mushrooms,high,,25,353.0,LR,True,6.11562732990596,21.323,40,1,1,30.629561261784698
178,DT+LR,mlp,mushrooms,high,,26,271.0,LR,False,7.094313985273016,11.901,40,1,0,30.629561261784698
178,DT+LR,mlp,mushrooms,high,,27,285.0,DT,True,3.517102153614487,19.976,-100,0,1,30.629561261784698
178,DT+LR,mlp,mushrooms,high,,28,140.0,DT,False,3.290820555059036,12.543,-60,0,0,30.629561261784698
178,DT+LR,mlp,mushrooms,high,,29,212.0,DT,False,7.430669425348665,14.727,-40,1,1,30.629561261784698
178,DT+LR,mlp,mushrooms,high,,30,75.0,LR,False,5.4512786451748,19.61,40,1,1,30.629561261784698
178,DT+LR,mlp,mushrooms,high,,31,96.0,DT,True,3.85294750136736,22.973,-80,0,0,30.629561261784698
178,DT+LR,mlp,mushrooms,high,,32,146.0,DT,True,7.75968765334933,36.649,-80,1,0,30.629561261784698
178,DT+LR,mlp,mushrooms,high,,33,163.0,DT,False,6.902300178176528,15.064,-20,1,1,30.629561261784698
178,DT+LR,mlp,mushrooms,high,,34,389.0,LR,True,5.5835669480620185,26.02,-20,0,0,30.629561261784698
178,DT+LR,mlp,mushrooms,high,,35,136.0,LR,True,7.063238651035338,50.514,-60,0,1,30.629561261784698
178,DT+LR,mlp,mushrooms,high,,36,222.0,LR,False,5.598027496362714,22.723,-80,0,0,30.629561261784698
178,DT+LR,mlp,mushrooms,high,,37,86.0,DT,False,7.275085647102171,14.191,-20,1,1,30.629561261784698
178,DT+LR,mlp,mushrooms,high,,38,350.0,LR,True,5.70714666938734,23.179,-40,1,1,30.629561261784698
178,DT+LR,mlp,mushrooms,high,,39,173.0,DT,True,7.023450193091749,17.688,100,1,1,30.629561261784698
62,LR,mlp,mushrooms,high,,0,148.0,LR,True,6.461841210458758,17.634,-80,1,0,41.146694881824374
62,LR,mlp,mushrooms,high,,1,331.0,LR,True,6.1121609319206325,18.168,-80,0,1,41.146694881824374
62,LR,mlp,mushrooms,high,,2,261.0,LR,True,6.401296957911368,40.397,100,0,1,41.146694881824374
62,LR,mlp,mushrooms,high,,3,88.0,LR,True,6.297702055700354,33.769,80,1,1,41.146694881824374
62,LR,mlp,mushrooms,high,,4,283.0,LR,True,6.246422828070871,34.781,80,1,1,41.146694881824374
62,LR,mlp,mushrooms,high,,5,112.0,LR,True,5.842570811668583,50.964,100,1,1,41.146694881824374
62,LR,mlp,mushrooms,high,,6,232.0,LR,True,6.014340674199836,23.918,20,0,1,41.146694881824374
62,LR,mlp,mushrooms,high,,7,307.0,LR,True,6.210587489859302,18.888,60,1,1,41.146694881824374
62,LR,mlp,mushrooms,high,,8,335.0,LR,False,8.055503897572247,34.555,-40,0,1,41.146694881824374
62,LR,mlp,mushrooms,high,,9,38.0,LR,False,8.038688438389705,13.266,-40,0,0,41.146694881824374
62,LR,mlp,mushrooms,high,,10,133.0,LR,True,6.115887838942868,36.177,40,0,0,41.146694881824374
62,LR,mlp,mushrooms,high,,11,132.0,LR,True,6.535709808125357,27.218,-60,0,0,41.146694881824374
62,LR,mlp,mushrooms,high,,12,259.0,LR,True,5.9937319748493545,22.172,-20,0,0,41.146694881824374
62,LR,mlp,mushrooms,high,,13,157.0,LR,False,8.000582558568848,13.146,-60,1,1,41.146694881824374
62,LR,mlp,mushrooms,high,,14,275.0,LR,True,6.553239509178058,27.714,100,1,1,41.146694881824374
62,LR,mlp,mushrooms,high,,15,302.0,LR,True,6.4457704700390055,26.545,-60,0,1,41.146694881824374
62,LR,mlp,mushrooms,high,,16,319.0,LR,False,8.135537727797953,10.083,-40,1,0,41.146694881824374
62,LR,mlp,mushrooms,high,,17,350.0,LR,True,6.082425611120179,20.965,40,1,0,41.146694881824374
62,LR,mlp,mushrooms,high,,18,297.0,LR,True,8.314808635655648,17.821,-100,0,1,41.146694881824374
62,LR,mlp,mushrooms,high,,19,201.0,LR,True,9.02841272313708,23.396,60,1,1,41.146694881824374
62,LR,mlp,mushrooms,high,,20,89.0,LR,True,8.653453120845457,14.824,-80,0,0,41.146694881824374
62,LR,mlp,mushrooms,high,,21,370.0,LR,True,8.806224208473692,23.419,-20,1,1,41.146694881824374
62,LR,mlp,mushrooms,high,,22,328.0,LR,True,8.198989051817385,15.234,-40,1,1,41.146694881824374
62,LR,mlp,mushrooms,high,,23,127.0,LR,True,8.817463139778138,26.228,60,1,0,41.146694881824374
62,LR,mlp,mushrooms,high,,24,50.0,LR,True,8.539798001184971,29.605,40,0,0,41.146694881824374
62,LR,mlp,mushrooms,high,,25,79.0,LR,False,9.69136093940794,9.519,-100,1,1,41.146694881824374
62,LR,mlp,mushrooms,high,,26,203.0,LR,False,9.864666105532862,17.435,60,0,0,41.146694881824374
62,LR,mlp,mushrooms,high,,27,105.0,LR,True,7.87446400961008,17.566,100,1,1,41.146694881824374
62,LR,mlp,mushrooms,high,,28,213.0,LR,True,8.695883750307734,11.553,100,1,1,41.146694881824374
62,LR,mlp,mushrooms,high,,29,386.0,LR,True,10.43081023197488,11.134,100,1,1,41.146694881824374
62,LR,mlp,mushrooms,high,,30,178.0,LR,True,10.838680913555988,9.717,60,1,0,41.146694881824374
62,LR,mlp,mushrooms,high,,31,37.0,LR,False,9.65742921047427,15.105,-40,1,1,41.146694881824374
62,LR,mlp,mushrooms,high,,32,310.0,LR,False,9.70706502555684,26.474,-40,1,1,41.146694881824374
62,LR,mlp,mushrooms,high,,33,198.0,LR,True,10.646245455656526,9.813,60,0,0,41.146694881824374
62,LR,mlp,mushrooms,high,,34,84.0,LR,False,9.683243022592212,8.865,-80,1,1,41.146694881824374
62,LR,mlp,mushrooms,high,,35,242.0,LR,False,9.74846939406138,32.768,20,1,1,41.146694881824374
62,LR,mlp,mushrooms,high,,36,312.0,LR,True,12.430354706219106,10.543,100,1,1,41.146694881824374
62,LR,mlp,mushrooms,high,,37,181.0,LR,True,12.390946883950836,11.382,100,1,1,41.146694881824374
62,LR,mlp,mushrooms,high,,38,396.0,LR,False,9.809784584695768,9.173,-80,0,0,41.146694881824374
62,LR,mlp,mushrooms,high,,39,45.0,LR,True,12.714453354187356,11.469,-100,0,1,41.146694881824374
116,DT,mlp,mushrooms,high,,0,54.0,DT,True,15.858246516625238,62.248,40,1,1,15.99298455498056
116,DT,mlp,mushrooms,high,,1,230.0,DT,False,0.2007593115456335,167.813,20,1,0,15.99298455498056
116,DT,mlp,mushrooms,high,,2,223.0,DT,False,4.969030984060717,75.679,-20,0,1,15.99298455498056
116,DT,mlp,mushrooms,high,,3,359.0,DT,False,2.4858889067440293,17.407,-40,1,0,15.99298455498056
116,DT,mlp,mushrooms,high,,4,45.0,DT,False,3.2669867999467037,66.007,20,0,0,15.99298455498056
116,DT,mlp,mushrooms,high,,5,203.0,DT,False,3.2636381768427114,38.925,-20,0,1,15.99298455498056
116,DT,mlp,mushrooms,high,,6,372.0,DT,False,2.536200795761761,147.517,-20,0,1,15.99298455498056
116,DT,mlp,mushrooms,high,,7,340.0,DT,True,2.224827016569794,482.724,-100,0,0,15.99298455498056
116,DT,mlp,mushrooms,high,,8,48.0,DT,False,2.43088996853176,20.591,20,0,0,15.99298455498056
116,DT,mlp,mushrooms,high,,9,198.0,DT,True,3.638777976223319,76.947,-100,0,1,15.99298455498056
116,DT,mlp,mushrooms,high,,10,83.0,DT,False,3.8547598197177866,78.586,20,0,0,15.99298455498056
116,DT,mlp,mushrooms,high,,11,352.0,DT,True,4.969365545290229,21.701,100,1,0,15.99298455498056
116,DT,mlp,mushrooms,high,,12,43.0,DT,False,7.312835021639407,64.897,40,1,0,15.99298455498056
116,DT,mlp,mushrooms,high,,13,113.0,DT,True,6.623272092584255,17.806,-100,0,0,15.99298455498056
116,DT,mlp,mushrooms,high,,14,271.0,DT,True,7.207146138212059,14.727,100,1,1,15.99298455498056
116,DT,mlp,mushrooms,high,,15,251.0,DT,False,8.840459512701386,45.416,60,1,1,15.99298455498056
116,DT,mlp,mushrooms,high,,16,0.0,DT,True,8.028868794443188,19.316,-100,0,0,15.99298455498056
116,DT,mlp,mushrooms,high,,17,201.0,DT,False,9.367588857235148,14.533,-20,1,1,15.99298455498056
116,DT,mlp,mushrooms,high,,18,296.0,DT,True,8.661518850237846,16.744,100,1,1,15.99298455498056
116,DT,mlp,mushrooms,high,,19,55.0,DT,True,10.014263451543693,10.448,100,1,1,15.99298455498056
116,DT,mlp,mushrooms,high,,20,313.0,DT,False,8.629984137796836,14.724,-100,0,0,15.99298455498056
116,DT,mlp,mushrooms,high,,21,67.0,DT,False,8.992683932418373,11.812,-100,0,0,15.99298455498056
116,DT,mlp,mushrooms,high,,22,156.0,DT,True,4.493206838503177,25.367,-100,0,1,15.99298455498056
116,DT,mlp,mushrooms,high,,23,336.0,DT,True,10.702335306264926,75.352,-100,0,0,15.99298455498056
116,DT,mlp,mushrooms,high,,24,373.0,DT,True,10.831235720879016,11.406,100,1,1,15.99298455498056
116,DT,mlp,mushrooms,high,,25,320.0,DT,False,8.702307005851686,8.455,-100,0,0,15.99298455498056
116,DT,mlp,mushrooms,high,,26,375.0,DT,False,9.938372602690714,27.084,100,1,1,15.99298455498056
116,DT,mlp,mushrooms,high,,27,302.0,DT,False,8.605322368144538,60.341,-100,0,0,15.99298455498056
116,DT,mlp,mushrooms,high,,28,161.0,DT,False,10.762691396615402,19.032,100,1,1,15.99298455498056
116,DT,mlp,mushrooms,high,,29,321.0,DT,False,10.566225182658371,78.972,100,1,1,15.99298455498056
116,DT,mlp,mushrooms,high,,30,290.0,DT,False,10.592330487447008,115.055,100,1,1,15.99298455498056
116,DT,mlp,mushrooms,high,,31,221.0,DT,False,9.833452292064962,7.796,100,1,1,15.99298455498056
116,DT,mlp,mushrooms,high,,32,158.0,DT,True,8.488830212488345,10.329,-100,0,0,15.99298455498056
116,DT,mlp,mushrooms,high,,33,287.0,DT,False,8.556003658166093,7.896,-100,0,0,15.99298455498056
116,DT,mlp,mushrooms,high,,34,134.0,DT,True,10.172511900054442,35.102,100,1,1,15.99298455498056
116,DT,mlp,mushrooms,high,,35,56.0,DT,False,10.425390407131808,13.762,100,1,0,15.99298455498056
116,DT,mlp,mushrooms,high,,36,204.0,DT,True,10.601911661511089,8.801,100,1,1,15.99298455498056
116,DT,mlp,mushrooms,high,,37,362.0,DT,True,10.626485272268098,16.281,100,1,1,15.99298455498056
116,DT,mlp,mushrooms,high,,38,325.0,DT,False,8.766761658459883,9.706,-100,0,0,15.99298455498056
116,DT,mlp,mushrooms,high,,39,250.0,DT,False,10.650822488839172,12.664,100,1,1,15.99298455498056
43,DT,mlp,mushrooms,low,,0,305.0,DT,True,10.770954098521887,34.26,80,1,1,15.43280102902372
43,DT,mlp,mushrooms,low,,1,283.0,DT,False,0.2040996456841811,22.89,-40,1,1,15.43280102902372
43,DT,mlp,mushrooms,low,,2,100.0,DT,True,5.131494106430633,45.375,-80,0,0,15.43280102902372
43,DT,mlp,mushrooms,low,,3,44.0,DT,True,7.1018075474528,8.087,-100,0,0,15.43280102902372
43,DT,mlp,mushrooms,low,,4,307.0,DT,False,7.146716135415432,15.685,60,1,1,15.43280102902372
43,DT,mlp,mushrooms,low,,5,63.0,DT,False,7.209609704884524,16.695,-80,0,0,15.43280102902372
43,DT,mlp,mushrooms,low,,6,103.0,DT,False,7.066320647905868,5.291,-100,0,0,15.43280102902372
43,DT,mlp,mushrooms,low,,7,280.0,DT,False,7.182263078727472,10.749,80,1,1,15.43280102902372
43,DT,mlp,mushrooms,low,,8,203.0,DT,True,3.5868236465015673,11.219,-100,0,0,15.43280102902372
43,DT,mlp,mushrooms,low,,9,28.0,DT,False,7.220826205222805,14.951,100,1,1,15.43280102902372
43,DT,mlp,mushrooms,low,,10,14.0,DT,True,4.596526270431359,9.04,-100,0,0,15.43280102902372
43,DT,mlp,mushrooms,low,,11,325.0,DT,True,6.217254206414367,5.157,-100,0,0,15.43280102902372
43,DT,mlp,mushrooms,low,,12,109.0,DT,False,7.033841113773398,6.123,100,1,1,15.43280102902372
43,DT,mlp,mushrooms,low,,13,170.0,DT,False,7.005966570915945,9.236,100,1,1,15.43280102902372
43,DT,mlp,mushrooms,low,,14,183.0,DT,True,6.87551763987143,6.511,-100,0,0,15.43280102902372
43,DT,mlp,mushrooms,low,,15,157.0,DT,False,7.099233467802654,7.778,100,1,1,15.43280102902372
43,DT,mlp,mushrooms,low,,16,47.0,DT,False,7.035141947917763,5.787,100,0,1,15.43280102902372
43,DT,mlp,mushrooms,low,,17,156.0,DT,False,4.266824169199189,9.858,40,0,1,15.43280102902372
43,DT,mlp,mushrooms,low,,18,289.0,DT,True,4.309183621569768,23.118,-100,0,0,15.43280102902372
43,DT,mlp,mushrooms,low,,19,394.0,DT,True,4.246380160862219,6.774,-100,1,0,15.43280102902372
43,DT,mlp,mushrooms,low,,20,291.0,DT,True,6.151691248025537,12.3,-60,0,0,15.43280102902372
43,DT,mlp,mushrooms,low,,21,85.0,DT,False,6.92715406348807,9.083,-80,0,0,15.43280102902372
43,DT,mlp,mushrooms,low,,22,77.0,DT,False,7.02426530465476,3.992,-80,0,0,15.43280102902372
43,DT,mlp,mushrooms,low,,23,6.0,DT,False,7.14124963739799,7.375,80,1,1,15.43280102902372
43,DT,mlp,mushrooms,low,,24,102.0,DT,True,6.922647279883567,29.5,80,1,0,15.43280102902372
43,DT,mlp,mushrooms,low,,25,30.0,DT,False,7.031612652993987,9.131,60,1,1,15.43280102902372
43,DT,mlp,mushrooms,low,,26,250.0,DT,False,7.024528798330436,14.456,80,1,1,15.43280102902372
43,DT,mlp,mushrooms,low,,27,240.0,DT,True,7.038385503375586,7.927,-80,1,0,15.43280102902372
43,DT,mlp,mushrooms,low,,28,13.0,DT,True,6.942183275444253,9.785,80,0,0,15.43280102902372
43,DT,mlp,mushrooms,low,,29,178.0,DT,True,6.951357445925649,6.659,60,1,1,15.43280102902372
43,DT,mlp,mushrooms,low,,30,22.0,DT,True,6.920570910148053,8.6,100,1,1,15.43280102902372
43,DT,mlp,mushrooms,low,,31,40.0,DT,True,6.96131068768762,12.482,-80,0,0,15.43280102902372
43,DT,mlp,mushrooms,low,,32,284.0,DT,True,6.834820841972253,11.901,40,0,1,15.43280102902372
43,DT,mlp,mushrooms,low,,33,74.0,DT,False,6.934520800967418,93.38,60,1,1,15.43280102902372
43,DT,mlp,mushrooms,low,,34,365.0,DT,True,4.301116539299492,16.634,-60,0,1,15.43280102902372
43,DT,mlp,mushrooms,low,,35,151.0,DT,True,6.979919675719031,14.77,-100,0,0,15.43280102902372
43,DT,mlp,mushrooms,low,,36,138.0,DT,True,6.927020946494281,7.076,80,0,0,15.43280102902372
43,DT,mlp,mushrooms,low,,37,169.0,DT,False,6.917132728032993,21.73,-80,0,0,15.43280102902372
43,DT,mlp,mushrooms,low,,38,132.0,DT,False,4.318594088111123,5.318,-60,0,0,15.43280102902372
43,DT,mlp,mushrooms,low,,39,119.0,DT,False,6.908959575071903,4.492,-80,0,0,15.43280102902372
156,DT,mlp,mushrooms,low,,0,248.0,DT,True,10.770954098521887,41.271,100,0,0,20.22471406848531
156,DT,mlp,mushrooms,low,,1,208.0,DT,False,0.2105802584216011,34.534,80,1,1,20.22471406848531
156,DT,mlp,mushrooms,low,,2,329.0,DT,False,6.958026825945813,20.324,60,1,1,20.22471406848531
156,DT,mlp,mushrooms,low,,3,251.0,DT,False,6.523807672557185,21.072,80,1,1,20.22471406848531
156,DT,mlp,mushrooms,low,,4,183.0,DT,False,6.289451160398041,19.22,60,0,1,20.22471406848531
156,DT,mlp,mushrooms,low,,5,202.0,DT,False,6.217015197874596,14.8,-60,1,1,20.22471406848531
156,DT,mlp,mushrooms,low,,6,164.0,DT,True,5.732109998348007,19.282,100,1,1,20.22471406848531
156,DT,mlp,mushrooms,low,,7,81.0,DT,False,4.970706682171917,24.852,40,1,1,20.22471406848531
156,DT,mlp,mushrooms,low,,8,191.0,DT,False,7.270460334112691,25.962,-60,0,0,20.22471406848531
156,DT,mlp,mushrooms,low,,9,30.0,DT,True,5.989610650910427,48.405,100,1,1,20.22471406848531
156,DT,mlp,mushrooms,low,,10,54.0,DT,False,3.8076022676598673,35.457,60,1,1,20.22471406848531
156,DT,mlp,mushrooms,low,,11,234.0,DT,False,6.994368592546665,29.268,-80,1,1,20.22471406848531
156,DT,mlp,mushrooms,low,,12,344.0,DT,True,7.096188872091935,34.819,-100,0,0,20.22471406848531
156,DT,mlp,mushrooms,low,,13,88.0,DT,False,7.1116117908680545,16.53,-100,1,0,20.22471406848531
156,DT,mlp,mushrooms,low,,14,108.0,DT,False,6.966784698496373,38.458,-60,0,0,20.22471406848531
156,DT,mlp,mushrooms,low,,15,158.0,DT,False,6.988689088084446,13.867,-80,0,0,20.22471406848531
156,DT,mlp,mushrooms,low,,16,392.0,DT,False,6.94428995230077,10.47,-100,0,1,20.22471406848531
156,DT,mlp,mushrooms,low,,17,347.0,DT,False,6.67751679439625,12.988,100,1,1,20.22471406848531
156,DT,mlp,mushrooms,low,,18,371.0,DT,False,6.789678298871255,15.008,-100,1,1,20.22471406848531
156,DT,mlp,mushrooms,low,,19,151.0,DT,False,6.843896435190202,15.0,-80,0,0,20.22471406848531
156,DT,mlp,mushrooms,low,,20,249.0,DT,False,6.791453992796742,13.81,-80,0,0,20.22471406848531
156,DT,mlp,mushrooms,low,,21,270.0,DT,True,6.679252289403153,27.793,100,1,1,20.22471406848531
156,DT,mlp,mushrooms,low,,22,278.0,DT,False,6.7920502782466015,15.367,100,1,1,20.22471406848531
156,DT,mlp,mushrooms,low,,23,387.0,DT,False,6.918381983690723,7.419,-100,0,0,20.22471406848531
156,DT,mlp,mushrooms,low,,24,318.0,DT,False,6.77073940382139,12.289,-100,0,0,20.22471406848531
156,DT,mlp,mushrooms,low,,25,368.0,DT,True,6.832987764934791,16.23,100,1,1,20.22471406848531
156,DT,mlp,mushrooms,low,,26,322.0,DT,False,6.949391234762573,8.958,-100,0,0,20.22471406848531
156,DT,mlp,mushrooms,low,,27,39.0,DT,True,3.7883474294238177,19.851,-100,0,0,20.22471406848531
156,DT,mlp,mushrooms,low,,28,269.0,DT,True,3.676648089679929,16.16,-100,0,1,20.22471406848531
156,DT,mlp,mushrooms,low,,29,288.0,DT,False,6.806041408674601,12.943,100,0,1,20.22471406848531
156,DT,mlp,mushrooms,low,,30,354.0,DT,True,7.022894671331271,20.077,-80,1,0,20.22471406848531
156,DT,mlp,mushrooms,low,,31,357.0,DT,False,6.927008738400004,14.042,60,1,1,20.22471406848531
156,DT,mlp,mushrooms,low,,32,87.0,DT,True,6.992901629091117,13.798,-100,0,0,20.22471406848531
156,DT,mlp,mushrooms,low,,33,384.0,DT,False,7.008574675177422,16.189,-100,0,0,20.22471406848531
156,DT,mlp,mushrooms,low,,34,226.0,DT,False,6.921617242793532,13.648,100,1,1,20.22471406848531
156,DT,mlp,mushrooms,low,,35,350.0,DT,True,7.042504491416322,11.119,-100,1,0,20.22471406848531
156,DT,mlp,mushrooms,low,,36,17.0,DT,True,6.944227956397858,18.16,-100,0,0,20.22471406848531
156,DT,mlp,mushrooms,low,,37,63.0,DT,False,6.804056057322398,11.013,-100,0,0,20.22471406848531
156,DT,mlp,mushrooms,low,,38,24.0,DT,False,6.8872216100646755,6.816,100,0,1,20.22471406848531
156,DT,mlp,mushrooms,low,,39,69.0,DT,False,6.904090266734091,11.641,80,1,1,20.22471406848531
13,LR,mlp,mushrooms,low,,0,32.0,LR,False,6.467189956859086,18.342,-20,0,1,34.83897610604785
13,LR,mlp,mushrooms,low,,1,370.0,LR,False,6.149321395032018,7.63,-20,1,1,34.83897610604785
13,LR,mlp,mushrooms,low,,2,184.0,LR,True,6.1725173116552705,10.286,-60,0,0,34.83897610604785
13,LR,mlp,mushrooms,low,,3,81.0,LR,True,6.080375905665974,4.386,-100,1,1,34.83897610604785
13,LR,mlp,mushrooms,low,,4,98.0,LR,True,6.282315582548662,10.502,-40,1,1,34.83897610604785
13,LR,mlp,mushrooms,low,,5,237.0,LR,False,5.930115884608618,5.957,40,1,1,34.83897610604785
13,LR,mlp,mushrooms,low,,6,344.0,LR,False,5.742967136417975,3.918,60,0,1,34.83897610604785
13,LR,mlp,mushrooms,low,,7,287.0,LR,True,6.256414640908697,4.24,20,0,1,34.83897610604785
13,LR,mlp,mushrooms,low,,8,161.0,LR,True,6.576910071169587,9.829,20,1,1,34.83897610604785
13,LR,mlp,mushrooms,low,,9,221.0,LR,False,8.360997030060345,20.272,20,1,1,34.83897610604785
13,LR,mlp,mushrooms,low,,10,222.0,LR,False,8.482417095726568,7.096,-20,0,1,34.83897610604785
13,LR,mlp,mushrooms,low,,11,385.0,LR,True,8.478272929378814,4.441,20,0,1,34.83897610604785
13,LR,mlp,mushrooms,low,,12,105.0,LR,True,9.03533671261881,4.406,-20,1,1,34.83897610604785
13,LR,mlp,mushrooms,low,,13,379.0,LR,True,8.940292662705925,6.355,-20,0,1,34.83897610604785
13,LR,mlp,mushrooms,low,,14,112.0,LR,True,8.897730908729471,9.073,-20,1,0,34.83897610604785
13,LR,mlp,mushrooms,low,,15,127.0,LR,True,8.723334776815063,9.832,20,1,1,34.83897610604785
13,LR,mlp,mushrooms,low,,16,313.0,LR,False,8.989744672170158,7.903,20,0,0,34.83897610604785
13,LR,mlp,mushrooms,low,,17,302.0,LR,False,8.907660457455892,14.912,40,0,1,34.83897610604785
13,LR,mlp,mushrooms,low,,18,122.0,LR,True,8.770535171915274,5.712,20,1,0,34.83897610604785
13,LR,mlp,mushrooms,low,,19,318.0,LR,False,9.019383389267404,19.079,-20,0,0,34.83897610604785
13,LR,mlp,mushrooms,low,,20,113.0,LR,True,9.013450004170751,6.643,-40,0,0,34.83897610604785
13,LR,mlp,mushrooms,low,,21,250.0,LR,True,8.702828064148077,2.281,40,1,0,34.83897610604785
13,LR,mlp,mushrooms,low,,22,325.0,LR,False,8.814394631006977,4.315,-20,0,1,34.83897610604785
13,LR,mlp,mushrooms,low,,23,276.0,LR,False,8.872461333395378,4.857,-20,1,1,34.83897610604785
13,LR,mlp,mushrooms,low,,24,52.0,LR,False,8.862765677028285,3.078,-20,1,1,34.83897610604785
13,LR,mlp,mushrooms,low,,25,381.0,LR,True,8.551390897589016,3.337,20,1,1,34.83897610604785
13,LR,mlp,mushrooms,low,,26,62.0,LR,False,8.925759263115493,3.958,20,0,0,34.83897610604785
13,LR,mlp,mushrooms,low,,27,24.0,LR,False,8.807327350146185,3.323,-20,0,0,34.83897610604785
13,LR,mlp,mushrooms,low,,28,227.0,LR,True,8.728475148113253,44.773,-20,1,1,34.83897610604785
13,LR,mlp,mushrooms,low,,29,25.0,LR,False,8.766412186356316,1.852,20,1,0,34.83897610604785
13,LR,mlp,mushrooms,low,,30,387.0,LR,True,9.050937167375167,14.347,-40,0,0,34.83897610604785
13,LR,mlp,mushrooms,low,,31,169.0,LR,True,8.893532298606248,3.985,-20,0,0,34.83897610604785
13,LR,mlp,mushrooms,low,,32,158.0,LR,False,8.912136402841018,2.403,-20,0,1,34.83897610604785
13,LR,mlp,mushrooms,low,,33,351.0,LR,False,7.901218701767555,3.088,40,0,0,34.83897610604785
13,LR,mlp,mushrooms,low,,34,267.0,LR,True,8.225450167978956,6.332,-20,1,0,34.83897610604785
13,LR,mlp,mushrooms,low,,35,331.0,LR,True,8.993225818808574,2.475,-40,0,1,34.83897610604785
13,LR,mlp,mushrooms,low,,36,219.0,LR,False,8.989818206875558,5.429,40,1,0,34.83897610604785
13,LR,mlp,mushrooms,low,,37,114.0,LR,False,8.976703718714354,3.319,-40,1,0,34.83897610604785
13,LR,mlp,mushrooms,low,,38,284.0,LR,False,8.772241398379812,2.758,40,0,1,34.83897610604785
13,LR,mlp,mushrooms,low,,39,399.0,LR,True,8.811794234148877,15.19,20,1,0,34.83897610604785
185,DT,mlp,mushrooms,low,,0,270.0,DT,False,0.214335486999908,27.525,-60,1,0,10.984799975887272
185,DT,mlp,mushrooms,low,,1,84.0,DT,True,0.2382457808080662,26.032,80,1,0,10.984799975887272
185,DT,mlp,mushrooms,low,,2,215.0,DT,False,0.3712059830427494,10.884,-40,0,0,10.984799975887272
185,DT,mlp,mushrooms,low,,3,347.0,DT,True,5.325680140042672,49.531,40,1,1,10.984799975887272
185,DT,mlp,mushrooms,low,,4,248.0,DT,False,5.108365940337216,27.94,-60,0,0,10.984799975887272
185,DT,mlp,mushrooms,low,,5,62.0,DT,True,6.2406484090409435,13.945,-80,0,0,10.984799975887272
185,DT,mlp,mushrooms,low,,6,344.0,DT,True,6.129844847260854,12.746,-100,0,0,10.984799975887272
185,DT,mlp,mushrooms,low,,7,345.0,DT,True,6.051169821804268,14.154,-60,0,0,10.984799975887272
185,DT,mlp,mushrooms,low,,8,104.0,DT,False,7.044896627458972,4.775,-100,1,1,10.984799975887272
185,DT,mlp,mushrooms,low,,9,299.0,DT,False,6.901939707394225,9.719,60,1,0,10.984799975887272
185,DT,mlp,mushrooms,low,,10,247.0,DT,True,6.012490996814131,15.853,80,1,1,10.984799975887272
185,DT,mlp,mushrooms,low,,11,27.0,DT,True,6.304102128768524,6.042,100,1,1,10.984799975887272
185,DT,mlp,mushrooms,low,,12,148.0,DT,False,7.080968309576403,8.061,80,1,1,10.984799975887272
185,DT,mlp,mushrooms,low,,13,277.0,DT,False,6.944981229361018,17.882,80,1,1,10.984799975887272
185,DT,mlp,mushrooms,low,,14,97.0,DT,False,7.017727314548362,6.269,-80,1,0,10.984799975887272
185,DT,mlp,mushrooms,low,,15,324.0,DT,False,7.081061522203035,8.893,-60,0,0,10.984799975887272
185,DT,mlp,mushrooms,low,,16,135.0,DT,True,6.102154737361919,6.303,40,0,0,10.984799975887272
185,DT,mlp,mushrooms,low,,17,199.0,DT,False,6.9750430538605555,14.799,80,1,1,10.984799975887272
185,DT,mlp,mushrooms,low,,18,33.0,DT,True,3.5884073850553606,28.766,-40,1,1,10.984799975887272
185,DT,mlp,mushrooms,low,,19,165.0,DT,False,6.932107182975801,21.541,40,0,1,10.984799975887272
185,DT,mlp,mushrooms,low,,20,279.0,DT,True,6.1890412302281055,13.38,100,1,1,10.984799975887272
185,DT,mlp,mushrooms,low,,21,398.0,DT,False,7.036113028921212,18.633,60,1,1,10.984799975887272
185,DT,mlp,mushrooms,low,,22,358.0,DT,False,7.0004491576312455,7.22,60,1,1,10.984799975887272
185,DT,mlp,mushrooms,low,,23,99.0,DT,True,6.745062127870883,12.167,40,0,1,10.984799975887272
185,DT,mlp,mushrooms,low,,24,119.0,DT,True,7.021283417037863,11.273,-80,0,0,10.984799975887272
185,DT,mlp,mushrooms,low,,25,234.0,DT,True,6.771722187455855,11.412,80,1,1,10.984799975887272
185,DT,mlp,mushrooms,low,,26,326.0,DT,True,3.625090773203443,13.849,-60,0,0,10.984799975887272
185,DT,mlp,mushrooms,low,,27,109.0,DT,True,6.825254678717904,8.913,100,1,1,10.984799975887272
185,DT,mlp,mushrooms,low,,28,338.0,DT,True,3.9611202809347215,17.978,-80,0,0,10.984799975887272
185,DT,mlp,mushrooms,low,,29,205.0,DT,False,3.698001790670125,8.256,-80,0,1,10.984799975887272
185,DT,mlp,mushrooms,low,,30,305.0,DT,False,6.969522830606025,9.524,60,1,1,10.984799975887272
185,DT,mlp,mushrooms,low,,31,44.0,DT,True,6.987642513128951,9.845,-40,0,0,10.984799975887272
185,DT,mlp,mushrooms,low,,32,81.0,DT,False,6.943903495705605,15.169,100,1,1,10.984799975887272
185,DT,mlp,mushrooms,low,,33,54.0,DT,True,3.7690172585970343,9.386,100,1,0,10.984799975887272
185,DT,mlp,mushrooms,low,,34,182.0,DT,False,6.929177974380814,6.947,20,1,1,10.984799975887272
185,DT,mlp,mushrooms,low,,35,321.0,DT,False,6.879693228674114,6.095,60,1,1,10.984799975887272
185,DT,mlp,mushrooms,low,,36,298.0,DT,False,3.939396968031835,13.74,80,1,0,10.984799975887272
185,DT,mlp,mushrooms,low,,37,349.0,DT,False,6.937341315656878,20.037,-100,0,0,10.984799975887272
185,DT,mlp,mushrooms,low,,38,236.0,DT,True,6.836003312350621,9.209,-40,0,0,10.984799975887272
185,DT,mlp,mushrooms,low,,39,0.0,DT,False,6.998505352100612,15.046,-80,0,0,10.984799975887272
70,LR,mlp,mushrooms,low,,0,15.0,LR,True,6.338715298633964,25.35,40,0,1,26.497335585944683
70,LR,mlp,mushrooms,low,,1,49.0,LR,False,6.2864500865577835,21.047,-40,1,0,26.497335585944683
70,LR,mlp,mushrooms,low,,2,276.0,LR,False,5.810816436765027,14.107,-60,1,1,26.497335585944683
70,LR,mlp,mushrooms,low,,3,30.0,LR,True,6.331567730154653,8.281,60,1,1,26.497335585944683
70,LR,mlp,mushrooms,low,,4,260.0,LR,True,6.3118486692033695,7.096,20,1,1,26.497335585944683
70,LR,mlp,mushrooms,low,,5,228.0,LR,False,6.291062097053548,25.608,-20,0,0,26.497335585944683
70,LR,mlp,mushrooms,low,,6,375.0,LR,True,6.285119215221915,5.127,40,1,0,26.497335585944683
70,LR,mlp,mushrooms,low,,7,38.0,LR,True,5.873609379515617,6.032,40,0,1,26.497335585944683
70,LR,mlp,mushrooms,low,,8,360.0,LR,False,6.194622697721875,39.034,20,0,1,26.497335585944683
70,LR,mlp,mushrooms,low,,9,129.0,LR,False,8.73099317756991,39.681,-20,0,1,26.497335585944683
70,LR,mlp,mushrooms,low,,10,89.0,LR,True,6.249936441902118,8.015,20,0,0,26.497335585944683
70,LR,mlp,mushrooms,low,,11,240.0,LR,True,8.38296360891826,14.572,20,1,1,26.497335585944683
70,LR,mlp,mushrooms,low,,12,208.0,LR,False,8.674044083149754,10.874,-20,1,1,26.497335585944683
70,LR,mlp,mushrooms,low,,13,373.0,LR,True,6.58759908608144,47.45,20,1,1,26.497335585944683
70,LR,mlp,mushrooms,low,,14,178.0,LR,False,8.78046098531237,55.932,-20,1,1,26.497335585944683
70,LR,mlp,mushrooms,low,,15,201.0,LR,False,8.658086108222626,122.395,20,1,1,26.497335585944683
70,LR,mlp,mushrooms,low,,16,126.0,LR,True,6.160791172922387,7.883,20,0,1,26.497335585944683
70,LR,mlp,mushrooms,low,,17,198.0,LR,False,8.572086665924651,19.853,-20,0,0,26.497335585944683
70,LR,mlp,mushrooms,low,,18,393.0,LR,True,9.040773311114574,7.891,40,0,1,26.497335585944683
70,LR,mlp,mushrooms,low,,19,163.0,LR,False,8.634079450337868,10.958,20,1,1,26.497335585944683
70,LR,mlp,mushrooms,low,,20,132.0,LR,True,8.604351023709173,21.774,20,0,0,26.497335585944683
70,LR,mlp,mushrooms,low,,21,176.0,LR,False,8.831883662302653,20.265,20,1,1,26.497335585944683
70,LR,mlp,mushrooms,low,,22,346.0,LR,True,8.658771790160246,5.957,-20,1,0,26.497335585944683
70,LR,mlp,mushrooms,low,,23,377.0,LR,False,9.01434374750627,15.466,40,0,1,26.497335585944683
70,LR,mlp,mushrooms,low,,24,24.0,LR,True,8.724544635692968,27.409,-20,0,0,26.497335585944683
70,LR,mlp,mushrooms,low,,25,355.0,LR,True,8.630810712203322,15.569,20,1,0,26.497335585944683
70,LR,mlp,mushrooms,low,,26,128.0,LR,False,8.704222311221457,16.276,-20,1,1,26.497335585944683
70,LR,mlp,mushrooms,low,,27,365.0,LR,False,8.119371092409821,15.424,-20,0,0,26.497335585944683
70,LR,mlp,mushrooms,low,,28,11.0,LR,True,8.733135720468102,5.69,-20,1,0,26.497335585944683
70,LR,mlp,mushrooms,low,,29,42.0,LR,True,8.785358157841369,15.746,40,0,0,26.497335585944683
70,LR,mlp,mushrooms,low,,30,204.0,LR,True,8.643834988795563,7.892,20,1,0,26.497335585944683
70,LR,mlp,mushrooms,low,,31,95.0,LR,False,8.037038791521528,33.209,-20,0,0,26.497335585944683
70,LR,mlp,mushrooms,low,,32,4.0,LR,False,8.899055711739571,8.525,20,1,1,26.497335585944683
70,LR,mlp,mushrooms,low,,33,299.0,LR,False,8.628912865707266,4.674,-20,1,1,26.497335585944683
70,LR,mlp,mushrooms,low,,34,212.0,LR,False,8.61329091908447,4.71,20,1,1,26.497335585944683
70,LR,mlp,mushrooms,low,,35,8.0,LR,True,8.676184718096666,6.347,-20,1,1,26.497335585944683
70,LR,mlp,mushrooms,low,,36,181.0,LR,True,8.504664285089092,8.029,20,1,1,26.497335585944683
70,LR,mlp,mushrooms,low,,37,236.0,LR,False,8.995122573717214,5.027,-20,0,0,26.497335585944683
70,LR,mlp,mushrooms,low,,38,306.0,LR,False,8.369013491553567,4.821,20,0,1,26.497335585944683
70,LR,mlp,mushrooms,low,,39,254.0,LR,False,8.016459171496805,4.08,-20,0,0,26.497335585944683
58,LR,mlp,mushrooms,high,,0,350.0,LR,False,8.20718684769394,29.419,-20,1,1,36.252870350044475
58,LR,mlp,mushrooms,high,,1,237.0,LR,True,6.3868805610988835,31.669,40,1,1,36.252870350044475
58,LR,mlp,mushrooms,high,,2,346.0,LR,False,8.080421084527057,11.394,-20,1,1,36.252870350044475
58,LR,mlp,mushrooms,high,,3,202.0,LR,True,6.1015278072445405,8.331,-60,1,1,36.252870350044475
58,LR,mlp,mushrooms,high,,4,356.0,LR,False,5.695261074211704,7.723,60,1,1,36.252870350044475
58,LR,mlp,mushrooms,high,,5,131.0,LR,True,5.86504439451597,19.007,-60,0,1,36.252870350044475
58,LR,mlp,mushrooms,high,,6,291.0,LR,False,7.834904228990084,3.765,-80,0,0,36.252870350044475
58,LR,mlp,mushrooms,high,,7,387.0,LR,False,8.148471805154266,8.269,40,0,0,36.252870350044475
58,LR,mlp,mushrooms,high,,8,117.0,LR,False,7.975453569945699,9.361,-60,0,0,36.252870350044475
58,LR,mlp,mushrooms,high,,9,26.0,LR,False,8.088041469911225,10.465,-60,1,1,36.252870350044475
58,LR,mlp,mushrooms,high,,10,226.0,LR,True,6.191950803946154,23.07,60,1,1,36.252870350044475
58,LR,mlp,mushrooms,high,,11,255.0,LR,False,8.101036537567145,17.379,-80,0,1,36.252870350044475
58,LR,mlp,mushrooms,high,,12,46.0,LR,True,6.398328245647196,26.331,40,1,1,36.252870350044475
58,LR,mlp,mushrooms,high,,13,41.0,LR,True,5.951284981000885,28.082,-40,0,1,36.252870350044475
58,LR,mlp,mushrooms,high,,14,247.0,LR,True,8.482925702926341,37.958,20,1,1,36.252870350044475
58,LR,mlp,mushrooms,high,,15,160.0,LR,True,7.915451985996063,9.693,20,1,1,36.252870350044475
58,LR,mlp,mushrooms,high,,16,152.0,LR,False,10.037922177561375,15.629,-20,0,0,36.252870350044475
58,LR,mlp,mushrooms,high,,17,45.0,LR,False,10.04842442043196,12.205,-60,0,0,36.252870350044475
58,LR,mlp,mushrooms,high,,18,134.0,LR,False,10.0697011105066,10.978,20,1,1,36.252870350044475
58,LR,mlp,mushrooms,high,,19,175.0,LR,True,7.858537305320631,16.502,-40,1,1,36.252870350044475
58,LR,mlp,mushrooms,high,,20,83.0,LR,False,9.791733646295745,6.168,-40,0,0,36.252870350044475
58,LR,mlp,mushrooms,high,,21,339.0,LR,False,10.071268198879345,9.06,-60,0,0,36.252870350044475
58,LR,mlp,mushrooms,high,,22,241.0,LR,True,8.243447532107947,5.724,-40,1,1,36.252870350044475
58,LR,mlp,mushrooms,high,,23,312.0,LR,False,10.07993274965398,8.935,20,1,1,36.252870350044475
58,LR,mlp,mushrooms,high,,24,170.0,LR,True,8.2921555512889,10.29,-40,1,0,36.252870350044475
58,LR,mlp,mushrooms,high,,25,43.0,LR,True,7.849328354670407,6.337,-20,1,1,36.252870350044475
58,LR,mlp,mushrooms,high,,26,0.0,LR,False,10.086185366722198,8.741,-40,0,1,36.252870350044475
58,LR,mlp,mushrooms,high,,27,197.0,LR,True,7.99996116934563,14.784,-40,0,0,36.252870350044475
58,LR,mlp,mushrooms,high,,28,318.0,LR,True,8.06843265406081,7.343,-80,0,1,36.252870350044475
58,LR,mlp,mushrooms,high,,29,256.0,LR,True,8.385489606377448,7.175,60,1,1,36.252870350044475
58,LR,mlp,mushrooms,high,,30,138.0,LR,False,10.097444841140206,5.42,40,0,1,36.252870350044475
58,LR,mlp,mushrooms,high,,31,142.0,LR,True,10.317415939498572,10.485,20,1,1,36.252870350044475
58,LR,mlp,mushrooms,high,,32,218.0,LR,True,10.874097287396708,7.0,20,1,1,36.252870350044475
58,LR,mlp,mushrooms,high,,33,57.0,LR,True,10.274218181864246,7.263,60,1,1,36.252870350044475
58,LR,mlp,mushrooms,high,,34,5.0,LR,False,10.119228898437772,8.428,-20,0,1,36.252870350044475
58,LR,mlp,mushrooms,high,,35,320.0,LR,False,10.102027481216076,8.958,-20,0,1,36.252870350044475
58,LR,mlp,mushrooms,high,,36,357.0,LR,True,13.439695578778144,9.189,40,1,0,36.252870350044475
58,LR,mlp,mushrooms,high,,37,110.0,LR,False,12.295761222555369,9.131,-20,0,0,36.252870350044475
58,LR,mlp,mushrooms,high,,38,271.0,LR,False,12.045954658931956,3.567,60,1,0,36.252870350044475
58,LR,mlp,mushrooms,high,,39,289.0,LR,False,12.008728275331066,3.933,-20,0,0,36.252870350044475
109,DT,mlp,mushrooms,high,,0,19.0,DT,False,0.2009302626229168,37.703,40,1,0,24.68925645086551
109,DT,mlp,mushrooms,high,,1,355.0,DT,False,0.2009276830318111,16.1,-20,1,1,24.68925645086551
109,DT,mlp,mushrooms,high,,2,87.0,DT,False,0.2041153612795317,13.77,20,0,1,24.68925645086551
109,DT,mlp,mushrooms,high,,3,0.0,DT,False,0.2017298118963246,14.508,-20,0,1,24.68925645086551
109,DT,mlp,mushrooms,high,,4,29.0,DT,False,0.2014631267429472,13.708,-20,0,0,24.68925645086551
109,DT,mlp,mushrooms,high,,5,370.0,DT,False,0.201350288376295,18.435,-40,1,0,24.68925645086551
109,DT,mlp,mushrooms,high,,6,219.0,DT,True,0.201284014251478,93.149,80,1,0,24.68925645086551
109,DT,mlp,mushrooms,high,,7,386.0,DT,True,0.2012388559915909,20.391,80,1,1,24.68925645086551
109,DT,mlp,mushrooms,high,,8,193.0,DT,False,5.293675804301725,26.432,-40,0,0,24.68925645086551
109,DT,mlp,mushrooms,high,,9,69.0,DT,True,7.267758218050264,31.524,80,1,1,24.68925645086551
109,DT,mlp,mushrooms,high,,10,186.0,DT,False,3.476109846525107,14.65,-60,0,1,24.68925645086551
109,DT,mlp,mushrooms,high,,11,74.0,DT,False,7.362496876393661,15.714,-20,1,1,24.68925645086551
109,DT,mlp,mushrooms,high,,12,130.0,DT,True,7.08347231979094,19.937,80,1,1,24.68925645086551
109,DT,mlp,mushrooms,high,,13,206.0,DT,False,6.568609301102724,20.403,40,0,0,24.68925645086551
109,DT,mlp,mushrooms,high,,14,48.0,DT,False,3.5805739093504996,11.155,-60,0,1,24.68925645086551
109,DT,mlp,mushrooms,high,,15,261.0,DT,False,8.721787672886608,14.98,-20,0,1,24.68925645086551
109,DT,mlp,mushrooms,high,,16,106.0,DT,True,6.188601830994879,11.296,-80,0,1,24.68925645086551
109,DT,mlp,mushrooms,high,,17,200.0,DT,False,4.003351414570335,6.257,-40,0,0,24.68925645086551
109,DT,mlp,mushrooms,high,,18,384.0,DT,True,6.564388452398671,10.364,-80,0,0,24.68925645086551
109,DT,mlp,mushrooms,high,,19,34.0,DT,False,10.139561337752156,13.727,-60,0,1,24.68925645086551
109,DT,mlp,mushrooms,high,,20,328.0,DT,False,10.471234713264716,14.685,20,1,1,24.68925645086551
109,DT,mlp,mushrooms,high,,21,258.0,DT,False,8.423019078409226,6.437,-20,0,0,24.68925645086551
109,DT,mlp,mushrooms,high,,22,137.0,DT,True,3.7264270855941497,10.887,-80,0,1,24.68925645086551
109,DT,mlp,mushrooms,high,,23,139.0,DT,True,7.1475118273993345,22.471,60,0,1,24.68925645086551
109,DT,mlp,mushrooms,high,,24,247.0,DT,False,9.818398698079244,22.292,-40,1,1,24.68925645086551
109,DT,mlp,mushrooms,high,,25,76.0,DT,False,10.544167088195454,11.445,20,1,1,24.68925645086551
109,DT,mlp,mushrooms,high,,26,90.0,DT,True,3.297151084402836,29.513,-40,1,1,24.68925645086551
109,DT,mlp,mushrooms,high,,27,340.0,DT,False,8.325422674447733,7.822,-40,0,0,24.68925645086551
109,DT,mlp,mushrooms,high,,28,239.0,DT,True,3.8014923429609873,9.005,-80,0,1,24.68925645086551
109,DT,mlp,mushrooms,high,,29,269.0,DT,True,3.572511718596849,9.098,-80,0,1,24.68925645086551
109,DT,mlp,mushrooms,high,,30,343.0,DT,True,6.822545458826462,15.548,-80,0,0,24.68925645086551
109,DT,mlp,mushrooms,high,,31,47.0,DT,True,7.468907677219655,14.363,80,0,0,24.68925645086551
109,DT,mlp,mushrooms,high,,32,301.0,DT,False,10.005579951119683,12.954,80,1,1,24.68925645086551
109,DT,mlp,mushrooms,high,,33,194.0,DT,True,6.363050583714381,7.941,-80,0,0,24.68925645086551
109,DT,mlp,mushrooms,high,,34,294.0,DT,False,10.42633774905133,13.34,-40,1,1,24.68925645086551
109,DT,mlp,mushrooms,high,,35,169.0,DT,False,8.658068597764737,6.433,-80,0,0,24.68925645086551
109,DT,mlp,mushrooms,high,,36,203.0,DT,True,3.5067030372427563,8.08,-80,0,0,24.68925645086551
109,DT,mlp,mushrooms,high,,37,190.0,DT,True,7.277674851504536,16.777,80,1,0,24.68925645086551
109,DT,mlp,mushrooms,high,,38,2.0,DT,True,7.562126949888311,63.222,80,1,1,24.68925645086551
109,DT,mlp,mushrooms,high,,39,291.0,DT,False,4.622232169050719,12.745,-80,0,1,24.68925645086551
111,LR,mlp,mushrooms,low,,0,257.0,LR,False,6.233334945536151,42.997,40,1,1,30.214850254252426
111,LR,mlp,mushrooms,low,,1,42.0,LR,False,6.119817028857843,10.091,-40,0,1,30.214850254252426
111,LR,mlp,mushrooms,low,,2,250.0,LR,True,6.180154288228357,104.218,60,1,1,30.214850254252426
111,LR,mlp,mushrooms,low,,3,153.0,LR,True,5.906228835199059,41.665,-80,0,1,30.214850254252426
111,LR,mlp,mushrooms,low,,4,376.0,LR,False,6.44937755512759,11.7,-60,0,1,30.214850254252426
111,LR,mlp,mushrooms,low,,5,201.0,LR,False,6.414517970419917,29.551,20,1,1,30.214850254252426
111,LR,mlp,mushrooms,low,,6,137.0,LR,True,6.085203069661064,41.966,-80,0,0,30.214850254252426
111,LR,mlp,mushrooms,low,,7,284.0,LR,True,6.279426659632291,39.02,-60,0,0,30.214850254252426
111,LR,mlp,mushrooms,low,,8,140.0,LR,False,8.593083439946799,8.975,-80,0,0,30.214850254252426
111,LR,mlp,mushrooms,low,,9,261.0,LR,True,6.5047499803841635,20.8,-100,0,1,30.214850254252426
111,LR,mlp,mushrooms,low,,10,174.0,LR,False,8.56857882586219,28.803,100,1,0,30.214850254252426
111,LR,mlp,mushrooms,low,,11,12.0,LR,False,8.750608448435823,14.184,-80,0,0,30.214850254252426
111,LR,mlp,mushrooms,low,,12,200.0,LR,True,6.42216817227723,25.327,20,0,1,30.214850254252426
111,LR,mlp,mushrooms,low,,13,226.0,LR,True,6.630604529699683,14.558,80,1,1,30.214850254252426
111,LR,mlp,mushrooms,low,,14,252.0,LR,False,8.756804827070336,46.927,100,1,1,30.214850254252426
111,LR,mlp,mushrooms,low,,15,325.0,LR,True,6.401218869601868,12.518,-100,0,1,30.214850254252426
111,LR,mlp,mushrooms,low,,16,276.0,LR,True,8.942069649809088,19.583,80,1,0,30.214850254252426
111,LR,mlp,mushrooms,low,,17,165.0,LR,True,6.599664802864003,22.271,-100,0,0,30.214850254252426
111,LR,mlp,mushrooms,low,,18,6.0,LR,True,6.6370751792766765,24.287,100,1,1,30.214850254252426
111,LR,mlp,mushrooms,low,,19,141.0,LR,True,6.699550606088415,16.77,-40,1,0,30.214850254252426
111,LR,mlp,mushrooms,low,,20,48.0,LR,True,6.452153036351376,24.956,-40,0,0,30.214850254252426
111,LR,mlp,mushrooms,low,,21,380.0,LR,True,5.947950044696581,10.859,-100,0,0,30.214850254252426
111,LR,mlp,mushrooms,low,,22,365.0,LR,True,6.170974586037618,13.996,-100,0,0,30.214850254252426
111,LR,mlp,mushrooms,low,,23,295.0,LR,True,6.3111971720480815,27.363,100,1,1,30.214850254252426
111,LR,mlp,mushrooms,low,,24,83.0,LR,False,8.663209984346745,23.0,-100,0,1,30.214850254252426
111,LR,mlp,mushrooms,low,,25,357.0,LR,True,6.734666923994296,17.773,100,1,0,30.214850254252426
111,LR,mlp,mushrooms,low,,26,263.0,LR,True,6.583783135972198,10.057,-80,1,1,30.214850254252426
111,LR,mlp,mushrooms,low,,27,329.0,LR,False,8.866682688805621,15.141,60,1,0,30.214850254252426
111,LR,mlp,mushrooms,low,,28,305.0,LR,False,6.641319567793256,13.346,80,1,0,30.214850254252426
111,LR,mlp,mushrooms,low,,29,228.0,LR,True,6.283259065021407,44.537,-20,0,1,30.214850254252426
111,LR,mlp,mushrooms,low,,30,63.0,LR,True,6.42012419605271,27.829,-40,0,1,30.214850254252426
111,LR,mlp,mushrooms,low,,31,388.0,LR,True,6.5387344151231295,20.589,-100,0,1,30.214850254252426
111,LR,mlp,mushrooms,low,,32,124.0,LR,True,9.024849405485645,66.688,-80,1,1,30.214850254252426
111,LR,mlp,mushrooms,low,,33,61.0,LR,True,6.39487860143952,10.805,-100,0,1,30.214850254252426
111,LR,mlp,mushrooms,low,,34,311.0,LR,True,6.190339655018134,12.383,-100,1,1,30.214850254252426
111,LR,mlp,mushrooms,low,,35,60.0,LR,True,6.30537815377796,13.003,100,1,1,30.214850254252426
111,LR,mlp,mushrooms,low,,36,299.0,LR,True,6.516168076700577,12.576,100,1,0,30.214850254252426
111,LR,mlp,mushrooms,low,,37,58.0,LR,False,8.064986171819909,9.627,-100,0,0,30.214850254252426
111,LR,mlp,mushrooms,low,,38,123.0,LR,False,8.820905797871298,29.838,100,1,1,30.214850254252426
111,LR,mlp,mushrooms,low,,39,44.0,LR,False,8.980754690928809,39.111,-80,0,0,30.214850254252426
295,LR,mlp,mushrooms,low,,0,22.0,LR,False,6.556187277769016,56.725,-40,1,1,35.987184655937696
295,LR,mlp,mushrooms,low,,1,214.0,LR,True,6.000548980535609,158.878,60,1,0,35.987184655937696
295,LR,mlp,mushrooms,low,,2,78.0,LR,False,5.805374065472766,45.994,20,1,1,35.987184655937696
295,LR,mlp,mushrooms,low,,3,46.0,LR,True,6.040167180921937,57.318,20,1,1,35.987184655937696
295,LR,mlp,mushrooms,low,,4,195.0,LR,False,5.873830425181794,68.989,-20,0,1,35.987184655937696
295,LR,mlp,mushrooms,low,,5,250.0,LR,True,5.968651485634464,56.599,-60,1,1,35.987184655937696
295,LR,mlp,mushrooms,low,,6,166.0,LR,True,5.88571784863722,122.155,60,1,1,35.987184655937696
295,LR,mlp,mushrooms,low,,7,188.0,LR,False,5.84521738361927,511.534,-40,0,1,35.987184655937696
295,LR,mlp,mushrooms,low,,8,237.0,LR,False,6.018869047599525,93.69,40,1,1,35.987184655937696
295,LR,mlp,mushrooms,low,,9,69.0,LR,False,6.142514075394114,80.75,60,1,1,35.987184655937696
295,LR,mlp,mushrooms,low,,10,168.0,LR,True,5.915855241342838,72.956,-40,0,1,35.987184655937696
295,LR,mlp,mushrooms,low,,11,328.0,LR,False,8.495479199921768,60.543,60,1,1,35.987184655937696
295,LR,mlp,mushrooms,low,,12,25.0,LR,True,6.134081562259921,54.467,-80,1,1,35.987184655937696
295,LR,mlp,mushrooms,low,,13,66.0,LR,True,6.4004255652585,58.182,20,0,1,35.987184655937696
295,LR,mlp,mushrooms,low,,14,42.0,LR,True,6.174444640479086,70.142,-60,0,1,35.987184655937696
295,LR,mlp,mushrooms,low,,15,28.0,LR,False,8.869288904985018,2.343,40,1,0,35.987184655937696
295,LR,mlp,mushrooms,low,,16,2.0,LR,False,8.51924089032481,1.579,-20,1,1,35.987184655937696
295,LR,mlp,mushrooms,low,,17,262.0,LR,True,5.935396520834864,0.956,-20,0,1,35.987184655937696
295,LR,mlp,mushrooms,low,,18,12.0,LR,False,8.84445245114548,3.595,40,0,0,35.987184655937696
295,LR,mlp,mushrooms,low,,19,192.0,LR,False,8.10456297054578,2.492,40,0,0,35.987184655937696
295,LR,mlp,mushrooms,low,,20,143.0,LR,False,8.8605121716765,98.291,60,1,0,35.987184655937696
295,LR,mlp,mushrooms,low,,21,215.0,LR,False,8.271609800233177,3.67,-40,0,0,35.987184655937696
295,LR,mlp,mushrooms,low,,22,357.0,LR,True,8.670763804003872,3.151,-40,1,1,35.987184655937696
295,LR,mlp,mushrooms,low,,23,336.0,LR,False,8.549826427303902,2.18,-20,0,0,35.987184655937696
295,LR,mlp,mushrooms,low,,24,27.0,LR,False,8.722509037343226,67.441,40,1,1,35.987184655937696
295,LR,mlp,mushrooms,low,,25,176.0,LR,True,8.713954504385136,4.571,20,1,1,35.987184655937696
295,LR,mlp,mushrooms,low,,26,271.0,LR,True,8.550248376449963,1.514,40,1,1,35.987184655937696
295,LR,mlp,mushrooms,low,,27,274.0,LR,True,8.67845777872877,1.991,40,1,1,35.987184655937696
295,LR,mlp,mushrooms,low,,28,152.0,LR,False,8.681888320771206,3.392,-20,0,1,35.987184655937696
295,LR,mlp,mushrooms,low,,29,179.0,LR,True,8.602715606239753,1.599,60,1,1,35.987184655937696
295,LR,mlp,mushrooms,low,,30,93.0,LR,False,8.678761607665228,3.298,-20,0,1,35.987184655937696
295,LR,mlp,mushrooms,low,,31,344.0,LR,True,8.972617292005365,1.418,60,0,1,35.987184655937696
295,LR,mlp,mushrooms,low,,32,23.0,LR,True,8.950474365404993,1.084,60,0,1,35.987184655937696
295,LR,mlp,mushrooms,low,,33,182.0,LR,True,8.666483198294678,85.875,-60,1,1,35.987184655937696
295,LR,mlp,mushrooms,low,,34,265.0,LR,False,9.033958012163176,5.695,20,0,1,35.987184655937696
295,LR,mlp,mushrooms,low,,35,259.0,LR,False,9.017395622758244,2.317,-40,0,0,35.987184655937696
295,LR,mlp,mushrooms,low,,36,39.0,LR,False,7.990405702793806,1.618,40,0,0,35.987184655937696
295,LR,mlp,mushrooms,low,,37,24.0,LR,True,8.734747108699894,1.29,60,0,0,35.987184655937696
295,LR,mlp,mushrooms,low,,38,139.0,LR,False,8.417276604167277,2.839,-20,0,0,35.987184655937696
295,LR,mlp,mushrooms,low,,39,318.0,LR,False,8.828379043113447,1.715,-40,0,0,35.987184655937696
268,DT,mlp,mushrooms,high,,0,270.0,DT,True,15.709154201046427,60.765,80,1,0,40.64354024817194
268,DT,mlp,mushrooms,high,,1,291.0,DT,False,0.200760657947642,20.531,-40,0,0,40.64354024817194
268,DT,mlp,mushrooms,high,,2,212.0,DT,False,10.567841449730157,19.523,-40,1,1,40.64354024817194
268,DT,mlp,mushrooms,high,,3,20.0,DT,True,1.984954048856066,30.383,-100,0,1,40.64354024817194
268,DT,mlp,mushrooms,high,,4,36.0,DT,False,4.99371971570848,20.265,80,1,1,40.64354024817194
268,DT,mlp,mushrooms,high,,5,332.0,DT,True,6.125546435625042,32.031,-60,0,0,40.64354024817194
268,DT,mlp,mushrooms,high,,6,116.0,DT,False,6.993906610465987,9.283,-60,1,0,40.64354024817194
268,DT,mlp,mushrooms,high,,7,170.0,DT,True,7.227531339858545,31.527,100,1,1,40.64354024817194
268,DT,mlp,mushrooms,high,,8,360.0,DT,True,7.171936494090678,13.671,-100,0,0,40.64354024817194
268,DT,mlp,mushrooms,high,,9,384.0,DT,False,8.114707194353947,11.826,-80,0,1,40.64354024817194
268,DT,mlp,mushrooms,high,,10,10.0,DT,True,7.970345032610718,18.764,-80,1,0,40.64354024817194
268,DT,mlp,mushrooms,high,,11,57.0,DT,False,8.176020988242907,13.975,-80,1,0,40.64354024817194
268,DT,mlp,mushrooms,high,,12,184.0,DT,True,3.70823998177962,11.257,-80,0,1,40.64354024817194
268,DT,mlp,mushrooms,high,,13,85.0,DT,False,8.752699266961352,14.692,100,0,0,40.64354024817194
268,DT,mlp,mushrooms,high,,14,13.0,DT,False,8.666981667816687,20.998,40,0,0,40.64354024817194
268,DT,mlp,mushrooms,high,,15,241.0,DT,False,9.222059588585998,13.086,80,1,1,40.64354024817194
268,DT,mlp,mushrooms,high,,16,88.0,DT,True,7.604208549040328,12.344,100,1,0,40.64354024817194
268,DT,mlp,mushrooms,high,,17,93.0,DT,True,9.299139623275972,19.131,-60,0,1,40.64354024817194
268,DT,mlp,mushrooms,high,,18,145.0,DT,True,10.543530579179976,36.138,80,1,1,40.64354024817194
268,DT,mlp,mushrooms,high,,19,326.0,DT,False,4.299300780875866,10.524,-40,0,0,40.64354024817194
268,DT,mlp,mushrooms,high,,20,395.0,DT,False,8.46572368340106,23.328,60,0,0,40.64354024817194
268,DT,mlp,mushrooms,high,,21,34.0,DT,False,10.766763138059048,23.926,40,0,1,40.64354024817194
268,DT,mlp,mushrooms,high,,22,289.0,DT,True,3.820709827540467,159.909,-40,0,1,40.64354024817194
268,DT,mlp,mushrooms,high,,23,293.0,DT,True,8.848842033130314,13.418,-60,0,0,40.64354024817194
268,DT,mlp,mushrooms,high,,24,331.0,DT,False,8.68686715945752,10.113,-60,0,0,40.64354024817194
268,DT,mlp,mushrooms,high,,25,161.0,DT,False,10.422404700157866,78.699,60,1,1,40.64354024817194
268,DT,mlp,mushrooms,high,,26,182.0,DT,False,10.234216100594972,11.398,-80,1,0,40.64354024817194
268,DT,mlp,mushrooms,high,,27,297.0,DT,False,8.372821530172278,11.364,60,0,0,40.64354024817194
268,DT,mlp,mushrooms,high,,28,90.0,DT,True,3.726963941633319,14.75,100,1,0,40.64354024817194
268,DT,mlp,mushrooms,high,,29,187.0,DT,False,10.318037365761477,11.272,60,1,1,40.64354024817194
268,DT,mlp,mushrooms,high,,30,59.0,DT,False,8.554603759230742,10.145,100,1,0,40.64354024817194
268,DT,mlp,mushrooms,high,,31,108.0,DT,True,8.57986964512608,10.383,-80,0,0,40.64354024817194
268,DT,mlp,mushrooms,high,,32,222.0,DT,False,8.681290536311389,49.997,20,0,0,40.64354024817194
268,DT,mlp,mushrooms,high,,33,236.0,DT,True,8.438553913425881,7.704,100,0,0,40.64354024817194
268,DT,mlp,mushrooms,high,,34,81.0,DT,True,9.880854224333923,8.216,80,1,1,40.64354024817194
268,DT,mlp,mushrooms,high,,35,387.0,DT,False,8.651895312535416,8.474,80,0,1,40.64354024817194
268,DT,mlp,mushrooms,high,,36,63.0,DT,True,8.325651574523656,11.682,60,0,0,40.64354024817194
268,DT,mlp,mushrooms,high,,37,156.0,DT,False,3.725425250958778,12.706,-60,0,0,40.64354024817194
268,DT,mlp,mushrooms,high,,38,100.0,DT,False,8.419059216830695,19.418,-40,0,0,40.64354024817194
268,DT,mlp,mushrooms,high,,39,77.0,DT,False,8.646800625267225,11.533,-60,0,0,40.64354024817194
12,LR,mlp,mushrooms,low,,0,299.0,LR,False,6.446171731868128,10.958,60,1,1,27.655258061946427
12,LR,mlp,mushrooms,low,,1,380.0,LR,False,6.152936033975684,5.744,-40,0,0,27.655258061946427
12,LR,mlp,mushrooms,low,,2,324.0,LR,True,5.815929183539521,9.252,60,0,1,27.655258061946427
12,LR,mlp,mushrooms,low,,3,214.0,LR,True,6.232096774563668,9.427,-40,1,1,27.655258061946427
12,LR,mlp,mushrooms,low,,4,399.0,LR,True,5.93908583400492,7.239,-40,1,1,27.655258061946427
12,LR,mlp,mushrooms,low,,5,229.0,LR,False,5.8004127259068525,5.414,20,0,1,27.655258061946427
12,LR,mlp,mushrooms,low,,6,19.0,LR,True,8.442678955903645,4.253,40,1,0,27.655258061946427
12,LR,mlp,mushrooms,low,,7,365.0,LR,True,8.323729013090318,5.712,80,0,0,27.655258061946427
12,LR,mlp,mushrooms,low,,8,212.0,LR,True,8.60605654539549,17.53,-20,1,0,27.655258061946427
12,LR,mlp,mushrooms,low,,9,111.0,LR,False,9.07034381199264,6.213,-20,0,0,27.655258061946427
12,LR,mlp,mushrooms,low,,10,311.0,LR,True,8.811113721532022,5.704,40,1,1,27.655258061946427
12,LR,mlp,mushrooms,low,,11,79.0,LR,True,8.938720382788656,4.812,40,1,1,27.655258061946427
12,LR,mlp,mushrooms,low,,12,102.0,LR,False,8.942979115981936,3.655,-40,1,1,27.655258061946427
12,LR,mlp,mushrooms,low,,13,3.0,LR,True,6.150688031383869,4.242,-60,0,0,27.655258061946427
12,LR,mlp,mushrooms,low,,14,376.0,LR,True,6.380350646882562,3.826,-80,0,0,27.655258061946427
12,LR,mlp,mushrooms,low,,15,390.0,LR,False,8.559941845275912,6.601,-40,0,1,27.655258061946427
12,LR,mlp,mushrooms,low,,16,75.0,LR,False,9.002348001784135,1.856,60,1,1,27.655258061946427
12,LR,mlp,mushrooms,low,,17,320.0,LR,False,9.016719257044771,3.93,60,0,1,27.655258061946427
12,LR,mlp,mushrooms,low,,18,35.0,LR,True,8.798507307862078,2.373,-40,0,0,27.655258061946427
12,LR,mlp,mushrooms,low,,19,166.0,LR,True,8.549388986194081,2.266,20,1,1,27.655258061946427
12,LR,mlp,mushrooms,low,,20,130.0,LR,False,8.576736391180305,2.766,-40,1,1,27.655258061946427
12,LR,mlp,mushrooms,low,,21,364.0,LR,False,8.73779637143339,4.968,60,1,1,27.655258061946427
12,LR,mlp,mushrooms,low,,22,223.0,LR,False,8.959382359514931,5.23,40,0,0,27.655258061946427
12,LR,mlp,mushrooms,low,,23,397.0,LR,False,8.119178124536528,2.564,-40,0,0,27.655258061946427
12,LR,mlp,mushrooms,low,,24,165.0,LR,False,8.476841158026163,4.464,-20,0,0,27.655258061946427
12,LR,mlp,mushrooms,low,,25,301.0,LR,False,8.650807766829264,3.415,-40,1,1,27.655258061946427
12,LR,mlp,mushrooms,low,,26,233.0,LR,False,8.94457102479745,3.188,40,0,1,27.655258061946427
12,LR,mlp,mushrooms,low,,27,318.0,LR,False,8.931505885633007,3.926,20,0,0,27.655258061946427
12,LR,mlp,mushrooms,low,,28,269.0,LR,True,8.065457804762689,3.229,-40,0,0,27.655258061946427
12,LR,mlp,mushrooms,low,,29,363.0,LR,True,8.539781158692167,3.087,40,1,1,27.655258061946427
12,LR,mlp,mushrooms,low,,30,29.0,LR,False,8.724425184640324,4.245,60,0,0,27.655258061946427
12,LR,mlp,mushrooms,low,,31,113.0,LR,False,8.953041222637928,3.574,80,0,1,27.655258061946427
12,LR,mlp,mushrooms,low,,32,316.0,LR,True,8.805998206287095,2.094,-40,1,1,27.655258061946427
12,LR,mlp,mushrooms,low,,33,243.0,LR,False,8.946167523900677,5.473,-20,0,0,27.655258061946427
12,LR,mlp,mushrooms,low,,34,219.0,LR,True,9.017579127734308,2.371,40,1,0,27.655258061946427
12,LR,mlp,mushrooms,low,,35,314.0,LR,True,8.668724542178893,2.765,40,0,0,27.655258061946427
12,LR,mlp,mushrooms,low,,36,358.0,LR,True,8.749784336557248,3.382,-40,1,0,27.655258061946427
12,LR,mlp,mushrooms,low,,37,123.0,LR,True,8.7171660819896,1.2,40,1,1,27.655258061946427
12,LR,mlp,mushrooms,low,,38,6.0,LR,False,8.538338986258731,2.556,-40,1,1,27.655258061946427
12,LR,mlp,mushrooms,low,,39,182.0,LR,True,8.632104184132842,2.562,40,1,1,27.655258061946427
91,DT,mlp,mushrooms,high,,0,47.0,DT,False,0.2041207979529949,70.105,60,0,1,17.704329862962418
91,DT,mlp,mushrooms,high,,1,169.0,DT,True,0.2017368050268649,31.225,-80,0,0,17.704329862962418
91,DT,mlp,mushrooms,high,,2,79.0,DT,False,0.2046598108756572,31.645,-80,1,1,17.704329862962418
91,DT,mlp,mushrooms,high,,3,150.0,DT,True,6.385057058658841,61.223,-80,0,0,17.704329862962418
91,DT,mlp,mushrooms,high,,4,281.0,DT,True,3.641623027034807,24.191,80,1,0,17.704329862962418
91,DT,mlp,mushrooms,high,,5,345.0,DT,False,5.780775048365496,96.632,-40,0,0,17.704329862962418
91,DT,mlp,mushrooms,high,,6,81.0,DT,True,7.211868573710038,30.183,60,1,1,17.704329862962418
91,DT,mlp,mushrooms,high,,7,329.0,DT,False,7.195029678671631,28.722,40,1,0,17.704329862962418
91,DT,mlp,mushrooms,high,,8,241.0,DT,True,7.354493775201743,26.8,80,1,1,17.704329862962418
91,DT,mlp,mushrooms,high,,9,353.0,DT,True,7.175070512924314,23.335,60,1,0,17.704329862962418
91,DT,mlp,mushrooms,high,,10,339.0,DT,True,7.7751015421087315,11.038,-80,0,0,17.704329862962418
91,DT,mlp,mushrooms,high,,11,7.0,DT,False,10.28607035468626,19.31,-60,0,1,17.704329862962418
91,DT,mlp,mushrooms,high,,12,18.0,DT,True,7.523401466035212,10.87,-80,0,0,17.704329862962418
91,DT,mlp,mushrooms,high,,13,342.0,DT,False,4.153354176964842,22.14,-60,0,0,17.704329862962418
91,DT,mlp,mushrooms,high,,14,333.0,DT,True,3.3237858076077536,13.757,-80,0,1,17.704329862962418
91,DT,mlp,mushrooms,high,,15,399.0,DT,False,10.92931204093106,24.092,60,1,1,17.704329862962418
91,DT,mlp,mushrooms,high,,16,108.0,DT,True,7.648932827911907,12.584,-80,0,1,17.704329862962418
91,DT,mlp,mushrooms,high,,17,218.0,DT,False,10.399246904975332,22.031,60,1,1,17.704329862962418
91,DT,mlp,mushrooms,high,,18,130.0,DT,True,8.787034556496069,12.946,60,1,1,17.704329862962418
91,DT,mlp,mushrooms,high,,19,388.0,DT,True,7.6968645673224625,10.233,-80,0,1,17.704329862962418
91,DT,mlp,mushrooms,high,,20,20.0,DT,True,3.9246863541734487,14.739,-80,0,1,17.704329862962418
91,DT,mlp,mushrooms,high,,21,180.0,DT,False,9.958778565389226,31.743,60,1,1,17.704329862962418
91,DT,mlp,mushrooms,high,,22,73.0,DT,False,8.810004721576929,37.653,-60,0,0,17.704329862962418
91,DT,mlp,mushrooms,high,,23,213.0,DT,False,10.38749587227297,15.842,60,1,0,17.704329862962418
91,DT,mlp,mushrooms,high,,24,161.0,DT,True,10.91082614648788,11.601,-80,1,1,17.704329862962418
91,DT,mlp,mushrooms,high,,25,46.0,DT,True,10.859052349188287,13.43,80,1,1,17.704329862962418
91,DT,mlp,mushrooms,high,,26,294.0,DT,False,10.585168057529296,20.726,80,1,1,17.704329862962418
91,DT,mlp,mushrooms,high,,27,318.0,DT,False,8.64730818309463,16.373,-80,0,0,17.704329862962418
91,DT,mlp,mushrooms,high,,28,323.0,DT,True,10.646900998767888,11.559,80,1,1,17.704329862962418
91,DT,mlp,mushrooms,high,,29,223.0,DT,False,8.64533468374797,17.759,-80,0,0,17.704329862962418
91,DT,mlp,mushrooms,high,,30,131.0,DT,False,8.589122829275974,17.238,-80,0,0,17.704329862962418
91,DT,mlp,mushrooms,high,,31,228.0,DT,True,4.045274740708576,10.363,-80,0,1,17.704329862962418
91,DT,mlp,mushrooms,high,,32,113.0,DT,True,8.797648650002692,12.591,-80,0,0,17.704329862962418
91,DT,mlp,mushrooms,high,,33,99.0,DT,False,10.683960160724835,36.841,-80,0,1,17.704329862962418
91,DT,mlp,mushrooms,high,,34,271.0,DT,True,9.835004715042114,10.033,80,1,1,17.704329862962418
91,DT,mlp,mushrooms,high,,35,67.0,DT,True,8.649333463890844,10.153,-80,0,0,17.704329862962418
91,DT,mlp,mushrooms,high,,36,307.0,DT,True,10.559763582416654,15.881,100,1,1,17.704329862962418
91,DT,mlp,mushrooms,high,,37,8.0,DT,True,10.330536955718722,14.42,100,1,1,17.704329862962418
91,DT,mlp,mushrooms,high,,38,298.0,DT,True,4.357302519188673,19.362,100,1,1,17.704329862962418
91,DT,mlp,mushrooms,high,,39,151.0,DT,True,8.550268017197922,9.392,-100,0,0,17.704329862962418
135,DT,mlp,mushrooms,high,,0,370.0,DT,False,0.2009302626229168,38.331,-20,1,1,17.322180873233208
135,DT,mlp,mushrooms,high,,1,143.0,DT,False,0.2009276830318111,33.168,20,1,0,17.322180873233208
135,DT,mlp,mushrooms,high,,2,132.0,DT,False,0.2009251159862071,29.903,-20,0,1,17.322180873233208
135,DT,mlp,mushrooms,high,,3,304.0,DT,True,0.2009225613987483,72.387,-40,0,1,17.322180873233208
135,DT,mlp,mushrooms,high,,4,1.0,DT,False,0.2009200191828699,72.457,-40,1,0,17.322180873233208
135,DT,mlp,mushrooms,high,,5,4.0,DT,False,5.832394528162487,88.534,-60,1,1,17.322180873233208
135,DT,mlp,mushrooms,high,,6,340.0,DT,True,4.065057563416376,38.476,-20,0,0,17.322180873233208
135,DT,mlp,mushrooms,high,,7,96.0,DT,True,3.2062607884872714,17.548,40,0,1,17.322180873233208
135,DT,mlp,mushrooms,high,,8,292.0,DT,True,6.379111726566759,29.231,40,1,0,17.322180873233208
135,DT,mlp,mushrooms,high,,9,33.0,DT,True,3.680953952061202,17.464,-60,1,1,17.322180873233208
135,DT,mlp,mushrooms,high,,10,0.0,DT,True,6.173797113577646,19.764,-60,0,0,17.322180873233208
135,DT,mlp,mushrooms,high,,11,307.0,DT,True,7.392889985764408,31.116,40,1,1,17.322180873233208
135,DT,mlp,mushrooms,high,,12,3.0,DT,False,4.219913352038133,23.859,-80,0,0,17.322180873233208
135,DT,mlp,mushrooms,high,,13,293.0,DT,False,7.117172105521265,10.929,-80,0,0,17.322180873233208
135,DT,mlp,mushrooms,high,,14,107.0,DT,True,7.66532282266517,29.225,80,1,1,17.322180873233208
135,DT,mlp,mushrooms,high,,15,270.0,DT,False,9.125319616940802,21.576,60,1,1,17.322180873233208
135,DT,mlp,mushrooms,high,,16,318.0,DT,True,6.863070912485318,12.269,-80,0,0,17.322180873233208
135,DT,mlp,mushrooms,high,,17,383.0,DT,True,7.374250766378391,14.234,60,1,1,17.322180873233208
135,DT,mlp,mushrooms,high,,18,88.0,DT,True,7.172560372053951,10.338,80,1,1,17.322180873233208
135,DT,mlp,mushrooms,high,,19,168.0,DT,True,6.560066875672815,10.1,-100,0,0,17.322180873233208
135,DT,mlp,mushrooms,high,,20,106.0,DT,True,6.671894056170345,6.496,-100,0,1,17.322180873233208
135,DT,mlp,mushrooms,high,,21,195.0,DT,True,7.643718241512264,11.372,80,0,1,17.322180873233208
135,DT,mlp,mushrooms,high,,22,42.0,DT,True,6.2939520738215515,17.869,-100,0,0,17.322180873233208
135,DT,mlp,mushrooms,high,,23,148.0,DT,False,10.62361586644614,21.106,80,1,1,17.322180873233208
135,DT,mlp,mushrooms,high,,24,175.0,DT,True,7.585383909193752,9.625,80,1,1,17.322180873233208
135,DT,mlp,mushrooms,high,,25,361.0,DT,False,8.63825716358235,10.969,-100,0,0,17.322180873233208
135,DT,mlp,mushrooms,high,,26,294.0,DT,False,10.653835004070965,25.919,80,1,1,17.322180873233208
135,DT,mlp,mushrooms,high,,27,268.0,DT,False,3.926094463879548,14.648,-40,0,0,17.322180873233208
135,DT,mlp,mushrooms,high,,28,174.0,DT,True,7.698323392204031,9.477,80,1,1,17.322180873233208
135,DT,mlp,mushrooms,high,,29,8.0,DT,True,9.829206423240024,14.053,80,1,0,17.322180873233208
135,DT,mlp,mushrooms,high,,30,11.0,DT,False,10.414295655566876,14.743,60,1,1,17.322180873233208
135,DT,mlp,mushrooms,high,,31,354.0,DT,False,8.64327629961044,11.004,-100,1,0,17.322180873233208
135,DT,mlp,mushrooms,high,,32,283.0,DT,False,10.57631395667623,19.573,60,1,1,17.322180873233208
135,DT,mlp,mushrooms,high,,33,51.0,DT,True,3.815334404868635,16.038,-100,0,1,17.322180873233208
135,DT,mlp,mushrooms,high,,34,109.0,DT,False,10.435008522467957,13.379,60,1,1,17.322180873233208
135,DT,mlp,mushrooms,high,,35,165.0,DT,False,10.034345104445528,15.187,-60,0,0,17.322180873233208
135,DT,mlp,mushrooms,high,,36,306.0,DT,False,4.5029196585983815,39.95,-40,0,0,17.322180873233208
135,DT,mlp,mushrooms,high,,37,35.0,DT,False,10.454541675678254,13.062,60,0,1,17.322180873233208
135,DT,mlp,mushrooms,high,,38,188.0,DT,False,8.409372893891748,7.561,-100,0,0,17.322180873233208
135,DT,mlp,mushrooms,high,,39,50.0,DT,False,10.443235377844658,11.522,-60,0,1,17.322180873233208
15,DT+LR,mlp,mushrooms,high,,0,190.0,LR,False,0.2009302626229168,32.929,20,1,1,37.57540155429716
15,DT+LR,mlp,mushrooms,high,,1,300.0,LR,False,0.2009276830318111,10.897,-40,1,0,37.57540155429716
15,DT+LR,mlp,mushrooms,high,,2,0.0,DT,True,0.2009251159862071,33.924,-100,0,0,37.57540155429716
15,DT+LR,mlp,mushrooms,high,,3,3.0,DT,False,0.2009225613987483,6.859,40,0,1,37.57540155429716
15,DT+LR,mlp,mushrooms,high,,4,121.0,DT,True,6.252949491711442,13.201,-100,0,0,37.57540155429716
15,DT+LR,mlp,mushrooms,high,,5,67.0,DT,True,4.616568488407417,12.537,-100,0,0,37.57540155429716
15,DT+LR,mlp,mushrooms,high,,6,41.0,DT,True,5.832877540900292,10.245,-100,0,0,37.57540155429716
15,DT+LR,mlp,mushrooms,high,,7,254.0,DT,False,3.5099007473265695,11.103,60,0,0,37.57540155429716
15,DT+LR,mlp,mushrooms,high,,8,181.0,DT,True,5.777748567537802,17.177,100,1,0,37.57540155429716
15,DT+LR,mlp,mushrooms,high,,9,265.0,LR,True,6.383228733096907,6.974,20,0,0,37.57540155429716
15,DT+LR,mlp,mushrooms,high,,10,80.0,LR,True,8.614037352756919,7.517,20,0,0,37.57540155429716
15,DT+LR,mlp,mushrooms,high,,11,60.0,DT,False,8.498225926147235,7.965,-20,1,1,37.57540155429716
15,DT+LR,mlp,mushrooms,high,,12,354.0,DT,False,8.48105186740624,4.112,-20,1,0,37.57540155429716
15,DT+LR,mlp,mushrooms,high,,13,10.0,DT,False,8.661505912839052,4.58,40,1,0,37.57540155429716
15,DT+LR,mlp,mushrooms,high,,14,136.0,LR,True,8.132233121751987,4.689,60,0,0,37.57540155429716
15,DT+LR,mlp,mushrooms,high,,15,127.0,LR,True,7.82230163502396,10.906,20,1,0,37.57540155429716
15,DT+LR,mlp,mushrooms,high,,16,1.0,DT,True,5.723143867014031,15.337,100,1,1,37.57540155429716
15,DT+LR,mlp,mushrooms,high,,17,274.0,DT,True,5.935637971511425,12.327,100,1,1,37.57540155429716
15,DT+LR,mlp,mushrooms,high,,18,234.0,DT,True,6.188985209243091,27.955,100,1,1,37.57540155429716
15,DT+LR,mlp,mushrooms,high,,19,17.0,LR,False,8.517223692083062,14.777,-20,0,0,37.57540155429716
15,DT+LR,mlp,mushrooms,high,,20,239.0,LR,True,3.851116680185416,5.786,40,0,0,37.57540155429716
15,DT+LR,mlp,mushrooms,high,,21,378.0,LR,False,10.735877372590451,6.612,-40,1,1,37.57540155429716
15,DT+LR,mlp,mushrooms,high,,22,238.0,LR,True,10.451835691546206,5.032,-40,1,1,37.57540155429716
15,DT+LR,mlp,mushrooms,high,,23,149.0,LR,False,10.659881013933887,7.027,20,1,1,37.57540155429716
15,DT+LR,mlp,mushrooms,high,,24,161.0,LR,True,9.976232410929196,8.114,-60,1,1,37.57540155429716
15,DT+LR,mlp,mushrooms,high,,25,62.0,DT,False,8.259042473312643,2.758,-20,0,0,37.57540155429716
15,DT+LR,mlp,mushrooms,high,,26,143.0,LR,True,9.867932365095982,4.828,40,1,1,37.57540155429716
15,DT+LR,mlp,mushrooms,high,,27,228.0,LR,False,4.102429551953394,3.999,-40,0,1,37.57540155429716
15,DT+LR,mlp,mushrooms,high,,28,49.0,DT,True,9.402133025838827,10.005,100,1,1,37.57540155429716
15,DT+LR,mlp,mushrooms,high,,29,69.0,LR,False,8.924185289382825,3.425,-20,1,1,37.57540155429716
15,DT+LR,mlp,mushrooms,high,,30,252.0,LR,True,10.283080681846812,2.951,-60,1,0,37.57540155429716
15,DT+LR,mlp,mushrooms,high,,31,305.0,LR,True,10.40370509638498,2.514,-40,1,1,37.57540155429716
15,DT+LR,mlp,mushrooms,high,,32,241.0,DT,False,10.384095964346615,5.184,20,1,1,37.57540155429716
15,DT+LR,mlp,mushrooms,high,,33,171.0,DT,True,3.734936126589977,9.539,-100,0,0,37.57540155429716
15,DT+LR,mlp,mushrooms,high,,34,396.0,LR,True,3.7070612848091,38.949,20,0,1,37.57540155429716
15,DT+LR,mlp,mushrooms,high,,35,183.0,DT,True,8.34273099832248,9.243,-100,0,0,37.57540155429716
15,DT+LR,mlp,mushrooms,high,,36,199.0,LR,True,9.40577866890205,2.827,40,1,1,37.57540155429716
15,DT+LR,mlp,mushrooms,high,,37,139.0,LR,False,10.148893456276957,5.216,-20,0,0,37.57540155429716
15,DT+LR,mlp,mushrooms,high,,38,119.0,DT,False,8.662213519618755,2.836,-40,0,0,37.57540155429716
15,DT+LR,mlp,mushrooms,high,,39,155.0,LR,False,9.7127183268543,2.78,-40,1,1,37.57540155429716
175,DT+LR,mlp,mushrooms,high,,0,399.0,LR,True,6.386844286041624,165.881,-100,1,0,25.484595586789155
175,DT+LR,mlp,mushrooms,high,,1,159.0,LR,True,0.2009302626229168,30.603,-40,1,1,25.484595586789155
175,DT+LR,mlp,mushrooms,high,,2,22.0,DT,False,0.2009276830318111,24.374,-60,1,0,25.484595586789155
175,DT+LR,mlp,mushrooms,high,,3,80.0,DT,False,0.2009251159862071,12.111,40,0,1,25.484595586789155
175,DT+LR,mlp,mushrooms,high,,4,215.0,DT,False,0.2009225613987483,16.859,-80,0,1,25.484595586789155
175,DT+LR,mlp,mushrooms,high,,5,375.0,DT,True,0.2009200191828699,17.838,80,1,1,25.484595586789155
175,DT+LR,mlp,mushrooms,high,,6,376.0,DT,False,0.2009174892527897,8.582,-60,0,0,25.484595586789155
175,DT+LR,mlp,mushrooms,high,,7,320.0,LR,True,5.774685770331782,25.219,80,0,1,25.484595586789155
175,DT+LR,mlp,mushrooms,high,,8,251.0,LR,False,4.773814130090252,11.309,-40,1,1,25.484595586789155
175,DT+LR,mlp,mushrooms,high,,9,32.0,DT,True,5.148617127178049,22.159,60,0,1,25.484595586789155
175,DT+LR,mlp,mushrooms,high,,10,270.0,DT,False,3.7338963713993816,20.028,60,1,1,25.484595586789155
175,DT+LR,mlp,mushrooms,high,,11,18.0,DT,False,5.102838809410901,10.96,-80,0,0,25.484595586789155
175,DT+LR,mlp,mushrooms,high,,12,373.0,LR,False,6.800954117207669,34.99,80,1,0,25.484595586789155
175,DT+LR,mlp,mushrooms,high,,13,17.0,LR,True,4.864421125234042,42.92,-40,0,0,25.484595586789155
175,DT+LR,mlp,mushrooms,high,,14,190.0,DT,False,4.848620974882847,18.009,80,1,1,25.484595586789155
175,DT+LR,mlp,mushrooms,high,,15,378.0,LR,False,5.614800736125263,8.023,60,1,1,25.484595586789155
175,DT+LR,mlp,mushrooms,high,,16,296.0,DT,True,4.847125384809538,9.117,100,1,1,25.484595586789155
175,DT+LR,mlp,mushrooms,high,,17,339.0,LR,True,3.628327966021025,8.35,-40,0,1,25.484595586789155
175,DT+LR,mlp,mushrooms,high,,18,77.0,LR,False,5.592778375339927,13.707,-40,0,1,25.484595586789155
175,DT+LR,mlp,mushrooms,high,,19,139.0,LR,True,6.999386316170889,11.597,40,0,0,25.484595586789155
175,DT+LR,mlp,mushrooms,high,,20,345.0,LR,True,5.331190495866941,93.881,40,0,1,25.484595586789155
175,DT+LR,mlp,mushrooms,high,,21,34.0,DT,True,6.337942066197309,8.782,100,0,1,25.484595586789155
175,DT+LR,mlp,mushrooms,high,,22,366.0,DT,False,4.817595009802098,20.792,-40,0,0,25.484595586789155
175,DT+LR,mlp,mushrooms,high,,23,174.0,LR,True,7.220964201924751,29.107,20,1,1,25.484595586789155
175,DT+LR,mlp,mushrooms,high,,24,64.0,DT,True,7.160554870293929,5.768,80,1,1,25.484595586789155
175,DT+LR,mlp,mushrooms,high,,25,51.0,LR,True,3.815944039745544,5.113,-20,0,1,25.484595586789155
175,DT+LR,mlp,mushrooms,high,,26,46.0,LR,False,7.421146382924893,9.914,-40,1,1,25.484595586789155
175,DT+LR,mlp,mushrooms,high,,27,200.0,LR,True,3.745083046560515,19.483,-40,0,1,25.484595586789155
175,DT+LR,mlp,mushrooms,high,,28,37.0,LR,False,7.421253532485005,10.615,60,1,0,25.484595586789155
175,DT+LR,mlp,mushrooms,high,,29,317.0,LR,True,3.598771268189977,79.436,-60,0,0,25.484595586789155
175,DT+LR,mlp,mushrooms,high,,30,164.0,DT,True,6.713573543964295,9.245,100,1,0,25.484595586789155
175,DT+LR,mlp,mushrooms,high,,31,19.0,DT,True,6.8002430268193335,8.04,100,1,1,25.484595586789155
175,DT+LR,mlp,mushrooms,high,,32,365.0,DT,True,3.665781320527703,8.039,-100,0,1,25.484595586789155
175,DT+LR,mlp,mushrooms,high,,33,391.0,LR,False,5.426969818485966,12.247,20,1,0,25.484595586789155
175,DT+LR,mlp,mushrooms,high,,34,160.0,DT,False,7.09278377401105,9.528,-60,1,1,25.484595586789155
175,DT+LR,mlp,mushrooms,high,,35,129.0,DT,False,4.5184713669826335,7.886,-20,0,1,25.484595586789155
175,DT+LR,mlp,mushrooms,high,,36,44.0,LR,False,5.673359031934692,8.034,-100,0,1,25.484595586789155
175,DT+LR,mlp,mushrooms,high,,37,25.0,DT,True,5.4293273036782495,6.91,-100,1,1,25.484595586789155
175,DT+LR,mlp,mushrooms,high,,38,57.0,LR,False,5.508123673272992,15.914,-60,1,0,25.484595586789155
175,DT+LR,mlp,mushrooms,high,,39,282.0,DT,False,6.93973706400703,12.903,-20,1,0,25.484595586789155
65,DT+LR,mlp,mushrooms,low,,0,278.0,LR,True,6.398802484635746,29.877,80,1,0,32.20012752231298
65,DT+LR,mlp,mushrooms,low,,1,213.0,LR,True,0.207837741215109,6.594,80,1,0,32.20012752231298
65,DT+LR,mlp,mushrooms,low,,2,108.0,DT,False,0.243066903520123,11.515,-60,0,1,32.20012752231298
65,DT+LR,mlp,mushrooms,low,,3,195.0,DT,True,0.3339910881331256,7.089,20,0,0,32.20012752231298
65,DT+LR,mlp,mushrooms,low,,4,204.0,LR,True,0.3330603841517228,8.538,20,1,1,32.20012752231298
65,DT+LR,mlp,mushrooms,low,,5,334.0,LR,True,5.3374530632384145,5.847,60,1,0,32.20012752231298
65,DT+LR,mlp,mushrooms,low,,6,20.0,DT,False,3.8143090504753663,3.98,-40,0,1,32.20012752231298
65,DT+LR,mlp,mushrooms,low,,7,115.0,LR,False,5.081268549846621,4.217,20,1,0,32.20012752231298
65,DT+LR,mlp,mushrooms,low,,8,35.0,LR,False,4.681314458967882,5.52,-60,0,1,32.20012752231298
65,DT+LR,mlp,mushrooms,low,,9,8.0,DT,False,4.574673592636009,3.651,-20,1,1,32.20012752231298
65,DT+LR,mlp,mushrooms,low,,10,16.0,LR,False,4.035772685859063,49.367,20,0,0,32.20012752231298
65,DT+LR,mlp,mushrooms,low,,11,258.0,DT,False,4.12170611039673,3.154,-60,0,0,32.20012752231298
65,DT+LR,mlp,mushrooms,low,,12,267.0,DT,True,2.5587407907726942,6.714,-40,1,1,32.20012752231298
65,DT+LR,mlp,mushrooms,low,,13,214.0,LR,False,3.918329286425405,2.125,20,1,1,32.20012752231298
65,DT+LR,mlp,mushrooms,low,,14,381.0,LR,False,5.062499281298739,4.277,20,1,0,32.20012752231298
65,DT+LR,mlp,mushrooms,low,,15,123.0,LR,True,4.459149621841578,6.855,60,1,1,32.20012752231298
65,DT+LR,mlp,mushrooms,low,,16,43.0,DT,False,5.568844354826074,2.941,60,1,1,32.20012752231298
65,DT+LR,mlp,mushrooms,low,,17,392.0,DT,True,4.288836579132189,4.12,-40,0,0,32.20012752231298
65,DT+LR,mlp,mushrooms,low,,18,93.0,LR,True,5.449928471954748,3.46,60,0,0,32.20012752231298
65,DT+LR,mlp,mushrooms,low,,19,274.0,DT,True,4.998699352026295,2.406,40,1,1,32.20012752231298
65,DT+LR,mlp,mushrooms,low,,20,308.0,DT,False,7.17499899629734,1.841,40,1,1,32.20012752231298
65,DT+LR,mlp,mushrooms,low,,21,351.0,LR,False,3.704134310057385,2.484,-40,0,0,32.20012752231298
65,DT+LR,mlp,mushrooms,low,,22,141.0,DT,False,7.120885794565794,4.751,-40,1,1,32.20012752231298
65,DT+LR,mlp,mushrooms,low,,23,28.0,LR,True,7.141191370486577,4.305,40,1,1,32.20012752231298
65,DT+LR,mlp,mushrooms,low,,24,62.0,LR,True,7.15255667046408,5.228,100,0,0,32.20012752231298
65,DT+LR,mlp,mushrooms,low,,25,172.0,LR,True,3.6788966598840807,5.172,-60,0,1,32.20012752231298
65,DT+LR,mlp,mushrooms,low,,26,176.0,DT,True,4.792742202145218,5.699,-20,1,1,32.20012752231298
65,DT+LR,mlp,mushrooms,low,,27,301.0,DT,True,4.826678355176173,4.332,20,1,0,32.20012752231298
65,DT+LR,mlp,mushrooms,low,,28,30.0,DT,True,5.141145746297732,3.843,20,1,1,32.20012752231298
65,DT+LR,mlp,mushrooms,low,,29,166.0,DT,False,7.061759822589631,4.924,20,1,1,32.20012752231298
65,DT+LR,mlp,mushrooms,low,,30,37.0,DT,False,6.833959048611522,3.138,-40,1,1,32.20012752231298
65,DT+LR,mlp,mushrooms,low,,31,206.0,LR,True,6.8036805941216585,4.105,-60,0,0,32.20012752231298
65,DT+LR,mlp,mushrooms,low,,32,134.0,LR,False,7.0300313375617325,14.482,40,1,1,32.20012752231298
65,DT+LR,mlp,mushrooms,low,,33,210.0,DT,True,5.047779867840141,2.55,-60,0,1,32.20012752231298
65,DT+LR,mlp,mushrooms,low,,34,156.0,LR,True,3.660778464140293,3.584,100,0,0,32.20012752231298
65,DT+LR,mlp,mushrooms,low,,35,223.0,LR,True,6.976539345144291,3.704,-100,0,0,32.20012752231298
65,DT+LR,mlp,mushrooms,low,,36,125.0,DT,False,7.003977797154628,2.224,-60,1,0,32.20012752231298
65,DT+LR,mlp,mushrooms,low,,37,242.0,LR,False,6.906817364194722,3.65,40,1,1,32.20012752231298
65,DT+LR,mlp,mushrooms,low,,38,265.0,LR,True,6.7516088413911275,8.006,-60,0,0,32.20012752231298
65,DT+LR,mlp,mushrooms,low,,39,81.0,DT,True,5.196123664598435,4.807,-20,1,1,32.20012752231298
269,DT+LR,mlp,mushrooms,low,,0,355.0,DT,True,10.770954098521887,16.118,40,1,1,60.99114262735869
269,DT+LR,mlp,mushrooms,low,,1,119.0,LR,True,0.213820564790311,6.368,-40,0,0,60.99114262735869
269,DT+LR,mlp,mushrooms,low,,2,359.0,LR,True,7.177434319021939,4.359,-80,1,1,60.99114262735869
269,DT+LR,mlp,mushrooms,low,,3,235.0,LR,True,6.931104073497143,7.726,-80,1,1,60.99114262735869
269,DT+LR,mlp,mushrooms,low,,4,356.0,DT,True,6.234769169265704,6.365,20,1,0,60.99114262735869
269,DT+LR,mlp,mushrooms,low,,5,153.0,DT,False,5.573039396347747,4.488,40,0,0,60.99114262735869
269,DT+LR,mlp,mushrooms,low,,6,39.0,LR,False,3.9904225850531976,7.878,-40,0,1,60.99114262735869
269,DT+LR,mlp,mushrooms,low,,7,64.0,LR,True,7.059247262981752,2.104,20,1,1,60.99114262735869
269,DT+LR,mlp,mushrooms,low,,8,393.0,LR,False,6.96131186016898,3.904,40,0,0,60.99114262735869
269,DT+LR,mlp,mushrooms,low,,9,30.0,LR,True,6.791967981942224,7.876,-40,1,1,60.99114262735869
269,DT+LR,mlp,mushrooms,low,,10,367.0,DT,False,6.796871489105236,2.782,20,1,1,60.99114262735869
269,DT+LR,mlp,mushrooms,low,,11,192.0,DT,True,3.54942759099542,6.271,-20,0,0,60.99114262735869
269,DT+LR,mlp,mushrooms,low,,12,12.0,DT,False,3.399408166896948,159.843,40,0,0,60.99114262735869
269,DT+LR,mlp,mushrooms,low,,13,281.0,DT,False,7.083243691996273,2.874,-20,1,1,60.99114262735869
269,DT+LR,mlp,mushrooms,low,,14,325.0,DT,False,6.824827555633682,2.719,20,0,0,60.99114262735869
269,DT+LR,mlp,mushrooms,low,,15,53.0,DT,True,6.895724358799692,23.959,100,1,1,60.99114262735869
269,DT+LR,mlp,mushrooms,low,,16,6.0,DT,True,6.6743841558923815,16.005,-100,1,1,60.99114262735869
269,DT+LR,mlp,mushrooms,low,,17,42.0,DT,True,6.9798502217140195,2.308,40,0,0,60.99114262735869
269,DT+LR,mlp,mushrooms,low,,18,396.0,LR,True,3.708762647669648,4.605,-40,0,1,60.99114262735869
269,DT+LR,mlp,mushrooms,low,,19,375.0,DT,False,6.9171580286962095,3.503,-20,1,1,60.99114262735869
269,DT+LR,mlp,mushrooms,low,,20,38.0,LR,False,6.90190774949823,1.837,40,0,0,60.99114262735869
269,DT+LR,mlp,mushrooms,low,,21,279.0,LR,True,7.080194477949986,3.874,-20,1,1,60.99114262735869
269,DT+LR,mlp,mushrooms,low,,22,398.0,DT,True,6.925346756472699,7.584,20,1,1,60.99114262735869
269,DT+LR,mlp,mushrooms,low,,23,73.0,DT,False,7.149467575660425,2.347,20,0,0,60.99114262735869
269,DT+LR,mlp,mushrooms,low,,24,109.0,LR,False,7.039401051213829,1.684,-20,1,1,60.99114262735869
269,DT+LR,mlp,mushrooms,low,,25,62.0,DT,True,6.892784706432982,32.59,-100,0,0,60.99114262735869
269,DT+LR,mlp,mushrooms,low,,26,0.0,LR,False,6.898937202733266,1.85,20,0,0,60.99114262735869
269,DT+LR,mlp,mushrooms,low,,27,19.0,DT,False,6.959386371228886,1.355,20,1,1,60.99114262735869
269,DT+LR,mlp,mushrooms,low,,28,315.0,LR,True,3.666781094841552,2.07,-20,0,1,60.99114262735869
269,DT+LR,mlp,mushrooms,low,,29,159.0,LR,True,6.9240057126797145,5.316,-20,1,1,60.99114262735869
269,DT+LR,mlp,mushrooms,low,,30,336.0,DT,False,6.932233995090601,1.373,20,0,1,60.99114262735869
269,DT+LR,mlp,mushrooms,low,,31,233.0,LR,True,6.936794567917085,1.225,20,0,0,60.99114262735869
269,DT+LR,mlp,mushrooms,low,,32,164.0,LR,True,6.9386684532320695,1.112,20,1,1,60.99114262735869
269,DT+LR,mlp,mushrooms,low,,33,170.0,LR,False,6.940876929620222,2.644,-20,1,1,60.99114262735869
269,DT+LR,mlp,mushrooms,low,,34,120.0,LR,True,6.890634025779946,4.143,-20,1,1,60.99114262735869
269,DT+LR,mlp,mushrooms,low,,35,263.0,DT,False,7.052904406997577,3.301,-20,1,1,60.99114262735869
269,DT+LR,mlp,mushrooms,low,,36,134.0,LR,True,6.945616179859438,2.006,20,1,1,60.99114262735869
269,DT+LR,mlp,mushrooms,low,,37,326.0,LR,True,3.836350991061255,1.876,-40,0,0,60.99114262735869
269,DT+LR,mlp,mushrooms,low,,38,329.0,LR,False,6.674391914863229,1.997,-20,1,0,60.99114262735869
269,DT+LR,mlp,mushrooms,low,,39,373.0,LR,False,7.002365221341469,3.877,40,1,1,60.99114262735869
231,DT,mlp,mushrooms,low,,0,27.0,DT,False,0.214335486999908,38.347,80,1,0,16.73314512699906
231,DT,mlp,mushrooms,low,,1,103.0,DT,True,0.2544892775367419,55.366,-80,0,0,16.73314512699906
231,DT,mlp,mushrooms,low,,2,318.0,DT,True,0.3239017077317891,89.034,-20,0,0,16.73314512699906
231,DT,mlp,mushrooms,low,,3,126.0,DT,True,5.258719377130012,18.903,-80,0,0,16.73314512699906
231,DT,mlp,mushrooms,low,,4,91.0,DT,True,5.252454673100234,14.903,80,1,1,16.73314512699906
231,DT,mlp,mushrooms,low,,5,190.0,DT,True,6.291943499396787,19.951,100,1,1,16.73314512699906
231,DT,mlp,mushrooms,low,,6,261.0,DT,False,5.101337635790154,30.958,-60,0,1,16.73314512699906
231,DT,mlp,mushrooms,low,,7,53.0,DT,True,5.078507591683483,12.59,100,1,1,16.73314512699906
231,DT,mlp,mushrooms,low,,8,258.0,DT,True,4.973827133812243,12.265,-100,0,1,16.73314512699906
231,DT,mlp,mushrooms,low,,9,380.0,DT,False,3.764194430433421,19.676,60,0,0,16.73314512699906
231,DT,mlp,mushrooms,low,,10,355.0,DT,False,7.024513014707329,11.548,-60,1,1,16.73314512699906
231,DT,mlp,mushrooms,low,,11,298.0,DT,False,3.703684972951803,17.847,60,1,1,16.73314512699906
231,DT,mlp,mushrooms,low,,12,268.0,DT,False,3.6949564411495928,19.699,60,0,0,16.73314512699906
231,DT,mlp,mushrooms,low,,13,131.0,DT,False,6.916878457776779,14.555,-80,0,0,16.73314512699906
231,DT,mlp,mushrooms,low,,14,218.0,DT,False,7.143613267681075,11.388,80,1,1,16.73314512699906
231,DT,mlp,mushrooms,low,,15,81.0,DT,True,5.1055866149728555,25.551,100,1,1,16.73314512699906
231,DT,mlp,mushrooms,low,,16,332.0,DT,True,4.816792859275673,9.825,-100,0,0,16.73314512699906
231,DT,mlp,mushrooms,low,,17,77.0,DT,False,7.0776630751148435,10.077,-80,0,1,16.73314512699906
231,DT,mlp,mushrooms,low,,18,331.0,DT,True,5.020483903665275,11.058,-100,0,0,16.73314512699906
231,DT,mlp,mushrooms,low,,19,191.0,DT,False,6.961073625626372,16.73,-80,0,1,16.73314512699906
231,DT,mlp,mushrooms,low,,20,74.0,DT,True,6.056428057773377,12.005,100,1,1,16.73314512699906
231,DT,mlp,mushrooms,low,,21,315.0,DT,True,3.705676619985163,7.879,100,0,0,16.73314512699906
231,DT,mlp,mushrooms,low,,22,41.0,DT,True,6.906319202699306,15.555,-100,0,0,16.73314512699906
231,DT,mlp,mushrooms,low,,23,0.0,DT,False,6.916234070683214,6.281,-100,0,0,16.73314512699906
231,DT,mlp,mushrooms,low,,24,371.0,DT,False,6.846601660878738,17.315,80,1,1,16.73314512699906
231,DT,mlp,mushrooms,low,,25,230.0,DT,False,6.860811221349417,9.878,100,1,1,16.73314512699906
231,DT,mlp,mushrooms,low,,26,352.0,DT,True,6.975213540980374,10.705,100,1,1,16.73314512699906
231,DT,mlp,mushrooms,low,,27,362.0,DT,True,6.768424395019235,8.76,100,1,1,16.73314512699906
231,DT,mlp,mushrooms,low,,28,43.0,DT,True,6.899939388757852,12.305,100,1,1,16.73314512699906
231,DT,mlp,mushrooms,low,,29,148.0,DT,False,6.880596322953078,23.597,80,1,1,16.73314512699906
231,DT,mlp,mushrooms,low,,30,48.0,DT,False,3.7001202126576938,8.527,100,0,1,16.73314512699906
231,DT,mlp,mushrooms,low,,31,396.0,DT,True,3.700864713291272,7.5,-100,0,1,16.73314512699906
231,DT,mlp,mushrooms,low,,32,5.0,DT,False,6.933353470824661,7.546,100,0,0,16.73314512699906
231,DT,mlp,mushrooms,low,,33,260.0,DT,False,6.930881232930567,10.033,80,1,1,16.73314512699906
231,DT,mlp,mushrooms,low,,34,270.0,DT,False,6.832760898117235,8.591,80,1,1,16.73314512699906
231,DT,mlp,mushrooms,low,,35,366.0,DT,False,6.943712600827413,11.024,-100,0,0,16.73314512699906
231,DT,mlp,mushrooms,low,,36,62.0,DT,True,6.947429577571226,8.798,-100,0,0,16.73314512699906
231,DT,mlp,mushrooms,low,,37,176.0,DT,False,6.844144288049347,8.97,100,1,1,16.73314512699906
231,DT,mlp,mushrooms,low,,38,321.0,DT,True,6.924831626087971,12.513,100,1,1,16.73314512699906
231,DT,mlp,mushrooms,low,,39,145.0,DT,False,6.933663286605081,11.429,100,1,1,16.73314512699906
106,DT,mlp,mushrooms,low,,0,371.0,DT,False,0.2175843598923075,40.871,-40,1,1,37.428738457069755
106,DT,mlp,mushrooms,low,,1,206.0,DT,True,0.3734199438407365,54.541,20,0,0,37.428738457069755
106,DT,mlp,mushrooms,low,,2,87.0,DT,False,0.3779104330354874,13.125,20,0,0,37.428738457069755
106,DT,mlp,mushrooms,low,,3,81.0,DT,False,5.0752313087802845,20.833,20,1,1,37.428738457069755
106,DT,mlp,mushrooms,low,,4,181.0,DT,True,5.131346440164186,23.96,-40,1,1,37.428738457069755
106,DT,mlp,mushrooms,low,,5,356.0,DT,False,5.0922563250513075,22.961,20,1,0,37.428738457069755
106,DT,mlp,mushrooms,low,,6,2.0,DT,True,6.357680748418322,59.676,-40,1,1,37.428738457069755
106,DT,mlp,mushrooms,low,,7,186.0,DT,False,3.1788446435470816,15.17,-20,0,1,37.428738457069755
106,DT,mlp,mushrooms,low,,8,10.0,DT,True,5.292590183012718,9.153,40,1,0,37.428738457069755
106,DT,mlp,mushrooms,low,,9,149.0,DT,True,4.961465391950606,19.58,20,1,1,37.428738457069755
106,DT,mlp,mushrooms,low,,10,354.0,DT,False,7.116098779529659,38.346,-40,1,0,37.428738457069755
106,DT,mlp,mushrooms,low,,11,12.0,DT,False,3.7263502473359447,3.5,-20,0,1,37.428738457069755
106,DT,mlp,mushrooms,low,,12,235.0,DT,False,4.868943742015941,4.24,20,1,1,37.428738457069755
106,DT,mlp,mushrooms,low,,13,11.0,DT,True,5.199905696375612,30.108,-20,1,1,37.428738457069755
106,DT,mlp,mushrooms,low,,14,152.0,DT,False,6.946952309240367,15.612,40,0,0,37.428738457069755
106,DT,mlp,mushrooms,low,,15,173.0,DT,True,5.117218969323051,45.271,-20,1,1,37.428738457069755
106,DT,mlp,mushrooms,low,,16,323.0,DT,False,6.965549583798612,10.599,-20,1,1,37.428738457069755
106,DT,mlp,mushrooms,low,,17,58.0,DT,True,3.2535492139583337,22.189,-20,0,1,37.428738457069755
106,DT,mlp,mushrooms,low,,18,43.0,DT,True,5.209047397835191,15.206,60,1,1,37.428738457069755
106,DT,mlp,mushrooms,low,,19,143.0,DT,True,5.152591123127198,26.078,60,1,1,37.428738457069755
106,DT,mlp,mushrooms,low,,20,276.0,DT,False,7.037517455147151,11.849,60,1,0,37.428738457069755
106,DT,mlp,mushrooms,low,,21,312.0,DT,True,4.949130015567878,9.07,80,1,1,37.428738457069755
106,DT,mlp,mushrooms,low,,22,341.0,DT,True,4.956939730738977,8.777,-80,1,0,37.428738457069755
106,DT,mlp,mushrooms,low,,23,270.0,DT,False,7.004745983503086,16.347,20,1,1,37.428738457069755
106,DT,mlp,mushrooms,low,,24,119.0,DT,False,6.786697964600761,6.282,-40,0,0,37.428738457069755
106,DT,mlp,mushrooms,low,,25,291.0,DT,True,2.9594236767546582,9.53,-40,0,0,37.428738457069755
106,DT,mlp,mushrooms,low,,26,148.0,DT,False,6.960923616022282,7.4,20,1,1,37.428738457069755
106,DT,mlp,mushrooms,low,,27,59.0,DT,False,6.906275211478287,10.401,60,1,0,37.428738457069755
106,DT,mlp,mushrooms,low,,28,256.0,DT,False,6.8602106861887995,11.124,40,1,1,37.428738457069755
106,DT,mlp,mushrooms,low,,29,307.0,DT,False,6.975381517783132,7.389,60,1,1,37.428738457069755
106,DT,mlp,mushrooms,low,,30,101.0,DT,False,6.926854579041331,5.991,80,1,0,37.428738457069755
106,DT,mlp,mushrooms,low,,31,212.0,DT,False,7.036778975332412,5.553,-60,1,1,37.428738457069755
106,DT,mlp,mushrooms,low,,32,343.0,DT,False,6.986458093251919,6.538,-40,0,0,37.428738457069755
106,DT,mlp,mushrooms,low,,33,174.0,DT,False,6.935501622247249,4.949,60,1,1,37.428738457069755
106,DT,mlp,mushrooms,low,,34,45.0,DT,True,6.9372873744370445,6.659,100,0,0,37.428738457069755
106,DT,mlp,mushrooms,low,,35,293.0,DT,True,6.832131374606218,42.887,60,0,0,37.428738457069755
106,DT,mlp,mushrooms,low,,36,204.0,DT,True,6.850052058539948,19.55,40,1,0,37.428738457069755
106,DT,mlp,mushrooms,low,,37,233.0,DT,True,6.9885979536770675,9.592,-60,0,0,37.428738457069755
106,DT,mlp,mushrooms,low,,38,261.0,DT,False,6.760221207334415,9.248,60,0,1,37.428738457069755
106,DT,mlp,mushrooms,low,,39,156.0,DT,False,3.6382887525665617,27.591,-60,0,1,37.428738457069755
226,DT,mlp,mushrooms,high,,0,6.0,DT,False,0.2009302626229168,58.637,-40,1,1,15.298998731744524
226,DT,mlp,mushrooms,high,,1,270.0,DT,True,0.2009276830318111,39.734,60,1,1,15.298998731744524
226,DT,mlp,mushrooms,high,,2,273.0,DT,True,0.2009251159862071,15.325,-60,1,1,15.298998731744524
226,DT,mlp,mushrooms,high,,3,52.0,DT,False,5.427905174849637,23.174,60,1,0,15.298998731744524
226,DT,mlp,mushrooms,high,,4,82.0,DT,True,6.606522592408616,33.83,-40,1,1,15.298998731744524
226,DT,mlp,mushrooms,high,,5,69.0,DT,True,6.096661805704815,27.782,-20,1,0,15.298998731744524
226,DT,mlp,mushrooms,high,,6,114.0,DT,False,6.347076846392674,20.445,-20,1,0,15.298998731744524
226,DT,mlp,mushrooms,high,,7,197.0,DT,False,6.429037329772656,17.201,-20,0,0,15.298998731744524
226,DT,mlp,mushrooms,high,,8,287.0,DT,True,6.546151985961323,19.125,-60,0,0,15.298998731744524
226,DT,mlp,mushrooms,high,,9,203.0,DT,False,3.380724609463623,11.397,-20,0,1,15.298998731744524
226,DT,mlp,mushrooms,high,,10,77.0,DT,True,6.238489784844736,9.868,-80,0,0,15.298998731744524
226,DT,mlp,mushrooms,high,,11,1.0,DT,True,7.556572015608226,14.427,80,1,1,15.298998731744524
226,DT,mlp,mushrooms,high,,12,48.0,DT,True,3.5198880207261425,21.161,-100,0,1,15.298998731744524
226,DT,mlp,mushrooms,high,,13,123.0,DT,False,9.976013288761797,21.652,80,1,1,15.298998731744524
226,DT,mlp,mushrooms,high,,14,126.0,DT,True,7.597750183077561,18.391,-100,0,0,15.298998731744524
226,DT,mlp,mushrooms,high,,15,377.0,DT,True,7.5904855846284995,11.269,-100,0,0,15.298998731744524
226,DT,mlp,mushrooms,high,,16,9.0,DT,False,4.02763656503612,22.464,-100,0,0,15.298998731744524
226,DT,mlp,mushrooms,high,,17,264.0,DT,True,6.650233496311645,11.508,-60,0,0,15.298998731744524
226,DT,mlp,mushrooms,high,,18,111.0,DT,True,6.4201363247847265,9.8,-100,0,0,15.298998731744524
226,DT,mlp,mushrooms,high,,19,254.0,DT,True,3.582724901178456,9.316,-80,0,1,15.298998731744524
226,DT,mlp,mushrooms,high,,20,92.0,DT,True,3.8304128745689896,13.245,-60,0,1,15.298998731744524
226,DT,mlp,mushrooms,high,,21,294.0,DT,True,7.050988599126898,12.324,40,1,1,15.298998731744524
226,DT,mlp,mushrooms,high,,22,90.0,DT,True,3.9567051148835017,12.886,20,1,1,15.298998731744524
226,DT,mlp,mushrooms,high,,23,170.0,DT,True,7.27290480034561,10.319,20,1,0,15.298998731744524
226,DT,mlp,mushrooms,high,,24,187.0,DT,True,7.544510179548496,11.172,40,1,1,15.298998731744524
226,DT,mlp,mushrooms,high,,25,327.0,DT,True,7.513654096603648,17.554,60,1,0,15.298998731744524
226,DT,mlp,mushrooms,high,,26,384.0,DT,False,8.607623411031513,11.605,-100,0,0,15.298998731744524
226,DT,mlp,mushrooms,high,,27,339.0,DT,True,8.557157654830922,14.3,-80,0,0,15.298998731744524
226,DT,mlp,mushrooms,high,,28,378.0,DT,False,10.602661541314632,18.052,40,1,1,15.298998731744524
226,DT,mlp,mushrooms,high,,29,163.0,DT,False,10.761330990917475,22.889,20,1,1,15.298998731744524
226,DT,mlp,mushrooms,high,,30,238.0,DT,True,10.407230367218622,11.436,40,1,1,15.298998731744524
226,DT,mlp,mushrooms,high,,31,161.0,DT,True,10.283813019395636,7.592,40,1,1,15.298998731744524
226,DT,mlp,mushrooms,high,,32,134.0,DT,True,10.169885264433002,9.267,60,1,1,15.298998731744524
226,DT,mlp,mushrooms,high,,33,291.0,DT,True,3.924064036489246,12.316,-60,0,0,15.298998731744524
226,DT,mlp,mushrooms,high,,34,201.0,DT,False,10.501954950507036,10.5,40,1,1,15.298998731744524
226,DT,mlp,mushrooms,high,,35,225.0,DT,False,4.325226748090288,10.716,-60,0,1,15.298998731744524
226,DT,mlp,mushrooms,high,,36,362.0,DT,False,10.17265943267405,13.006,40,1,1,15.298998731744524
226,DT,mlp,mushrooms,high,,37,182.0,DT,True,10.331618137703758,6.583,-20,1,0,15.298998731744524
226,DT,mlp,mushrooms,high,,38,146.0,DT,False,10.30140309508224,17.245,-20,1,0,15.298998731744524
226,DT,mlp,mushrooms,high,,39,33.0,DT,False,3.8092820320889422,20.51,-20,1,1,15.298998731744524
33,DT,mlp,mushrooms,low,,0,371.0,DT,False,0.2110866141075085,12.301,-20,1,0,38.469676310413575
33,DT,mlp,mushrooms,low,,1,347.0,DT,False,0.2415963283363689,7.265,40,1,0,38.469676310413575
33,DT,mlp,mushrooms,low,,2,339.0,DT,False,0.3765034763208559,3.361,40,0,0,38.469676310413575
33,DT,mlp,mushrooms,low,,3,321.0,DT,False,0.2879304320953444,4.524,-20,1,0,38.469676310413575
33,DT,mlp,mushrooms,low,,4,79.0,DT,False,0.4919095698316921,3.839,-20,1,0,38.469676310413575
33,DT,mlp,mushrooms,low,,5,68.0,DT,True,0.5775206898444498,19.058,-60,1,0,38.469676310413575
33,DT,mlp,mushrooms,low,,6,168.0,DT,False,0.528780707323755,9.051,20,0,0,38.469676310413575
33,DT,mlp,mushrooms,low,,7,200.0,DT,True,3.043601414863687,9.159,-40,0,1,38.469676310413575
33,DT,mlp,mushrooms,low,,8,187.0,DT,True,5.392927814827317,9.531,40,1,1,38.469676310413575
33,DT,mlp,mushrooms,low,,9,291.0,DT,False,5.0677889016078845,3.774,-60,0,0,38.469676310413575
33,DT,mlp,mushrooms,low,,10,120.0,DT,True,5.363212245803508,21.294,60,1,1,38.469676310413575
33,DT,mlp,mushrooms,low,,11,378.0,DT,True,5.284374237364325,8.188,60,1,1,38.469676310413575
33,DT,mlp,mushrooms,low,,12,54.0,DT,False,4.085375363518417,6.578,-40,1,1,38.469676310413575
33,DT,mlp,mushrooms,low,,13,237.0,DT,True,5.179232294701165,11.001,60,1,1,38.469676310413575
33,DT,mlp,mushrooms,low,,14,142.0,DT,False,6.977084356169337,5.88,-40,1,1,38.469676310413575
33,DT,mlp,mushrooms,low,,15,262.0,DT,False,7.15102764225855,4.098,-60,0,0,38.469676310413575
33,DT,mlp,mushrooms,low,,16,306.0,DT,True,3.4412517661611925,12.548,-60,0,1,38.469676310413575
33,DT,mlp,mushrooms,low,,17,287.0,DT,True,5.05706180823375,5.905,60,0,0,38.469676310413575
33,DT,mlp,mushrooms,low,,18,186.0,DT,True,4.992313293048798,6.269,-60,0,1,38.469676310413575
33,DT,mlp,mushrooms,low,,19,354.0,DT,True,5.280775635116586,6.23,60,1,0,38.469676310413575
33,DT,mlp,mushrooms,low,,20,160.0,DT,False,7.095236437285163,5.326,40,1,0,38.469676310413575
33,DT,mlp,mushrooms,low,,21,9.0,DT,False,6.0808508363566505,3.382,-60,0,0,38.469676310413575
33,DT,mlp,mushrooms,low,,22,395.0,DT,True,5.3439337175697,5.835,-80,0,0,38.469676310413575
33,DT,mlp,mushrooms,low,,23,30.0,DT,False,6.987117365396757,11.639,-40,1,1,38.469676310413575
33,DT,mlp,mushrooms,low,,24,281.0,DT,False,7.061227198027611,4.002,-40,1,1,38.469676310413575
33,DT,mlp,mushrooms,low,,25,191.0,DT,False,7.028000665996558,2.456,40,0,0,38.469676310413575
33,DT,mlp,mushrooms,low,,26,87.0,DT,False,7.032450317268541,3.369,40,0,0,38.469676310413575
33,DT,mlp,mushrooms,low,,27,132.0,DT,False,5.148375048310464,3.136,20,0,0,38.469676310413575
33,DT,mlp,mushrooms,low,,28,176.0,DT,False,7.052875764367171,2.208,40,1,1,38.469676310413575
33,DT,mlp,mushrooms,low,,29,398.0,DT,False,6.78309736370442,3.793,-40,1,1,38.469676310413575
33,DT,mlp,mushrooms,low,,30,82.0,DT,True,7.097871968174387,5.011,-60,1,0,38.469676310413575
33,DT,mlp,mushrooms,low,,31,326.0,DT,True,4.985912572800177,7.989,-80,0,1,38.469676310413575
33,DT,mlp,mushrooms,low,,32,399.0,DT,False,7.001644396801875,2.189,40,1,1,38.469676310413575
33,DT,mlp,mushrooms,low,,33,1.0,DT,True,7.049084720431493,7.346,20,1,1,38.469676310413575
33,DT,mlp,mushrooms,low,,34,141.0,DT,False,6.902631188252885,2.595,-20,1,1,38.469676310413575
33,DT,mlp,mushrooms,low,,35,162.0,DT,False,7.035959631313465,5.359,20,1,1,38.469676310413575
33,DT,mlp,mushrooms,low,,36,345.0,DT,False,6.824497182754019,2.611,-40,0,0,38.469676310413575
33,DT,mlp,mushrooms,low,,37,148.0,DT,True,7.042863756399145,6.608,60,1,1,38.469676310413575
33,DT,mlp,mushrooms,low,,38,335.0,DT,True,6.885205008215724,7.833,-60,0,0,38.469676310413575
33,DT,mlp,mushrooms,low,,39,303.0,DT,True,7.012776151318507,7.048,-60,0,0,38.469676310413575
6,LR,mlp,mushrooms,high,,0,80.0,LR,True,6.2826838662795055,363.345,40,0,1,40.13768999790765
6,LR,mlp,mushrooms,high,,1,399.0,LR,True,6.365137973387966,10.101,-40,1,1,40.13768999790765
6,LR,mlp,mushrooms,high,,2,104.0,LR,False,8.097641982382298,75.695,-60,1,0,40.13768999790765
6,LR,mlp,mushrooms,high,,3,330.0,LR,False,8.086160401417162,104.492,-60,1,0,40.13768999790765
6,LR,mlp,mushrooms,high,,4,115.0,LR,True,5.882203868071308,78.626,-20,1,1,40.13768999790765
6,LR,mlp,mushrooms,high,,5,176.0,LR,True,5.988561817725437,36.521,60,1,1,40.13768999790765
6,LR,mlp,mushrooms,high,,6,244.0,LR,False,7.863174480180454,26.305,-40,0,1,40.13768999790765
6,LR,mlp,mushrooms,high,,7,273.0,LR,False,8.06248890526086,74.528,20,1,1,40.13768999790765
6,LR,mlp,mushrooms,high,,8,201.0,LR,True,6.1089576340982275,31.064,80,1,1,40.13768999790765
6,LR,mlp,mushrooms,high,,9,61.0,LR,True,5.818115330980371,34.764,-100,0,1,40.13768999790765
6,LR,mlp,mushrooms,high,,10,44.0,LR,False,8.067051706466586,21.887,-100,0,1,40.13768999790765
6,LR,mlp,mushrooms,high,,11,127.0,LR,True,6.419088023530238,27.628,80,1,1,40.13768999790765
6,LR,mlp,mushrooms,high,,12,349.0,LR,True,5.948445954889153,27.33,-80,0,1,40.13768999790765
6,LR,mlp,mushrooms,high,,13,393.0,LR,False,8.169465370660806,22.602,100,0,0,40.13768999790765
6,LR,mlp,mushrooms,high,,14,47.0,LR,False,8.123304293351167,78.58,-80,0,0,40.13768999790765
6,LR,mlp,mushrooms,high,,15,150.0,LR,False,7.902389436513892,31.805,-100,0,0,40.13768999790765
6,LR,mlp,mushrooms,high,,16,82.0,LR,False,7.684045692277422,69.086,-20,1,0,40.13768999790765
6,LR,mlp,mushrooms,high,,17,79.0,LR,True,6.150234266314901,69.818,-60,1,1,40.13768999790765
6,LR,mlp,mushrooms,high,,18,62.0,LR,False,10.157847535526118,701.221,40,0,0,40.13768999790765
6,LR,mlp,mushrooms,high,,19,178.0,LR,True,6.635693229458118,21.357,80,1,0,40.13768999790765
6,LR,mlp,mushrooms,high,,20,346.0,LR,False,10.162218482607544,25.905,80,1,0,40.13768999790765
6,LR,mlp,mushrooms,high,,21,123.0,LR,False,10.131106655328594,89.654,80,1,0,40.13768999790765
6,LR,mlp,mushrooms,high,,22,305.0,LR,True,6.5959545571590965,22.21,40,1,0,40.13768999790765
6,LR,mlp,mushrooms,high,,23,369.0,LR,False,9.79778702668727,28.636,20,1,0,40.13768999790765
6,LR,mlp,mushrooms,high,,24,302.0,LR,True,8.039153114911397,33.741,-100,0,1,40.13768999790765
6,LR,mlp,mushrooms,high,,25,167.0,LR,True,8.33894188693527,34.498,-80,1,0,40.13768999790765
6,LR,mlp,mushrooms,high,,26,297.0,LR,True,7.907099318624533,26.125,-80,0,1,40.13768999790765
6,LR,mlp,mushrooms,high,,27,42.0,LR,False,9.878163773260384,70.643,-80,0,0,40.13768999790765
6,LR,mlp,mushrooms,high,,28,198.0,LR,False,9.603341499224536,26.038,-20,0,0,40.13768999790765
6,LR,mlp,mushrooms,high,,29,334.0,LR,True,9.89430951856042,105.23,80,1,1,40.13768999790765
6,LR,mlp,mushrooms,high,,30,356.0,LR,True,10.629595395051862,37.552,40,1,0,40.13768999790765
6,LR,mlp,mushrooms,high,,31,377.0,LR,True,10.192889080823884,28.603,-100,0,1,40.13768999790765
6,LR,mlp,mushrooms,high,,32,264.0,LR,False,12.043527590779044,69.921,-60,0,1,40.13768999790765
6,LR,mlp,mushrooms,high,,33,214.0,LR,False,12.323619843061568,34.964,60,1,1,40.13768999790765
6,LR,mlp,mushrooms,high,,34,58.0,LR,True,10.293927189689908,67.034,-80,0,0,40.13768999790765
6,LR,mlp,mushrooms,high,,35,21.0,LR,True,10.582623823857702,25.333,-20,1,1,40.13768999790765
6,LR,mlp,mushrooms,high,,36,96.0,LR,False,11.854376966771344,40.44,-80,0,0,40.13768999790765
6,LR,mlp,mushrooms,high,,37,316.0,LR,True,10.13713444270424,16.448,60,1,1,40.13768999790765
6,LR,mlp,mushrooms,high,,38,196.0,LR,False,12.204568928984695,20.981,100,1,1,40.13768999790765
6,LR,mlp,mushrooms,high,,39,134.0,LR,False,12.310023097243496,20.207,40,1,1,40.13768999790765
167,DT,mlp,mushrooms,high,,0,366.0,DT,False,0.2009302626229168,40.618,20,0,0,14.964885859873238
167,DT,mlp,mushrooms,high,,1,169.0,DT,False,0.2009276830318111,6.663,40,0,0,14.964885859873238
167,DT,mlp,mushrooms,high,,2,198.0,DT,False,0.2041153612795317,6.202,20,0,1,14.964885859873238
167,DT,mlp,mushrooms,high,,3,395.0,DT,True,0.2017298118963246,56.605,-60,0,0,14.964885859873238
167,DT,mlp,mushrooms,high,,4,365.0,DT,True,0.2014631267429472,16.934,-60,0,0,14.964885859873238
167,DT,mlp,mushrooms,high,,5,263.0,DT,True,5.33431627696513,18.43,60,1,0,14.964885859873238
167,DT,mlp,mushrooms,high,,6,96.0,DT,True,3.490822569221941,30.603,-40,0,1,14.964885859873238
167,DT,mlp,mushrooms,high,,7,367.0,DT,False,7.065613025743214,19.854,20,1,1,14.964885859873238
167,DT,mlp,mushrooms,high,,8,178.0,DT,True,7.20819663587343,19.291,60,1,1,14.964885859873238
167,DT,mlp,mushrooms,high,,9,23.0,DT,False,6.4937270769371835,12.798,-20,0,0,14.964885859873238
167,DT,mlp,mushrooms,high,,10,135.0,DT,False,6.773786335478549,13.953,-40,0,0,14.964885859873238
167,DT,mlp,mushrooms,high,,11,14.0,DT,True,4.150488087010478,12.909,-80,0,1,14.964885859873238
167,DT,mlp,mushrooms,high,,12,113.0,DT,False,6.159859424964178,13.368,-40,0,0,14.964885859873238
167,DT,mlp,mushrooms,high,,13,92.0,DT,True,5.433044912681172,34.304,-100,0,1,14.964885859873238
167,DT,mlp,mushrooms,high,,14,86.0,DT,True,6.779322670900897,25.027,80,1,1,14.964885859873238
167,DT,mlp,mushrooms,high,,15,344.0,DT,True,6.9890217230626694,12.226,-100,0,1,14.964885859873238
167,DT,mlp,mushrooms,high,,16,138.0,DT,False,8.803266139942291,14.58,-20,0,0,14.964885859873238
167,DT,mlp,mushrooms,high,,17,296.0,DT,True,7.809968814198289,12.816,80,1,1,14.964885859873238
167,DT,mlp,mushrooms,high,,18,154.0,DT,True,7.305934374406088,20.266,100,1,1,14.964885859873238
167,DT,mlp,mushrooms,high,,19,192.0,DT,True,4.815100321273447,8.641,-100,0,1,14.964885859873238
167,DT,mlp,mushrooms,high,,20,47.0,DT,True,7.479026634637667,26.67,100,0,0,14.964885859873238
167,DT,mlp,mushrooms,high,,21,334.0,DT,True,6.861557862908613,24.551,-80,1,0,14.964885859873238
167,DT,mlp,mushrooms,high,,22,119.0,DT,True,7.0234851476757045,17.997,20,0,1,14.964885859873238
167,DT,mlp,mushrooms,high,,23,200.0,DT,True,4.808824016053174,11.682,-60,0,1,14.964885859873238
167,DT,mlp,mushrooms,high,,24,297.0,DT,False,8.71605563915646,6.899,-100,0,0,14.964885859873238
167,DT,mlp,mushrooms,high,,25,109.0,DT,True,7.523164028217005,18.315,80,1,0,14.964885859873238
167,DT,mlp,mushrooms,high,,26,197.0,DT,True,8.601756944405507,12.603,-100,0,0,14.964885859873238
167,DT,mlp,mushrooms,high,,27,332.0,DT,False,8.566615138104167,10.038,-100,0,0,14.964885859873238
167,DT,mlp,mushrooms,high,,28,339.0,DT,False,8.560019284953842,6.286,-100,0,0,14.964885859873238
167,DT,mlp,mushrooms,high,,29,287.0,DT,True,8.669183074257132,14.921,-80,0,0,14.964885859873238
167,DT,mlp,mushrooms,high,,30,80.0,DT,True,8.82072563264028,21.501,-100,0,0,14.964885859873238
167,DT,mlp,mushrooms,high,,31,265.0,DT,True,8.619195601423902,7.71,-100,0,0,14.964885859873238
167,DT,mlp,mushrooms,high,,32,310.0,DT,True,10.518334530319075,9.405,100,1,1,14.964885859873238
167,DT,mlp,mushrooms,high,,33,360.0,DT,True,8.653116947768265,8.497,-100,0,0,14.964885859873238
167,DT,mlp,mushrooms,high,,34,42.0,DT,True,8.48131257164595,8.303,-100,0,0,14.964885859873238
167,DT,mlp,mushrooms,high,,35,0.0,DT,True,8.39005054663445,9.816,-100,0,0,14.964885859873238
167,DT,mlp,mushrooms,high,,36,45.0,DT,True,8.555253333096339,6.702,-100,0,1,14.964885859873238
167,DT,mlp,mushrooms,high,,37,328.0,DT,True,10.62139494697084,8.725,100,1,1,14.964885859873238
167,DT,mlp,mushrooms,high,,38,121.0,DT,False,8.566593829120057,6.166,-100,0,0,14.964885859873238
167,DT,mlp,mushrooms,high,,39,385.0,DT,True,3.659813775059781,6.722,-100,0,0,14.964885859873238
40,DT,mlp,mushrooms,low,,0,286.0,DT,True,10.770954098521887,61.345,40,1,1,11.75141366165486
40,DT,mlp,mushrooms,low,,1,209.0,DT,True,0.2040996456841811,51.406,100,0,0,11.75141366165486
40,DT,mlp,mushrooms,low,,2,367.0,DT,True,5.091793309245272,27.287,100,1,1,11.75141366165486
40,DT,mlp,mushrooms,low,,3,141.0,DT,False,7.060656525463883,38.341,20,1,1,11.75141366165486
40,DT,mlp,mushrooms,low,,4,375.0,DT,True,7.107008063934591,43.185,100,1,1,11.75141366165486
40,DT,mlp,mushrooms,low,,5,71.0,DT,False,6.971215267467735,45.755,-20,0,0,11.75141366165486
40,DT,mlp,mushrooms,low,,6,340.0,DT,True,7.202607419373482,18.781,-100,0,0,11.75141366165486
40,DT,mlp,mushrooms,low,,7,250.0,DT,True,7.169673628092042,16.328,100,1,1,11.75141366165486
40,DT,mlp,mushrooms,low,,8,199.0,DT,True,6.212216858082859,10.981,100,1,1,11.75141366165486
40,DT,mlp,mushrooms,low,,9,172.0,DT,False,3.8940321092895,16.881,-40,0,0,11.75141366165486
40,DT,mlp,mushrooms,low,,10,60.0,DT,False,6.9838173113332385,28.46,20,1,1,11.75141366165486
40,DT,mlp,mushrooms,low,,11,356.0,DT,True,6.0462591174615685,27.303,100,1,0,11.75141366165486
40,DT,mlp,mushrooms,low,,12,37.0,DT,True,6.971193589727498,11.918,100,1,1,11.75141366165486
40,DT,mlp,mushrooms,low,,13,163.0,DT,True,7.0421884484829125,11.821,100,1,1,11.75141366165486
40,DT,mlp,mushrooms,low,,14,49.0,DT,False,6.96368049866331,22.023,40,1,1,11.75141366165486
40,DT,mlp,mushrooms,low,,15,268.0,DT,True,3.7125396535182182,13.157,-100,0,1,11.75141366165486
40,DT,mlp,mushrooms,low,,16,317.0,DT,True,3.7605260033390033,12.932,-100,0,0,11.75141366165486
40,DT,mlp,mushrooms,low,,17,309.0,DT,False,6.988247685927826,25.559,-40,0,1,11.75141366165486
40,DT,mlp,mushrooms,low,,18,63.0,DT,False,6.991842304545558,23.737,-100,0,0,11.75141366165486
40,DT,mlp,mushrooms,low,,19,303.0,DT,False,6.903021507473264,14.858,-20,0,0,11.75141366165486
40,DT,mlp,mushrooms,low,,20,388.0,DT,False,6.84986520432987,18.515,-40,0,0,11.75141366165486
40,DT,mlp,mushrooms,low,,21,111.0,DT,True,6.854140327063625,31.195,-100,0,0,11.75141366165486
40,DT,mlp,mushrooms,low,,22,55.0,DT,True,6.963979257009969,16.012,100,1,1,11.75141366165486
40,DT,mlp,mushrooms,low,,23,84.0,DT,True,7.034940994750623,13.139,100,1,1,11.75141366165486
40,DT,mlp,mushrooms,low,,24,386.0,DT,False,6.907871284056039,7.821,100,1,1,11.75141366165486
40,DT,mlp,mushrooms,low,,25,266.0,DT,False,3.793963474355979,31.274,-20,0,0,11.75141366165486
40,DT,mlp,mushrooms,low,,26,252.0,DT,False,6.950970074200429,26.339,100,1,1,11.75141366165486
40,DT,mlp,mushrooms,low,,27,316.0,DT,True,6.746814908543496,9.187,100,1,1,11.75141366165486
40,DT,mlp,mushrooms,low,,28,107.0,DT,False,6.967546511143125,5.475,100,1,1,11.75141366165486
40,DT,mlp,mushrooms,low,,29,301.0,DT,True,6.836691977029925,8.546,100,1,1,11.75141366165486
40,DT,mlp,mushrooms,low,,30,366.0,DT,False,6.952578263658053,11.262,-100,0,0,11.75141366165486
40,DT,mlp,mushrooms,low,,31,15.0,DT,True,6.87821578058542,8.122,100,0,1,11.75141366165486
40,DT,mlp,mushrooms,low,,32,95.0,DT,False,3.552411531705552,12.634,-60,0,0,11.75141366165486
40,DT,mlp,mushrooms,low,,33,70.0,DT,True,6.908500455489832,15.839,-100,0,0,11.75141366165486
40,DT,mlp,mushrooms,low,,34,256.0,DT,True,6.873702417297092,14.772,100,1,1,11.75141366165486
40,DT,mlp,mushrooms,low,,35,16.0,DT,True,6.8575929086709975,19.313,100,0,1,11.75141366165486
40,DT,mlp,mushrooms,low,,36,335.0,DT,False,6.899127988243138,9.944,-100,0,0,11.75141366165486
40,DT,mlp,mushrooms,low,,37,341.0,DT,False,6.942840345483943,10.272,-80,1,0,11.75141366165486
40,DT,mlp,mushrooms,low,,38,344.0,DT,False,6.84862883189069,15.758,40,0,0,11.75141366165486
40,DT,mlp,mushrooms,low,,39,381.0,DT,True,6.802305967759416,11.612,100,1,1,11.75141366165486
314,DT+LR,mlp,mushrooms,high,,0,149.0,LR,False,0.2041207979529949,52.207,60,1,1,28.20338350071408
314,DT+LR,mlp,mushrooms,high,,1,388.0,LR,False,0.2017368050268649,23.542,60,0,1,28.20338350071408
314,DT+LR,mlp,mushrooms,high,,2,131.0,DT,False,0.2014695684581381,32.547,60,0,1,28.20338350071408
314,DT+LR,mlp,mushrooms,high,,3,382.0,LR,False,0.2013564633076131,22.13,-40,0,1,28.20338350071408
314,DT+LR,mlp,mushrooms,high,,4,218.0,LR,True,6.343054680373946,60.489,-80,1,0,28.20338350071408
314,DT+LR,mlp,mushrooms,high,,5,151.0,LR,False,0.201290017754608,54.362,-60,0,0,28.20338350071408
314,DT+LR,mlp,mushrooms,high,,6,133.0,DT,False,0.2044345442232356,19.628,-80,0,1,28.20338350071408
314,DT+LR,mlp,mushrooms,high,,7,162.0,DT,False,0.2021261052146102,21.203,-60,1,1,28.20338350071408
314,DT+LR,mlp,mushrooms,high,,8,153.0,DT,False,0.2049893608288522,33.216,-60,0,1,28.20338350071408
314,DT+LR,mlp,mushrooms,high,,9,289.0,LR,False,0.2058825008386493,21.639,80,0,1,28.20338350071408
314,DT+LR,mlp,mushrooms,high,,10,199.0,LR,True,0.2161792308960721,138.372,-60,1,0,28.20338350071408
314,DT+LR,mlp,mushrooms,high,,11,201.0,DT,False,0.2301129950381107,109.544,80,1,0,28.20338350071408
314,DT+LR,mlp,mushrooms,high,,12,223.0,LR,True,0.3024982005017641,58.516,-80,0,1,28.20338350071408
314,DT+LR,mlp,mushrooms,high,,13,260.0,DT,False,0.327696929967418,91.75,-100,1,0,28.20338350071408
314,DT+LR,mlp,mushrooms,high,,14,248.0,LR,False,0.317809377122565,95.549,-80,0,1,28.20338350071408
314,DT+LR,mlp,mushrooms,high,,15,377.0,LR,True,0.2907245837441651,50.566,-100,0,0,28.20338350071408
314,DT+LR,mlp,mushrooms,high,,16,203.0,DT,False,0.2782627880027593,83.1,-80,0,0,28.20338350071408
314,DT+LR,mlp,mushrooms,high,,17,242.0,LR,True,0.2708490380005667,46.809,-100,1,1,28.20338350071408
314,DT+LR,mlp,mushrooms,high,,18,188.0,LR,True,0.3087940902714834,85.09,-80,0,0,28.20338350071408
314,DT+LR,mlp,mushrooms,high,,19,15.0,LR,False,0.3060017800508189,78.74,-80,0,0,28.20338350071408
314,DT+LR,mlp,mushrooms,high,,20,366.0,DT,True,0.3034716177537045,43.101,-100,0,0,28.20338350071408
314,DT+LR,mlp,mushrooms,high,,21,176.0,LR,False,0.2582968253124672,49.788,100,1,0,28.20338350071408
314,DT+LR,mlp,mushrooms,high,,22,8.0,DT,True,5.425218751494387,95.285,100,1,1,28.20338350071408
314,DT+LR,mlp,mushrooms,high,,23,276.0,LR,True,5.451070778283603,37.434,-100,1,1,28.20338350071408
314,DT+LR,mlp,mushrooms,high,,24,103.0,DT,True,6.438652066135067,23.6,-100,0,0,28.20338350071408
314,DT+LR,mlp,mushrooms,high,,25,78.0,LR,False,5.9190044188127375,96.798,-100,1,1,28.20338350071408
314,DT+LR,mlp,mushrooms,high,,26,333.0,DT,False,3.3953164894704204,56.903,-80,0,0,28.20338350071408
314,DT+LR,mlp,mushrooms,high,,27,385.0,DT,True,3.5819236389492435,18.015,-100,0,0,28.20338350071408
314,DT+LR,mlp,mushrooms,high,,28,135.0,LR,True,6.145432097062604,29.79,-100,0,0,28.20338350071408
314,DT+LR,mlp,mushrooms,high,,29,138.0,DT,False,6.674103202209657,103.301,100,0,0,28.20338350071408
314,DT+LR,mlp,mushrooms,high,,30,393.0,LR,True,6.246807510052855,113.258,80,0,0,28.20338350071408
314,DT+LR,mlp,mushrooms,high,,31,285.0,LR,True,3.1044880970483546,102.97,-80,0,1,28.20338350071408
314,DT+LR,mlp,mushrooms,high,,32,379.0,LR,True,5.622881427950135,92.267,-80,0,1,28.20338350071408
314,DT+LR,mlp,mushrooms,high,,33,101.0,DT,True,6.216680868820718,17.632,100,1,0,28.20338350071408
314,DT+LR,mlp,mushrooms,high,,34,226.0,DT,True,5.806535745524033,22.2,100,1,0,28.20338350071408
314,DT+LR,mlp,mushrooms,high,,35,9.0,DT,False,3.6844744125872007,121.117,80,0,1,28.20338350071408
314,DT+LR,mlp,mushrooms,high,,36,89.0,LR,True,6.535386872224482,95.661,-80,0,0,28.20338350071408
314,DT+LR,mlp,mushrooms,high,,37,291.0,DT,False,3.2282180429481064,56.247,-80,0,0,28.20338350071408
314,DT+LR,mlp,mushrooms,high,,38,275.0,LR,False,7.248521315438152,63.804,80,1,0,28.20338350071408
314,DT+LR,mlp,mushrooms,high,,39,277.0,DT,False,7.652034289027037,65.519,80,1,1,28.20338350071408
14,DT+LR,mlp,mushrooms,high,,0,27.0,LR,True,6.362912124440826,34.65,-20,1,1,31.176233060517877
14,DT+LR,mlp,mushrooms,high,,1,116.0,DT,True,15.522788806572915,29.101,60,1,0,31.176233060517877
14,DT+LR,mlp,mushrooms,high,,2,219.0,LR,True,0.2007623468402358,10.426,-20,1,1,31.176233060517877
14,DT+LR,mlp,mushrooms,high,,3,376.0,DT,False,10.29601949593888,11.092,20,0,0,31.176233060517877
14,DT+LR,mlp,mushrooms,high,,4,67.0,DT,False,4.043940537052306,19.201,-20,0,0,31.176233060517877
14,DT+LR,mlp,mushrooms,high,,5,321.0,DT,False,4.352893068659243,9.632,40,1,1,31.176233060517877
14,DT+LR,mlp,mushrooms,high,,6,355.0,DT,True,3.8592952487974617,14.056,100,1,1,31.176233060517877
14,DT+LR,mlp,mushrooms,high,,7,293.0,DT,False,3.3246475485409763,7.499,40,0,0,31.176233060517877
14,DT+LR,mlp,mushrooms,high,,8,152.0,DT,True,6.746882073166941,25.443,-100,0,1,31.176233060517877
14,DT+LR,mlp,mushrooms,high,,9,388.0,DT,True,5.8337160498729945,12.472,-100,0,1,31.176233060517877
14,DT+LR,mlp,mushrooms,high,,10,337.0,LR,False,8.198690037139315,8.996,-100,1,0,31.176233060517877
14,DT+LR,mlp,mushrooms,high,,11,45.0,LR,False,8.763762716690938,12.03,-100,0,1,31.176233060517877
14,DT+LR,mlp,mushrooms,high,,12,385.0,LR,True,3.997772460587176,6.004,40,0,0,31.176233060517877
14,DT+LR,mlp,mushrooms,high,,13,84.0,DT,False,9.355943698923868,11.478,-20,1,0,31.176233060517877
14,DT+LR,mlp,mushrooms,high,,14,151.0,DT,False,8.476561382928505,7.44,-20,0,0,31.176233060517877
14,DT+LR,mlp,mushrooms,high,,15,319.0,DT,True,6.87510135760243,11.527,100,1,0,31.176233060517877
14,DT+LR,mlp,mushrooms,high,,16,74.0,DT,False,8.041985467696438,20.842,100,1,1,31.176233060517877
14,DT+LR,mlp,mushrooms,high,,17,183.0,DT,False,8.380003819201564,4.807,100,0,0,31.176233060517877
14,DT+LR,mlp,mushrooms,high,,18,103.0,LR,False,7.964619136813413,5.305,100,0,0,31.176233060517877
14,DT+LR,mlp,mushrooms,high,,19,252.0,DT,True,9.187479904126803,15.657,100,1,1,31.176233060517877
14,DT+LR,mlp,mushrooms,high,,20,13.0,LR,True,7.969736448769785,11.4,40,0,0,31.176233060517877
14,DT+LR,mlp,mushrooms,high,,21,353.0,LR,False,10.200803904994244,11.355,40,1,1,31.176233060517877
14,DT+LR,mlp,mushrooms,high,,22,280.0,DT,False,10.476032595936454,6.566,40,1,1,31.176233060517877
14,DT+LR,mlp,mushrooms,high,,23,263.0,DT,True,9.56549114665203,12.462,-100,1,1,31.176233060517877
14,DT+LR,mlp,mushrooms,high,,24,316.0,LR,True,9.565613105021216,7.074,100,1,0,31.176233060517877
14,DT+LR,mlp,mushrooms,high,,25,391.0,LR,True,8.36081391038704,9.052,100,1,0,31.176233060517877
14,DT+LR,mlp,mushrooms,high,,26,223.0,LR,False,8.181101649358348,4.277,-100,0,0,31.176233060517877
14,DT+LR,mlp,mushrooms,high,,27,346.0,DT,False,10.71623184652282,12.394,40,1,1,31.176233060517877
14,DT+LR,mlp,mushrooms,high,,28,24.0,DT,True,9.742804369565937,15.341,40,0,0,31.176233060517877
14,DT+LR,mlp,mushrooms,high,,29,281.0,LR,False,9.219601689086984,6.817,100,1,1,31.176233060517877
14,DT+LR,mlp,mushrooms,high,,30,399.0,DT,True,10.329469878734391,5.274,100,1,1,31.176233060517877
14,DT+LR,mlp,mushrooms,high,,31,273.0,LR,False,8.58838346027916,4.023,-100,1,0,31.176233060517877
14,DT+LR,mlp,mushrooms,high,,32,49.0,LR,True,10.624634843385882,18.232,40,1,1,31.176233060517877
14,DT+LR,mlp,mushrooms,high,,33,253.0,DT,False,8.22628077761897,6.771,60,1,0,31.176233060517877
14,DT+LR,mlp,mushrooms,high,,34,255.0,LR,False,8.251625859722434,3.417,-100,0,0,31.176233060517877
14,DT+LR,mlp,mushrooms,high,,35,176.0,LR,True,10.173739354197451,3.843,100,1,1,31.176233060517877
14,DT+LR,mlp,mushrooms,high,,36,29.0,LR,True,8.594518855710614,2.662,-100,0,0,31.176233060517877
14,DT+LR,mlp,mushrooms,high,,37,204.0,LR,True,9.781710949011098,10.951,100,1,1,31.176233060517877
14,DT+LR,mlp,mushrooms,high,,38,58.0,LR,True,3.944027657142847,15.658,-20,0,1,31.176233060517877
14,DT+LR,mlp,mushrooms,high,,39,262.0,DT,True,8.52648524962509,9.892,-100,0,0,31.176233060517877
214,DT,mlp,mushrooms,low,,0,259.0,DT,False,0.2240821056771064,31.082,-40,0,0,16.821192807772203
214,DT,mlp,mushrooms,low,,1,280.0,DT,True,0.3743647668330694,37.68,40,1,1,16.821192807772203
214,DT,mlp,mushrooms,low,,2,37.0,DT,True,0.3481026912244913,19.6,60,1,0,16.821192807772203
214,DT,mlp,mushrooms,low,,3,82.0,DT,True,5.1001778196971665,14.631,-60,1,1,16.821192807772203
214,DT,mlp,mushrooms,low,,4,284.0,DT,False,5.288587573222975,16.162,40,0,1,16.821192807772203
214,DT,mlp,mushrooms,low,,5,152.0,DT,True,5.2322693400968685,28.463,-60,0,0,16.821192807772203
214,DT,mlp,mushrooms,low,,6,315.0,DT,True,3.498112818919026,40.884,20,0,1,16.821192807772203
214,DT,mlp,mushrooms,low,,7,65.0,DT,False,5.422630333292542,25.323,80,1,1,16.821192807772203
214,DT,mlp,mushrooms,low,,8,394.0,DT,True,3.908196645741809,71.767,-40,1,0,16.821192807772203
214,DT,mlp,mushrooms,low,,9,36.0,DT,False,5.293356321679537,42.465,80,1,0,16.821192807772203
214,DT,mlp,mushrooms,low,,10,133.0,DT,False,4.749683620157402,25.979,-60,0,1,16.821192807772203
214,DT,mlp,mushrooms,low,,11,2.0,DT,True,5.376508980474421,35.18,80,1,1,16.821192807772203
214,DT,mlp,mushrooms,low,,12,387.0,DT,False,5.413196026737513,23.586,-80,0,1,16.821192807772203
214,DT,mlp,mushrooms,low,,13,281.0,DT,True,5.3225123559644025,23.806,100,1,0,16.821192807772203
214,DT,mlp,mushrooms,low,,14,54.0,DT,True,4.301061803704841,46.913,80,1,1,16.821192807772203
214,DT,mlp,mushrooms,low,,15,250.0,DT,False,7.0326361772813,31.863,80,1,1,16.821192807772203
214,DT,mlp,mushrooms,low,,16,337.0,DT,True,5.356095121409648,59.8,-60,1,0,16.821192807772203
214,DT,mlp,mushrooms,low,,17,15.0,DT,True,5.310333978320247,21.304,100,0,1,16.821192807772203
214,DT,mlp,mushrooms,low,,18,0.0,DT,False,7.00314339745944,18.335,-80,0,0,16.821192807772203
214,DT,mlp,mushrooms,low,,19,352.0,DT,False,6.935874510667653,20.851,80,1,1,16.821192807772203
214,DT,mlp,mushrooms,low,,20,249.0,DT,True,5.0994322330213455,18.347,-100,0,0,16.821192807772203
214,DT,mlp,mushrooms,low,,21,111.0,DT,True,5.0856455505101605,44.639,-60,0,0,16.821192807772203
214,DT,mlp,mushrooms,low,,22,298.0,DT,True,3.569326986020424,32.365,80,1,1,16.821192807772203
214,DT,mlp,mushrooms,low,,23,53.0,DT,True,5.11701321879188,15.886,100,1,1,16.821192807772203
214,DT,mlp,mushrooms,low,,24,282.0,DT,False,6.943024566551587,67.553,-40,1,0,16.821192807772203
214,DT,mlp,mushrooms,low,,25,29.0,DT,True,5.209359114864615,15.856,-80,0,0,16.821192807772203
214,DT,mlp,mushrooms,low,,26,132.0,DT,False,4.597719132348717,30.556,-40,0,0,16.821192807772203
214,DT,mlp,mushrooms,low,,27,23.0,DT,True,6.975911018250604,15.374,-80,0,0,16.821192807772203
214,DT,mlp,mushrooms,low,,28,107.0,DT,True,6.941323318189195,18.432,100,1,1,16.821192807772203
214,DT,mlp,mushrooms,low,,29,278.0,DT,False,6.713576114821746,44.407,80,1,1,16.821192807772203
214,DT,mlp,mushrooms,low,,30,285.0,DT,False,4.17385217065709,32.783,-80,0,0,16.821192807772203
214,DT,mlp,mushrooms,low,,31,69.0,DT,True,6.987289309143818,11.666,60,1,1,16.821192807772203
214,DT,mlp,mushrooms,low,,32,56.0,DT,True,6.938269581107712,22.429,80,1,1,16.821192807772203
214,DT,mlp,mushrooms,low,,33,175.0,DT,True,6.867974434762736,28.892,80,1,1,16.821192807772203
214,DT,mlp,mushrooms,low,,34,229.0,DT,True,6.9553841548773265,76.702,20,0,0,16.821192807772203
214,DT,mlp,mushrooms,low,,35,160.0,DT,True,6.946452019813349,20.577,-80,1,0,16.821192807772203
214,DT,mlp,mushrooms,low,,36,194.0,DT,False,6.77830845550281,15.936,-80,0,0,16.821192807772203
214,DT,mlp,mushrooms,low,,37,356.0,DT,True,6.878865203033112,10.596,100,1,1,16.821192807772203
214,DT,mlp,mushrooms,low,,38,46.0,DT,True,6.94271005856392,36.793,80,1,0,16.821192807772203
214,DT,mlp,mushrooms,low,,39,361.0,DT,True,6.8262103788443405,24.327,80,0,0,16.821192807772203
171,LR,mlp,mushrooms,low,,0,254.0,LR,True,6.237950029345493,39.267,-60,0,0,22.994779469441816
171,LR,mlp,mushrooms,low,,1,192.0,LR,True,6.142067777870171,14.765,-60,0,1,22.994779469441816
171,LR,mlp,mushrooms,low,,2,61.0,LR,False,5.957864253009021,9.832,40,0,1,22.994779469441816
171,LR,mlp,mushrooms,low,,3,374.0,LR,True,5.871652843744404,12.846,40,0,1,22.994779469441816
171,LR,mlp,mushrooms,low,,4,79.0,LR,False,8.571660124685042,9.773,40,1,1,22.994779469441816
171,LR,mlp,mushrooms,low,,5,23.0,LR,True,6.433410950517107,8.905,20,0,1,22.994779469441816
171,LR,mlp,mushrooms,low,,6,390.0,LR,True,6.454644753321108,15.636,20,0,0,22.994779469441816
171,LR,mlp,mushrooms,low,,7,173.0,LR,True,8.949533474419255,19.594,-20,1,1,22.994779469441816
171,LR,mlp,mushrooms,low,,8,389.0,LR,True,6.6462644621283244,18.224,-20,0,0,22.994779469441816
171,LR,mlp,mushrooms,low,,9,362.0,LR,False,8.726027986537344,7.18,-20,1,1,22.994779469441816
171,LR,mlp,mushrooms,low,,10,134.0,LR,False,8.926594707517328,9.736,20,1,1,22.994779469441816
171,LR,mlp,mushrooms,low,,11,240.0,LR,False,8.713017435265032,3.371,20,1,1,22.994779469441816
171,LR,mlp,mushrooms,low,,12,393.0,LR,False,6.334120493496007,4.796,20,0,1,22.994779469441816
171,LR,mlp,mushrooms,low,,13,187.0,LR,False,8.784576128816775,2.842,20,1,1,22.994779469441816
171,LR,mlp,mushrooms,low,,14,93.0,LR,False,8.571084896781397,7.389,-20,0,0,22.994779469441816
171,LR,mlp,mushrooms,low,,15,323.0,LR,True,6.541251241572981,13.231,-20,1,0,22.994779469441816
171,LR,mlp,mushrooms,low,,16,346.0,LR,False,8.766073430411335,6.463,-20,1,1,22.994779469441816
171,LR,mlp,mushrooms,low,,17,394.0,LR,False,8.439028451748353,6.607,-20,1,0,22.994779469441816
171,LR,mlp,mushrooms,low,,18,366.0,LR,False,5.867335905107325,6.027,40,0,1,22.994779469441816
171,LR,mlp,mushrooms,low,,19,189.0,LR,False,8.991166737083628,5.087,-40,1,1,22.994779469441816
171,LR,mlp,mushrooms,low,,20,12.0,LR,True,8.739871984717503,19.164,20,0,1,22.994779469441816
171,LR,mlp,mushrooms,low,,21,100.0,LR,False,8.988177731037062,5.035,-40,0,0,22.994779469441816
171,LR,mlp,mushrooms,low,,22,102.0,LR,True,8.909415513366897,14.583,-20,1,0,22.994779469441816
171,LR,mlp,mushrooms,low,,23,383.0,LR,True,8.719832190905358,10.855,-20,1,1,22.994779469441816
171,LR,mlp,mushrooms,low,,24,208.0,LR,False,8.55361310106881,8.45,-20,1,0,22.994779469441816
171,LR,mlp,mushrooms,low,,25,146.0,LR,False,8.741789656800064,4.582,20,1,0,22.994779469441816
171,LR,mlp,mushrooms,low,,26,85.0,LR,False,9.026633726342611,9.779,-20,0,1,22.994779469441816
171,LR,mlp,mushrooms,low,,27,28.0,LR,True,8.58194883074582,13.926,20,1,0,22.994779469441816
171,LR,mlp,mushrooms,low,,28,45.0,LR,True,8.885891056029498,9.687,-20,0,0,22.994779469441816
171,LR,mlp,mushrooms,low,,29,142.0,LR,False,8.547672093957772,5.467,20,1,1,22.994779469441816
171,LR,mlp,mushrooms,low,,30,131.0,LR,False,8.982893802039605,5.558,-20,0,1,22.994779469441816
171,LR,mlp,mushrooms,low,,31,324.0,LR,True,9.026918779869495,7.242,-20,0,1,22.994779469441816
171,LR,mlp,mushrooms,low,,32,327.0,LR,True,8.753578957472929,17.419,20,1,0,22.994779469441816
171,LR,mlp,mushrooms,low,,33,251.0,LR,False,8.591664422461532,15.573,20,1,1,22.994779469441816
171,LR,mlp,mushrooms,low,,34,384.0,LR,True,8.971031577603775,9.012,-40,0,0,22.994779469441816
171,LR,mlp,mushrooms,low,,35,359.0,LR,True,8.69634364529725,5.887,20,1,0,22.994779469441816
171,LR,mlp,mushrooms,low,,36,299.0,LR,False,8.600410725780366,5.152,20,1,0,22.994779469441816
171,LR,mlp,mushrooms,low,,37,175.0,LR,False,8.8421201951919,2.929,20,1,0,22.994779469441816
171,LR,mlp,mushrooms,low,,38,342.0,LR,True,8.452440690520813,6.803,-20,0,0,22.994779469441816
171,LR,mlp,mushrooms,low,,39,351.0,LR,False,7.942523733489908,15.326,-20,0,0,22.994779469441816
253,DT,mlp,mushrooms,low,,0,385.0,DT,True,10.770954098521887,65.018,60,0,1,17.373903258236542
253,DT,mlp,mushrooms,low,,1,232.0,DT,True,0.2105802584216011,30.101,-20,0,0,17.373903258236542
253,DT,mlp,mushrooms,low,,2,152.0,DT,True,3.199154094450434,35.38,-20,0,1,17.373903258236542
253,DT,mlp,mushrooms,low,,3,181.0,DT,False,3.3466448833695837,40.443,-40,1,1,17.373903258236542
253,DT,mlp,mushrooms,low,,4,101.0,DT,True,7.069378660859039,23.79,80,1,1,17.373903258236542
253,DT,mlp,mushrooms,low,,5,307.0,DT,True,6.856014098572675,48.182,40,1,1,17.373903258236542
253,DT,mlp,mushrooms,low,,6,44.0,DT,False,7.300148543474147,11.373,-40,0,0,17.373903258236542
253,DT,mlp,mushrooms,low,,7,373.0,DT,True,6.426291388335597,58.549,80,1,1,17.373903258236542
253,DT,mlp,mushrooms,low,,8,279.0,DT,True,6.353219000599063,18.389,80,1,1,17.373903258236542
253,DT,mlp,mushrooms,low,,9,140.0,DT,True,4.937746115855492,13.088,100,0,1,17.373903258236542
253,DT,mlp,mushrooms,low,,10,0.0,DT,True,6.295753480184758,26.719,-80,0,0,17.373903258236542
253,DT,mlp,mushrooms,low,,11,260.0,DT,True,6.205926242861526,15.476,100,1,0,17.373903258236542
253,DT,mlp,mushrooms,low,,12,29.0,DT,True,7.0525810196405505,21.07,-80,0,0,17.373903258236542
253,DT,mlp,mushrooms,low,,13,393.0,DT,True,7.080403433828677,20.024,-100,0,0,17.373903258236542
253,DT,mlp,mushrooms,low,,14,231.0,DT,False,5.205331272940345,47.774,20,1,1,17.373903258236542
253,DT,mlp,mushrooms,low,,15,326.0,DT,True,5.659451568772192,79.375,-80,0,0,17.373903258236542
253,DT,mlp,mushrooms,low,,16,306.0,DT,False,6.199293288432644,45.319,-40,0,1,17.373903258236542
253,DT,mlp,mushrooms,low,,17,369.0,DT,False,7.019210065418241,31.145,40,1,1,17.373903258236542
253,DT,mlp,mushrooms,low,,18,77.0,DT,False,7.080980580891119,43.405,40,0,0,17.373903258236542
253,DT,mlp,mushrooms,low,,19,138.0,DT,True,7.086022457724898,73.456,80,0,0,17.373903258236542
253,DT,mlp,mushrooms,low,,20,70.0,DT,True,7.089444018988378,49.69,-40,0,0,17.373903258236542
253,DT,mlp,mushrooms,low,,21,244.0,DT,False,5.734598367787536,31.306,-60,0,1,17.373903258236542
253,DT,mlp,mushrooms,low,,22,274.0,DT,False,6.937528540948568,37.839,60,1,1,17.373903258236542
253,DT,mlp,mushrooms,low,,23,177.0,DT,True,5.760890288961934,24.337,40,0,0,17.373903258236542
253,DT,mlp,mushrooms,low,,24,28.0,DT,False,7.05755202105778,24.149,80,1,0,17.373903258236542
253,DT,mlp,mushrooms,low,,25,149.0,DT,False,7.0418116952953955,11.801,80,1,1,17.373903258236542
253,DT,mlp,mushrooms,low,,26,91.0,DT,True,7.051141113462475,15.288,60,1,1,17.373903258236542
253,DT,mlp,mushrooms,low,,27,163.0,DT,True,7.049751378120346,19.541,100,1,1,17.373903258236542
253,DT,mlp,mushrooms,low,,28,85.0,DT,True,7.022861176203004,13.625,-100,0,0,17.373903258236542
253,DT,mlp,mushrooms,low,,29,33.0,DT,False,5.479586038377966,28.501,80,1,0,17.373903258236542
253,DT,mlp,mushrooms,low,,30,58.0,DT,False,5.9772221339586125,16.283,-80,0,0,17.373903258236542
253,DT,mlp,mushrooms,low,,31,124.0,DT,False,7.0048141600607545,10.896,-80,1,1,17.373903258236542
253,DT,mlp,mushrooms,low,,32,332.0,DT,True,6.960468988730616,21.34,-100,0,0,17.373903258236542
253,DT,mlp,mushrooms,low,,33,398.0,DT,False,7.010151601623604,12.993,100,1,1,17.373903258236542
253,DT,mlp,mushrooms,low,,34,168.0,DT,True,6.825017857828454,32.313,-80,0,1,17.373903258236542
253,DT,mlp,mushrooms,low,,35,20.0,DT,True,4.788116887529816,15.188,80,0,1,17.373903258236542
253,DT,mlp,mushrooms,low,,36,337.0,DT,False,6.969563830869403,26.362,-80,1,0,17.373903258236542
253,DT,mlp,mushrooms,low,,37,161.0,DT,False,6.928429258595198,10.456,20,1,1,17.373903258236542
253,DT,mlp,mushrooms,low,,38,316.0,DT,True,6.821644832132502,15.222,40,1,1,17.373903258236542
253,DT,mlp,mushrooms,low,,39,318.0,DT,True,7.000724797137917,14.51,-60,0,0,17.373903258236542
96,LR,mlp,mushrooms,low,,0,167.0,LR,False,6.313039612339393,28.438,40,1,1,23.83020171187664
96,LR,mlp,mushrooms,low,,1,107.0,LR,False,5.955377895621635,18.712,60,1,1,23.83020171187664
96,LR,mlp,mushrooms,low,,2,215.0,LR,True,6.170314459880073,33.794,-40,0,1,23.83020171187664
96,LR,mlp,mushrooms,low,,3,323.0,LR,False,5.828303738160459,25.179,40,1,1,23.83020171187664
96,LR,mlp,mushrooms,low,,4,158.0,LR,True,5.834401823461202,17.674,40,0,1,23.83020171187664
96,LR,mlp,mushrooms,low,,5,62.0,LR,False,5.942098544649626,25.208,40,0,1,23.83020171187664
96,LR,mlp,mushrooms,low,,6,396.0,LR,True,6.039410671904128,66.585,-60,0,0,23.83020171187664
96,LR,mlp,mushrooms,low,,7,393.0,LR,False,6.15252925937318,41.345,60,0,1,23.83020171187664
96,LR,mlp,mushrooms,low,,8,67.0,LR,True,6.114236968334347,87.147,-80,0,1,23.83020171187664
96,LR,mlp,mushrooms,low,,9,60.0,LR,True,8.935061640963601,51.607,60,1,1,23.83020171187664
96,LR,mlp,mushrooms,low,,10,11.0,LR,False,8.823837850696655,63.706,40,1,0,23.83020171187664
96,LR,mlp,mushrooms,low,,11,72.0,LR,False,9.000389285572567,17.341,-80,0,0,23.83020171187664
96,LR,mlp,mushrooms,low,,12,27.0,LR,True,8.805955541964867,65.835,80,1,1,23.83020171187664
96,LR,mlp,mushrooms,low,,13,76.0,LR,False,8.832767857473069,30.766,-60,1,1,23.83020171187664
96,LR,mlp,mushrooms,low,,14,195.0,LR,True,8.818316875683553,41.803,80,0,1,23.83020171187664
96,LR,mlp,mushrooms,low,,15,59.0,LR,False,8.995065110484598,9.489,-80,1,0,23.83020171187664
96,LR,mlp,mushrooms,low,,16,138.0,LR,True,8.84390435382368,75.265,100,0,0,23.83020171187664
96,LR,mlp,mushrooms,low,,17,384.0,LR,True,9.034403489573194,110.157,100,0,0,23.83020171187664
96,LR,mlp,mushrooms,low,,18,399.0,LR,False,8.941086430446262,13.43,40,1,0,23.83020171187664
96,LR,mlp,mushrooms,low,,19,118.0,LR,False,9.005188072338436,7.669,-60,0,1,23.83020171187664
96,LR,mlp,mushrooms,low,,20,327.0,LR,True,8.748392131815145,121.262,100,1,0,23.83020171187664
96,LR,mlp,mushrooms,low,,21,371.0,LR,False,8.796476523278917,29.502,-40,1,0,23.83020171187664
96,LR,mlp,mushrooms,low,,22,372.0,LR,True,8.096106921941375,97.87,-100,0,1,23.83020171187664
96,LR,mlp,mushrooms,low,,23,343.0,LR,False,8.917002859971529,4.894,-80,0,0,23.83020171187664
96,LR,mlp,mushrooms,low,,24,40.0,LR,True,8.796359246466917,102.47,-100,0,0,23.83020171187664
96,LR,mlp,mushrooms,low,,25,98.0,LR,True,8.815548659826002,14.779,80,1,0,23.83020171187664
96,LR,mlp,mushrooms,low,,26,302.0,LR,True,8.852032132055434,84.162,-100,0,1,23.83020171187664
96,LR,mlp,mushrooms,low,,27,131.0,LR,True,8.95163067610563,108.085,-100,0,0,23.83020171187664
96,LR,mlp,mushrooms,low,,28,316.0,LR,True,8.82659400998914,66.795,100,1,0,23.83020171187664
96,LR,mlp,mushrooms,low,,29,65.0,LR,True,8.801011483071672,51.728,100,1,0,23.83020171187664
96,LR,mlp,mushrooms,low,,30,149.0,LR,False,8.690415847018759,40.938,40,1,1,23.83020171187664
96,LR,mlp,mushrooms,low,,31,279.0,LR,True,8.610232120503097,52.395,-80,1,0,23.83020171187664
96,LR,mlp,mushrooms,low,,32,152.0,LR,False,8.685402480922905,6.904,40,0,0,23.83020171187664
96,LR,mlp,mushrooms,low,,33,89.0,LR,False,8.965042043236032,7.738,-60,0,1,23.83020171187664
96,LR,mlp,mushrooms,low,,34,262.0,LR,False,8.996171393208261,6.958,-80,0,0,23.83020171187664
96,LR,mlp,mushrooms,low,,35,301.0,LR,True,8.695203457213184,55.025,100,1,1,23.83020171187664
96,LR,mlp,mushrooms,low,,36,293.0,LR,True,8.890260100490307,67.564,-100,0,0,23.83020171187664
96,LR,mlp,mushrooms,low,,37,148.0,LR,False,8.723665303163262,12.256,80,1,0,23.83020171187664
96,LR,mlp,mushrooms,low,,38,276.0,LR,True,9.003181746178194,57.305,100,1,0,23.83020171187664
96,LR,mlp,mushrooms,low,,39,187.0,LR,True,8.718804579293277,47.863,100,1,0,23.83020171187664
16,DT,mlp,mushrooms,high,,0,232.0,DT,False,0.2009302626229168,302.34,20,0,0,18.707766920607774
16,DT,mlp,mushrooms,high,,1,9.0,DT,True,0.2009276830318111,63.7,-60,0,0,18.707766920607774
16,DT,mlp,mushrooms,high,,2,244.0,DT,False,0.2009251159862071,81.262,-20,0,1,18.707766920607774
16,DT,mlp,mushrooms,high,,3,318.0,DT,True,3.305159401209437,60.792,-80,0,0,18.707766920607774
16,DT,mlp,mushrooms,high,,4,367.0,DT,True,3.239038896608963,25.03,80,1,0,18.707766920607774
16,DT,mlp,mushrooms,high,,5,321.0,DT,False,5.740376178940842,50.684,-20,1,1,18.707766920607774
16,DT,mlp,mushrooms,high,,6,128.0,DT,False,6.981674322405281,85.211,20,1,1,18.707766920607774
16,DT,mlp,mushrooms,high,,7,81.0,DT,False,6.151914286392804,90.213,20,1,1,18.707766920607774
16,DT,mlp,mushrooms,high,,8,392.0,DT,True,6.034325015353015,67.938,100,0,0,18.707766920607774
16,DT,mlp,mushrooms,high,,9,127.0,DT,False,6.477975376317302,23.489,20,1,1,18.707766920607774
16,DT,mlp,mushrooms,high,,10,41.0,DT,False,6.514479463423625,41.702,-40,0,0,18.707766920607774
16,DT,mlp,mushrooms,high,,11,89.0,DT,False,8.441134353766778,17.433,-40,0,0,18.707766920607774
16,DT,mlp,mushrooms,high,,12,12.0,DT,False,3.4808239416956535,43.858,-20,0,0,18.707766920607774
16,DT,mlp,mushrooms,high,,13,388.0,DT,True,6.116384477663612,37.063,-40,0,0,18.707766920607774
16,DT,mlp,mushrooms,high,,14,94.0,DT,True,6.538662496703081,25.535,-80,0,0,18.707766920607774
16,DT,mlp,mushrooms,high,,15,13.0,DT,True,6.727494569163236,30.656,-80,0,0,18.707766920607774
16,DT,mlp,mushrooms,high,,16,43.0,DT,True,6.721293879748384,11.63,-80,1,1,18.707766920607774
16,DT,mlp,mushrooms,high,,17,236.0,DT,False,8.779393175193237,13.142,-60,0,0,18.707766920607774
16,DT,mlp,mushrooms,high,,18,153.0,DT,False,8.686440926872983,8.344,-80,0,0,18.707766920607774
16,DT,mlp,mushrooms,high,,19,96.0,DT,False,3.75155011604766,29.254,-20,0,0,18.707766920607774
16,DT,mlp,mushrooms,high,,20,192.0,DT,False,3.9109280379719946,29.387,-20,0,1,18.707766920607774
16,DT,mlp,mushrooms,high,,21,156.0,DT,True,3.5503463791371033,22.452,-100,0,1,18.707766920607774
16,DT,mlp,mushrooms,high,,22,87.0,DT,True,6.167934679070692,20.309,-100,0,1,18.707766920607774
16,DT,mlp,mushrooms,high,,23,10.0,DT,True,6.592854290592967,9.69,-100,1,0,18.707766920607774
16,DT,mlp,mushrooms,high,,24,175.0,DT,True,7.161067504527867,16.658,60,1,0,18.707766920607774
16,DT,mlp,mushrooms,high,,25,228.0,DT,False,4.019819228090204,22.616,-20,0,1,18.707766920607774
16,DT,mlp,mushrooms,high,,26,46.0,DT,True,7.315156456566928,17.884,80,1,1,18.707766920607774
16,DT,mlp,mushrooms,high,,27,262.0,DT,False,8.551534523545836,20.601,-60,0,0,18.707766920607774
16,DT,mlp,mushrooms,high,,28,290.0,DT,True,7.47872246766903,13.233,80,1,1,18.707766920607774
16,DT,mlp,mushrooms,high,,29,366.0,DT,False,8.832975478891443,21.515,-60,0,0,18.707766920607774
16,DT,mlp,mushrooms,high,,30,6.0,DT,False,10.605330881682184,19.761,20,1,1,18.707766920607774
16,DT,mlp,mushrooms,high,,31,165.0,DT,True,10.48753166488469,17.415,-60,0,0,18.707766920607774
16,DT,mlp,mushrooms,high,,32,341.0,DT,False,8.43690311994874,9.745,-80,1,0,18.707766920607774
16,DT,mlp,mushrooms,high,,33,85.0,DT,True,8.64372833833284,11.437,-60,0,0,18.707766920607774
16,DT,mlp,mushrooms,high,,34,204.0,DT,False,10.811824891311176,13.362,40,1,1,18.707766920607774
16,DT,mlp,mushrooms,high,,35,58.0,DT,True,3.9414043937980465,39.552,-60,0,1,18.707766920607774
16,DT,mlp,mushrooms,high,,36,398.0,DT,True,10.628543254677233,11.229,60,1,1,18.707766920607774
16,DT,mlp,mushrooms,high,,37,50.0,DT,False,10.600507033326718,38.584,-20,0,1,18.707766920607774
16,DT,mlp,mushrooms,high,,38,162.0,DT,True,10.570471214626338,17.736,80,1,1,18.707766920607774
16,DT,mlp,mushrooms,high,,39,14.0,DT,False,4.081235273200445,24.249,-20,0,1,18.707766920607774
94,DT,mlp,mushrooms,low,,0,288.0,DT,False,0.214335486999908,24.714,60,0,1,13.400223181546252
94,DT,mlp,mushrooms,low,,1,27.0,DT,True,0.2989433371580521,63.892,-60,1,1,13.400223181546252
94,DT,mlp,mushrooms,low,,2,37.0,DT,True,0.4243155003515622,20.298,60,1,1,13.400223181546252
94,DT,mlp,mushrooms,low,,3,60.0,DT,True,5.305451666153797,25.5,40,1,1,13.400223181546252
94,DT,mlp,mushrooms,low,,4,290.0,DT,True,5.135430219748267,13.301,60,1,1,13.400223181546252
94,DT,mlp,mushrooms,low,,5,272.0,DT,True,6.149502121434474,12.544,60,1,0,13.400223181546252
94,DT,mlp,mushrooms,low,,6,230.0,DT,True,5.137109350528096,7.555,60,1,1,13.400223181546252
94,DT,mlp,mushrooms,low,,7,106.0,DT,False,4.990724656157231,12.941,-80,0,1,13.400223181546252
94,DT,mlp,mushrooms,low,,8,274.0,DT,False,4.957174059061638,10.041,80,1,1,13.400223181546252
94,DT,mlp,mushrooms,low,,9,85.0,DT,True,5.175439520293437,9.002,-80,0,0,13.400223181546252
94,DT,mlp,mushrooms,low,,10,48.0,DT,True,3.4883689819821635,11.0,-40,0,1,13.400223181546252
94,DT,mlp,mushrooms,low,,11,269.0,DT,False,3.779499854322273,16.881,-80,0,0,13.400223181546252
94,DT,mlp,mushrooms,low,,12,254.0,DT,False,4.538259810711602,8.63,-80,0,1,13.400223181546252
94,DT,mlp,mushrooms,low,,13,228.0,DT,True,3.747434535090836,7.442,-80,0,0,13.400223181546252
94,DT,mlp,mushrooms,low,,14,13.0,DT,False,7.0611090185194065,12.386,-60,0,0,13.400223181546252
94,DT,mlp,mushrooms,low,,15,58.0,DT,True,4.046183206367596,10.449,-60,0,1,13.400223181546252
94,DT,mlp,mushrooms,low,,16,169.0,DT,True,5.1607636477043135,9.344,-60,0,0,13.400223181546252
94,DT,mlp,mushrooms,low,,17,81.0,DT,True,5.308713061823424,8.568,60,1,1,13.400223181546252
94,DT,mlp,mushrooms,low,,18,190.0,DT,False,7.055524126518804,10.233,40,1,1,13.400223181546252
94,DT,mlp,mushrooms,low,,19,54.0,DT,True,3.815192853991488,8.249,60,1,1,13.400223181546252
94,DT,mlp,mushrooms,low,,20,130.0,DT,False,6.993053053374644,10.945,60,1,1,13.400223181546252
94,DT,mlp,mushrooms,low,,21,117.0,DT,True,6.89816814223742,8.166,-80,0,1,13.400223181546252
94,DT,mlp,mushrooms,low,,22,163.0,DT,False,6.948323419663639,11.792,60,1,1,13.400223181546252
94,DT,mlp,mushrooms,low,,23,205.0,DT,True,5.082019170510537,9.163,-80,0,0,13.400223181546252
94,DT,mlp,mushrooms,low,,24,246.0,DT,True,7.042307777887958,7.6,60,1,1,13.400223181546252
94,DT,mlp,mushrooms,low,,25,147.0,DT,True,6.986830130209447,10.126,-80,1,0,13.400223181546252
94,DT,mlp,mushrooms,low,,26,90.0,DT,False,5.515315197805317,18.233,40,1,1,13.400223181546252
94,DT,mlp,mushrooms,low,,27,315.0,DT,False,5.89693754046164,8.654,-40,0,0,13.400223181546252
94,DT,mlp,mushrooms,low,,28,8.0,DT,True,7.0185956173044834,10.549,40,1,1,13.400223181546252
94,DT,mlp,mushrooms,low,,29,307.0,DT,True,6.976544971657265,8.029,60,1,1,13.400223181546252
94,DT,mlp,mushrooms,low,,30,178.0,DT,True,6.9429896737902075,8.97,40,1,1,13.400223181546252
94,DT,mlp,mushrooms,low,,31,39.0,DT,False,5.155610798417731,8.297,-40,0,1,13.400223181546252
94,DT,mlp,mushrooms,low,,32,111.0,DT,True,6.96536588574276,8.657,-80,0,0,13.400223181546252
94,DT,mlp,mushrooms,low,,33,77.0,DT,False,6.92677329194397,11.665,-80,0,0,13.400223181546252
94,DT,mlp,mushrooms,low,,34,338.0,DT,True,4.517881223946538,8.079,-60,0,1,13.400223181546252
94,DT,mlp,mushrooms,low,,35,131.0,DT,False,6.925282119735145,9.341,-60,0,0,13.400223181546252
94,DT,mlp,mushrooms,low,,36,7.0,DT,True,6.979390846731748,9.261,60,0,1,13.400223181546252
94,DT,mlp,mushrooms,low,,37,351.0,DT,False,5.648064385071923,16.967,-40,0,0,13.400223181546252
94,DT,mlp,mushrooms,low,,38,347.0,DT,True,6.918129286982414,7.172,60,1,1,13.400223181546252
94,DT,mlp,mushrooms,low,,39,283.0,DT,False,6.916588117374649,9.68,40,1,1,13.400223181546252
101,DT,mlp,mushrooms,low,,0,389.0,DT,False,0.2996677317110882,80.092,-20,0,1,19.49692583384777
101,DT,mlp,mushrooms,low,,1,340.0,DT,False,0.2216946048367657,44.325,40,0,1,19.49692583384777
101,DT,mlp,mushrooms,low,,2,232.0,DT,False,0.3622363316498289,29.046,40,0,0,19.49692583384777
101,DT,mlp,mushrooms,low,,3,338.0,DT,False,0.3947813569443878,14.952,-40,0,1,19.49692583384777
101,DT,mlp,mushrooms,low,,4,317.0,DT,True,0.5460946509730307,73.382,-20,0,0,19.49692583384777
101,DT,mlp,mushrooms,low,,5,236.0,DT,True,0.5421210358024664,53.384,20,0,1,19.49692583384777
101,DT,mlp,mushrooms,low,,6,215.0,DT,True,5.4548025402927385,35.572,-60,0,0,19.49692583384777
101,DT,mlp,mushrooms,low,,7,163.0,DT,False,5.466332444908906,12.883,20,1,1,19.49692583384777
101,DT,mlp,mushrooms,low,,8,87.0,DT,True,5.463928485191054,20.542,40,0,0,19.49692583384777
101,DT,mlp,mushrooms,low,,9,155.0,DT,True,5.4468147121666295,15.692,80,1,1,19.49692583384777
101,DT,mlp,mushrooms,low,,10,315.0,DT,False,5.218111512909704,19.919,-40,0,0,19.49692583384777
101,DT,mlp,mushrooms,low,,11,213.0,DT,True,5.436770035469775,19.126,100,1,1,19.49692583384777
101,DT,mlp,mushrooms,low,,12,391.0,DT,False,7.203798632827324,24.038,-20,1,0,19.49692583384777
101,DT,mlp,mushrooms,low,,13,314.0,DT,True,5.289834222926824,28.979,80,0,1,19.49692583384777
101,DT,mlp,mushrooms,low,,14,211.0,DT,True,5.414630903076967,30.072,-40,1,0,19.49692583384777
101,DT,mlp,mushrooms,low,,15,161.0,DT,True,5.322462471721186,25.306,20,1,1,19.49692583384777
101,DT,mlp,mushrooms,low,,16,216.0,DT,False,6.885929664327441,49.288,20,1,0,19.49692583384777
101,DT,mlp,mushrooms,low,,17,72.0,DT,True,5.0571837330450595,24.036,-60,0,0,19.49692583384777
101,DT,mlp,mushrooms,low,,18,381.0,DT,False,7.031280259738647,21.582,-20,1,1,19.49692583384777
101,DT,mlp,mushrooms,low,,19,146.0,DT,False,7.014919802448822,21.168,20,1,1,19.49692583384777
101,DT,mlp,mushrooms,low,,20,370.0,DT,True,5.087859089463325,35.384,-60,1,0,19.49692583384777
101,DT,mlp,mushrooms,low,,21,136.0,DT,True,4.882483763395497,21.89,40,0,0,19.49692583384777
101,DT,mlp,mushrooms,low,,22,51.0,DT,False,4.1844742008931535,20.881,-40,0,0,19.49692583384777
101,DT,mlp,mushrooms,low,,23,217.0,DT,False,7.009574835743324,13.426,20,1,1,19.49692583384777
101,DT,mlp,mushrooms,low,,24,356.0,DT,True,4.998695461794369,29.918,20,1,1,19.49692583384777
101,DT,mlp,mushrooms,low,,25,22.0,DT,False,6.928800786578132,24.458,-20,1,1,19.49692583384777
101,DT,mlp,mushrooms,low,,26,31.0,DT,False,3.9477261284037217,13.387,-40,0,1,19.49692583384777
101,DT,mlp,mushrooms,low,,27,24.0,DT,False,6.970823616299055,12.875,40,0,1,19.49692583384777
101,DT,mlp,mushrooms,low,,28,293.0,DT,True,4.954837898290446,19.851,-80,0,0,19.49692583384777
101,DT,mlp,mushrooms,low,,29,397.0,DT,False,4.094089452234463,24.379,-40,0,0,19.49692583384777
101,DT,mlp,mushrooms,low,,30,188.0,DT,False,6.997264057360028,12.786,-40,0,0,19.49692583384777
101,DT,mlp,mushrooms,low,,31,2.0,DT,True,5.020323597036736,26.911,60,1,1,19.49692583384777
101,DT,mlp,mushrooms,low,,32,191.0,DT,False,6.911150883107496,13.384,-60,0,0,19.49692583384777
101,DT,mlp,mushrooms,low,,33,154.0,DT,False,6.836481264696491,10.448,40,1,1,19.49692583384777
101,DT,mlp,mushrooms,low,,34,241.0,DT,True,6.954006049905501,14.478,80,1,1,19.49692583384777
101,DT,mlp,mushrooms,low,,35,283.0,DT,True,6.798643817567936,12.726,100,1,1,19.49692583384777
101,DT,mlp,mushrooms,low,,36,382.0,DT,True,6.829875057482432,10.63,-100,0,0,19.49692583384777
101,DT,mlp,mushrooms,low,,37,386.0,DT,True,6.812178985782255,13.654,100,1,1,19.49692583384777
101,DT,mlp,mushrooms,low,,38,331.0,DT,True,6.961544451248243,14.515,-80,0,0,19.49692583384777
101,DT,mlp,mushrooms,low,,39,79.0,DT,True,6.794203762684709,12.573,-100,1,0,19.49692583384777
66,DT,mlp,mushrooms,high,,0,301.0,DT,False,0.2041207979529949,20.193,40,1,1,17.12263618590491
66,DT,mlp,mushrooms,high,,1,137.0,DT,True,0.2017368050268649,19.703,-40,0,1,17.12263618590491
66,DT,mlp,mushrooms,high,,2,280.0,DT,False,0.2014695684581381,6.208,60,1,1,17.12263618590491
66,DT,mlp,mushrooms,high,,3,183.0,DT,True,3.174255289170875,15.601,100,0,0,17.12263618590491
66,DT,mlp,mushrooms,high,,4,374.0,DT,False,2.6077769497829517,5.355,-20,0,0,17.12263618590491
66,DT,mlp,mushrooms,high,,5,328.0,DT,True,5.7068967456868345,36.925,100,1,1,17.12263618590491
66,DT,mlp,mushrooms,high,,6,188.0,DT,True,5.99650207562836,26.972,-100,0,0,17.12263618590491
66,DT,mlp,mushrooms,high,,7,372.0,DT,True,3.461305174454549,21.062,-100,0,0,17.12263618590491
66,DT,mlp,mushrooms,high,,8,62.0,DT,False,6.957876983144826,10.853,60,0,0,17.12263618590491
66,DT,mlp,mushrooms,high,,9,113.0,DT,True,6.649981554397422,27.225,-100,0,0,17.12263618590491
66,DT,mlp,mushrooms,high,,10,74.0,DT,False,8.26296161217911,21.076,40,1,0,17.12263618590491
66,DT,mlp,mushrooms,high,,11,250.0,DT,False,8.24433741638439,30.024,60,1,0,17.12263618590491
66,DT,mlp,mushrooms,high,,12,7.0,DT,True,7.302900636451983,14.535,-100,0,1,17.12263618590491
66,DT,mlp,mushrooms,high,,13,213.0,DT,True,7.455861360685401,16.377,100,1,1,17.12263618590491
66,DT,mlp,mushrooms,high,,14,349.0,DT,True,7.534341888101793,11.425,-100,0,0,17.12263618590491
66,DT,mlp,mushrooms,high,,15,222.0,DT,True,7.580378646597349,21.356,-100,0,0,17.12263618590491
66,DT,mlp,mushrooms,high,,16,114.0,DT,False,8.521222282021487,16.658,-80,1,0,17.12263618590491
66,DT,mlp,mushrooms,high,,17,181.0,DT,True,7.001692211862933,17.774,100,1,1,17.12263618590491
66,DT,mlp,mushrooms,high,,18,315.0,DT,True,3.5039389037776387,16.086,-100,0,1,17.12263618590491
66,DT,mlp,mushrooms,high,,19,47.0,DT,False,10.719498666821028,14.407,100,0,0,17.12263618590491
66,DT,mlp,mushrooms,high,,20,129.0,DT,False,4.497425039959034,40.25,-20,0,0,17.12263618590491
66,DT,mlp,mushrooms,high,,21,399.0,DT,False,10.81290791630643,23.919,80,1,0,17.12263618590491
66,DT,mlp,mushrooms,high,,22,350.0,DT,True,8.76145620422138,11.75,-100,1,0,17.12263618590491
66,DT,mlp,mushrooms,high,,23,5.0,DT,False,8.52720430461119,14.48,-100,0,0,17.12263618590491
66,DT,mlp,mushrooms,high,,24,308.0,DT,True,9.598958557853978,13.485,100,1,1,17.12263618590491
66,DT,mlp,mushrooms,high,,25,90.0,DT,True,3.999002364593121,12.24,100,1,0,17.12263618590491
66,DT,mlp,mushrooms,high,,26,116.0,DT,True,10.678248611532211,13.699,-100,1,0,17.12263618590491
66,DT,mlp,mushrooms,high,,27,383.0,DT,True,10.54949590438108,24.017,100,1,1,17.12263618590491
66,DT,mlp,mushrooms,high,,28,19.0,DT,False,10.63965410422967,21.801,40,1,0,17.12263618590491
66,DT,mlp,mushrooms,high,,29,76.0,DT,False,10.752838936722982,9.825,40,1,1,17.12263618590491
66,DT,mlp,mushrooms,high,,30,98.0,DT,True,10.719352093410214,11.849,100,1,1,17.12263618590491
66,DT,mlp,mushrooms,high,,31,291.0,DT,True,4.172898723926051,9.322,-100,0,0,17.12263618590491
66,DT,mlp,mushrooms,high,,32,393.0,DT,False,8.72000142809053,8.609,-100,0,0,17.12263618590491
66,DT,mlp,mushrooms,high,,33,368.0,DT,False,10.480271491765494,16.65,20,1,1,17.12263618590491
66,DT,mlp,mushrooms,high,,34,247.0,DT,False,10.38747751975695,13.001,20,1,1,17.12263618590491
66,DT,mlp,mushrooms,high,,35,147.0,DT,True,8.605203666891441,16.864,-100,1,0,17.12263618590491
66,DT,mlp,mushrooms,high,,36,300.0,DT,False,8.496845749344487,10.688,-100,1,1,17.12263618590491
66,DT,mlp,mushrooms,high,,37,36.0,DT,False,8.662359374944131,11.226,-100,1,0,17.12263618590491
66,DT,mlp,mushrooms,high,,38,49.0,DT,False,10.542283542190509,13.625,80,1,0,17.12263618590491
66,DT,mlp,mushrooms,high,,39,332.0,DT,True,8.487842476121271,11.491,-100,0,0,17.12263618590491
283,DT,mlp,mushrooms,high,,0,266.0,DT,False,0.2009302626229168,11.086,-60,0,0,34.9626669043193
283,DT,mlp,mushrooms,high,,1,197.0,DT,True,0.2009276830318111,12.861,60,0,1,34.9626669043193
283,DT,mlp,mushrooms,high,,2,291.0,DT,True,0.2009251159862071,3.381,-80,0,1,34.9626669043193
283,DT,mlp,mushrooms,high,,3,316.0,DT,False,5.6001707354800985,1.827,-60,1,1,34.9626669043193
283,DT,mlp,mushrooms,high,,4,211.0,DT,False,6.098592698145587,2.35,60,1,0,34.9626669043193
283,DT,mlp,mushrooms,high,,5,144.0,DT,False,4.665515073046166,1.69,-60,0,0,34.9626669043193
283,DT,mlp,mushrooms,high,,6,323.0,DT,False,4.444939169864266,2.033,-80,1,1,34.9626669043193
283,DT,mlp,mushrooms,high,,7,259.0,DT,False,4.494718386153213,2.026,80,0,1,34.9626669043193
283,DT,mlp,mushrooms,high,,8,385.0,DT,False,2.986319536067799,1.57,-80,0,1,34.9626669043193
283,DT,mlp,mushrooms,high,,9,186.0,DT,True,2.767777637180257,18.805,-80,0,0,34.9626669043193
283,DT,mlp,mushrooms,high,,10,373.0,DT,False,3.681433865654428,3.523,100,1,1,34.9626669043193
283,DT,mlp,mushrooms,high,,11,269.0,DT,False,4.849370601958494,2.334,-100,0,1,34.9626669043193
283,DT,mlp,mushrooms,high,,12,84.0,DT,False,4.535324329003557,2.868,100,1,0,34.9626669043193
283,DT,mlp,mushrooms,high,,13,132.0,DT,False,3.87414241794049,3.276,-80,0,0,34.9626669043193
283,DT,mlp,mushrooms,high,,14,60.0,DT,True,4.301232995607972,10.49,100,1,1,34.9626669043193
283,DT,mlp,mushrooms,high,,15,250.0,DT,False,3.991833267007259,3.961,40,1,1,34.9626669043193
283,DT,mlp,mushrooms,high,,16,127.0,DT,False,7.148782644502915,3.571,-40,1,1,34.9626669043193
283,DT,mlp,mushrooms,high,,17,101.0,DT,True,6.932538255685414,2.721,60,1,0,34.9626669043193
283,DT,mlp,mushrooms,high,,18,185.0,DT,False,6.162127324064956,1.794,60,0,1,34.9626669043193
283,DT,mlp,mushrooms,high,,19,322.0,DT,True,6.371309668330697,2.136,80,0,0,34.9626669043193
283,DT,mlp,mushrooms,high,,20,381.0,DT,True,7.305827882275902,3.441,40,1,0,34.9626669043193
283,DT,mlp,mushrooms,high,,21,213.0,DT,True,7.280407580148269,1.78,60,1,1,34.9626669043193
283,DT,mlp,mushrooms,high,,22,390.0,DT,False,10.498296699363769,2.547,-80,0,1,34.9626669043193
283,DT,mlp,mushrooms,high,,23,39.0,DT,True,3.448628266909336,3.29,-60,0,1,34.9626669043193
283,DT,mlp,mushrooms,high,,24,263.0,DT,False,10.693450024644516,5.033,60,1,1,34.9626669043193
283,DT,mlp,mushrooms,high,,25,13.0,DT,False,8.727729120829851,1.901,60,0,0,34.9626669043193
283,DT,mlp,mushrooms,high,,26,88.0,DT,True,7.39310109871528,4.912,80,1,1,34.9626669043193
283,DT,mlp,mushrooms,high,,27,341.0,DT,True,6.639645824422145,2.247,100,1,1,34.9626669043193
283,DT,mlp,mushrooms,high,,28,270.0,DT,False,10.692100197786914,2.027,60,1,1,34.9626669043193
283,DT,mlp,mushrooms,high,,29,367.0,DT,True,7.293437942497699,2.465,-60,1,1,34.9626669043193
283,DT,mlp,mushrooms,high,,30,27.0,DT,True,7.623813346422976,2.3,60,1,1,34.9626669043193
283,DT,mlp,mushrooms,high,,31,284.0,DT,True,7.79469199365032,3.4,60,0,1,34.9626669043193
283,DT,mlp,mushrooms,high,,32,315.0,DT,False,4.040715788154921,2.425,-100,0,0,34.9626669043193
283,DT,mlp,mushrooms,high,,33,2.0,DT,False,10.582857048067304,2.733,100,1,1,34.9626669043193
283,DT,mlp,mushrooms,high,,34,116.0,DT,True,6.729156100266376,3.527,-100,1,1,34.9626669043193
283,DT,mlp,mushrooms,high,,35,329.0,DT,True,6.957723339067288,10.201,100,1,1,34.9626669043193
283,DT,mlp,mushrooms,high,,36,149.0,DT,True,7.461256021141375,1.769,80,1,1,34.9626669043193
283,DT,mlp,mushrooms,high,,37,33.0,DT,False,4.036622422881868,1.747,80,1,1,34.9626669043193
283,DT,mlp,mushrooms,high,,38,343.0,DT,False,8.472832004960335,1.748,80,0,0,34.9626669043193
283,DT,mlp,mushrooms,high,,39,260.0,DT,True,7.0276729778096,3.429,-100,1,0,34.9626669043193
44,DT,mlp,mushrooms,high,,0,320.0,DT,False,0.2009302626229168,20.135,80,0,1,29.942895057666725
44,DT,mlp,mushrooms,high,,1,216.0,DT,False,0.2009276830318111,4.107,40,1,1,29.942895057666725
44,DT,mlp,mushrooms,high,,2,213.0,DT,False,0.2041153612795317,3.244,80,1,1,29.942895057666725
44,DT,mlp,mushrooms,high,,3,227.0,DT,True,0.2017298118963246,5.386,100,1,0,29.942895057666725
44,DT,mlp,mushrooms,high,,4,371.0,DT,True,0.2046530813166832,4.595,20,1,1,29.942895057666725
44,DT,mlp,mushrooms,high,,5,377.0,DT,False,5.595565382209968,2.897,-80,0,1,29.942895057666725
44,DT,mlp,mushrooms,high,,6,25.0,DT,True,5.595727546023789,2.655,40,1,0,29.942895057666725
44,DT,mlp,mushrooms,high,,7,155.0,DT,True,6.752160693027284,2.869,80,1,1,29.942895057666725
44,DT,mlp,mushrooms,high,,8,54.0,DT,True,3.877702371486704,2.679,100,1,0,29.942895057666725
44,DT,mlp,mushrooms,high,,9,372.0,DT,True,3.739304633823574,3.248,100,0,1,29.942895057666725
44,DT,mlp,mushrooms,high,,10,316.0,DT,True,7.709348787815801,8.555,60,1,1,29.942895057666725
44,DT,mlp,mushrooms,high,,11,121.0,DT,True,6.547757189722938,8.334,40,0,0,29.942895057666725
44,DT,mlp,mushrooms,high,,12,69.0,DT,False,7.601624629137651,4.542,20,1,1,29.942895057666725
44,DT,mlp,mushrooms,high,,13,214.0,DT,False,10.365040977067697,2.097,20,1,1,29.942895057666725
44,DT,mlp,mushrooms,high,,14,158.0,DT,True,6.372824674759555,3.003,-20,0,1,29.942895057666725
44,DT,mlp,mushrooms,high,,15,35.0,DT,False,11.037386022517712,3.236,40,0,1,29.942895057666725
44,DT,mlp,mushrooms,high,,16,99.0,DT,False,10.408104614835262,6.508,80,0,0,29.942895057666725
44,DT,mlp,mushrooms,high,,17,370.0,DT,False,8.329847864958856,11.264,20,1,0,29.942895057666725
44,DT,mlp,mushrooms,high,,18,388.0,DT,True,6.868045994639153,3.087,-20,0,0,29.942895057666725
44,DT,mlp,mushrooms,high,,19,177.0,DT,False,4.22511960368666,2.704,60,0,0,29.942895057666725
44,DT,mlp,mushrooms,high,,20,144.0,DT,True,6.827200098040996,4.792,-20,0,0,29.942895057666725
44,DT,mlp,mushrooms,high,,21,260.0,DT,True,7.655197315910543,4.092,40,1,1,29.942895057666725
44,DT,mlp,mushrooms,high,,22,328.0,DT,False,10.3839765572969,2.206,40,1,1,29.942895057666725
44,DT,mlp,mushrooms,high,,23,193.0,DT,True,7.243600878158601,3.855,20,0,0,29.942895057666725
44,DT,mlp,mushrooms,high,,24,352.0,DT,True,7.339707251570458,9.276,-20,1,0,29.942895057666725
44,DT,mlp,mushrooms,high,,25,285.0,DT,True,4.020264005379575,4.295,40,0,0,29.942895057666725
44,DT,mlp,mushrooms,high,,26,325.0,DT,True,8.61924189671992,3.432,-80,0,0,29.942895057666725
44,DT,mlp,mushrooms,high,,27,77.0,DT,False,8.731769191776605,3.618,-100,0,0,29.942895057666725
44,DT,mlp,mushrooms,high,,28,358.0,DT,False,10.363358514783467,2.751,20,1,1,29.942895057666725
44,DT,mlp,mushrooms,high,,29,32.0,DT,False,10.719243275021045,3.866,20,0,1,29.942895057666725
44,DT,mlp,mushrooms,high,,30,174.0,DT,False,10.230361705475312,3.015,-20,1,1,29.942895057666725
44,DT,mlp,mushrooms,high,,31,101.0,DT,False,10.30559955695567,3.036,-40,1,1,29.942895057666725
44,DT,mlp,mushrooms,high,,32,10.0,DT,True,8.430186608044808,4.614,-80,1,1,29.942895057666725
44,DT,mlp,mushrooms,high,,33,338.0,DT,False,3.944870130148261,5.216,20,0,0,29.942895057666725
44,DT,mlp,mushrooms,high,,34,280.0,DT,True,10.451961097619296,5.285,-20,1,1,29.942895057666725
44,DT,mlp,mushrooms,high,,35,60.0,DT,True,10.37780143513054,4.003,-40,1,1,29.942895057666725
44,DT,mlp,mushrooms,high,,36,226.0,DT,False,10.496019269133267,3.922,20,1,1,29.942895057666725
44,DT,mlp,mushrooms,high,,37,62.0,DT,True,8.384126000609108,3.142,-40,0,0,29.942895057666725
44,DT,mlp,mushrooms,high,,38,399.0,DT,True,10.624900178581912,3.897,-20,1,1,29.942895057666725
44,DT,mlp,mushrooms,high,,39,293.0,DT,False,8.647623654355078,2.54,-40,0,0,29.942895057666725
99,DT,mlp,mushrooms,high,,0,126.0,DT,False,0.2041207979529949,55.674,20,0,1,21.56984458333081
99,DT,mlp,mushrooms,high,,1,36.0,DT,True,0.2017368050268649,61.655,-100,1,1,21.56984458333081
99,DT,mlp,mushrooms,high,,2,238.0,DT,False,0.2014695684581381,25.935,-20,1,0,21.56984458333081
99,DT,mlp,mushrooms,high,,3,303.0,DT,True,6.122740264131954,21.328,-100,0,0,21.56984458333081
99,DT,mlp,mushrooms,high,,4,73.0,DT,True,5.069321293966726,15.872,-100,0,0,21.56984458333081
99,DT,mlp,mushrooms,high,,5,163.0,DT,False,5.682179871479931,5.506,100,1,1,21.56984458333081
99,DT,mlp,mushrooms,high,,6,368.0,DT,True,5.680804003551984,8.278,-100,1,0,21.56984458333081
99,DT,mlp,mushrooms,high,,7,352.0,DT,True,5.600250510764229,9.3,-100,1,1,21.56984458333081
99,DT,mlp,mushrooms,high,,8,228.0,DT,False,3.691898722849285,8.104,-20,0,0,21.56984458333081
99,DT,mlp,mushrooms,high,,9,90.0,DT,True,3.5832065234531787,16.044,100,1,0,21.56984458333081
99,DT,mlp,mushrooms,high,,10,16.0,DT,True,7.3799329699894125,13.9,100,0,1,21.56984458333081
99,DT,mlp,mushrooms,high,,11,329.0,DT,True,7.560255382752298,18.534,100,1,1,21.56984458333081
99,DT,mlp,mushrooms,high,,12,346.0,DT,False,7.170395771852925,8.633,-100,1,1,21.56984458333081
99,DT,mlp,mushrooms,high,,13,183.0,DT,True,6.786995922324815,14.875,-100,0,0,21.56984458333081
99,DT,mlp,mushrooms,high,,14,99.0,DT,False,10.434892377580391,9.012,40,0,1,21.56984458333081
99,DT,mlp,mushrooms,high,,15,395.0,DT,True,6.791387534296511,8.298,-100,0,0,21.56984458333081
99,DT,mlp,mushrooms,high,,16,197.0,DT,True,6.530947331421784,7.154,-100,0,0,21.56984458333081
99,DT,mlp,mushrooms,high,,17,121.0,DT,False,8.657780213136775,3.754,-100,0,0,21.56984458333081
99,DT,mlp,mushrooms,high,,18,331.0,DT,True,6.548737684210471,6.562,-100,0,0,21.56984458333081
99,DT,mlp,mushrooms,high,,19,399.0,DT,False,10.438595299134986,3.606,-100,1,1,21.56984458333081
99,DT,mlp,mushrooms,high,,20,365.0,DT,True,3.4679530312252904,12.686,-100,0,1,21.56984458333081
99,DT,mlp,mushrooms,high,,21,198.0,DT,True,3.413914528422477,10.03,-100,0,0,21.56984458333081
99,DT,mlp,mushrooms,high,,22,53.0,DT,False,10.252561405193871,10.21,60,1,1,21.56984458333081
99,DT,mlp,mushrooms,high,,23,396.0,DT,True,3.9739368094415912,9.741,-100,0,0,21.56984458333081
99,DT,mlp,mushrooms,high,,24,367.0,DT,False,10.207365185954426,13.472,20,1,1,21.56984458333081
99,DT,mlp,mushrooms,high,,25,297.0,DT,True,6.653705596968808,5.064,-100,0,1,21.56984458333081
99,DT,mlp,mushrooms,high,,26,393.0,DT,True,8.752262229231945,4.176,-100,0,0,21.56984458333081
99,DT,mlp,mushrooms,high,,27,260.0,DT,False,10.45706622492529,4.522,20,1,1,21.56984458333081
99,DT,mlp,mushrooms,high,,28,310.0,DT,False,10.048373932358686,5.96,-20,1,1,21.56984458333081
99,DT,mlp,mushrooms,high,,29,254.0,DT,True,4.209325164652661,9.299,-100,0,0,21.56984458333081
99,DT,mlp,mushrooms,high,,30,214.0,DT,False,10.023746697557652,11.304,40,1,1,21.56984458333081
99,DT,mlp,mushrooms,high,,31,305.0,DT,True,9.65504771292234,11.865,-80,1,0,21.56984458333081
99,DT,mlp,mushrooms,high,,32,257.0,DT,False,8.564363821438402,4.036,-100,1,0,21.56984458333081
99,DT,mlp,mushrooms,high,,33,381.0,DT,True,10.573072752763682,12.296,60,1,1,21.56984458333081
99,DT,mlp,mushrooms,high,,34,241.0,DT,True,10.061116339152772,11.75,100,1,1,21.56984458333081
99,DT,mlp,mushrooms,high,,35,58.0,DT,True,4.194050530375182,10.271,-100,0,1,21.56984458333081
99,DT,mlp,mushrooms,high,,36,220.0,DT,False,10.018472840981632,14.991,-40,0,0,21.56984458333081
99,DT,mlp,mushrooms,high,,37,128.0,DT,False,10.172176479708876,9.448,40,1,1,21.56984458333081
99,DT,mlp,mushrooms,high,,38,328.0,DT,False,10.54929500081214,3.843,-100,1,1,21.56984458333081
99,DT,mlp,mushrooms,high,,39,185.0,DT,True,8.671502962949077,3.952,-100,0,0,21.56984458333081
232,DT,mlp,mushrooms,high,,0,227.0,DT,False,0.2009302626229168,36.92,-20,1,0,29.279623943487884
232,DT,mlp,mushrooms,high,,1,88.0,DT,True,0.2009276830318111,68.829,-40,1,0,29.279623943487884
232,DT,mlp,mushrooms,high,,2,256.0,DT,False,0.2009251159862071,25.231,40,1,1,29.279623943487884
232,DT,mlp,mushrooms,high,,3,320.0,DT,True,5.9094146626270705,38.474,-60,0,1,29.279623943487884
232,DT,mlp,mushrooms,high,,4,197.0,DT,True,4.549338736065908,40.583,-80,0,1,29.279623943487884
232,DT,mlp,mushrooms,high,,5,281.0,DT,True,6.584397187975615,35.082,20,1,0,29.279623943487884
232,DT,mlp,mushrooms,high,,6,101.0,DT,True,6.820832305759687,50.784,-20,1,0,29.279623943487884
232,DT,mlp,mushrooms,high,,7,108.0,DT,False,6.0928475557486035,17.73,-60,0,0,29.279623943487884
232,DT,mlp,mushrooms,high,,8,224.0,DT,True,7.140216992373626,39.882,-20,1,0,29.279623943487884
232,DT,mlp,mushrooms,high,,9,143.0,DT,True,7.463054531755773,50.989,-100,1,1,29.279623943487884
232,DT,mlp,mushrooms,high,,10,4.0,DT,True,6.8976766154493925,45.846,-80,1,0,29.279623943487884
232,DT,mlp,mushrooms,high,,11,213.0,DT,False,10.72440357731148,9.156,40,1,0,29.279623943487884
232,DT,mlp,mushrooms,high,,12,204.0,DT,True,7.3777374600885555,43.105,-20,1,1,29.279623943487884
232,DT,mlp,mushrooms,high,,13,362.0,DT,True,9.267841586590222,36.994,100,1,0,29.279623943487884
232,DT,mlp,mushrooms,high,,14,166.0,DT,True,8.999728933878881,21.757,80,1,1,29.279623943487884
232,DT,mlp,mushrooms,high,,15,302.0,DT,True,7.498907225167391,30.301,-80,0,0,29.279623943487884
232,DT,mlp,mushrooms,high,,16,141.0,DT,True,9.17677455120079,14.976,-100,1,1,29.279623943487884
232,DT,mlp,mushrooms,high,,17,306.0,DT,False,4.198580396246878,23.091,-60,0,0,29.279623943487884
232,DT,mlp,mushrooms,high,,18,11.0,DT,False,9.93028945624896,13.68,20,1,0,29.279623943487884
232,DT,mlp,mushrooms,high,,19,349.0,DT,True,6.73289631401184,20.393,-80,0,0,29.279623943487884
232,DT,mlp,mushrooms,high,,20,241.0,DT,False,10.090280245865284,9.481,40,1,1,29.279623943487884
232,DT,mlp,mushrooms,high,,21,33.0,DT,False,4.125207685674597,8.763,40,1,0,29.279623943487884
232,DT,mlp,mushrooms,high,,22,202.0,DT,True,10.502530863889502,31.173,80,1,1,29.279623943487884
232,DT,mlp,mushrooms,high,,23,398.0,DT,False,10.515068880863277,11.4,60,1,1,29.279623943487884
232,DT,mlp,mushrooms,high,,24,188.0,DT,False,8.434304389901756,9.725,80,0,0,29.279623943487884
232,DT,mlp,mushrooms,high,,25,312.0,DT,True,10.575727994216775,25.195,100,1,1,29.279623943487884
232,DT,mlp,mushrooms,high,,26,155.0,DT,True,10.754406783251389,23.357,100,1,1,29.279623943487884
232,DT,mlp,mushrooms,high,,27,391.0,DT,False,8.533627856985934,15.136,40,1,0,29.279623943487884
232,DT,mlp,mushrooms,high,,28,54.0,DT,False,4.327339233937515,16.598,-20,1,1,29.279623943487884
232,DT,mlp,mushrooms,high,,29,130.0,DT,False,10.169751306815964,12.539,60,1,1,29.279623943487884
232,DT,mlp,mushrooms,high,,30,70.0,DT,True,8.623621727569615,19.854,-60,0,0,29.279623943487884
232,DT,mlp,mushrooms,high,,31,194.0,DT,True,8.216190213911142,17.234,-80,0,0,29.279623943487884
232,DT,mlp,mushrooms,high,,32,138.0,DT,True,8.72152607564464,27.982,100,0,0,29.279623943487884
232,DT,mlp,mushrooms,high,,33,258.0,DT,False,8.440147557169794,6.97,60,0,0,29.279623943487884
232,DT,mlp,mushrooms,high,,34,348.0,DT,True,10.44734539673279,26.46,100,1,1,29.279623943487884
232,DT,mlp,mushrooms,high,,35,135.0,DT,True,8.499288245225538,30.279,-100,0,0,29.279623943487884
232,DT,mlp,mushrooms,high,,36,273.0,DT,True,8.739387645354022,15.38,-100,1,0,29.279623943487884
232,DT,mlp,mushrooms,high,,37,235.0,DT,True,10.511726553803657,22.844,80,1,1,29.279623943487884
232,DT,mlp,mushrooms,high,,38,44.0,DT,False,8.302642809372491,11.322,60,0,0,29.279623943487884
232,DT,mlp,mushrooms,high,,39,107.0,DT,False,10.204234207354016,9.006,60,1,0,29.279623943487884
187,DT,mlp,mushrooms,low,,0,162.0,DT,False,0.2110866141075085,20.052,-20,1,1,53.110668652370514
187,DT,mlp,mushrooms,low,,1,326.0,DT,True,0.2826382731867192,21.041,20,0,0,53.110668652370514
187,DT,mlp,mushrooms,low,,2,237.0,DT,True,0.323286443044341,12.506,-20,1,0,53.110668652370514
187,DT,mlp,mushrooms,low,,3,199.0,DT,True,3.1646509099572167,50.5,-20,1,1,53.110668652370514
187,DT,mlp,mushrooms,low,,4,344.0,DT,False,5.609926415971961,7.55,20,0,0,53.110668652370514
187,DT,mlp,mushrooms,low,,5,229.0,DT,False,5.67592831986104,12.805,-20,0,0,53.110668652370514
187,DT,mlp,mushrooms,low,,6,154.0,DT,False,5.42131972452825,8.205,40,1,1,53.110668652370514
187,DT,mlp,mushrooms,low,,7,277.0,DT,False,5.470680321225995,3.628,40,1,1,53.110668652370514
187,DT,mlp,mushrooms,low,,8,306.0,DT,True,4.865203227949358,8.72,-60,0,0,53.110668652370514
187,DT,mlp,mushrooms,low,,9,169.0,DT,True,5.160138051685776,5.553,-40,0,0,53.110668652370514
187,DT,mlp,mushrooms,low,,10,333.0,DT,False,7.294801451860593,3.886,-100,0,0,53.110668652370514
187,DT,mlp,mushrooms,low,,11,348.0,DT,False,7.148995775928785,36.927,-60,1,0,53.110668652370514
187,DT,mlp,mushrooms,low,,12,250.0,DT,False,7.277581755180497,4.751,-40,1,1,53.110668652370514
187,DT,mlp,mushrooms,low,,13,249.0,DT,False,7.052256573828021,5.113,20,0,0,53.110668652370514
187,DT,mlp,mushrooms,low,,14,43.0,DT,True,5.8281534158887816,15.242,80,1,1,53.110668652370514
187,DT,mlp,mushrooms,low,,15,156.0,DT,True,5.7979323923730774,16.379,-100,0,0,53.110668652370514
187,DT,mlp,mushrooms,low,,16,97.0,DT,True,6.159533315668436,10.098,100,1,0,53.110668652370514
187,DT,mlp,mushrooms,low,,17,111.0,DT,True,6.222961256092724,12.826,-100,0,0,53.110668652370514
187,DT,mlp,mushrooms,low,,18,91.0,DT,True,6.124350349495533,170.426,100,1,1,53.110668652370514
187,DT,mlp,mushrooms,low,,19,331.0,DT,True,6.042048777662847,11.584,100,0,0,53.110668652370514
187,DT,mlp,mushrooms,low,,20,151.0,DT,True,6.1552435925214155,92.893,-40,0,0,53.110668652370514
187,DT,mlp,mushrooms,low,,21,363.0,DT,False,6.982956481104765,8.121,-20,1,1,53.110668652370514
187,DT,mlp,mushrooms,low,,22,38.0,DT,True,6.979697935453268,15.713,-60,0,0,53.110668652370514
187,DT,mlp,mushrooms,low,,23,45.0,DT,False,7.03804256448439,10.91,-20,0,0,53.110668652370514
187,DT,mlp,mushrooms,low,,24,167.0,DT,True,7.016417681972668,50.343,100,1,1,53.110668652370514
187,DT,mlp,mushrooms,low,,25,358.0,DT,False,7.030656015637886,41.486,-40,1,1,53.110668652370514
187,DT,mlp,mushrooms,low,,26,181.0,DT,True,6.9093640322224115,16.201,100,1,1,53.110668652370514
187,DT,mlp,mushrooms,low,,27,120.0,DT,True,6.9127733881137186,36.406,100,1,1,53.110668652370514
187,DT,mlp,mushrooms,low,,28,299.0,DT,False,6.8926523531399475,43.594,-40,1,1,53.110668652370514
187,DT,mlp,mushrooms,low,,29,268.0,DT,False,4.201120368888338,6.212,-20,0,0,53.110668652370514
187,DT,mlp,mushrooms,low,,30,345.0,DT,True,6.832797077104089,9.922,100,0,0,53.110668652370514
187,DT,mlp,mushrooms,low,,31,105.0,DT,False,7.008653403027469,28.642,20,1,0,53.110668652370514
187,DT,mlp,mushrooms,low,,32,18.0,DT,False,6.93134224975428,11.356,20,0,0,53.110668652370514
187,DT,mlp,mushrooms,low,,33,248.0,DT,False,6.833122192617305,2.835,20,0,0,53.110668652370514
187,DT,mlp,mushrooms,low,,34,95.0,DT,False,3.722852176057629,2.199,20,0,0,53.110668652370514
187,DT,mlp,mushrooms,low,,35,50.0,DT,True,6.790595224209326,134.282,-100,0,1,53.110668652370514
187,DT,mlp,mushrooms,low,,36,67.0,DT,False,6.897020303467664,17.192,100,0,0,53.110668652370514
187,DT,mlp,mushrooms,low,,37,33.0,DT,True,3.9491796859285286,27.793,-60,1,1,53.110668652370514
187,DT,mlp,mushrooms,low,,38,3.0,DT,True,3.758894544387617,12.744,-100,0,0,53.110668652370514
187,DT,mlp,mushrooms,low,,39,29.0,DT,False,6.8694862096630915,101.758,20,0,0,53.110668652370514
181,DT,mlp,mushrooms,low,,0,74.0,DT,False,0.2110866141075085,19.345,-20,1,1,23.23612532586155
181,DT,mlp,mushrooms,low,,1,96.0,DT,False,0.2480937322881222,7.146,-20,0,1,23.23612532586155
181,DT,mlp,mushrooms,low,,2,159.0,DT,True,0.3829566224178518,53.819,80,1,1,23.23612532586155
181,DT,mlp,mushrooms,low,,3,392.0,DT,False,0.4215426828141133,19.589,-20,0,0,23.23612532586155
181,DT,mlp,mushrooms,low,,4,226.0,DT,False,5.293523643470255,4.594,60,1,1,23.23612532586155
181,DT,mlp,mushrooms,low,,5,280.0,DT,False,5.176370508205701,17.353,-40,1,1,23.23612532586155
181,DT,mlp,mushrooms,low,,6,273.0,DT,True,4.86728483432371,9.686,-100,1,0,23.23612532586155
181,DT,mlp,mushrooms,low,,7,81.0,DT,False,5.145963782942269,33.287,-80,1,0,23.23612532586155
181,DT,mlp,mushrooms,low,,8,199.0,DT,True,5.395257149965598,22.248,100,1,1,23.23612532586155
181,DT,mlp,mushrooms,low,,9,146.0,DT,True,5.21022444555592,36.366,100,1,1,23.23612532586155
181,DT,mlp,mushrooms,low,,10,253.0,DT,False,7.166717506204177,12.146,80,1,1,23.23612532586155
181,DT,mlp,mushrooms,low,,11,260.0,DT,False,6.966709882738868,11.067,100,1,1,23.23612532586155
181,DT,mlp,mushrooms,low,,12,204.0,DT,True,5.0435555158377765,7.256,100,1,1,23.23612532586155
181,DT,mlp,mushrooms,low,,13,272.0,DT,False,6.771404180118062,7.987,100,1,0,23.23612532586155
181,DT,mlp,mushrooms,low,,14,138.0,DT,True,5.146428196363746,8.16,100,0,0,23.23612532586155
181,DT,mlp,mushrooms,low,,15,225.0,DT,True,3.187161924348153,8.51,-100,0,1,23.23612532586155
181,DT,mlp,mushrooms,low,,16,298.0,DT,True,3.163453169332642,7.139,100,1,1,23.23612532586155
181,DT,mlp,mushrooms,low,,17,68.0,DT,False,6.9613365933453775,9.25,80,1,0,23.23612532586155
181,DT,mlp,mushrooms,low,,18,148.0,DT,False,7.086192466422504,19.033,80,1,1,23.23612532586155
181,DT,mlp,mushrooms,low,,19,347.0,DT,True,5.066392057468226,6.177,80,1,1,23.23612532586155
181,DT,mlp,mushrooms,low,,20,389.0,DT,True,5.060114719427741,5.77,-80,0,0,23.23612532586155
181,DT,mlp,mushrooms,low,,21,44.0,DT,True,4.925603516871921,19.775,-100,0,0,23.23612532586155
181,DT,mlp,mushrooms,low,,22,113.0,DT,False,6.968774620418314,10.224,-80,0,0,23.23612532586155
181,DT,mlp,mushrooms,low,,23,327.0,DT,True,4.894894738509838,13.67,100,1,1,23.23612532586155
181,DT,mlp,mushrooms,low,,24,110.0,DT,True,6.863431420233946,9.01,-100,0,0,23.23612532586155
181,DT,mlp,mushrooms,low,,25,191.0,DT,True,6.848864051582221,37.823,60,0,0,23.23612532586155
181,DT,mlp,mushrooms,low,,26,345.0,DT,True,6.727593523901653,17.845,-100,0,0,23.23612532586155
181,DT,mlp,mushrooms,low,,27,134.0,DT,True,6.822220400930612,8.289,100,1,1,23.23612532586155
181,DT,mlp,mushrooms,low,,28,171.0,DT,True,3.7601941678971222,16.658,-100,0,1,23.23612532586155
181,DT,mlp,mushrooms,low,,29,6.0,DT,False,6.793716335736664,18.342,80,1,1,23.23612532586155
181,DT,mlp,mushrooms,low,,30,116.0,DT,True,6.9634870082587055,12.028,100,1,1,23.23612532586155
181,DT,mlp,mushrooms,low,,31,137.0,DT,False,4.155537138704585,14.578,-60,0,1,23.23612532586155
181,DT,mlp,mushrooms,low,,32,278.0,DT,True,6.952398842113037,6.187,100,1,1,23.23612532586155
181,DT,mlp,mushrooms,low,,33,346.0,DT,True,6.91621855627231,17.641,100,1,1,23.23612532586155
181,DT,mlp,mushrooms,low,,34,234.0,DT,False,6.902734401431068,8.101,100,1,1,23.23612532586155
181,DT,mlp,mushrooms,low,,35,316.0,DT,True,6.840681167401991,4.651,100,1,1,23.23612532586155
181,DT,mlp,mushrooms,low,,36,127.0,DT,True,6.8517872207070125,6.284,100,1,1,23.23612532586155
181,DT,mlp,mushrooms,low,,37,202.0,DT,True,6.6237349204208,4.243,100,1,1,23.23612532586155
181,DT,mlp,mushrooms,low,,38,170.0,DT,False,6.829135141075451,7.124,100,1,1,23.23612532586155
181,DT,mlp,mushrooms,low,,39,61.0,DT,False,6.714649256965913,4.601,-100,0,0,23.23612532586155
74,DT+LR,mlp,mushrooms,low,,0,178.0,DT,False,0.2110866141075085,17.493,-60,1,1,27.61495687059392
74,DT+LR,mlp,mushrooms,low,,1,294.0,DT,True,0.2286015204328624,14.251,100,1,1,27.61495687059392
74,DT+LR,mlp,mushrooms,low,,2,95.0,DT,False,0.3208556844501022,15.343,-80,0,1,27.61495687059392
74,DT+LR,mlp,mushrooms,low,,3,188.0,DT,True,5.307701129789868,12.816,-100,0,0,27.61495687059392
74,DT+LR,mlp,mushrooms,low,,4,3.0,LR,True,3.5860819127685857,25.538,-60,0,0,27.61495687059392
74,DT+LR,mlp,mushrooms,low,,5,311.0,LR,True,5.3009554598998685,23.291,60,1,0,27.61495687059392
74,DT+LR,mlp,mushrooms,low,,6,116.0,LR,True,5.253138872680156,28.295,-80,1,1,27.61495687059392
74,DT+LR,mlp,mushrooms,low,,7,328.0,DT,False,5.335428110621763,11.588,60,1,0,27.61495687059392
74,DT+LR,mlp,mushrooms,low,,8,230.0,DT,False,4.734435755674247,6.756,80,1,1,27.61495687059392
74,DT+LR,mlp,mushrooms,low,,9,386.0,DT,True,4.764272487049846,6.611,100,1,1,27.61495687059392
74,DT+LR,mlp,mushrooms,low,,10,56.0,DT,False,6.8080264520197655,9.449,60,1,1,27.61495687059392
74,DT+LR,mlp,mushrooms,low,,11,67.0,DT,False,7.18861829497766,8.74,-80,0,0,27.61495687059392
74,DT+LR,mlp,mushrooms,low,,12,122.0,LR,False,7.04924486296782,6.593,80,1,1,27.61495687059392
74,DT+LR,mlp,mushrooms,low,,13,105.0,LR,True,6.840297338790592,42.785,40,1,0,27.61495687059392
74,DT+LR,mlp,mushrooms,low,,14,134.0,LR,False,6.903897421963235,8.022,80,1,1,27.61495687059392
74,DT+LR,mlp,mushrooms,low,,15,273.0,LR,True,6.569029363453273,17.471,-80,1,0,27.61495687059392
74,DT+LR,mlp,mushrooms,low,,16,280.0,DT,False,6.7929633170444585,6.078,80,1,1,27.61495687059392
74,DT+LR,mlp,mushrooms,low,,17,16.0,LR,True,6.1350905182788,17.437,-40,0,1,27.61495687059392
74,DT+LR,mlp,mushrooms,low,,18,288.0,LR,True,5.961122396333197,27.055,-20,0,1,27.61495687059392
74,DT+LR,mlp,mushrooms,low,,19,61.0,DT,False,6.299152862349802,21.696,-80,0,0,27.61495687059392
74,DT+LR,mlp,mushrooms,low,,20,391.0,LR,True,6.408390256294137,37.415,-40,1,0,27.61495687059392
74,DT+LR,mlp,mushrooms,low,,21,98.0,LR,False,6.073809505214727,11.859,80,1,1,27.61495687059392
74,DT+LR,mlp,mushrooms,low,,22,219.0,DT,False,6.017976094078815,24.374,40,1,1,27.61495687059392
74,DT+LR,mlp,mushrooms,low,,23,305.0,DT,False,6.1285399244930625,7.102,80,1,1,27.61495687059392
74,DT+LR,mlp,mushrooms,low,,24,252.0,LR,True,6.128195888962909,16.447,80,1,1,27.61495687059392
74,DT+LR,mlp,mushrooms,low,,25,381.0,DT,False,5.794547035324725,9.041,60,1,1,27.61495687059392
74,DT+LR,mlp,mushrooms,low,,26,301.0,LR,True,5.687654054283674,14.446,80,1,1,27.61495687059392
74,DT+LR,mlp,mushrooms,low,,27,327.0,DT,True,5.790654774542348,19.26,60,1,0,27.61495687059392
74,DT+LR,mlp,mushrooms,low,,28,115.0,LR,False,6.73271517139219,16.265,-80,1,0,27.61495687059392
74,DT+LR,mlp,mushrooms,low,,29,264.0,LR,True,6.925044540201151,22.125,40,0,1,27.61495687059392
74,DT+LR,mlp,mushrooms,low,,30,175.0,DT,False,6.895735820104955,7.786,60,1,1,27.61495687059392
74,DT+LR,mlp,mushrooms,low,,31,123.0,DT,True,4.970686597188044,7.468,100,1,0,27.61495687059392
74,DT+LR,mlp,mushrooms,low,,32,382.0,LR,True,6.798268626618164,28.421,80,0,1,27.61495687059392
74,DT+LR,mlp,mushrooms,low,,33,378.0,LR,True,6.82499128923061,19.813,60,1,1,27.61495687059392
74,DT+LR,mlp,mushrooms,low,,34,190.0,LR,True,6.90119976374387,14.701,80,1,1,27.61495687059392
74,DT+LR,mlp,mushrooms,low,,35,376.0,DT,False,7.018086316193382,16.546,-60,0,1,27.61495687059392
74,DT+LR,mlp,mushrooms,low,,36,284.0,LR,False,6.649088807892462,24.859,-40,0,1,27.61495687059392
74,DT+LR,mlp,mushrooms,low,,37,367.0,LR,False,6.816055216597404,24.169,-60,1,1,27.61495687059392
74,DT+LR,mlp,mushrooms,low,,38,304.0,LR,False,6.818858992230566,8.34,60,0,1,27.61495687059392
74,DT+LR,mlp,mushrooms,low,,39,0.0,DT,True,5.063235541940768,9.011,-100,0,0,27.61495687059392
61,DT+LR,mlp,mushrooms,low,,0,52.0,DT,True,10.770954098521887,66.271,-40,1,1,49.616953482201716
61,DT+LR,mlp,mushrooms,low,,1,307.0,DT,True,0.2073399520528911,16.232,-60,1,0,49.616953482201716
61,DT+LR,mlp,mushrooms,low,,2,99.0,LR,True,6.408325319968602,16.551,20,0,1,49.616953482201716
61,DT+LR,mlp,mushrooms,low,,3,375.0,LR,False,5.212816372709072,6.89,20,1,1,49.616953482201716
61,DT+LR,mlp,mushrooms,low,,4,292.0,DT,True,5.350216134713781,19.929,60,1,1,49.616953482201716
61,DT+LR,mlp,mushrooms,low,,5,256.0,DT,False,6.698692251107308,7.668,20,1,0,49.616953482201716
61,DT+LR,mlp,mushrooms,low,,6,117.0,DT,False,7.255906120532443,13.902,-40,0,0,49.616953482201716
61,DT+LR,mlp,mushrooms,low,,7,328.0,DT,False,7.226602793619921,3.809,-40,1,1,49.616953482201716
61,DT+LR,mlp,mushrooms,low,,8,331.0,LR,True,7.178043104011556,3.858,-80,0,0,49.616953482201716
61,DT+LR,mlp,mushrooms,low,,9,24.0,LR,True,7.125603701503431,11.146,40,0,1,49.616953482201716
61,DT+LR,mlp,mushrooms,low,,10,222.0,DT,False,7.119057066198598,7.58,-80,0,0,49.616953482201716
61,DT+LR,mlp,mushrooms,low,,11,325.0,LR,True,6.721564973049326,4.478,-40,0,0,49.616953482201716
61,DT+LR,mlp,mushrooms,low,,12,25.0,DT,True,5.708916887742795,16.047,60,1,0,49.616953482201716
61,DT+LR,mlp,mushrooms,low,,13,227.0,DT,False,6.1018004954673675,6.691,20,1,1,49.616953482201716
61,DT+LR,mlp,mushrooms,low,,14,3.0,DT,False,3.865464260022997,3.171,-60,0,1,49.616953482201716
61,DT+LR,mlp,mushrooms,low,,15,192.0,LR,False,3.858759912514897,4.572,-80,0,1,49.616953482201716
61,DT+LR,mlp,mushrooms,low,,16,171.0,DT,False,3.690920451482346,3.183,-100,0,1,49.616953482201716
61,DT+LR,mlp,mushrooms,low,,17,169.0,DT,True,7.058392113586816,16.036,40,0,0,49.616953482201716
61,DT+LR,mlp,mushrooms,low,,18,392.0,LR,False,7.066227842080226,6.168,-20,0,1,49.616953482201716
61,DT+LR,mlp,mushrooms,low,,19,327.0,DT,False,7.094196904516035,15.472,-20,1,1,49.616953482201716
61,DT+LR,mlp,mushrooms,low,,20,190.0,DT,False,7.005797096117504,12.105,40,1,0,49.616953482201716
61,DT+LR,mlp,mushrooms,low,,21,274.0,LR,False,6.849158286349301,6.003,60,1,1,49.616953482201716
61,DT+LR,mlp,mushrooms,low,,22,61.0,LR,True,6.965495155317804,9.797,40,0,0,49.616953482201716
61,DT+LR,mlp,mushrooms,low,,23,63.0,DT,True,7.1298062670002516,17.004,-40,0,0,49.616953482201716
61,DT+LR,mlp,mushrooms,low,,24,238.0,LR,True,7.078472775484743,9.163,-20,1,1,49.616953482201716
61,DT+LR,mlp,mushrooms,low,,25,87.0,LR,True,6.896947241969119,5.607,20,0,0,49.616953482201716
61,DT+LR,mlp,mushrooms,low,,26,360.0,LR,False,6.911261349658365,6.923,-40,0,0,49.616953482201716
61,DT+LR,mlp,mushrooms,low,,27,387.0,LR,True,7.13525460617744,6.862,-60,0,0,49.616953482201716
61,DT+LR,mlp,mushrooms,low,,28,223.0,DT,True,6.815493616464837,12.234,60,0,0,49.616953482201716
61,DT+LR,mlp,mushrooms,low,,29,115.0,LR,False,6.925207393332017,5.405,-60,1,0,49.616953482201716
61,DT+LR,mlp,mushrooms,low,,30,202.0,DT,False,6.97115078586875,4.682,-40,1,1,49.616953482201716
61,DT+LR,mlp,mushrooms,low,,31,8.0,LR,False,6.773425826818241,9.324,-20,1,1,49.616953482201716
61,DT+LR,mlp,mushrooms,low,,32,143.0,DT,True,6.725311508895908,18.04,-60,1,1,49.616953482201716
61,DT+LR,mlp,mushrooms,low,,33,378.0,DT,True,7.107660790578747,17.143,60,1,1,49.616953482201716
61,DT+LR,mlp,mushrooms,low,,34,399.0,DT,True,6.947620682132386,6.344,-60,1,0,49.616953482201716
61,DT+LR,mlp,mushrooms,low,,35,77.0,DT,False,6.815328914767955,10.24,-60,0,0,49.616953482201716
61,DT+LR,mlp,mushrooms,low,,36,125.0,LR,False,6.848357018355825,11.718,20,1,0,49.616953482201716
61,DT+LR,mlp,mushrooms,low,,37,294.0,DT,False,6.970156849508956,16.022,-20,1,1,49.616953482201716
61,DT+LR,mlp,mushrooms,low,,38,182.0,DT,False,6.87325834117347,4.364,60,1,1,49.616953482201716
61,DT+LR,mlp,mushrooms,low,,39,210.0,DT,False,6.9855053494879025,5.132,-40,0,1,49.616953482201716
211,LR,mlp,mushrooms,low,,0,5.0,LR,True,6.213923766145019,72.429,-60,0,1,35.32420873483837
211,LR,mlp,mushrooms,low,,1,239.0,LR,False,6.176770318941308,26.913,20,0,0,35.32420873483837
211,LR,mlp,mushrooms,low,,2,150.0,LR,True,5.791684532243348,20.834,-40,0,1,35.32420873483837
211,LR,mlp,mushrooms,low,,3,277.0,LR,False,8.90269508420282,8.514,20,1,0,35.32420873483837
211,LR,mlp,mushrooms,low,,4,168.0,LR,False,9.01307341849979,13.591,60,0,0,35.32420873483837
211,LR,mlp,mushrooms,low,,5,326.0,LR,True,8.156382047406405,3.715,-80,0,0,35.32420873483837
211,LR,mlp,mushrooms,low,,6,377.0,LR,True,9.116792347165989,3.076,-80,0,0,35.32420873483837
211,LR,mlp,mushrooms,low,,7,312.0,LR,False,8.864285082101258,4.138,40,1,1,35.32420873483837
211,LR,mlp,mushrooms,low,,8,355.0,LR,False,8.678347546775433,2.39,40,1,1,35.32420873483837
211,LR,mlp,mushrooms,low,,9,145.0,LR,True,8.64462153629172,2.15,-80,1,1,35.32420873483837
211,LR,mlp,mushrooms,low,,10,227.0,LR,True,8.524279880626462,7.919,-100,1,1,35.32420873483837
211,LR,mlp,mushrooms,low,,11,220.0,LR,False,8.54815207697651,5.143,40,0,0,35.32420873483837
211,LR,mlp,mushrooms,low,,12,169.0,LR,False,8.94731388087754,18.301,60,0,0,35.32420873483837
211,LR,mlp,mushrooms,low,,13,111.0,LR,False,8.935791973690854,3.913,80,0,1,35.32420873483837
211,LR,mlp,mushrooms,low,,14,161.0,LR,False,8.66182181636733,17.472,-40,1,1,35.32420873483837
211,LR,mlp,mushrooms,low,,15,284.0,LR,True,8.672793262166369,2.176,-80,0,0,35.32420873483837
211,LR,mlp,mushrooms,low,,16,28.0,LR,False,8.54303707892458,10.412,-80,1,1,35.32420873483837
211,LR,mlp,mushrooms,low,,17,233.0,LR,False,8.884088413023797,15.569,60,0,1,35.32420873483837
211,LR,mlp,mushrooms,low,,18,242.0,LR,False,8.615978340022185,21.588,40,1,0,35.32420873483837
211,LR,mlp,mushrooms,low,,19,23.0,LR,True,8.824283219107702,3.208,-100,0,1,35.32420873483837
211,LR,mlp,mushrooms,low,,20,339.0,LR,False,8.769802254759849,12.457,20,0,0,35.32420873483837
211,LR,mlp,mushrooms,low,,21,248.0,LR,True,8.908165262585577,6.252,-60,0,1,35.32420873483837
211,LR,mlp,mushrooms,low,,22,356.0,LR,False,8.677259003728164,28.86,-60,1,0,35.32420873483837
211,LR,mlp,mushrooms,low,,23,139.0,LR,True,8.434494067010611,5.007,-80,0,0,35.32420873483837
211,LR,mlp,mushrooms,low,,24,115.0,LR,True,8.913180690369554,5.396,-80,1,0,35.32420873483837
211,LR,mlp,mushrooms,low,,25,376.0,LR,False,8.461671844590061,60.595,-40,0,1,35.32420873483837
211,LR,mlp,mushrooms,low,,26,92.0,LR,False,8.433901151194096,8.22,40,0,0,35.32420873483837
211,LR,mlp,mushrooms,low,,27,39.0,LR,True,8.056081996500609,3.097,-40,0,0,35.32420873483837
211,LR,mlp,mushrooms,low,,28,136.0,LR,True,8.631656168496587,8.138,-40,0,0,35.32420873483837
211,LR,mlp,mushrooms,low,,29,153.0,LR,True,8.856460000095337,3.957,60,0,0,35.32420873483837
211,LR,mlp,mushrooms,low,,30,340.0,LR,False,8.8836681243156,5.147,-60,0,0,35.32420873483837
211,LR,mlp,mushrooms,low,,31,65.0,LR,False,8.599201616537265,4.172,-60,1,1,35.32420873483837
211,LR,mlp,mushrooms,low,,32,117.0,LR,False,8.874374140641521,14.49,60,0,0,35.32420873483837
211,LR,mlp,mushrooms,low,,33,381.0,LR,True,8.68421779207796,8.47,-100,1,0,35.32420873483837
211,LR,mlp,mushrooms,low,,34,357.0,LR,True,8.794414484994254,4.475,-60,1,1,35.32420873483837
211,LR,mlp,mushrooms,low,,35,267.0,LR,False,8.209698979400615,3.07,60,1,0,35.32420873483837
211,LR,mlp,mushrooms,low,,36,20.0,LR,False,8.343156856399688,2.881,40,0,0,35.32420873483837
211,LR,mlp,mushrooms,low,,37,201.0,LR,False,8.772721795245372,5.636,-40,1,1,35.32420873483837
211,LR,mlp,mushrooms,low,,38,22.0,LR,True,8.659936383881691,4.086,40,1,0,35.32420873483837
211,LR,mlp,mushrooms,low,,39,121.0,LR,True,8.892660771125371,6.969,60,0,1,35.32420873483837
146,LR,mlp,mushrooms,high,,0,18.0,LR,False,8.165709008298107,55.341,40,0,0,31.37252991732427
146,LR,mlp,mushrooms,high,,1,152.0,LR,False,8.064479432692144,15.148,-40,0,0,31.37252991732427
146,LR,mlp,mushrooms,high,,2,129.0,LR,True,6.417652820110137,31.646,-100,0,1,31.37252991732427
146,LR,mlp,mushrooms,high,,3,335.0,LR,True,6.475771348024039,77.964,-100,0,0,31.37252991732427
146,LR,mlp,mushrooms,high,,4,179.0,LR,True,6.310893530593514,23.48,-100,1,1,31.37252991732427
146,LR,mlp,mushrooms,high,,5,317.0,LR,True,6.128078195208464,21.552,-60,0,0,31.37252991732427
146,LR,mlp,mushrooms,high,,6,229.0,LR,True,5.9039710702578025,17.076,40,0,1,31.37252991732427
146,LR,mlp,mushrooms,high,,7,382.0,LR,True,5.976555266679473,24.797,-60,0,1,31.37252991732427
146,LR,mlp,mushrooms,high,,8,313.0,LR,True,6.52453506578963,20.667,40,0,1,31.37252991732427
146,LR,mlp,mushrooms,high,,9,148.0,LR,False,8.091093890315632,13.683,40,1,0,31.37252991732427
146,LR,mlp,mushrooms,high,,10,264.0,LR,False,7.766388868362151,11.843,40,0,0,31.37252991732427
146,LR,mlp,mushrooms,high,,11,275.0,LR,False,8.129492739551166,5.568,-60,1,0,31.37252991732427
146,LR,mlp,mushrooms,high,,12,50.0,LR,True,8.584988425645445,10.097,-80,0,0,31.37252991732427
146,LR,mlp,mushrooms,high,,13,324.0,LR,True,8.37401450631857,3.869,60,0,1,31.37252991732427
146,LR,mlp,mushrooms,high,,14,359.0,LR,False,8.14513589688114,12.173,-60,1,0,31.37252991732427
146,LR,mlp,mushrooms,high,,15,154.0,LR,True,8.67143962634076,18.092,-60,1,0,31.37252991732427
146,LR,mlp,mushrooms,high,,16,81.0,LR,True,8.667672682814443,8.297,-60,1,1,31.37252991732427
146,LR,mlp,mushrooms,high,,17,39.0,LR,False,7.512315425750799,11.428,-100,0,0,31.37252991732427
146,LR,mlp,mushrooms,high,,18,170.0,LR,False,7.551753349500809,6.852,-20,1,0,31.37252991732427
146,LR,mlp,mushrooms,high,,19,387.0,LR,False,8.019296893540298,4.377,40,0,0,31.37252991732427
146,LR,mlp,mushrooms,high,,20,0.0,LR,True,8.49488909332404,16.66,-40,0,1,31.37252991732427
146,LR,mlp,mushrooms,high,,21,137.0,LR,False,7.443715349383902,10.589,40,0,0,31.37252991732427
146,LR,mlp,mushrooms,high,,22,3.0,LR,False,7.435714806494539,12.684,-40,0,0,31.37252991732427
146,LR,mlp,mushrooms,high,,23,32.0,LR,True,8.791844112142112,25.318,-20,0,0,31.37252991732427
146,LR,mlp,mushrooms,high,,24,106.0,LR,False,7.79688536513663,18.066,-60,0,0,31.37252991732427
146,LR,mlp,mushrooms,high,,25,201.0,LR,True,11.074595976598689,25.718,40,1,1,31.37252991732427
146,LR,mlp,mushrooms,high,,26,323.0,LR,True,10.85095659571913,29.77,20,1,1,31.37252991732427
146,LR,mlp,mushrooms,high,,27,110.0,LR,False,10.113951424196053,11.11,20,0,0,31.37252991732427
146,LR,mlp,mushrooms,high,,28,79.0,LR,False,10.03606301289307,18.316,20,1,1,31.37252991732427
146,LR,mlp,mushrooms,high,,29,14.0,LR,True,10.361214988452536,27.145,-20,0,0,31.37252991732427
146,LR,mlp,mushrooms,high,,30,183.0,LR,True,10.987946138904285,31.586,-40,0,0,31.37252991732427
146,LR,mlp,mushrooms,high,,31,138.0,LR,False,10.072799148415486,28.085,40,0,0,31.37252991732427
146,LR,mlp,mushrooms,high,,32,253.0,LR,False,12.14126052397977,16.795,-40,1,1,31.37252991732427
146,LR,mlp,mushrooms,high,,33,365.0,LR,True,10.78075127526546,38.593,-20,0,1,31.37252991732427
146,LR,mlp,mushrooms,high,,34,256.0,LR,False,12.071215864944218,16.924,-40,1,0,31.37252991732427
146,LR,mlp,mushrooms,high,,35,119.0,LR,True,10.251833618653862,32.943,-60,0,1,31.37252991732427
146,LR,mlp,mushrooms,high,,36,42.0,LR,False,11.944064913773836,20.455,-20,0,0,31.37252991732427
146,LR,mlp,mushrooms,high,,37,211.0,LR,False,12.28736283006591,14.077,40,1,0,31.37252991732427
146,LR,mlp,mushrooms,high,,38,383.0,LR,True,10.5365642899149,24.85,40,1,1,31.37252991732427
146,LR,mlp,mushrooms,high,,39,397.0,LR,True,10.322215335805272,36.914,-60,0,0,31.37252991732427
318,LR,mlp,mushrooms,low,,0,117.0,LR,True,6.254720637913226,18.982,-80,0,1,35.706271575886674
318,LR,mlp,mushrooms,low,,1,150.0,LR,True,5.95779694340673,7.224,-80,0,1,35.706271575886674
318,LR,mlp,mushrooms,low,,2,254.0,LR,False,8.301575886942913,10.81,40,0,0,35.706271575886674
318,LR,mlp,mushrooms,low,,3,112.0,LR,True,8.742343385657135,3.575,-80,1,1,35.706271575886674
318,LR,mlp,mushrooms,low,,4,157.0,LR,True,8.589669420284178,4.618,80,1,1,35.706271575886674
318,LR,mlp,mushrooms,low,,5,191.0,LR,False,8.861005509970557,9.323,60,0,1,35.706271575886674
318,LR,mlp,mushrooms,low,,6,122.0,LR,False,8.499875937663447,3.233,-60,1,1,35.706271575886674
318,LR,mlp,mushrooms,low,,7,364.0,LR,False,8.570785364546666,5.003,80,1,0,35.706271575886674
318,LR,mlp,mushrooms,low,,8,376.0,LR,False,8.516649673294914,2.886,-60,0,1,35.706271575886674
318,LR,mlp,mushrooms,low,,9,76.0,LR,False,8.809662436587153,2.549,-40,1,1,35.706271575886674
318,LR,mlp,mushrooms,low,,10,204.0,LR,True,8.438529447827623,7.292,80,1,1,35.706271575886674
318,LR,mlp,mushrooms,low,,11,153.0,LR,True,5.915162627364829,3.572,100,0,1,35.706271575886674
318,LR,mlp,mushrooms,low,,12,262.0,LR,True,9.051366966156982,3.568,100,0,1,35.706271575886674
318,LR,mlp,mushrooms,low,,13,291.0,LR,False,8.012800142101996,5.947,-80,0,0,35.706271575886674
318,LR,mlp,mushrooms,low,,14,105.0,LR,False,8.900109971999445,7.098,80,1,0,35.706271575886674
318,LR,mlp,mushrooms,low,,15,227.0,LR,False,8.638980898470395,1.79,80,1,1,35.706271575886674
318,LR,mlp,mushrooms,low,,16,165.0,LR,True,8.43718090078109,2.3,80,0,0,35.706271575886674
318,LR,mlp,mushrooms,low,,17,274.0,LR,True,8.588181450118366,2.35,40,1,0,35.706271575886674
318,LR,mlp,mushrooms,low,,18,22.0,LR,False,8.615204988739364,2.855,20,1,1,35.706271575886674
318,LR,mlp,mushrooms,low,,19,83.0,LR,True,8.553285922385529,3.507,-60,0,0,35.706271575886674
318,LR,mlp,mushrooms,low,,20,108.0,LR,True,9.048103375745526,3.022,-60,0,0,35.706271575886674
318,LR,mlp,mushrooms,low,,21,326.0,LR,False,8.106380354189845,5.677,20,0,0,35.706271575886674
318,LR,mlp,mushrooms,low,,22,17.0,LR,False,8.993052299388257,4.232,100,0,0,35.706271575886674
318,LR,mlp,mushrooms,low,,23,48.0,LR,True,8.267608701909307,5.901,100,0,0,35.706271575886674
318,LR,mlp,mushrooms,low,,24,238.0,LR,True,8.814226191630484,5.819,80,1,1,35.706271575886674
318,LR,mlp,mushrooms,low,,25,248.0,LR,True,8.968839190401276,2.737,80,0,0,35.706271575886674
318,LR,mlp,mushrooms,low,,26,130.0,LR,True,8.68579238788886,3.313,-60,1,1,35.706271575886674
318,LR,mlp,mushrooms,low,,27,313.0,LR,True,8.844766603580043,2.342,40,0,0,35.706271575886674
318,LR,mlp,mushrooms,low,,28,63.0,LR,False,8.835865445504428,1.997,60,0,1,35.706271575886674
318,LR,mlp,mushrooms,low,,29,45.0,LR,True,8.728655696198864,3.171,-60,0,0,35.706271575886674
318,LR,mlp,mushrooms,low,,30,314.0,LR,True,8.464718563414525,2.105,-80,0,0,35.706271575886674
318,LR,mlp,mushrooms,low,,31,332.0,LR,True,8.861750784112454,3.092,-80,0,1,35.706271575886674
318,LR,mlp,mushrooms,low,,32,258.0,LR,False,8.78440286724161,2.617,80,0,0,35.706271575886674
318,LR,mlp,mushrooms,low,,33,171.0,LR,False,7.9730846514720515,2.87,40,0,0,35.706271575886674
318,LR,mlp,mushrooms,low,,34,229.0,LR,False,8.892419255364157,3.128,80,0,1,35.706271575886674
318,LR,mlp,mushrooms,low,,35,127.0,LR,False,8.534832334476846,1.514,20,1,0,35.706271575886674
318,LR,mlp,mushrooms,low,,36,323.0,LR,True,8.775648453431824,2.664,-80,1,0,35.706271575886674
318,LR,mlp,mushrooms,low,,37,35.0,LR,False,8.554025981042281,1.974,40,0,0,35.706271575886674
318,LR,mlp,mushrooms,low,,38,349.0,LR,False,9.01247019540859,3.378,80,0,0,35.706271575886674
318,LR,mlp,mushrooms,low,,39,20.0,LR,True,8.133230082036246,2.483,-60,0,0,35.706271575886674
321,LR,mlp,mushrooms,low,,0,108.0,LR,True,6.293125139738807,42.27,40,0,0,31.27332356331553
321,LR,mlp,mushrooms,low,,1,311.0,LR,False,6.001544794303328,16.132,-20,1,1,31.27332356331553
321,LR,mlp,mushrooms,low,,2,76.0,LR,True,6.2297688964812785,7.059,-60,1,1,31.27332356331553
321,LR,mlp,mushrooms,low,,3,286.0,LR,False,6.121437375940911,6.075,-40,1,0,31.27332356331553
321,LR,mlp,mushrooms,low,,4,263.0,LR,False,6.065423434989276,13.476,40,1,1,31.27332356331553
321,LR,mlp,mushrooms,low,,5,341.0,LR,True,5.715360789750693,11.48,-20,1,1,31.27332356331553
321,LR,mlp,mushrooms,low,,6,299.0,LR,False,5.913495864143263,6.062,40,1,1,31.27332356331553
321,LR,mlp,mushrooms,low,,7,168.0,LR,False,5.850328220056018,5.586,40,0,1,31.27332356331553
321,LR,mlp,mushrooms,low,,8,64.0,LR,True,6.054093040919096,12.926,20,1,1,31.27332356331553
321,LR,mlp,mushrooms,low,,9,121.0,LR,False,8.270179869233662,5.305,40,0,1,31.27332356331553
321,LR,mlp,mushrooms,low,,10,127.0,LR,False,8.561200419175645,10.624,60,1,1,31.27332356331553
321,LR,mlp,mushrooms,low,,11,45.0,LR,True,8.983428684719684,6.004,20,0,0,31.27332356331553
321,LR,mlp,mushrooms,low,,12,300.0,LR,False,8.785737075527923,7.875,40,1,1,31.27332356331553
321,LR,mlp,mushrooms,low,,13,212.0,LR,False,8.613373748858265,6.221,-20,1,1,31.27332356331553
321,LR,mlp,mushrooms,low,,14,215.0,LR,True,8.248681821990058,10.065,20,0,0,31.27332356331553
321,LR,mlp,mushrooms,low,,15,6.0,LR,False,8.561488710062834,7.071,20,1,0,31.27332356331553
321,LR,mlp,mushrooms,low,,16,90.0,LR,False,8.53747203999275,7.215,40,1,1,31.27332356331553
321,LR,mlp,mushrooms,low,,17,382.0,LR,False,8.943038582271077,7.669,-20,0,0,31.27332356331553
321,LR,mlp,mushrooms,low,,18,79.0,LR,True,8.837627069278948,5.068,-20,1,1,31.27332356331553
321,LR,mlp,mushrooms,low,,19,10.0,LR,True,8.532521729680774,4.336,-20,1,1,31.27332356331553
321,LR,mlp,mushrooms,low,,20,347.0,LR,True,8.546611192824786,6.207,-20,1,1,31.27332356331553
321,LR,mlp,mushrooms,low,,21,107.0,LR,False,8.701384576484028,5.099,40,1,0,31.27332356331553
321,LR,mlp,mushrooms,low,,22,78.0,LR,False,8.731884486703478,5.42,-20,1,1,31.27332356331553
321,LR,mlp,mushrooms,low,,23,209.0,LR,True,8.980109906751627,4.382,20,0,1,31.27332356331553
321,LR,mlp,mushrooms,low,,24,46.0,LR,False,8.680743359834683,3.562,-40,1,1,31.27332356331553
321,LR,mlp,mushrooms,low,,25,181.0,LR,True,8.499565045860393,8.373,20,1,1,31.27332356331553
321,LR,mlp,mushrooms,low,,26,301.0,LR,False,8.469042387492825,9.098,20,1,0,31.27332356331553
321,LR,mlp,mushrooms,low,,27,171.0,LR,True,8.177382322728956,5.001,-20,0,1,31.27332356331553
321,LR,mlp,mushrooms,low,,28,71.0,LR,True,8.83407714860611,9.678,-20,0,1,31.27332356331553
321,LR,mlp,mushrooms,low,,29,60.0,LR,False,8.641355633107231,7.682,60,1,1,31.27332356331553
321,LR,mlp,mushrooms,low,,30,253.0,LR,False,8.658557476657645,4.171,60,1,1,31.27332356331553
321,LR,mlp,mushrooms,low,,31,16.0,LR,True,8.806608051058154,4.401,40,0,0,31.27332356331553
321,LR,mlp,mushrooms,low,,32,307.0,LR,False,8.280892699522106,4.143,60,1,1,31.27332356331553
321,LR,mlp,mushrooms,low,,33,174.0,LR,True,8.72199271296519,4.911,80,1,0,31.27332356331553
321,LR,mlp,mushrooms,low,,34,383.0,LR,False,8.407711837847186,3.875,80,1,0,31.27332356331553
321,LR,mlp,mushrooms,low,,35,366.0,LR,True,9.001128298753944,4.521,80,0,0,31.27332356331553
321,LR,mlp,mushrooms,low,,36,194.0,LR,True,8.999244438861616,3.803,60,0,1,31.27332356331553
321,LR,mlp,mushrooms,low,,37,125.0,LR,True,8.900211483687475,3.876,40,1,1,31.27332356331553
321,LR,mlp,mushrooms,low,,38,246.0,LR,True,8.697830183956844,3.744,40,1,0,31.27332356331553
321,LR,mlp,mushrooms,low,,39,335.0,LR,False,8.81636997263383,3.1,40,0,0,31.27332356331553
302,LR,mlp,mushrooms,low,,0,140.0,LR,False,6.44600845892468,154.813,60,0,1,29.93402709162288
302,LR,mlp,mushrooms,low,,1,288.0,LR,False,6.443190606933182,3.326,-60,0,1,29.93402709162288
302,LR,mlp,mushrooms,low,,2,58.0,LR,True,6.171953226815876,26.653,-40,0,1,29.93402709162288
302,LR,mlp,mushrooms,low,,3,0.0,LR,True,6.001433124953947,12.017,-40,0,1,29.93402709162288
302,LR,mlp,mushrooms,low,,4,375.0,LR,False,6.49314003567506,5.554,60,1,0,29.93402709162288
302,LR,mlp,mushrooms,low,,5,333.0,LR,True,6.144533882649644,20.683,60,0,0,29.93402709162288
302,LR,mlp,mushrooms,low,,6,366.0,LR,True,5.8290561777956125,7.707,60,0,1,29.93402709162288
302,LR,mlp,mushrooms,low,,7,103.0,LR,False,8.498562483879038,4.329,-40,0,1,29.93402709162288
302,LR,mlp,mushrooms,low,,8,240.0,LR,False,8.889029918261912,12.524,-20,1,1,29.93402709162288
302,LR,mlp,mushrooms,low,,9,196.0,LR,True,9.109846047564773,182.448,60,1,0,29.93402709162288
302,LR,mlp,mushrooms,low,,10,354.0,LR,False,8.836761130499026,4.675,-60,1,1,29.93402709162288
302,LR,mlp,mushrooms,low,,11,70.0,LR,True,9.00532669773488,18.757,40,0,0,29.93402709162288
302,LR,mlp,mushrooms,low,,12,119.0,LR,False,9.00856621495536,53.36,-60,0,0,29.93402709162288
302,LR,mlp,mushrooms,low,,13,50.0,LR,False,8.366199385529868,3.7,-40,0,1,29.93402709162288
302,LR,mlp,mushrooms,low,,14,284.0,LR,False,8.639963156296783,2.648,-80,0,0,29.93402709162288
302,LR,mlp,mushrooms,low,,15,340.0,LR,True,8.879531417157793,3.372,-40,0,0,29.93402709162288
302,LR,mlp,mushrooms,low,,16,237.0,LR,False,8.793110199795446,2.94,-40,1,1,29.93402709162288
302,LR,mlp,mushrooms,low,,17,280.0,LR,True,8.867992133694257,4.19,60,1,1,29.93402709162288
302,LR,mlp,mushrooms,low,,18,120.0,LR,True,8.94547152515557,2.171,60,1,1,29.93402709162288
302,LR,mlp,mushrooms,low,,19,158.0,LR,True,8.929301228227155,3.472,60,0,0,29.93402709162288
302,LR,mlp,mushrooms,low,,20,143.0,LR,False,8.882742417667867,4.374,40,1,1,29.93402709162288
302,LR,mlp,mushrooms,low,,21,81.0,LR,False,8.694218449141752,30.908,-20,1,1,29.93402709162288
302,LR,mlp,mushrooms,low,,22,232.0,LR,True,7.95314346505238,4.008,-40,0,0,29.93402709162288
302,LR,mlp,mushrooms,low,,23,11.0,LR,True,8.675306973845256,4.121,-60,1,1,29.93402709162288
302,LR,mlp,mushrooms,low,,24,64.0,LR,False,8.623738684305009,8.602,-40,1,1,29.93402709162288
302,LR,mlp,mushrooms,low,,25,235.0,LR,True,8.671105843912727,1.652,60,1,1,29.93402709162288
302,LR,mlp,mushrooms,low,,26,380.0,LR,True,7.957650097473056,4.397,60,0,0,29.93402709162288
302,LR,mlp,mushrooms,low,,27,67.0,LR,True,9.059207821499143,2.894,-60,0,1,29.93402709162288
302,LR,mlp,mushrooms,low,,28,397.0,LR,False,8.028217015771112,4.091,-80,0,1,29.93402709162288
302,LR,mlp,mushrooms,low,,29,9.0,LR,False,8.34355012727315,2.688,60,0,1,29.93402709162288
302,LR,mlp,mushrooms,low,,30,205.0,LR,False,8.012473213840487,2.459,-60,0,0,29.93402709162288
302,LR,mlp,mushrooms,low,,31,295.0,LR,False,8.928892903781357,40.246,60,1,1,29.93402709162288
302,LR,mlp,mushrooms,low,,32,364.0,LR,False,8.656591930990967,3.368,60,1,1,29.93402709162288
302,LR,mlp,mushrooms,low,,33,146.0,LR,True,8.746768371391095,8.401,60,1,1,29.93402709162288
302,LR,mlp,mushrooms,low,,34,281.0,LR,True,8.800098299636636,3.65,20,1,1,29.93402709162288
302,LR,mlp,mushrooms,low,,35,114.0,LR,True,8.840459955121343,1.691,-60,1,1,29.93402709162288
302,LR,mlp,mushrooms,low,,36,69.0,LR,False,8.521694515330925,4.194,20,1,0,29.93402709162288
302,LR,mlp,mushrooms,low,,37,131.0,LR,False,8.907374237897699,3.029,40,0,1,29.93402709162288
302,LR,mlp,mushrooms,low,,38,285.0,LR,True,8.37042440407642,3.204,-60,0,0,29.93402709162288
302,LR,mlp,mushrooms,low,,39,101.0,LR,False,8.965182961000782,4.676,-40,1,0,29.93402709162288
278,LR,mlp,mushrooms,low,,0,361.0,LR,True,6.303814640591034,21.383,-80,0,1,32.61560403625761
278,LR,mlp,mushrooms,low,,1,189.0,LR,False,5.90640375859737,12.634,20,1,1,32.61560403625761
278,LR,mlp,mushrooms,low,,2,150.0,LR,True,5.7357111381067085,9.988,-80,0,1,32.61560403625761
278,LR,mlp,mushrooms,low,,3,221.0,LR,False,8.640439242961,11.543,-20,1,1,32.61560403625761
278,LR,mlp,mushrooms,low,,4,53.0,LR,True,6.094209792513851,11.576,-40,1,1,32.61560403625761
278,LR,mlp,mushrooms,low,,5,67.0,LR,True,5.797494396407147,14.895,40,0,1,32.61560403625761
278,LR,mlp,mushrooms,low,,6,61.0,LR,False,8.928246630140208,5.108,-40,0,0,32.61560403625761
278,LR,mlp,mushrooms,low,,7,349.0,LR,True,9.058465672415624,4.314,40,0,1,32.61560403625761
278,LR,mlp,mushrooms,low,,8,224.0,LR,False,8.761122633347547,5.348,-20,1,1,32.61560403625761
278,LR,mlp,mushrooms,low,,9,398.0,LR,True,8.774180711043314,4.553,40,1,0,32.61560403625761
278,LR,mlp,mushrooms,low,,10,305.0,LR,True,8.575729717874681,5.358,20,1,1,32.61560403625761
278,LR,mlp,mushrooms,low,,11,11.0,LR,True,8.55888649786708,3.94,40,1,1,32.61560403625761
278,LR,mlp,mushrooms,low,,12,394.0,LR,False,8.497560356718424,4.184,40,1,1,32.61560403625761
278,LR,mlp,mushrooms,low,,13,325.0,LR,False,8.96711520973974,3.678,-20,0,0,32.61560403625761
278,LR,mlp,mushrooms,low,,14,129.0,LR,False,8.465433917677085,3.177,40,0,1,32.61560403625761
278,LR,mlp,mushrooms,low,,15,108.0,LR,True,9.023086906299824,3.196,40,0,1,32.61560403625761
278,LR,mlp,mushrooms,low,,16,287.0,LR,True,8.758875485391654,3.529,-40,0,0,32.61560403625761
278,LR,mlp,mushrooms,low,,17,148.0,LR,False,8.758423502770281,4.104,40,1,0,32.61560403625761
278,LR,mlp,mushrooms,low,,18,262.0,LR,True,8.982706406586722,3.858,40,0,0,32.61560403625761
278,LR,mlp,mushrooms,low,,19,100.0,LR,True,8.962840183394146,3.254,-60,0,0,32.61560403625761
278,LR,mlp,mushrooms,low,,20,16.0,LR,True,8.681657308740974,3.205,40,0,0,32.61560403625761
278,LR,mlp,mushrooms,low,,21,365.0,LR,False,7.921019870600917,3.117,-40,0,1,32.61560403625761
278,LR,mlp,mushrooms,low,,22,128.0,LR,False,8.507941303698724,2.811,-40,1,0,32.61560403625761
278,LR,mlp,mushrooms,low,,23,94.0,LR,False,8.791249159009036,2.736,40,0,0,32.61560403625761
278,LR,mlp,mushrooms,low,,24,317.0,LR,False,7.92591540141712,2.913,-60,0,0,32.61560403625761
278,LR,mlp,mushrooms,low,,25,376.0,LR,True,8.325275563241425,3.882,-40,0,1,32.61560403625761
278,LR,mlp,mushrooms,low,,26,64.0,LR,True,8.870123254447552,5.157,20,1,0,32.61560403625761
278,LR,mlp,mushrooms,low,,27,110.0,LR,False,9.029342086796348,3.241,60,0,1,32.61560403625761
278,LR,mlp,mushrooms,low,,28,203.0,LR,False,8.162273696717156,3.134,-60,0,0,32.61560403625761
278,LR,mlp,mushrooms,low,,29,328.0,LR,True,8.744321133643737,3.753,20,1,0,32.61560403625761
278,LR,mlp,mushrooms,low,,30,135.0,LR,False,9.002740919983786,2.88,40,0,0,32.61560403625761
278,LR,mlp,mushrooms,low,,31,326.0,LR,True,7.989221487446438,4.245,-40,0,1,32.61560403625761
278,LR,mlp,mushrooms,low,,32,101.0,LR,False,8.866537140606686,2.739,40,1,1,32.61560403625761
278,LR,mlp,mushrooms,low,,33,193.0,LR,True,8.35636360401427,3.844,20,0,0,32.61560403625761
278,LR,mlp,mushrooms,low,,34,117.0,LR,False,8.872034313907106,2.3,40,0,0,32.61560403625761
278,LR,mlp,mushrooms,low,,35,42.0,LR,True,8.48369019134822,5.804,-20,0,0,32.61560403625761
278,LR,mlp,mushrooms,low,,36,285.0,LR,False,8.302083669008857,4.516,-40,0,1,32.61560403625761
278,LR,mlp,mushrooms,low,,37,46.0,LR,False,8.708054897054762,3.045,-20,1,0,32.61560403625761
278,LR,mlp,mushrooms,low,,38,191.0,LR,False,8.529397875370314,4.703,40,0,0,32.61560403625761
278,LR,mlp,mushrooms,low,,39,367.0,LR,False,8.593284720964734,4.311,-40,1,0,32.61560403625761
54,LR,mlp,mushrooms,low,,0,232.0,LR,True,6.311018129431405,49.094,-60,0,1,22.94017327065945
54,LR,mlp,mushrooms,low,,1,351.0,LR,False,6.122052563302804,18.767,-20,0,1,22.94017327065945
54,LR,mlp,mushrooms,low,,2,252.0,LR,True,6.13511506836745,19.357,80,1,1,22.94017327065945
54,LR,mlp,mushrooms,low,,3,380.0,LR,False,6.016969306807876,21.751,-60,0,1,22.94017327065945
54,LR,mlp,mushrooms,low,,4,217.0,LR,False,6.412798682646141,10.807,40,1,1,22.94017327065945
54,LR,mlp,mushrooms,low,,5,154.0,LR,False,6.3286338129452755,4.293,100,1,0,22.94017327065945
54,LR,mlp,mushrooms,low,,6,148.0,LR,True,6.032271010445412,7.159,100,1,0,22.94017327065945
54,LR,mlp,mushrooms,low,,7,273.0,LR,True,5.702979660184544,8.876,-100,1,1,22.94017327065945
54,LR,mlp,mushrooms,low,,8,247.0,LR,True,6.282000916088423,11.876,100,1,0,22.94017327065945
54,LR,mlp,mushrooms,low,,9,30.0,LR,False,6.316130476927902,5.061,100,1,1,22.94017327065945
54,LR,mlp,mushrooms,low,,10,150.0,LR,False,5.699076830314353,38.046,60,0,1,22.94017327065945
54,LR,mlp,mushrooms,low,,11,338.0,LR,False,5.966503786792304,20.387,-60,0,1,22.94017327065945
54,LR,mlp,mushrooms,low,,12,199.0,LR,False,6.008081979082052,34.513,60,1,1,22.94017327065945
54,LR,mlp,mushrooms,low,,13,27.0,LR,False,6.071213691622241,6.727,80,1,1,22.94017327065945
54,LR,mlp,mushrooms,low,,14,103.0,LR,False,5.715201856802565,13.78,40,0,1,22.94017327065945
54,LR,mlp,mushrooms,low,,15,186.0,LR,False,8.405721505399626,4.474,-60,0,1,22.94017327065945
54,LR,mlp,mushrooms,low,,16,181.0,LR,True,8.659009539326313,18.613,100,1,1,22.94017327065945
54,LR,mlp,mushrooms,low,,17,253.0,LR,False,8.481367677307684,78.086,80,1,0,22.94017327065945
54,LR,mlp,mushrooms,low,,18,93.0,LR,False,8.602274066448079,15.227,-60,0,1,22.94017327065945
54,LR,mlp,mushrooms,low,,19,8.0,LR,False,8.768417862606924,9.579,100,1,0,22.94017327065945
54,LR,mlp,mushrooms,low,,20,13.0,LR,False,8.96887570341473,6.334,-60,0,1,22.94017327065945
54,LR,mlp,mushrooms,low,,21,135.0,LR,True,8.953100590677206,107.07,80,0,1,22.94017327065945
54,LR,mlp,mushrooms,low,,22,48.0,LR,False,8.445953269105956,6.628,80,0,0,22.94017327065945
54,LR,mlp,mushrooms,low,,23,61.0,LR,False,8.778251849357417,10.327,60,0,1,22.94017327065945
54,LR,mlp,mushrooms,low,,24,159.0,LR,True,8.887694567965138,33.047,20,1,1,22.94017327065945
54,LR,mlp,mushrooms,low,,25,357.0,LR,False,8.717708847410378,4.369,40,1,1,22.94017327065945
54,LR,mlp,mushrooms,low,,26,160.0,LR,True,8.923119676855041,11.403,-80,1,1,22.94017327065945
54,LR,mlp,mushrooms,low,,27,300.0,LR,False,8.832531713619174,47.75,40,1,1,22.94017327065945
54,LR,mlp,mushrooms,low,,28,325.0,LR,False,8.900733552911099,14.086,20,0,0,22.94017327065945
54,LR,mlp,mushrooms,low,,29,395.0,LR,True,8.976803171244331,16.101,-40,0,0,22.94017327065945
54,LR,mlp,mushrooms,low,,30,130.0,LR,False,8.716487863931327,6.625,40,1,1,22.94017327065945
54,LR,mlp,mushrooms,low,,31,225.0,LR,False,8.506632983913157,4.013,40,0,0,22.94017327065945
54,LR,mlp,mushrooms,low,,32,100.0,LR,True,9.059211725202776,4.695,-40,0,1,22.94017327065945
54,LR,mlp,mushrooms,low,,33,189.0,LR,False,8.897128409914435,5.622,40,1,0,22.94017327065945
54,LR,mlp,mushrooms,low,,34,114.0,LR,True,9.001022668367096,3.724,-60,1,1,22.94017327065945
54,LR,mlp,mushrooms,low,,35,190.0,LR,True,8.597864405333613,10.618,60,1,1,22.94017327065945
54,LR,mlp,mushrooms,low,,36,183.0,LR,True,8.975819477158366,16.985,-80,0,1,22.94017327065945
54,LR,mlp,mushrooms,low,,37,101.0,LR,False,8.864551710311284,18.187,40,1,0,22.94017327065945
54,LR,mlp,mushrooms,low,,38,69.0,LR,False,8.622788391484487,2.922,40,1,1,22.94017327065945
54,LR,mlp,mushrooms,low,,39,342.0,LR,False,8.443051026414805,17.043,-80,0,0,22.94017327065945
271,LR,mlp,mushrooms,high,,0,182.0,LR,True,6.421430697523614,322.221,-100,1,1,41.74235752045418
271,LR,mlp,mushrooms,high,,1,302.0,LR,False,8.160676577453113,22.366,-100,0,1,41.74235752045418
271,LR,mlp,mushrooms,high,,2,2.0,LR,False,8.120752082380774,8.48,100,1,0,41.74235752045418
271,LR,mlp,mushrooms,high,,3,93.0,LR,True,6.1071621230957955,42.366,-100,0,0,41.74235752045418
271,LR,mlp,mushrooms,high,,4,307.0,LR,False,8.040825946538902,40.835,100,1,0,41.74235752045418
271,LR,mlp,mushrooms,high,,5,232.0,LR,True,6.188964427742924,49.1,-100,0,1,41.74235752045418
271,LR,mlp,mushrooms,high,,6,31.0,LR,True,6.170330758048643,28.5,-100,0,1,41.74235752045418
271,LR,mlp,mushrooms,high,,7,107.0,LR,True,6.0032944659358645,726.379,-100,1,1,41.74235752045418
271,LR,mlp,mushrooms,high,,8,72.0,LR,False,8.009485974261363,6.355,100,0,0,41.74235752045418
271,LR,mlp,mushrooms,high,,9,336.0,LR,False,7.687906216231848,2.216,100,0,1,41.74235752045418
271,LR,mlp,mushrooms,high,,10,75.0,LR,True,5.855137931695941,7.137,100,1,1,41.74235752045418
271,LR,mlp,mushrooms,high,,11,140.0,LR,False,9.832404007092885,7.972,100,0,1,41.74235752045418
271,LR,mlp,mushrooms,high,,12,263.0,LR,False,9.6464256073268,2.032,-20,1,1,41.74235752045418
271,LR,mlp,mushrooms,high,,13,277.0,LR,True,6.264053758257285,4.697,-20,1,1,41.74235752045418
271,LR,mlp,mushrooms,high,,14,238.0,LR,True,6.280713622100388,2.067,-20,1,1,41.74235752045418
271,LR,mlp,mushrooms,high,,15,217.0,LR,True,6.282355422595524,2.295,-20,1,1,41.74235752045418
271,LR,mlp,mushrooms,high,,16,41.0,LR,True,6.285545402430266,1.461,-20,0,1,41.74235752045418
271,LR,mlp,mushrooms,high,,17,254.0,LR,True,6.009577505943312,2.229,100,0,0,41.74235752045418
271,LR,mlp,mushrooms,high,,18,104.0,LR,False,10.02023060557836,1.614,100,1,1,41.74235752045418
271,LR,mlp,mushrooms,high,,19,152.0,LR,True,6.3629328153739255,2.42,-80,0,1,41.74235752045418
271,LR,mlp,mushrooms,high,,20,211.0,LR,True,5.882351454904041,2.858,-40,1,1,41.74235752045418
271,LR,mlp,mushrooms,high,,21,248.0,LR,True,5.902946674776546,33.482,-100,0,1,41.74235752045418
271,LR,mlp,mushrooms,high,,22,291.0,LR,False,9.585011800201796,13.699,-60,0,0,41.74235752045418
271,LR,mlp,mushrooms,high,,23,278.0,LR,False,10.169407307482528,13.874,20,1,1,41.74235752045418
271,LR,mlp,mushrooms,high,,24,19.0,LR,True,7.941986578943323,13.087,100,1,1,41.74235752045418
271,LR,mlp,mushrooms,high,,25,13.0,LR,True,8.704769136779312,17.979,100,0,0,41.74235752045418
271,LR,mlp,mushrooms,high,,26,285.0,LR,False,9.596362554206015,14.498,-100,0,0,41.74235752045418
271,LR,mlp,mushrooms,high,,27,30.0,LR,False,9.70936736153241,22.058,100,1,0,41.74235752045418
271,LR,mlp,mushrooms,high,,28,42.0,LR,False,9.981644723383232,17.694,-60,0,0,41.74235752045418
271,LR,mlp,mushrooms,high,,29,118.0,LR,False,10.070646463905234,5.277,100,0,0,41.74235752045418
271,LR,mlp,mushrooms,high,,30,134.0,LR,True,10.271922815766942,17.491,100,1,1,41.74235752045418
271,LR,mlp,mushrooms,high,,31,52.0,LR,True,9.909491224347033,65.857,100,1,1,41.74235752045418
271,LR,mlp,mushrooms,high,,32,113.0,LR,False,10.098911905611889,13.522,-100,0,0,41.74235752045418
271,LR,mlp,mushrooms,high,,33,160.0,LR,False,10.014457125630328,78.2,100,1,0,41.74235752045418
271,LR,mlp,mushrooms,high,,34,81.0,LR,True,10.786556614094328,18.538,100,1,1,41.74235752045418
271,LR,mlp,mushrooms,high,,35,321.0,LR,False,12.034680383958923,17.0,-60,1,0,41.74235752045418
271,LR,mlp,mushrooms,high,,36,218.0,LR,True,10.733969779970472,7.537,100,1,1,41.74235752045418
271,LR,mlp,mushrooms,high,,37,382.0,LR,False,12.27977363852903,6.672,-80,0,1,41.74235752045418
271,LR,mlp,mushrooms,high,,38,196.0,LR,False,12.083175097319064,117.545,-20,1,1,41.74235752045418
271,LR,mlp,mushrooms,high,,39,108.0,LR,False,11.987543151076617,9.649,-80,0,1,41.74235752045418
300,LR,mlp,mushrooms,low,,0,21.0,LR,True,6.25131059479957,77.655,80,1,1,25.02549467313044
300,LR,mlp,mushrooms,low,,1,365.0,LR,True,6.147230418198524,63.74,-80,0,0,25.02549467313044
300,LR,mlp,mushrooms,low,,2,312.0,LR,False,5.924552480105207,72.521,20,1,1,25.02549467313044
300,LR,mlp,mushrooms,low,,3,50.0,LR,False,6.182747660629931,28.519,-100,0,1,25.02549467313044
300,LR,mlp,mushrooms,low,,4,372.0,LR,True,6.132452044136398,35.304,-100,0,0,25.02549467313044
300,LR,mlp,mushrooms,low,,5,64.0,LR,True,6.130575304798558,56.575,-20,1,1,25.02549467313044
300,LR,mlp,mushrooms,low,,6,102.0,LR,False,5.908648372977894,40.601,-80,1,1,25.02549467313044
300,LR,mlp,mushrooms,low,,7,227.0,LR,False,6.203728763426087,54.053,20,1,1,25.02549467313044
300,LR,mlp,mushrooms,low,,8,194.0,LR,True,5.707590000860263,27.124,60,0,1,25.02549467313044
300,LR,mlp,mushrooms,low,,9,29.0,LR,False,6.308623462048304,24.042,20,0,0,25.02549467313044
300,LR,mlp,mushrooms,low,,10,392.0,LR,True,6.481542041796182,22.66,-40,0,0,25.02549467313044
300,LR,mlp,mushrooms,low,,11,93.0,LR,False,8.755865125014202,15.641,-80,0,0,25.02549467313044
300,LR,mlp,mushrooms,low,,12,282.0,LR,False,8.40909869191291,17.128,100,1,1,25.02549467313044
300,LR,mlp,mushrooms,low,,13,346.0,LR,False,8.743681454239658,17.259,-60,1,0,25.02549467313044
300,LR,mlp,mushrooms,low,,14,230.0,LR,False,8.77973391031078,22.681,20,1,0,25.02549467313044
300,LR,mlp,mushrooms,low,,15,253.0,LR,False,8.771147212769058,5.322,20,1,1,25.02549467313044
300,LR,mlp,mushrooms,low,,16,115.0,LR,True,5.873670930491981,23.59,80,1,1,25.02549467313044
300,LR,mlp,mushrooms,low,,17,233.0,LR,False,6.264093165259068,9.926,40,0,1,25.02549467313044
300,LR,mlp,mushrooms,low,,18,226.0,LR,True,6.562628629838288,14.659,60,1,1,25.02549467313044
300,LR,mlp,mushrooms,low,,19,324.0,LR,True,6.03085372726237,13.065,80,0,1,25.02549467313044
300,LR,mlp,mushrooms,low,,20,347.0,LR,False,8.931440102152486,20.615,-40,1,1,25.02549467313044
300,LR,mlp,mushrooms,low,,21,10.0,LR,False,8.745391739094242,12.692,80,1,1,25.02549467313044
300,LR,mlp,mushrooms,low,,22,281.0,LR,False,8.823625732511145,8.749,-20,1,0,25.02549467313044
300,LR,mlp,mushrooms,low,,23,301.0,LR,False,8.670088096986161,4.362,20,1,0,25.02549467313044
300,LR,mlp,mushrooms,low,,24,77.0,LR,True,5.889664076810512,16.778,80,0,1,25.02549467313044
300,LR,mlp,mushrooms,low,,25,384.0,LR,False,9.010517255595817,11.984,-20,0,0,25.02549467313044
300,LR,mlp,mushrooms,low,,26,125.0,LR,False,8.985085794472175,6.611,-80,1,0,25.02549467313044
300,LR,mlp,mushrooms,low,,27,310.0,LR,False,8.817374397937165,14.593,20,1,0,25.02549467313044
300,LR,mlp,mushrooms,low,,28,165.0,LR,True,8.392815263551869,39.899,40,0,0,25.02549467313044
300,LR,mlp,mushrooms,low,,29,3.0,LR,True,8.102736407217838,7.003,-40,0,0,25.02549467313044
300,LR,mlp,mushrooms,low,,30,229.0,LR,True,9.054474870797126,23.934,40,0,1,25.02549467313044
300,LR,mlp,mushrooms,low,,31,260.0,LR,False,8.660686540864011,5.48,60,1,0,25.02549467313044
300,LR,mlp,mushrooms,low,,32,39.0,LR,True,8.044143525325921,9.325,-20,0,0,25.02549467313044
300,LR,mlp,mushrooms,low,,33,320.0,LR,True,8.96501131131928,9.987,-60,0,1,25.02549467313044
300,LR,mlp,mushrooms,low,,34,382.0,LR,True,8.927096087766397,14.101,-60,0,0,25.02549467313044
300,LR,mlp,mushrooms,low,,35,237.0,LR,True,8.734179779787743,7.165,60,1,1,25.02549467313044
300,LR,mlp,mushrooms,low,,36,378.0,LR,False,8.79765098030614,6.28,60,1,1,25.02549467313044
300,LR,mlp,mushrooms,low,,37,177.0,LR,True,8.26508025711124,6.738,80,0,0,25.02549467313044
300,LR,mlp,mushrooms,low,,38,318.0,LR,False,8.886093619447891,10.401,-40,0,1,25.02549467313044
300,LR,mlp,mushrooms,low,,39,94.0,LR,False,8.750781888119018,12.526,-60,0,0,25.02549467313044
291,DT+LR,mlp,mushrooms,low,,0,209.0,DT,True,10.770954098521887,83.327,20,0,0,53.361022060297174
291,DT+LR,mlp,mushrooms,low,,1,287.0,DT,True,0.2073399520528911,16.607,-60,0,1,53.361022060297174
291,DT+LR,mlp,mushrooms,low,,2,46.0,LR,False,7.120245270637536,15.639,40,1,1,53.361022060297174
291,DT+LR,mlp,mushrooms,low,,3,353.0,DT,False,7.29546947810125,6.205,60,1,1,53.361022060297174
291,DT+LR,mlp,mushrooms,low,,4,117.0,DT,False,7.379642548426631,2.611,-60,0,0,53.361022060297174
291,DT+LR,mlp,mushrooms,low,,5,384.0,LR,False,7.032633103514685,2.233,80,0,0,53.361022060297174
291,DT+LR,mlp,mushrooms,low,,6,259.0,LR,False,6.7924438004502585,2.202,-80,0,0,53.361022060297174
291,DT+LR,mlp,mushrooms,low,,7,53.0,DT,True,7.114305479161132,2.616,-80,1,1,53.361022060297174
291,DT+LR,mlp,mushrooms,low,,8,170.0,DT,False,6.775094129186548,3.1,60,1,1,53.361022060297174
291,DT+LR,mlp,mushrooms,low,,9,4.0,LR,False,6.89144064716669,2.548,-60,1,0,53.361022060297174
291,DT+LR,mlp,mushrooms,low,,10,315.0,DT,False,3.8803433862223176,3.698,-60,0,1,53.361022060297174
291,DT+LR,mlp,mushrooms,low,,11,183.0,LR,True,6.799415556882979,11.731,-80,0,1,53.361022060297174
291,DT+LR,mlp,mushrooms,low,,12,22.0,LR,True,6.585113058073626,7.231,-100,1,1,53.361022060297174
291,DT+LR,mlp,mushrooms,low,,13,313.0,DT,True,6.638360628756135,4.031,80,0,0,53.361022060297174
291,DT+LR,mlp,mushrooms,low,,14,73.0,DT,False,6.805975911748729,2.728,60,0,0,53.361022060297174
291,DT+LR,mlp,mushrooms,low,,15,324.0,DT,True,6.969591133189757,5.279,-60,0,0,53.361022060297174
291,DT+LR,mlp,mushrooms,low,,16,292.0,LR,True,6.9932414484848255,3.943,-80,1,1,53.361022060297174
291,DT+LR,mlp,mushrooms,low,,17,182.0,DT,False,6.976710259370649,86.099,-60,1,1,53.361022060297174
291,DT+LR,mlp,mushrooms,low,,18,223.0,LR,True,7.107382058645738,5.005,-80,0,0,53.361022060297174
291,DT+LR,mlp,mushrooms,low,,19,228.0,LR,True,3.790262545261704,5.124,-100,0,1,53.361022060297174
291,DT+LR,mlp,mushrooms,low,,20,41.0,LR,True,7.007950005502505,4.149,-80,0,0,53.361022060297174
291,DT+LR,mlp,mushrooms,low,,21,347.0,LR,True,6.741391567296956,4.803,-40,1,1,53.361022060297174
291,DT+LR,mlp,mushrooms,low,,22,188.0,LR,False,6.687962046951319,3.61,60,0,0,53.361022060297174
291,DT+LR,mlp,mushrooms,low,,23,194.0,DT,False,6.857676202096028,3.809,-60,0,0,53.361022060297174
291,DT+LR,mlp,mushrooms,low,,24,44.0,DT,False,6.636159488637012,5.146,60,0,0,53.361022060297174
291,DT+LR,mlp,mushrooms,low,,25,6.0,DT,True,7.023268693105211,11.67,-60,1,1,53.361022060297174
291,DT+LR,mlp,mushrooms,low,,26,274.0,DT,True,6.968537042264959,2.641,-80,1,1,53.361022060297174
291,DT+LR,mlp,mushrooms,low,,27,185.0,LR,False,7.050832440296177,5.789,-80,0,0,53.361022060297174
291,DT+LR,mlp,mushrooms,low,,28,97.0,LR,True,6.960142374854883,3.39,-80,1,0,53.361022060297174
291,DT+LR,mlp,mushrooms,low,,29,128.0,DT,True,6.815170561854884,3.403,60,1,1,53.361022060297174
291,DT+LR,mlp,mushrooms,low,,30,364.0,LR,True,6.875830637974174,6.595,-40,1,0,53.361022060297174
291,DT+LR,mlp,mushrooms,low,,31,229.0,LR,True,6.888466179369153,2.138,60,0,0,53.361022060297174
291,DT+LR,mlp,mushrooms,low,,32,222.0,LR,False,6.8502527515201725,2.393,60,0,0,53.361022060297174
291,DT+LR,mlp,mushrooms,low,,33,341.0,LR,True,7.073069550606643,3.073,-80,1,0,53.361022060297174
291,DT+LR,mlp,mushrooms,low,,34,66.0,DT,True,3.666528322632386,1.732,80,0,0,53.361022060297174
291,DT+LR,mlp,mushrooms,low,,35,29.0,LR,False,7.024120387063573,1.598,-80,0,0,53.361022060297174
291,DT+LR,mlp,mushrooms,low,,36,56.0,DT,False,6.897235667854386,2.259,-60,1,1,53.361022060297174
291,DT+LR,mlp,mushrooms,low,,37,130.0,LR,False,7.013710930272288,2.793,60,1,1,53.361022060297174
291,DT+LR,mlp,mushrooms,low,,38,151.0,LR,True,6.963688589745892,4.373,80,0,0,53.361022060297174
291,DT+LR,mlp,mushrooms,low,,39,197.0,DT,True,7.07533817309246,2.41,80,0,0,53.361022060297174
80,LR,mlp,mushrooms,low,,0,87.0,LR,True,6.365832581677401,44.403,60,0,1,33.6580676761376
80,LR,mlp,mushrooms,low,,1,288.0,LR,False,6.565739872717317,32.84,60,0,1,33.6580676761376
80,LR,mlp,mushrooms,low,,2,276.0,LR,True,6.045860551326966,25.201,-60,1,1,33.6580676761376
80,LR,mlp,mushrooms,low,,3,293.0,LR,False,5.9582123985285484,112.3,60,0,0,33.6580676761376
80,LR,mlp,mushrooms,low,,4,217.0,LR,False,6.580750033760183,42.351,-40,1,0,33.6580676761376
80,LR,mlp,mushrooms,low,,5,75.0,LR,False,6.033574648253098,45.7,-60,1,1,33.6580676761376
80,LR,mlp,mushrooms,low,,6,311.0,LR,True,5.938668490469111,54.378,-60,1,1,33.6580676761376
80,LR,mlp,mushrooms,low,,7,158.0,LR,True,6.166610633236321,41.373,-60,0,1,33.6580676761376
80,LR,mlp,mushrooms,low,,8,390.0,LR,False,8.691375506153907,70.2,-60,0,0,33.6580676761376
80,LR,mlp,mushrooms,low,,9,121.0,LR,False,8.666995833184533,103.041,-60,0,1,33.6580676761376
80,LR,mlp,mushrooms,low,,10,27.0,LR,False,8.905227161355304,26.8,-80,1,0,33.6580676761376
80,LR,mlp,mushrooms,low,,11,163.0,LR,False,8.735272692429294,26.761,-40,1,1,33.6580676761376
80,LR,mlp,mushrooms,low,,12,145.0,LR,True,8.797762645451439,28.374,40,1,0,33.6580676761376
80,LR,mlp,mushrooms,low,,13,264.0,LR,True,8.586678818191416,24.0,-60,0,0,33.6580676761376
80,LR,mlp,mushrooms,low,,14,386.0,LR,True,8.764504294341481,29.7,40,1,0,33.6580676761376
80,LR,mlp,mushrooms,low,,15,81.0,LR,False,8.551378620513406,21.576,60,1,1,33.6580676761376
80,LR,mlp,mushrooms,low,,16,3.0,LR,False,8.207075856905714,29.1,40,0,0,33.6580676761376
80,LR,mlp,mushrooms,low,,17,252.0,LR,True,6.228052467358372,23.196,80,1,1,33.6580676761376
80,LR,mlp,mushrooms,low,,18,85.0,LR,True,5.881872021805735,24.793,-80,0,1,33.6580676761376
80,LR,mlp,mushrooms,low,,19,294.0,LR,False,8.823330682044066,22.801,-60,1,1,33.6580676761376
80,LR,mlp,mushrooms,low,,20,76.0,LR,True,8.780866303570017,31.153,-60,1,1,33.6580676761376
80,LR,mlp,mushrooms,low,,21,304.0,LR,False,8.846386615813953,23.201,-80,0,1,33.6580676761376
80,LR,mlp,mushrooms,low,,22,360.0,LR,True,8.836145671899732,19.026,-60,0,0,33.6580676761376
80,LR,mlp,mushrooms,low,,23,60.0,LR,True,8.790255984968741,15.801,60,1,0,33.6580676761376
80,LR,mlp,mushrooms,low,,24,370.0,LR,True,8.958327085531014,20.942,-60,1,0,33.6580676761376
80,LR,mlp,mushrooms,low,,25,72.0,LR,True,8.927122523387803,15.771,-60,0,1,33.6580676761376
80,LR,mlp,mushrooms,low,,26,333.0,LR,False,8.107668354003795,21.5,40,0,0,33.6580676761376
80,LR,mlp,mushrooms,low,,27,267.0,LR,True,8.328021729039511,22.6,20,1,0,33.6580676761376
80,LR,mlp,mushrooms,low,,28,112.0,LR,False,8.674688479970532,19.801,60,1,0,33.6580676761376
80,LR,mlp,mushrooms,low,,29,169.0,LR,True,8.9117740607537,20.473,-80,0,0,33.6580676761376
80,LR,mlp,mushrooms,low,,30,213.0,LR,False,8.662070871737681,22.801,60,1,0,33.6580676761376
80,LR,mlp,mushrooms,low,,31,49.0,LR,False,8.568689406869723,17.183,80,1,1,33.6580676761376
80,LR,mlp,mushrooms,low,,32,399.0,LR,True,8.771756651080674,20.759,40,1,1,33.6580676761376
80,LR,mlp,mushrooms,low,,33,310.0,LR,True,8.547430203601536,22.888,60,1,0,33.6580676761376
80,LR,mlp,mushrooms,low,,34,350.0,LR,True,8.5826411187713,22.3,60,1,1,33.6580676761376
80,LR,mlp,mushrooms,low,,35,140.0,LR,True,8.420666352412459,18.301,-20,0,0,33.6580676761376
80,LR,mlp,mushrooms,low,,36,279.0,LR,True,8.59840188820633,20.192,40,1,0,33.6580676761376
80,LR,mlp,mushrooms,low,,37,197.0,LR,True,8.868028150943433,20.9,-60,0,1,33.6580676761376
80,LR,mlp,mushrooms,low,,38,287.0,LR,False,8.90688134845366,19.16,-60,0,0,33.6580676761376
80,LR,mlp,mushrooms,low,,39,93.0,LR,False,8.567455041648998,19.9,-20,0,0,33.6580676761376
1,LR,mlp,mushrooms,high,,0,363.0,LR,False,8.179071420916422,51.339,40,1,1,52.59859212635275
1,LR,mlp,mushrooms,high,,1,223.0,LR,True,6.175908376081278,91.028,-80,0,1,52.59859212635275
1,LR,mlp,mushrooms,high,,2,9.0,LR,False,7.911636101468035,61.456,20,0,0,52.59859212635275
1,LR,mlp,mushrooms,high,,3,297.0,LR,True,6.280882990186409,40.62,20,0,1,52.59859212635275
1,LR,mlp,mushrooms,high,,4,22.0,LR,False,7.953002241789973,48.764,-40,1,0,52.59859212635275
1,LR,mlp,mushrooms,high,,5,366.0,LR,True,5.944412617125678,145.06,-100,0,1,52.59859212635275
1,LR,mlp,mushrooms,high,,6,352.0,LR,True,6.381483016579619,45.778,-20,1,1,52.59859212635275
1,LR,mlp,mushrooms,high,,7,60.0,LR,False,7.956337401529669,42.516,40,1,0,52.59859212635275
1,LR,mlp,mushrooms,high,,8,162.0,LR,False,5.509245076305819,29.274,-60,1,1,52.59859212635275
1,LR,mlp,mushrooms,high,,9,321.0,LR,False,7.834018800078219,32.681,60,1,0,52.59859212635275
1,LR,mlp,mushrooms,high,,10,27.0,LR,False,5.610689524792416,25.398,60,1,1,52.59859212635275
1,LR,mlp,mushrooms,high,,11,67.0,LR,False,5.323261841624825,28.695,-100,0,1,52.59859212635275
1,LR,mlp,mushrooms,high,,12,360.0,LR,False,7.9006406132932625,42.071,-60,0,0,52.59859212635275
1,LR,mlp,mushrooms,high,,13,58.0,LR,True,6.075246862347193,29.71,20,0,1,52.59859212635275
1,LR,mlp,mushrooms,high,,14,356.0,LR,False,7.730440556892068,28.33,40,1,1,52.59859212635275
1,LR,mlp,mushrooms,high,,15,168.0,LR,False,7.89040799051346,25.872,-60,0,1,52.59859212635275
1,LR,mlp,mushrooms,high,,16,94.0,LR,True,6.022222926392992,49.199,-60,0,1,52.59859212635275
1,LR,mlp,mushrooms,high,,17,343.0,LR,True,8.212442200598883,24.733,-80,0,0,52.59859212635275
1,LR,mlp,mushrooms,high,,18,397.0,LR,True,8.280917905318011,65.088,40,0,1,52.59859212635275
1,LR,mlp,mushrooms,high,,19,63.0,LR,True,10.770619486962666,46.066,-20,0,1,52.59859212635275
1,LR,mlp,mushrooms,high,,20,330.0,LR,False,7.938479705623978,35.715,-40,1,1,52.59859212635275
1,LR,mlp,mushrooms,high,,21,395.0,LR,False,7.777105771172678,8.021,40,0,0,52.59859212635275
1,LR,mlp,mushrooms,high,,22,364.0,LR,False,9.894505752294046,37.392,40,1,1,52.59859212635275
1,LR,mlp,mushrooms,high,,23,381.0,LR,True,10.782083418503932,34.096,40,1,0,52.59859212635275
1,LR,mlp,mushrooms,high,,24,97.0,LR,True,10.462810248624722,30.786,-40,1,1,52.59859212635275
1,LR,mlp,mushrooms,high,,25,302.0,LR,True,10.562567374373996,80.121,-40,0,1,52.59859212635275
1,LR,mlp,mushrooms,high,,26,171.0,LR,True,10.36148256030199,44.375,20,0,0,52.59859212635275
1,LR,mlp,mushrooms,high,,27,71.0,LR,True,10.65355572518315,36.624,-60,0,1,52.59859212635275
1,LR,mlp,mushrooms,high,,28,152.0,LR,True,10.67163331315428,29.935,-60,0,1,52.59859212635275
1,LR,mlp,mushrooms,high,,29,347.0,LR,False,12.022006545229312,41.456,40,1,0,52.59859212635275
1,LR,mlp,mushrooms,high,,30,175.0,LR,True,10.887319604831893,22.32,40,1,0,52.59859212635275
1,LR,mlp,mushrooms,high,,31,179.0,LR,True,10.943831223379885,34.034,40,1,1,52.59859212635275
1,LR,mlp,mushrooms,high,,32,325.0,LR,False,12.16707066868481,34.153,-40,0,0,52.59859212635275
1,LR,mlp,mushrooms,high,,33,28.0,LR,True,10.896394388987508,49.298,40,1,1,52.59859212635275
1,LR,mlp,mushrooms,high,,34,358.0,LR,True,10.11785112881842,34.866,60,1,1,52.59859212635275
1,LR,mlp,mushrooms,high,,35,56.0,LR,False,12.177265946766797,34.658,40,1,0,52.59859212635275
1,LR,mlp,mushrooms,high,,36,263.0,LR,True,10.167887824746296,27.661,-40,1,1,52.59859212635275
1,LR,mlp,mushrooms,high,,37,220.0,LR,True,10.74429527822788,53.124,40,0,0,52.59859212635275
1,LR,mlp,mushrooms,high,,38,114.0,LR,True,10.36841223869628,45.719,-80,1,1,52.59859212635275
1,LR,mlp,mushrooms,high,,39,384.0,LR,False,12.099726674603968,37.979,-80,0,0,52.59859212635275
97,DT+LR,mlp,mushrooms,high,,0,347.0,DT,True,15.522788806572914,177.725,80,1,0,28.183355324262457
97,DT+LR,mlp,mushrooms,high,,1,186.0,LR,True,0.2007623468402358,278.808,-100,0,0,28.183355324262457
97,DT+LR,mlp,mushrooms,high,,2,256.0,LR,False,10.232946313416878,217.976,40,1,1,28.183355324262457
97,DT+LR,mlp,mushrooms,high,,3,15.0,LR,True,4.260491917043522,158.933,-40,0,0,28.183355324262457
97,DT+LR,mlp,mushrooms,high,,4,335.0,LR,True,4.650416681255543,66.119,-80,0,1,28.183355324262457
97,DT+LR,mlp,mushrooms,high,,5,367.0,DT,False,3.5413825465123434,84.581,-40,1,1,28.183355324262457
97,DT+LR,mlp,mushrooms,high,,6,253.0,LR,False,3.2444388588277513,120.28,-40,1,0,28.183355324262457
97,DT+LR,mlp,mushrooms,high,,7,366.0,DT,True,2.973184727396043,33.09,-100,0,0,28.183355324262457
97,DT+LR,mlp,mushrooms,high,,8,89.0,DT,True,2.362167477700825,23.148,-100,0,1,28.183355324262457
97,DT+LR,mlp,mushrooms,high,,9,229.0,LR,False,7.99009584949599,69.717,-80,0,0,28.183355324262457
97,DT+LR,mlp,mushrooms,high,,10,204.0,DT,True,6.065835973201864,60.5,100,1,1,28.183355324262457
97,DT+LR,mlp,mushrooms,high,,11,183.0,LR,False,7.785537405973338,60.311,-60,0,0,28.183355324262457
97,DT+LR,mlp,mushrooms,high,,12,101.0,DT,True,9.149518030866648,55.859,40,1,0,28.183355324262457
97,DT+LR,mlp,mushrooms,high,,13,375.0,LR,True,10.007241345469556,97.334,-20,1,1,28.183355324262457
97,DT+LR,mlp,mushrooms,high,,14,72.0,DT,True,7.331097776297437,32.977,-80,0,0,28.183355324262457
97,DT+LR,mlp,mushrooms,high,,15,138.0,DT,False,8.317410079972966,70.848,40,0,0,28.183355324262457
97,DT+LR,mlp,mushrooms,high,,16,174.0,DT,True,9.472284312291611,20.267,100,1,1,28.183355324262457
97,DT+LR,mlp,mushrooms,high,,17,262.0,LR,True,8.276578125878757,41.197,-100,0,0,28.183355324262457
97,DT+LR,mlp,mushrooms,high,,18,8.0,DT,False,10.06063777664141,63.643,100,1,1,28.183355324262457
97,DT+LR,mlp,mushrooms,high,,19,284.0,DT,True,10.386251569493384,24.757,100,0,1,28.183355324262457
97,DT+LR,mlp,mushrooms,high,,20,270.0,DT,True,10.390631895689854,40.026,80,1,1,28.183355324262457
97,DT+LR,mlp,mushrooms,high,,21,378.0,LR,False,10.310774091016444,51.203,60,1,1,28.183355324262457
97,DT+LR,mlp,mushrooms,high,,22,286.0,DT,False,10.85920016112578,66.665,80,1,1,28.183355324262457
97,DT+LR,mlp,mushrooms,high,,23,5.0,LR,False,8.4425886567111,30.393,-100,0,0,28.183355324262457
97,DT+LR,mlp,mushrooms,high,,24,106.0,DT,True,8.602665978970764,25.846,-100,0,0,28.183355324262457
97,DT+LR,mlp,mushrooms,high,,25,31.0,LR,True,4.1746345743476505,48.115,-100,0,0,28.183355324262457
97,DT+LR,mlp,mushrooms,high,,26,7.0,LR,True,10.355166422405524,65.429,-100,0,1,28.183355324262457
97,DT+LR,mlp,mushrooms,high,,27,396.0,LR,False,3.684358496192121,24.617,-100,0,0,28.183355324262457
97,DT+LR,mlp,mushrooms,high,,28,139.0,LR,False,10.28879249496886,20.421,-100,0,1,28.183355324262457
97,DT+LR,mlp,mushrooms,high,,29,142.0,DT,True,10.186918047629645,46.263,100,1,0,28.183355324262457
97,DT+LR,mlp,mushrooms,high,,30,384.0,DT,False,8.67613719260021,15.662,-100,0,0,28.183355324262457
97,DT+LR,mlp,mushrooms,high,,31,176.0,LR,False,10.10279928107246,65.67,80,1,1,28.183355324262457
97,DT+LR,mlp,mushrooms,high,,32,6.0,LR,True,10.819381177730396,61.212,80,1,1,28.183355324262457
97,DT+LR,mlp,mushrooms,high,,33,352.0,LR,True,10.441838481420174,51.149,-100,1,1,28.183355324262457
97,DT+LR,mlp,mushrooms,high,,34,389.0,DT,True,8.444903423026508,65.046,100,0,0,28.183355324262457
97,DT+LR,mlp,mushrooms,high,,35,257.0,DT,False,8.067970678984173,46.575,60,1,0,28.183355324262457
97,DT+LR,mlp,mushrooms,high,,36,12.0,DT,True,4.005640522002445,69.08,20,0,0,28.183355324262457
97,DT+LR,mlp,mushrooms,high,,37,379.0,LR,True,10.487978569944213,31.798,-100,0,1,28.183355324262457
97,DT+LR,mlp,mushrooms,high,,38,259.0,LR,False,8.600525013710659,42.401,-100,0,0,28.183355324262457
97,DT+LR,mlp,mushrooms,high,,39,320.0,LR,False,8.222445904190964,47.987,-100,0,0,28.183355324262457
31,LR,mlp,mushrooms,low,,0,158.0,LR,True,6.291064951566847,17.979,-20,0,0,28.79693629089356
31,LR,mlp,mushrooms,low,,1,121.0,LR,True,6.103285708432028,18.317,-40,0,1,28.79693629089356
31,LR,mlp,mushrooms,low,,2,335.0,LR,True,6.2738582290618545,10.663,-60,0,1,28.79693629089356
31,LR,mlp,mushrooms,low,,3,44.0,LR,True,6.041583394449986,5.211,60,0,1,28.79693629089356
31,LR,mlp,mushrooms,low,,4,247.0,LR,False,8.904931256011896,7.619,-20,1,1,28.79693629089356
31,LR,mlp,mushrooms,low,,5,321.0,LR,False,8.795308639425127,4.723,60,1,0,28.79693629089356
31,LR,mlp,mushrooms,low,,6,289.0,LR,True,8.468332163714313,7.572,40,0,0,28.79693629089356
31,LR,mlp,mushrooms,low,,7,303.0,LR,True,9.01236292133748,20.475,-40,0,1,28.79693629089356
31,LR,mlp,mushrooms,low,,8,73.0,LR,True,8.984687447277885,7.739,-60,0,0,28.79693629089356
31,LR,mlp,mushrooms,low,,9,395.0,LR,True,9.034275443423482,6.955,20,0,0,28.79693629089356
31,LR,mlp,mushrooms,low,,10,185.0,LR,False,8.841138516319347,7.785,-40,0,0,28.79693629089356
31,LR,mlp,mushrooms,low,,11,143.0,LR,False,8.987789257971547,11.415,20,1,0,28.79693629089356
31,LR,mlp,mushrooms,low,,12,265.0,LR,False,8.974895395078743,7.345,-20,0,1,28.79693629089356
31,LR,mlp,mushrooms,low,,13,316.0,LR,False,8.796112387424229,7.317,60,1,0,28.79693629089356
31,LR,mlp,mushrooms,low,,14,336.0,LR,True,8.53274635032443,19.001,20,0,1,28.79693629089356
31,LR,mlp,mushrooms,low,,15,364.0,LR,False,8.9007135493576,6.767,40,1,0,28.79693629089356
31,LR,mlp,mushrooms,low,,16,322.0,LR,True,8.998800844200188,10.732,-40,0,0,28.79693629089356
31,LR,mlp,mushrooms,low,,17,389.0,LR,False,8.656149804970216,8.78,40,0,0,28.79693629089356
31,LR,mlp,mushrooms,low,,18,372.0,LR,True,8.069398237010791,12.902,-20,0,0,28.79693629089356
31,LR,mlp,mushrooms,low,,19,179.0,LR,False,8.855123547770251,7.965,60,1,1,28.79693629089356
31,LR,mlp,mushrooms,low,,20,206.0,LR,True,8.862401522115713,10.182,-20,0,0,28.79693629089356
31,LR,mlp,mushrooms,low,,21,91.0,LR,False,8.73712807078949,6.504,40,1,0,28.79693629089356
31,LR,mlp,mushrooms,low,,22,285.0,LR,True,8.274925106518921,9.445,20,0,0,28.79693629089356
31,LR,mlp,mushrooms,low,,23,14.0,LR,False,8.042825264881323,29.251,-40,0,0,28.79693629089356
31,LR,mlp,mushrooms,low,,24,75.0,LR,True,8.965878053591858,17.624,-20,1,1,28.79693629089356
31,LR,mlp,mushrooms,low,,25,164.0,LR,True,8.69130671502606,6.493,-20,1,0,28.79693629089356
31,LR,mlp,mushrooms,low,,26,157.0,LR,True,8.611857461718905,5.647,40,1,0,28.79693629089356
31,LR,mlp,mushrooms,low,,27,23.0,LR,False,8.764745024683734,6.301,20,0,1,28.79693629089356
31,LR,mlp,mushrooms,low,,28,220.0,LR,True,8.44561801098783,10.106,-20,0,1,28.79693629089356
31,LR,mlp,mushrooms,low,,29,176.0,LR,False,8.726603942991034,3.553,60,1,1,28.79693629089356
31,LR,mlp,mushrooms,low,,30,302.0,LR,True,8.876038915290877,8.254,-20,0,0,28.79693629089356
31,LR,mlp,mushrooms,low,,31,296.0,LR,False,8.696072809313252,6.37,60,1,0,28.79693629089356
31,LR,mlp,mushrooms,low,,32,367.0,LR,True,8.56870213700164,5.823,20,1,1,28.79693629089356
31,LR,mlp,mushrooms,low,,33,201.0,LR,False,8.769310397825873,8.523,80,1,1,28.79693629089356
31,LR,mlp,mushrooms,low,,34,12.0,LR,False,8.776006197931677,10.656,-20,0,1,28.79693629089356
31,LR,mlp,mushrooms,low,,35,239.0,LR,False,8.089326994412444,6.019,-40,0,0,28.79693629089356
31,LR,mlp,mushrooms,low,,36,399.0,LR,False,8.96982757161624,7.225,20,1,1,28.79693629089356
31,LR,mlp,mushrooms,low,,37,43.0,LR,True,8.794002644713236,5.396,40,1,1,28.79693629089356
31,LR,mlp,mushrooms,low,,38,62.0,LR,False,9.007557482717992,7.511,-20,0,0,28.79693629089356
31,LR,mlp,mushrooms,low,,39,137.0,LR,True,8.1194951808498,5.473,-60,0,0,28.79693629089356
79,DT+LR,mlp,mushrooms,low,,0,110.0,DT,False,0.2045888683227096,23.639,40,0,0,50.29918092697316
79,DT+LR,mlp,mushrooms,low,,1,215.0,DT,True,0.2078273790643126,19.453,80,0,0,50.29918092697316
79,DT+LR,mlp,mushrooms,low,,2,251.0,DT,False,0.220316475701399,18.303,60,1,0,50.29918092697316
79,DT+LR,mlp,mushrooms,low,,3,262.0,LR,False,3.2887354540427136,8.507,-40,0,0,50.29918092697316
79,DT+LR,mlp,mushrooms,low,,4,296.0,LR,False,3.1083558186196263,6.628,-80,1,0,50.29918092697316
79,DT+LR,mlp,mushrooms,low,,5,386.0,DT,True,3.2928255466309406,24.433,-20,1,1,50.29918092697316
79,DT+LR,mlp,mushrooms,low,,6,68.0,LR,True,3.425376744641723,16.92,-40,1,0,50.29918092697316
79,DT+LR,mlp,mushrooms,low,,7,337.0,LR,True,5.539918944116965,11.313,60,1,0,50.29918092697316
79,DT+LR,mlp,mushrooms,low,,8,95.0,DT,True,4.551406326772767,8.702,-60,0,1,50.29918092697316
79,DT+LR,mlp,mushrooms,low,,9,349.0,LR,False,5.00294845487851,21.369,60,0,0,50.29918092697316
79,DT+LR,mlp,mushrooms,low,,10,77.0,LR,True,5.341158454660332,9.218,-40,0,0,50.29918092697316
79,DT+LR,mlp,mushrooms,low,,11,277.0,LR,False,5.081410214715506,5.346,-20,1,0,50.29918092697316
79,DT+LR,mlp,mushrooms,low,,12,305.0,DT,True,5.289567348714036,8.512,-40,1,0,50.29918092697316
79,DT+LR,mlp,mushrooms,low,,13,29.0,LR,False,6.57839190929785,11.053,-60,0,0,50.29918092697316
79,DT+LR,mlp,mushrooms,low,,14,157.0,DT,True,5.440629674116764,24.518,40,1,1,50.29918092697316
79,DT+LR,mlp,mushrooms,low,,15,378.0,DT,True,5.357431609648328,8.838,20,1,1,50.29918092697316
79,DT+LR,mlp,mushrooms,low,,16,99.0,DT,True,5.175157746378177,6.326,-60,0,1,50.29918092697316
79,DT+LR,mlp,mushrooms,low,,17,255.0,LR,False,7.118017775095553,11.268,20,0,0,50.29918092697316
79,DT+LR,mlp,mushrooms,low,,18,17.0,LR,True,6.993901620701098,5.624,-60,0,0,50.29918092697316
79,DT+LR,mlp,mushrooms,low,,19,212.0,DT,False,7.01618730590231,9.446,-20,1,1,50.29918092697316
79,DT+LR,mlp,mushrooms,low,,20,134.0,DT,True,5.172699837409044,9.109,-40,1,1,50.29918092697316
79,DT+LR,mlp,mushrooms,low,,21,79.0,LR,True,6.916025756823422,6.174,-60,1,0,50.29918092697316
79,DT+LR,mlp,mushrooms,low,,22,222.0,LR,True,7.032458001317183,6.295,-40,0,0,50.29918092697316
79,DT+LR,mlp,mushrooms,low,,23,290.0,DT,True,5.268189304024377,8.366,20,1,0,50.29918092697316
79,DT+LR,mlp,mushrooms,low,,24,37.0,DT,True,6.946366761297279,9.025,40,1,1,50.29918092697316
79,DT+LR,mlp,mushrooms,low,,25,146.0,LR,True,6.79401718923648,8.833,-60,1,1,50.29918092697316
79,DT+LR,mlp,mushrooms,low,,26,235.0,LR,True,6.826046001283312,7.347,-40,1,1,50.29918092697316
79,DT+LR,mlp,mushrooms,low,,27,216.0,DT,False,6.9488492668109,10.422,-40,1,0,50.29918092697316
79,DT+LR,mlp,mushrooms,low,,28,275.0,DT,False,7.0647485376616705,6.537,-60,1,1,50.29918092697316
79,DT+LR,mlp,mushrooms,low,,29,365.0,DT,False,3.8383814520808097,5.105,-60,0,1,50.29918092697316
79,DT+LR,mlp,mushrooms,low,,30,11.0,DT,False,7.018043826339113,7.291,-60,1,1,50.29918092697316
79,DT+LR,mlp,mushrooms,low,,31,394.0,DT,True,3.8439802719510863,6.876,-60,1,1,50.29918092697316
79,DT+LR,mlp,mushrooms,low,,32,198.0,DT,True,3.716999399090606,4.755,20,0,0,50.29918092697316
79,DT+LR,mlp,mushrooms,low,,33,112.0,DT,False,7.000953577612398,7.685,-40,1,1,50.29918092697316
79,DT+LR,mlp,mushrooms,low,,34,143.0,DT,True,6.997101265993208,7.783,-20,1,1,50.29918092697316
79,DT+LR,mlp,mushrooms,low,,35,281.0,DT,True,7.0047577097370075,6.615,-40,1,1,50.29918092697316
79,DT+LR,mlp,mushrooms,low,,36,350.0,LR,True,6.8677853071177415,8.094,-60,1,0,50.29918092697316
79,DT+LR,mlp,mushrooms,low,,37,267.0,DT,False,4.65647047078708,5.335,-60,1,0,50.29918092697316
79,DT+LR,mlp,mushrooms,low,,38,149.0,DT,True,6.958763590806532,3.619,-20,1,1,50.29918092697316
79,DT+LR,mlp,mushrooms,low,,39,62.0,LR,False,6.9738972837881015,4.701,20,0,0,50.29918092697316
322,LR,mlp,mushrooms,low,,0,4.0,LR,True,6.228784592961484,62.59,-40,1,1,26.584796806121247
322,LR,mlp,mushrooms,low,,1,342.0,LR,False,6.2945408789010155,14.271,-40,0,1,26.584796806121247
322,LR,mlp,mushrooms,low,,2,94.0,LR,True,5.89919542038099,28.668,60,0,1,26.584796806121247
322,LR,mlp,mushrooms,low,,3,346.0,LR,False,6.39787106621779,88.801,40,1,0,26.584796806121247
322,LR,mlp,mushrooms,low,,4,372.0,LR,True,6.140130128309858,55.74,-40,0,1,26.584796806121247
322,LR,mlp,mushrooms,low,,5,71.0,LR,False,6.155188924915871,68.0,-40,0,1,26.584796806121247
322,LR,mlp,mushrooms,low,,6,226.0,LR,True,6.361249070487323,95.947,100,1,0,26.584796806121247
322,LR,mlp,mushrooms,low,,7,303.0,LR,True,6.231337161351919,42.9,-60,0,1,26.584796806121247
322,LR,mlp,mushrooms,low,,8,199.0,LR,True,6.3162740778732935,43.327,80,1,1,26.584796806121247
322,LR,mlp,mushrooms,low,,9,133.0,LR,False,8.242449880019434,37.401,-80,0,1,26.584796806121247
322,LR,mlp,mushrooms,low,,10,321.0,LR,True,6.545360000028111,41.484,80,1,0,26.584796806121247
322,LR,mlp,mushrooms,low,,11,351.0,LR,True,6.087427004111191,43.419,-80,0,0,26.584796806121247
322,LR,mlp,mushrooms,low,,12,69.0,LR,False,8.747761358620664,53.216,100,1,1,26.584796806121247
322,LR,mlp,mushrooms,low,,13,78.0,LR,True,6.2666379487019395,60.584,40,1,1,26.584796806121247
322,LR,mlp,mushrooms,low,,14,136.0,LR,True,6.521990507937508,46.211,-100,0,1,26.584796806121247
322,LR,mlp,mushrooms,low,,15,149.0,LR,False,8.760279039866413,45.156,100,1,1,26.584796806121247
322,LR,mlp,mushrooms,low,,16,309.0,LR,False,8.744126168080628,39.097,60,0,0,26.584796806121247
322,LR,mlp,mushrooms,low,,17,28.0,LR,True,8.84852657464325,41.496,100,1,1,26.584796806121247
322,LR,mlp,mushrooms,low,,18,21.0,LR,False,8.867907768548932,31.626,100,1,1,26.584796806121247
322,LR,mlp,mushrooms,low,,19,397.0,LR,False,8.227801664563316,33.719,-100,0,0,26.584796806121247
322,LR,mlp,mushrooms,low,,20,217.0,LR,True,6.595269426112755,32.248,100,1,1,26.584796806121247
322,LR,mlp,mushrooms,low,,21,243.0,LR,True,6.190721995356037,31.685,-100,0,0,26.584796806121247
322,LR,mlp,mushrooms,low,,22,399.0,LR,True,8.876977416375162,35.844,100,1,1,26.584796806121247
322,LR,mlp,mushrooms,low,,23,67.0,LR,False,9.084369774868293,30.184,-40,0,1,26.584796806121247
322,LR,mlp,mushrooms,low,,24,344.0,LR,True,9.044609306271084,35.933,-100,0,0,26.584796806121247
322,LR,mlp,mushrooms,low,,25,17.0,LR,False,9.042690430770286,38.149,80,0,0,26.584796806121247
322,LR,mlp,mushrooms,low,,26,44.0,LR,False,9.026042725717073,32.188,-100,0,1,26.584796806121247
322,LR,mlp,mushrooms,low,,27,57.0,LR,False,8.952555991583846,27.522,100,1,0,26.584796806121247
322,LR,mlp,mushrooms,low,,28,91.0,LR,False,8.761970827051881,41.926,100,1,1,26.584796806121247
322,LR,mlp,mushrooms,low,,29,297.0,LR,True,9.036010529077611,55.396,-100,0,1,26.584796806121247
322,LR,mlp,mushrooms,low,,30,167.0,LR,False,8.616862859582511,41.0,-40,1,0,26.584796806121247
322,LR,mlp,mushrooms,low,,31,165.0,LR,True,8.340969528068603,36.23,-100,0,0,26.584796806121247
322,LR,mlp,mushrooms,low,,32,215.0,LR,False,8.161939313260598,36.313,-60,0,0,26.584796806121247
322,LR,mlp,mushrooms,low,,33,74.0,LR,True,8.922045648889739,30.6,100,1,0,26.584796806121247
322,LR,mlp,mushrooms,low,,34,96.0,LR,False,8.373547144810262,30.5,-100,0,0,26.584796806121247
322,LR,mlp,mushrooms,low,,35,313.0,LR,False,8.797361067591208,34.198,-60,0,0,26.584796806121247
322,LR,mlp,mushrooms,low,,36,12.0,LR,True,8.489932291221436,27.551,-100,0,0,26.584796806121247
322,LR,mlp,mushrooms,low,,37,327.0,LR,True,8.824321192962309,33.592,100,1,0,26.584796806121247
322,LR,mlp,mushrooms,low,,38,180.0,LR,False,8.781355819114786,34.485,100,1,0,26.584796806121247
322,LR,mlp,mushrooms,low,,39,210.0,LR,False,8.892254396950618,39.2,40,0,1,26.584796806121247
37,DT+LR,mlp,mushrooms,low,,0,356.0,DT,True,10.770954098521887,48.11,-60,1,1,33.15909090406135
37,DT+LR,mlp,mushrooms,low,,1,189.0,DT,False,0.2073399520528911,13.464,20,1,0,33.15909090406135
37,DT+LR,mlp,mushrooms,low,,2,250.0,DT,False,7.120245270637536,11.577,-40,1,1,33.15909090406135
37,DT+LR,mlp,mushrooms,low,,3,287.0,LR,True,7.054196453120749,17.153,20,0,0,33.15909090406135
37,DT+LR,mlp,mushrooms,low,,4,41.0,DT,False,6.180906200516826,11.457,20,0,1,33.15909090406135
37,DT+LR,mlp,mushrooms,low,,5,375.0,LR,True,5.11610500532842,18.077,-20,1,0,33.15909090406135
37,DT+LR,mlp,mushrooms,low,,6,240.0,LR,False,5.4381775460094985,3.358,60,1,0,33.15909090406135
37,DT+LR,mlp,mushrooms,low,,7,279.0,DT,True,4.126258485390669,14.888,40,1,0,33.15909090406135
37,DT+LR,mlp,mushrooms,low,,8,24.0,LR,True,4.660940491301446,20.843,20,0,1,33.15909090406135
37,DT+LR,mlp,mushrooms,low,,9,368.0,DT,False,7.193354562313343,12.739,20,1,1,33.15909090406135
37,DT+LR,mlp,mushrooms,low,,10,331.0,DT,True,5.78371363058068,18.664,-20,0,0,33.15909090406135
37,DT+LR,mlp,mushrooms,low,,11,249.0,DT,False,7.027678591278866,12.044,20,0,0,33.15909090406135
37,DT+LR,mlp,mushrooms,low,,12,18.0,DT,True,7.016651762314032,10.025,-40,0,0,33.15909090406135
37,DT+LR,mlp,mushrooms,low,,13,77.0,LR,False,6.880828026314351,4.316,60,0,0,33.15909090406135
37,DT+LR,mlp,mushrooms,low,,14,184.0,DT,True,3.90363969993932,23.175,-60,0,0,33.15909090406135
37,DT+LR,mlp,mushrooms,low,,15,222.0,DT,True,7.1353695462098505,13.105,-60,0,0,33.15909090406135
37,DT+LR,mlp,mushrooms,low,,16,0.0,LR,True,7.119107532786714,104.745,-20,0,0,33.15909090406135
37,DT+LR,mlp,mushrooms,low,,17,60.0,DT,True,7.122485507307102,19.793,40,1,1,33.15909090406135
37,DT+LR,mlp,mushrooms,low,,18,84.0,LR,True,6.981599417891893,89.053,20,1,1,33.15909090406135
37,DT+LR,mlp,mushrooms,low,,19,236.0,LR,False,6.989517126206001,7.045,-20,0,0,33.15909090406135
37,DT+LR,mlp,mushrooms,low,,20,136.0,DT,False,7.00707297679756,6.331,20,0,1,33.15909090406135
37,DT+LR,mlp,mushrooms,low,,21,89.0,DT,True,7.016151672333799,10.845,-40,0,0,33.15909090406135
37,DT+LR,mlp,mushrooms,low,,22,40.0,LR,False,6.914755473885593,20.917,-20,0,0,33.15909090406135
37,DT+LR,mlp,mushrooms,low,,23,315.0,DT,False,3.8254143084271224,4.749,20,0,0,33.15909090406135
37,DT+LR,mlp,mushrooms,low,,24,168.0,LR,False,7.03114024419609,7.131,-40,0,0,33.15909090406135
37,DT+LR,mlp,mushrooms,low,,25,393.0,DT,False,6.989863062666935,9.455,-20,0,1,33.15909090406135
37,DT+LR,mlp,mushrooms,low,,26,81.0,LR,False,6.939342643331579,8.04,20,1,1,33.15909090406135
37,DT+LR,mlp,mushrooms,low,,27,67.0,LR,False,6.9999223707949865,4.834,-40,0,0,33.15909090406135
37,DT+LR,mlp,mushrooms,low,,28,139.0,LR,True,7.002685131131637,44.305,-40,0,1,33.15909090406135
37,DT+LR,mlp,mushrooms,low,,29,103.0,DT,False,7.0047826812251035,4.436,-40,0,0,33.15909090406135
37,DT+LR,mlp,mushrooms,low,,30,342.0,LR,True,3.7358922541880393,34.991,-40,0,0,33.15909090406135
37,DT+LR,mlp,mushrooms,low,,31,303.0,LR,True,6.950247207475703,49.213,-20,0,0,33.15909090406135
37,DT+LR,mlp,mushrooms,low,,32,382.0,LR,False,6.844160439060365,6.459,-20,0,1,33.15909090406135
37,DT+LR,mlp,mushrooms,low,,33,175.0,LR,True,7.115091025959415,30.442,20,1,1,33.15909090406135
37,DT+LR,mlp,mushrooms,low,,34,221.0,DT,False,7.007371198339972,4.882,20,1,1,33.15909090406135
37,DT+LR,mlp,mushrooms,low,,35,253.0,DT,False,6.737239962695254,6.871,20,1,1,33.15909090406135
37,DT+LR,mlp,mushrooms,low,,36,57.0,LR,True,7.010331885688794,30.354,40,1,0,33.15909090406135
37,DT+LR,mlp,mushrooms,low,,37,69.0,DT,False,6.846329727110945,8.179,-20,1,0,33.15909090406135
37,DT+LR,mlp,mushrooms,low,,38,196.0,DT,True,6.8486498632970765,15.013,-60,1,0,33.15909090406135
37,DT+LR,mlp,mushrooms,low,,39,363.0,DT,False,6.68642067651294,4.947,20,1,1,33.15909090406135
32,DT+LR,mlp,mushrooms,high,,0,1.0,DT,True,15.820973437730537,102.957,80,1,0,17.26375107807121
32,DT+LR,mlp,mushrooms,high,,1,197.0,DT,True,0.2007596477546261,41.319,-100,0,0,17.26375107807121
32,DT+LR,mlp,mushrooms,high,,2,316.0,DT,True,5.817568021747051,26.035,100,1,0,17.26375107807121
32,DT+LR,mlp,mushrooms,high,,3,208.0,LR,True,5.370119523499226,121.732,20,1,0,17.26375107807121
32,DT+LR,mlp,mushrooms,high,,4,291.0,LR,False,3.6227827613828816,34.55,-40,0,0,17.26375107807121
32,DT+LR,mlp,mushrooms,high,,5,98.0,LR,True,6.236399701291514,17.656,60,1,1,17.26375107807121
32,DT+LR,mlp,mushrooms,high,,6,13.0,LR,False,7.613099796123858,11.62,-60,0,1,17.26375107807121
32,DT+LR,mlp,mushrooms,high,,7,349.0,LR,False,7.297253912986328,37.652,-20,0,0,17.26375107807121
32,DT+LR,mlp,mushrooms,high,,8,27.0,LR,False,7.396176097075081,28.863,40,1,0,17.26375107807121
32,DT+LR,mlp,mushrooms,high,,9,332.0,DT,False,7.926346878585642,15.164,-80,0,0,17.26375107807121
32,DT+LR,mlp,mushrooms,high,,10,149.0,LR,True,7.537223853140791,24.718,60,1,0,17.26375107807121
32,DT+LR,mlp,mushrooms,high,,11,219.0,DT,True,6.900833002097351,19.637,100,1,1,17.26375107807121
32,DT+LR,mlp,mushrooms,high,,12,33.0,DT,True,3.3547519998026383,21.914,-100,1,1,17.26375107807121
32,DT+LR,mlp,mushrooms,high,,13,359.0,DT,True,7.0339598623883255,30.214,80,1,0,17.26375107807121
32,DT+LR,mlp,mushrooms,high,,14,243.0,LR,False,8.71548841396076,13.373,-80,0,0,17.26375107807121
32,DT+LR,mlp,mushrooms,high,,15,285.0,DT,False,3.836633921238267,21.201,-100,0,0,17.26375107807121
32,DT+LR,mlp,mushrooms,high,,16,398.0,LR,False,10.397792397342238,15.804,80,1,1,17.26375107807121
32,DT+LR,mlp,mushrooms,high,,17,245.0,DT,False,8.304786416409637,13.052,-100,1,0,17.26375107807121
32,DT+LR,mlp,mushrooms,high,,18,176.0,LR,True,9.331324699021168,11.77,20,1,1,17.26375107807121
32,DT+LR,mlp,mushrooms,high,,19,203.0,LR,True,3.880129584711464,22.363,-40,0,0,17.26375107807121
32,DT+LR,mlp,mushrooms,high,,20,227.0,DT,True,8.384329974254646,13.197,80,1,1,17.26375107807121
32,DT+LR,mlp,mushrooms,high,,21,228.0,DT,True,3.988480528236189,18.356,-100,0,0,17.26375107807121
32,DT+LR,mlp,mushrooms,high,,22,318.0,DT,True,8.583751201895415,15.062,-100,0,0,17.26375107807121
32,DT+LR,mlp,mushrooms,high,,23,336.0,DT,False,10.659524169027147,12.626,-60,0,1,17.26375107807121
32,DT+LR,mlp,mushrooms,high,,24,213.0,LR,True,10.005312393744129,11.662,60,1,0,17.26375107807121
32,DT+LR,mlp,mushrooms,high,,25,79.0,DT,False,8.246249859602278,9.693,-100,1,0,17.26375107807121
32,DT+LR,mlp,mushrooms,high,,26,247.0,LR,True,9.567212789487549,23.631,20,1,1,17.26375107807121
32,DT+LR,mlp,mushrooms,high,,27,51.0,LR,False,4.112783083448936,11.603,-40,0,0,17.26375107807121
32,DT+LR,mlp,mushrooms,high,,28,85.0,LR,True,8.294433256811418,8.442,-80,0,0,17.26375107807121
32,DT+LR,mlp,mushrooms,high,,29,390.0,LR,False,9.783479216166343,12.765,-40,0,1,17.26375107807121
32,DT+LR,mlp,mushrooms,high,,30,259.0,LR,False,8.216234726722584,10.862,-100,0,0,17.26375107807121
32,DT+LR,mlp,mushrooms,high,,31,214.0,DT,False,9.371330952961555,14.322,40,1,1,17.26375107807121
32,DT+LR,mlp,mushrooms,high,,32,87.0,DT,False,7.8357088774553025,7.227,-40,0,1,17.26375107807121
32,DT+LR,mlp,mushrooms,high,,33,386.0,DT,False,9.709278682597397,30.577,40,1,1,17.26375107807121
32,DT+LR,mlp,mushrooms,high,,34,293.0,LR,True,8.392201892611402,14.321,-60,0,0,17.26375107807121
32,DT+LR,mlp,mushrooms,high,,35,298.0,LR,True,3.694660784168325,12.035,20,1,1,17.26375107807121
32,DT+LR,mlp,mushrooms,high,,36,315.0,LR,False,3.736801037375371,14.512,-40,0,1,17.26375107807121
32,DT+LR,mlp,mushrooms,high,,37,153.0,LR,True,7.926981211816821,16.857,-100,0,0,17.26375107807121
32,DT+LR,mlp,mushrooms,high,,38,81.0,LR,False,8.485133686607746,8.15,40,1,1,17.26375107807121
32,DT+LR,mlp,mushrooms,high,,39,123.0,LR,True,8.652398882070678,9.067,20,1,0,17.26375107807121
95,LR,mlp,mushrooms,high,,0,1.0,LR,False,8.135955245398334,15.198,20,1,1,36.60840746354421
95,LR,mlp,mushrooms,high,,1,84.0,LR,False,5.762029668908829,10.582,20,1,1,36.60840746354421
95,LR,mlp,mushrooms,high,,2,17.0,LR,True,6.140829879106801,21.97,-20,0,1,36.60840746354421
95,LR,mlp,mushrooms,high,,3,297.0,LR,True,6.302924061756726,68.693,-40,0,1,36.60840746354421
95,LR,mlp,mushrooms,high,,4,325.0,LR,True,6.2204179369492,48.44,-60,0,0,36.60840746354421
95,LR,mlp,mushrooms,high,,5,38.0,LR,False,8.121382342270397,8.711,40,0,1,36.60840746354421
95,LR,mlp,mushrooms,high,,6,385.0,LR,True,6.366035733577638,25.525,20,0,1,36.60840746354421
95,LR,mlp,mushrooms,high,,7,271.0,LR,True,6.507036895209063,55.185,40,1,1,36.60840746354421
95,LR,mlp,mushrooms,high,,8,162.0,LR,False,8.162993117060967,12.576,-20,1,1,36.60840746354421
95,LR,mlp,mushrooms,high,,9,11.0,LR,True,6.5948287891585355,25.441,40,1,1,36.60840746354421
95,LR,mlp,mushrooms,high,,10,25.0,LR,False,7.78817884024666,12.078,20,1,1,36.60840746354421
95,LR,mlp,mushrooms,high,,11,258.0,LR,False,8.085992489735627,2.448,-40,0,0,36.60840746354421
95,LR,mlp,mushrooms,high,,12,191.0,LR,True,6.298117175926862,10.869,20,0,1,36.60840746354421
95,LR,mlp,mushrooms,high,,13,352.0,LR,False,7.692090035584126,12.844,40,1,0,36.60840746354421
95,LR,mlp,mushrooms,high,,14,397.0,LR,True,8.237687225026255,8.338,40,0,0,36.60840746354421
95,LR,mlp,mushrooms,high,,15,267.0,LR,False,8.123600583529514,4.17,-20,1,1,36.60840746354421
95,LR,mlp,mushrooms,high,,16,244.0,LR,False,7.547812775292135,6.711,-20,0,0,36.60840746354421
95,LR,mlp,mushrooms,high,,17,251.0,LR,False,7.747413517752949,2.55,40,1,1,36.60840746354421
95,LR,mlp,mushrooms,high,,18,399.0,LR,True,8.041875875725356,8.782,40,1,1,36.60840746354421
95,LR,mlp,mushrooms,high,,19,210.0,LR,False,10.025347574512573,2.773,60,0,1,36.60840746354421
95,LR,mlp,mushrooms,high,,20,245.0,LR,True,7.651949908851648,22.761,20,1,1,36.60840746354421
95,LR,mlp,mushrooms,high,,21,74.0,LR,False,10.035714056294475,4.755,40,1,1,36.60840746354421
95,LR,mlp,mushrooms,high,,22,108.0,LR,True,7.602797313669594,27.022,-60,0,1,36.60840746354421
95,LR,mlp,mushrooms,high,,23,182.0,LR,False,10.129436633227504,12.932,-20,1,1,36.60840746354421
95,LR,mlp,mushrooms,high,,24,189.0,LR,False,10.082784580634865,3.695,-20,1,0,36.60840746354421
95,LR,mlp,mushrooms,high,,25,99.0,LR,True,10.261397426764328,23.325,-20,0,1,36.60840746354421
95,LR,mlp,mushrooms,high,,26,44.0,LR,False,11.98792523635807,4.593,20,0,1,36.60840746354421
95,LR,mlp,mushrooms,high,,27,47.0,LR,True,10.27613232307962,15.494,-40,0,1,36.60840746354421
95,LR,mlp,mushrooms,high,,28,139.0,LR,False,12.155815141945258,27.974,20,0,1,36.60840746354421
95,LR,mlp,mushrooms,high,,29,335.0,LR,False,12.282727544312085,21.627,40,0,0,36.60840746354421
95,LR,mlp,mushrooms,high,,30,207.0,LR,False,12.157083778967069,2.292,40,1,0,36.60840746354421
95,LR,mlp,mushrooms,high,,31,339.0,LR,True,8.980103639278997,12.717,-60,0,0,36.60840746354421
95,LR,mlp,mushrooms,high,,32,125.0,LR,False,12.186119121020234,2.801,20,1,1,36.60840746354421
95,LR,mlp,mushrooms,high,,33,338.0,LR,False,11.655647637649324,3.349,-60,0,0,36.60840746354421
95,LR,mlp,mushrooms,high,,34,285.0,LR,True,10.48202707501225,22.391,-40,0,0,36.60840746354421
95,LR,mlp,mushrooms,high,,35,274.0,LR,True,10.996102844540886,19.095,40,1,1,36.60840746354421
95,LR,mlp,mushrooms,high,,36,119.0,LR,False,12.219645956897065,20.412,-20,0,0,36.60840746354421
95,LR,mlp,mushrooms,high,,37,379.0,LR,False,12.078040732153168,10.862,-40,0,0,36.60840746354421
95,LR,mlp,mushrooms,high,,38,54.0,LR,True,13.092559724347254,9.543,-40,1,0,36.60840746354421
95,LR,mlp,mushrooms,high,,39,233.0,LR,True,12.976785384927862,13.836,-20,0,1,36.60840746354421
3,LR,mlp,mushrooms,low,,0,193.0,LR,True,6.469964800933191,35.997,-20,0,1,32.48930308490796
3,LR,mlp,mushrooms,low,,1,103.0,LR,False,5.907409144416742,23.276,-40,0,1,32.48930308490796
3,LR,mlp,mushrooms,low,,2,49.0,LR,False,6.297509516181752,28.615,60,1,1,32.48930308490796
3,LR,mlp,mushrooms,low,,3,220.0,LR,True,6.440576975300112,30.372,-80,0,1,32.48930308490796
3,LR,mlp,mushrooms,low,,4,205.0,LR,True,6.09456138695292,57.346,-100,0,0,32.48930308490796
3,LR,mlp,mushrooms,low,,5,29.0,LR,False,8.714777612025989,72.787,-100,0,1,32.48930308490796
3,LR,mlp,mushrooms,low,,6,97.0,LR,True,8.893854879531315,53.641,60,1,1,32.48930308490796
3,LR,mlp,mushrooms,low,,7,332.0,LR,True,6.034991997455664,47.529,-100,0,1,32.48930308490796
3,LR,mlp,mushrooms,low,,8,44.0,LR,False,9.095798525146588,42.079,40,0,0,32.48930308490796
3,LR,mlp,mushrooms,low,,9,78.0,LR,True,8.992084737868964,44.351,20,1,0,32.48930308490796
3,LR,mlp,mushrooms,low,,10,312.0,LR,True,8.890309322511335,48.703,60,1,1,32.48930308490796
3,LR,mlp,mushrooms,low,,11,222.0,LR,True,9.042984527198689,26.783,-40,0,1,32.48930308490796
3,LR,mlp,mushrooms,low,,12,35.0,LR,False,8.72516271508353,32.775,-100,0,0,32.48930308490796
3,LR,mlp,mushrooms,low,,13,258.0,LR,True,8.984217291284606,35.963,-100,0,1,32.48930308490796
3,LR,mlp,mushrooms,low,,14,266.0,LR,True,8.415283850688011,68.451,40,0,0,32.48930308490796
3,LR,mlp,mushrooms,low,,15,75.0,LR,True,8.935491858288312,46.678,-20,1,1,32.48930308490796
3,LR,mlp,mushrooms,low,,16,122.0,LR,True,8.836396563510226,15.582,60,1,1,32.48930308490796
3,LR,mlp,mushrooms,low,,17,286.0,LR,False,8.822067975765634,6.484,80,1,0,32.48930308490796
3,LR,mlp,mushrooms,low,,18,137.0,LR,False,8.018655512139038,10.394,-20,0,0,32.48930308490796
3,LR,mlp,mushrooms,low,,19,134.0,LR,False,8.68253998415598,9.487,100,1,1,32.48930308490796
3,LR,mlp,mushrooms,low,,20,64.0,LR,True,8.790950769546754,5.332,100,1,1,32.48930308490796
3,LR,mlp,mushrooms,low,,21,67.0,LR,True,9.056300858132474,34.894,-40,0,1,32.48930308490796
3,LR,mlp,mushrooms,low,,22,284.0,LR,True,8.65910969964898,14.431,40,0,0,32.48930308490796
3,LR,mlp,mushrooms,low,,23,358.0,LR,False,8.75992407444801,14.447,80,1,1,32.48930308490796
3,LR,mlp,mushrooms,low,,24,101.0,LR,True,8.931506993399555,14.391,-20,1,0,32.48930308490796
3,LR,mlp,mushrooms,low,,25,142.0,LR,False,8.638986646103884,9.933,20,1,1,32.48930308490796
3,LR,mlp,mushrooms,low,,26,140.0,LR,False,8.307719220561731,4.588,-60,0,0,32.48930308490796
3,LR,mlp,mushrooms,low,,27,368.0,LR,True,8.852907406058975,9.547,-20,1,1,32.48930308490796
3,LR,mlp,mushrooms,low,,28,289.0,LR,False,8.311130113506382,4.194,80,0,0,32.48930308490796
3,LR,mlp,mushrooms,low,,29,310.0,LR,True,8.65254107466691,5.749,100,1,0,32.48930308490796
3,LR,mlp,mushrooms,low,,30,174.0,LR,False,8.8425637237036,6.213,-60,1,1,32.48930308490796
3,LR,mlp,mushrooms,low,,31,84.0,LR,True,8.92691111473793,36.914,-80,1,0,32.48930308490796
3,LR,mlp,mushrooms,low,,32,369.0,LR,True,8.424963584514952,48.81,20,1,1,32.48930308490796
3,LR,mlp,mushrooms,low,,33,50.0,LR,False,8.515351851424299,31.48,20,0,0,32.48930308490796
3,LR,mlp,mushrooms,low,,34,28.0,LR,False,8.71014330433426,33.83,20,1,1,32.48930308490796
3,LR,mlp,mushrooms,low,,35,366.0,LR,True,8.83589037341972,31.551,-100,0,1,32.48930308490796
3,LR,mlp,mushrooms,low,,36,57.0,LR,True,8.84222092284918,24.655,80,1,1,32.48930308490796
3,LR,mlp,mushrooms,low,,37,265.0,LR,False,8.94089678066185,35.379,20,0,0,32.48930308490796
3,LR,mlp,mushrooms,low,,38,128.0,LR,True,8.697567375743478,57.58,20,1,1,32.48930308490796
3,LR,mlp,mushrooms,low,,39,187.0,LR,False,8.365059445947074,35.586,100,1,1,32.48930308490796
221,LR,mlp,mushrooms,low,,0,204.0,LR,False,6.373250602514755,46.492,-40,1,1,24.041491470144475
221,LR,mlp,mushrooms,low,,1,226.0,LR,False,6.047756894512805,11.501,60,1,1,24.041491470144475
221,LR,mlp,mushrooms,low,,2,5.0,LR,False,5.6540415309332515,15.595,80,0,1,24.041491470144475
221,LR,mlp,mushrooms,low,,3,189.0,LR,True,5.9324377960914525,14.402,-80,1,1,24.041491470144475
221,LR,mlp,mushrooms,low,,4,24.0,LR,True,6.160691156872961,95.68,-80,0,1,24.041491470144475
221,LR,mlp,mushrooms,low,,5,118.0,LR,False,8.357434466690249,30.856,60,0,0,24.041491470144475
221,LR,mlp,mushrooms,low,,6,95.0,LR,True,8.298614482882003,89.893,-100,0,0,24.041491470144475
221,LR,mlp,mushrooms,low,,7,327.0,LR,False,8.662026693209437,16.91,-40,1,1,24.041491470144475
221,LR,mlp,mushrooms,low,,8,398.0,LR,True,8.554794165267658,61.373,100,1,1,24.041491470144475
221,LR,mlp,mushrooms,low,,9,25.0,LR,True,8.848469441278361,12.888,60,1,0,24.041491470144475
221,LR,mlp,mushrooms,low,,10,296.0,LR,True,8.614367005899208,16.955,40,1,0,24.041491470144475
221,LR,mlp,mushrooms,low,,11,239.0,LR,False,8.10303790513568,9.9,-60,0,1,24.041491470144475
221,LR,mlp,mushrooms,low,,12,86.0,LR,False,8.848174397335832,12.967,80,1,1,24.041491470144475
221,LR,mlp,mushrooms,low,,13,171.0,LR,True,8.15942516332268,4.501,-100,0,0,24.041491470144475
221,LR,mlp,mushrooms,low,,14,174.0,LR,False,8.719341181754022,6.002,100,1,0,24.041491470144475
221,LR,mlp,mushrooms,low,,15,253.0,LR,True,8.612802350710668,9.201,100,1,1,24.041491470144475
221,LR,mlp,mushrooms,low,,16,7.0,LR,False,8.579973611135411,74.633,-80,0,0,24.041491470144475
221,LR,mlp,mushrooms,low,,17,347.0,LR,True,8.43660431830082,45.401,80,1,0,24.041491470144475
221,LR,mlp,mushrooms,low,,18,323.0,LR,False,8.737594665041222,4.015,100,1,1,24.041491470144475
221,LR,mlp,mushrooms,low,,19,153.0,LR,True,5.829771245932846,7.759,100,0,1,24.041491470144475
221,LR,mlp,mushrooms,low,,20,350.0,LR,True,8.613089002737935,5.625,100,1,1,24.041491470144475
221,LR,mlp,mushrooms,low,,21,203.0,LR,True,8.19309393324985,4.333,-100,0,1,24.041491470144475
221,LR,mlp,mushrooms,low,,22,251.0,LR,False,8.584408626321487,18.115,100,1,1,24.041491470144475
221,LR,mlp,mushrooms,low,,23,216.0,LR,False,8.645218524094348,4.341,100,1,1,24.041491470144475
221,LR,mlp,mushrooms,low,,24,375.0,LR,True,6.282737143583031,52.412,80,1,1,24.041491470144475
221,LR,mlp,mushrooms,low,,25,133.0,LR,True,6.00526036700881,3.999,-100,0,1,24.041491470144475
221,LR,mlp,mushrooms,low,,26,324.0,LR,True,5.966072116318368,3.383,100,0,1,24.041491470144475
221,LR,mlp,mushrooms,low,,27,64.0,LR,True,8.611460571275744,6.979,80,1,1,24.041491470144475
221,LR,mlp,mushrooms,low,,28,258.0,LR,True,9.048783133741278,47.5,-100,0,1,24.041491470144475
221,LR,mlp,mushrooms,low,,29,340.0,LR,True,8.972501153862877,16.126,40,0,0,24.041491470144475
221,LR,mlp,mushrooms,low,,30,396.0,LR,True,8.147133084754607,4.301,-100,0,0,24.041491470144475
221,LR,mlp,mushrooms,low,,31,35.0,LR,True,8.728128939436768,5.148,-80,0,0,24.041491470144475
221,LR,mlp,mushrooms,low,,32,6.0,LR,False,8.579159431998912,5.901,20,1,0,24.041491470144475
221,LR,mlp,mushrooms,low,,33,85.0,LR,False,8.946283158747988,4.27,-100,0,1,24.041491470144475
221,LR,mlp,mushrooms,low,,34,270.0,LR,False,8.734509537048007,3.581,80,1,1,24.041491470144475
221,LR,mlp,mushrooms,low,,35,34.0,LR,False,8.861260094724168,5.777,-60,0,1,24.041491470144475
221,LR,mlp,mushrooms,low,,36,359.0,LR,True,8.858916733419852,4.132,100,1,0,24.041491470144475
221,LR,mlp,mushrooms,low,,37,74.0,LR,True,8.848808439523241,6.773,-80,1,0,24.041491470144475
221,LR,mlp,mushrooms,low,,38,178.0,LR,True,8.693530306790846,5.89,80,1,0,24.041491470144475
221,LR,mlp,mushrooms,low,,39,363.0,LR,False,8.636327139309413,5.946,-60,1,0,24.041491470144475
207,LR,mlp,mushrooms,low,,0,316.0,LR,False,6.35411368206129,42.511,80,1,1,30.745984953902468
207,LR,mlp,mushrooms,low,,1,280.0,LR,True,5.902930129572037,69.046,80,1,1,30.745984953902468
207,LR,mlp,mushrooms,low,,2,68.0,LR,True,5.728952451387588,64.862,40,1,1,30.745984953902468
207,LR,mlp,mushrooms,low,,3,262.0,LR,False,5.7255011078680536,18.118,-40,0,1,30.745984953902468
207,LR,mlp,mushrooms,low,,4,285.0,LR,True,6.208233909515707,15.009,-80,0,1,30.745984953902468
207,LR,mlp,mushrooms,low,,5,277.0,LR,True,6.133461407243281,22.158,80,1,1,30.745984953902468
207,LR,mlp,mushrooms,low,,6,159.0,LR,True,6.172657973733382,24.352,60,1,1,30.745984953902468
207,LR,mlp,mushrooms,low,,7,96.0,LR,True,6.135805217236526,34.196,60,0,1,30.745984953902468
207,LR,mlp,mushrooms,low,,8,37.0,LR,False,6.270558358284612,60.389,-40,1,1,30.745984953902468
207,LR,mlp,mushrooms,low,,9,345.0,LR,False,5.869440273635321,15.326,-60,0,1,30.745984953902468
207,LR,mlp,mushrooms,low,,10,321.0,LR,False,8.72044796408921,45.063,60,1,1,30.745984953902468
207,LR,mlp,mushrooms,low,,11,158.0,LR,False,8.640555284288642,69.72,-20,0,1,30.745984953902468
207,LR,mlp,mushrooms,low,,12,397.0,LR,False,8.345124216110976,12.139,-40,0,0,30.745984953902468
207,LR,mlp,mushrooms,low,,13,19.0,LR,True,8.814980506859259,18.837,40,1,1,30.745984953902468
207,LR,mlp,mushrooms,low,,14,354.0,LR,True,8.974978360081552,18.385,60,1,0,30.745984953902468
207,LR,mlp,mushrooms,low,,15,282.0,LR,True,8.67593446410935,23.984,-60,1,1,30.745984953902468
207,LR,mlp,mushrooms,low,,16,21.0,LR,True,8.733927513033857,21.543,60,1,1,30.745984953902468
207,LR,mlp,mushrooms,low,,17,395.0,LR,False,8.98347893272378,44.38,20,0,0,30.745984953902468
207,LR,mlp,mushrooms,low,,18,330.0,LR,False,8.936565929388058,21.169,-40,1,1,30.745984953902468
207,LR,mlp,mushrooms,low,,19,131.0,LR,True,9.054269597003042,29.228,40,0,0,30.745984953902468
207,LR,mlp,mushrooms,low,,20,294.0,LR,False,8.65771887592473,10.533,-60,1,0,30.745984953902468
207,LR,mlp,mushrooms,low,,21,123.0,LR,True,8.547411550869892,17.284,80,1,1,30.745984953902468
207,LR,mlp,mushrooms,low,,22,390.0,LR,True,8.49790670609665,16.862,60,0,0,30.745984953902468
207,LR,mlp,mushrooms,low,,23,114.0,LR,False,8.916168363139187,30.561,20,1,0,30.745984953902468
207,LR,mlp,mushrooms,low,,24,167.0,LR,True,8.643027183877717,29.76,20,1,1,30.745984953902468
207,LR,mlp,mushrooms,low,,25,151.0,LR,True,8.771387042970204,33.338,20,0,0,30.745984953902468
207,LR,mlp,mushrooms,low,,26,177.0,LR,False,8.448434542171183,18.872,-20,0,0,30.745984953902468
207,LR,mlp,mushrooms,low,,27,359.0,LR,True,8.703452772383887,27.356,40,1,1,30.745984953902468
207,LR,mlp,mushrooms,low,,28,219.0,LR,True,8.824079075593536,18.547,40,1,0,30.745984953902468
207,LR,mlp,mushrooms,low,,29,308.0,LR,True,8.882963969832376,22.015,60,1,0,30.745984953902468
207,LR,mlp,mushrooms,low,,30,327.0,LR,False,8.39586149820697,17.851,-20,1,1,30.745984953902468
207,LR,mlp,mushrooms,low,,31,0.0,LR,True,8.95238761708865,39.769,20,0,1,30.745984953902468
207,LR,mlp,mushrooms,low,,32,237.0,LR,True,8.414104249811336,15.924,40,1,1,30.745984953902468
207,LR,mlp,mushrooms,low,,33,50.0,LR,True,8.452011202006586,15.399,60,0,1,30.745984953902468
207,LR,mlp,mushrooms,low,,34,208.0,LR,False,8.286732214133176,15.731,40,1,1,30.745984953902468
207,LR,mlp,mushrooms,low,,35,172.0,LR,False,8.486001770719223,22.124,-20,0,0,30.745984953902468
207,LR,mlp,mushrooms,low,,36,24.0,LR,True,8.870424143831404,22.108,60,0,0,30.745984953902468
207,LR,mlp,mushrooms,low,,37,23.0,LR,True,8.849946031302657,9.356,-20,0,0,30.745984953902468
207,LR,mlp,mushrooms,low,,38,360.0,LR,False,8.97900904990719,55.205,20,0,1,30.745984953902468
207,LR,mlp,mushrooms,low,,39,2.0,LR,True,8.806302044507545,12.403,-40,1,1,30.745984953902468
202,DT+LR,mlp,mushrooms,low,,0,13.0,DT,False,0.2175843598923075,23.848,-20,0,1,16.575481035496637
202,DT+LR,mlp,mushrooms,low,,1,20.0,LR,True,6.350704743554649,13.55,-60,0,0,16.575481035496637
202,DT+LR,mlp,mushrooms,low,,2,28.0,DT,True,0.3257182666105779,29.915,20,1,1,16.575481035496637
202,DT+LR,mlp,mushrooms,low,,3,294.0,LR,False,0.3251795359898767,11.701,-40,1,1,16.575481035496637
202,DT+LR,mlp,mushrooms,low,,4,140.0,DT,True,3.297801252567647,23.988,-40,0,0,16.575481035496637
202,DT+LR,mlp,mushrooms,low,,5,133.0,DT,True,3.335594401477608,6.83,-60,0,1,16.575481035496637
202,DT+LR,mlp,mushrooms,low,,6,376.0,DT,True,5.722421761009135,5.884,20,0,1,16.575481035496637
202,DT+LR,mlp,mushrooms,low,,7,393.0,LR,True,5.678678534574144,15.221,-60,0,1,16.575481035496637
202,DT+LR,mlp,mushrooms,low,,8,367.0,LR,False,5.527622541032272,18.852,20,1,1,16.575481035496637
202,DT+LR,mlp,mushrooms,low,,9,85.0,LR,False,5.54728994702199,4.504,-60,0,1,16.575481035496637
202,DT+LR,mlp,mushrooms,low,,10,186.0,DT,False,5.006276048642722,8.15,20,0,0,16.575481035496637
202,DT+LR,mlp,mushrooms,low,,11,380.0,DT,False,5.349195004565885,21.144,-20,0,0,16.575481035496637
202,DT+LR,mlp,mushrooms,low,,12,203.0,DT,True,5.320864222041689,13.726,-60,0,0,16.575481035496637
202,DT+LR,mlp,mushrooms,low,,13,358.0,DT,True,5.5013517918640416,5.733,40,1,1,16.575481035496637
202,DT+LR,mlp,mushrooms,low,,14,96.0,DT,False,7.097906200387889,13.368,20,0,0,16.575481035496637
202,DT+LR,mlp,mushrooms,low,,15,347.0,LR,False,7.240746849337052,4.474,20,1,1,16.575481035496637
202,DT+LR,mlp,mushrooms,low,,16,201.0,DT,True,6.308472083461404,10.974,40,1,1,16.575481035496637
202,DT+LR,mlp,mushrooms,low,,17,81.0,LR,True,7.140195450458813,10.36,40,1,1,16.575481035496637
202,DT+LR,mlp,mushrooms,low,,18,372.0,LR,False,6.675150865797675,4.607,-60,0,0,16.575481035496637
202,DT+LR,mlp,mushrooms,low,,19,125.0,LR,True,7.20548875654947,4.351,-60,1,0,16.575481035496637
202,DT+LR,mlp,mushrooms,low,,20,42.0,LR,True,7.102343879720457,7.293,-60,0,0,16.575481035496637
202,DT+LR,mlp,mushrooms,low,,21,73.0,DT,True,6.262345811879312,6.382,-60,0,0,16.575481035496637
202,DT+LR,mlp,mushrooms,low,,22,269.0,LR,False,5.860433997008361,2.963,-60,0,0,16.575481035496637
202,DT+LR,mlp,mushrooms,low,,23,33.0,DT,False,6.75427146333378,6.675,20,1,1,16.575481035496637
202,DT+LR,mlp,mushrooms,low,,24,72.0,DT,True,7.172439289929184,8.079,-20,0,0,16.575481035496637
202,DT+LR,mlp,mushrooms,low,,25,145.0,DT,True,7.122167926678302,4.194,40,1,1,16.575481035496637
202,DT+LR,mlp,mushrooms,low,,26,57.0,LR,False,6.84361104285745,9.241,-40,1,0,16.575481035496637
202,DT+LR,mlp,mushrooms,low,,27,335.0,LR,True,6.9656354372354095,9.04,-40,0,0,16.575481035496637
202,DT+LR,mlp,mushrooms,low,,28,176.0,DT,True,7.038197368295837,4.732,40,1,1,16.575481035496637
202,DT+LR,mlp,mushrooms,low,,29,264.0,DT,True,7.046455595730656,3.537,40,0,1,16.575481035496637
202,DT+LR,mlp,mushrooms,low,,30,384.0,LR,True,7.054537210976222,9.373,-80,0,0,16.575481035496637
202,DT+LR,mlp,mushrooms,low,,31,146.0,LR,False,6.9802006501076495,5.362,40,1,1,16.575481035496637
202,DT+LR,mlp,mushrooms,low,,32,242.0,LR,True,6.837949511397749,4.8,60,1,0,16.575481035496637
202,DT+LR,mlp,mushrooms,low,,33,102.0,LR,False,6.999521903420868,8.476,20,1,0,16.575481035496637
202,DT+LR,mlp,mushrooms,low,,34,232.0,LR,False,4.695428359723281,5.147,-60,0,1,16.575481035496637
202,DT+LR,mlp,mushrooms,low,,35,377.0,DT,True,7.062988081078397,6.187,-80,0,0,16.575481035496637
202,DT+LR,mlp,mushrooms,low,,36,273.0,LR,True,7.071922856980875,6.848,-80,1,0,16.575481035496637
202,DT+LR,mlp,mushrooms,low,,37,30.0,DT,False,6.92624072908534,10.865,40,1,1,16.575481035496637
202,DT+LR,mlp,mushrooms,low,,38,255.0,LR,True,6.991829844555198,8.54,-60,0,0,16.575481035496637
202,DT+LR,mlp,mushrooms,low,,39,208.0,DT,True,6.940493039760824,15.934,40,1,1,16.575481035496637
128,DT+LR,mlp,mushrooms,high,,0,265.0,LR,True,6.383721054678205,35.364,20,0,1,23.248577765716675
128,DT+LR,mlp,mushrooms,high,,1,148.0,LR,True,6.478778294498982,21.553,20,1,1,23.248577765716675
128,DT+LR,mlp,mushrooms,high,,2,162.0,LR,True,6.221038161523426,261.401,40,1,1,23.248577765716675
128,DT+LR,mlp,mushrooms,high,,3,283.0,LR,False,0.2009302626229168,16.051,40,1,0,23.248577765716675
128,DT+LR,mlp,mushrooms,high,,4,27.0,DT,False,0.2041180730709053,5.792,20,1,0,23.248577765716675
128,DT+LR,mlp,mushrooms,high,,5,273.0,LR,False,0.2081137868483354,2.867,-40,1,0,23.248577765716675
128,DT+LR,mlp,mushrooms,high,,6,87.0,DT,False,0.2132115180045406,8.4,20,0,0,23.248577765716675
128,DT+LR,mlp,mushrooms,high,,7,15.0,DT,False,0.2193623043551963,4.475,60,0,1,23.248577765716675
128,DT+LR,mlp,mushrooms,high,,8,379.0,LR,False,0.2409999459713113,7.263,-20,0,1,23.248577765716675
128,DT+LR,mlp,mushrooms,high,,9,299.0,LR,True,0.2911207710231384,8.231,60,1,0,23.248577765716675
128,DT+LR,mlp,mushrooms,high,,10,356.0,LR,True,0.3246554679003618,13.02,20,1,0,23.248577765716675
128,DT+LR,mlp,mushrooms,high,,11,214.0,LR,False,0.2984659822386326,8.83,40,1,1,23.248577765716675
128,DT+LR,mlp,mushrooms,high,,12,255.0,DT,True,0.3276745045012545,36.055,-80,0,1,23.248577765716675
128,DT+LR,mlp,mushrooms,high,,13,254.0,LR,False,0.2761036440450723,8.4,20,0,0,23.248577765716675
128,DT+LR,mlp,mushrooms,high,,14,266.0,DT,True,3.2633627576575397,4.257,-40,0,0,23.248577765716675
128,DT+LR,mlp,mushrooms,high,,15,314.0,DT,True,5.4108907472316,36.17,80,0,1,23.248577765716675
128,DT+LR,mlp,mushrooms,high,,16,164.0,LR,True,5.767476571928694,9.339,40,1,1,23.248577765716675
128,DT+LR,mlp,mushrooms,high,,17,373.0,DT,False,6.252903352061103,11.771,-20,1,0,23.248577765716675
128,DT+LR,mlp,mushrooms,high,,18,99.0,LR,True,6.296288558810962,104.121,60,0,0,23.248577765716675
128,DT+LR,mlp,mushrooms,high,,19,60.0,DT,False,6.0552878224549636,7.681,-20,1,1,23.248577765716675
128,DT+LR,mlp,mushrooms,high,,20,327.0,LR,True,5.730877860766626,7.913,40,1,1,23.248577765716675
128,DT+LR,mlp,mushrooms,high,,21,103.0,LR,True,5.4567541359843705,22.034,-40,0,0,23.248577765716675
128,DT+LR,mlp,mushrooms,high,,22,52.0,LR,False,5.705519324602429,7.338,-20,1,1,23.248577765716675
128,DT+LR,mlp,mushrooms,high,,23,67.0,DT,True,5.1437464469142995,10.836,-40,0,0,23.248577765716675
128,DT+LR,mlp,mushrooms,high,,24,319.0,DT,False,5.975364247161626,5.132,-20,1,0,23.248577765716675
128,DT+LR,mlp,mushrooms,high,,25,182.0,LR,True,5.98974033632699,92.079,-40,1,1,23.248577765716675
128,DT+LR,mlp,mushrooms,high,,26,116.0,DT,False,5.851124186335955,7.952,20,1,1,23.248577765716675
128,DT+LR,mlp,mushrooms,high,,27,156.0,DT,False,3.140542750671412,7.163,20,0,0,23.248577765716675
128,DT+LR,mlp,mushrooms,high,,28,38.0,DT,True,6.214346207336612,9.734,-20,0,1,23.248577765716675
128,DT+LR,mlp,mushrooms,high,,29,83.0,LR,True,3.3566716940285515,60.356,40,0,1,23.248577765716675
128,DT+LR,mlp,mushrooms,high,,30,249.0,DT,False,5.977487380376557,3.31,-20,0,1,23.248577765716675
128,DT+LR,mlp,mushrooms,high,,31,359.0,LR,True,5.946825339287568,61.884,60,1,1,23.248577765716675
128,DT+LR,mlp,mushrooms,high,,32,185.0,DT,True,6.510028300870257,8.054,-40,0,0,23.248577765716675
128,DT+LR,mlp,mushrooms,high,,33,20.0,LR,True,3.289412032118912,106.242,80,0,1,23.248577765716675
128,DT+LR,mlp,mushrooms,high,,34,399.0,DT,True,5.953358919232304,22.095,40,1,1,23.248577765716675
128,DT+LR,mlp,mushrooms,high,,35,274.0,LR,False,5.703721648724133,6.265,-20,1,1,23.248577765716675
128,DT+LR,mlp,mushrooms,high,,36,296.0,DT,False,7.602953595553617,4.608,40,1,1,23.248577765716675
128,DT+LR,mlp,mushrooms,high,,37,285.0,DT,True,3.289184495429687,17.102,-60,0,0,23.248577765716675
128,DT+LR,mlp,mushrooms,high,,38,332.0,LR,True,6.413902988361932,67.68,-60,0,0,23.248577765716675
128,DT+LR,mlp,mushrooms,high,,39,308.0,DT,False,6.77379356877212,11.643,-20,1,1,23.248577765716675
24,DT+LR,mlp,mushrooms,low,,0,32.0,LR,False,0.2175843598923075,23.442,-80,0,1,27.3067235147334
24,DT+LR,mlp,mushrooms,low,,1,228.0,DT,False,0.3193814413173797,13.342,20,0,1,27.3067235147334
24,DT+LR,mlp,mushrooms,low,,2,111.0,DT,True,0.3739705184991665,36.885,-100,0,1,27.3067235147334
24,DT+LR,mlp,mushrooms,low,,3,59.0,LR,False,0.370255355627439,14.083,80,1,1,27.3067235147334
24,DT+LR,mlp,mushrooms,low,,4,0.0,LR,False,5.187540851220003,5.839,100,0,0,27.3067235147334
24,DT+LR,mlp,mushrooms,low,,5,37.0,LR,True,5.209275728635097,18.748,40,1,1,27.3067235147334
24,DT+LR,mlp,mushrooms,low,,6,292.0,LR,True,4.940110101420657,11.268,40,1,1,27.3067235147334
24,DT+LR,mlp,mushrooms,low,,7,201.0,DT,False,4.538211980884862,6.677,-40,1,0,27.3067235147334
24,DT+LR,mlp,mushrooms,low,,8,192.0,DT,False,2.7241968100430003,12.579,-20,0,1,27.3067235147334
24,DT+LR,mlp,mushrooms,low,,9,362.0,DT,False,4.1179068057839565,7.941,-60,1,0,27.3067235147334
24,DT+LR,mlp,mushrooms,low,,10,248.0,LR,True,5.191451607368364,11.794,40,0,0,27.3067235147334
24,DT+LR,mlp,mushrooms,low,,11,335.0,DT,False,4.855199428979839,6.405,20,0,0,27.3067235147334
24,DT+LR,mlp,mushrooms,low,,12,291.0,LR,False,2.5944530225516584,12.175,-20,0,0,27.3067235147334
24,DT+LR,mlp,mushrooms,low,,13,274.0,DT,False,4.348731898230796,8.297,20,1,1,27.3067235147334
24,DT+LR,mlp,mushrooms,low,,14,285.0,DT,False,1.9576054236466396,18.777,-20,0,1,27.3067235147334
24,DT+LR,mlp,mushrooms,low,,15,60.0,DT,True,2.9845915399328,47.319,100,1,0,27.3067235147334
24,DT+LR,mlp,mushrooms,low,,16,307.0,DT,False,3.373339121165454,11.158,-60,1,1,27.3067235147334
24,DT+LR,mlp,mushrooms,low,,17,87.0,DT,True,5.213056646446241,14.442,-100,0,1,27.3067235147334
24,DT+LR,mlp,mushrooms,low,,18,90.0,DT,False,3.646675891499471,15.501,60,1,0,27.3067235147334
24,DT+LR,mlp,mushrooms,low,,19,46.0,DT,False,7.157719887751383,9.255,100,1,1,27.3067235147334
24,DT+LR,mlp,mushrooms,low,,20,237.0,LR,True,6.99226388661011,20.609,40,1,1,27.3067235147334
24,DT+LR,mlp,mushrooms,low,,21,121.0,DT,True,6.846950588362691,6.685,-100,0,0,27.3067235147334
24,DT+LR,mlp,mushrooms,low,,22,186.0,DT,False,3.6407710783838234,11.819,100,0,1,27.3067235147334
24,DT+LR,mlp,mushrooms,low,,23,66.0,DT,True,3.675072022200927,19.059,-100,0,0,27.3067235147334
24,DT+LR,mlp,mushrooms,low,,24,41.0,DT,True,6.772672771002072,7.427,-100,0,0,27.3067235147334
24,DT+LR,mlp,mushrooms,low,,25,308.0,LR,True,6.927752573372633,11.137,80,1,1,27.3067235147334
24,DT+LR,mlp,mushrooms,low,,26,213.0,LR,True,7.045889488522186,7.616,100,1,1,27.3067235147334
24,DT+LR,mlp,mushrooms,low,,27,305.0,LR,False,7.012697585558945,6.435,100,1,1,27.3067235147334
24,DT+LR,mlp,mushrooms,low,,28,148.0,DT,True,7.023479082728214,7.987,100,1,1,27.3067235147334
24,DT+LR,mlp,mushrooms,low,,29,332.0,LR,True,7.030429486404221,7.147,-100,0,1,27.3067235147334
24,DT+LR,mlp,mushrooms,low,,30,105.0,LR,True,6.814686152153692,8.739,60,1,0,27.3067235147334
24,DT+LR,mlp,mushrooms,low,,31,304.0,LR,False,6.938606749321033,6.199,100,0,1,27.3067235147334
24,DT+LR,mlp,mushrooms,low,,32,147.0,LR,True,7.054326393800813,14.249,-80,1,0,27.3067235147334
24,DT+LR,mlp,mushrooms,low,,33,230.0,LR,True,6.898670659303133,9.331,20,1,1,27.3067235147334
24,DT+LR,mlp,mushrooms,low,,34,344.0,DT,False,6.900910426251315,6.602,-80,0,0,27.3067235147334
24,DT+LR,mlp,mushrooms,low,,35,9.0,DT,False,3.675807311563796,7.769,-100,0,0,27.3067235147334
24,DT+LR,mlp,mushrooms,low,,36,33.0,DT,True,3.612440170808667,8.0,-100,1,1,27.3067235147334
24,DT+LR,mlp,mushrooms,low,,37,379.0,LR,False,6.956793535910437,16.291,-80,0,1,27.3067235147334
24,DT+LR,mlp,mushrooms,low,,38,373.0,DT,False,6.941336530592951,7.304,-80,1,1,27.3067235147334
24,DT+LR,mlp,mushrooms,low,,39,260.0,DT,True,5.179386565645982,12.085,100,1,1,27.3067235147334
132,DT+LR,mlp,mushrooms,low,,0,61.0,LR,False,0.2175843598923075,34.332,-80,0,0,26.93241315270715
132,DT+LR,mlp,mushrooms,low,,1,335.0,DT,True,0.3322156600417943,30.952,100,0,1,26.93241315270715
132,DT+LR,mlp,mushrooms,low,,2,154.0,LR,True,0.3629156783760792,57.624,80,1,1,26.93241315270715
132,DT+LR,mlp,mushrooms,low,,3,84.0,DT,False,5.192646243662962,15.827,-40,1,1,26.93241315270715
132,DT+LR,mlp,mushrooms,low,,4,226.0,DT,False,5.3505269068574774,22.648,-40,1,1,26.93241315270715
132,DT+LR,mlp,mushrooms,low,,5,24.0,LR,True,4.998146079898852,66.379,-80,0,1,26.93241315270715
132,DT+LR,mlp,mushrooms,low,,6,51.0,DT,True,2.883005813665043,17.483,-100,0,1,26.93241315270715
132,DT+LR,mlp,mushrooms,low,,7,312.0,LR,True,4.1687680048380695,39.394,100,1,1,26.93241315270715
132,DT+LR,mlp,mushrooms,low,,8,221.0,LR,False,5.116558099044052,57.09,-40,1,1,26.93241315270715
132,DT+LR,mlp,mushrooms,low,,9,366.0,DT,True,5.25217394546223,27.873,-100,0,1,26.93241315270715
132,DT+LR,mlp,mushrooms,low,,10,113.0,DT,False,6.650667401549471,16.471,-100,0,0,26.93241315270715
132,DT+LR,mlp,mushrooms,low,,11,388.0,DT,False,7.267504197066672,14.102,-60,0,0,26.93241315270715
132,DT+LR,mlp,mushrooms,low,,12,300.0,LR,True,7.024536899099244,47.059,100,1,0,26.93241315270715
132,DT+LR,mlp,mushrooms,low,,13,152.0,LR,False,6.70384053320433,13.906,-40,0,0,26.93241315270715
132,DT+LR,mlp,mushrooms,low,,14,303.0,DT,True,6.0846559552789286,13.027,-100,0,0,26.93241315270715
132,DT+LR,mlp,mushrooms,low,,15,208.0,DT,False,6.428006283573682,45.467,60,1,1,26.93241315270715
132,DT+LR,mlp,mushrooms,low,,16,206.0,LR,True,7.136893452536934,37.663,-100,0,0,26.93241315270715
132,DT+LR,mlp,mushrooms,low,,17,54.0,DT,False,3.9198322067737217,44.306,80,1,0,26.93241315270715
132,DT+LR,mlp,mushrooms,low,,18,274.0,LR,False,6.949559285201949,11.238,-40,1,1,26.93241315270715
132,DT+LR,mlp,mushrooms,low,,19,318.0,LR,False,6.900105562578586,10.993,-80,0,0,26.93241315270715
132,DT+LR,mlp,mushrooms,low,,20,171.0,DT,True,3.0818350255760145,26.812,-100,0,1,26.93241315270715
132,DT+LR,mlp,mushrooms,low,,21,42.0,LR,False,6.793368947958782,10.618,-100,0,0,26.93241315270715
132,DT+LR,mlp,mushrooms,low,,22,391.0,DT,True,7.085665801839987,14.54,100,1,0,26.93241315270715
132,DT+LR,mlp,mushrooms,low,,23,144.0,DT,True,6.876268963938827,30.09,100,0,0,26.93241315270715
132,DT+LR,mlp,mushrooms,low,,24,107.0,DT,False,7.069094580033525,47.151,60,1,1,26.93241315270715
132,DT+LR,mlp,mushrooms,low,,25,255.0,DT,False,6.924096636747036,8.88,-100,0,0,26.93241315270715
132,DT+LR,mlp,mushrooms,low,,26,356.0,LR,True,7.051018747894778,12.191,100,1,1,26.93241315270715
132,DT+LR,mlp,mushrooms,low,,27,28.0,LR,False,7.06207115247841,18.835,80,1,1,26.93241315270715
132,DT+LR,mlp,mushrooms,low,,28,163.0,DT,True,7.01543759685001,8.326,100,1,1,26.93241315270715
132,DT+LR,mlp,mushrooms,low,,29,392.0,LR,False,6.9116056689475,22.677,60,0,1,26.93241315270715
132,DT+LR,mlp,mushrooms,low,,30,105.0,DT,True,6.964479696531205,10.194,-40,1,0,26.93241315270715
132,DT+LR,mlp,mushrooms,low,,31,313.0,DT,False,6.924841532179475,9.85,-100,0,0,26.93241315270715
132,DT+LR,mlp,mushrooms,low,,32,386.0,DT,True,6.993079189798921,9.091,100,1,1,26.93241315270715
132,DT+LR,mlp,mushrooms,low,,33,50.0,DT,True,7.0618475114907815,7.438,100,0,1,26.93241315270715
132,DT+LR,mlp,mushrooms,low,,34,82.0,LR,False,6.813256316219517,9.818,-100,1,0,26.93241315270715
132,DT+LR,mlp,mushrooms,low,,35,26.0,DT,False,7.007292960427565,13.914,-80,1,0,26.93241315270715
132,DT+LR,mlp,mushrooms,low,,36,97.0,LR,True,6.86369552339613,32.938,100,1,0,26.93241315270715
132,DT+LR,mlp,mushrooms,low,,37,184.0,LR,False,3.792853372430713,23.697,-80,0,1,26.93241315270715
132,DT+LR,mlp,mushrooms,low,,38,228.0,DT,True,3.121063632261958,9.005,-100,0,1,26.93241315270715
132,DT+LR,mlp,mushrooms,low,,39,325.0,LR,True,6.9239436158137755,27.993,-100,0,0,26.93241315270715
235,LR,mlp,mushrooms,low,,0,189.0,LR,True,6.216935782079379,26.185,-80,1,1,33.288527973006246
235,LR,mlp,mushrooms,low,,1,48.0,LR,True,6.370006081583082,22.136,-80,0,1,33.288527973006246
235,LR,mlp,mushrooms,low,,2,45.0,LR,True,5.90545077133296,58.938,-40,0,1,33.288527973006246
235,LR,mlp,mushrooms,low,,3,169.0,LR,False,6.15724167040612,19.374,20,0,1,33.288527973006246
235,LR,mlp,mushrooms,low,,4,33.0,LR,True,6.299324336042613,14.649,20,1,1,33.288527973006246
235,LR,mlp,mushrooms,low,,5,58.0,LR,False,6.111975026402927,22.345,-20,0,1,33.288527973006246
235,LR,mlp,mushrooms,low,,6,326.0,LR,True,6.016453438476034,19.207,-40,0,1,33.288527973006246
235,LR,mlp,mushrooms,low,,7,54.0,LR,False,6.416990776962202,17.76,20,1,0,33.288527973006246
235,LR,mlp,mushrooms,low,,8,236.0,LR,True,6.099393073646335,8.543,-80,0,1,33.288527973006246
235,LR,mlp,mushrooms,low,,9,112.0,LR,True,6.185847794004337,15.412,60,1,1,33.288527973006246
235,LR,mlp,mushrooms,low,,10,220.0,LR,True,6.648454470956679,30.398,-20,0,0,33.288527973006246
235,LR,mlp,mushrooms,low,,11,372.0,LR,False,8.34039498051269,7.986,40,0,1,33.288527973006246
235,LR,mlp,mushrooms,low,,12,246.0,LR,True,6.637137220406868,15.966,-80,1,1,33.288527973006246
235,LR,mlp,mushrooms,low,,13,248.0,LR,True,6.049187786063474,11.511,-40,0,1,33.288527973006246
235,LR,mlp,mushrooms,low,,14,161.0,LR,True,8.893031492407765,13.059,20,1,0,33.288527973006246
235,LR,mlp,mushrooms,low,,15,184.0,LR,False,8.284870258691313,21.636,-20,0,0,33.288527973006246
235,LR,mlp,mushrooms,low,,16,308.0,LR,False,8.909248396506829,10.384,20,1,1,33.288527973006246
235,LR,mlp,mushrooms,low,,17,212.0,LR,True,8.69843236851265,12.28,20,1,1,33.288527973006246
235,LR,mlp,mushrooms,low,,18,162.0,LR,True,8.740414520031312,38.821,20,1,1,33.288527973006246
235,LR,mlp,mushrooms,low,,19,341.0,LR,True,8.843209547317407,9.363,-80,1,1,33.288527973006246
235,LR,mlp,mushrooms,low,,20,201.0,LR,True,6.435725877265828,35.844,20,1,1,33.288527973006246
235,LR,mlp,mushrooms,low,,21,101.0,LR,True,6.229855979182762,11.644,-40,1,1,33.288527973006246
235,LR,mlp,mushrooms,low,,22,295.0,LR,False,5.927602433096444,12.79,20,1,1,33.288527973006246
235,LR,mlp,mushrooms,low,,23,122.0,LR,True,6.293881436808782,13.567,40,1,0,33.288527973006246
235,LR,mlp,mushrooms,low,,24,339.0,LR,False,6.006039469733491,14.549,-40,0,1,33.288527973006246
235,LR,mlp,mushrooms,low,,25,237.0,LR,False,8.592015328105902,10.532,20,1,1,33.288527973006246
235,LR,mlp,mushrooms,low,,26,333.0,LR,True,6.102285739232247,14.901,-40,0,0,33.288527973006246
235,LR,mlp,mushrooms,low,,27,36.0,LR,True,6.248950910647384,12.627,-40,1,1,33.288527973006246
235,LR,mlp,mushrooms,low,,28,214.0,LR,False,8.590919370025668,10.511,-20,1,1,33.288527973006246
235,LR,mlp,mushrooms,low,,29,106.0,LR,True,5.836808055872326,17.666,20,0,1,33.288527973006246
235,LR,mlp,mushrooms,low,,30,362.0,LR,True,8.60556360653753,43.106,-20,1,0,33.288527973006246
235,LR,mlp,mushrooms,low,,31,213.0,LR,False,8.668320810732354,12.408,20,1,0,33.288527973006246
235,LR,mlp,mushrooms,low,,32,55.0,LR,False,8.703863641202876,15.548,20,1,1,33.288527973006246
235,LR,mlp,mushrooms,low,,33,164.0,LR,True,8.731066667961306,17.765,-20,1,0,33.288527973006246
235,LR,mlp,mushrooms,low,,34,8.0,LR,False,8.569144239205876,11.661,40,1,0,33.288527973006246
235,LR,mlp,mushrooms,low,,35,240.0,LR,False,8.434605073308369,11.535,60,1,1,33.288527973006246
235,LR,mlp,mushrooms,low,,36,239.0,LR,False,7.9975405968105555,12.073,-40,0,0,33.288527973006246
235,LR,mlp,mushrooms,low,,37,268.0,LR,True,6.276812960754547,26.023,-20,0,1,33.288527973006246
235,LR,mlp,mushrooms,low,,38,320.0,LR,False,8.93879335397752,5.354,40,0,1,33.288527973006246
235,LR,mlp,mushrooms,low,,39,389.0,LR,True,8.844197161369529,17.564,-40,0,0,33.288527973006246
173,LR,mlp,mushrooms,high,,0,381.0,LR,False,8.156916155774999,44.217,-80,1,1,50.458134189894565
173,LR,mlp,mushrooms,high,,1,391.0,LR,True,6.251804359721682,144.3,-80,1,0,50.458134189894565
173,LR,mlp,mushrooms,high,,2,248.0,LR,True,6.004754812178609,60.312,-40,0,1,50.458134189894565
173,LR,mlp,mushrooms,high,,3,122.0,LR,False,8.092888944371847,11.638,-20,1,1,50.458134189894565
173,LR,mlp,mushrooms,high,,4,152.0,LR,True,6.220677306088051,142.794,-20,0,1,50.458134189894565
173,LR,mlp,mushrooms,high,,5,286.0,LR,False,8.084235167634736,70.132,40,1,1,50.458134189894565
173,LR,mlp,mushrooms,high,,6,378.0,LR,False,5.680135183999603,54.794,60,1,0,50.458134189894565
173,LR,mlp,mushrooms,high,,7,38.0,LR,False,5.616648269813963,75.582,80,0,1,50.458134189894565
173,LR,mlp,mushrooms,high,,8,316.0,LR,True,6.206348103737559,105.273,20,1,1,50.458134189894565
173,LR,mlp,mushrooms,high,,9,76.0,LR,False,7.773249639875145,71.945,40,1,0,50.458134189894565
173,LR,mlp,mushrooms,high,,10,53.0,LR,True,5.9329541090748235,84.34,-20,1,1,50.458134189894565
173,LR,mlp,mushrooms,high,,11,80.0,LR,False,5.612905964633143,53.876,40,0,1,50.458134189894565
173,LR,mlp,mushrooms,high,,12,261.0,LR,True,8.365503888751856,59.078,-20,0,1,50.458134189894565
173,LR,mlp,mushrooms,high,,13,12.0,LR,False,10.051312732275512,35.111,-80,0,0,50.458134189894565
173,LR,mlp,mushrooms,high,,14,315.0,LR,True,8.175473373617372,42.411,-60,0,1,50.458134189894565
173,LR,mlp,mushrooms,high,,15,162.0,LR,False,10.098501829353928,46.276,-20,1,1,50.458134189894565
173,LR,mlp,mushrooms,high,,16,236.0,LR,True,7.694189589015812,31.73,-80,0,1,50.458134189894565
173,LR,mlp,mushrooms,high,,17,325.0,LR,True,6.469587670816736,53.3,60,0,1,50.458134189894565
173,LR,mlp,mushrooms,high,,18,307.0,LR,True,6.444577601260349,29.611,60,1,1,50.458134189894565
173,LR,mlp,mushrooms,high,,19,358.0,LR,True,6.491610865179394,42.469,20,1,1,50.458134189894565
173,LR,mlp,mushrooms,high,,20,50.0,LR,False,10.0067626329308,93.309,-20,0,0,50.458134189894565
173,LR,mlp,mushrooms,high,,21,230.0,LR,False,9.9763428251978,67.941,20,1,0,50.458134189894565
173,LR,mlp,mushrooms,high,,22,271.0,LR,False,10.066083728370993,61.588,60,1,1,50.458134189894565
173,LR,mlp,mushrooms,high,,23,339.0,LR,False,10.06426713423201,54.26,40,0,0,50.458134189894565
173,LR,mlp,mushrooms,high,,24,70.0,LR,False,9.999898198440142,34.696,-40,0,1,50.458134189894565
173,LR,mlp,mushrooms,high,,25,127.0,LR,True,10.799267040053216,68.858,-40,1,1,50.458134189894565
173,LR,mlp,mushrooms,high,,26,37.0,LR,True,10.067144706955736,48.439,-40,1,1,50.458134189894565
173,LR,mlp,mushrooms,high,,27,3.0,LR,True,10.45681794424068,44.702,-20,0,0,50.458134189894565
173,LR,mlp,mushrooms,high,,28,328.0,LR,False,10.02542626361739,59.085,-20,1,1,50.458134189894565
173,LR,mlp,mushrooms,high,,29,187.0,LR,False,10.041921703069136,34.278,80,1,1,50.458134189894565
173,LR,mlp,mushrooms,high,,30,28.0,LR,True,10.856145240331822,46.894,-20,1,1,50.458134189894565
173,LR,mlp,mushrooms,high,,31,364.0,LR,False,9.726864738746311,48.94,-40,1,1,50.458134189894565
173,LR,mlp,mushrooms,high,,32,385.0,LR,True,10.50289913536793,77.244,-20,0,0,50.458134189894565
173,LR,mlp,mushrooms,high,,33,164.0,LR,True,10.188631267623268,25.08,-60,1,1,50.458134189894565
173,LR,mlp,mushrooms,high,,34,196.0,LR,False,11.948470896802208,27.231,-40,1,1,50.458134189894565
173,LR,mlp,mushrooms,high,,35,10.0,LR,True,10.060074250622876,49.096,-20,1,1,50.458134189894565
173,LR,mlp,mushrooms,high,,36,13.0,LR,True,10.507229147904756,29.63,-20,0,1,50.458134189894565
173,LR,mlp,mushrooms,high,,37,129.0,LR,False,11.992100781089423,41.231,-40,0,0,50.458134189894565
173,LR,mlp,mushrooms,high,,38,200.0,LR,False,11.868985381763109,57.45,-40,0,0,50.458134189894565
173,LR,mlp,mushrooms,high,,39,89.0,LR,True,10.129741799414392,63.601,-80,0,1,50.458134189894565
8,LR,mlp,mushrooms,high,,0,95.0,LR,False,8.103490028293717,14.281,-40,0,0,35.656277553125605
8,LR,mlp,mushrooms,high,,1,397.0,LR,False,7.963566119092091,39.7,-60,0,0,35.656277553125605
8,LR,mlp,mushrooms,high,,2,282.0,LR,False,8.142036136122355,4.738,20,1,1,35.656277553125605
8,LR,mlp,mushrooms,high,,3,230.0,LR,False,7.8465741965311375,5.34,40,1,0,35.656277553125605
8,LR,mlp,mushrooms,high,,4,123.0,LR,False,8.185832512903286,5.541,60,1,0,35.656277553125605
8,LR,mlp,mushrooms,high,,5,251.0,LR,True,6.131315898700734,14.273,-40,1,1,35.656277553125605
8,LR,mlp,mushrooms,high,,6,177.0,LR,True,6.123428765219913,4.192,60,0,0,35.656277553125605
8,LR,mlp,mushrooms,high,,7,77.0,LR,False,8.112640218377916,5.622,80,0,1,35.656277553125605
8,LR,mlp,mushrooms,high,,8,253.0,LR,True,6.055971963269516,13.378,-60,1,1,35.656277553125605
8,LR,mlp,mushrooms,high,,9,60.0,LR,True,6.061157599048715,17.641,-20,1,1,35.656277553125605
8,LR,mlp,mushrooms,high,,10,284.0,LR,False,10.164086483823354,8.08,20,0,1,35.656277553125605
8,LR,mlp,mushrooms,high,,11,64.0,LR,False,9.972692304034569,7.046,-20,1,1,35.656277553125605
8,LR,mlp,mushrooms,high,,12,166.0,LR,True,5.855169279711007,13.322,40,1,1,35.656277553125605
8,LR,mlp,mushrooms,high,,13,18.0,LR,True,5.719575439479948,12.042,-40,0,1,35.656277553125605
8,LR,mlp,mushrooms,high,,14,398.0,LR,True,8.227422302577217,5.932,20,1,1,35.656277553125605
8,LR,mlp,mushrooms,high,,15,367.0,LR,False,9.9791906326221,6.513,40,1,0,35.656277553125605
8,LR,mlp,mushrooms,high,,16,236.0,LR,False,9.779398047499242,6.02,-60,0,1,35.656277553125605
8,LR,mlp,mushrooms,high,,17,49.0,LR,False,10.032600779099305,4.136,60,1,1,35.656277553125605
8,LR,mlp,mushrooms,high,,18,323.0,LR,False,10.113496712276898,8.619,20,1,0,35.656277553125605
8,LR,mlp,mushrooms,high,,19,101.0,LR,True,7.858748937800256,9.13,20,1,1,35.656277553125605
8,LR,mlp,mushrooms,high,,20,229.0,LR,False,10.016245839668612,5.982,60,0,0,35.656277553125605
8,LR,mlp,mushrooms,high,,21,317.0,LR,True,8.054893798360002,11.361,-40,0,1,35.656277553125605
8,LR,mlp,mushrooms,high,,22,390.0,LR,False,9.564061037168038,10.016,-40,0,1,35.656277553125605
8,LR,mlp,mushrooms,high,,23,137.0,LR,False,9.62721543138758,7.96,-40,0,0,35.656277553125605
8,LR,mlp,mushrooms,high,,24,100.0,LR,False,10.06585020496036,2.924,60,0,0,35.656277553125605
8,LR,mlp,mushrooms,high,,25,287.0,LR,False,10.052384899536651,4.694,20,0,0,35.656277553125605
8,LR,mlp,mushrooms,high,,26,106.0,LR,True,10.29968043957303,3.517,40,0,1,35.656277553125605
8,LR,mlp,mushrooms,high,,27,122.0,LR,True,10.23622129241562,13.282,-20,1,1,35.656277553125605
8,LR,mlp,mushrooms,high,,28,130.0,LR,False,10.120164307814017,13.595,20,1,0,35.656277553125605
8,LR,mlp,mushrooms,high,,29,345.0,LR,False,9.89478652527409,8.991,80,0,1,35.656277553125605
8,LR,mlp,mushrooms,high,,30,214.0,LR,True,13.353183124176947,10.949,-20,1,0,35.656277553125605
8,LR,mlp,mushrooms,high,,31,386.0,LR,True,10.44834627280818,9.056,20,1,1,35.656277553125605
8,LR,mlp,mushrooms,high,,32,268.0,LR,False,11.71503325555444,3.676,-20,0,0,35.656277553125605
8,LR,mlp,mushrooms,high,,33,358.0,LR,True,13.289628378645116,4.248,20,1,1,35.656277553125605
8,LR,mlp,mushrooms,high,,34,112.0,LR,False,12.17907178864981,2.723,40,1,0,35.656277553125605
8,LR,mlp,mushrooms,high,,35,238.0,LR,True,10.00341132387319,3.445,40,1,1,35.656277553125605
8,LR,mlp,mushrooms,high,,36,87.0,LR,True,10.633160471817158,3.174,40,0,0,35.656277553125605
8,LR,mlp,mushrooms,high,,37,273.0,LR,True,9.865363857617997,2.016,60,1,1,35.656277553125605
8,LR,mlp,mushrooms,high,,38,167.0,LR,False,11.877115399175668,8.147,-20,1,0,35.656277553125605
8,LR,mlp,mushrooms,high,,39,225.0,LR,True,10.59842057325754,3.137,-40,0,0,35.656277553125605
57,DT+LR,mlp,mushrooms,low,,0,54.0,DT,True,10.770954098521887,27.741,100,1,1,21.558061742398877
57,DT+LR,mlp,mushrooms,low,,1,299.0,DT,True,0.2105802584216011,12.818,100,1,0,21.558061742398877
57,DT+LR,mlp,mushrooms,low,,2,112.0,LR,True,3.8255538801327433,26.392,-60,1,0,21.558061742398877
57,DT+LR,mlp,mushrooms,low,,3,8.0,DT,True,7.500882115137808,12.277,100,1,0,21.558061742398877
57,DT+LR,mlp,mushrooms,low,,4,35.0,DT,True,6.927006538293845,7.643,100,0,1,21.558061742398877
57,DT+LR,mlp,mushrooms,low,,5,113.0,DT,True,7.34208938169799,7.175,-80,0,0,21.558061742398877
57,DT+LR,mlp,mushrooms,low,,6,234.0,DT,False,7.070534802869148,12.1,40,1,1,21.558061742398877
57,DT+LR,mlp,mushrooms,low,,7,399.0,DT,False,7.00479008447282,8.08,40,1,0,21.558061742398877
57,DT+LR,mlp,mushrooms,low,,8,314.0,LR,True,7.079185492490125,17.582,40,0,1,21.558061742398877
57,DT+LR,mlp,mushrooms,low,,9,142.0,LR,True,7.199067337504269,11.024,60,1,1,21.558061742398877
57,DT+LR,mlp,mushrooms,low,,10,260.0,LR,True,7.039311168099963,12.347,60,1,1,21.558061742398877
57,DT+LR,mlp,mushrooms,low,,11,280.0,DT,True,6.123250458280445,8.698,80,1,1,21.558061742398877
57,DT+LR,mlp,mushrooms,low,,12,114.0,DT,True,7.082698038798162,6.369,-80,1,0,21.558061742398877
57,DT+LR,mlp,mushrooms,low,,13,227.0,LR,False,7.055387254100372,10.769,60,1,1,21.558061742398877
57,DT+LR,mlp,mushrooms,low,,14,84.0,DT,False,7.122338467202955,6.654,-40,1,1,21.558061742398877
57,DT+LR,mlp,mushrooms,low,,15,269.0,DT,False,3.77333024240984,5.049,40,0,0,21.558061742398877
57,DT+LR,mlp,mushrooms,low,,16,116.0,LR,True,7.142133531410479,5.519,40,1,1,21.558061742398877
57,DT+LR,mlp,mushrooms,low,,17,328.0,LR,True,6.934859991684324,7.981,20,1,1,21.558061742398877
57,DT+LR,mlp,mushrooms,low,,18,254.0,DT,False,3.880665539400253,5.386,40,0,1,21.558061742398877
57,DT+LR,mlp,mushrooms,low,,19,24.0,LR,True,7.15317954780913,5.816,-40,0,1,21.558061742398877
57,DT+LR,mlp,mushrooms,low,,20,243.0,LR,False,7.103857790513718,9.671,-60,0,0,21.558061742398877
57,DT+LR,mlp,mushrooms,low,,21,134.0,DT,False,6.995851422142742,5.482,80,1,1,21.558061742398877
57,DT+LR,mlp,mushrooms,low,,22,323.0,DT,True,6.998315675052419,10.133,80,1,1,21.558061742398877
57,DT+LR,mlp,mushrooms,low,,23,277.0,LR,False,6.887199796116184,60.192,-20,1,1,21.558061742398877
57,DT+LR,mlp,mushrooms,low,,24,57.0,LR,True,6.9868441615916685,9.374,-20,1,0,21.558061742398877
57,DT+LR,mlp,mushrooms,low,,25,20.0,LR,True,3.683398828325501,9.329,60,0,1,21.558061742398877
57,DT+LR,mlp,mushrooms,low,,26,56.0,LR,True,7.109007401385456,9.382,80,1,1,21.558061742398877
57,DT+LR,mlp,mushrooms,low,,27,161.0,LR,True,6.900222773108864,5.596,80,1,1,21.558061742398877
57,DT+LR,mlp,mushrooms,low,,28,218.0,DT,True,6.741189311756473,10.635,80,1,1,21.558061742398877
57,DT+LR,mlp,mushrooms,low,,29,4.0,LR,False,7.067633830632968,9.288,-60,1,0,21.558061742398877
57,DT+LR,mlp,mushrooms,low,,30,239.0,DT,False,3.708083542941987,6.29,-40,0,0,21.558061742398877
57,DT+LR,mlp,mushrooms,low,,31,389.0,DT,False,6.963069587139527,4.826,-40,0,0,21.558061742398877
57,DT+LR,mlp,mushrooms,low,,32,138.0,DT,True,6.868477443253069,13.215,80,0,0,21.558061742398877
57,DT+LR,mlp,mushrooms,low,,33,219.0,DT,True,6.980460108076828,17.547,80,1,1,21.558061742398877
57,DT+LR,mlp,mushrooms,low,,34,224.0,DT,True,6.988567097823562,10.762,-80,1,1,21.558061742398877
57,DT+LR,mlp,mushrooms,low,,35,136.0,DT,False,6.85466542927016,8.234,40,0,1,21.558061742398877
57,DT+LR,mlp,mushrooms,low,,36,371.0,DT,True,6.8922824791005235,10.277,80,1,1,21.558061742398877
57,DT+LR,mlp,mushrooms,low,,37,149.0,LR,True,6.907037882705986,4.227,60,1,1,21.558061742398877
57,DT+LR,mlp,mushrooms,low,,38,12.0,LR,True,3.6582606070671297,3.869,-40,0,0,21.558061742398877
57,DT+LR,mlp,mushrooms,low,,39,304.0,LR,False,6.8366204853538095,12.265,40,0,1,21.558061742398877
39,DT+LR,mlp,mushrooms,high,,0,343.0,LR,False,0.2009302626229168,18.432,-20,0,1,30.33878232871919
39,DT+LR,mlp,mushrooms,high,,1,94.0,DT,False,0.2041180730709053,5.116,-40,0,1,30.33878232871919
39,DT+LR,mlp,mushrooms,high,,2,224.0,DT,True,0.2017333008495844,20.734,-60,1,1,30.33878232871919
39,DT+LR,mlp,mushrooms,high,,3,180.0,DT,False,0.2014663403977282,5.75,20,1,1,30.33878232871919
39,DT+LR,mlp,mushrooms,high,,4,231.0,DT,True,4.026946321221617,24.078,-80,1,1,30.33878232871919
39,DT+LR,mlp,mushrooms,high,,5,185.0,DT,True,4.68018387607213,47.754,-40,0,1,30.33878232871919
39,DT+LR,mlp,mushrooms,high,,6,235.0,DT,False,5.8317573179203865,5.789,20,1,0,30.33878232871919
39,DT+LR,mlp,mushrooms,high,,7,179.0,LR,False,6.652514734590428,4.872,-20,1,1,30.33878232871919
39,DT+LR,mlp,mushrooms,high,,8,111.0,DT,False,6.584238261146944,4.123,40,0,0,30.33878232871919
39,DT+LR,mlp,mushrooms,high,,9,8.0,DT,False,5.957025788442072,3.15,-20,1,0,30.33878232871919
39,DT+LR,mlp,mushrooms,high,,10,398.0,LR,True,7.911340499696883,13.736,-40,1,0,30.33878232871919
39,DT+LR,mlp,mushrooms,high,,11,170.0,LR,False,7.233770953194957,4.095,-20,1,1,30.33878232871919
39,DT+LR,mlp,mushrooms,high,,12,279.0,DT,True,6.184309510728534,14.15,60,1,0,30.33878232871919
39,DT+LR,mlp,mushrooms,high,,13,200.0,DT,True,3.423006326632238,10.987,-60,0,0,30.33878232871919
39,DT+LR,mlp,mushrooms,high,,14,52.0,LR,False,8.142399816928084,4.407,20,1,0,30.33878232871919
39,DT+LR,mlp,mushrooms,high,,15,306.0,LR,True,4.495808535547275,3.929,40,0,0,30.33878232871919
39,DT+LR,mlp,mushrooms,high,,16,27.0,LR,True,9.14670574403807,2.719,20,1,1,30.33878232871919
39,DT+LR,mlp,mushrooms,high,,17,333.0,LR,True,4.152336328176557,3.843,-20,0,0,30.33878232871919
39,DT+LR,mlp,mushrooms,high,,18,81.0,DT,True,6.591133075470939,13.138,80,1,0,30.33878232871919
39,DT+LR,mlp,mushrooms,high,,19,190.0,LR,True,8.967261952827826,5.505,-20,1,1,30.33878232871919
39,DT+LR,mlp,mushrooms,high,,20,363.0,LR,True,10.978311393640848,2.779,-20,1,0,30.33878232871919
39,DT+LR,mlp,mushrooms,high,,21,209.0,DT,True,6.560047558035774,9.905,-100,0,0,30.33878232871919
39,DT+LR,mlp,mushrooms,high,,22,108.0,LR,True,8.061624481305019,2.882,20,0,0,30.33878232871919
39,DT+LR,mlp,mushrooms,high,,23,205.0,LR,False,4.164272445939652,3.108,20,0,0,30.33878232871919
39,DT+LR,mlp,mushrooms,high,,24,299.0,DT,False,9.484499139334954,4.244,20,1,1,30.33878232871919
39,DT+LR,mlp,mushrooms,high,,25,340.0,LR,True,8.509341961352437,3.473,-20,0,0,30.33878232871919
39,DT+LR,mlp,mushrooms,high,,26,84.0,LR,True,9.67789388554262,4.815,20,1,1,30.33878232871919
39,DT+LR,mlp,mushrooms,high,,27,151.0,DT,True,6.036016506040365,10.76,-100,0,0,30.33878232871919
39,DT+LR,mlp,mushrooms,high,,28,374.0,DT,False,7.903021488666248,4.139,40,0,0,30.33878232871919
39,DT+LR,mlp,mushrooms,high,,29,247.0,LR,True,9.885584393494332,2.581,-20,1,1,30.33878232871919
39,DT+LR,mlp,mushrooms,high,,30,284.0,DT,False,9.240183252378063,3.759,-20,0,0,30.33878232871919
39,DT+LR,mlp,mushrooms,high,,31,130.0,LR,False,9.18382571000048,3.035,-20,1,1,30.33878232871919
39,DT+LR,mlp,mushrooms,high,,32,388.0,DT,False,8.49126147762425,3.236,-20,0,0,30.33878232871919
39,DT+LR,mlp,mushrooms,high,,33,296.0,LR,True,9.140331518185503,2.726,20,1,1,30.33878232871919
39,DT+LR,mlp,mushrooms,high,,34,59.0,DT,False,8.218929919975679,2.289,20,1,0,30.33878232871919
39,DT+LR,mlp,mushrooms,high,,35,57.0,LR,False,7.782937075734531,2.243,-20,1,0,30.33878232871919
39,DT+LR,mlp,mushrooms,high,,36,16.0,DT,True,6.246934217773806,10.266,100,0,0,30.33878232871919
39,DT+LR,mlp,mushrooms,high,,37,124.0,DT,True,6.094169298336916,16.187,-100,1,0,30.33878232871919
39,DT+LR,mlp,mushrooms,high,,38,109.0,LR,True,10.579394868773983,4.166,20,1,1,30.33878232871919
39,DT+LR,mlp,mushrooms,high,,39,67.0,DT,False,8.503255209667492,2.145,-20,0,0,30.33878232871919
284,DT+LR,mlp,mushrooms,high,,0,127.0,DT,True,15.634608043257025,80.803,20,1,1,33.85779747441794
284,DT+LR,mlp,mushrooms,high,,1,389.0,LR,True,0.2007613327175886,12.866,-40,0,0,33.85779747441794
284,DT+LR,mlp,mushrooms,high,,2,204.0,DT,True,7.428625642663251,17.21,60,1,1,33.85779747441794
284,DT+LR,mlp,mushrooms,high,,3,77.0,DT,False,4.583856045436708,10.223,40,0,1,33.85779747441794
284,DT+LR,mlp,mushrooms,high,,4,256.0,DT,True,10.018960922726212,30.575,20,1,1,33.85779747441794
284,DT+LR,mlp,mushrooms,high,,5,18.0,LR,True,5.958406497901245,16.12,-20,0,0,33.85779747441794
284,DT+LR,mlp,mushrooms,high,,6,287.0,DT,True,7.612503794436817,16.472,20,0,1,33.85779747441794
284,DT+LR,mlp,mushrooms,high,,7,137.0,DT,True,3.578044299938815,6.664,-40,0,0,33.85779747441794
284,DT+LR,mlp,mushrooms,high,,8,277.0,DT,False,9.545316957270666,11.709,20,1,1,33.85779747441794
284,DT+LR,mlp,mushrooms,high,,9,46.0,LR,False,10.038765776270225,8.549,20,1,1,33.85779747441794
284,DT+LR,mlp,mushrooms,high,,10,349.0,LR,True,7.897544763636064,15.576,-20,0,0,33.85779747441794
284,DT+LR,mlp,mushrooms,high,,11,320.0,LR,False,8.483134030334236,4.524,40,0,1,33.85779747441794
284,DT+LR,mlp,mushrooms,high,,12,350.0,DT,False,7.841617615150452,5.944,-40,1,0,33.85779747441794
284,DT+LR,mlp,mushrooms,high,,13,366.0,LR,True,8.19723634607991,8.473,20,0,0,33.85779747441794
284,DT+LR,mlp,mushrooms,high,,14,33.0,DT,False,3.937445162831805,7.853,20,1,0,33.85779747441794
284,DT+LR,mlp,mushrooms,high,,15,345.0,LR,True,8.22277418849485,7.72,20,0,0,33.85779747441794
284,DT+LR,mlp,mushrooms,high,,16,310.0,LR,False,9.270586264381809,6.747,20,1,1,33.85779747441794
284,DT+LR,mlp,mushrooms,high,,17,215.0,LR,True,4.012235366481574,5.349,-40,0,1,33.85779747441794
284,DT+LR,mlp,mushrooms,high,,18,59.0,LR,False,7.674577111640527,2.86,20,1,0,33.85779747441794
284,DT+LR,mlp,mushrooms,high,,19,327.0,DT,True,7.723881173680661,13.946,20,1,1,33.85779747441794
284,DT+LR,mlp,mushrooms,high,,20,300.0,LR,True,7.7742115594915475,13.696,20,1,0,33.85779747441794
284,DT+LR,mlp,mushrooms,high,,21,44.0,LR,True,8.581139032814981,5.03,20,0,0,33.85779747441794
284,DT+LR,mlp,mushrooms,high,,22,32.0,DT,True,9.726471948284429,11.944,-20,0,1,33.85779747441794
284,DT+LR,mlp,mushrooms,high,,23,221.0,LR,False,9.276213587792023,7.129,20,1,1,33.85779747441794
284,DT+LR,mlp,mushrooms,high,,24,264.0,DT,True,10.373959607466444,3.851,-20,0,0,33.85779747441794
284,DT+LR,mlp,mushrooms,high,,25,42.0,DT,True,8.259912756460393,5.85,20,0,0,33.85779747441794
284,DT+LR,mlp,mushrooms,high,,26,67.0,LR,True,8.388094807922245,6.004,20,0,0,33.85779747441794
284,DT+LR,mlp,mushrooms,high,,27,109.0,DT,True,10.826707511627951,21.719,20,1,1,33.85779747441794
284,DT+LR,mlp,mushrooms,high,,28,272.0,LR,False,8.859810442002019,6.879,-20,1,0,33.85779747441794
284,DT+LR,mlp,mushrooms,high,,29,31.0,LR,False,4.179572723072881,13.094,-20,0,0,33.85779747441794
284,DT+LR,mlp,mushrooms,high,,30,74.0,DT,True,10.61510050255947,11.657,20,1,1,33.85779747441794
284,DT+LR,mlp,mushrooms,high,,31,298.0,DT,False,3.9243693739471257,3.639,-20,1,0,33.85779747441794
284,DT+LR,mlp,mushrooms,high,,32,340.0,LR,True,8.328055854448598,14.092,-20,0,0,33.85779747441794
284,DT+LR,mlp,mushrooms,high,,33,63.0,DT,True,8.416486975241307,9.881,-20,0,0,33.85779747441794
284,DT+LR,mlp,mushrooms,high,,34,135.0,LR,True,8.675219384297133,5.629,-20,0,0,33.85779747441794
284,DT+LR,mlp,mushrooms,high,,35,201.0,LR,False,10.424095705314214,17.049,-20,1,1,33.85779747441794
284,DT+LR,mlp,mushrooms,high,,36,359.0,LR,True,9.947081826647812,2.401,-20,1,0,33.85779747441794
284,DT+LR,mlp,mushrooms,high,,37,393.0,LR,False,8.476250280924923,3.825,-20,0,0,33.85779747441794
284,DT+LR,mlp,mushrooms,high,,38,99.0,LR,True,10.104273800051326,9.895,-20,0,1,33.85779747441794
284,DT+LR,mlp,mushrooms,high,,39,53.0,DT,True,10.233278212804745,10.861,20,1,1,33.85779747441794
242,DT+LR,mlp,mushrooms,high,,0,143.0,LR,False,0.2041207979529949,85.273,20,1,1,19.289595654108886
242,DT+LR,mlp,mushrooms,high,,1,38.0,DT,False,0.2017368050268649,54.717,40,0,1,19.289595654108886
242,DT+LR,mlp,mushrooms,high,,2,210.0,DT,True,0.2014695684581381,51.711,100,0,1,19.289595654108886
242,DT+LR,mlp,mushrooms,high,,3,29.0,LR,False,0.2045465611426061,35.473,-40,0,0,19.289595654108886
242,DT+LR,mlp,mushrooms,high,,4,228.0,LR,True,4.046001278358348,60.555,-20,0,0,19.289595654108886
242,DT+LR,mlp,mushrooms,high,,5,49.0,LR,False,5.678689929737706,64.847,40,1,1,19.289595654108886
242,DT+LR,mlp,mushrooms,high,,6,276.0,LR,False,3.9859085236975895,25.694,-40,1,0,19.289595654108886
242,DT+LR,mlp,mushrooms,high,,7,392.0,DT,True,3.93954524236179,91.573,40,0,1,19.289595654108886
242,DT+LR,mlp,mushrooms,high,,8,189.0,LR,False,3.3139398308206647,29.897,-40,1,0,19.289595654108886
242,DT+LR,mlp,mushrooms,high,,9,363.0,LR,False,7.146844289042215,15.8,-60,1,0,19.289595654108886
242,DT+LR,mlp,mushrooms,high,,10,88.0,DT,False,6.548668544359552,28.565,-40,1,1,19.289595654108886
242,DT+LR,mlp,mushrooms,high,,11,80.0,DT,False,6.29784094291761,18.265,-40,0,1,19.289595654108886
242,DT+LR,mlp,mushrooms,high,,12,382.0,DT,True,4.323922875595009,40.502,40,0,0,19.289595654108886
242,DT+LR,mlp,mushrooms,high,,13,293.0,DT,True,4.173089447761084,35.783,40,0,0,19.289595654108886
242,DT+LR,mlp,mushrooms,high,,14,212.0,DT,True,7.65232628423716,31.11,-40,1,1,19.289595654108886
242,DT+LR,mlp,mushrooms,high,,15,294.0,DT,True,7.275789171914735,30.126,40,1,1,19.289595654108886
242,DT+LR,mlp,mushrooms,high,,16,381.0,DT,False,10.699418489674429,35.794,40,1,1,19.289595654108886
242,DT+LR,mlp,mushrooms,high,,17,358.0,DT,True,7.584087076662018,33.173,40,1,0,19.289595654108886
242,DT+LR,mlp,mushrooms,high,,18,251.0,LR,False,10.47573454833432,26.092,40,1,1,19.289595654108886
242,DT+LR,mlp,mushrooms,high,,19,44.0,DT,False,8.507969290442853,30.057,-60,0,0,19.289595654108886
242,DT+LR,mlp,mushrooms,high,,20,351.0,DT,True,3.523872846770277,27.307,-60,0,0,19.289595654108886
242,DT+LR,mlp,mushrooms,high,,21,261.0,LR,False,10.185451378936351,40.967,40,0,0,19.289595654108886
242,DT+LR,mlp,mushrooms,high,,22,176.0,DT,True,7.448488378840626,31.983,40,1,1,19.289595654108886
242,DT+LR,mlp,mushrooms,high,,23,334.0,LR,False,8.506060731622673,22.427,-60,1,0,19.289595654108886
242,DT+LR,mlp,mushrooms,high,,24,359.0,DT,True,7.323695403118433,34.974,40,1,1,19.289595654108886
242,DT+LR,mlp,mushrooms,high,,25,252.0,DT,True,7.723864960373442,33.004,-60,1,0,19.289595654108886
242,DT+LR,mlp,mushrooms,high,,26,57.0,LR,False,8.674737770912527,27.018,-40,1,0,19.289595654108886
242,DT+LR,mlp,mushrooms,high,,27,181.0,LR,False,10.186056614396591,43.382,40,1,1,19.289595654108886
242,DT+LR,mlp,mushrooms,high,,28,308.0,LR,False,10.391600609583111,34.189,40,1,1,19.289595654108886
242,DT+LR,mlp,mushrooms,high,,29,77.0,DT,False,8.36157484930804,25.005,-40,0,1,19.289595654108886
242,DT+LR,mlp,mushrooms,high,,30,19.0,DT,True,7.333870669385213,33.361,40,1,0,19.289595654108886
242,DT+LR,mlp,mushrooms,high,,31,211.0,DT,False,8.516603125844988,22.301,-60,1,0,19.289595654108886
242,DT+LR,mlp,mushrooms,high,,32,162.0,LR,False,10.338456344288137,28.528,40,1,1,19.289595654108886
242,DT+LR,mlp,mushrooms,high,,33,307.0,LR,False,10.579138858029587,33.204,40,1,1,19.289595654108886
242,DT+LR,mlp,mushrooms,high,,34,284.0,DT,True,10.211249135844485,27.889,40,0,0,19.289595654108886
242,DT+LR,mlp,mushrooms,high,,35,375.0,DT,False,10.332955856813705,26.809,40,1,1,19.289595654108886
242,DT+LR,mlp,mushrooms,high,,36,111.0,DT,True,6.6710681365432976,26.86,-40,0,0,19.289595654108886
242,DT+LR,mlp,mushrooms,high,,37,13.0,LR,False,8.55927691579629,71.391,-60,0,0,19.289595654108886
242,DT+LR,mlp,mushrooms,high,,38,198.0,LR,False,3.9684994328484624,36.311,-20,0,1,19.289595654108886
242,DT+LR,mlp,mushrooms,high,,39,137.0,DT,False,3.8692643364505934,15.806,-40,0,1,19.289595654108886
317,DT+LR,mlp,mushrooms,low,,0,236.0,LR,True,6.369974348886698,29.048,80,0,1,29.723200820676382
317,DT+LR,mlp,mushrooms,low,,1,142.0,DT,False,0.2110866141075085,15.235,40,1,0,29.723200820676382
317,DT+LR,mlp,mushrooms,low,,2,266.0,DT,False,0.2415963283363689,5.399,20,0,1,29.723200820676382
317,DT+LR,mlp,mushrooms,low,,3,123.0,LR,False,0.4371318041838792,6.601,-20,1,0,29.723200820676382
317,DT+LR,mlp,mushrooms,low,,4,150.0,DT,False,0.4189315341690406,3.695,-80,0,1,29.723200820676382
317,DT+LR,mlp,mushrooms,low,,5,24.0,LR,True,6.293526791693791,14.642,20,0,1,29.723200820676382
317,DT+LR,mlp,mushrooms,low,,6,295.0,LR,True,6.2357754107591346,4.811,-20,1,1,29.723200820676382
317,DT+LR,mlp,mushrooms,low,,7,339.0,LR,True,0.3174561454631823,3.332,20,0,1,29.723200820676382
317,DT+LR,mlp,mushrooms,low,,8,155.0,LR,True,0.5277916156904621,6.314,-20,1,0,29.723200820676382
317,DT+LR,mlp,mushrooms,low,,9,268.0,DT,True,0.3933953930817058,28.805,-80,0,0,29.723200820676382
317,DT+LR,mlp,mushrooms,low,,10,328.0,LR,False,0.4324714450734194,47.563,-20,1,1,29.723200820676382
317,DT+LR,mlp,mushrooms,low,,11,49.0,LR,False,3.1132611881117724,5.493,20,1,0,29.723200820676382
317,DT+LR,mlp,mushrooms,low,,12,340.0,DT,True,3.007362741880726,23.396,-100,0,0,29.723200820676382
317,DT+LR,mlp,mushrooms,low,,13,179.0,LR,True,3.230545558621453,58.525,-40,1,0,29.723200820676382
317,DT+LR,mlp,mushrooms,low,,14,312.0,DT,False,5.6699710741275915,2.77,40,1,0,29.723200820676382
317,DT+LR,mlp,mushrooms,low,,15,86.0,LR,False,5.357792200004176,5.193,20,1,1,29.723200820676382
317,DT+LR,mlp,mushrooms,low,,16,114.0,LR,True,5.2930653840080675,31.638,20,1,0,29.723200820676382
317,DT+LR,mlp,mushrooms,low,,17,215.0,DT,False,3.830832751046191,13.173,-20,0,0,29.723200820676382
317,DT+LR,mlp,mushrooms,low,,18,70.0,LR,False,4.913654735482828,7.169,20,0,0,29.723200820676382
317,DT+LR,mlp,mushrooms,low,,19,264.0,DT,True,4.425487018333452,11.76,60,0,0,29.723200820676382
317,DT+LR,mlp,mushrooms,low,,20,234.0,LR,True,4.724603201605815,63.672,60,1,1,29.723200820676382
317,DT+LR,mlp,mushrooms,low,,21,69.0,DT,True,5.083988180676952,12.494,80,1,1,29.723200820676382
317,DT+LR,mlp,mushrooms,low,,22,43.0,LR,False,4.896790900121917,8.868,-20,1,1,29.723200820676382
317,DT+LR,mlp,mushrooms,low,,23,398.0,DT,False,6.945585516199575,1.752,20,1,1,29.723200820676382
317,DT+LR,mlp,mushrooms,low,,24,58.0,LR,True,4.118306124766056,19.646,-40,0,1,29.723200820676382
317,DT+LR,mlp,mushrooms,low,,25,68.0,LR,False,7.003302228213181,3.071,20,1,1,29.723200820676382
317,DT+LR,mlp,mushrooms,low,,26,121.0,DT,True,4.9456493813165565,8.378,-100,0,0,29.723200820676382
317,DT+LR,mlp,mushrooms,low,,27,302.0,LR,True,6.895044171323932,49.497,-40,0,0,29.723200820676382
317,DT+LR,mlp,mushrooms,low,,28,120.0,DT,True,5.180265241807209,23.092,40,1,1,29.723200820676382
317,DT+LR,mlp,mushrooms,low,,29,74.0,DT,False,6.994856101449816,7.28,-20,1,1,29.723200820676382
317,DT+LR,mlp,mushrooms,low,,30,64.0,DT,False,6.941062759844111,4.489,-20,1,1,29.723200820676382
317,DT+LR,mlp,mushrooms,low,,31,151.0,DT,True,5.119052040609249,16.009,-40,0,1,29.723200820676382
317,DT+LR,mlp,mushrooms,low,,32,285.0,DT,True,3.1954659814070343,9.764,-40,0,0,29.723200820676382
317,DT+LR,mlp,mushrooms,low,,33,335.0,LR,True,6.890407960484251,160.431,-80,0,0,29.723200820676382
317,DT+LR,mlp,mushrooms,low,,34,90.0,LR,True,4.880605558294603,32.315,-60,1,1,29.723200820676382
317,DT+LR,mlp,mushrooms,low,,35,32.0,LR,False,7.090156129219978,6.947,20,0,1,29.723200820676382
317,DT+LR,mlp,mushrooms,low,,36,205.0,DT,True,3.717730029494043,10.943,-40,0,0,29.723200820676382
317,DT+LR,mlp,mushrooms,low,,37,192.0,DT,False,4.728126337121403,5.436,-20,0,1,29.723200820676382
317,DT+LR,mlp,mushrooms,low,,38,118.0,LR,False,7.0322808519982365,4.781,-20,0,0,29.723200820676382
317,DT+LR,mlp,mushrooms,low,,39,66.0,LR,False,5.582311498014373,3.634,-20,0,0,29.723200820676382
227,DT+LR,mlp,mushrooms,high,,0,195.0,DT,True,15.74642727994113,66.253,-60,0,1,38.28098770968018
227,DT+LR,mlp,mushrooms,high,,1,84.0,DT,True,0.2039409300570738,54.301,60,1,1,38.28098770968018
227,DT+LR,mlp,mushrooms,high,,2,138.0,DT,False,5.9526202008212925,44.738,-40,0,1,38.28098770968018
227,DT+LR,mlp,mushrooms,high,,3,52.0,DT,True,5.457951691583229,11.261,40,1,0,38.28098770968018
227,DT+LR,mlp,mushrooms,high,,4,282.0,DT,True,5.314863580383839,19.897,60,1,1,38.28098770968018
227,DT+LR,mlp,mushrooms,high,,5,308.0,DT,True,6.880036342499172,8.673,-80,1,1,38.28098770968018
227,DT+LR,mlp,mushrooms,high,,6,369.0,LR,True,9.734391061269656,33.919,-60,1,0,38.28098770968018
227,DT+LR,mlp,mushrooms,high,,7,207.0,LR,False,8.159722592851557,18.898,60,1,0,38.28098770968018
227,DT+LR,mlp,mushrooms,high,,8,154.0,LR,False,10.307070256523096,10.183,80,1,1,38.28098770968018
227,DT+LR,mlp,mushrooms,high,,9,391.0,DT,True,6.617275168837111,13.183,80,1,0,38.28098770968018
227,DT+LR,mlp,mushrooms,high,,10,355.0,DT,True,6.756083523049923,14.289,60,1,1,38.28098770968018
227,DT+LR,mlp,mushrooms,high,,11,118.0,DT,False,8.376019319744541,15.989,-40,0,0,38.28098770968018
227,DT+LR,mlp,mushrooms,high,,12,11.0,LR,False,10.74533094040917,21.724,60,1,1,38.28098770968018
227,DT+LR,mlp,mushrooms,high,,13,77.0,DT,True,7.885885478000161,18.398,-60,0,0,38.28098770968018
227,DT+LR,mlp,mushrooms,high,,14,229.0,DT,True,8.922483027231555,10.084,-80,0,0,38.28098770968018
227,DT+LR,mlp,mushrooms,high,,15,252.0,DT,True,10.675143319952792,13.867,60,1,1,38.28098770968018
227,DT+LR,mlp,mushrooms,high,,16,274.0,LR,True,9.812179071139994,15.366,80,1,1,38.28098770968018
227,DT+LR,mlp,mushrooms,high,,17,363.0,DT,True,10.089064290881682,10.275,60,1,0,38.28098770968018
227,DT+LR,mlp,mushrooms,high,,18,27.0,LR,False,10.307500003310524,6.795,80,1,1,38.28098770968018
227,DT+LR,mlp,mushrooms,high,,19,36.0,LR,True,8.707558599675558,7.935,60,1,0,38.28098770968018
227,DT+LR,mlp,mushrooms,high,,20,376.0,DT,True,10.448904843714953,133.022,80,0,0,38.28098770968018
227,DT+LR,mlp,mushrooms,high,,21,92.0,DT,True,4.059864969450638,8.55,-80,0,0,38.28098770968018
227,DT+LR,mlp,mushrooms,high,,22,273.0,LR,False,8.586697899940757,5.248,60,1,0,38.28098770968018
227,DT+LR,mlp,mushrooms,high,,23,299.0,LR,False,10.435004977389346,9.389,-80,1,1,38.28098770968018
227,DT+LR,mlp,mushrooms,high,,24,289.0,DT,False,4.137187240589378,4.503,80,0,0,38.28098770968018
227,DT+LR,mlp,mushrooms,high,,25,19.0,DT,True,10.30445226321132,21.002,-40,1,1,38.28098770968018
227,DT+LR,mlp,mushrooms,high,,26,192.0,LR,False,4.0214855499322155,7.441,80,0,1,38.28098770968018
227,DT+LR,mlp,mushrooms,high,,27,263.0,LR,False,10.32943052581406,13.081,80,1,1,38.28098770968018
227,DT+LR,mlp,mushrooms,high,,28,142.0,LR,True,10.717363965442132,10.2,80,1,1,38.28098770968018
227,DT+LR,mlp,mushrooms,high,,29,162.0,LR,False,10.314883519615522,8.652,80,1,1,38.28098770968018
227,DT+LR,mlp,mushrooms,high,,30,334.0,LR,True,8.646875225216672,32.433,20,1,0,38.28098770968018
227,DT+LR,mlp,mushrooms,high,,31,382.0,DT,True,8.629472542525779,15.374,-40,0,0,38.28098770968018
227,DT+LR,mlp,mushrooms,high,,32,83.0,DT,True,3.905729607190571,4.823,80,0,0,38.28098770968018
227,DT+LR,mlp,mushrooms,high,,33,184.0,LR,True,3.670573253979716,12.555,-40,0,0,38.28098770968018
227,DT+LR,mlp,mushrooms,high,,34,57.0,DT,True,8.607645560499526,7.039,40,1,0,38.28098770968018
227,DT+LR,mlp,mushrooms,high,,35,204.0,LR,True,10.106573586473004,6.217,60,1,0,38.28098770968018
227,DT+LR,mlp,mushrooms,high,,36,213.0,LR,True,9.9850830536205,4.29,40,1,1,38.28098770968018
227,DT+LR,mlp,mushrooms,high,,37,335.0,DT,False,8.56526713257787,8.815,100,0,0,38.28098770968018
227,DT+LR,mlp,mushrooms,high,,38,356.0,DT,True,10.42291873521663,7.457,100,1,1,38.28098770968018
227,DT+LR,mlp,mushrooms,high,,39,279.0,DT,False,10.05882811729538,6.356,100,1,0,38.28098770968018
38,DT+LR,mlp,mushrooms,high,,0,255.0,LR,True,6.337679572886086,31.487,-20,0,1,31.882389313708693
38,DT+LR,mlp,mushrooms,high,,1,129.0,DT,True,15.895519595519945,34.799,100,0,1,31.882389313708693
38,DT+LR,mlp,mushrooms,high,,2,267.0,LR,False,0.2007589755971657,10.558,-20,1,1,31.882389313708693
38,DT+LR,mlp,mushrooms,high,,3,73.0,DT,True,3.821195386086511,14.173,-60,0,0,31.882389313708693
38,DT+LR,mlp,mushrooms,high,,4,359.0,DT,True,2.7980382864763853,16.685,60,1,0,31.882389313708693
38,DT+LR,mlp,mushrooms,high,,5,256.0,DT,False,5.817559132184241,6.258,40,1,0,31.882389313708693
38,DT+LR,mlp,mushrooms,high,,6,116.0,DT,False,7.203389914866933,6.765,20,1,1,31.882389313708693
38,DT+LR,mlp,mushrooms,high,,7,61.0,LR,False,7.079271825079894,4.059,-20,0,0,31.882389313708693
38,DT+LR,mlp,mushrooms,high,,8,391.0,LR,False,7.32602509558436,5.456,-20,1,0,31.882389313708693
38,DT+LR,mlp,mushrooms,high,,9,315.0,LR,False,3.277767183642299,6.88,20,0,0,31.882389313708693
38,DT+LR,mlp,mushrooms,high,,10,185.0,DT,False,6.890955520375955,8.785,20,0,0,31.882389313708693
38,DT+LR,mlp,mushrooms,high,,11,246.0,DT,True,4.453596655163088,11.939,60,1,0,31.882389313708693
38,DT+LR,mlp,mushrooms,high,,12,338.0,LR,True,3.536718533620035,12.342,-40,0,1,31.882389313708693
38,DT+LR,mlp,mushrooms,high,,13,68.0,DT,True,7.610710237495352,10.239,-60,1,0,31.882389313708693
38,DT+LR,mlp,mushrooms,high,,14,149.0,LR,True,9.504799441691182,6.067,-40,1,1,31.882389313708693
38,DT+LR,mlp,mushrooms,high,,15,222.0,LR,True,8.295611424056322,4.027,-20,0,0,31.882389313708693
38,DT+LR,mlp,mushrooms,high,,16,35.0,LR,False,9.154470910669554,8.957,40,0,1,31.882389313708693
38,DT+LR,mlp,mushrooms,high,,17,367.0,LR,False,9.119424720126233,3.752,-20,1,1,31.882389313708693
38,DT+LR,mlp,mushrooms,high,,18,58.0,DT,True,3.4897722059726797,16.584,-60,0,0,31.882389313708693
38,DT+LR,mlp,mushrooms,high,,19,336.0,LR,True,8.494402011893738,3.337,-20,0,1,31.882389313708693
38,DT+LR,mlp,mushrooms,high,,20,126.0,DT,True,8.469168980262882,12.156,-40,0,0,31.882389313708693
38,DT+LR,mlp,mushrooms,high,,21,55.0,DT,True,8.340303209888686,15.491,60,1,0,31.882389313708693
38,DT+LR,mlp,mushrooms,high,,22,395.0,LR,False,8.307489128149358,7.135,-40,0,0,31.882389313708693
38,DT+LR,mlp,mushrooms,high,,23,342.0,DT,True,4.023922313280554,17.124,-40,0,1,31.882389313708693
38,DT+LR,mlp,mushrooms,high,,24,167.0,LR,False,10.347870400645172,7.72,-20,1,0,31.882389313708693
38,DT+LR,mlp,mushrooms,high,,25,64.0,DT,False,10.460820907200022,7.051,-20,1,0,31.882389313708693
38,DT+LR,mlp,mushrooms,high,,26,130.0,DT,False,9.690403230666464,5.577,20,1,1,31.882389313708693
38,DT+LR,mlp,mushrooms,high,,27,260.0,LR,False,10.036534709253178,9.781,-20,1,1,31.882389313708693
38,DT+LR,mlp,mushrooms,high,,28,326.0,LR,True,3.7920026739958863,7.095,20,0,1,31.882389313708693
38,DT+LR,mlp,mushrooms,high,,29,284.0,LR,False,9.97214076127049,10.264,-20,0,1,31.882389313708693
38,DT+LR,mlp,mushrooms,high,,30,114.0,DT,False,8.27179381566696,4.283,-60,1,0,31.882389313708693
38,DT+LR,mlp,mushrooms,high,,31,237.0,DT,False,9.13916013411579,5.139,40,1,1,31.882389313708693
38,DT+LR,mlp,mushrooms,high,,32,107.0,DT,True,8.385127121269708,10.32,-60,1,1,31.882389313708693
38,DT+LR,mlp,mushrooms,high,,33,365.0,LR,False,4.078480954002472,62.851,-40,0,0,31.882389313708693
38,DT+LR,mlp,mushrooms,high,,34,11.0,LR,True,10.793207381987164,4.019,-20,1,1,31.882389313708693
38,DT+LR,mlp,mushrooms,high,,35,71.0,DT,True,8.532424002536938,9.346,-100,0,0,31.882389313708693
38,DT+LR,mlp,mushrooms,high,,36,164.0,LR,False,9.72029129405814,5.609,20,1,1,31.882389313708693
38,DT+LR,mlp,mushrooms,high,,37,240.0,LR,False,8.386711722842751,5.895,-100,1,1,31.882389313708693
38,DT+LR,mlp,mushrooms,high,,38,192.0,DT,True,4.1375248430015015,16.499,-60,0,1,31.882389313708693
38,DT+LR,mlp,mushrooms,high,,39,57.0,DT,False,8.60331040154751,2.804,-60,1,0,31.882389313708693
224,DT+LR,mlp,mushrooms,low,,0,113.0,DT,False,0.214335486999908,25.132,60,0,0,28.76540062252406
224,DT+LR,mlp,mushrooms,low,,1,292.0,LR,False,0.2609866762282121,6.293,60,1,1,28.76540062252406
224,DT+LR,mlp,mushrooms,low,,2,224.0,DT,False,0.3400036582393801,9.102,40,1,1,28.76540062252406
224,DT+LR,mlp,mushrooms,low,,3,332.0,DT,False,0.4146986183513432,3.002,-40,0,0,28.76540062252406
224,DT+LR,mlp,mushrooms,low,,4,200.0,DT,True,0.4477886618839147,56.404,-80,0,0,28.76540062252406
224,DT+LR,mlp,mushrooms,low,,5,156.0,DT,False,0.3518355416824815,8.566,80,0,1,28.76540062252406
224,DT+LR,mlp,mushrooms,low,,6,15.0,LR,True,3.098857764211175,22.236,-100,0,1,28.76540062252406
224,DT+LR,mlp,mushrooms,low,,7,150.0,DT,False,3.153427622304299,7.721,80,0,0,28.76540062252406
224,DT+LR,mlp,mushrooms,low,,8,40.0,LR,True,2.8680060047643487,10.912,-100,0,1,28.76540062252406
224,DT+LR,mlp,mushrooms,low,,9,304.0,DT,False,3.140702393731061,15.13,20,0,0,28.76540062252406
224,DT+LR,mlp,mushrooms,low,,10,94.0,DT,True,3.198048560429139,13.341,-100,0,1,28.76540062252406
224,DT+LR,mlp,mushrooms,low,,11,285.0,LR,True,4.180395673998417,12.563,60,0,0,28.76540062252406
224,DT+LR,mlp,mushrooms,low,,12,398.0,DT,True,5.507769450310059,15.539,100,1,1,28.76540062252406
224,DT+LR,mlp,mushrooms,low,,13,389.0,DT,True,5.399454923424262,32.099,-100,0,1,28.76540062252406
224,DT+LR,mlp,mushrooms,low,,14,31.0,LR,True,4.254196822614122,11.358,-100,0,1,28.76540062252406
224,DT+LR,mlp,mushrooms,low,,15,289.0,DT,False,4.578663678041502,8.283,-60,0,0,28.76540062252406
224,DT+LR,mlp,mushrooms,low,,16,369.0,DT,False,5.278355781842885,6.118,-40,1,0,28.76540062252406
224,DT+LR,mlp,mushrooms,low,,17,347.0,DT,True,5.284498453635627,12.091,100,1,1,28.76540062252406
224,DT+LR,mlp,mushrooms,low,,18,97.0,LR,False,5.227954822737649,12.091,20,1,0,28.76540062252406
224,DT+LR,mlp,mushrooms,low,,19,44.0,LR,True,5.234165897146117,9.263,-100,0,0,28.76540062252406
224,DT+LR,mlp,mushrooms,low,,20,283.0,LR,False,5.237658458209713,12.784,20,1,1,28.76540062252406
224,DT+LR,mlp,mushrooms,low,,21,171.0,LR,True,4.93630051482732,6.068,-100,0,1,28.76540062252406
224,DT+LR,mlp,mushrooms,low,,22,89.0,DT,False,5.138278887718439,8.8,-20,0,0,28.76540062252406
224,DT+LR,mlp,mushrooms,low,,23,305.0,LR,False,7.143498588556176,7.53,20,1,1,28.76540062252406
224,DT+LR,mlp,mushrooms,low,,24,244.0,DT,True,3.4101608688724583,11.925,-100,0,0,28.76540062252406
224,DT+LR,mlp,mushrooms,low,,25,279.0,DT,False,7.1516054709864365,8.665,20,1,1,28.76540062252406
224,DT+LR,mlp,mushrooms,low,,26,296.0,DT,True,5.456813393174717,12.229,100,1,1,28.76540062252406
224,DT+LR,mlp,mushrooms,low,,27,350.0,LR,True,7.0254708952522975,13.862,-80,1,0,28.76540062252406
224,DT+LR,mlp,mushrooms,low,,28,143.0,LR,True,7.065578640049538,8.767,20,1,1,28.76540062252406
224,DT+LR,mlp,mushrooms,low,,29,225.0,DT,True,4.347270856433087,21.834,-40,0,1,28.76540062252406
224,DT+LR,mlp,mushrooms,low,,30,96.0,LR,True,5.973571624592729,17.054,100,0,1,28.76540062252406
224,DT+LR,mlp,mushrooms,low,,31,301.0,LR,False,7.139388112127596,14.291,-40,1,0,28.76540062252406
224,DT+LR,mlp,mushrooms,low,,32,210.0,DT,True,5.382659889635205,14.042,100,0,1,28.76540062252406
224,DT+LR,mlp,mushrooms,low,,33,178.0,DT,False,6.976851710292503,7.351,-20,1,1,28.76540062252406
224,DT+LR,mlp,mushrooms,low,,34,278.0,DT,False,7.031057880076742,8.645,20,1,1,28.76540062252406
224,DT+LR,mlp,mushrooms,low,,35,190.0,DT,True,5.231476545378117,10.222,100,1,1,28.76540062252406
224,DT+LR,mlp,mushrooms,low,,36,12.0,DT,True,4.683683397995374,24.172,100,0,1,28.76540062252406
224,DT+LR,mlp,mushrooms,low,,37,145.0,LR,False,6.9971679006302105,5.378,20,1,1,28.76540062252406
224,DT+LR,mlp,mushrooms,low,,38,120.0,LR,True,7.069366716705524,4.282,-100,1,1,28.76540062252406
224,DT+LR,mlp,mushrooms,low,,39,346.0,LR,False,7.01885798811463,8.857,20,1,1,28.76540062252406
30,DT+LR,mlp,mushrooms,high,,0,221.0,DT,False,0.2009302626229168,57.74,-40,1,0,26.85430716654393
30,DT+LR,mlp,mushrooms,high,,1,47.0,DT,False,0.2009276830318111,7.92,-60,0,1,26.85430716654393
30,DT+LR,mlp,mushrooms,high,,2,366.0,DT,True,0.2009251159862071,22.212,-100,0,1,26.85430716654393
30,DT+LR,mlp,mushrooms,high,,3,291.0,LR,False,0.2009225613987483,6.326,100,0,1,26.85430716654393
30,DT+LR,mlp,mushrooms,high,,4,111.0,DT,True,6.512985801797336,12.639,-100,0,0,26.85430716654393
30,DT+LR,mlp,mushrooms,high,,5,388.0,LR,True,4.819965534087357,30.92,40,0,0,26.85430716654393
30,DT+LR,mlp,mushrooms,high,,6,5.0,DT,False,6.128032951436584,5.62,60,0,0,26.85430716654393
30,DT+LR,mlp,mushrooms,high,,7,120.0,DT,True,4.6371603721234695,26.394,100,1,0,26.85430716654393
30,DT+LR,mlp,mushrooms,high,,8,56.0,DT,True,4.8786502062902,35.936,100,1,0,26.85430716654393
30,DT+LR,mlp,mushrooms,high,,9,95.0,DT,False,3.548305391767852,3.598,-100,0,0,26.85430716654393
30,DT+LR,mlp,mushrooms,high,,10,335.0,LR,False,6.374044943298542,7.865,-40,0,0,26.85430716654393
30,DT+LR,mlp,mushrooms,high,,11,1.0,DT,True,6.8236250008432116,32.994,100,1,0,26.85430716654393
30,DT+LR,mlp,mushrooms,high,,12,108.0,DT,False,6.778679177067114,4.373,40,0,0,26.85430716654393
30,DT+LR,mlp,mushrooms,high,,13,89.0,LR,False,8.69011435821353,36.509,-60,0,0,26.85430716654393
30,DT+LR,mlp,mushrooms,high,,14,389.0,DT,False,8.397841261809658,11.533,-60,0,0,26.85430716654393
30,DT+LR,mlp,mushrooms,high,,15,15.0,DT,True,7.135319744987279,77.461,100,0,1,26.85430716654393
30,DT+LR,mlp,mushrooms,high,,16,53.0,DT,True,7.139607940881442,84.787,100,1,0,26.85430716654393
30,DT+LR,mlp,mushrooms,high,,17,374.0,LR,True,8.717326457394686,91.295,80,0,0,26.85430716654393
30,DT+LR,mlp,mushrooms,high,,18,9.0,LR,False,3.8799123330513,123.339,-100,0,1,26.85430716654393
30,DT+LR,mlp,mushrooms,high,,19,76.0,LR,True,10.493775910741205,31.701,100,1,1,26.85430716654393
30,DT+LR,mlp,mushrooms,high,,20,232.0,LR,True,3.843238897259941,54.505,-100,0,1,26.85430716654393
30,DT+LR,mlp,mushrooms,high,,21,183.0,DT,True,6.449886362550726,9.597,-100,0,0,26.85430716654393
30,DT+LR,mlp,mushrooms,high,,22,176.0,LR,False,10.174529931352234,40.37,100,1,1,26.85430716654393
30,DT+LR,mlp,mushrooms,high,,23,239.0,DT,True,3.6982429250322015,9.724,-100,0,1,26.85430716654393
30,DT+LR,mlp,mushrooms,high,,24,331.0,LR,True,8.650074186999436,17.934,-100,0,0,26.85430716654393
30,DT+LR,mlp,mushrooms,high,,25,19.0,LR,False,9.657154858931632,27.672,100,1,1,26.85430716654393
30,DT+LR,mlp,mushrooms,high,,26,277.0,DT,True,10.049613674843862,13.754,100,1,1,26.85430716654393
30,DT+LR,mlp,mushrooms,high,,27,88.0,LR,False,9.302646235978088,26.501,100,1,1,26.85430716654393
30,DT+LR,mlp,mushrooms,high,,28,282.0,DT,True,8.703892589969652,10.863,-100,1,0,26.85430716654393
30,DT+LR,mlp,mushrooms,high,,29,54.0,LR,False,3.957793589569568,32.674,100,1,1,26.85430716654393
30,DT+LR,mlp,mushrooms,high,,30,12.0,DT,True,3.7886232610874697,35.27,100,0,1,26.85430716654393
30,DT+LR,mlp,mushrooms,high,,31,112.0,LR,False,8.787285602030849,19.793,100,1,0,26.85430716654393
30,DT+LR,mlp,mushrooms,high,,32,31.0,LR,True,3.73274568414945,25.57,-100,0,1,26.85430716654393
30,DT+LR,mlp,mushrooms,high,,33,268.0,DT,False,3.612336211583891,40.679,-100,0,0,26.85430716654393
30,DT+LR,mlp,mushrooms,high,,34,92.0,DT,True,3.3927927172839443,7.719,-100,0,1,26.85430716654393
30,DT+LR,mlp,mushrooms,high,,35,82.0,DT,True,6.412138877566797,16.101,-100,1,0,26.85430716654393
30,DT+LR,mlp,mushrooms,high,,36,274.0,DT,True,7.398652855793306,23.494,100,1,0,26.85430716654393
30,DT+LR,mlp,mushrooms,high,,37,48.0,DT,True,3.362621761823806,8.837,-100,0,0,26.85430716654393
30,DT+LR,mlp,mushrooms,high,,38,139.0,DT,True,7.289283455294505,10.26,100,0,1,26.85430716654393
30,DT+LR,mlp,mushrooms,high,,39,164.0,DT,False,10.397725746708264,15.276,100,1,1,26.85430716654393
113,DT+LR,mlp,mushrooms,low,,0,130.0,DT,False,0.214335486999908,13.188,20,1,0,27.42884290054284
113,DT+LR,mlp,mushrooms,low,,1,228.0,LR,True,6.367156810626046,11.374,-100,0,0,27.42884290054284
113,DT+LR,mlp,mushrooms,low,,2,392.0,DT,True,0.283727571648358,18.612,-20,0,1,27.42884290054284
113,DT+LR,mlp,mushrooms,low,,3,388.0,DT,True,0.3545191746897448,15.128,-60,0,0,27.42884290054284
113,DT+LR,mlp,mushrooms,low,,4,50.0,LR,False,5.148987940223357,11.724,-20,0,1,27.42884290054284
113,DT+LR,mlp,mushrooms,low,,5,315.0,LR,True,3.23030036978769,4.242,-100,0,1,27.42884290054284
113,DT+LR,mlp,mushrooms,low,,6,259.0,DT,False,5.267718941559831,9.109,100,0,0,27.42884290054284
113,DT+LR,mlp,mushrooms,low,,7,167.0,DT,False,4.730174352056946,7.521,20,1,0,27.42884290054284
113,DT+LR,mlp,mushrooms,low,,8,337.0,LR,True,5.301417458207451,4.773,-100,1,0,27.42884290054284
113,DT+LR,mlp,mushrooms,low,,9,82.0,DT,False,5.211503321389361,9.377,60,1,1,27.42884290054284
113,DT+LR,mlp,mushrooms,low,,10,189.0,LR,False,4.776938488121774,5.881,40,1,0,27.42884290054284
113,DT+LR,mlp,mushrooms,low,,11,230.0,LR,True,4.897384822766504,6.265,-100,1,1,27.42884290054284
113,DT+LR,mlp,mushrooms,low,,12,185.0,DT,True,4.807910991665757,30.648,-80,0,0,27.42884290054284
113,DT+LR,mlp,mushrooms,low,,13,127.0,LR,False,4.927055205890868,3.673,-80,1,1,27.42884290054284
113,DT+LR,mlp,mushrooms,low,,14,78.0,LR,False,4.9512638989341085,12.947,-20,1,1,27.42884290054284
113,DT+LR,mlp,mushrooms,low,,15,239.0,LR,False,3.644429543170414,11.476,40,0,0,27.42884290054284
113,DT+LR,mlp,mushrooms,low,,16,316.0,DT,True,4.978183557023846,32.076,100,1,1,27.42884290054284
113,DT+LR,mlp,mushrooms,low,,17,193.0,LR,True,6.687717977576328,15.287,-60,0,0,27.42884290054284
113,DT+LR,mlp,mushrooms,low,,18,116.0,LR,True,6.995992262068893,12.793,100,1,1,27.42884290054284
113,DT+LR,mlp,mushrooms,low,,19,38.0,DT,False,6.9654569188028255,16.489,-80,0,0,27.42884290054284
113,DT+LR,mlp,mushrooms,low,,20,139.0,LR,True,6.9795354149167705,12.489,80,0,1,27.42884290054284
113,DT+LR,mlp,mushrooms,low,,21,98.0,DT,False,7.09474737655402,14.661,20,1,1,27.42884290054284
113,DT+LR,mlp,mushrooms,low,,22,352.0,DT,True,4.788879618953515,14.999,80,1,0,27.42884290054284
113,DT+LR,mlp,mushrooms,low,,23,93.0,DT,False,7.036786031709106,9.418,-60,0,1,27.42884290054284
113,DT+LR,mlp,mushrooms,low,,24,253.0,LR,False,7.01599128430546,11.295,-60,1,0,27.42884290054284
113,DT+LR,mlp,mushrooms,low,,25,58.0,LR,True,3.7593183190167343,16.828,-60,0,1,27.42884290054284
113,DT+LR,mlp,mushrooms,low,,26,13.0,LR,False,7.037529164062876,10.204,-100,0,0,27.42884290054284
113,DT+LR,mlp,mushrooms,low,,27,317.0,DT,True,3.2493897458335135,19.877,-80,0,0,27.42884290054284
113,DT+LR,mlp,mushrooms,low,,28,120.0,LR,False,7.14973832533877,9.446,80,1,1,27.42884290054284
113,DT+LR,mlp,mushrooms,low,,29,250.0,DT,False,7.015726079830456,16.325,60,1,1,27.42884290054284
113,DT+LR,mlp,mushrooms,low,,30,95.0,LR,True,3.6288817391802546,14.725,-20,0,0,27.42884290054284
113,DT+LR,mlp,mushrooms,low,,31,237.0,LR,True,6.811572117639939,24.376,40,1,1,27.42884290054284
113,DT+LR,mlp,mushrooms,low,,32,112.0,DT,False,6.708688811705277,15.851,-60,1,0,27.42884290054284
113,DT+LR,mlp,mushrooms,low,,33,291.0,DT,True,3.1082411754497032,22.901,-80,0,1,27.42884290054284
113,DT+LR,mlp,mushrooms,low,,34,362.0,LR,False,6.65202502648781,11.765,60,1,1,27.42884290054284
113,DT+LR,mlp,mushrooms,low,,35,141.0,DT,True,5.082418243779954,17.153,60,1,1,27.42884290054284
113,DT+LR,mlp,mushrooms,low,,36,274.0,DT,False,6.635142153317254,6.606,80,1,1,27.42884290054284
113,DT+LR,mlp,mushrooms,low,,37,35.0,LR,True,7.004669147896335,9.077,60,0,1,27.42884290054284
113,DT+LR,mlp,mushrooms,low,,38,15.0,DT,True,5.032747711051263,23.128,-100,0,1,27.42884290054284
113,DT+LR,mlp,mushrooms,low,,39,178.0,LR,True,7.024448327462726,21.499,40,1,1,27.42884290054284
255,DT+LR,mlp,mushrooms,high,,0,130.0,DT,True,16.007338832204052,93.737,80,1,1,23.65069938403137
255,DT+LR,mlp,mushrooms,high,,1,28.0,LR,False,0.2007579693120181,9.396,-40,1,1,23.65069938403137
255,DT+LR,mlp,mushrooms,high,,2,302.0,LR,False,7.115078310267746,10.569,60,0,0,23.65069938403137
255,DT+LR,mlp,mushrooms,high,,3,398.0,DT,False,3.6043734200591486,12.405,20,1,1,23.65069938403137
255,DT+LR,mlp,mushrooms,high,,4,243.0,DT,False,4.255317214928127,14.725,-20,0,1,23.65069938403137
255,DT+LR,mlp,mushrooms,high,,5,295.0,LR,False,4.031583766128522,4.699,-60,1,1,23.65069938403137
255,DT+LR,mlp,mushrooms,high,,6,250.0,LR,True,3.549651800031057,20.517,-20,1,1,23.65069938403137
255,DT+LR,mlp,mushrooms,high,,7,37.0,DT,False,4.18378970780982,8.793,20,1,1,23.65069938403137
255,DT+LR,mlp,mushrooms,high,,8,17.0,DT,False,3.5689005345925375,3.601,-40,0,1,23.65069938403137
255,DT+LR,mlp,mushrooms,high,,9,284.0,LR,True,1.9962949631512052,9.021,-20,0,0,23.65069938403137
255,DT+LR,mlp,mushrooms,high,,10,397.0,LR,True,2.1288946084745555,14.967,-60,0,1,23.65069938403137
255,DT+LR,mlp,mushrooms,high,,11,375.0,LR,False,2.3491455878134553,4.233,-40,1,1,23.65069938403137
255,DT+LR,mlp,mushrooms,high,,12,351.0,DT,True,1.3817244276937843,23.283,-80,0,1,23.65069938403137
255,DT+LR,mlp,mushrooms,high,,13,222.0,LR,True,1.901277455351018,4.727,20,0,1,23.65069938403137
255,DT+LR,mlp,mushrooms,high,,14,156.0,DT,False,6.2267154394815485,9.455,-20,0,1,23.65069938403137
255,DT+LR,mlp,mushrooms,high,,15,135.0,LR,True,5.388625773503166,5.977,60,0,1,23.65069938403137
255,DT+LR,mlp,mushrooms,high,,16,155.0,DT,True,4.187514885407154,52.989,100,1,1,23.65069938403137
255,DT+LR,mlp,mushrooms,high,,17,117.0,LR,False,4.1088838712580555,8.601,-40,0,0,23.65069938403137
255,DT+LR,mlp,mushrooms,high,,18,116.0,DT,True,8.265136188629604,30.212,80,1,1,23.65069938403137
255,DT+LR,mlp,mushrooms,high,,19,209.0,LR,True,7.223820064510695,8.697,-40,0,1,23.65069938403137
255,DT+LR,mlp,mushrooms,high,,20,253.0,LR,True,7.494176053669197,11.934,-40,1,1,23.65069938403137
255,DT+LR,mlp,mushrooms,high,,21,224.0,LR,False,10.2208158586856,5.805,20,1,1,23.65069938403137
255,DT+LR,mlp,mushrooms,high,,22,200.0,DT,True,4.066288829635716,15.201,-100,0,0,23.65069938403137
255,DT+LR,mlp,mushrooms,high,,23,154.0,LR,True,9.158978705318296,16.641,20,1,1,23.65069938403137
255,DT+LR,mlp,mushrooms,high,,24,301.0,DT,False,9.011546096635785,10.418,-20,1,1,23.65069938403137
255,DT+LR,mlp,mushrooms,high,,25,291.0,DT,False,4.429020980072227,3.858,40,0,0,23.65069938403137
255,DT+LR,mlp,mushrooms,high,,26,111.0,LR,False,6.446432805742832,21.634,-40,0,0,23.65069938403137
255,DT+LR,mlp,mushrooms,high,,27,86.0,DT,False,9.047262177142152,7.876,-40,1,1,23.65069938403137
255,DT+LR,mlp,mushrooms,high,,28,128.0,DT,False,8.702856012820044,6.446,20,1,1,23.65069938403137
255,DT+LR,mlp,mushrooms,high,,29,239.0,DT,True,3.872962714301481,38.404,-80,0,1,23.65069938403137
255,DT+LR,mlp,mushrooms,high,,30,169.0,DT,True,6.164023421808818,19.117,-100,0,1,23.65069938403137
255,DT+LR,mlp,mushrooms,high,,31,274.0,DT,True,8.83132970119593,19.02,100,1,0,23.65069938403137
255,DT+LR,mlp,mushrooms,high,,32,115.0,LR,True,8.259418953994562,12.129,-60,1,0,23.65069938403137
255,DT+LR,mlp,mushrooms,high,,33,216.0,LR,True,8.497612841743223,14.922,-20,1,0,23.65069938403137
255,DT+LR,mlp,mushrooms,high,,34,390.0,DT,False,10.072955472137584,16.559,-20,0,1,23.65069938403137
255,DT+LR,mlp,mushrooms,high,,35,87.0,DT,True,8.040779329039346,26.392,-80,0,0,23.65069938403137
255,DT+LR,mlp,mushrooms,high,,36,178.0,DT,True,10.348306626200957,21.706,100,1,1,23.65069938403137
255,DT+LR,mlp,mushrooms,high,,37,15.0,DT,True,9.864069815710646,15.827,100,0,1,23.65069938403137
255,DT+LR,mlp,mushrooms,high,,38,165.0,DT,False,10.23937980432462,14.256,-60,0,0,23.65069938403137
255,DT+LR,mlp,mushrooms,high,,39,248.0,LR,True,8.591571305023718,10.299,-60,0,0,23.65069938403137
141,DT+LR,mlp,mushrooms,high,,0,159.0,LR,True,6.478102879670201,42.464,60,1,0,29.774921014409976
141,DT+LR,mlp,mushrooms,high,,1,395.0,LR,True,0.2009302626229168,20.478,60,0,0,29.774921014409976
141,DT+LR,mlp,mushrooms,high,,2,332.0,DT,True,0.2009276830318111,38.794,-100,0,0,29.774921014409976
141,DT+LR,mlp,mushrooms,high,,3,316.0,LR,False,0.2009251159862071,27.432,-60,1,0,29.774921014409976
141,DT+LR,mlp,mushrooms,high,,4,104.0,DT,False,6.534245828764435,12.259,-80,1,0,29.774921014409976
141,DT+LR,mlp,mushrooms,high,,5,259.0,LR,True,3.846138757245309,65.674,-60,0,0,29.774921014409976
141,DT+LR,mlp,mushrooms,high,,6,115.0,LR,True,3.774950923521884,33.563,-40,1,0,29.774921014409976
141,DT+LR,mlp,mushrooms,high,,7,63.0,LR,False,3.50577713965634,14.091,-20,0,1,29.774921014409976
141,DT+LR,mlp,mushrooms,high,,8,112.0,DT,False,3.868597601053804,12.64,-20,1,0,29.774921014409976
141,DT+LR,mlp,mushrooms,high,,9,3.0,DT,True,2.3170276415244864,16.252,-100,0,1,29.774921014409976
141,DT+LR,mlp,mushrooms,high,,10,220.0,LR,True,2.422947808037032,5.979,-80,0,1,29.774921014409976
141,DT+LR,mlp,mushrooms,high,,11,341.0,DT,False,5.494878724116286,2.829,40,1,0,29.774921014409976
141,DT+LR,mlp,mushrooms,high,,12,357.0,LR,False,4.583797538083073,7.501,-80,1,0,29.774921014409976
141,DT+LR,mlp,mushrooms,high,,13,145.0,DT,True,4.143866826100641,130.635,100,1,0,29.774921014409976
141,DT+LR,mlp,mushrooms,high,,14,111.0,DT,True,4.491251632308474,12.117,-100,0,0,29.774921014409976
141,DT+LR,mlp,mushrooms,high,,15,12.0,LR,False,3.5114778286586055,7.419,-40,0,0,29.774921014409976
141,DT+LR,mlp,mushrooms,high,,16,265.0,DT,True,6.843750006359341,10.464,-100,0,0,29.774921014409976
141,DT+LR,mlp,mushrooms,high,,17,251.0,LR,False,6.836110011191968,4.778,-60,1,1,29.774921014409976
141,DT+LR,mlp,mushrooms,high,,18,143.0,LR,False,9.019367933899202,3.53,80,1,1,29.774921014409976
141,DT+LR,mlp,mushrooms,high,,19,25.0,LR,True,8.532268452632552,15.063,-20,1,0,29.774921014409976
141,DT+LR,mlp,mushrooms,high,,20,262.0,LR,True,8.640108415533723,8.37,40,0,0,29.774921014409976
141,DT+LR,mlp,mushrooms,high,,21,209.0,DT,True,6.486616067277625,16.775,-100,0,0,29.774921014409976
141,DT+LR,mlp,mushrooms,high,,22,175.0,LR,True,7.26325992445131,36.12,40,1,0,29.774921014409976
141,DT+LR,mlp,mushrooms,high,,23,46.0,LR,False,7.84717516007305,4.941,-80,1,0,29.774921014409976
141,DT+LR,mlp,mushrooms,high,,24,381.0,DT,True,6.061474150680499,38.662,100,1,1,29.774921014409976
141,DT+LR,mlp,mushrooms,high,,25,15.0,DT,False,7.346266484253189,11.053,40,0,0,29.774921014409976
141,DT+LR,mlp,mushrooms,high,,26,37.0,LR,True,10.647599307481348,23.328,40,1,1,29.774921014409976
141,DT+LR,mlp,mushrooms,high,,27,171.0,LR,True,3.706380508866542,24.951,40,0,1,29.774921014409976
141,DT+LR,mlp,mushrooms,high,,28,374.0,LR,True,8.448247310568398,11.854,-60,0,0,29.774921014409976
141,DT+LR,mlp,mushrooms,high,,29,77.0,DT,False,8.286716826370395,6.712,20,0,0,29.774921014409976
141,DT+LR,mlp,mushrooms,high,,30,58.0,LR,True,4.115357039194343,33.328,-20,0,0,29.774921014409976
141,DT+LR,mlp,mushrooms,high,,31,67.0,DT,True,6.346657202765217,10.331,-100,0,0,29.774921014409976
141,DT+LR,mlp,mushrooms,high,,32,27.0,DT,True,6.86014420869691,17.108,100,1,0,29.774921014409976
141,DT+LR,mlp,mushrooms,high,,33,398.0,DT,False,9.04256936724606,5.227,-20,1,1,29.774921014409976
141,DT+LR,mlp,mushrooms,high,,34,132.0,LR,False,3.811066627179642,7.224,40,0,1,29.774921014409976
141,DT+LR,mlp,mushrooms,high,,35,223.0,DT,False,8.69260769108747,5.49,20,0,0,29.774921014409976
141,DT+LR,mlp,mushrooms,high,,36,346.0,DT,True,6.786812611213141,17.806,-100,1,1,29.774921014409976
141,DT+LR,mlp,mushrooms,high,,37,300.0,LR,False,8.601832088395222,5.447,40,1,0,29.774921014409976
141,DT+LR,mlp,mushrooms,high,,38,331.0,LR,False,8.51567177810889,6.472,-40,0,0,29.774921014409976
141,DT+LR,mlp,mushrooms,high,,39,35.0,DT,True,7.326932656112222,16.644,100,0,0,29.774921014409976
19,LR,mlp,mushrooms,high,,0,111.0,LR,True,6.321784935257047,125.73,-40,0,1,33.35981728496114
19,LR,mlp,mushrooms,high,,1,139.0,LR,False,8.026790052844278,29.889,-20,0,1,33.35981728496114
19,LR,mlp,mushrooms,high,,2,294.0,LR,True,6.444463486973136,40.964,20,1,0,33.35981728496114
19,LR,mlp,mushrooms,high,,3,84.0,LR,False,8.054079025150006,26.903,-20,1,1,33.35981728496114
19,LR,mlp,mushrooms,high,,4,288.0,LR,False,7.85652084744507,17.144,-40,0,1,33.35981728496114
19,LR,mlp,mushrooms,high,,5,331.0,LR,False,8.111251134237001,10.905,60,0,1,33.35981728496114
19,LR,mlp,mushrooms,high,,6,77.0,LR,False,7.995702158105189,16.934,-20,0,0,33.35981728496114
19,LR,mlp,mushrooms,high,,7,173.0,LR,True,6.455881016204103,23.842,60,1,0,33.35981728496114
19,LR,mlp,mushrooms,high,,8,360.0,LR,False,7.896578650905224,14.158,-40,0,0,33.35981728496114
19,LR,mlp,mushrooms,high,,9,137.0,LR,False,7.604660276917394,15.387,-20,0,0,33.35981728496114
19,LR,mlp,mushrooms,high,,10,27.0,LR,True,6.428167198586872,26.599,60,1,1,33.35981728496114
19,LR,mlp,mushrooms,high,,11,0.0,LR,False,10.22256050105646,8.957,-60,0,0,33.35981728496114
19,LR,mlp,mushrooms,high,,12,145.0,LR,True,6.251605628455529,14.184,60,1,1,33.35981728496114
19,LR,mlp,mushrooms,high,,13,338.0,LR,False,9.701419276572349,13.431,-20,0,0,33.35981728496114
19,LR,mlp,mushrooms,high,,14,165.0,LR,True,6.486201960572352,25.319,-20,0,0,33.35981728496114
19,LR,mlp,mushrooms,high,,15,269.0,LR,False,9.63274774067092,18.19,40,0,0,33.35981728496114
19,LR,mlp,mushrooms,high,,16,210.0,LR,True,7.812632643352373,11.641,80,0,1,33.35981728496114
19,LR,mlp,mushrooms,high,,17,297.0,LR,False,10.18502827439684,25.565,20,0,1,33.35981728496114
19,LR,mlp,mushrooms,high,,18,266.0,LR,True,6.35047302432485,49.518,20,0,1,33.35981728496114
19,LR,mlp,mushrooms,high,,19,232.0,LR,False,9.551267610153474,45.711,-80,0,1,33.35981728496114
19,LR,mlp,mushrooms,high,,20,187.0,LR,False,9.932525747134616,28.211,40,1,0,33.35981728496114
19,LR,mlp,mushrooms,high,,21,380.0,LR,True,5.9994011308201625,8.273,-60,0,0,33.35981728496114
19,LR,mlp,mushrooms,high,,22,174.0,LR,True,8.285519227085935,37.902,20,1,1,33.35981728496114
19,LR,mlp,mushrooms,high,,23,247.0,LR,False,9.739059212372034,15.867,-20,1,0,33.35981728496114
19,LR,mlp,mushrooms,high,,24,110.0,LR,False,10.086096128702197,16.236,-80,0,0,33.35981728496114
19,LR,mlp,mushrooms,high,,25,59.0,LR,True,8.277262791456675,30.933,20,1,1,33.35981728496114
19,LR,mlp,mushrooms,high,,26,283.0,LR,False,10.125892499488698,29.126,20,1,1,33.35981728496114
19,LR,mlp,mushrooms,high,,27,395.0,LR,False,10.111782177160244,16.012,-40,0,0,33.35981728496114
19,LR,mlp,mushrooms,high,,28,23.0,LR,False,9.920916568296596,10.579,-100,0,0,33.35981728496114
19,LR,mlp,mushrooms,high,,29,67.0,LR,True,9.782160683087998,19.334,-20,0,1,33.35981728496114
19,LR,mlp,mushrooms,high,,30,225.0,LR,False,9.572396671041124,4.038,40,0,0,33.35981728496114
19,LR,mlp,mushrooms,high,,31,112.0,LR,True,10.748781570895916,44.083,20,1,1,33.35981728496114
19,LR,mlp,mushrooms,high,,32,119.0,LR,False,10.072485149509054,10.038,-40,0,1,33.35981728496114
19,LR,mlp,mushrooms,high,,33,307.0,LR,False,12.044943345689642,19.528,20,1,0,33.35981728496114
19,LR,mlp,mushrooms,high,,34,8.0,LR,True,13.353111263181988,14.229,20,1,0,33.35981728496114
19,LR,mlp,mushrooms,high,,35,392.0,LR,False,12.104312082724284,6.455,-60,0,0,33.35981728496114
19,LR,mlp,mushrooms,high,,36,256.0,LR,True,12.944690080001088,7.995,60,1,0,33.35981728496114
19,LR,mlp,mushrooms,high,,37,3.0,LR,True,10.39872855947214,7.447,-40,0,0,33.35981728496114
19,LR,mlp,mushrooms,high,,38,259.0,LR,True,10.286107822347567,15.603,-20,0,1,33.35981728496114
19,LR,mlp,mushrooms,high,,39,267.0,LR,False,12.24653233745392,7.464,20,1,0,33.35981728496114
304,DT+LR,mlp,mushrooms,low,,0,163.0,LR,False,0.2110866141075085,134.436,-60,1,0,21.276096032901258
304,DT+LR,mlp,mushrooms,low,,1,20.0,LR,True,6.481026314611653,247.275,100,0,1,21.276096032901258
304,DT+LR,mlp,mushrooms,low,,2,303.0,DT,False,0.2545911362398753,204.589,60,0,0,21.276096032901258
304,DT+LR,mlp,mushrooms,low,,3,384.0,DT,False,0.3334084323481318,72.864,-60,0,0,21.276096032901258
304,DT+LR,mlp,mushrooms,low,,4,78.0,LR,True,0.3282162118287012,16.922,60,1,1,21.276096032901258
304,DT+LR,mlp,mushrooms,low,,5,357.0,DT,False,0.4886558183985582,26.734,60,1,0,21.276096032901258
304,DT+LR,mlp,mushrooms,low,,6,317.0,LR,False,0.3080862743271777,28.155,-60,0,0,21.276096032901258
304,DT+LR,mlp,mushrooms,low,,7,187.0,LR,False,0.5225494084144994,20.384,100,1,1,21.276096032901258
304,DT+LR,mlp,mushrooms,low,,8,237.0,DT,False,0.4771512720936889,30.575,80,1,1,21.276096032901258
304,DT+LR,mlp,mushrooms,low,,9,366.0,DT,False,0.6062010163839353,22.912,-100,0,1,21.276096032901258
304,DT+LR,mlp,mushrooms,low,,10,64.0,DT,True,0.5633829784282202,38.25,80,1,0,21.276096032901258
304,DT+LR,mlp,mushrooms,low,,11,111.0,DT,False,0.5573718345093667,35.112,-100,0,1,21.276096032901258
304,DT+LR,mlp,mushrooms,low,,12,391.0,LR,True,5.150372982842855,26.959,80,1,0,21.276096032901258
304,DT+LR,mlp,mushrooms,low,,13,43.0,DT,True,5.271004555457684,18.008,60,1,1,21.276096032901258
304,DT+LR,mlp,mushrooms,low,,14,273.0,DT,True,5.1385804297011894,11.021,-100,1,0,21.276096032901258
304,DT+LR,mlp,mushrooms,low,,15,258.0,LR,True,5.229105664674574,23.969,-60,0,1,21.276096032901258
304,DT+LR,mlp,mushrooms,low,,16,311.0,LR,True,5.217976386620489,17.935,-20,1,0,21.276096032901258
304,DT+LR,mlp,mushrooms,low,,17,229.0,DT,False,5.035013195463808,27.622,-60,0,0,21.276096032901258
304,DT+LR,mlp,mushrooms,low,,18,157.0,DT,False,5.161501461469575,10.087,80,1,1,21.276096032901258
304,DT+LR,mlp,mushrooms,low,,19,249.0,LR,False,5.04275866548766,13.08,-80,0,1,21.276096032901258
304,DT+LR,mlp,mushrooms,low,,20,331.0,LR,True,5.165601356316132,20.037,40,0,0,21.276096032901258
304,DT+LR,mlp,mushrooms,low,,21,55.0,DT,False,5.2879553457315795,13.157,60,1,1,21.276096032901258
304,DT+LR,mlp,mushrooms,low,,22,151.0,DT,False,4.9942172084243275,8.118,-80,0,0,21.276096032901258
304,DT+LR,mlp,mushrooms,low,,23,321.0,DT,False,5.075532316225544,13.418,80,1,1,21.276096032901258
304,DT+LR,mlp,mushrooms,low,,24,164.0,DT,False,6.702216991662093,8.3,80,1,1,21.276096032901258
304,DT+LR,mlp,mushrooms,low,,25,183.0,LR,False,6.379336593124185,9.486,100,0,0,21.276096032901258
304,DT+LR,mlp,mushrooms,low,,26,137.0,LR,True,3.322254890480452,13.675,-40,0,0,21.276096032901258
304,DT+LR,mlp,mushrooms,low,,27,377.0,LR,False,6.491952639128151,9.332,-80,0,0,21.276096032901258
304,DT+LR,mlp,mushrooms,low,,28,92.0,LR,True,3.3708464642941287,14.861,-80,0,1,21.276096032901258
304,DT+LR,mlp,mushrooms,low,,29,35.0,DT,False,6.440663972819649,11.873,100,0,0,21.276096032901258
304,DT+LR,mlp,mushrooms,low,,30,251.0,DT,False,6.445558529079356,10.767,-60,1,1,21.276096032901258
304,DT+LR,mlp,mushrooms,low,,31,76.0,LR,True,6.829474272102505,12.799,80,1,1,21.276096032901258
304,DT+LR,mlp,mushrooms,low,,32,136.0,LR,True,5.677489072222079,9.808,80,0,0,21.276096032901258
304,DT+LR,mlp,mushrooms,low,,33,389.0,LR,False,5.8986547215888585,11.235,-60,0,0,21.276096032901258
304,DT+LR,mlp,mushrooms,low,,34,7.0,LR,True,5.896271588893116,7.832,40,0,1,21.276096032901258
304,DT+LR,mlp,mushrooms,low,,35,127.0,DT,True,3.9696835951086697,23.17,100,1,1,21.276096032901258
304,DT+LR,mlp,mushrooms,low,,36,29.0,LR,False,5.45089966515314,14.3,-80,0,0,21.276096032901258
304,DT+LR,mlp,mushrooms,low,,37,129.0,LR,True,3.730627642962764,10.561,40,0,1,21.276096032901258
304,DT+LR,mlp,mushrooms,low,,38,46.0,DT,False,6.598657600803706,12.748,80,1,1,21.276096032901258
304,DT+LR,mlp,mushrooms,low,,39,274.0,DT,False,6.892084177615765,14.693,80,1,1,21.276096032901258
59,DT+LR,mlp,mushrooms,high,,0,330.0,LR,True,6.315480256262097,27.546,-40,1,0,29.79521802601229
59,DT+LR,mlp,mushrooms,high,,1,107.0,LR,True,0.2009302626229168,20.633,40,1,0,29.79521802601229
59,DT+LR,mlp,mushrooms,high,,2,158.0,DT,True,0.2009276830318111,23.875,-80,0,1,29.79521802601229
59,DT+LR,mlp,mushrooms,high,,3,223.0,LR,True,0.2009251159862071,22.253,20,0,0,29.79521802601229
59,DT+LR,mlp,mushrooms,high,,4,267.0,LR,True,3.170407355051897,8.226,-20,1,1,29.79521802601229
59,DT+LR,mlp,mushrooms,high,,5,84.0,LR,False,5.375294566788951,12.314,20,1,1,29.79521802601229
59,DT+LR,mlp,mushrooms,high,,6,241.0,LR,False,4.7411366836679445,3.388,40,1,1,29.79521802601229
59,DT+LR,mlp,mushrooms,high,,7,96.0,DT,False,2.617808518622767,3.495,40,0,0,29.79521802601229
59,DT+LR,mlp,mushrooms,high,,8,183.0,DT,False,2.8137547751467813,4.422,-20,0,1,29.79521802601229
59,DT+LR,mlp,mushrooms,high,,9,40.0,LR,True,2.6603634958335425,22.92,20,0,0,29.79521802601229
59,DT+LR,mlp,mushrooms,high,,10,310.0,LR,True,3.163602579877243,11.072,-40,1,1,29.79521802601229
59,DT+LR,mlp,mushrooms,high,,11,132.0,LR,False,1.6873737933623134,14.447,40,0,0,29.79521802601229
59,DT+LR,mlp,mushrooms,high,,12,168.0,DT,False,2.647198858043692,5.952,-20,0,0,29.79521802601229
59,DT+LR,mlp,mushrooms,high,,13,43.0,LR,True,2.272482359571721,10.806,-20,1,0,29.79521802601229
59,DT+LR,mlp,mushrooms,high,,14,130.0,LR,False,2.247270923114402,3.787,20,1,0,29.79521802601229
59,DT+LR,mlp,mushrooms,high,,15,140.0,DT,True,1.539947979051414,16.69,80,0,0,29.79521802601229
59,DT+LR,mlp,mushrooms,high,,16,161.0,LR,True,2.278466971475245,10.635,40,1,0,29.79521802601229
59,DT+LR,mlp,mushrooms,high,,17,46.0,DT,True,4.911073968047593,20.039,100,1,1,29.79521802601229
59,DT+LR,mlp,mushrooms,high,,18,65.0,LR,False,4.64711419935906,8.02,20,1,0,29.79521802601229
59,DT+LR,mlp,mushrooms,high,,19,10.0,LR,False,6.491362898069291,9.978,20,1,0,29.79521802601229
59,DT+LR,mlp,mushrooms,high,,20,28.0,DT,False,6.300368891365366,4.419,40,1,0,29.79521802601229
59,DT+LR,mlp,mushrooms,high,,21,349.0,DT,False,5.4810450448275425,11.315,-20,0,0,29.79521802601229
59,DT+LR,mlp,mushrooms,high,,22,359.0,LR,True,5.75964371652921,9.242,40,1,1,29.79521802601229
59,DT+LR,mlp,mushrooms,high,,23,214.0,DT,True,5.4868485527317,14.594,100,1,0,29.79521802601229
59,DT+LR,mlp,mushrooms,high,,24,135.0,DT,True,5.271832510229529,17.067,-100,0,0,29.79521802601229
59,DT+LR,mlp,mushrooms,high,,25,300.0,LR,True,8.089249667779024,12.506,60,1,0,29.79521802601229
59,DT+LR,mlp,mushrooms,high,,26,205.0,LR,True,4.087254611968178,18.27,-20,0,0,29.79521802601229
59,DT+LR,mlp,mushrooms,high,,27,322.0,LR,False,6.511417263978557,8.882,-20,0,0,29.79521802601229
59,DT+LR,mlp,mushrooms,high,,28,139.0,LR,False,9.215586566895375,4.333,40,0,1,29.79521802601229
59,DT+LR,mlp,mushrooms,high,,29,286.0,LR,True,6.317846585864895,8.906,40,1,0,29.79521802601229
59,DT+LR,mlp,mushrooms,high,,30,166.0,DT,False,9.466049254967764,4.593,40,1,1,29.79521802601229
59,DT+LR,mlp,mushrooms,high,,31,125.0,LR,True,8.278652872550229,9.068,20,1,0,29.79521802601229
59,DT+LR,mlp,mushrooms,high,,32,178.0,LR,False,8.955378596444344,6.085,60,1,1,29.79521802601229
59,DT+LR,mlp,mushrooms,high,,33,19.0,LR,False,7.787519653539134,5.14,60,1,1,29.79521802601229
59,DT+LR,mlp,mushrooms,high,,34,263.0,DT,False,8.320682602003004,7.713,20,1,0,29.79521802601229
59,DT+LR,mlp,mushrooms,high,,35,186.0,LR,True,3.4075060193276747,17.533,-20,0,0,29.79521802601229
59,DT+LR,mlp,mushrooms,high,,36,163.0,DT,True,5.836078730974415,22.5,100,1,0,29.79521802601229
59,DT+LR,mlp,mushrooms,high,,37,149.0,LR,True,7.31040086533542,11.162,40,1,1,29.79521802601229
59,DT+LR,mlp,mushrooms,high,,38,264.0,DT,True,6.827057710031411,18.549,-100,0,0,29.79521802601229
59,DT+LR,mlp,mushrooms,high,,39,95.0,LR,True,3.527598008689387,22.073,-20,0,0,29.79521802601229
193,DT+LR,mlp,mushrooms,low,,0,295.0,LR,False,0.207837741215109,63.656,-40,1,0,36.395849302538295
193,DT+LR,mlp,mushrooms,low,,1,89.0,LR,False,0.2138285620658301,48.329,-60,0,1,36.395849302538295
193,DT+LR,mlp,mushrooms,low,,2,363.0,LR,False,0.2482464386431804,28.924,-80,1,1,36.395849302538295
193,DT+LR,mlp,mushrooms,low,,3,86.0,LR,False,0.3388418292971648,15.014,40,1,0,36.395849302538295
193,DT+LR,mlp,mushrooms,low,,4,29.0,LR,True,6.37475954693373,200.311,-100,0,1,36.395849302538295
193,DT+LR,mlp,mushrooms,low,,5,185.0,DT,False,0.3291683050299293,28.451,-40,0,0,36.395849302538295
193,DT+LR,mlp,mushrooms,low,,6,194.0,LR,False,0.4903485603493575,126.994,-40,0,0,36.395849302538295
193,DT+LR,mlp,mushrooms,low,,7,316.0,LR,True,6.257699018556916,105.539,60,1,1,36.395849302538295
193,DT+LR,mlp,mushrooms,low,,8,46.0,DT,False,0.3530811104595708,112.929,60,1,1,36.395849302538295
193,DT+LR,mlp,mushrooms,low,,9,390.0,DT,True,0.5714176095697686,22.033,100,0,0,36.395849302538295
193,DT+LR,mlp,mushrooms,low,,10,43.0,DT,False,0.7469741994501763,104.933,40,1,0,36.395849302538295
193,DT+LR,mlp,mushrooms,low,,11,255.0,LR,False,5.2043157231930595,85.554,-40,0,0,36.395849302538295
193,DT+LR,mlp,mushrooms,low,,12,297.0,DT,False,5.156903861964915,54.748,-60,0,0,36.395849302538295
193,DT+LR,mlp,mushrooms,low,,13,114.0,LR,False,4.49313968591351,52.711,60,1,0,36.395849302538295
193,DT+LR,mlp,mushrooms,low,,14,8.0,LR,False,4.218443981568263,42.061,60,1,1,36.395849302538295
193,DT+LR,mlp,mushrooms,low,,15,77.0,LR,False,4.203752672640104,58.17,20,0,1,36.395849302538295
193,DT+LR,mlp,mushrooms,low,,16,384.0,DT,False,3.892415193215656,80.211,-40,0,0,36.395849302538295
193,DT+LR,mlp,mushrooms,low,,17,104.0,DT,True,3.8797373883671846,37.416,-20,1,1,36.395849302538295
193,DT+LR,mlp,mushrooms,low,,18,329.0,DT,False,3.447584100350263,15.075,40,1,1,36.395849302538295
193,DT+LR,mlp,mushrooms,low,,19,90.0,LR,False,3.0491383849639253,5.491,20,1,0,36.395849302538295
193,DT+LR,mlp,mushrooms,low,,20,392.0,LR,True,7.264436389583819,9.682,-60,0,1,36.395849302538295
193,DT+LR,mlp,mushrooms,low,,21,372.0,LR,True,2.967237782780383,6.639,80,0,0,36.395849302538295
193,DT+LR,mlp,mushrooms,low,,22,368.0,DT,False,4.832676575668521,51.286,40,1,1,36.395849302538295
193,DT+LR,mlp,mushrooms,low,,23,159.0,LR,True,6.75488391866247,16.446,-20,1,1,36.395849302538295
193,DT+LR,mlp,mushrooms,low,,24,27.0,DT,True,4.8912252109030705,6.98,-20,1,0,36.395849302538295
193,DT+LR,mlp,mushrooms,low,,25,192.0,LR,False,3.4005612814781365,5.899,60,0,1,36.395849302538295
193,DT+LR,mlp,mushrooms,low,,26,282.0,LR,True,6.940234158865197,108.895,40,1,0,36.395849302538295
193,DT+LR,mlp,mushrooms,low,,27,74.0,LR,True,7.044153237417167,49.333,60,1,1,36.395849302538295
193,DT+LR,mlp,mushrooms,low,,28,303.0,DT,False,6.517396859221268,43.217,-40,0,1,36.395849302538295
193,DT+LR,mlp,mushrooms,low,,29,279.0,DT,False,6.961355284123969,66.55,-20,1,0,36.395849302538295
193,DT+LR,mlp,mushrooms,low,,30,180.0,DT,False,6.252664643904135,104.124,80,1,1,36.395849302538295
193,DT+LR,mlp,mushrooms,low,,31,365.0,DT,False,3.4731362665018732,48.138,-60,0,0,36.395849302538295
193,DT+LR,mlp,mushrooms,low,,32,348.0,LR,True,6.918492162302712,38.257,40,1,0,36.395849302538295
193,DT+LR,mlp,mushrooms,low,,33,140.0,DT,False,3.4161073665229185,35.625,-60,0,0,36.395849302538295
193,DT+LR,mlp,mushrooms,low,,34,274.0,LR,True,6.591293498830934,17.47,40,1,1,36.395849302538295
193,DT+LR,mlp,mushrooms,low,,35,205.0,LR,False,3.1917314947585096,9.309,-40,0,0,36.395849302538295
193,DT+LR,mlp,mushrooms,low,,36,23.0,DT,False,6.044793212571392,3.188,60,0,0,36.395849302538295
193,DT+LR,mlp,mushrooms,low,,37,263.0,DT,False,6.319725271976728,66.208,-20,1,1,36.395849302538295
193,DT+LR,mlp,mushrooms,low,,38,177.0,LR,False,3.1918784076654476,11.132,-20,0,1,36.395849302538295
193,DT+LR,mlp,mushrooms,low,,39,228.0,DT,False,3.4051383376078084,3.983,-60,0,0,36.395849302538295
292,LR,mlp,mushrooms,high,,0,87.0,LR,False,8.164046865161353,117.08,-20,0,1,54.88293797173842
292,LR,mlp,mushrooms,high,,1,311.0,LR,False,8.187470147282218,83.555,-40,1,0,54.88293797173842
292,LR,mlp,mushrooms,high,,2,253.0,LR,False,8.176971463851714,72.248,-20,1,0,54.88293797173842
292,LR,mlp,mushrooms,high,,3,167.0,LR,True,6.333752824138005,71.748,-60,1,1,54.88293797173842
292,LR,mlp,mushrooms,high,,4,145.0,LR,True,6.14291555255047,73.684,-100,1,1,54.88293797173842
292,LR,mlp,mushrooms,high,,5,166.0,LR,True,5.79637614779673,56.381,-60,1,1,54.88293797173842
292,LR,mlp,mushrooms,high,,6,214.0,LR,False,8.126869278750139,84.195,-40,1,1,54.88293797173842
292,LR,mlp,mushrooms,high,,7,19.0,LR,False,8.093092105454135,142.752,-80,1,1,54.88293797173842
292,LR,mlp,mushrooms,high,,8,246.0,LR,False,5.561410533110413,72.738,-20,1,1,54.88293797173842
292,LR,mlp,mushrooms,high,,9,194.0,LR,False,10.12389879011279,9.813,-20,0,1,54.88293797173842
292,LR,mlp,mushrooms,high,,10,387.0,LR,True,5.6647541028307575,10.867,-80,0,1,54.88293797173842
292,LR,mlp,mushrooms,high,,11,132.0,LR,True,6.047973431770009,15.252,-40,0,1,54.88293797173842
292,LR,mlp,mushrooms,high,,12,122.0,LR,False,8.071024554484293,5.747,-60,1,1,54.88293797173842
292,LR,mlp,mushrooms,high,,13,106.0,LR,False,8.055814368574554,11.279,-40,0,0,54.88293797173842
292,LR,mlp,mushrooms,high,,14,116.0,LR,False,7.578833492323213,14.599,20,1,0,54.88293797173842
292,LR,mlp,mushrooms,high,,15,322.0,LR,False,10.139531983636587,12.067,-20,0,0,54.88293797173842
292,LR,mlp,mushrooms,high,,16,330.0,LR,False,7.847405397955597,6.979,40,1,1,54.88293797173842
292,LR,mlp,mushrooms,high,,17,247.0,LR,False,7.635996071115437,10.381,-60,1,1,54.88293797173842
292,LR,mlp,mushrooms,high,,18,32.0,LR,False,10.083772376547758,12.806,40,0,0,54.88293797173842
292,LR,mlp,mushrooms,high,,19,192.0,LR,False,9.74419614325336,7.823,20,0,0,54.88293797173842
292,LR,mlp,mushrooms,high,,20,89.0,LR,False,10.121355489127,12.33,-60,0,1,54.88293797173842
292,LR,mlp,mushrooms,high,,21,362.0,LR,True,8.077196557806007,13.105,40,1,1,54.88293797173842
292,LR,mlp,mushrooms,high,,22,40.0,LR,True,7.902559599662657,14.34,-80,0,1,54.88293797173842
292,LR,mlp,mushrooms,high,,23,56.0,LR,True,10.31301189660759,6.664,-60,1,1,54.88293797173842
292,LR,mlp,mushrooms,high,,24,260.0,LR,False,10.10441516607682,6.056,40,1,0,54.88293797173842
292,LR,mlp,mushrooms,high,,25,100.0,LR,False,10.001543799262128,9.456,-20,0,1,54.88293797173842
292,LR,mlp,mushrooms,high,,26,168.0,LR,True,10.120724072869423,9.315,-60,0,1,54.88293797173842
292,LR,mlp,mushrooms,high,,27,176.0,LR,False,7.631735055352705,7.273,-40,1,0,54.88293797173842
292,LR,mlp,mushrooms,high,,28,357.0,LR,True,10.0248813373647,3.941,-80,1,1,54.88293797173842
292,LR,mlp,mushrooms,high,,29,25.0,LR,False,11.700958297141185,8.996,-20,1,1,54.88293797173842
292,LR,mlp,mushrooms,high,,30,255.0,LR,False,12.186987574281236,8.851,40,0,1,54.88293797173842
292,LR,mlp,mushrooms,high,,31,249.0,LR,True,10.289216629958068,6.061,-60,0,1,54.88293797173842
292,LR,mlp,mushrooms,high,,32,343.0,LR,False,12.22954528500594,12.848,-20,0,0,54.88293797173842
292,LR,mlp,mushrooms,high,,33,283.0,LR,False,12.270702891874295,5.107,-40,1,1,54.88293797173842
292,LR,mlp,mushrooms,high,,34,0.0,LR,False,12.131030220874804,7.175,-60,0,0,54.88293797173842
292,LR,mlp,mushrooms,high,,35,346.0,LR,False,12.279114574148004,6.169,20,1,1,54.88293797173842
292,LR,mlp,mushrooms,high,,36,364.0,LR,True,9.9626616603688,7.399,-40,1,1,54.88293797173842
292,LR,mlp,mushrooms,high,,37,133.0,LR,False,11.777020037468075,11.38,-40,0,0,54.88293797173842
292,LR,mlp,mushrooms,high,,38,298.0,LR,True,10.161220462309725,8.816,-20,1,1,54.88293797173842
292,LR,mlp,mushrooms,high,,39,154.0,LR,True,10.7165601039491,5.115,-40,1,1,54.88293797173842
71,DT,mlp,mushrooms,high,,0,101.0,DT,True,15.932792674414646,57.629,-60,1,1,28.107265971832646
71,DT,mlp,mushrooms,high,,1,13.0,DT,False,0.2039391471445487,32.608,60,0,1,28.107265971832646
71,DT,mlp,mushrooms,high,,2,380.0,DT,False,4.682211491631297,26.088,-20,0,1,28.107265971832646
71,DT,mlp,mushrooms,high,,3,159.0,DT,False,4.387021827367623,14.753,20,1,0,28.107265971832646
71,DT,mlp,mushrooms,high,,4,151.0,DT,False,5.349332933902182,32.016,-20,0,0,28.107265971832646
71,DT,mlp,mushrooms,high,,5,399.0,DT,False,3.2987446329413244,18.682,20,1,0,28.107265971832646
71,DT,mlp,mushrooms,high,,6,158.0,DT,False,4.623179945794097,47.865,-40,0,1,28.107265971832646
71,DT,mlp,mushrooms,high,,7,190.0,DT,False,2.3692333361923503,9.585,-40,1,0,28.107265971832646
71,DT,mlp,mushrooms,high,,8,147.0,DT,False,3.1452635560677944,8.649,20,1,1,28.107265971832646
71,DT,mlp,mushrooms,high,,9,226.0,DT,True,2.7802204063643905,22.074,80,1,1,28.107265971832646
71,DT,mlp,mushrooms,high,,10,4.0,DT,True,2.3333288737398714,18.962,-80,1,1,28.107265971832646
71,DT,mlp,mushrooms,high,,11,281.0,DT,True,9.07166508964826,25.554,-60,1,1,28.107265971832646
71,DT,mlp,mushrooms,high,,12,335.0,DT,True,6.914486909356493,20.047,-80,0,1,28.107265971832646
71,DT,mlp,mushrooms,high,,13,398.0,DT,False,10.785676533742247,10.839,-80,1,1,28.107265971832646
71,DT,mlp,mushrooms,high,,14,44.0,DT,False,8.870578062497582,14.944,80,0,0,28.107265971832646
71,DT,mlp,mushrooms,high,,15,181.0,DT,True,8.93716856227132,24.092,80,1,1,28.107265971832646
71,DT,mlp,mushrooms,high,,16,131.0,DT,False,9.116636901871097,11.278,-80,0,0,28.107265971832646
71,DT,mlp,mushrooms,high,,17,144.0,DT,True,8.254695406953859,8.334,-80,0,1,28.107265971832646
71,DT,mlp,mushrooms,high,,18,213.0,DT,True,10.078336952582951,15.098,80,1,1,28.107265971832646
71,DT,mlp,mushrooms,high,,19,360.0,DT,False,8.5462868453271,10.234,-80,0,0,28.107265971832646
71,DT,mlp,mushrooms,high,,20,172.0,DT,True,4.158480947250404,22.489,-80,0,0,28.107265971832646
71,DT,mlp,mushrooms,high,,21,70.0,DT,True,8.75257753333368,11.354,-100,0,0,28.107265971832646
71,DT,mlp,mushrooms,high,,22,67.0,DT,True,8.772495362544838,8.859,-100,0,0,28.107265971832646
71,DT,mlp,mushrooms,high,,23,37.0,DT,True,10.697645298252688,22.423,80,1,1,28.107265971832646
71,DT,mlp,mushrooms,high,,24,351.0,DT,True,3.992696050199103,11.553,-100,0,1,28.107265971832646
71,DT,mlp,mushrooms,high,,25,283.0,DT,False,10.664775621208245,14.241,-80,1,1,28.107265971832646
71,DT,mlp,mushrooms,high,,26,317.0,DT,True,3.934509971492682,11.411,-100,0,0,28.107265971832646
71,DT,mlp,mushrooms,high,,27,202.0,DT,True,10.491170052439411,13.501,100,1,1,28.107265971832646
71,DT,mlp,mushrooms,high,,28,56.0,DT,False,10.861737392473763,16.474,60,1,1,28.107265971832646
71,DT,mlp,mushrooms,high,,29,73.0,DT,True,8.349180233797018,12.464,-100,0,1,28.107265971832646
71,DT,mlp,mushrooms,high,,30,236.0,DT,True,8.568015977798535,9.756,-100,0,0,28.107265971832646
71,DT,mlp,mushrooms,high,,31,324.0,DT,False,8.550085291452119,6.907,-100,0,0,28.107265971832646
71,DT,mlp,mushrooms,high,,32,313.0,DT,False,8.594180411662048,7.565,-100,0,0,28.107265971832646
71,DT,mlp,mushrooms,high,,33,300.0,DT,True,8.844824274891028,7.853,-100,1,0,28.107265971832646
71,DT,mlp,mushrooms,high,,34,119.0,DT,False,8.35807055357964,8.011,-100,0,0,28.107265971832646
71,DT,mlp,mushrooms,high,,35,175.0,DT,True,10.0893521843442,11.2,100,1,1,28.107265971832646
71,DT,mlp,mushrooms,high,,36,162.0,DT,False,10.430297341709087,12.178,80,1,1,28.107265971832646
71,DT,mlp,mushrooms,high,,37,60.0,DT,True,10.597622170449512,8.815,-100,1,1,28.107265971832646
71,DT,mlp,mushrooms,high,,38,7.0,DT,True,10.32589039212512,14.522,-100,0,1,28.107265971832646
71,DT,mlp,mushrooms,high,,39,90.0,DT,True,4.122372288347629,26.16,100,1,1,28.107265971832646
218,DT+LR,mlp,mushrooms,high,,0,250.0,LR,False,0.2009302626229168,28.193,-20,1,1,33.0000462485452
218,DT+LR,mlp,mushrooms,high,,1,294.0,LR,False,0.2009276830318111,9.682,20,1,0,33.0000462485452
218,DT+LR,mlp,mushrooms,high,,2,149.0,DT,False,0.2009251159862071,9.892,20,1,1,33.0000462485452
218,DT+LR,mlp,mushrooms,high,,3,148.0,DT,True,0.2009225613987483,27.601,100,1,1,33.0000462485452
218,DT+LR,mlp,mushrooms,high,,4,382.0,DT,True,0.204109976609452,13.312,-100,0,0,33.0000462485452
218,DT+LR,mlp,mushrooms,high,,5,348.0,DT,False,7.0954271263400575,12.431,-20,1,1,33.0000462485452
218,DT+LR,mlp,mushrooms,high,,6,283.0,LR,False,6.368650808996971,8.58,-20,1,0,33.0000462485452
218,DT+LR,mlp,mushrooms,high,,7,306.0,LR,False,3.6567234155909056,11.651,40,0,1,33.0000462485452
218,DT+LR,mlp,mushrooms,high,,8,349.0,DT,False,5.565059027334742,6.61,-40,0,1,33.0000462485452
218,DT+LR,mlp,mushrooms,high,,9,215.0,LR,True,3.3993409234520584,38.999,60,0,1,33.0000462485452
218,DT+LR,mlp,mushrooms,high,,10,137.0,DT,False,3.1591378811367647,22.549,-20,0,0,33.0000462485452
218,DT+LR,mlp,mushrooms,high,,11,125.0,LR,False,6.199541913129348,6.725,60,1,0,33.0000462485452
218,DT+LR,mlp,mushrooms,high,,12,81.0,LR,False,4.492399659096414,9.609,20,1,1,33.0000462485452
218,DT+LR,mlp,mushrooms,high,,13,26.0,LR,True,5.927801828778063,46.814,40,1,0,33.0000462485452
218,DT+LR,mlp,mushrooms,high,,14,366.0,DT,True,4.434524893162386,11.473,-100,0,0,33.0000462485452
218,DT+LR,mlp,mushrooms,high,,15,368.0,LR,True,5.725615727802283,11.915,80,1,1,33.0000462485452
218,DT+LR,mlp,mushrooms,high,,16,376.0,DT,False,8.571632715347612,7.57,-40,0,0,33.0000462485452
218,DT+LR,mlp,mushrooms,high,,17,274.0,DT,False,7.61698555477168,8.342,40,1,0,33.0000462485452
218,DT+LR,mlp,mushrooms,high,,18,63.0,DT,True,5.288061986536103,11.535,-100,0,0,33.0000462485452
218,DT+LR,mlp,mushrooms,high,,19,189.0,DT,False,7.395793102613643,4.066,80,1,1,33.0000462485452
218,DT+LR,mlp,mushrooms,high,,20,322.0,LR,True,8.286089845993777,9.08,80,0,0,33.0000462485452
218,DT+LR,mlp,mushrooms,high,,21,390.0,LR,True,7.714209037254832,48.141,20,0,0,33.0000462485452
218,DT+LR,mlp,mushrooms,high,,22,177.0,LR,True,3.91078229140166,11.68,40,0,0,33.0000462485452
218,DT+LR,mlp,mushrooms,high,,23,175.0,DT,True,5.435817987102611,13.664,100,1,1,33.0000462485452
218,DT+LR,mlp,mushrooms,high,,24,171.0,DT,True,3.014631650535457,12.084,-100,0,1,33.0000462485452
218,DT+LR,mlp,mushrooms,high,,25,130.0,LR,True,10.182223846080849,10.508,40,1,1,33.0000462485452
218,DT+LR,mlp,mushrooms,high,,26,16.0,LR,True,10.34452359979982,7.825,-20,0,0,33.0000462485452
218,DT+LR,mlp,mushrooms,high,,27,178.0,DT,True,6.748284162815827,17.517,80,1,1,33.0000462485452
218,DT+LR,mlp,mushrooms,high,,28,237.0,DT,True,7.502351943995575,9.647,100,1,1,33.0000462485452
218,DT+LR,mlp,mushrooms,high,,29,8.0,DT,False,10.07752592978848,14.596,-20,1,1,33.0000462485452
218,DT+LR,mlp,mushrooms,high,,30,238.0,LR,False,10.772523671735568,6.658,40,1,1,33.0000462485452
218,DT+LR,mlp,mushrooms,high,,31,162.0,DT,True,6.684709105804784,13.073,100,1,1,33.0000462485452
218,DT+LR,mlp,mushrooms,high,,32,90.0,LR,True,3.8222862708488536,9.736,60,1,1,33.0000462485452
218,DT+LR,mlp,mushrooms,high,,33,22.0,DT,False,10.103668793202823,5.796,20,1,1,33.0000462485452
218,DT+LR,mlp,mushrooms,high,,34,288.0,LR,False,10.362179789116128,2.789,40,0,1,33.0000462485452
218,DT+LR,mlp,mushrooms,high,,35,111.0,LR,False,8.62842216638593,4.697,80,0,0,33.0000462485452
218,DT+LR,mlp,mushrooms,high,,36,305.0,DT,True,7.266505308366082,13.372,60,1,1,33.0000462485452
218,DT+LR,mlp,mushrooms,high,,37,60.0,LR,True,10.196271273118686,18.292,-20,1,1,33.0000462485452
218,DT+LR,mlp,mushrooms,high,,38,227.0,LR,True,10.193666574799042,6.973,40,1,0,33.0000462485452
218,DT+LR,mlp,mushrooms,high,,39,61.0,DT,True,6.814075638330222,8.095,-100,0,0,33.0000462485452
77,DT+LR,mlp,mushrooms,low,,0,332.0,DT,False,0.207837741215109,25.533,60,0,1,40.39622795568009
77,DT+LR,mlp,mushrooms,low,,1,220.0,LR,False,0.2138285620658301,2.811,-40,0,1,40.39622795568009
77,DT+LR,mlp,mushrooms,low,,2,87.0,DT,True,0.2417493755816973,2.411,40,0,0,40.39622795568009
77,DT+LR,mlp,mushrooms,low,,3,5.0,LR,True,0.3352471562251853,13.924,40,0,0,40.39622795568009
77,DT+LR,mlp,mushrooms,low,,4,15.0,LR,False,5.062143110679832,0.866,-60,0,1,40.39622795568009
77,DT+LR,mlp,mushrooms,low,,5,300.0,LR,True,5.314633988305171,1.149,60,1,0,40.39622795568009
77,DT+LR,mlp,mushrooms,low,,6,23.0,LR,False,5.351989420754233,4.352,40,0,0,40.39622795568009
77,DT+LR,mlp,mushrooms,low,,7,0.0,LR,True,4.759201582180351,2.305,-60,0,0,40.39622795568009
77,DT+LR,mlp,mushrooms,low,,8,16.0,DT,False,4.56818339002663,2.523,40,0,1,40.39622795568009
77,DT+LR,mlp,mushrooms,low,,9,84.0,DT,False,4.206657131577119,2.833,60,1,1,40.39622795568009
77,DT+LR,mlp,mushrooms,low,,10,378.0,DT,False,4.075454903355474,3.068,80,1,0,40.39622795568009
77,DT+LR,mlp,mushrooms,low,,11,89.0,LR,True,2.976502053382989,0.866,-60,0,1,40.39622795568009
77,DT+LR,mlp,mushrooms,low,,12,349.0,LR,True,3.954150238742105,1.961,40,0,0,40.39622795568009
77,DT+LR,mlp,mushrooms,low,,13,297.0,LR,True,4.433777165341487,1.029,-60,0,0,40.39622795568009
77,DT+LR,mlp,mushrooms,low,,14,154.0,LR,False,4.159631605374121,3.562,-60,1,1,40.39622795568009
77,DT+LR,mlp,mushrooms,low,,15,212.0,LR,False,4.840281881592883,2.452,-60,1,1,40.39622795568009
77,DT+LR,mlp,mushrooms,low,,16,118.0,DT,True,2.63365572761579,2.058,-20,0,0,40.39622795568009
77,DT+LR,mlp,mushrooms,low,,17,286.0,LR,False,4.04390487374925,3.073,40,1,1,40.39622795568009
77,DT+LR,mlp,mushrooms,low,,18,76.0,DT,False,7.054434420288533,1.071,-60,1,1,40.39622795568009
77,DT+LR,mlp,mushrooms,low,,19,333.0,DT,False,3.5549929681995565,0.852,60,0,0,40.39622795568009
77,DT+LR,mlp,mushrooms,low,,20,253.0,DT,False,6.7345588759365125,2.862,60,1,0,40.39622795568009
77,DT+LR,mlp,mushrooms,low,,21,206.0,LR,True,6.475902643932267,2.878,-60,0,0,40.39622795568009
77,DT+LR,mlp,mushrooms,low,,22,203.0,LR,False,3.512500381956882,3.052,60,0,0,40.39622795568009
77,DT+LR,mlp,mushrooms,low,,23,11.0,DT,False,5.879699037472411,1.596,-60,1,1,40.39622795568009
77,DT+LR,mlp,mushrooms,low,,24,95.0,LR,True,3.063994356797688,0.997,60,0,0,40.39622795568009
77,DT+LR,mlp,mushrooms,low,,25,231.0,DT,False,3.1645149043777305,1.697,80,1,0,40.39622795568009
77,DT+LR,mlp,mushrooms,low,,26,3.0,LR,True,3.3251240106901654,1.171,-60,0,0,40.39622795568009
77,DT+LR,mlp,mushrooms,low,,27,240.0,LR,True,5.721818880821803,1.708,60,1,1,40.39622795568009
77,DT+LR,mlp,mushrooms,low,,28,319.0,DT,False,5.777556715853723,1.52,-40,1,0,40.39622795568009
77,DT+LR,mlp,mushrooms,low,,29,41.0,DT,True,3.5519579331804927,4.747,-40,0,0,40.39622795568009
77,DT+LR,mlp,mushrooms,low,,30,24.0,LR,False,5.053285042299904,2.641,40,0,1,40.39622795568009
77,DT+LR,mlp,mushrooms,low,,31,222.0,LR,True,6.825294065125246,1.251,-60,0,0,40.39622795568009
77,DT+LR,mlp,mushrooms,low,,32,313.0,DT,False,6.915455165530723,3.025,60,0,0,40.39622795568009
77,DT+LR,mlp,mushrooms,low,,33,186.0,DT,True,2.9790747504774675,1.616,60,0,1,40.39622795568009
77,DT+LR,mlp,mushrooms,low,,34,112.0,LR,False,7.039900892875265,1.434,-60,1,0,40.39622795568009
77,DT+LR,mlp,mushrooms,low,,35,230.0,LR,True,6.842661893885649,7.277,-40,1,1,40.39622795568009
77,DT+LR,mlp,mushrooms,low,,36,124.0,DT,False,6.468176458288354,3.424,40,1,0,40.39622795568009
77,DT+LR,mlp,mushrooms,low,,37,361.0,LR,True,6.752859491549083,0.981,60,0,0,40.39622795568009
77,DT+LR,mlp,mushrooms,low,,38,346.0,DT,False,6.819485229336819,4.574,20,1,1,40.39622795568009
77,DT+LR,mlp,mushrooms,low,,39,383.0,LR,False,6.602244601165145,2.81,-60,1,1,40.39622795568009
