appId,modelName,instanceId,pred,i_max
mushrooms,mlp,0,1,0
mushrooms,mlp,1,1,0
mushrooms,mlp,2,0,0
mushrooms,mlp,3,1,0
mushrooms,mlp,4,0,0
mushrooms,mlp,5,1,0
mushrooms,mlp,6,0,0
mushrooms,mlp,7,0,0
mushrooms,mlp,8,1,0
mushrooms,mlp,9,0,0
mushrooms,mlp,10,0,0
mushrooms,mlp,11,0,0
mushrooms,mlp,12,1,0
mushrooms,mlp,13,0,0
mushrooms,mlp,14,0,0
mushrooms,mlp,15,1,0
mushrooms,mlp,16,0,0
mushrooms,mlp,17,0,0
mushrooms,mlp,18,1,0
mushrooms,mlp,19,0,0
mushrooms,mlp,20,0,0
mushrooms,mlp,21,0,0
mushrooms,mlp,22,0,0
mushrooms,mlp,23,1,0
mushrooms,mlp,24,1,0
mushrooms,mlp,25,0,0
mushrooms,mlp,26,0,0
mushrooms,mlp,27,0,0
mushrooms,mlp,28,0,0
mushrooms,mlp,29,1,0
mushrooms,mlp,30,0,0
mushrooms,mlp,31,1,0
mushrooms,mlp,32,0,0
mushrooms,mlp,33,1,0
mushrooms,mlp,34,1,0
mushrooms,mlp,35,0,0
mushrooms,mlp,36,1,0
mushrooms,mlp,37,0,0
mushrooms,mlp,38,1,0
mushrooms,mlp,39,0,0
mushrooms,mlp,40,1,0
mushrooms,mlp,41,1,0
mushrooms,mlp,42,1,0
mushrooms,mlp,43,0,0
mushrooms,mlp,44,0,0
mushrooms,mlp,45,1,0
mushrooms,mlp,46,1,0
mushrooms,mlp,47,0,0
mushrooms,mlp,48,0,0
mushrooms,mlp,49,0,0
mushrooms,mlp,50,0,0
mushrooms,mlp,51,0,0
mushrooms,mlp,52,1,0
mushrooms,mlp,53,1,0
mushrooms,mlp,54,0,0
mushrooms,mlp,55,1,0
mushrooms,mlp,56,0,0
mushrooms,mlp,57,0,0
mushrooms,mlp,58,1,0
mushrooms,mlp,59,0,0
mushrooms,mlp,60,0,0
mushrooms,mlp,61,1,0
mushrooms,mlp,62,0,0
mushrooms,mlp,63,1,0
mushrooms,mlp,64,0,0
mushrooms,mlp,65,1,0
mushrooms,mlp,66,0,0
mushrooms,mlp,67,1,0
mushrooms,mlp,68,1,0
mushrooms,mlp,69,1,0
mushrooms,mlp,70,1,0
mushrooms,mlp,71,0,0
mushrooms,mlp,72,0,0
mushrooms,mlp,73,0,0
mushrooms,mlp,74,1,0
mushrooms,mlp,75,0,0
mushrooms,mlp,76,1,0
mushrooms,mlp,77,1,0
mushrooms,mlp,78,1,0
mushrooms,mlp,79,0,0
mushrooms,mlp,80,0,0
mushrooms,mlp,81,1,0
mushrooms,mlp,82,0,0
mushrooms,mlp,83,0,0
mushrooms,mlp,84,0,0
mushrooms,mlp,85,1,0
mushrooms,mlp,86,1,0
mushrooms,mlp,87,1,0
mushrooms,mlp,88,1,0
mushrooms,mlp,89,1,0
mushrooms,mlp,90,1,0
mushrooms,mlp,91,1,0
mushrooms,mlp,92,1,0
mushrooms,mlp,93,1,0
mushrooms,mlp,94,1,0
mushrooms,mlp,95,0,0
mushrooms,mlp,96,1,0
mushrooms,mlp,97,0,0
mushrooms,mlp,98,1,0
mushrooms,mlp,99,1,0
mushrooms,mlp,100,0,0
mushrooms,mlp,101,0,0
mushrooms,mlp,102,1,0
mushrooms,mlp,103,1,0
mushrooms,mlp,104,1,0
mushrooms,mlp,105,1,0
mushrooms,mlp,106,0,0
mushrooms,mlp,107,0,0
mushrooms,mlp,108,0,0
mushrooms,mlp,109,0,0
mushrooms,mlp,110,0,0
mushrooms,mlp,111,0,0
mushrooms,mlp,112,1,0
mushrooms,mlp,113,0,0
mushrooms,mlp,114,0,0
mushrooms,mlp,115,0,0
mushrooms,mlp,116,1,0
mushrooms,mlp,117,1,0
mushrooms,mlp,118,0,0
mushrooms,mlp,119,1,0
mushrooms,mlp,120,1,0
mushrooms,mlp,121,0,0
mushrooms,mlp,122,0,0
mushrooms,mlp,123,1,0
mushrooms,mlp,124,1,0
mushrooms,mlp,125,1,0
mushrooms,mlp,126,1,0
mushrooms,mlp,127,0,0
mushrooms,mlp,128,1,0
mushrooms,mlp,129,1,0
mushrooms,mlp,130,1,0
mushrooms,mlp,131,1,0
mushrooms,mlp,132,0,0
mushrooms,mlp,133,1,0
mushrooms,mlp,134,0,0
mushrooms,mlp,135,0,0
mushrooms,mlp,136,1,0
mushrooms,mlp,137,1,0
mushrooms,mlp,138,0,0
mushrooms,mlp,139,0,0
mushrooms,mlp,140,0,0
mushrooms,mlp,141,0,0
mushrooms,mlp,142,1,0
mushrooms,mlp,143,1,0
mushrooms,mlp,144,1,0
mushrooms,mlp,145,0,0
mushrooms,mlp,146,1,0
mushrooms,mlp,147,1,0
mushrooms,mlp,148,1,0
mushrooms,mlp,149,1,0
mushrooms,mlp,150,1,0
mushrooms,mlp,151,1,0
mushrooms,mlp,152,0,0
mushrooms,mlp,153,1,0
mushrooms,mlp,154,1,0
mushrooms,mlp,155,0,0
mushrooms,mlp,156,1,0
mushrooms,mlp,157,0,0
mushrooms,mlp,158,1,0
mushrooms,mlp,159,0,0
mushrooms,mlp,160,1,0
mushrooms,mlp,161,0,0
mushrooms,mlp,162,1,0
mushrooms,mlp,163,1,0
mushrooms,mlp,164,1,0
mushrooms,mlp,165,0,0
mushrooms,mlp,166,1,0
mushrooms,mlp,167,0,0
mushrooms,mlp,168,0,0
mushrooms,mlp,169,1,0
mushrooms,mlp,170,0,0
mushrooms,mlp,171,0,0
mushrooms,mlp,172,1,0
mushrooms,mlp,173,1,0
mushrooms,mlp,174,1,0
mushrooms,mlp,175,0,0
mushrooms,mlp,176,0,0
mushrooms,mlp,177,1,0
mushrooms,mlp,178,1,0
mushrooms,mlp,179,0,0
mushrooms,mlp,180,1,0
mushrooms,mlp,181,0,0
mushrooms,mlp,182,0,0
mushrooms,mlp,183,0,0
mushrooms,mlp,184,0,0
mushrooms,mlp,185,0,0
mushrooms,mlp,186,1,0
mushrooms,mlp,187,1,0
mushrooms,mlp,188,0,0
mushrooms,mlp,189,0,0
mushrooms,mlp,190,0,0
mushrooms,mlp,191,0,0
mushrooms,mlp,192,1,0
mushrooms,mlp,193,0,0
mushrooms,mlp,194,0,0
mushrooms,mlp,195,0,0
mushrooms,mlp,196,1,0
mushrooms,mlp,197,0,0
mushrooms,mlp,198,0,0
mushrooms,mlp,199,1,0
mushrooms,mlp,200,0,0
mushrooms,mlp,201,1,0
mushrooms,mlp,202,1,0
mushrooms,mlp,203,0,0
mushrooms,mlp,204,1,0
mushrooms,mlp,205,1,0
mushrooms,mlp,206,0,0
mushrooms,mlp,207,1,0
mushrooms,mlp,208,1,0
mushrooms,mlp,209,1,0
mushrooms,mlp,210,0,0
mushrooms,mlp,211,1,0
mushrooms,mlp,212,1,0
mushrooms,mlp,213,1,0
mushrooms,mlp,214,0,0
mushrooms,mlp,215,1,0
mushrooms,mlp,216,0,0
mushrooms,mlp,217,1,0
mushrooms,mlp,218,1,0
mushrooms,mlp,219,0,0
mushrooms,mlp,220,1,0
mushrooms,mlp,221,0,0
mushrooms,mlp,222,0,0
mushrooms,mlp,223,1,0
mushrooms,mlp,224,1,0
mushrooms,mlp,225,1,0
mushrooms,mlp,226,1,0
mushrooms,mlp,227,0,0
mushrooms,mlp,228,1,0
mushrooms,mlp,229,0,0
mushrooms,mlp,230,0,0
mushrooms,mlp,231,1,0
mushrooms,mlp,232,1,0
mushrooms,mlp,233,0,0
mushrooms,mlp,234,0,0
mushrooms,mlp,235,0,0
mushrooms,mlp,236,0,0
mushrooms,mlp,237,0,0
mushrooms,mlp,238,1,0
mushrooms,mlp,239,0,0
mushrooms,mlp,240,1,0
mushrooms,mlp,241,0,0
mushrooms,mlp,242,1,0
mushrooms,mlp,243,0,0
mushrooms,mlp,244,0,0
mushrooms,mlp,245,0,0
mushrooms,mlp,246,1,0
mushrooms,mlp,247,1,0
mushrooms,mlp,248,0,0
mushrooms,mlp,249,1,0
mushrooms,mlp,250,0,0
mushrooms,mlp,251,0,0
mushrooms,mlp,252,1,0
mushrooms,mlp,253,0,0
mushrooms,mlp,254,0,0
mushrooms,mlp,255,0,0
mushrooms,mlp,256,1,0
mushrooms,mlp,257,0,0
mushrooms,mlp,258,0,0
mushrooms,mlp,259,1,0
mushrooms,mlp,260,0,0
mushrooms,mlp,261,1,0
mushrooms,mlp,262,0,0
mushrooms,mlp,263,1,0
mushrooms,mlp,264,0,0
mushrooms,mlp,265,0,0
mushrooms,mlp,266,1,0
mushrooms,mlp,267,1,0
mushrooms,mlp,268,0,0
mushrooms,mlp,269,0,0
mushrooms,mlp,270,0,0
mushrooms,mlp,271,0,0
mushrooms,mlp,272,0,0
mushrooms,mlp,273,1,0
mushrooms,mlp,274,1,0
mushrooms,mlp,275,1,0
mushrooms,mlp,276,1,0
mushrooms,mlp,277,1,0
mushrooms,mlp,278,0,0
mushrooms,mlp,279,0,0
mushrooms,mlp,280,0,0
mushrooms,mlp,281,1,0
mushrooms,mlp,282,1,0
mushrooms,mlp,283,0,0
mushrooms,mlp,284,0,0
mushrooms,mlp,285,1,0
mushrooms,mlp,286,1,0
mushrooms,mlp,287,1,0
mushrooms,mlp,288,1,0
mushrooms,mlp,289,0,0
mushrooms,mlp,290,0,0
mushrooms,mlp,291,1,0
mushrooms,mlp,292,1,0
mushrooms,mlp,293,0,0
mushrooms,mlp,294,0,0
mushrooms,mlp,295,1,0
mushrooms,mlp,296,0,0
mushrooms,mlp,297,0,0
mushrooms,mlp,298,1,0
mushrooms,mlp,299,0,0
mushrooms,mlp,300,1,0
mushrooms,mlp,301,1,0
mushrooms,mlp,302,1,0
mushrooms,mlp,303,0,0
mushrooms,mlp,304,0,0
mushrooms,mlp,305,0,0
mushrooms,mlp,306,1,0
mushrooms,mlp,307,0,0
mushrooms,mlp,308,1,0
mushrooms,mlp,309,1,0
mushrooms,mlp,310,0,0
mushrooms,mlp,311,1,0
mushrooms,mlp,312,1,0
mushrooms,mlp,313,1,0
mushrooms,mlp,314,1,0
mushrooms,mlp,315,0,0
mushrooms,mlp,316,0,0
mushrooms,mlp,317,0,0
mushrooms,mlp,318,1,0
mushrooms,mlp,319,1,0
mushrooms,mlp,320,1,0
mushrooms,mlp,321,1,0
mushrooms,mlp,322,1,0
mushrooms,mlp,323,1,0
mushrooms,mlp,324,0,0
mushrooms,mlp,325,0,0
mushrooms,mlp,326,0,0
mushrooms,mlp,327,1,0
mushrooms,mlp,328,0,0
mushrooms,mlp,329,1,0
mushrooms,mlp,330,1,0
mushrooms,mlp,331,1,0
mushrooms,mlp,332,0,0
mushrooms,mlp,333,0,0
mushrooms,mlp,334,0,0
mushrooms,mlp,335,0,0
mushrooms,mlp,336,0,0
mushrooms,mlp,337,1,0
mushrooms,mlp,338,0,0
mushrooms,mlp,339,1,0
mushrooms,mlp,340,0,0
mushrooms,mlp,341,0,0
mushrooms,mlp,342,0,0
mushrooms,mlp,343,1,0
mushrooms,mlp,344,1,0
mushrooms,mlp,345,1,0
mushrooms,mlp,346,0,0
mushrooms,mlp,347,1,0
mushrooms,mlp,348,1,0
mushrooms,mlp,349,0,0
mushrooms,mlp,350,0,0
mushrooms,mlp,351,0,0
mushrooms,mlp,352,1,0
mushrooms,mlp,353,0,0
mushrooms,mlp,354,0,0
mushrooms,mlp,355,0,0
mushrooms,mlp,356,1,0
mushrooms,mlp,357,1,0
mushrooms,mlp,358,1,0
mushrooms,mlp,359,1,0
mushrooms,mlp,360,1,0
mushrooms,mlp,361,1,0
mushrooms,mlp,362,1,0
mushrooms,mlp,363,0,0
mushrooms,mlp,364,0,0
mushrooms,mlp,365,0,0
mushrooms,mlp,366,1,0
mushrooms,mlp,367,1,0
mushrooms,mlp,368,0,0
mushrooms,mlp,369,1,0
mushrooms,mlp,370,1,0
mushrooms,mlp,371,1,0
mushrooms,mlp,372,1,0
mushrooms,mlp,373,0,0
mushrooms,mlp,374,1,0
mushrooms,mlp,375,1,0
mushrooms,mlp,376,0,0
mushrooms,mlp,377,0,0
mushrooms,mlp,378,1,0
mushrooms,mlp,379,1,0
mushrooms,mlp,380,0,0
mushrooms,mlp,381,0,0
mushrooms,mlp,382,0,0
mushrooms,mlp,383,0,0
mushrooms,mlp,384,1,0
mushrooms,mlp,385,0,0
mushrooms,mlp,386,0,0
mushrooms,mlp,387,1,0
mushrooms,mlp,388,0,0
mushrooms,mlp,389,1,0
mushrooms,mlp,390,1,0
mushrooms,mlp,391,1,0
mushrooms,mlp,392,1,0
mushrooms,mlp,393,1,0
mushrooms,mlp,394,1,0
mushrooms,mlp,395,1,0
mushrooms,mlp,396,0,0
mushrooms,mlp,397,0,0
mushrooms,mlp,398,1,0
mushrooms,mlp,399,1,0
mushrooms,mlp,400,1,0
mushrooms,mlp,401,1,0
mushrooms,mlp,402,0,0
mushrooms,mlp,403,0,0
mushrooms,mlp,404,1,0
mushrooms,mlp,405,1,0
mushrooms,mlp,406,1,0
mushrooms,mlp,407,1,0
mushrooms,mlp,408,0,0
mushrooms,mlp,409,1,0
mushrooms,mlp,410,0,0
mushrooms,mlp,411,0,0
mushrooms,mlp,412,1,0
mushrooms,mlp,413,1,0
mushrooms,mlp,414,0,0
mushrooms,mlp,415,0,0
mushrooms,mlp,416,1,0
mushrooms,mlp,417,0,0
mushrooms,mlp,418,0,0
mushrooms,mlp,419,1,0
mushrooms,mlp,420,0,0
mushrooms,mlp,421,1,0
mushrooms,mlp,422,0,0
mushrooms,mlp,423,0,0
mushrooms,mlp,424,0,0
mushrooms,mlp,425,0,0
mushrooms,mlp,426,1,0
mushrooms,mlp,427,1,0
mushrooms,mlp,428,1,0
mushrooms,mlp,429,1,0
mushrooms,mlp,430,0,0
mushrooms,mlp,431,1,0
mushrooms,mlp,432,1,0
mushrooms,mlp,433,0,0
mushrooms,mlp,434,0,0
mushrooms,mlp,435,1,0
mushrooms,mlp,436,0,0
mushrooms,mlp,437,1,0
mushrooms,mlp,438,1,0
mushrooms,mlp,439,1,0
mushrooms,mlp,440,1,0
mushrooms,mlp,441,1,0
mushrooms,mlp,442,1,0
mushrooms,mlp,443,0,0
mushrooms,mlp,444,0,0
mushrooms,mlp,445,1,0
mushrooms,mlp,446,0,0
mushrooms,mlp,447,0,0
mushrooms,mlp,448,0,0
mushrooms,mlp,449,0,0
mushrooms,mlp,450,1,0
mushrooms,mlp,451,0,0
mushrooms,mlp,452,1,0
mushrooms,mlp,453,0,0
mushrooms,mlp,454,0,0
mushrooms,mlp,455,0,0
mushrooms,mlp,456,0,0
mushrooms,mlp,457,0,0
mushrooms,mlp,458,1,0
mushrooms,mlp,459,0,0
mushrooms,mlp,460,0,0
mushrooms,mlp,461,0,0
mushrooms,mlp,462,1,0
mushrooms,mlp,463,0,0
mushrooms,mlp,464,1,0
mushrooms,mlp,465,1,0
mushrooms,mlp,466,1,0
mushrooms,mlp,467,1,0
mushrooms,mlp,468,0,0
mushrooms,mlp,469,0,0
mushrooms,mlp,470,1,0
mushrooms,mlp,471,0,0
mushrooms,mlp,472,1,0
mushrooms,mlp,473,1,0
mushrooms,mlp,474,0,0
mushrooms,mlp,475,1,0
mushrooms,mlp,476,0,0
mushrooms,mlp,477,1,0
mushrooms,mlp,478,0,0
mushrooms,mlp,479,1,0
mushrooms,mlp,480,1,0
mushrooms,mlp,481,1,0
mushrooms,mlp,482,1,0
mushrooms,mlp,483,0,0
mushrooms,mlp,484,1,0
mushrooms,mlp,485,0,0
mushrooms,mlp,486,0,0
mushrooms,mlp,487,0,0
mushrooms,mlp,488,1,0
mushrooms,mlp,489,0,0
mushrooms,mlp,490,0,0
mushrooms,mlp,491,1,0
mushrooms,mlp,492,0,0
mushrooms,mlp,493,1,0
mushrooms,mlp,494,0,0
mushrooms,mlp,495,0,0
mushrooms,mlp,496,1,0
mushrooms,mlp,497,0,0
mushrooms,mlp,498,0,0
mushrooms,mlp,499,1,0
mushrooms,mlp,500,0,0
mushrooms,mlp,501,1,0
mushrooms,mlp,502,1,0
mushrooms,mlp,503,1,0
mushrooms,mlp,504,0,0
mushrooms,mlp,505,1,0
mushrooms,mlp,506,1,0
mushrooms,mlp,507,1,0
mushrooms,mlp,508,1,0
mushrooms,mlp,509,1,0
mushrooms,mlp,510,1,0
mushrooms,mlp,511,1,0
mushrooms,mlp,512,0,0
mushrooms,mlp,513,0,0
mushrooms,mlp,514,1,0
mushrooms,mlp,515,0,0
mushrooms,mlp,516,1,0
mushrooms,mlp,517,0,0
mushrooms,mlp,518,0,0
mushrooms,mlp,519,1,0
mushrooms,mlp,520,0,0
mushrooms,mlp,521,1,0
mushrooms,mlp,522,1,0
mushrooms,mlp,523,1,0
mushrooms,mlp,524,1,0
mushrooms,mlp,525,0,0
mushrooms,mlp,526,0,0
mushrooms,mlp,527,1,0
mushrooms,mlp,528,1,0
mushrooms,mlp,529,0,0
mushrooms,mlp,530,1,0
mushrooms,mlp,531,0,0
mushrooms,mlp,532,0,0
mushrooms,mlp,533,1,0
mushrooms,mlp,534,0,0
mushrooms,mlp,535,1,0
mushrooms,mlp,536,1,0
mushrooms,mlp,537,1,0
mushrooms,mlp,538,1,0
mushrooms,mlp,539,0,0
mushrooms,mlp,540,0,0
mushrooms,mlp,541,0,0
mushrooms,mlp,542,0,0
mushrooms,mlp,543,1,0
mushrooms,mlp,544,0,0
mushrooms,mlp,545,1,0
mushrooms,mlp,546,1,0
mushrooms,mlp,547,1,0
mushrooms,mlp,548,0,0
mushrooms,mlp,549,0,0
mushrooms,mlp,550,1,0
mushrooms,mlp,551,0,0
mushrooms,mlp,552,0,0
mushrooms,mlp,553,1,0
mushrooms,mlp,554,1,0
mushrooms,mlp,555,0,0
mushrooms,mlp,556,0,0
mushrooms,mlp,557,1,0
mushrooms,mlp,558,1,0
mushrooms,mlp,559,0,0
mushrooms,mlp,560,1,0
mushrooms,mlp,561,1,0
mushrooms,mlp,562,1,0
mushrooms,mlp,563,1,0
mushrooms,mlp,564,1,0
mushrooms,mlp,565,1,0
mushrooms,mlp,566,1,0
mushrooms,mlp,567,0,0
mushrooms,mlp,568,1,0
mushrooms,mlp,569,1,0
mushrooms,mlp,570,0,0
mushrooms,mlp,571,1,0
mushrooms,mlp,572,0,0
mushrooms,mlp,573,1,0
mushrooms,mlp,574,0,0
mushrooms,mlp,575,1,0
mushrooms,mlp,576,1,0
mushrooms,mlp,577,0,0
mushrooms,mlp,578,0,0
mushrooms,mlp,579,1,0
mushrooms,mlp,580,0,0
mushrooms,mlp,581,1,0
mushrooms,mlp,582,0,0
mushrooms,mlp,583,0,0
mushrooms,mlp,584,1,0
mushrooms,mlp,585,1,0
mushrooms,mlp,586,0,0
mushrooms,mlp,587,1,0
mushrooms,mlp,588,1,0
mushrooms,mlp,589,0,0
mushrooms,mlp,590,0,0
mushrooms,mlp,591,0,0
mushrooms,mlp,592,1,0
mushrooms,mlp,593,1,0
mushrooms,mlp,594,0,0
mushrooms,mlp,595,1,0
mushrooms,mlp,596,1,0
mushrooms,mlp,597,0,0
mushrooms,mlp,598,0,0
mushrooms,mlp,599,1,0
mushrooms,mlp,600,1,0
mushrooms,mlp,601,0,0
mushrooms,mlp,602,1,0
mushrooms,mlp,603,0,0
mushrooms,mlp,604,1,0
mushrooms,mlp,605,0,0
mushrooms,mlp,606,1,0
mushrooms,mlp,607,0,0
mushrooms,mlp,608,0,0
mushrooms,mlp,609,1,0
mushrooms,mlp,610,1,0
mushrooms,mlp,611,1,0
mushrooms,mlp,612,1,0
mushrooms,mlp,613,1,0
mushrooms,mlp,614,1,0
mushrooms,mlp,615,1,0
mushrooms,mlp,616,1,0
mushrooms,mlp,617,0,0
mushrooms,mlp,618,1,0
mushrooms,mlp,619,1,0
mushrooms,mlp,620,1,0
mushrooms,mlp,621,0,0
mushrooms,mlp,622,1,0
mushrooms,mlp,623,0,0
mushrooms,mlp,624,0,0
mushrooms,mlp,625,0,0
mushrooms,mlp,626,0,0
mushrooms,mlp,627,0,0
mushrooms,mlp,628,0,0
mushrooms,mlp,629,1,0
mushrooms,mlp,630,0,0
mushrooms,mlp,631,0,0
mushrooms,mlp,632,0,0
mushrooms,mlp,633,1,0
mushrooms,mlp,634,1,0
mushrooms,mlp,635,0,0
mushrooms,mlp,636,1,0
mushrooms,mlp,637,0,0
mushrooms,mlp,638,1,0
mushrooms,mlp,639,0,0
mushrooms,mlp,640,1,0
mushrooms,mlp,641,0,0
mushrooms,mlp,642,1,0
mushrooms,mlp,643,1,0
mushrooms,mlp,644,1,0
mushrooms,mlp,645,1,0
mushrooms,mlp,646,0,0
mushrooms,mlp,647,1,0
mushrooms,mlp,648,1,0
mushrooms,mlp,649,1,0
mushrooms,mlp,650,0,0
mushrooms,mlp,651,0,0
mushrooms,mlp,652,1,0
mushrooms,mlp,653,0,0
mushrooms,mlp,654,0,0
mushrooms,mlp,655,0,0
mushrooms,mlp,656,0,0
mushrooms,mlp,657,1,0
mushrooms,mlp,658,1,0
mushrooms,mlp,659,1,0
mushrooms,mlp,660,0,0
mushrooms,mlp,661,0,0
mushrooms,mlp,662,1,0
mushrooms,mlp,663,0,0
mushrooms,mlp,664,0,0
mushrooms,mlp,665,1,0
mushrooms,mlp,666,0,0
mushrooms,mlp,667,1,0
mushrooms,mlp,668,1,0
mushrooms,mlp,669,1,0
mushrooms,mlp,670,0,0
mushrooms,mlp,671,1,0
mushrooms,mlp,672,1,0
mushrooms,mlp,673,1,0
mushrooms,mlp,674,1,0
mushrooms,mlp,675,0,0
mushrooms,mlp,676,0,0
mushrooms,mlp,677,1,0
mushrooms,mlp,678,1,0
mushrooms,mlp,679,1,0
mushrooms,mlp,680,0,0
mushrooms,mlp,681,1,0
mushrooms,mlp,682,0,0
mushrooms,mlp,683,0,0
mushrooms,mlp,684,0,0
mushrooms,mlp,685,0,0
mushrooms,mlp,686,1,0
mushrooms,mlp,687,1,0
mushrooms,mlp,688,0,0
mushrooms,mlp,689,0,0
mushrooms,mlp,690,0,0
mushrooms,mlp,691,0,0
mushrooms,mlp,692,0,0
mushrooms,mlp,693,0,0
mushrooms,mlp,694,0,0
mushrooms,mlp,695,0,0
mushrooms,mlp,696,1,0
mushrooms,mlp,697,0,0
mushrooms,mlp,698,0,0
mushrooms,mlp,699,0,0
mushrooms,mlp,700,1,0
mushrooms,mlp,701,0,0
mushrooms,mlp,702,1,0
mushrooms,mlp,703,0,0
mushrooms,mlp,704,1,0
mushrooms,mlp,705,1,0
mushrooms,mlp,706,1,0
mushrooms,mlp,707,1,0
mushrooms,mlp,708,1,0
mushrooms,mlp,709,1,0
mushrooms,mlp,710,1,0
mushrooms,mlp,711,0,0
mushrooms,mlp,712,1,0
mushrooms,mlp,713,1,0
mushrooms,mlp,714,1,0
mushrooms,mlp,715,0,0
mushrooms,mlp,716,0,0
mushrooms,mlp,717,0,0
mushrooms,mlp,718,0,0
mushrooms,mlp,719,0,0
mushrooms,mlp,720,0,0
mushrooms,mlp,721,1,0
mushrooms,mlp,722,1,0
mushrooms,mlp,723,1,0
mushrooms,mlp,724,0,0
mushrooms,mlp,725,1,0
mushrooms,mlp,726,1,0
mushrooms,mlp,727,1,0
mushrooms,mlp,728,1,0
mushrooms,mlp,729,1,0
mushrooms,mlp,730,1,0
mushrooms,mlp,731,0,0
mushrooms,mlp,732,1,0
mushrooms,mlp,733,1,0
mushrooms,mlp,734,1,0
mushrooms,mlp,735,0,0
mushrooms,mlp,736,1,0
mushrooms,mlp,737,1,0
mushrooms,mlp,738,0,0
mushrooms,mlp,739,1,0
mushrooms,mlp,740,1,0
mushrooms,mlp,741,1,0
mushrooms,mlp,742,0,0
mushrooms,mlp,743,1,0
mushrooms,mlp,744,1,0
mushrooms,mlp,745,1,0
mushrooms,mlp,746,1,0
mushrooms,mlp,747,1,0
mushrooms,mlp,748,1,0
mushrooms,mlp,749,0,0
mushrooms,mlp,750,1,0
mushrooms,mlp,751,0,0
mushrooms,mlp,752,1,0
mushrooms,mlp,753,1,0
mushrooms,mlp,754,1,0
mushrooms,mlp,755,1,0
mushrooms,mlp,756,0,0
mushrooms,mlp,757,1,0
mushrooms,mlp,758,0,0
mushrooms,mlp,759,0,0
mushrooms,mlp,760,0,0
mushrooms,mlp,761,1,0
mushrooms,mlp,762,1,0
mushrooms,mlp,763,1,0
mushrooms,mlp,764,1,0
mushrooms,mlp,765,1,0
mushrooms,mlp,766,0,0
mushrooms,mlp,767,0,0
mushrooms,mlp,768,0,0
mushrooms,mlp,769,0,0
mushrooms,mlp,770,1,0
mushrooms,mlp,771,1,0
mushrooms,mlp,772,0,0
mushrooms,mlp,773,1,0
mushrooms,mlp,774,1,0
mushrooms,mlp,775,1,0
mushrooms,mlp,776,1,0
mushrooms,mlp,777,0,0
mushrooms,mlp,778,1,0
mushrooms,mlp,779,0,0
mushrooms,mlp,780,0,0
mushrooms,mlp,781,1,0
mushrooms,mlp,782,0,0
mushrooms,mlp,783,0,0
mushrooms,mlp,784,0,0
mushrooms,mlp,785,1,0
mushrooms,mlp,786,1,0
mushrooms,mlp,787,1,0
mushrooms,mlp,788,0,0
mushrooms,mlp,789,0,0
mushrooms,mlp,790,1,0
mushrooms,mlp,791,1,0
mushrooms,mlp,792,0,0
mushrooms,mlp,793,1,0
mushrooms,mlp,794,1,0
mushrooms,mlp,795,1,0
mushrooms,mlp,796,1,0
mushrooms,mlp,797,0,0
mushrooms,mlp,798,1,0
mushrooms,mlp,799,0,0
mushrooms,mlp,800,0,0
mushrooms,mlp,801,1,0
mushrooms,mlp,802,1,0
mushrooms,mlp,803,0,0
mushrooms,mlp,804,0,0
mushrooms,mlp,805,0,0
mushrooms,mlp,806,0,0
mushrooms,mlp,807,0,0
mushrooms,mlp,808,0,0
mushrooms,mlp,809,0,0
mushrooms,mlp,810,1,0
mushrooms,mlp,811,1,0
mushrooms,mlp,812,0,0
mushrooms,mlp,813,1,0
mushrooms,mlp,814,0,0
mushrooms,mlp,815,0,0
mushrooms,mlp,816,0,0
mushrooms,mlp,817,0,0
mushrooms,mlp,818,1,0
mushrooms,mlp,819,1,0
mushrooms,mlp,820,0,0
mushrooms,mlp,821,0,0
mushrooms,mlp,822,0,0
mushrooms,mlp,823,0,0
mushrooms,mlp,824,0,0
mushrooms,mlp,825,1,0
mushrooms,mlp,826,1,0
mushrooms,mlp,827,0,0
mushrooms,mlp,828,0,0
mushrooms,mlp,829,0,0
mushrooms,mlp,830,1,0
mushrooms,mlp,831,0,0
mushrooms,mlp,832,0,0
mushrooms,mlp,833,1,0
mushrooms,mlp,834,0,0
mushrooms,mlp,835,1,0
mushrooms,mlp,836,1,0
mushrooms,mlp,837,1,0
mushrooms,mlp,838,1,0
mushrooms,mlp,839,0,0
mushrooms,mlp,840,0,0
mushrooms,mlp,841,0,0
mushrooms,mlp,842,0,0
mushrooms,mlp,843,1,0
mushrooms,mlp,844,0,0
mushrooms,mlp,845,0,0
mushrooms,mlp,846,1,0
mushrooms,mlp,847,1,0
mushrooms,mlp,848,1,0
mushrooms,mlp,849,0,0
mushrooms,mlp,850,1,0
mushrooms,mlp,851,1,0
mushrooms,mlp,852,1,0
mushrooms,mlp,853,0,0
mushrooms,mlp,854,0,0
mushrooms,mlp,855,0,0
mushrooms,mlp,856,1,0
mushrooms,mlp,857,1,0
mushrooms,mlp,858,1,0
mushrooms,mlp,859,1,0
mushrooms,mlp,860,0,0
mushrooms,mlp,861,0,0
mushrooms,mlp,862,0,0
mushrooms,mlp,863,1,0
mushrooms,mlp,864,0,0
mushrooms,mlp,865,1,0
mushrooms,mlp,866,1,0
mushrooms,mlp,867,1,0
mushrooms,mlp,868,1,0
mushrooms,mlp,869,1,0
mushrooms,mlp,870,1,0
mushrooms,mlp,871,0,0
mushrooms,mlp,872,1,0
mushrooms,mlp,873,1,0
mushrooms,mlp,874,1,0
mushrooms,mlp,875,0,0
mushrooms,mlp,876,1,0
mushrooms,mlp,877,1,0
mushrooms,mlp,878,1,0
mushrooms,mlp,879,0,0
mushrooms,mlp,880,0,0
mushrooms,mlp,881,1,0
mushrooms,mlp,882,0,0
mushrooms,mlp,883,1,0
mushrooms,mlp,884,0,0
mushrooms,mlp,885,0,0
mushrooms,mlp,886,0,0
mushrooms,mlp,887,1,0
mushrooms,mlp,888,1,0
mushrooms,mlp,889,0,0
mushrooms,mlp,890,1,0
mushrooms,mlp,891,0,0
mushrooms,mlp,892,1,0
mushrooms,mlp,893,1,0
mushrooms,mlp,894,0,0
mushrooms,mlp,895,0,0
mushrooms,mlp,896,1,0
mushrooms,mlp,897,0,0
mushrooms,mlp,898,0,0
mushrooms,mlp,899,1,0
mushrooms,mlp,900,1,0
mushrooms,mlp,901,0,0
mushrooms,mlp,902,1,0
mushrooms,mlp,903,0,0
mushrooms,mlp,904,1,0
mushrooms,mlp,905,0,0
mushrooms,mlp,906,0,0
mushrooms,mlp,907,1,0
mushrooms,mlp,908,1,0
mushrooms,mlp,909,1,0
mushrooms,mlp,910,1,0
mushrooms,mlp,911,1,0
mushrooms,mlp,912,1,0
mushrooms,mlp,913,0,0
mushrooms,mlp,914,1,0
mushrooms,mlp,915,1,0
mushrooms,mlp,916,0,0
mushrooms,mlp,917,0,0
mushrooms,mlp,918,1,0
mushrooms,mlp,919,1,0
mushrooms,mlp,920,1,0
mushrooms,mlp,921,0,0
mushrooms,mlp,922,0,0
mushrooms,mlp,923,1,0
mushrooms,mlp,924,1,0
mushrooms,mlp,925,0,0
mushrooms,mlp,926,0,0
mushrooms,mlp,927,0,0
mushrooms,mlp,928,1,0
mushrooms,mlp,929,1,0
mushrooms,mlp,930,1,0
mushrooms,mlp,931,0,0
mushrooms,mlp,932,1,0
mushrooms,mlp,933,1,0
mushrooms,mlp,934,1,0
mushrooms,mlp,935,1,0
mushrooms,mlp,936,1,0
mushrooms,mlp,937,1,0
mushrooms,mlp,938,0,0
mushrooms,mlp,939,0,0
mushrooms,mlp,940,1,0
mushrooms,mlp,941,0,0
mushrooms,mlp,942,1,0
mushrooms,mlp,943,1,0
mushrooms,mlp,944,0,0
mushrooms,mlp,945,0,0
mushrooms,mlp,946,1,0
mushrooms,mlp,947,1,0
mushrooms,mlp,948,1,0
mushrooms,mlp,949,1,0
mushrooms,mlp,950,0,0
mushrooms,mlp,951,1,0
mushrooms,mlp,952,0,0
mushrooms,mlp,953,1,0
mushrooms,mlp,954,0,0
mushrooms,mlp,955,1,0
mushrooms,mlp,956,1,0
mushrooms,mlp,957,1,0
mushrooms,mlp,958,0,0
mushrooms,mlp,959,0,0
mushrooms,mlp,960,1,0
mushrooms,mlp,961,0,0
mushrooms,mlp,962,1,0
mushrooms,mlp,963,0,0
mushrooms,mlp,964,0,0
mushrooms,mlp,965,1,0
mushrooms,mlp,966,1,0
mushrooms,mlp,967,0,0
mushrooms,mlp,968,1,0
mushrooms,mlp,969,0,0
mushrooms,mlp,970,1,0
mushrooms,mlp,971,0,0
mushrooms,mlp,972,0,0
mushrooms,mlp,973,1,0
mushrooms,mlp,974,1,0
mushrooms,mlp,975,1,0
mushrooms,mlp,976,1,0
mushrooms,mlp,977,1,0
mushrooms,mlp,978,1,0
mushrooms,mlp,979,0,0
mushrooms,mlp,980,1,0
mushrooms,mlp,981,0,0
mushrooms,mlp,982,1,0
mushrooms,mlp,983,1,0
mushrooms,mlp,984,1,0
mushrooms,mlp,985,0,0
mushrooms,mlp,986,1,0
mushrooms,mlp,987,1,0
mushrooms,mlp,988,0,0
mushrooms,mlp,989,1,0
mushrooms,mlp,990,0,0
mushrooms,mlp,991,1,0
mushrooms,mlp,992,0,0
mushrooms,mlp,993,0,0
mushrooms,mlp,994,0,0
mushrooms,mlp,995,1,0
mushrooms,mlp,996,1,0
mushrooms,mlp,997,1,0
mushrooms,mlp,998,1,0
mushrooms,mlp,999,1,0
mushrooms,mlp,1000,1,0
mushrooms,mlp,1001,1,0
mushrooms,mlp,1002,0,0
mushrooms,mlp,1003,1,0
mushrooms,mlp,1004,0,0
mushrooms,mlp,1005,1,0
mushrooms,mlp,1006,0,0
mushrooms,mlp,1007,1,0
mushrooms,mlp,1008,1,0
mushrooms,mlp,1009,0,0
mushrooms,mlp,1010,1,0
mushrooms,mlp,1011,0,0
mushrooms,mlp,1012,1,0
mushrooms,mlp,1013,0,0
mushrooms,mlp,1014,1,0
mushrooms,mlp,1015,1,0
mushrooms,mlp,1016,0,0
mushrooms,mlp,1017,1,0
mushrooms,mlp,1018,0,0
mushrooms,mlp,1019,1,0
mushrooms,mlp,1020,0,0
mushrooms,mlp,1021,0,0
mushrooms,mlp,1022,1,0
mushrooms,mlp,1023,1,0
mushrooms,mlp,1024,0,0
mushrooms,mlp,1025,0,0
mushrooms,mlp,1026,0,0
mushrooms,mlp,1027,0,0
mushrooms,mlp,1028,0,0
mushrooms,mlp,1029,1,0
mushrooms,mlp,1030,1,0
mushrooms,mlp,1031,0,0
mushrooms,mlp,1032,0,0
mushrooms,mlp,1033,1,0
mushrooms,mlp,1034,0,0
mushrooms,mlp,1035,1,0
mushrooms,mlp,1036,1,0
mushrooms,mlp,1037,0,0
mushrooms,mlp,1038,0,0
mushrooms,mlp,1039,0,0
mushrooms,mlp,1040,1,0
mushrooms,mlp,1041,0,0
mushrooms,mlp,1042,0,0
mushrooms,mlp,1043,1,0
mushrooms,mlp,1044,1,0
mushrooms,mlp,1045,1,0
mushrooms,mlp,1046,0,0
mushrooms,mlp,1047,0,0
mushrooms,mlp,1048,1,0
mushrooms,mlp,1049,0,0
mushrooms,mlp,1050,0,0
mushrooms,mlp,1051,0,0
mushrooms,mlp,1052,1,0
mushrooms,mlp,1053,0,0
mushrooms,mlp,1054,0,0
mushrooms,mlp,1055,0,0
mushrooms,mlp,1056,1,0
mushrooms,mlp,1057,1,0
mushrooms,mlp,1058,0,0
mushrooms,mlp,1059,0,0
mushrooms,mlp,1060,1,0
mushrooms,mlp,1061,0,0
mushrooms,mlp,1062,1,0
mushrooms,mlp,1063,1,0
mushrooms,mlp,1064,1,0
mushrooms,mlp,1065,1,0
mushrooms,mlp,1066,1,0
mushrooms,mlp,1067,1,0
mushrooms,mlp,1068,0,0
mushrooms,mlp,1069,1,0
mushrooms,mlp,1070,0,0
mushrooms,mlp,1071,1,0
mushrooms,mlp,1072,1,0
mushrooms,mlp,1073,1,0
mushrooms,mlp,1074,1,0
mushrooms,mlp,1075,0,0
mushrooms,mlp,1076,0,0
mushrooms,mlp,1077,1,0
mushrooms,mlp,1078,1,0
mushrooms,mlp,1079,1,0
mushrooms,mlp,1080,1,0
mushrooms,mlp,1081,1,0
mushrooms,mlp,1082,1,0
mushrooms,mlp,1083,1,0
mushrooms,mlp,1084,0,0
mushrooms,mlp,1085,1,0
mushrooms,mlp,1086,1,0
mushrooms,mlp,1087,1,0
mushrooms,mlp,1088,1,0
mushrooms,mlp,1089,0,0
mushrooms,mlp,1090,0,0
mushrooms,mlp,1091,0,0
mushrooms,mlp,1092,1,0
mushrooms,mlp,1093,1,0
mushrooms,mlp,1094,0,0
mushrooms,mlp,1095,1,0
mushrooms,mlp,1096,1,0
mushrooms,mlp,1097,1,0
mushrooms,mlp,1098,1,0
mushrooms,mlp,1099,1,0
mushrooms,mlp,1100,0,0
mushrooms,mlp,1101,0,0
mushrooms,mlp,1102,0,0
mushrooms,mlp,1103,1,0
mushrooms,mlp,1104,0,0
mushrooms,mlp,1105,0,0
mushrooms,mlp,1106,0,0
mushrooms,mlp,1107,0,0
mushrooms,mlp,1108,0,0
mushrooms,mlp,1109,1,0
mushrooms,mlp,1110,1,0
mushrooms,mlp,1111,1,0
mushrooms,mlp,1112,1,0
mushrooms,mlp,1113,1,0
mushrooms,mlp,1114,1,0
mushrooms,mlp,1115,0,0
mushrooms,mlp,1116,1,0
mushrooms,mlp,1117,0,0
mushrooms,mlp,1118,1,0
mushrooms,mlp,1119,0,0
mushrooms,mlp,1120,0,0
mushrooms,mlp,1121,1,0
mushrooms,mlp,1122,1,0
mushrooms,mlp,1123,0,0
mushrooms,mlp,1124,0,0
mushrooms,mlp,1125,0,0
mushrooms,mlp,1126,0,0
mushrooms,mlp,1127,0,0
mushrooms,mlp,1128,0,0
mushrooms,mlp,1129,1,0
mushrooms,mlp,1130,0,0
mushrooms,mlp,1131,1,0
mushrooms,mlp,1132,1,0
mushrooms,mlp,1133,0,0
mushrooms,mlp,1134,0,0
mushrooms,mlp,1135,1,0
mushrooms,mlp,1136,1,0
mushrooms,mlp,1137,0,0
mushrooms,mlp,1138,0,0
mushrooms,mlp,1139,0,0
mushrooms,mlp,1140,0,0
mushrooms,mlp,1141,1,0
mushrooms,mlp,1142,0,0
mushrooms,mlp,1143,0,0
mushrooms,mlp,1144,0,0
mushrooms,mlp,1145,0,0
mushrooms,mlp,1146,0,0
mushrooms,mlp,1147,1,0
mushrooms,mlp,1148,1,0
mushrooms,mlp,1149,1,0
mushrooms,mlp,1150,1,0
mushrooms,mlp,1151,1,0
mushrooms,mlp,1152,1,0
mushrooms,mlp,1153,1,0
mushrooms,mlp,1154,1,0
mushrooms,mlp,1155,0,0
mushrooms,mlp,1156,0,0
mushrooms,mlp,1157,1,0
mushrooms,mlp,1158,0,0
mushrooms,mlp,1159,1,0
mushrooms,mlp,1160,0,0
mushrooms,mlp,1161,1,0
mushrooms,mlp,1162,1,0
mushrooms,mlp,1163,1,0
mushrooms,mlp,1164,1,0
mushrooms,mlp,1165,0,0
mushrooms,mlp,1166,1,0
mushrooms,mlp,1167,0,0
mushrooms,mlp,1168,0,0
mushrooms,mlp,1169,1,0
mushrooms,mlp,1170,1,0
mushrooms,mlp,1171,1,0
mushrooms,mlp,1172,0,0
mushrooms,mlp,1173,0,0
mushrooms,mlp,1174,1,0
mushrooms,mlp,1175,1,0
mushrooms,mlp,1176,0,0
mushrooms,mlp,1177,0,0
mushrooms,mlp,1178,0,0
mushrooms,mlp,1179,1,0
mushrooms,mlp,1180,1,0
mushrooms,mlp,1181,1,0
mushrooms,mlp,1182,0,0
mushrooms,mlp,1183,0,0
mushrooms,mlp,1184,1,0
mushrooms,mlp,1185,0,0
mushrooms,mlp,1186,0,0
mushrooms,mlp,1187,1,0
mushrooms,mlp,1188,1,0
mushrooms,mlp,1189,1,0
mushrooms,mlp,1190,1,0
mushrooms,mlp,1191,1,0
mushrooms,mlp,1192,1,0
mushrooms,mlp,1193,1,0
mushrooms,mlp,1194,1,0
mushrooms,mlp,1195,1,0
mushrooms,mlp,1196,0,0
mushrooms,mlp,1197,1,0
mushrooms,mlp,1198,1,0
mushrooms,mlp,1199,1,0
mushrooms,mlp,1200,1,0
mushrooms,mlp,1201,0,0
mushrooms,mlp,1202,0,0
mushrooms,mlp,1203,1,0
mushrooms,mlp,1204,0,0
mushrooms,mlp,1205,0,0
mushrooms,mlp,1206,0,0
mushrooms,mlp,1207,1,0
mushrooms,mlp,1208,1,0
mushrooms,mlp,1209,0,0
mushrooms,mlp,1210,1,0
mushrooms,mlp,1211,1,0
mushrooms,mlp,1212,0,0
mushrooms,mlp,1213,1,0
mushrooms,mlp,1214,0,0
mushrooms,mlp,1215,0,0
mushrooms,mlp,1216,0,0
mushrooms,mlp,1217,1,0
mushrooms,mlp,1218,1,0
mushrooms,mlp,1219,0,0
mushrooms,mlp,1220,1,0
mushrooms,mlp,1221,1,0
mushrooms,mlp,1222,1,0
mushrooms,mlp,1223,1,0
mushrooms,mlp,1224,0,0
mushrooms,mlp,1225,1,0
mushrooms,mlp,1226,0,0
mushrooms,mlp,1227,0,0
mushrooms,mlp,1228,1,0
mushrooms,mlp,1229,0,0
mushrooms,mlp,1230,0,0
mushrooms,mlp,1231,0,0
mushrooms,mlp,1232,1,0
mushrooms,mlp,1233,0,0
mushrooms,mlp,1234,1,0
mushrooms,mlp,1235,0,0
mushrooms,mlp,1236,0,0
mushrooms,mlp,1237,1,0
mushrooms,mlp,1238,0,0
mushrooms,mlp,1239,0,0
mushrooms,mlp,1240,1,0
mushrooms,mlp,1241,0,0
mushrooms,mlp,1242,0,0
mushrooms,mlp,1243,0,0
mushrooms,mlp,1244,1,0
mushrooms,mlp,1245,1,0
mushrooms,mlp,1246,1,0
mushrooms,mlp,1247,1,0
mushrooms,mlp,1248,1,0
mushrooms,mlp,1249,1,0
mushrooms,mlp,1250,0,0
mushrooms,mlp,1251,0,0
mushrooms,mlp,1252,0,0
mushrooms,mlp,1253,1,0
mushrooms,mlp,1254,0,0
mushrooms,mlp,1255,1,0
mushrooms,mlp,1256,0,0
mushrooms,mlp,1257,0,0
mushrooms,mlp,1258,1,0
mushrooms,mlp,1259,0,0
mushrooms,mlp,1260,0,0
mushrooms,mlp,1261,1,0
mushrooms,mlp,1262,0,0
mushrooms,mlp,1263,0,0
mushrooms,mlp,1264,1,0
mushrooms,mlp,1265,1,0
mushrooms,mlp,1266,0,0
mushrooms,mlp,1267,0,0
mushrooms,mlp,1268,0,0
mushrooms,mlp,1269,1,0
mushrooms,mlp,1270,0,0
mushrooms,mlp,1271,1,0
mushrooms,mlp,1272,1,0
mushrooms,mlp,1273,0,0
mushrooms,mlp,1274,0,0
mushrooms,mlp,1275,1,0
mushrooms,mlp,1276,0,0
mushrooms,mlp,1277,0,0
mushrooms,mlp,1278,1,0
mushrooms,mlp,1279,0,0
mushrooms,mlp,1280,1,0
mushrooms,mlp,1281,1,0
mushrooms,mlp,1282,0,0
mushrooms,mlp,1283,1,0
mushrooms,mlp,1284,0,0
mushrooms,mlp,1285,1,0
mushrooms,mlp,1286,0,0
mushrooms,mlp,1287,0,0
mushrooms,mlp,1288,1,0
mushrooms,mlp,1289,0,0
mushrooms,mlp,1290,1,0
mushrooms,mlp,1291,0,0
mushrooms,mlp,1292,1,0
mushrooms,mlp,1293,1,0
mushrooms,mlp,1294,1,0
mushrooms,mlp,1295,1,0
mushrooms,mlp,1296,1,0
mushrooms,mlp,1297,1,0
mushrooms,mlp,1298,1,0
mushrooms,mlp,1299,0,0
mushrooms,mlp,1300,1,0
mushrooms,mlp,1301,1,0
mushrooms,mlp,1302,0,0
mushrooms,mlp,1303,1,0
mushrooms,mlp,1304,0,0
mushrooms,mlp,1305,1,0
mushrooms,mlp,1306,0,0
mushrooms,mlp,1307,0,0
mushrooms,mlp,1308,1,0
mushrooms,mlp,1309,0,0
mushrooms,mlp,1310,0,0
mushrooms,mlp,1311,0,0
mushrooms,mlp,1312,0,0
mushrooms,mlp,1313,1,0
mushrooms,mlp,1314,1,0
mushrooms,mlp,1315,0,0
mushrooms,mlp,1316,1,0
mushrooms,mlp,1317,1,0
mushrooms,mlp,1318,0,0
mushrooms,mlp,1319,1,0
mushrooms,mlp,1320,0,0
mushrooms,mlp,1321,1,0
mushrooms,mlp,1322,0,0
mushrooms,mlp,1323,0,0
mushrooms,mlp,1324,1,0
mushrooms,mlp,1325,0,0
mushrooms,mlp,1326,0,0
mushrooms,mlp,1327,1,0
mushrooms,mlp,1328,1,0
mushrooms,mlp,1329,1,0
mushrooms,mlp,1330,0,0
mushrooms,mlp,1331,1,0
mushrooms,mlp,1332,0,0
mushrooms,mlp,1333,0,0
mushrooms,mlp,1334,0,0
mushrooms,mlp,1335,1,0
mushrooms,mlp,1336,1,0
mushrooms,mlp,1337,1,0
mushrooms,mlp,1338,0,0
mushrooms,mlp,1339,0,0
mushrooms,mlp,1340,0,0
mushrooms,mlp,1341,0,0
mushrooms,mlp,1342,1,0
mushrooms,mlp,1343,1,0
mushrooms,mlp,1344,0,0
mushrooms,mlp,1345,1,0
mushrooms,mlp,1346,1,0
mushrooms,mlp,1347,0,0
mushrooms,mlp,1348,1,0
mushrooms,mlp,1349,1,0
mushrooms,mlp,1350,0,0
mushrooms,mlp,1351,0,0
mushrooms,mlp,1352,0,0
mushrooms,mlp,1353,1,0
mushrooms,mlp,1354,0,0
mushrooms,mlp,1355,1,0
mushrooms,mlp,1356,0,0
mushrooms,mlp,1357,1,0
mushrooms,mlp,1358,0,0
mushrooms,mlp,1359,1,0
mushrooms,mlp,1360,1,0
mushrooms,mlp,1361,0,0
mushrooms,mlp,1362,1,0
mushrooms,mlp,1363,1,0
mushrooms,mlp,1364,1,0
mushrooms,mlp,1365,1,0
mushrooms,mlp,1366,0,0
mushrooms,mlp,1367,0,0
mushrooms,mlp,1368,1,0
mushrooms,mlp,1369,0,0
mushrooms,mlp,1370,1,0
mushrooms,mlp,1371,0,0
mushrooms,mlp,1372,0,0
mushrooms,mlp,1373,1,0
mushrooms,mlp,1374,1,0
mushrooms,mlp,1375,1,0
mushrooms,mlp,1376,0,0
mushrooms,mlp,1377,0,0
mushrooms,mlp,1378,1,0
mushrooms,mlp,1379,0,0
mushrooms,mlp,1380,0,0
mushrooms,mlp,1381,1,0
mushrooms,mlp,1382,1,0
mushrooms,mlp,1383,1,0
mushrooms,mlp,1384,0,0
mushrooms,mlp,1385,1,0
mushrooms,mlp,1386,1,0
mushrooms,mlp,1387,0,0
mushrooms,mlp,1388,1,0
mushrooms,mlp,1389,0,0
mushrooms,mlp,1390,1,0
mushrooms,mlp,1391,1,0
mushrooms,mlp,1392,0,0
mushrooms,mlp,1393,1,0
mushrooms,mlp,1394,0,0
mushrooms,mlp,1395,0,0
mushrooms,mlp,1396,0,0
mushrooms,mlp,1397,1,0
mushrooms,mlp,1398,0,0
mushrooms,mlp,1399,0,0
mushrooms,mlp,1400,1,0
mushrooms,mlp,1401,0,0
mushrooms,mlp,1402,0,0
mushrooms,mlp,1403,1,0
mushrooms,mlp,1404,1,0
mushrooms,mlp,1405,1,0
mushrooms,mlp,1406,1,0
mushrooms,mlp,1407,0,0
mushrooms,mlp,1408,0,0
mushrooms,mlp,1409,1,0
mushrooms,mlp,1410,1,0
mushrooms,mlp,1411,1,0
mushrooms,mlp,1412,0,0
mushrooms,mlp,1413,0,0
mushrooms,mlp,1414,1,0
mushrooms,mlp,1415,0,0
mushrooms,mlp,1416,1,0
mushrooms,mlp,1417,0,0
mushrooms,mlp,1418,1,0
mushrooms,mlp,1419,0,0
mushrooms,mlp,1420,1,0
mushrooms,mlp,1421,1,0
mushrooms,mlp,1422,0,0
mushrooms,mlp,1423,0,0
mushrooms,mlp,1424,0,0
mushrooms,mlp,1425,0,0
mushrooms,mlp,1426,1,0
mushrooms,mlp,1427,0,0
mushrooms,mlp,1428,0,0
mushrooms,mlp,1429,1,0
mushrooms,mlp,1430,0,0
mushrooms,mlp,1431,1,0
mushrooms,mlp,1432,0,0
mushrooms,mlp,1433,1,0
mushrooms,mlp,1434,1,0
mushrooms,mlp,1435,0,0
mushrooms,mlp,1436,1,0
mushrooms,mlp,1437,1,0
mushrooms,mlp,1438,1,0
mushrooms,mlp,1439,0,0
mushrooms,mlp,1440,0,0
mushrooms,mlp,1441,1,0
mushrooms,mlp,1442,1,0
mushrooms,mlp,1443,1,0
mushrooms,mlp,1444,1,0
mushrooms,mlp,1445,1,0
mushrooms,mlp,1446,0,0
mushrooms,mlp,1447,0,0
mushrooms,mlp,1448,1,0
mushrooms,mlp,1449,0,0
mushrooms,mlp,1450,0,0
mushrooms,mlp,1451,1,0
mushrooms,mlp,1452,0,0
mushrooms,mlp,1453,0,0
mushrooms,mlp,1454,1,0
mushrooms,mlp,1455,1,0
mushrooms,mlp,1456,1,0
mushrooms,mlp,1457,0,0
mushrooms,mlp,1458,0,0
mushrooms,mlp,1459,1,0
mushrooms,mlp,1460,0,0
mushrooms,mlp,1461,1,0
mushrooms,mlp,1462,1,0
mushrooms,mlp,1463,1,0
mushrooms,mlp,1464,1,0
mushrooms,mlp,1465,0,0
mushrooms,mlp,1466,0,0
mushrooms,mlp,1467,1,0
mushrooms,mlp,1468,1,0
mushrooms,mlp,1469,1,0
mushrooms,mlp,1470,0,0
mushrooms,mlp,1471,1,0
mushrooms,mlp,1472,0,0
mushrooms,mlp,1473,1,0
mushrooms,mlp,1474,0,0
mushrooms,mlp,1475,0,0
mushrooms,mlp,1476,0,0
mushrooms,mlp,1477,0,0
mushrooms,mlp,1478,1,0
mushrooms,mlp,1479,1,0
mushrooms,mlp,1480,0,0
mushrooms,mlp,1481,0,0
mushrooms,mlp,1482,1,0
mushrooms,mlp,1483,1,0
mushrooms,mlp,1484,1,0
mushrooms,mlp,1485,1,0
mushrooms,mlp,1486,0,0
mushrooms,mlp,1487,1,0
mushrooms,mlp,1488,0,0
mushrooms,mlp,1489,1,0
mushrooms,mlp,1490,0,0
mushrooms,mlp,1491,1,0
mushrooms,mlp,1492,0,0
mushrooms,mlp,1493,1,0
mushrooms,mlp,1494,1,0
mushrooms,mlp,1495,1,0
mushrooms,mlp,1496,0,0
mushrooms,mlp,1497,1,0
mushrooms,mlp,1498,0,0
mushrooms,mlp,1499,0,0
mushrooms,mlp,1500,1,0
mushrooms,mlp,1501,0,0
mushrooms,mlp,1502,1,0
mushrooms,mlp,1503,1,0
mushrooms,mlp,1504,0,0
mushrooms,mlp,1505,0,0
mushrooms,mlp,1506,1,0
mushrooms,mlp,1507,0,0
mushrooms,mlp,1508,0,0
mushrooms,mlp,1509,0,0
mushrooms,mlp,1510,1,0
mushrooms,mlp,1511,1,0
mushrooms,mlp,1512,1,0
mushrooms,mlp,1513,1,0
mushrooms,mlp,1514,0,0
mushrooms,mlp,1515,0,0
mushrooms,mlp,1516,1,0
mushrooms,mlp,1517,1,0
mushrooms,mlp,1518,1,0
mushrooms,mlp,1519,1,0
mushrooms,mlp,1520,1,0
mushrooms,mlp,1521,1,0
mushrooms,mlp,1522,0,0
mushrooms,mlp,1523,0,0
mushrooms,mlp,1524,0,0
mushrooms,mlp,1525,1,0
mushrooms,mlp,1526,1,0
mushrooms,mlp,1527,0,0
mushrooms,mlp,1528,0,0
mushrooms,mlp,1529,1,0
mushrooms,mlp,1530,0,0
mushrooms,mlp,1531,0,0
mushrooms,mlp,1532,0,0
mushrooms,mlp,1533,1,0
mushrooms,mlp,1534,1,0
mushrooms,mlp,1535,1,0
mushrooms,mlp,1536,0,0
mushrooms,mlp,1537,1,0
mushrooms,mlp,1538,0,0
mushrooms,mlp,1539,1,0
mushrooms,mlp,1540,0,0
mushrooms,mlp,1541,1,0
mushrooms,mlp,1542,1,0
mushrooms,mlp,1543,0,0
mushrooms,mlp,1544,0,0
mushrooms,mlp,1545,0,0
mushrooms,mlp,1546,0,0
mushrooms,mlp,1547,1,0
mushrooms,mlp,1548,0,0
mushrooms,mlp,1549,0,0
mushrooms,mlp,1550,1,0
mushrooms,mlp,1551,0,0
mushrooms,mlp,1552,0,0
mushrooms,mlp,1553,1,0
mushrooms,mlp,1554,1,0
mushrooms,mlp,1555,0,0
mushrooms,mlp,1556,1,0
mushrooms,mlp,1557,1,0
mushrooms,mlp,1558,1,0
mushrooms,mlp,1559,0,0
mushrooms,mlp,1560,0,0
mushrooms,mlp,1561,0,0
mushrooms,mlp,1562,1,0
mushrooms,mlp,1563,0,0
mushrooms,mlp,1564,1,0
mushrooms,mlp,1565,1,0
mushrooms,mlp,1566,0,0
mushrooms,mlp,1567,1,0
mushrooms,mlp,1568,1,0
mushrooms,mlp,1569,0,0
mushrooms,mlp,1570,0,0
mushrooms,mlp,1571,1,0
mushrooms,mlp,1572,0,0
mushrooms,mlp,1573,1,0
mushrooms,mlp,1574,0,0
mushrooms,mlp,1575,1,0
mushrooms,mlp,1576,0,0
mushrooms,mlp,1577,1,0
mushrooms,mlp,1578,0,0
mushrooms,mlp,1579,0,0
mushrooms,mlp,1580,1,0
mushrooms,mlp,1581,0,0
mushrooms,mlp,1582,1,0
mushrooms,mlp,1583,1,0
mushrooms,mlp,1584,1,0
mushrooms,mlp,1585,1,0
mushrooms,mlp,1586,0,0
mushrooms,mlp,1587,1,0
mushrooms,mlp,1588,1,0
mushrooms,mlp,1589,1,0
mushrooms,mlp,1590,0,0
mushrooms,mlp,1591,0,0
mushrooms,mlp,1592,0,0
mushrooms,mlp,1593,1,0
mushrooms,mlp,1594,1,0
mushrooms,mlp,1595,0,0
mushrooms,mlp,1596,1,0
mushrooms,mlp,1597,0,0
mushrooms,mlp,1598,1,0
mushrooms,mlp,1599,0,0
mushrooms,mlp,1600,0,0
mushrooms,mlp,1601,0,0
mushrooms,mlp,1602,1,0
mushrooms,mlp,1603,1,0
mushrooms,mlp,1604,1,0
mushrooms,mlp,1605,0,0
mushrooms,mlp,1606,0,0
mushrooms,mlp,1607,0,0
mushrooms,mlp,1608,1,0
mushrooms,mlp,1609,1,0
mushrooms,mlp,1610,1,0
mushrooms,mlp,1611,0,0
mushrooms,mlp,1612,0,0
mushrooms,mlp,1613,1,0
mushrooms,mlp,1614,1,0
mushrooms,mlp,1615,1,0
mushrooms,mlp,1616,1,0
mushrooms,mlp,1617,0,0
mushrooms,mlp,1618,0,0
mushrooms,mlp,1619,0,0
mushrooms,mlp,1620,1,0
mushrooms,mlp,1621,1,0
mushrooms,mlp,1622,0,0
mushrooms,mlp,1623,1,0
mushrooms,mlp,1624,0,0
mushrooms,mlp,1625,1,0
mushrooms,mlp,1626,1,0
mushrooms,mlp,1627,1,0
mushrooms,mlp,1628,0,0
mushrooms,mlp,1629,1,0
mushrooms,mlp,1630,1,0
mushrooms,mlp,1631,1,0
mushrooms,mlp,1632,1,0
mushrooms,mlp,1633,1,0
mushrooms,mlp,1634,1,0
mushrooms,mlp,1635,1,0
mushrooms,mlp,1636,0,0
mushrooms,mlp,1637,0,0
mushrooms,mlp,1638,1,0
mushrooms,mlp,1639,1,0
mushrooms,mlp,1640,1,0
mushrooms,mlp,1641,0,0
mushrooms,mlp,1642,1,0
mushrooms,mlp,1643,0,0
mushrooms,mlp,1644,1,0
mushrooms,mlp,1645,0,0
mushrooms,mlp,1646,1,0
mushrooms,mlp,1647,0,0
mushrooms,mlp,1648,1,0
mushrooms,mlp,1649,1,0
mushrooms,mlp,1650,0,0
mushrooms,mlp,1651,1,0
mushrooms,mlp,1652,0,0
mushrooms,mlp,1653,1,0
mushrooms,mlp,1654,1,0
mushrooms,mlp,1655,1,0
mushrooms,mlp,1656,1,0
mushrooms,mlp,1657,1,0
mushrooms,mlp,1658,1,0
mushrooms,mlp,1659,0,0
mushrooms,mlp,1660,0,0
mushrooms,mlp,1661,1,0
mushrooms,mlp,1662,1,0
mushrooms,mlp,1663,0,0
mushrooms,mlp,1664,1,0
mushrooms,mlp,1665,0,0
mushrooms,mlp,1666,0,0
mushrooms,mlp,1667,1,0
mushrooms,mlp,1668,1,0
mushrooms,mlp,1669,1,0
mushrooms,mlp,1670,1,0
mushrooms,mlp,1671,1,0
mushrooms,mlp,1672,0,0
mushrooms,mlp,1673,0,0
mushrooms,mlp,1674,1,0
mushrooms,mlp,1675,0,0
mushrooms,mlp,1676,1,0
mushrooms,mlp,1677,1,0
mushrooms,mlp,1678,0,0
mushrooms,mlp,1679,1,0
mushrooms,mlp,1680,0,0
mushrooms,mlp,1681,1,0
mushrooms,mlp,1682,1,0
mushrooms,mlp,1683,1,0
mushrooms,mlp,1684,1,0
mushrooms,mlp,1685,1,0
mushrooms,mlp,1686,1,0
mushrooms,mlp,1687,0,0
mushrooms,mlp,1688,0,0
mushrooms,mlp,1689,1,0
mushrooms,mlp,1690,0,0
mushrooms,mlp,1691,1,0
mushrooms,mlp,1692,0,0
mushrooms,mlp,1693,1,0
mushrooms,mlp,1694,1,0
mushrooms,mlp,1695,0,0
mushrooms,mlp,1696,0,0
mushrooms,mlp,1697,1,0
mushrooms,mlp,1698,1,0
mushrooms,mlp,1699,0,0
mushrooms,mlp,1700,1,0
mushrooms,mlp,1701,1,0
mushrooms,mlp,1702,1,0
mushrooms,mlp,1703,1,0
mushrooms,mlp,1704,1,0
mushrooms,mlp,1705,0,0
mushrooms,mlp,1706,1,0
mushrooms,mlp,1707,1,0
mushrooms,mlp,1708,1,0
mushrooms,mlp,1709,0,0
mushrooms,mlp,1710,0,0
mushrooms,mlp,1711,1,0
mushrooms,mlp,1712,1,0
mushrooms,mlp,1713,1,0
mushrooms,mlp,1714,0,0
mushrooms,mlp,1715,1,0
mushrooms,mlp,1716,0,0
mushrooms,mlp,1717,1,0
mushrooms,mlp,1718,0,0
mushrooms,mlp,1719,1,0
mushrooms,mlp,1720,1,0
mushrooms,mlp,1721,0,0
mushrooms,mlp,1722,1,0
mushrooms,mlp,1723,1,0
mushrooms,mlp,1724,1,0
mushrooms,mlp,1725,0,0
mushrooms,mlp,1726,1,0
mushrooms,mlp,1727,0,0
mushrooms,mlp,1728,1,0
mushrooms,mlp,1729,0,0
mushrooms,mlp,1730,1,0
mushrooms,mlp,1731,0,0
mushrooms,mlp,1732,0,0
mushrooms,mlp,1733,0,0
mushrooms,mlp,1734,1,0
mushrooms,mlp,1735,1,0
mushrooms,mlp,1736,0,0
mushrooms,mlp,1737,0,0
mushrooms,mlp,1738,1,0
mushrooms,mlp,1739,0,0
mushrooms,mlp,1740,1,0
mushrooms,mlp,1741,1,0
mushrooms,mlp,1742,0,0
mushrooms,mlp,1743,1,0
mushrooms,mlp,1744,0,0
mushrooms,mlp,1745,0,0
mushrooms,mlp,1746,1,0
mushrooms,mlp,1747,1,0
mushrooms,mlp,1748,0,0
mushrooms,mlp,1749,1,0
mushrooms,mlp,1750,0,0
mushrooms,mlp,1751,1,0
mushrooms,mlp,1752,1,0
mushrooms,mlp,1753,1,0
mushrooms,mlp,1754,0,0
mushrooms,mlp,1755,0,0
mushrooms,mlp,1756,1,0
mushrooms,mlp,1757,1,0
mushrooms,mlp,1758,0,0
mushrooms,mlp,1759,0,0
mushrooms,mlp,1760,1,0
mushrooms,mlp,1761,1,0
mushrooms,mlp,1762,1,0
mushrooms,mlp,1763,1,0
mushrooms,mlp,1764,0,0
mushrooms,mlp,1765,0,0
mushrooms,mlp,1766,1,0
mushrooms,mlp,1767,0,0
mushrooms,mlp,1768,1,0
mushrooms,mlp,1769,0,0
mushrooms,mlp,1770,0,0
mushrooms,mlp,1771,0,0
mushrooms,mlp,1772,1,0
mushrooms,mlp,1773,1,0
mushrooms,mlp,1774,0,0
mushrooms,mlp,1775,0,0
mushrooms,mlp,1776,1,0
mushrooms,mlp,1777,0,0
mushrooms,mlp,1778,1,0
mushrooms,mlp,1779,0,0
mushrooms,mlp,1780,0,0
mushrooms,mlp,1781,1,0
mushrooms,mlp,1782,0,0
mushrooms,mlp,1783,0,0
mushrooms,mlp,1784,1,0
mushrooms,mlp,1785,0,0
mushrooms,mlp,1786,0,0
mushrooms,mlp,1787,1,0
mushrooms,mlp,1788,0,0
mushrooms,mlp,1789,1,0
mushrooms,mlp,1790,0,0
mushrooms,mlp,1791,0,0
mushrooms,mlp,1792,0,0
mushrooms,mlp,1793,0,0
mushrooms,mlp,1794,1,0
mushrooms,mlp,1795,0,0
mushrooms,mlp,1796,1,0
mushrooms,mlp,1797,0,0
mushrooms,mlp,1798,0,0
mushrooms,mlp,1799,0,0
mushrooms,mlp,1800,0,0
mushrooms,mlp,1801,1,0
mushrooms,mlp,1802,1,0
mushrooms,mlp,1803,0,0
mushrooms,mlp,1804,0,0
mushrooms,mlp,1805,0,0
mushrooms,mlp,1806,0,0
mushrooms,mlp,1807,1,0
mushrooms,mlp,1808,1,0
mushrooms,mlp,1809,1,0
mushrooms,mlp,1810,1,0
mushrooms,mlp,1811,1,0
mushrooms,mlp,1812,1,0
mushrooms,mlp,1813,1,0
mushrooms,mlp,1814,1,0
mushrooms,mlp,1815,0,0
mushrooms,mlp,1816,1,0
mushrooms,mlp,1817,0,0
mushrooms,mlp,1818,1,0
mushrooms,mlp,1819,1,0
mushrooms,mlp,1820,1,0
mushrooms,mlp,1821,1,0
mushrooms,mlp,1822,1,0
mushrooms,mlp,1823,0,0
mushrooms,mlp,1824,1,0
mushrooms,mlp,1825,1,0
mushrooms,mlp,1826,1,0
mushrooms,mlp,1827,0,0
mushrooms,mlp,1828,1,0
mushrooms,mlp,1829,0,0
mushrooms,mlp,1830,0,0
mushrooms,mlp,1831,1,0
mushrooms,mlp,1832,0,0
mushrooms,mlp,1833,1,0
mushrooms,mlp,1834,0,0
mushrooms,mlp,1835,1,0
mushrooms,mlp,1836,0,0
mushrooms,mlp,1837,1,0
mushrooms,mlp,1838,0,0
mushrooms,mlp,1839,1,0
mushrooms,mlp,1840,1,0
mushrooms,mlp,1841,0,0
mushrooms,mlp,1842,1,0
mushrooms,mlp,1843,0,0
mushrooms,mlp,1844,1,0
mushrooms,mlp,1845,1,0
mushrooms,mlp,1846,0,0
mushrooms,mlp,1847,1,0
mushrooms,mlp,1848,0,0
mushrooms,mlp,1849,0,0
mushrooms,mlp,1850,0,0
mushrooms,mlp,1851,0,0
mushrooms,mlp,1852,1,0
mushrooms,mlp,1853,1,0
mushrooms,mlp,1854,0,0
mushrooms,mlp,1855,0,0
mushrooms,mlp,1856,1,0
mushrooms,mlp,1857,1,0
mushrooms,mlp,1858,1,0
mushrooms,mlp,1859,1,0
mushrooms,mlp,1860,1,0
mushrooms,mlp,1861,0,0
mushrooms,mlp,1862,0,0
mushrooms,mlp,1863,0,0
mushrooms,mlp,1864,0,0
mushrooms,mlp,1865,1,0
mushrooms,mlp,1866,1,0
mushrooms,mlp,1867,1,0
mushrooms,mlp,1868,1,0
mushrooms,mlp,1869,1,0
mushrooms,mlp,1870,1,0
mushrooms,mlp,1871,1,0
mushrooms,mlp,1872,1,0
mushrooms,mlp,1873,0,0
mushrooms,mlp,1874,1,0
mushrooms,mlp,1875,1,0
mushrooms,mlp,1876,1,0
mushrooms,mlp,1877,0,0
mushrooms,mlp,1878,1,0
mushrooms,mlp,1879,0,0
mushrooms,mlp,1880,0,0
mushrooms,mlp,1881,0,0
mushrooms,mlp,1882,0,0
mushrooms,mlp,1883,1,0
mushrooms,mlp,1884,1,0
mushrooms,mlp,1885,0,0
mushrooms,mlp,1886,0,0
mushrooms,mlp,1887,0,0
mushrooms,mlp,1888,0,0
mushrooms,mlp,1889,0,0
mushrooms,mlp,1890,1,0
mushrooms,mlp,1891,1,0
mushrooms,mlp,1892,0,0
mushrooms,mlp,1893,1,0
mushrooms,mlp,1894,1,0
mushrooms,mlp,1895,0,0
mushrooms,mlp,1896,1,0
mushrooms,mlp,1897,1,0
mushrooms,mlp,1898,0,0
mushrooms,mlp,1899,0,0
mushrooms,mlp,1900,1,0
mushrooms,mlp,1901,1,0
mushrooms,mlp,1902,0,0
mushrooms,mlp,1903,0,0
mushrooms,mlp,1904,0,0
mushrooms,mlp,1905,1,0
mushrooms,mlp,1906,0,0
mushrooms,mlp,1907,1,0
mushrooms,mlp,1908,0,0
mushrooms,mlp,1909,1,0
mushrooms,mlp,1910,0,0
mushrooms,mlp,1911,1,0
mushrooms,mlp,1912,1,0
mushrooms,mlp,1913,1,0
mushrooms,mlp,1914,1,0
mushrooms,mlp,1915,1,0
mushrooms,mlp,1916,1,0
mushrooms,mlp,1917,1,0
mushrooms,mlp,1918,1,0
mushrooms,mlp,1919,0,0
mushrooms,mlp,1920,0,0
mushrooms,mlp,1921,0,0
mushrooms,mlp,1922,0,0
mushrooms,mlp,1923,1,0
mushrooms,mlp,1924,1,0
mushrooms,mlp,1925,0,0
mushrooms,mlp,1926,0,0
mushrooms,mlp,1927,1,0
mushrooms,mlp,1928,1,0
mushrooms,mlp,1929,1,0
mushrooms,mlp,1930,1,0
mushrooms,mlp,1931,0,0
mushrooms,mlp,1932,1,0
mushrooms,mlp,1933,0,0
mushrooms,mlp,1934,0,0
mushrooms,mlp,1935,0,0
mushrooms,mlp,1936,1,0
mushrooms,mlp,1937,1,0
mushrooms,mlp,1938,0,0
mushrooms,mlp,1939,1,0
mushrooms,mlp,1940,1,0
mushrooms,mlp,1941,0,0
mushrooms,mlp,1942,0,0
mushrooms,mlp,1943,1,0
mushrooms,mlp,1944,1,0
mushrooms,mlp,1945,1,0
mushrooms,mlp,1946,1,0
mushrooms,mlp,1947,0,0
mushrooms,mlp,1948,1,0
mushrooms,mlp,1949,1,0
mushrooms,mlp,1950,0,0
mushrooms,mlp,1951,1,0
mushrooms,mlp,1952,1,0
mushrooms,mlp,1953,0,0
mushrooms,mlp,1954,1,0
mushrooms,mlp,1955,0,0
mushrooms,mlp,1956,1,0
mushrooms,mlp,1957,0,0
mushrooms,mlp,1958,0,0
mushrooms,mlp,1959,1,0
mushrooms,mlp,1960,1,0
mushrooms,mlp,1961,1,0
mushrooms,mlp,1962,0,0
mushrooms,mlp,1963,1,0
mushrooms,mlp,1964,1,0
mushrooms,mlp,1965,0,0
mushrooms,mlp,1966,1,0
mushrooms,mlp,1967,1,0
mushrooms,mlp,1968,0,0
mushrooms,mlp,1969,1,0
mushrooms,mlp,1970,0,0
mushrooms,mlp,1971,0,0
mushrooms,mlp,1972,1,0
mushrooms,mlp,1973,1,0
mushrooms,mlp,1974,0,0
mushrooms,mlp,1975,1,0
mushrooms,mlp,1976,1,0
mushrooms,mlp,1977,0,0
mushrooms,mlp,1978,1,0
mushrooms,mlp,1979,0,0
mushrooms,mlp,1980,1,0
mushrooms,mlp,1981,0,0
mushrooms,mlp,1982,1,0
mushrooms,mlp,1983,1,0
mushrooms,mlp,1984,1,0
mushrooms,mlp,1985,1,0
mushrooms,mlp,1986,1,0
mushrooms,mlp,1987,0,0
mushrooms,mlp,1988,0,0
mushrooms,mlp,1989,0,0
mushrooms,mlp,1990,0,0
mushrooms,mlp,1991,0,0
mushrooms,mlp,1992,0,0
mushrooms,mlp,1993,0,0
mushrooms,mlp,1994,1,0
mushrooms,mlp,1995,1,0
mushrooms,mlp,1996,1,0
mushrooms,mlp,1997,1,0
mushrooms,mlp,1998,1,0
mushrooms,mlp,1999,1,0
mushrooms,mlp,2000,0,0
mushrooms,mlp,2001,0,0
mushrooms,mlp,2002,1,0
mushrooms,mlp,2003,1,0
mushrooms,mlp,2004,0,0
mushrooms,mlp,2005,0,0
mushrooms,mlp,2006,1,0
mushrooms,mlp,2007,0,0
mushrooms,mlp,2008,0,0
mushrooms,mlp,2009,0,0
mushrooms,mlp,2010,0,0
mushrooms,mlp,2011,0,0
mushrooms,mlp,2012,0,0
mushrooms,mlp,2013,0,0
mushrooms,mlp,2014,1,0
mushrooms,mlp,2015,0,0
mushrooms,mlp,2016,0,0
mushrooms,mlp,2017,1,0
mushrooms,mlp,2018,0,0
mushrooms,mlp,2019,1,0
mushrooms,mlp,2020,0,0
mushrooms,mlp,2021,1,0
mushrooms,mlp,2022,0,0
mushrooms,mlp,2023,0,0
mushrooms,mlp,2024,0,0
mushrooms,mlp,2025,1,0
mushrooms,mlp,2026,0,0
mushrooms,mlp,2027,0,0
mushrooms,mlp,2028,0,0
mushrooms,mlp,2029,0,0
mushrooms,mlp,2030,0,0
mushrooms,mlp,2031,1,0
mushrooms,mlp,2032,1,0
mushrooms,mlp,2033,1,0
mushrooms,mlp,2034,0,0
mushrooms,mlp,2035,0,0
mushrooms,mlp,2036,1,0
mushrooms,mlp,2037,0,0
mushrooms,mlp,2038,0,0
mushrooms,mlp,2039,0,0
mushrooms,mlp,2040,0,0
mushrooms,mlp,2041,1,0
mushrooms,mlp,2042,1,0
mushrooms,mlp,2043,1,0
mushrooms,mlp,2044,0,0
mushrooms,mlp,2045,1,0
mushrooms,mlp,2046,1,0
mushrooms,mlp,2047,1,0
mushrooms,mlp,2048,1,0
mushrooms,mlp,2049,0,0
mushrooms,mlp,2050,1,0
mushrooms,mlp,2051,0,0
mushrooms,mlp,2052,0,0
mushrooms,mlp,2053,1,0
mushrooms,mlp,2054,1,0
mushrooms,mlp,2055,0,0
mushrooms,mlp,2056,1,0
mushrooms,mlp,2057,0,0
mushrooms,mlp,2058,1,0
mushrooms,mlp,2059,1,0
mushrooms,mlp,2060,1,0
mushrooms,mlp,2061,1,0
mushrooms,mlp,2062,0,0
mushrooms,mlp,2063,1,0
mushrooms,mlp,2064,0,0
mushrooms,mlp,2065,1,0
mushrooms,mlp,2066,1,0
mushrooms,mlp,2067,0,0
mushrooms,mlp,2068,1,0
mushrooms,mlp,2069,1,0
mushrooms,mlp,2070,1,0
mushrooms,mlp,2071,1,0
mushrooms,mlp,2072,0,0
mushrooms,mlp,2073,0,0
mushrooms,mlp,2074,1,0
mushrooms,mlp,2075,0,0
mushrooms,mlp,2076,0,0
mushrooms,mlp,2077,0,0
mushrooms,mlp,2078,0,0
mushrooms,mlp,2079,0,0
mushrooms,mlp,2080,1,0
mushrooms,mlp,2081,0,0
mushrooms,mlp,2082,1,0
mushrooms,mlp,2083,1,0
mushrooms,mlp,2084,0,0
mushrooms,mlp,2085,1,0
mushrooms,mlp,2086,1,0
mushrooms,mlp,2087,0,0
mushrooms,mlp,2088,0,0
mushrooms,mlp,2089,1,0
mushrooms,mlp,2090,1,0
mushrooms,mlp,2091,0,0
mushrooms,mlp,2092,1,0
mushrooms,mlp,2093,0,0
mushrooms,mlp,2094,1,0
mushrooms,mlp,2095,1,0
mushrooms,mlp,2096,1,0
mushrooms,mlp,2097,1,0
mushrooms,mlp,2098,1,0
mushrooms,mlp,2099,0,0
mushrooms,mlp,2100,0,0
mushrooms,mlp,2101,1,0
mushrooms,mlp,2102,0,0
mushrooms,mlp,2103,1,0
mushrooms,mlp,2104,1,0
mushrooms,mlp,2105,0,0
mushrooms,mlp,2106,1,0
mushrooms,mlp,2107,1,0
mushrooms,mlp,2108,1,0
mushrooms,mlp,2109,1,0
mushrooms,mlp,2110,0,0
mushrooms,mlp,2111,0,0
mushrooms,mlp,2112,1,0
mushrooms,mlp,2113,0,0
mushrooms,mlp,2114,1,0
mushrooms,mlp,2115,1,0
mushrooms,mlp,2116,0,0
mushrooms,mlp,2117,0,0
mushrooms,mlp,2118,0,0
mushrooms,mlp,2119,0,0
mushrooms,mlp,2120,1,0
mushrooms,mlp,2121,0,0
mushrooms,mlp,2122,1,0
mushrooms,mlp,2123,1,0
mushrooms,mlp,2124,0,0
mushrooms,mlp,2125,0,0
mushrooms,mlp,2126,0,0
mushrooms,mlp,2127,1,0
mushrooms,mlp,2128,0,0
mushrooms,mlp,2129,0,0
mushrooms,mlp,2130,1,0
mushrooms,mlp,2131,0,0
mushrooms,mlp,2132,1,0
mushrooms,mlp,2133,1,0
mushrooms,mlp,2134,1,0
mushrooms,mlp,2135,0,0
mushrooms,mlp,2136,1,0
mushrooms,mlp,2137,1,0
mushrooms,mlp,2138,0,0
mushrooms,mlp,2139,0,0
mushrooms,mlp,2140,0,0
mushrooms,mlp,2141,1,0
mushrooms,mlp,2142,1,0
mushrooms,mlp,2143,1,0
mushrooms,mlp,2144,0,0
mushrooms,mlp,2145,0,0
mushrooms,mlp,2146,1,0
mushrooms,mlp,2147,0,0
mushrooms,mlp,2148,0,0
mushrooms,mlp,2149,0,0
mushrooms,mlp,2150,1,0
mushrooms,mlp,2151,1,0
mushrooms,mlp,2152,1,0
mushrooms,mlp,2153,1,0
mushrooms,mlp,2154,0,0
mushrooms,mlp,2155,0,0
mushrooms,mlp,2156,1,0
mushrooms,mlp,2157,1,0
mushrooms,mlp,2158,1,0
mushrooms,mlp,2159,1,0
mushrooms,mlp,2160,1,0
mushrooms,mlp,2161,1,0
mushrooms,mlp,2162,0,0
mushrooms,mlp,2163,0,0
mushrooms,mlp,2164,1,0
mushrooms,mlp,2165,0,0
mushrooms,mlp,2166,1,0
mushrooms,mlp,2167,1,0
mushrooms,mlp,2168,0,0
mushrooms,mlp,2169,0,0
mushrooms,mlp,2170,0,0
mushrooms,mlp,2171,0,0
mushrooms,mlp,2172,1,0
mushrooms,mlp,2173,0,0
mushrooms,mlp,2174,0,0
mushrooms,mlp,2175,1,0
mushrooms,mlp,2176,0,0
mushrooms,mlp,2177,0,0
mushrooms,mlp,2178,1,0
mushrooms,mlp,2179,1,0
mushrooms,mlp,2180,1,0
mushrooms,mlp,2181,1,0
mushrooms,mlp,2182,1,0
mushrooms,mlp,2183,1,0
mushrooms,mlp,2184,0,0
mushrooms,mlp,2185,1,0
mushrooms,mlp,2186,1,0
mushrooms,mlp,2187,1,0
mushrooms,mlp,2188,0,0
mushrooms,mlp,2189,1,0
mushrooms,mlp,2190,1,0
mushrooms,mlp,2191,0,0
mushrooms,mlp,2192,1,0
mushrooms,mlp,2193,0,0
mushrooms,mlp,2194,1,0
mushrooms,mlp,2195,1,0
mushrooms,mlp,2196,0,0
mushrooms,mlp,2197,1,0
mushrooms,mlp,2198,0,0
mushrooms,mlp,2199,0,0
mushrooms,mlp,2200,1,0
mushrooms,mlp,2201,0,0
mushrooms,mlp,2202,1,0
mushrooms,mlp,2203,0,0
mushrooms,mlp,2204,0,0
mushrooms,mlp,2205,0,0
mushrooms,mlp,2206,1,0
mushrooms,mlp,2207,1,0
mushrooms,mlp,2208,0,0
mushrooms,mlp,2209,0,0
mushrooms,mlp,2210,1,0
mushrooms,mlp,2211,0,0
mushrooms,mlp,2212,0,0
mushrooms,mlp,2213,1,0
mushrooms,mlp,2214,0,0
mushrooms,mlp,2215,0,0
mushrooms,mlp,2216,0,0
mushrooms,mlp,2217,1,0
mushrooms,mlp,2218,1,0
mushrooms,mlp,2219,0,0
mushrooms,mlp,2220,0,0
mushrooms,mlp,2221,0,0
mushrooms,mlp,2222,1,0
mushrooms,mlp,2223,1,0
mushrooms,mlp,2224,0,0
mushrooms,mlp,2225,1,0
mushrooms,mlp,2226,1,0
mushrooms,mlp,2227,0,0
mushrooms,mlp,2228,0,0
mushrooms,mlp,2229,0,0
mushrooms,mlp,2230,0,0
mushrooms,mlp,2231,0,0
mushrooms,mlp,2232,1,0
mushrooms,mlp,2233,1,0
mushrooms,mlp,2234,1,0
mushrooms,mlp,2235,0,0
mushrooms,mlp,2236,1,0
mushrooms,mlp,2237,1,0
mushrooms,mlp,2238,1,0
mushrooms,mlp,2239,0,0
mushrooms,mlp,2240,1,0
mushrooms,mlp,2241,1,0
mushrooms,mlp,2242,0,0
mushrooms,mlp,2243,1,0
mushrooms,mlp,2244,1,0
mushrooms,mlp,2245,0,0
mushrooms,mlp,2246,0,0
mushrooms,mlp,2247,1,0
mushrooms,mlp,2248,1,0
mushrooms,mlp,2249,1,0
mushrooms,mlp,2250,0,0
mushrooms,mlp,2251,1,0
mushrooms,mlp,2252,1,0
mushrooms,mlp,2253,1,0
mushrooms,mlp,2254,1,0
mushrooms,mlp,2255,1,0
mushrooms,mlp,2256,1,0
mushrooms,mlp,2257,0,0
mushrooms,mlp,2258,0,0
mushrooms,mlp,2259,0,0
mushrooms,mlp,2260,0,0
mushrooms,mlp,2261,0,0
mushrooms,mlp,2262,0,0
mushrooms,mlp,2263,0,0
mushrooms,mlp,2264,0,0
mushrooms,mlp,2265,0,0
mushrooms,mlp,2266,0,0
mushrooms,mlp,2267,1,0
mushrooms,mlp,2268,0,0
mushrooms,mlp,2269,1,0
mushrooms,mlp,2270,1,0
mushrooms,mlp,2271,0,0
mushrooms,mlp,2272,0,0
mushrooms,mlp,2273,1,0
mushrooms,mlp,2274,1,0
mushrooms,mlp,2275,0,0
mushrooms,mlp,2276,1,0
mushrooms,mlp,2277,1,0
mushrooms,mlp,2278,0,0
mushrooms,mlp,2279,1,0
mushrooms,mlp,2280,1,0
mushrooms,mlp,2281,0,0
mushrooms,mlp,2282,1,0
mushrooms,mlp,2283,1,0
mushrooms,mlp,2284,0,0
mushrooms,mlp,2285,1,0
mushrooms,mlp,2286,0,0
mushrooms,mlp,2287,0,0
mushrooms,mlp,2288,0,0
mushrooms,mlp,2289,1,0
mushrooms,mlp,2290,0,0
mushrooms,mlp,2291,0,0
mushrooms,mlp,2292,0,0
mushrooms,mlp,2293,0,0
mushrooms,mlp,2294,1,0
mushrooms,mlp,2295,1,0
mushrooms,mlp,2296,1,0
mushrooms,mlp,2297,1,0
mushrooms,mlp,2298,1,0
mushrooms,mlp,2299,0,0
mushrooms,mlp,2300,1,0
mushrooms,mlp,2301,1,0
mushrooms,mlp,2302,1,0
mushrooms,mlp,2303,0,0
mushrooms,mlp,2304,0,0
mushrooms,mlp,2305,1,0
mushrooms,mlp,2306,0,0
mushrooms,mlp,2307,1,0
mushrooms,mlp,2308,1,0
mushrooms,mlp,2309,1,0
mushrooms,mlp,2310,0,0
mushrooms,mlp,2311,1,0
mushrooms,mlp,2312,0,0
mushrooms,mlp,2313,1,0
mushrooms,mlp,2314,0,0
mushrooms,mlp,2315,1,0
mushrooms,mlp,2316,1,0
mushrooms,mlp,2317,1,0
mushrooms,mlp,2318,0,0
mushrooms,mlp,2319,0,0
mushrooms,mlp,2320,1,0
mushrooms,mlp,2321,0,0
mushrooms,mlp,2322,0,0
mushrooms,mlp,2323,1,0
mushrooms,mlp,2324,1,0
mushrooms,mlp,2325,0,0
mushrooms,mlp,2326,0,0
mushrooms,mlp,2327,1,0
mushrooms,mlp,2328,1,0
mushrooms,mlp,2329,0,0
mushrooms,mlp,2330,1,0
mushrooms,mlp,2331,1,0
mushrooms,mlp,2332,0,0
mushrooms,mlp,2333,0,0
mushrooms,mlp,2334,1,0
mushrooms,mlp,2335,1,0
mushrooms,mlp,2336,0,0
mushrooms,mlp,2337,0,0
mushrooms,mlp,2338,1,0
mushrooms,mlp,2339,0,0
mushrooms,mlp,2340,1,0
mushrooms,mlp,2341,1,0
mushrooms,mlp,2342,1,0
mushrooms,mlp,2343,0,0
mushrooms,mlp,2344,1,0
mushrooms,mlp,2345,0,0
mushrooms,mlp,2346,0,0
mushrooms,mlp,2347,1,0
mushrooms,mlp,2348,0,0
mushrooms,mlp,2349,1,0
mushrooms,mlp,2350,0,0
mushrooms,mlp,2351,0,0
mushrooms,mlp,2352,1,0
mushrooms,mlp,2353,1,0
mushrooms,mlp,2354,1,0
mushrooms,mlp,2355,1,0
mushrooms,mlp,2356,1,0
mushrooms,mlp,2357,1,0
mushrooms,mlp,2358,1,0
mushrooms,mlp,2359,0,0
mushrooms,mlp,2360,0,0
mushrooms,mlp,2361,1,0
mushrooms,mlp,2362,1,0
mushrooms,mlp,2363,0,0
mushrooms,mlp,2364,1,0
mushrooms,mlp,2365,0,0
mushrooms,mlp,2366,0,0
mushrooms,mlp,2367,1,0
mushrooms,mlp,2368,0,0
mushrooms,mlp,2369,0,0
mushrooms,mlp,2370,0,0
mushrooms,mlp,2371,1,0
mushrooms,mlp,2372,1,0
mushrooms,mlp,2373,1,0
mushrooms,mlp,2374,0,0
mushrooms,mlp,2375,1,0
mushrooms,mlp,2376,0,0
mushrooms,mlp,2377,0,0
mushrooms,mlp,2378,1,0
mushrooms,mlp,2379,1,0
mushrooms,mlp,2380,1,0
mushrooms,mlp,2381,1,0
mushrooms,mlp,2382,1,0
mushrooms,mlp,2383,0,0
mushrooms,mlp,2384,1,0
mushrooms,mlp,2385,1,0
mushrooms,mlp,2386,0,0
mushrooms,mlp,2387,1,0
mushrooms,mlp,2388,1,0
mushrooms,mlp,2389,1,0
mushrooms,mlp,2390,1,0
mushrooms,mlp,2391,0,0
mushrooms,mlp,2392,1,0
mushrooms,mlp,2393,1,0
mushrooms,mlp,2394,1,0
mushrooms,mlp,2395,1,0
mushrooms,mlp,2396,1,0
mushrooms,mlp,2397,1,0
mushrooms,mlp,2398,0,0
mushrooms,mlp,2399,0,0
mushrooms,mlp,2400,0,0
mushrooms,mlp,2401,0,0
mushrooms,mlp,2402,0,0
mushrooms,mlp,2403,0,0
mushrooms,mlp,2404,1,0
mushrooms,mlp,2405,1,0
mushrooms,mlp,2406,1,0
mushrooms,mlp,2407,1,0
mushrooms,mlp,2408,1,0
mushrooms,mlp,2409,1,0
mushrooms,mlp,2410,1,0
mushrooms,mlp,2411,1,0
mushrooms,mlp,2412,0,0
mushrooms,mlp,2413,0,0
mushrooms,mlp,2414,1,0
mushrooms,mlp,2415,0,0
mushrooms,mlp,2416,1,0
mushrooms,mlp,2417,0,0
mushrooms,mlp,2418,0,0
mushrooms,mlp,2419,1,0
mushrooms,mlp,2420,0,0
mushrooms,mlp,2421,0,0
mushrooms,mlp,2422,0,0
mushrooms,mlp,2423,0,0
mushrooms,mlp,2424,0,0
mushrooms,mlp,2425,1,0
mushrooms,mlp,2426,1,0
mushrooms,mlp,2427,0,0
mushrooms,mlp,2428,1,0
mushrooms,mlp,2429,1,0
mushrooms,mlp,2430,1,0
mushrooms,mlp,2431,1,0
mushrooms,mlp,2432,0,0
mushrooms,mlp,2433,0,0
mushrooms,mlp,2434,1,0
mushrooms,mlp,2435,1,0
mushrooms,mlp,2436,0,0
mushrooms,mlp,2437,1,0
mushrooms,mlp,2438,0,0
mushrooms,mlp,2439,1,0
mushrooms,mlp,2440,1,0
mushrooms,mlp,2441,1,0
mushrooms,mlp,2442,1,0
mushrooms,mlp,2443,1,0
mushrooms,mlp,2444,1,0
mushrooms,mlp,2445,1,0
mushrooms,mlp,2446,1,0
mushrooms,mlp,2447,1,0
mushrooms,mlp,2448,1,0
mushrooms,mlp,2449,1,0
mushrooms,mlp,2450,1,0
mushrooms,mlp,2451,1,0
mushrooms,mlp,2452,0,0
mushrooms,mlp,2453,0,0
mushrooms,mlp,2454,1,0
mushrooms,mlp,2455,1,0
mushrooms,mlp,2456,1,0
mushrooms,mlp,2457,1,0
mushrooms,mlp,2458,1,0
mushrooms,mlp,2459,0,0
mushrooms,mlp,2460,0,0
mushrooms,mlp,2461,1,0
mushrooms,mlp,2462,1,0
mushrooms,mlp,2463,0,0
mushrooms,mlp,2464,0,0
mushrooms,mlp,2465,0,0
mushrooms,mlp,2466,1,0
mushrooms,mlp,2467,0,0
mushrooms,mlp,2468,1,0
mushrooms,mlp,2469,0,0
mushrooms,mlp,2470,1,0
mushrooms,mlp,2471,1,0
mushrooms,mlp,2472,1,0
mushrooms,mlp,2473,1,0
mushrooms,mlp,2474,0,0
mushrooms,mlp,2475,0,0
mushrooms,mlp,2476,1,0
mushrooms,mlp,2477,1,0
mushrooms,mlp,2478,0,0
mushrooms,mlp,2479,1,0
mushrooms,mlp,2480,0,0
mushrooms,mlp,2481,1,0
mushrooms,mlp,2482,1,0
mushrooms,mlp,2483,0,0
mushrooms,mlp,2484,1,0
mushrooms,mlp,2485,1,0
mushrooms,mlp,2486,0,0
mushrooms,mlp,2487,1,0
mushrooms,mlp,2488,1,0
mushrooms,mlp,2489,0,0
mushrooms,mlp,2490,1,0
mushrooms,mlp,2491,0,0
mushrooms,mlp,2492,1,0
mushrooms,mlp,2493,0,0
mushrooms,mlp,2494,1,0
mushrooms,mlp,2495,0,0
mushrooms,mlp,2496,1,0
mushrooms,mlp,2497,1,0
mushrooms,mlp,2498,1,0
mushrooms,mlp,2499,1,0
mushrooms,mlp,2500,1,0
mushrooms,mlp,2501,0,0
mushrooms,mlp,2502,0,0
mushrooms,mlp,2503,1,0
mushrooms,mlp,2504,1,0
mushrooms,mlp,2505,1,0
mushrooms,mlp,2506,0,0
mushrooms,mlp,2507,0,0
mushrooms,mlp,2508,0,0
mushrooms,mlp,2509,0,0
mushrooms,mlp,2510,0,0
mushrooms,mlp,2511,0,0
mushrooms,mlp,2512,1,0
mushrooms,mlp,2513,1,0
mushrooms,mlp,2514,1,0
mushrooms,mlp,2515,1,0
mushrooms,mlp,2516,0,0
mushrooms,mlp,2517,1,0
mushrooms,mlp,2518,1,0
mushrooms,mlp,2519,0,0
mushrooms,mlp,2520,0,0
mushrooms,mlp,2521,1,0
mushrooms,mlp,2522,1,0
mushrooms,mlp,2523,0,0
mushrooms,mlp,2524,0,0
mushrooms,mlp,2525,1,0
mushrooms,mlp,2526,1,0
mushrooms,mlp,2527,1,0
mushrooms,mlp,2528,0,0
mushrooms,mlp,2529,0,0
mushrooms,mlp,2530,1,0
mushrooms,mlp,2531,1,0
mushrooms,mlp,2532,1,0
mushrooms,mlp,2533,1,0
mushrooms,mlp,2534,0,0
mushrooms,mlp,2535,0,0
mushrooms,mlp,2536,1,0
mushrooms,mlp,2537,1,0
mushrooms,mlp,2538,0,0
mushrooms,mlp,2539,1,0
mushrooms,mlp,2540,0,0
mushrooms,mlp,2541,0,0
mushrooms,mlp,2542,0,0
mushrooms,mlp,2543,1,0
mushrooms,mlp,2544,0,0
mushrooms,mlp,2545,0,0
mushrooms,mlp,2546,1,0
mushrooms,mlp,2547,0,0
mushrooms,mlp,2548,1,0
mushrooms,mlp,2549,0,0
mushrooms,mlp,2550,1,0
mushrooms,mlp,2551,1,0
mushrooms,mlp,2552,1,0
mushrooms,mlp,2553,1,0
mushrooms,mlp,2554,1,0
mushrooms,mlp,2555,0,0
mushrooms,mlp,2556,1,0
mushrooms,mlp,2557,0,0
mushrooms,mlp,2558,0,0
mushrooms,mlp,2559,0,0
mushrooms,mlp,2560,1,0
mushrooms,mlp,2561,1,0
mushrooms,mlp,2562,0,0
mushrooms,mlp,2563,1,0
mushrooms,mlp,2564,0,0
mushrooms,mlp,2565,0,0
mushrooms,mlp,2566,1,0
mushrooms,mlp,2567,0,0
mushrooms,mlp,2568,0,0
mushrooms,mlp,2569,1,0
mushrooms,mlp,2570,1,0
mushrooms,mlp,2571,1,0
mushrooms,mlp,2572,0,0
mushrooms,mlp,2573,1,0
mushrooms,mlp,2574,0,0
mushrooms,mlp,2575,0,0
mushrooms,mlp,2576,0,0
mushrooms,mlp,2577,1,0
mushrooms,mlp,2578,1,0
mushrooms,mlp,2579,0,0
mushrooms,mlp,2580,0,0
mushrooms,mlp,2581,1,0
mushrooms,mlp,2582,1,0
mushrooms,mlp,2583,1,0
mushrooms,mlp,2584,1,0
mushrooms,mlp,2585,0,0
mushrooms,mlp,2586,0,0
mushrooms,mlp,2587,1,0
mushrooms,mlp,2588,0,0
mushrooms,mlp,2589,1,0
mushrooms,mlp,2590,0,0
mushrooms,mlp,2591,1,0
mushrooms,mlp,2592,0,0
mushrooms,mlp,2593,1,0
mushrooms,mlp,2594,1,0
mushrooms,mlp,2595,1,0
mushrooms,mlp,2596,0,0
mushrooms,mlp,2597,0,0
mushrooms,mlp,2598,0,0
mushrooms,mlp,2599,1,0
mushrooms,mlp,2600,1,0
mushrooms,mlp,2601,1,0
mushrooms,mlp,2602,0,0
mushrooms,mlp,2603,1,0
mushrooms,mlp,2604,1,0
mushrooms,mlp,2605,0,0
mushrooms,mlp,2606,1,0
mushrooms,mlp,2607,1,0
mushrooms,mlp,2608,0,0
mushrooms,mlp,2609,0,0
mushrooms,mlp,2610,1,0
mushrooms,mlp,2611,0,0
mushrooms,mlp,2612,1,0
mushrooms,mlp,2613,1,0
mushrooms,mlp,2614,1,0
mushrooms,mlp,2615,1,0
mushrooms,mlp,2616,0,0
mushrooms,mlp,2617,0,0
mushrooms,mlp,2618,1,0
mushrooms,mlp,2619,1,0
mushrooms,mlp,2620,0,0
mushrooms,mlp,2621,0,0
mushrooms,mlp,2622,0,0
mushrooms,mlp,2623,0,0
mushrooms,mlp,2624,1,0
mushrooms,mlp,2625,0,0
mushrooms,mlp,2626,0,0
mushrooms,mlp,2627,0,0
mushrooms,mlp,2628,0,0
mushrooms,mlp,2629,1,0
mushrooms,mlp,2630,0,0
mushrooms,mlp,2631,0,0
mushrooms,mlp,2632,0,0
mushrooms,mlp,2633,1,0
mushrooms,mlp,2634,1,0
mushrooms,mlp,2635,0,0
mushrooms,mlp,2636,0,0
mushrooms,mlp,2637,1,0
mushrooms,mlp,2638,1,0
mushrooms,mlp,2639,0,0
mushrooms,mlp,2640,0,0
mushrooms,mlp,2641,1,0
mushrooms,mlp,2642,0,0
mushrooms,mlp,2643,0,0
mushrooms,mlp,2644,0,0
mushrooms,mlp,2645,1,0
mushrooms,mlp,2646,0,0
mushrooms,mlp,2647,1,0
mushrooms,mlp,2648,0,0
mushrooms,mlp,2649,0,0
mushrooms,mlp,2650,1,0
mushrooms,mlp,2651,0,0
mushrooms,mlp,2652,0,0
mushrooms,mlp,2653,0,0
mushrooms,mlp,2654,1,0
mushrooms,mlp,2655,1,0
mushrooms,mlp,2656,1,0
mushrooms,mlp,2657,1,0
mushrooms,mlp,2658,1,0
mushrooms,mlp,2659,0,0
mushrooms,mlp,2660,1,0
mushrooms,mlp,2661,1,0
mushrooms,mlp,2662,0,0
mushrooms,mlp,2663,1,0
mushrooms,mlp,2664,0,0
mushrooms,mlp,2665,1,0
mushrooms,mlp,2666,1,0
mushrooms,mlp,2667,1,0
mushrooms,mlp,2668,1,0
mushrooms,mlp,2669,0,0
mushrooms,mlp,2670,1,0
mushrooms,mlp,2671,0,0
mushrooms,mlp,2672,1,0
mushrooms,mlp,2673,0,0
mushrooms,mlp,2674,1,0
mushrooms,mlp,2675,0,0
mushrooms,mlp,2676,0,0
mushrooms,mlp,2677,0,0
mushrooms,mlp,2678,1,0
mushrooms,mlp,2679,1,0
mushrooms,mlp,2680,0,0
mushrooms,mlp,2681,1,0
mushrooms,mlp,2682,1,0
mushrooms,mlp,2683,1,0
mushrooms,mlp,2684,1,0
mushrooms,mlp,2685,0,0
mushrooms,mlp,2686,0,0
mushrooms,mlp,2687,1,0
mushrooms,mlp,2688,0,0
mushrooms,mlp,2689,0,0
mushrooms,mlp,2690,0,0
mushrooms,mlp,2691,1,0
mushrooms,mlp,2692,0,0
mushrooms,mlp,2693,1,0
mushrooms,mlp,2694,0,0
mushrooms,mlp,2695,0,0
mushrooms,mlp,2696,1,0
mushrooms,mlp,2697,1,0
mushrooms,mlp,2698,1,0
mushrooms,mlp,2699,0,0
mushrooms,mlp,2700,1,0
mushrooms,mlp,2701,1,0
mushrooms,mlp,2702,1,0
mushrooms,mlp,2703,0,0
mushrooms,mlp,2704,0,0
mushrooms,mlp,2705,0,0
mushrooms,mlp,2706,1,0
mushrooms,mlp,2707,1,0
mushrooms,mlp,2708,0,0
mushrooms,mlp,2709,0,0
mushrooms,mlp,2710,1,0
mushrooms,mlp,2711,0,0
mushrooms,mlp,2712,0,0
mushrooms,mlp,2713,0,0
mushrooms,mlp,2714,1,0
mushrooms,mlp,2715,1,0
mushrooms,mlp,2716,1,0
mushrooms,mlp,2717,0,0
mushrooms,mlp,2718,0,0
mushrooms,mlp,2719,0,0
mushrooms,mlp,2720,0,0
mushrooms,mlp,2721,1,0
mushrooms,mlp,2722,0,0
mushrooms,mlp,2723,1,0
mushrooms,mlp,2724,0,0
mushrooms,mlp,2725,1,0
mushrooms,mlp,2726,0,0
mushrooms,mlp,2727,1,0
mushrooms,mlp,2728,0,0
mushrooms,mlp,2729,0,0
mushrooms,mlp,2730,0,0
mushrooms,mlp,2731,0,0
mushrooms,mlp,2732,0,0
mushrooms,mlp,2733,0,0
mushrooms,mlp,2734,1,0
mushrooms,mlp,2735,1,0
mushrooms,mlp,2736,0,0
mushrooms,mlp,2737,1,0
mushrooms,mlp,2738,1,0
mushrooms,mlp,2739,1,0
mushrooms,mlp,2740,1,0
mushrooms,mlp,2741,0,0
mushrooms,mlp,2742,0,0
mushrooms,mlp,2743,0,0
mushrooms,mlp,2744,1,0
mushrooms,mlp,2745,0,0
mushrooms,mlp,2746,0,0
mushrooms,mlp,2747,1,0
mushrooms,mlp,2748,1,0
mushrooms,mlp,2749,1,0
mushrooms,mlp,2750,0,0
mushrooms,mlp,2751,1,0
mushrooms,mlp,2752,0,0
mushrooms,mlp,2753,1,0
mushrooms,mlp,2754,0,0
mushrooms,mlp,2755,1,0
mushrooms,mlp,2756,1,0
mushrooms,mlp,2757,1,0
mushrooms,mlp,2758,0,0
mushrooms,mlp,2759,0,0
mushrooms,mlp,2760,1,0
mushrooms,mlp,2761,0,0
mushrooms,mlp,2762,0,0
mushrooms,mlp,2763,0,0
mushrooms,mlp,2764,0,0
mushrooms,mlp,2765,0,0
mushrooms,mlp,2766,0,0
mushrooms,mlp,2767,1,0
mushrooms,mlp,2768,1,0
mushrooms,mlp,2769,0,0
mushrooms,mlp,2770,1,0
mushrooms,mlp,2771,0,0
mushrooms,mlp,2772,1,0
mushrooms,mlp,2773,1,0
mushrooms,mlp,2774,1,0
mushrooms,mlp,2775,1,0
mushrooms,mlp,2776,0,0
mushrooms,mlp,2777,0,0
mushrooms,mlp,2778,1,0
mushrooms,mlp,2779,0,0
mushrooms,mlp,2780,1,0
mushrooms,mlp,2781,0,0
mushrooms,mlp,2782,0,0
mushrooms,mlp,2783,1,0
mushrooms,mlp,2784,1,0
mushrooms,mlp,2785,0,0
mushrooms,mlp,2786,1,0
mushrooms,mlp,2787,1,0
mushrooms,mlp,2788,0,0
mushrooms,mlp,2789,0,0
mushrooms,mlp,2790,0,0
mushrooms,mlp,2791,0,0
mushrooms,mlp,2792,1,0
mushrooms,mlp,2793,1,0
mushrooms,mlp,2794,1,0
mushrooms,mlp,2795,1,0
mushrooms,mlp,2796,1,0
mushrooms,mlp,2797,1,0
mushrooms,mlp,2798,0,0
mushrooms,mlp,2799,0,0
mushrooms,mlp,2800,1,0
mushrooms,mlp,2801,1,0
mushrooms,mlp,2802,0,0
mushrooms,mlp,2803,0,0
mushrooms,mlp,2804,1,0
mushrooms,mlp,2805,1,0
mushrooms,mlp,2806,1,0
mushrooms,mlp,2807,1,0
mushrooms,mlp,2808,0,0
mushrooms,mlp,2809,1,0
mushrooms,mlp,2810,1,0
mushrooms,mlp,2811,1,0
mushrooms,mlp,2812,0,0
mushrooms,mlp,2813,0,0
mushrooms,mlp,2814,0,0
mushrooms,mlp,2815,1,0
mushrooms,mlp,2816,1,0
mushrooms,mlp,2817,0,0
mushrooms,mlp,2818,1,0
mushrooms,mlp,2819,1,0
mushrooms,mlp,2820,1,0
mushrooms,mlp,2821,1,0
mushrooms,mlp,2822,0,0
mushrooms,mlp,2823,0,0
mushrooms,mlp,2824,1,0
mushrooms,mlp,2825,0,0
mushrooms,mlp,2826,1,0
mushrooms,mlp,2827,1,0
mushrooms,mlp,2828,1,0
mushrooms,mlp,2829,1,0
mushrooms,mlp,2830,0,0
mushrooms,mlp,2831,0,0
mushrooms,mlp,2832,0,0
mushrooms,mlp,2833,1,0
mushrooms,mlp,2834,1,0
mushrooms,mlp,2835,0,0
mushrooms,mlp,2836,1,0
mushrooms,mlp,2837,0,0
mushrooms,mlp,2838,1,0
mushrooms,mlp,2839,0,0
mushrooms,mlp,2840,1,0
mushrooms,mlp,2841,0,0
mushrooms,mlp,2842,1,0
mushrooms,mlp,2843,1,0
mushrooms,mlp,2844,1,0
mushrooms,mlp,2845,0,0
mushrooms,mlp,2846,1,0
mushrooms,mlp,2847,0,0
mushrooms,mlp,2848,1,0
mushrooms,mlp,2849,1,0
mushrooms,mlp,2850,1,0
mushrooms,mlp,2851,1,0
mushrooms,mlp,2852,1,0
mushrooms,mlp,2853,0,0
mushrooms,mlp,2854,1,0
mushrooms,mlp,2855,1,0
mushrooms,mlp,2856,1,0
mushrooms,mlp,2857,0,0
mushrooms,mlp,2858,1,0
mushrooms,mlp,2859,1,0
mushrooms,mlp,2860,0,0
mushrooms,mlp,2861,1,0
mushrooms,mlp,2862,0,0
mushrooms,mlp,2863,0,0
mushrooms,mlp,2864,1,0
mushrooms,mlp,2865,1,0
mushrooms,mlp,2866,0,0
mushrooms,mlp,2867,1,0
mushrooms,mlp,2868,1,0
mushrooms,mlp,2869,1,0
mushrooms,mlp,2870,0,0
mushrooms,mlp,2871,1,0
mushrooms,mlp,2872,1,0
mushrooms,mlp,2873,0,0
mushrooms,mlp,2874,0,0
mushrooms,mlp,2875,0,0
mushrooms,mlp,2876,0,0
mushrooms,mlp,2877,0,0
mushrooms,mlp,2878,1,0
mushrooms,mlp,2879,0,0
mushrooms,mlp,2880,0,0
mushrooms,mlp,2881,0,0
mushrooms,mlp,2882,0,0
mushrooms,mlp,2883,0,0
mushrooms,mlp,2884,1,0
mushrooms,mlp,2885,0,0
mushrooms,mlp,2886,1,0
mushrooms,mlp,2887,1,0
mushrooms,mlp,2888,0,0
mushrooms,mlp,2889,1,0
mushrooms,mlp,2890,0,0
mushrooms,mlp,2891,0,0
mushrooms,mlp,2892,0,0
mushrooms,mlp,2893,1,0
mushrooms,mlp,2894,1,0
mushrooms,mlp,2895,0,0
mushrooms,mlp,2896,1,0
mushrooms,mlp,2897,1,0
mushrooms,mlp,2898,1,0
mushrooms,mlp,2899,1,0
mushrooms,mlp,2900,1,0
mushrooms,mlp,2901,1,0
mushrooms,mlp,2902,0,0
mushrooms,mlp,2903,1,0
mushrooms,mlp,2904,1,0
mushrooms,mlp,2905,0,0
mushrooms,mlp,2906,0,0
mushrooms,mlp,2907,1,0
mushrooms,mlp,2908,0,0
mushrooms,mlp,2909,1,0
mushrooms,mlp,2910,1,0
mushrooms,mlp,2911,0,0
mushrooms,mlp,2912,1,0
mushrooms,mlp,2913,1,0
mushrooms,mlp,2914,0,0
mushrooms,mlp,2915,1,0
mushrooms,mlp,2916,1,0
mushrooms,mlp,2917,1,0
mushrooms,mlp,2918,0,0
mushrooms,mlp,2919,1,0
mushrooms,mlp,2920,1,0
mushrooms,mlp,2921,1,0
mushrooms,mlp,2922,0,0
mushrooms,mlp,2923,1,0
mushrooms,mlp,2924,1,0
mushrooms,mlp,2925,1,0
mushrooms,mlp,2926,0,0
mushrooms,mlp,2927,1,0
mushrooms,mlp,2928,0,0
mushrooms,mlp,2929,1,0
mushrooms,mlp,2930,1,0
mushrooms,mlp,2931,1,0
mushrooms,mlp,2932,1,0
mushrooms,mlp,2933,0,0
mushrooms,mlp,2934,0,0
mushrooms,mlp,2935,1,0
mushrooms,mlp,2936,1,0
mushrooms,mlp,2937,0,0
mushrooms,mlp,2938,1,0
mushrooms,mlp,2939,1,0
mushrooms,mlp,2940,0,0
mushrooms,mlp,2941,1,0
mushrooms,mlp,2942,0,0
mushrooms,mlp,2943,1,0
mushrooms,mlp,2944,0,0
mushrooms,mlp,2945,0,0
mushrooms,mlp,2946,1,0
mushrooms,mlp,2947,0,0
mushrooms,mlp,2948,1,0
mushrooms,mlp,2949,1,0
mushrooms,mlp,2950,0,0
mushrooms,mlp,2951,1,0
mushrooms,mlp,2952,0,0
mushrooms,mlp,2953,0,0
mushrooms,mlp,2954,1,0
mushrooms,mlp,2955,0,0
mushrooms,mlp,2956,0,0
mushrooms,mlp,2957,0,0
mushrooms,mlp,2958,0,0
mushrooms,mlp,2959,1,0
mushrooms,mlp,2960,1,0
mushrooms,mlp,2961,1,0
mushrooms,mlp,2962,0,0
mushrooms,mlp,2963,1,0
mushrooms,mlp,2964,1,0
mushrooms,mlp,2965,1,0
mushrooms,mlp,2966,0,0
mushrooms,mlp,2967,0,0
mushrooms,mlp,2968,0,0
mushrooms,mlp,2969,0,0
mushrooms,mlp,2970,0,0
mushrooms,mlp,2971,0,0
mushrooms,mlp,2972,0,0
mushrooms,mlp,2973,1,0
mushrooms,mlp,2974,0,0
mushrooms,mlp,2975,0,0
mushrooms,mlp,2976,0,0
mushrooms,mlp,2977,0,0
mushrooms,mlp,2978,0,0
mushrooms,mlp,2979,1,0
mushrooms,mlp,2980,0,0
mushrooms,mlp,2981,0,0
mushrooms,mlp,2982,1,0
mushrooms,mlp,2983,1,0
mushrooms,mlp,2984,0,0
mushrooms,mlp,2985,1,0
mushrooms,mlp,2986,1,0
mushrooms,mlp,2987,0,0
mushrooms,mlp,2988,0,0
mushrooms,mlp,2989,0,0
mushrooms,mlp,2990,0,0
mushrooms,mlp,2991,0,0
mushrooms,mlp,2992,1,0
mushrooms,mlp,2993,1,0
mushrooms,mlp,2994,1,0
mushrooms,mlp,2995,1,0
mushrooms,mlp,2996,1,0
mushrooms,mlp,2997,1,0
mushrooms,mlp,2998,1,0
mushrooms,mlp,2999,1,0
mushrooms,mlp,3000,1,0
mushrooms,mlp,3001,0,0
mushrooms,mlp,3002,0,0
mushrooms,mlp,3003,1,0
mushrooms,mlp,3004,0,0
mushrooms,mlp,3005,0,0
mushrooms,mlp,3006,0,0
mushrooms,mlp,3007,1,0
mushrooms,mlp,3008,1,0
mushrooms,mlp,3009,0,0
mushrooms,mlp,3010,0,0
mushrooms,mlp,3011,1,0
mushrooms,mlp,3012,0,0
mushrooms,mlp,3013,0,0
mushrooms,mlp,3014,0,0
mushrooms,mlp,3015,1,0
mushrooms,mlp,3016,1,0
mushrooms,mlp,3017,1,0
mushrooms,mlp,3018,1,0
mushrooms,mlp,3019,1,0
mushrooms,mlp,3020,0,0
mushrooms,mlp,3021,0,0
mushrooms,mlp,3022,0,0
mushrooms,mlp,3023,1,0
mushrooms,mlp,3024,0,0
mushrooms,mlp,3025,1,0
mushrooms,mlp,3026,0,0
mushrooms,mlp,3027,1,0
mushrooms,mlp,3028,0,0
mushrooms,mlp,3029,0,0
mushrooms,mlp,3030,0,0
mushrooms,mlp,3031,1,0
mushrooms,mlp,3032,0,0
mushrooms,mlp,3033,0,0
mushrooms,mlp,3034,0,0
mushrooms,mlp,3035,0,0
mushrooms,mlp,3036,0,0
mushrooms,mlp,3037,0,0
mushrooms,mlp,3038,1,0
mushrooms,mlp,3039,0,0
mushrooms,mlp,3040,1,0
mushrooms,mlp,3041,1,0
mushrooms,mlp,3042,1,0
mushrooms,mlp,3043,0,0
mushrooms,mlp,3044,1,0
mushrooms,mlp,3045,1,0
mushrooms,mlp,3046,1,0
mushrooms,mlp,3047,0,0
mushrooms,mlp,3048,1,0
mushrooms,mlp,3049,1,0
mushrooms,mlp,3050,1,0
mushrooms,mlp,3051,1,0
mushrooms,mlp,3052,0,0
mushrooms,mlp,3053,1,0
mushrooms,mlp,3054,1,0
mushrooms,mlp,3055,0,0
mushrooms,mlp,3056,0,0
mushrooms,mlp,3057,0,0
mushrooms,mlp,3058,0,0
mushrooms,mlp,3059,0,0
mushrooms,mlp,3060,0,0
mushrooms,mlp,3061,0,0
mushrooms,mlp,3062,1,0
mushrooms,mlp,3063,0,0
mushrooms,mlp,3064,1,0
mushrooms,mlp,3065,1,0
mushrooms,mlp,3066,1,0
mushrooms,mlp,3067,0,0
mushrooms,mlp,3068,1,0
mushrooms,mlp,3069,1,0
mushrooms,mlp,3070,0,0
mushrooms,mlp,3071,1,0
mushrooms,mlp,3072,1,0
mushrooms,mlp,3073,0,0
mushrooms,mlp,3074,0,0
mushrooms,mlp,3075,1,0
mushrooms,mlp,3076,0,0
mushrooms,mlp,3077,0,0
mushrooms,mlp,3078,0,0
mushrooms,mlp,3079,0,0
mushrooms,mlp,3080,0,0
mushrooms,mlp,3081,0,0
mushrooms,mlp,3082,0,0
mushrooms,mlp,3083,1,0
mushrooms,mlp,3084,1,0
mushrooms,mlp,3085,1,0
mushrooms,mlp,3086,0,0
mushrooms,mlp,3087,0,0
mushrooms,mlp,3088,0,0
mushrooms,mlp,3089,1,0
mushrooms,mlp,3090,1,0
mushrooms,mlp,3091,1,0
mushrooms,mlp,3092,0,0
mushrooms,mlp,3093,0,0
mushrooms,mlp,3094,1,0
mushrooms,mlp,3095,1,0
mushrooms,mlp,3096,0,0
mushrooms,mlp,3097,0,0
mushrooms,mlp,3098,1,0
mushrooms,mlp,3099,1,0
mushrooms,mlp,3100,1,0
mushrooms,mlp,3101,1,0
mushrooms,mlp,3102,0,0
mushrooms,mlp,3103,0,0
mushrooms,mlp,3104,0,0
mushrooms,mlp,3105,1,0
mushrooms,mlp,3106,0,0
mushrooms,mlp,3107,1,0
mushrooms,mlp,3108,1,0
mushrooms,mlp,3109,0,0
mushrooms,mlp,3110,0,0
mushrooms,mlp,3111,1,0
mushrooms,mlp,3112,0,0
mushrooms,mlp,3113,1,0
mushrooms,mlp,3114,0,0
mushrooms,mlp,3115,1,0
mushrooms,mlp,3116,1,0
mushrooms,mlp,3117,0,0
mushrooms,mlp,3118,0,0
mushrooms,mlp,3119,0,0
mushrooms,mlp,3120,1,0
mushrooms,mlp,3121,0,0
mushrooms,mlp,3122,0,0
mushrooms,mlp,3123,1,0
mushrooms,mlp,3124,0,0
mushrooms,mlp,3125,1,0
mushrooms,mlp,3126,0,0
mushrooms,mlp,3127,1,0
mushrooms,mlp,3128,1,0
mushrooms,mlp,3129,1,0
mushrooms,mlp,3130,1,0
mushrooms,mlp,3131,1,0
mushrooms,mlp,3132,0,0
mushrooms,mlp,3133,0,0
mushrooms,mlp,3134,1,0
mushrooms,mlp,3135,0,0
mushrooms,mlp,3136,1,0
mushrooms,mlp,3137,1,0
mushrooms,mlp,3138,0,0
mushrooms,mlp,3139,0,0
mushrooms,mlp,3140,1,0
mushrooms,mlp,3141,0,0
mushrooms,mlp,3142,0,0
mushrooms,mlp,3143,0,0
mushrooms,mlp,3144,1,0
mushrooms,mlp,3145,1,0
mushrooms,mlp,3146,1,0
mushrooms,mlp,3147,1,0
mushrooms,mlp,3148,1,0
mushrooms,mlp,3149,0,0
mushrooms,mlp,3150,1,0
mushrooms,mlp,3151,1,0
mushrooms,mlp,3152,0,0
mushrooms,mlp,3153,1,0
mushrooms,mlp,3154,1,0
mushrooms,mlp,3155,1,0
mushrooms,mlp,3156,0,0
mushrooms,mlp,3157,0,0
mushrooms,mlp,3158,1,0
mushrooms,mlp,3159,1,0
mushrooms,mlp,3160,0,0
mushrooms,mlp,3161,0,0
mushrooms,mlp,3162,0,0
mushrooms,mlp,3163,0,0
mushrooms,mlp,3164,1,0
mushrooms,mlp,3165,1,0
mushrooms,mlp,3166,1,0
mushrooms,mlp,3167,0,0
mushrooms,mlp,3168,1,0
mushrooms,mlp,3169,0,0
mushrooms,mlp,3170,0,0
mushrooms,mlp,3171,1,0
mushrooms,mlp,3172,1,0
mushrooms,mlp,3173,0,0
mushrooms,mlp,3174,1,0
mushrooms,mlp,3175,1,0
mushrooms,mlp,3176,0,0
mushrooms,mlp,3177,1,0
mushrooms,mlp,3178,1,0
mushrooms,mlp,3179,0,0
mushrooms,mlp,3180,1,0
mushrooms,mlp,3181,0,0
mushrooms,mlp,3182,0,0
mushrooms,mlp,3183,1,0
mushrooms,mlp,3184,1,0
mushrooms,mlp,3185,0,0
mushrooms,mlp,3186,0,0
mushrooms,mlp,3187,1,0
mushrooms,mlp,3188,1,0
mushrooms,mlp,3189,1,0
mushrooms,mlp,3190,1,0
mushrooms,mlp,3191,1,0
mushrooms,mlp,3192,0,0
mushrooms,mlp,3193,1,0
mushrooms,mlp,3194,0,0
mushrooms,mlp,3195,0,0
mushrooms,mlp,3196,0,0
mushrooms,mlp,3197,1,0
mushrooms,mlp,3198,0,0
mushrooms,mlp,3199,0,0
mushrooms,mlp,3200,1,0
mushrooms,mlp,3201,0,0
mushrooms,mlp,3202,1,0
mushrooms,mlp,3203,1,0
mushrooms,mlp,3204,1,0
mushrooms,mlp,3205,0,0
mushrooms,mlp,3206,0,0
mushrooms,mlp,3207,1,0
mushrooms,mlp,3208,1,0
mushrooms,mlp,3209,1,0
mushrooms,mlp,3210,0,0
mushrooms,mlp,3211,0,0
mushrooms,mlp,3212,0,0
mushrooms,mlp,3213,0,0
mushrooms,mlp,3214,0,0
mushrooms,mlp,3215,0,0
mushrooms,mlp,3216,1,0
mushrooms,mlp,3217,1,0
mushrooms,mlp,3218,1,0
mushrooms,mlp,3219,0,0
mushrooms,mlp,3220,0,0
mushrooms,mlp,3221,1,0
mushrooms,mlp,3222,0,0
mushrooms,mlp,3223,1,0
mushrooms,mlp,3224,1,0
mushrooms,mlp,3225,1,0
mushrooms,mlp,3226,0,0
mushrooms,mlp,3227,1,0
mushrooms,mlp,3228,1,0
mushrooms,mlp,3229,0,0
mushrooms,mlp,3230,0,0
mushrooms,mlp,3231,1,0
mushrooms,mlp,3232,0,0
mushrooms,mlp,3233,0,0
mushrooms,mlp,3234,1,0
mushrooms,mlp,3235,0,0
mushrooms,mlp,3236,0,0
mushrooms,mlp,3237,1,0
mushrooms,mlp,3238,1,0
mushrooms,mlp,3239,1,0
mushrooms,mlp,3240,1,0
mushrooms,mlp,3241,1,0
mushrooms,mlp,3242,0,0
mushrooms,mlp,3243,1,0
mushrooms,mlp,3244,1,0
mushrooms,mlp,3245,1,0
mushrooms,mlp,3246,0,0
mushrooms,mlp,3247,0,0
mushrooms,mlp,3248,1,0
mushrooms,mlp,3249,1,0
mushrooms,mlp,3250,0,0
mushrooms,mlp,3251,0,0
mushrooms,mlp,3252,1,0
mushrooms,mlp,3253,0,0
mushrooms,mlp,3254,1,0
mushrooms,mlp,3255,0,0
mushrooms,mlp,3256,0,0
mushrooms,mlp,3257,0,0
mushrooms,mlp,3258,1,0
mushrooms,mlp,3259,0,0
mushrooms,mlp,3260,0,0
mushrooms,mlp,3261,0,0
mushrooms,mlp,3262,1,0
mushrooms,mlp,3263,0,0
mushrooms,mlp,3264,0,0
mushrooms,mlp,3265,1,0
mushrooms,mlp,3266,1,0
mushrooms,mlp,3267,1,0
mushrooms,mlp,3268,1,0
mushrooms,mlp,3269,0,0
mushrooms,mlp,3270,1,0
mushrooms,mlp,3271,1,0
mushrooms,mlp,3272,0,0
mushrooms,mlp,3273,1,0
mushrooms,mlp,3274,0,0
mushrooms,mlp,3275,0,0
mushrooms,mlp,3276,1,0
mushrooms,mlp,3277,1,0
mushrooms,mlp,3278,1,0
mushrooms,mlp,3279,0,0
mushrooms,mlp,3280,0,0
mushrooms,mlp,3281,1,0
mushrooms,mlp,3282,1,0
mushrooms,mlp,3283,0,0
mushrooms,mlp,3284,0,0
mushrooms,mlp,3285,1,0
mushrooms,mlp,3286,0,0
mushrooms,mlp,3287,1,0
mushrooms,mlp,3288,0,0
mushrooms,mlp,3289,1,0
mushrooms,mlp,3290,0,0
mushrooms,mlp,3291,1,0
mushrooms,mlp,3292,0,0
mushrooms,mlp,3293,0,0
mushrooms,mlp,3294,0,0
mushrooms,mlp,3295,1,0
mushrooms,mlp,3296,0,0
mushrooms,mlp,3297,0,0
mushrooms,mlp,3298,0,0
mushrooms,mlp,3299,1,0
mushrooms,mlp,3300,1,0
mushrooms,mlp,3301,1,0
mushrooms,mlp,3302,0,0
mushrooms,mlp,3303,0,0
mushrooms,mlp,3304,0,0
mushrooms,mlp,3305,1,0
mushrooms,mlp,3306,1,0
mushrooms,mlp,3307,1,0
mushrooms,mlp,3308,1,0
mushrooms,mlp,3309,0,0
mushrooms,mlp,3310,0,0
mushrooms,mlp,3311,1,0
mushrooms,mlp,3312,1,0
mushrooms,mlp,3313,0,0
mushrooms,mlp,3314,1,0
mushrooms,mlp,3315,1,0
mushrooms,mlp,3316,1,0
mushrooms,mlp,3317,0,0
mushrooms,mlp,3318,0,0
mushrooms,mlp,3319,1,0
mushrooms,mlp,3320,0,0
mushrooms,mlp,3321,1,0
mushrooms,mlp,3322,0,0
mushrooms,mlp,3323,1,0
mushrooms,mlp,3324,0,0
mushrooms,mlp,3325,0,0
mushrooms,mlp,3326,0,0
mushrooms,mlp,3327,0,0
mushrooms,mlp,3328,1,0
mushrooms,mlp,3329,0,0
mushrooms,mlp,3330,1,0
mushrooms,mlp,3331,1,0
mushrooms,mlp,3332,1,0
mushrooms,mlp,3333,0,0
mushrooms,mlp,3334,1,0
mushrooms,mlp,3335,1,0
mushrooms,mlp,3336,0,0
mushrooms,mlp,3337,0,0
mushrooms,mlp,3338,0,0
mushrooms,mlp,3339,1,0
mushrooms,mlp,3340,0,0
mushrooms,mlp,3341,1,0
mushrooms,mlp,3342,1,0
mushrooms,mlp,3343,1,0
mushrooms,mlp,3344,0,0
mushrooms,mlp,3345,0,0
mushrooms,mlp,3346,1,0
mushrooms,mlp,3347,1,0
mushrooms,mlp,3348,1,0
mushrooms,mlp,3349,0,0
mushrooms,mlp,3350,0,0
mushrooms,mlp,3351,0,0
mushrooms,mlp,3352,0,0
mushrooms,mlp,3353,1,0
mushrooms,mlp,3354,0,0
mushrooms,mlp,3355,1,0
mushrooms,mlp,3356,1,0
mushrooms,mlp,3357,1,0
mushrooms,mlp,3358,1,0
mushrooms,mlp,3359,1,0
mushrooms,mlp,3360,1,0
mushrooms,mlp,3361,0,0
mushrooms,mlp,3362,0,0
mushrooms,mlp,3363,0,0
mushrooms,mlp,3364,1,0
mushrooms,mlp,3365,1,0
mushrooms,mlp,3366,1,0
mushrooms,mlp,3367,1,0
mushrooms,mlp,3368,1,0
mushrooms,mlp,3369,1,0
mushrooms,mlp,3370,1,0
mushrooms,mlp,3371,1,0
mushrooms,mlp,3372,0,0
mushrooms,mlp,3373,1,0
mushrooms,mlp,3374,1,0
mushrooms,mlp,3375,1,0
mushrooms,mlp,3376,0,0
mushrooms,mlp,3377,0,0
mushrooms,mlp,3378,0,0
mushrooms,mlp,3379,0,0
mushrooms,mlp,3380,0,0
mushrooms,mlp,3381,1,0
mushrooms,mlp,3382,1,0
mushrooms,mlp,3383,1,0
mushrooms,mlp,3384,1,0
mushrooms,mlp,3385,1,0
mushrooms,mlp,3386,0,0
mushrooms,mlp,3387,1,0
mushrooms,mlp,3388,1,0
mushrooms,mlp,3389,0,0
mushrooms,mlp,3390,0,0
mushrooms,mlp,3391,0,0
mushrooms,mlp,3392,1,0
mushrooms,mlp,3393,0,0
mushrooms,mlp,3394,0,0
mushrooms,mlp,3395,1,0
mushrooms,mlp,3396,0,0
mushrooms,mlp,3397,1,0
mushrooms,mlp,3398,1,0
mushrooms,mlp,3399,0,0
mushrooms,mlp,3400,0,0
mushrooms,mlp,3401,0,0
mushrooms,mlp,3402,0,0
mushrooms,mlp,3403,0,0
mushrooms,mlp,3404,0,0
mushrooms,mlp,3405,1,0
mushrooms,mlp,3406,1,0
mushrooms,mlp,3407,1,0
mushrooms,mlp,3408,1,0
mushrooms,mlp,3409,1,0
mushrooms,mlp,3410,1,0
mushrooms,mlp,3411,0,0
mushrooms,mlp,3412,0,0
mushrooms,mlp,3413,1,0
mushrooms,mlp,3414,1,0
mushrooms,mlp,3415,1,0
mushrooms,mlp,3416,1,0
mushrooms,mlp,3417,1,0
mushrooms,mlp,3418,1,0
mushrooms,mlp,3419,0,0
mushrooms,mlp,3420,1,0
mushrooms,mlp,3421,1,0
mushrooms,mlp,3422,0,0
mushrooms,mlp,3423,1,0
mushrooms,mlp,3424,0,0
mushrooms,mlp,3425,0,0
mushrooms,mlp,3426,1,0
mushrooms,mlp,3427,1,0
mushrooms,mlp,3428,1,0
mushrooms,mlp,3429,0,0
mushrooms,mlp,3430,1,0
mushrooms,mlp,3431,0,0
mushrooms,mlp,3432,0,0
mushrooms,mlp,3433,1,0
mushrooms,mlp,3434,1,0
mushrooms,mlp,3435,1,0
mushrooms,mlp,3436,1,0
mushrooms,mlp,3437,0,0
mushrooms,mlp,3438,1,0
mushrooms,mlp,3439,1,0
mushrooms,mlp,3440,1,0
mushrooms,mlp,3441,0,0
mushrooms,mlp,3442,1,0
mushrooms,mlp,3443,0,0
mushrooms,mlp,3444,0,0
mushrooms,mlp,3445,0,0
mushrooms,mlp,3446,1,0
mushrooms,mlp,3447,1,0
mushrooms,mlp,3448,1,0
mushrooms,mlp,3449,1,0
mushrooms,mlp,3450,0,0
mushrooms,mlp,3451,0,0
mushrooms,mlp,3452,1,0
mushrooms,mlp,3453,1,0
mushrooms,mlp,3454,0,0
mushrooms,mlp,3455,1,0
mushrooms,mlp,3456,0,0
mushrooms,mlp,3457,0,0
mushrooms,mlp,3458,1,0
mushrooms,mlp,3459,1,0
mushrooms,mlp,3460,0,0
mushrooms,mlp,3461,1,0
mushrooms,mlp,3462,0,0
mushrooms,mlp,3463,1,0
mushrooms,mlp,3464,0,0
mushrooms,mlp,3465,1,0
mushrooms,mlp,3466,0,0
mushrooms,mlp,3467,0,0
mushrooms,mlp,3468,0,0
mushrooms,mlp,3469,1,0
mushrooms,mlp,3470,0,0
mushrooms,mlp,3471,0,0
mushrooms,mlp,3472,0,0
mushrooms,mlp,3473,0,0
mushrooms,mlp,3474,1,0
mushrooms,mlp,3475,1,0
mushrooms,mlp,3476,0,0
mushrooms,mlp,3477,0,0
mushrooms,mlp,3478,1,0
mushrooms,mlp,3479,1,0
mushrooms,mlp,3480,1,0
mushrooms,mlp,3481,0,0
mushrooms,mlp,3482,0,0
mushrooms,mlp,3483,0,0
mushrooms,mlp,3484,1,0
mushrooms,mlp,3485,1,0
mushrooms,mlp,3486,1,0
mushrooms,mlp,3487,1,0
mushrooms,mlp,3488,1,0
mushrooms,mlp,3489,1,0
mushrooms,mlp,3490,0,0
mushrooms,mlp,3491,1,0
mushrooms,mlp,3492,1,0
mushrooms,mlp,3493,0,0
mushrooms,mlp,3494,0,0
mushrooms,mlp,3495,0,0
mushrooms,mlp,3496,1,0
mushrooms,mlp,3497,1,0
mushrooms,mlp,3498,0,0
mushrooms,mlp,3499,0,0
mushrooms,mlp,3500,1,0
mushrooms,mlp,3501,0,0
mushrooms,mlp,3502,1,0
mushrooms,mlp,3503,1,0
mushrooms,mlp,3504,0,0
mushrooms,mlp,3505,0,0
mushrooms,mlp,3506,0,0
mushrooms,mlp,3507,0,0
mushrooms,mlp,3508,1,0
mushrooms,mlp,3509,0,0
mushrooms,mlp,3510,1,0
mushrooms,mlp,3511,1,0
mushrooms,mlp,3512,1,0
mushrooms,mlp,3513,1,0
mushrooms,mlp,3514,0,0
mushrooms,mlp,3515,0,0
mushrooms,mlp,3516,1,0
mushrooms,mlp,3517,0,0
mushrooms,mlp,3518,0,0
mushrooms,mlp,3519,1,0
mushrooms,mlp,3520,1,0
mushrooms,mlp,3521,1,0
mushrooms,mlp,3522,0,0
mushrooms,mlp,3523,1,0
mushrooms,mlp,3524,1,0
mushrooms,mlp,3525,1,0
mushrooms,mlp,3526,1,0
mushrooms,mlp,3527,0,0
mushrooms,mlp,3528,1,0
mushrooms,mlp,3529,0,0
mushrooms,mlp,3530,1,0
mushrooms,mlp,3531,1,0
mushrooms,mlp,3532,0,0
mushrooms,mlp,3533,0,0
mushrooms,mlp,3534,0,0
mushrooms,mlp,3535,1,0
mushrooms,mlp,3536,0,0
mushrooms,mlp,3537,1,0
mushrooms,mlp,3538,1,0
mushrooms,mlp,3539,0,0
mushrooms,mlp,3540,1,0
mushrooms,mlp,3541,0,0
mushrooms,mlp,3542,1,0
mushrooms,mlp,3543,0,0
mushrooms,mlp,3544,1,0
mushrooms,mlp,3545,1,0
mushrooms,mlp,3546,0,0
mushrooms,mlp,3547,0,0
mushrooms,mlp,3548,1,0
mushrooms,mlp,3549,1,0
mushrooms,mlp,3550,1,0
mushrooms,mlp,3551,1,0
mushrooms,mlp,3552,0,0
mushrooms,mlp,3553,1,0
mushrooms,mlp,3554,0,0
mushrooms,mlp,3555,0,0
mushrooms,mlp,3556,1,0
mushrooms,mlp,3557,0,0
mushrooms,mlp,3558,1,0
mushrooms,mlp,3559,1,0
mushrooms,mlp,3560,1,0
mushrooms,mlp,3561,0,0
mushrooms,mlp,3562,0,0
mushrooms,mlp,3563,1,0
mushrooms,mlp,3564,0,0
mushrooms,mlp,3565,1,0
mushrooms,mlp,3566,0,0
mushrooms,mlp,3567,1,0
mushrooms,mlp,3568,0,0
mushrooms,mlp,3569,1,0
mushrooms,mlp,3570,1,0
mushrooms,mlp,3571,0,0
mushrooms,mlp,3572,1,0
mushrooms,mlp,3573,1,0
mushrooms,mlp,3574,0,0
mushrooms,mlp,3575,0,0
mushrooms,mlp,3576,1,0
mushrooms,mlp,3577,1,0
mushrooms,mlp,3578,1,0
mushrooms,mlp,3579,1,0
mushrooms,mlp,3580,1,0
mushrooms,mlp,3581,0,0
mushrooms,mlp,3582,1,0
mushrooms,mlp,3583,1,0
mushrooms,mlp,3584,0,0
mushrooms,mlp,3585,1,0
mushrooms,mlp,3586,0,0
mushrooms,mlp,3587,0,0
mushrooms,mlp,3588,0,0
mushrooms,mlp,3589,1,0
mushrooms,mlp,3590,0,0
mushrooms,mlp,3591,0,0
mushrooms,mlp,3592,0,0
mushrooms,mlp,3593,1,0
mushrooms,mlp,3594,1,0
mushrooms,mlp,3595,0,0
mushrooms,mlp,3596,1,0
mushrooms,mlp,3597,1,0
mushrooms,mlp,3598,1,0
mushrooms,mlp,3599,1,0
mushrooms,mlp,3600,1,0
mushrooms,mlp,3601,1,0
mushrooms,mlp,3602,0,0
mushrooms,mlp,3603,1,0
mushrooms,mlp,3604,0,0
mushrooms,mlp,3605,1,0
mushrooms,mlp,3606,0,0
mushrooms,mlp,3607,1,0
mushrooms,mlp,3608,0,0
mushrooms,mlp,3609,0,0
mushrooms,mlp,3610,1,0
mushrooms,mlp,3611,0,0
mushrooms,mlp,3612,0,0
mushrooms,mlp,3613,0,0
mushrooms,mlp,3614,1,0
mushrooms,mlp,3615,1,0
mushrooms,mlp,3616,1,0
mushrooms,mlp,3617,0,0
mushrooms,mlp,3618,0,0
mushrooms,mlp,3619,0,0
mushrooms,mlp,3620,1,0
mushrooms,mlp,3621,1,0
mushrooms,mlp,3622,1,0
mushrooms,mlp,3623,1,0
mushrooms,mlp,3624,0,0
mushrooms,mlp,3625,0,0
mushrooms,mlp,3626,1,0
mushrooms,mlp,3627,0,0
mushrooms,mlp,3628,1,0
mushrooms,mlp,3629,1,0
mushrooms,mlp,3630,1,0
mushrooms,mlp,3631,1,0
mushrooms,mlp,3632,0,0
mushrooms,mlp,3633,1,0
mushrooms,mlp,3634,0,0
mushrooms,mlp,3635,0,0
mushrooms,mlp,3636,0,0
mushrooms,mlp,3637,1,0
mushrooms,mlp,3638,0,0
mushrooms,mlp,3639,0,0
mushrooms,mlp,3640,1,0
mushrooms,mlp,3641,0,0
mushrooms,mlp,3642,1,0
mushrooms,mlp,3643,1,0
mushrooms,mlp,3644,0,0
mushrooms,mlp,3645,0,0
mushrooms,mlp,3646,1,0
mushrooms,mlp,3647,1,0
mushrooms,mlp,3648,1,0
mushrooms,mlp,3649,0,0
mushrooms,mlp,3650,0,0
mushrooms,mlp,3651,1,0
mushrooms,mlp,3652,1,0
mushrooms,mlp,3653,1,0
mushrooms,mlp,3654,1,0
mushrooms,mlp,3655,1,0
mushrooms,mlp,3656,0,0
mushrooms,mlp,3657,1,0
mushrooms,mlp,3658,1,0
mushrooms,mlp,3659,1,0
mushrooms,mlp,3660,1,0
mushrooms,mlp,3661,0,0
mushrooms,mlp,3662,1,0
mushrooms,mlp,3663,1,0
mushrooms,mlp,3664,1,0
mushrooms,mlp,3665,1,0
mushrooms,mlp,3666,1,0
mushrooms,mlp,3667,0,0
mushrooms,mlp,3668,1,0
mushrooms,mlp,3669,0,0
mushrooms,mlp,3670,0,0
mushrooms,mlp,3671,0,0
mushrooms,mlp,3672,0,0
mushrooms,mlp,3673,0,0
mushrooms,mlp,3674,1,0
mushrooms,mlp,3675,0,0
mushrooms,mlp,3676,1,0
mushrooms,mlp,3677,1,0
mushrooms,mlp,3678,1,0
mushrooms,mlp,3679,1,0
mushrooms,mlp,3680,0,0
mushrooms,mlp,3681,0,0
mushrooms,mlp,3682,1,0
mushrooms,mlp,3683,0,0
mushrooms,mlp,3684,0,0
mushrooms,mlp,3685,0,0
mushrooms,mlp,3686,1,0
mushrooms,mlp,3687,1,0
mushrooms,mlp,3688,1,0
mushrooms,mlp,3689,1,0
mushrooms,mlp,3690,1,0
mushrooms,mlp,3691,1,0
mushrooms,mlp,3692,0,0
mushrooms,mlp,3693,0,0
mushrooms,mlp,3694,1,0
mushrooms,mlp,3695,1,0
mushrooms,mlp,3696,1,0
mushrooms,mlp,3697,1,0
mushrooms,mlp,3698,0,0
mushrooms,mlp,3699,0,0
mushrooms,mlp,3700,0,0
mushrooms,mlp,3701,0,0
mushrooms,mlp,3702,1,0
mushrooms,mlp,3703,1,0
mushrooms,mlp,3704,0,0
mushrooms,mlp,3705,1,0
mushrooms,mlp,3706,1,0
mushrooms,mlp,3707,1,0
mushrooms,mlp,3708,0,0
mushrooms,mlp,3709,1,0
mushrooms,mlp,3710,0,0
mushrooms,mlp,3711,1,0
mushrooms,mlp,3712,0,0
mushrooms,mlp,3713,1,0
mushrooms,mlp,3714,1,0
mushrooms,mlp,3715,0,0
mushrooms,mlp,3716,0,0
mushrooms,mlp,3717,0,0
mushrooms,mlp,3718,1,0
mushrooms,mlp,3719,1,0
mushrooms,mlp,3720,0,0
mushrooms,mlp,3721,1,0
mushrooms,mlp,3722,1,0
mushrooms,mlp,3723,0,0
mushrooms,mlp,3724,1,0
mushrooms,mlp,3725,0,0
mushrooms,mlp,3726,1,0
mushrooms,mlp,3727,1,0
mushrooms,mlp,3728,1,0
mushrooms,mlp,3729,1,0
mushrooms,mlp,3730,1,0
mushrooms,mlp,3731,1,0
mushrooms,mlp,3732,1,0
mushrooms,mlp,3733,1,0
mushrooms,mlp,3734,0,0
mushrooms,mlp,3735,1,0
mushrooms,mlp,3736,1,0
mushrooms,mlp,3737,1,0
mushrooms,mlp,3738,1,0
mushrooms,mlp,3739,1,0
mushrooms,mlp,3740,1,0
mushrooms,mlp,3741,0,0
mushrooms,mlp,3742,0,0
mushrooms,mlp,3743,0,0
mushrooms,mlp,3744,1,0
mushrooms,mlp,3745,0,0
mushrooms,mlp,3746,1,0
mushrooms,mlp,3747,1,0
mushrooms,mlp,3748,1,0
mushrooms,mlp,3749,1,0
mushrooms,mlp,3750,0,0
mushrooms,mlp,3751,0,0
mushrooms,mlp,3752,1,0
mushrooms,mlp,3753,0,0
mushrooms,mlp,3754,1,0
mushrooms,mlp,3755,0,0
mushrooms,mlp,3756,1,0
mushrooms,mlp,3757,0,0
mushrooms,mlp,3758,0,0
mushrooms,mlp,3759,1,0
mushrooms,mlp,3760,0,0
mushrooms,mlp,3761,0,0
mushrooms,mlp,3762,1,0
mushrooms,mlp,3763,1,0
mushrooms,mlp,3764,0,0
mushrooms,mlp,3765,0,0
mushrooms,mlp,3766,0,0
mushrooms,mlp,3767,1,0
mushrooms,mlp,3768,1,0
mushrooms,mlp,3769,1,0
mushrooms,mlp,3770,1,0
mushrooms,mlp,3771,0,0
mushrooms,mlp,3772,1,0
mushrooms,mlp,3773,1,0
mushrooms,mlp,3774,0,0
mushrooms,mlp,3775,1,0
mushrooms,mlp,3776,1,0
mushrooms,mlp,3777,0,0
mushrooms,mlp,3778,1,0
mushrooms,mlp,3779,0,0
mushrooms,mlp,3780,1,0
mushrooms,mlp,3781,0,0
mushrooms,mlp,3782,1,0
mushrooms,mlp,3783,1,0
mushrooms,mlp,3784,0,0
mushrooms,mlp,3785,0,0
mushrooms,mlp,3786,0,0
mushrooms,mlp,3787,0,0
mushrooms,mlp,3788,0,0
mushrooms,mlp,3789,1,0
mushrooms,mlp,3790,0,0
mushrooms,mlp,3791,1,0
mushrooms,mlp,3792,1,0
mushrooms,mlp,3793,1,0
mushrooms,mlp,3794,1,0
mushrooms,mlp,3795,0,0
mushrooms,mlp,3796,0,0
mushrooms,mlp,3797,0,0
mushrooms,mlp,3798,0,0
mushrooms,mlp,3799,0,0
mushrooms,mlp,3800,0,0
mushrooms,mlp,3801,0,0
mushrooms,mlp,3802,1,0
mushrooms,mlp,3803,1,0
mushrooms,mlp,3804,0,0
mushrooms,mlp,3805,1,0
mushrooms,mlp,3806,1,0
mushrooms,mlp,3807,0,0
mushrooms,mlp,3808,0,0
mushrooms,mlp,3809,1,0
mushrooms,mlp,3810,0,0
mushrooms,mlp,3811,1,0
mushrooms,mlp,3812,1,0
mushrooms,mlp,3813,1,0
mushrooms,mlp,3814,0,0
mushrooms,mlp,3815,0,0
mushrooms,mlp,3816,0,0
mushrooms,mlp,3817,0,0
mushrooms,mlp,3818,1,0
mushrooms,mlp,3819,1,0
mushrooms,mlp,3820,0,0
mushrooms,mlp,3821,1,0
mushrooms,mlp,3822,0,0
mushrooms,mlp,3823,0,0
mushrooms,mlp,3824,1,0
mushrooms,mlp,3825,0,0
mushrooms,mlp,3826,1,0
mushrooms,mlp,3827,1,0
mushrooms,mlp,3828,0,0
mushrooms,mlp,3829,1,0
mushrooms,mlp,3830,1,0
mushrooms,mlp,3831,0,0
mushrooms,mlp,3832,1,0
mushrooms,mlp,3833,1,0
mushrooms,mlp,3834,0,0
mushrooms,mlp,3835,0,0
mushrooms,mlp,3836,1,0
mushrooms,mlp,3837,1,0
mushrooms,mlp,3838,1,0
mushrooms,mlp,3839,1,0
mushrooms,mlp,3840,1,0
mushrooms,mlp,3841,1,0
mushrooms,mlp,3842,0,0
mushrooms,mlp,3843,1,0
mushrooms,mlp,3844,0,0
mushrooms,mlp,3845,1,0
mushrooms,mlp,3846,0,0
mushrooms,mlp,3847,1,0
mushrooms,mlp,3848,1,0
mushrooms,mlp,3849,0,0
mushrooms,mlp,3850,1,0
mushrooms,mlp,3851,1,0
mushrooms,mlp,3852,0,0
mushrooms,mlp,3853,0,0
mushrooms,mlp,3854,0,0
mushrooms,mlp,3855,1,0
mushrooms,mlp,3856,0,0
mushrooms,mlp,3857,1,0
mushrooms,mlp,3858,0,0
mushrooms,mlp,3859,0,0
mushrooms,mlp,3860,1,0
mushrooms,mlp,3861,1,0
mushrooms,mlp,3862,0,0
mushrooms,mlp,3863,0,0
mushrooms,mlp,3864,1,0
mushrooms,mlp,3865,0,0
mushrooms,mlp,3866,0,0
mushrooms,mlp,3867,1,0
mushrooms,mlp,3868,0,0
mushrooms,mlp,3869,1,0
mushrooms,mlp,3870,1,0
mushrooms,mlp,3871,0,0
mushrooms,mlp,3872,1,0
mushrooms,mlp,3873,1,0
mushrooms,mlp,3874,1,0
mushrooms,mlp,3875,0,0
mushrooms,mlp,3876,1,0
mushrooms,mlp,3877,0,0
mushrooms,mlp,3878,1,0
mushrooms,mlp,3879,1,0
mushrooms,mlp,3880,1,0
mushrooms,mlp,3881,0,0
mushrooms,mlp,3882,0,0
mushrooms,mlp,3883,0,0
mushrooms,mlp,3884,0,0
mushrooms,mlp,3885,0,0
mushrooms,mlp,3886,0,0
mushrooms,mlp,3887,0,0
mushrooms,mlp,3888,1,0
mushrooms,mlp,3889,0,0
mushrooms,mlp,3890,1,0
mushrooms,mlp,3891,1,0
mushrooms,mlp,3892,1,0
mushrooms,mlp,3893,0,0
mushrooms,mlp,3894,1,0
mushrooms,mlp,3895,1,0
mushrooms,mlp,3896,0,0
mushrooms,mlp,3897,1,0
mushrooms,mlp,3898,1,0
mushrooms,mlp,3899,0,0
mushrooms,mlp,3900,1,0
mushrooms,mlp,3901,1,0
mushrooms,mlp,3902,0,0
mushrooms,mlp,3903,1,0
mushrooms,mlp,3904,0,0
mushrooms,mlp,3905,0,0
mushrooms,mlp,3906,1,0
mushrooms,mlp,3907,1,0
mushrooms,mlp,3908,0,0
mushrooms,mlp,3909,1,0
mushrooms,mlp,3910,1,0
mushrooms,mlp,3911,0,0
mushrooms,mlp,3912,1,0
mushrooms,mlp,3913,1,0
mushrooms,mlp,3914,1,0
mushrooms,mlp,3915,1,0
mushrooms,mlp,3916,0,0
mushrooms,mlp,3917,0,0
mushrooms,mlp,3918,0,0
mushrooms,mlp,3919,0,0
mushrooms,mlp,3920,0,0
mushrooms,mlp,3921,1,0
mushrooms,mlp,3922,0,0
mushrooms,mlp,3923,1,0
mushrooms,mlp,3924,0,0
mushrooms,mlp,3925,0,0
mushrooms,mlp,3926,1,0
mushrooms,mlp,3927,0,0
mushrooms,mlp,3928,1,0
mushrooms,mlp,3929,0,0
mushrooms,mlp,3930,0,0
mushrooms,mlp,3931,1,0
mushrooms,mlp,3932,1,0
mushrooms,mlp,3933,0,0
mushrooms,mlp,3934,1,0
mushrooms,mlp,3935,1,0
mushrooms,mlp,3936,1,0
mushrooms,mlp,3937,1,0
mushrooms,mlp,3938,0,0
wine_quality,mlp,0,1,0
wine_quality,mlp,1,0,0
wine_quality,mlp,2,0,0
wine_quality,mlp,3,0,0
wine_quality,mlp,4,1,0
wine_quality,mlp,5,0,0
wine_quality,mlp,6,1,0
wine_quality,mlp,7,1,0
wine_quality,mlp,8,0,0
wine_quality,mlp,9,1,0
wine_quality,mlp,10,1,0
wine_quality,mlp,11,0,0
wine_quality,mlp,12,0,0
wine_quality,mlp,13,1,0
wine_quality,mlp,14,0,0
wine_quality,mlp,15,0,0
wine_quality,mlp,16,0,0
wine_quality,mlp,17,1,0
wine_quality,mlp,18,1,0
wine_quality,mlp,19,1,0
wine_quality,mlp,20,1,0
wine_quality,mlp,21,1,0
wine_quality,mlp,22,1,0
wine_quality,mlp,23,1,0
wine_quality,mlp,24,0,0
wine_quality,mlp,25,1,0
wine_quality,mlp,26,1,0
wine_quality,mlp,27,0,0
wine_quality,mlp,28,1,0
wine_quality,mlp,29,1,0
wine_quality,mlp,30,1,0
wine_quality,mlp,31,0,0
wine_quality,mlp,32,1,0
wine_quality,mlp,33,0,0
wine_quality,mlp,34,1,0
wine_quality,mlp,35,1,0
wine_quality,mlp,36,0,0
wine_quality,mlp,37,1,0
wine_quality,mlp,38,0,0
wine_quality,mlp,39,0,0
wine_quality,mlp,40,1,0
wine_quality,mlp,41,0,0
wine_quality,mlp,42,1,0
wine_quality,mlp,43,0,0
wine_quality,mlp,44,0,0
wine_quality,mlp,45,1,0
wine_quality,mlp,46,1,0
wine_quality,mlp,47,1,0
wine_quality,mlp,48,0,0
wine_quality,mlp,49,1,0
wine_quality,mlp,50,0,0
wine_quality,mlp,51,1,0
wine_quality,mlp,52,1,0
wine_quality,mlp,53,0,0
wine_quality,mlp,54,0,0
wine_quality,mlp,55,1,0
wine_quality,mlp,56,0,0
wine_quality,mlp,57,1,0
wine_quality,mlp,58,1,0
wine_quality,mlp,59,1,0
wine_quality,mlp,60,0,0
wine_quality,mlp,61,0,0
wine_quality,mlp,62,0,0
wine_quality,mlp,63,1,0
wine_quality,mlp,64,0,0
wine_quality,mlp,65,0,0
wine_quality,mlp,66,0,0
wine_quality,mlp,67,0,0
wine_quality,mlp,68,0,0
wine_quality,mlp,69,0,0
wine_quality,mlp,70,1,0
wine_quality,mlp,71,0,0
wine_quality,mlp,72,0,0
wine_quality,mlp,73,0,0
wine_quality,mlp,74,0,0
wine_quality,mlp,75,1,0
wine_quality,mlp,76,1,0
wine_quality,mlp,77,1,0
wine_quality,mlp,78,0,0
wine_quality,mlp,79,1,0
wine_quality,mlp,80,0,0
wine_quality,mlp,81,0,0
wine_quality,mlp,82,1,0
wine_quality,mlp,83,1,0
wine_quality,mlp,84,1,0
wine_quality,mlp,85,1,0
wine_quality,mlp,86,0,0
wine_quality,mlp,87,1,0
wine_quality,mlp,88,1,0
wine_quality,mlp,89,1,0
wine_quality,mlp,90,0,0
wine_quality,mlp,91,1,0
wine_quality,mlp,92,1,0
wine_quality,mlp,93,0,0
wine_quality,mlp,94,1,0
wine_quality,mlp,95,1,0
wine_quality,mlp,96,0,0
wine_quality,mlp,97,0,0
wine_quality,mlp,98,1,0
wine_quality,mlp,99,1,0
wine_quality,mlp,100,1,0
wine_quality,mlp,101,0,0
wine_quality,mlp,102,1,0
wine_quality,mlp,103,0,0
wine_quality,mlp,104,1,0
wine_quality,mlp,105,1,0
wine_quality,mlp,106,0,0
wine_quality,mlp,107,1,0
wine_quality,mlp,108,0,0
wine_quality,mlp,109,0,0
wine_quality,mlp,110,1,0
wine_quality,mlp,111,1,0
wine_quality,mlp,112,0,0
wine_quality,mlp,113,0,0
wine_quality,mlp,114,0,0
wine_quality,mlp,115,0,0
wine_quality,mlp,116,1,0
wine_quality,mlp,117,1,0
wine_quality,mlp,118,0,0
wine_quality,mlp,119,0,0
wine_quality,mlp,120,0,0
wine_quality,mlp,121,1,0
forest_cover,xgboost,0,1,0
forest_cover,xgboost,1,0,0
forest_cover,xgboost,2,1,0
forest_cover,xgboost,3,1,0
forest_cover,xgboost,4,1,0
forest_cover,xgboost,5,1,0
forest_cover,xgboost,6,0,0
forest_cover,xgboost,7,0,0
forest_cover,xgboost,8,0,0
forest_cover,xgboost,9,1,0
forest_cover,xgboost,10,1,0
forest_cover,xgboost,11,1,0
forest_cover,xgboost,12,0,0
forest_cover,xgboost,13,1,0
forest_cover,xgboost,14,0,0
forest_cover,xgboost,15,0,0
forest_cover,xgboost,16,1,0
forest_cover,xgboost,17,0,0
forest_cover,xgboost,18,0,0
forest_cover,xgboost,19,0,0
forest_cover,xgboost,20,0,0
forest_cover,xgboost,21,0,0
forest_cover,xgboost,22,1,0
forest_cover,xgboost,23,0,0
forest_cover,xgboost,24,0,0
forest_cover,xgboost,25,1,0
forest_cover,xgboost,26,0,0
forest_cover,xgboost,27,1,0
forest_cover,xgboost,28,0,0
forest_cover,xgboost,29,0,0
forest_cover,xgboost,30,0,0
forest_cover,xgboost,31,0,0
forest_cover,xgboost,32,1,0
forest_cover,xgboost,33,0,0
forest_cover,xgboost,34,0,0
forest_cover,xgboost,35,1,0
forest_cover,xgboost,36,0,0
forest_cover,xgboost,37,1,0
forest_cover,xgboost,38,1,0
forest_cover,xgboost,39,1,0
forest_cover,xgboost,40,0,0
forest_cover,xgboost,41,1,0
forest_cover,xgboost,42,0,0
forest_cover,xgboost,43,0,0
forest_cover,xgboost,44,1,0
forest_cover,xgboost,45,0,0
forest_cover,xgboost,46,0,0
forest_cover,xgboost,47,0,0
forest_cover,xgboost,48,0,0
forest_cover,xgboost,49,0,0
forest_cover,xgboost,50,1,0
forest_cover,xgboost,51,1,0
forest_cover,xgboost,52,1,0
forest_cover,xgboost,53,1,0
forest_cover,xgboost,54,1,0
forest_cover,xgboost,55,1,0
forest_cover,xgboost,56,1,0
forest_cover,xgboost,57,0,0
forest_cover,xgboost,58,1,0
forest_cover,xgboost,59,1,0
forest_cover,xgboost,60,1,0
forest_cover,xgboost,61,0,0
forest_cover,xgboost,62,0,0
forest_cover,xgboost,63,1,0
forest_cover,xgboost,64,0,0
forest_cover,xgboost,65,0,0
forest_cover,xgboost,66,1,0
forest_cover,xgboost,67,1,0
forest_cover,xgboost,68,0,0
forest_cover,xgboost,69,1,0
forest_cover,xgboost,70,0,0
forest_cover,xgboost,71,0,0
forest_cover,xgboost,72,0,0
forest_cover,xgboost,73,0,0
forest_cover,xgboost,74,0,0
forest_cover,xgboost,75,0,0
forest_cover,xgboost,76,0,0
forest_cover,xgboost,77,1,0
forest_cover,xgboost,78,1,0
forest_cover,xgboost,79,1,0
forest_cover,xgboost,80,1,0
forest_cover,xgboost,81,0,0
forest_cover,xgboost,82,1,0
forest_cover,xgboost,83,1,0
forest_cover,xgboost,84,0,0
forest_cover,xgboost,85,1,0
forest_cover,xgboost,86,1,0
forest_cover,xgboost,87,1,0
forest_cover,xgboost,88,1,0
forest_cover,xgboost,89,1,0
forest_cover,xgboost,90,1,0
forest_cover,xgboost,91,1,0
forest_cover,xgboost,92,1,0
forest_cover,xgboost,93,1,0
forest_cover,xgboost,94,1,0
forest_cover,xgboost,95,0,0
forest_cover,xgboost,96,1,0
forest_cover,xgboost,97,1,0
forest_cover,xgboost,98,0,0
forest_cover,xgboost,99,0,0
forest_cover,xgboost,100,0,0
forest_cover,xgboost,101,0,0
forest_cover,xgboost,102,1,0
forest_cover,xgboost,103,1,0
forest_cover,xgboost,104,1,0
forest_cover,xgboost,105,0,0
forest_cover,xgboost,106,1,0
forest_cover,xgboost,107,0,0
forest_cover,xgboost,108,1,0
forest_cover,xgboost,109,0,0
forest_cover,xgboost,110,1,0
forest_cover,xgboost,111,1,0
forest_cover,xgboost,112,0,0
forest_cover,xgboost,113,0,0
forest_cover,xgboost,114,0,0
forest_cover,xgboost,115,0,0
forest_cover,xgboost,116,1,0
forest_cover,xgboost,117,1,0
forest_cover,xgboost,118,0,0
forest_cover,xgboost,119,1,0
forest_cover,xgboost,120,1,0
forest_cover,xgboost,121,0,0
forest_cover,xgboost,122,1,0
forest_cover,xgboost,123,1,0
forest_cover,xgboost,124,0,0
forest_cover,xgboost,125,1,0
forest_cover,xgboost,126,1,0
forest_cover,xgboost,127,0,0
forest_cover,xgboost,128,0,0
forest_cover,xgboost,129,1,0
forest_cover,xgboost,130,0,0
forest_cover,xgboost,131,1,0
forest_cover,xgboost,132,1,0
forest_cover,xgboost,133,1,0
forest_cover,xgboost,134,1,0
forest_cover,xgboost,135,1,0
forest_cover,xgboost,136,0,0
forest_cover,xgboost,137,0,0
forest_cover,xgboost,138,1,0
forest_cover,xgboost,139,0,0
forest_cover,xgboost,140,1,0
forest_cover,xgboost,141,0,0
forest_cover,xgboost,142,0,0
forest_cover,xgboost,143,1,0
forest_cover,xgboost,144,1,0
forest_cover,xgboost,145,1,0
forest_cover,xgboost,146,1,0
forest_cover,xgboost,147,0,0
forest_cover,xgboost,148,0,0
forest_cover,xgboost,149,0,0
forest_cover,xgboost,150,0,0
forest_cover,xgboost,151,1,0
forest_cover,xgboost,152,0,0
forest_cover,xgboost,153,1,0
forest_cover,xgboost,154,0,0
forest_cover,xgboost,155,0,0
forest_cover,xgboost,156,1,0
forest_cover,xgboost,157,0,0
forest_cover,xgboost,158,0,0
forest_cover,xgboost,159,1,0
forest_cover,xgboost,160,0,0
forest_cover,xgboost,161,1,0
forest_cover,xgboost,162,0,0
forest_cover,xgboost,163,0,0
forest_cover,xgboost,164,1,0
forest_cover,xgboost,165,1,0
forest_cover,xgboost,166,1,0
forest_cover,xgboost,167,1,0
forest_cover,xgboost,168,0,0
forest_cover,xgboost,169,0,0
forest_cover,xgboost,170,1,0
forest_cover,xgboost,171,0,0
forest_cover,xgboost,172,1,0
forest_cover,xgboost,173,1,0
forest_cover,xgboost,174,0,0
forest_cover,xgboost,175,1,0
forest_cover,xgboost,176,0,0
forest_cover,xgboost,177,1,0
forest_cover,xgboost,178,0,0
forest_cover,xgboost,179,1,0
forest_cover,xgboost,180,1,0
forest_cover,xgboost,181,1,0
forest_cover,xgboost,182,1,0
forest_cover,xgboost,183,0,0
forest_cover,xgboost,184,1,0
forest_cover,xgboost,185,0,0
forest_cover,xgboost,186,1,0
forest_cover,xgboost,187,1,0
forest_cover,xgboost,188,0,0
forest_cover,xgboost,189,0,0
forest_cover,xgboost,190,1,0
forest_cover,xgboost,191,1,0
forest_cover,xgboost,192,1,0
forest_cover,xgboost,193,0,0
forest_cover,xgboost,194,0,0
forest_cover,xgboost,195,1,0
forest_cover,xgboost,196,0,0
forest_cover,xgboost,197,1,0
forest_cover,xgboost,198,0,0
forest_cover,xgboost,199,1,0
forest_cover,xgboost,200,0,0
forest_cover,xgboost,201,0,0
forest_cover,xgboost,202,1,0
forest_cover,xgboost,203,0,0
forest_cover,xgboost,204,0,0
forest_cover,xgboost,205,0,0
forest_cover,xgboost,206,1,0
forest_cover,xgboost,207,1,0
forest_cover,xgboost,208,1,0
forest_cover,xgboost,209,0,0
forest_cover,xgboost,210,0,0
forest_cover,xgboost,211,1,0
forest_cover,xgboost,212,1,0
forest_cover,xgboost,213,1,0
forest_cover,xgboost,214,0,0
forest_cover,xgboost,215,1,0
forest_cover,xgboost,216,1,0
forest_cover,xgboost,217,0,0
forest_cover,xgboost,218,1,0
forest_cover,xgboost,219,1,0
forest_cover,xgboost,220,1,0
forest_cover,xgboost,221,0,0
forest_cover,xgboost,222,0,0
forest_cover,xgboost,223,0,0
forest_cover,xgboost,224,1,0
forest_cover,xgboost,225,1,0
forest_cover,xgboost,226,0,0
forest_cover,xgboost,227,1,0
forest_cover,xgboost,228,1,0
forest_cover,xgboost,229,1,0
forest_cover,xgboost,230,1,0
forest_cover,xgboost,231,0,0
forest_cover,xgboost,232,1,0
forest_cover,xgboost,233,0,0
forest_cover,xgboost,234,1,0
forest_cover,xgboost,235,1,0
forest_cover,xgboost,236,0,0
forest_cover,xgboost,237,0,0
forest_cover,xgboost,238,0,0
forest_cover,xgboost,239,1,0
forest_cover,xgboost,240,1,0
forest_cover,xgboost,241,1,0
forest_cover,xgboost,242,1,0
forest_cover,xgboost,243,0,0
forest_cover,xgboost,244,0,0
forest_cover,xgboost,245,1,0
forest_cover,xgboost,246,0,0
forest_cover,xgboost,247,0,0
forest_cover,xgboost,248,0,0
forest_cover,xgboost,249,1,0
forest_cover,xgboost,250,1,0
forest_cover,xgboost,251,1,0
forest_cover,xgboost,252,0,0
forest_cover,xgboost,253,1,0
forest_cover,xgboost,254,1,0
forest_cover,xgboost,255,1,0
forest_cover,xgboost,256,0,0
forest_cover,xgboost,257,0,0
forest_cover,xgboost,258,1,0
forest_cover,xgboost,259,1,0
forest_cover,xgboost,260,0,0
forest_cover,xgboost,261,0,0
forest_cover,xgboost,262,0,0
forest_cover,xgboost,263,0,0
forest_cover,xgboost,264,1,0
forest_cover,xgboost,265,0,0
forest_cover,xgboost,266,0,0
forest_cover,xgboost,267,0,0
forest_cover,xgboost,268,0,0
forest_cover,xgboost,269,1,0
forest_cover,xgboost,270,1,0
forest_cover,xgboost,271,0,0
forest_cover,xgboost,272,0,0
forest_cover,xgboost,273,1,0
forest_cover,xgboost,274,1,0
forest_cover,xgboost,275,1,0
forest_cover,xgboost,276,1,0
forest_cover,xgboost,277,1,0
forest_cover,xgboost,278,0,0
forest_cover,xgboost,279,0,0
forest_cover,xgboost,280,1,0
forest_cover,xgboost,281,1,0
forest_cover,xgboost,282,1,0
forest_cover,xgboost,283,1,0
forest_cover,xgboost,284,1,0
forest_cover,xgboost,285,1,0
forest_cover,xgboost,286,1,0
forest_cover,xgboost,287,1,0
forest_cover,xgboost,288,1,0
forest_cover,xgboost,289,1,0
forest_cover,xgboost,290,1,0
forest_cover,xgboost,291,0,0
forest_cover,xgboost,292,1,0
forest_cover,xgboost,293,0,0
forest_cover,xgboost,294,0,0
forest_cover,xgboost,295,1,0
forest_cover,xgboost,296,0,0
forest_cover,xgboost,297,0,0
forest_cover,xgboost,298,1,0
forest_cover,xgboost,299,1,0
adult,xgboost,0,1,0
adult,xgboost,1,1,0
adult,xgboost,2,1,0
adult,xgboost,3,1,0
adult,xgboost,4,0,0
adult,xgboost,5,0,0
adult,xgboost,6,1,0
adult,xgboost,7,0,0
adult,xgboost,8,1,0
adult,xgboost,9,0,0
adult,xgboost,10,1,0
adult,xgboost,11,1,0
adult,xgboost,12,1,0
adult,xgboost,13,0,0
adult,xgboost,14,0,0
adult,xgboost,15,0,0
adult,xgboost,16,1,0
adult,xgboost,17,1,0
adult,xgboost,18,0,0
adult,xgboost,19,1,0
adult,xgboost,20,0,0
adult,xgboost,21,0,0
adult,xgboost,22,1,0
adult,xgboost,23,1,0
adult,xgboost,24,0,0
adult,xgboost,25,0,0
adult,xgboost,26,1,0
adult,xgboost,27,1,0
adult,xgboost,28,1,0
adult,xgboost,29,0,0
adult,xgboost,30,0,0
adult,xgboost,31,0,0
adult,xgboost,32,1,0
adult,xgboost,33,0,0
adult,xgboost,34,0,0
adult,xgboost,35,0,0
adult,xgboost,36,1,0
adult,xgboost,37,1,0
adult,xgboost,38,0,0
adult,xgboost,39,1,0
adult,xgboost,40,0,0
adult,xgboost,41,1,0
adult,xgboost,42,0,0
adult,xgboost,43,1,0
adult,xgboost,44,0,0
adult,xgboost,45,0,0
adult,xgboost,46,1,0
adult,xgboost,47,0,0
adult,xgboost,48,0,0
adult,xgboost,49,1,0
adult,xgboost,50,1,0
adult,xgboost,51,1,0
adult,xgboost,52,1,0
adult,xgboost,53,1,0
adult,xgboost,54,1,0
adult,xgboost,55,0,0
adult,xgboost,56,1,0
adult,xgboost,57,1,0
adult,xgboost,58,0,0
adult,xgboost,59,0,0
adult,xgboost,60,1,0
adult,xgboost,61,1,0
adult,xgboost,62,0,0
adult,xgboost,63,0,0
adult,xgboost,64,1,0
adult,xgboost,65,0,0
adult,xgboost,66,1,0
adult,xgboost,67,1,0
adult,xgboost,68,1,0
adult,xgboost,69,0,0
adult,xgboost,70,1,0
adult,xgboost,71,0,0
adult,xgboost,72,0,0
adult,xgboost,73,0,0
adult,xgboost,74,0,0
adult,xgboost,75,0,0
adult,xgboost,76,1,0
adult,xgboost,77,1,0
adult,xgboost,78,0,0
adult,xgboost,79,1,0
adult,xgboost,80,0,0
adult,xgboost,81,1,0
adult,xgboost,82,1,0
adult,xgboost,83,0,0
adult,xgboost,84,0,0
adult,xgboost,85,1,0
adult,xgboost,86,1,0
adult,xgboost,87,1,0
adult,xgboost,88,0,0
adult,xgboost,89,0,0
adult,xgboost,90,1,0
adult,xgboost,91,1,0
adult,xgboost,92,1,0
adult,xgboost,93,0,0
adult,xgboost,94,1,0
adult,xgboost,95,0,0
adult,xgboost,96,0,0
adult,xgboost,97,1,0
adult,xgboost,98,0,0
adult,xgboost,99,0,0
adult,xgboost,100,1,0
adult,xgboost,101,0,0
adult,xgboost,102,1,0
adult,xgboost,103,0,0
adult,xgboost,104,1,0
adult,xgboost,105,1,0
adult,xgboost,106,1,0
adult,xgboost,107,0,0
adult,xgboost,108,0,0
adult,xgboost,109,0,0
adult,xgboost,110,1,0
adult,xgboost,111,0,0
adult,xgboost,112,1,0
adult,xgboost,113,0,0
adult,xgboost,114,0,0
adult,xgboost,115,0,0
adult,xgboost,116,0,0
adult,xgboost,117,1,0
adult,xgboost,118,0,0
adult,xgboost,119,1,0
adult,xgboost,120,1,0
adult,xgboost,121,1,0
adult,xgboost,122,0,0
adult,xgboost,123,1,0
adult,xgboost,124,1,0
adult,xgboost,125,1,0
adult,xgboost,126,1,0
adult,xgboost,127,1,0
adult,xgboost,128,1,0
adult,xgboost,129,1,0
adult,xgboost,130,0,0
adult,xgboost,131,1,0
adult,xgboost,132,1,0
adult,xgboost,133,0,0
adult,xgboost,134,0,0
adult,xgboost,135,0,0
adult,xgboost,136,1,0
adult,xgboost,137,0,0
adult,xgboost,138,0,0
adult,xgboost,139,1,0
adult,xgboost,140,0,0
adult,xgboost,141,0,0
adult,xgboost,142,0,0
adult,xgboost,143,1,0
adult,xgboost,144,1,0
adult,xgboost,145,0,0
adult,xgboost,146,0,0
adult,xgboost,147,0,0
adult,xgboost,148,0,0
adult,xgboost,149,0,0
adult,xgboost,150,0,0
adult,xgboost,151,0,0
adult,xgboost,152,1,0
adult,xgboost,153,0,0
adult,xgboost,154,1,0
adult,xgboost,155,1,0
adult,xgboost,156,1,0
adult,xgboost,157,1,0
adult,xgboost,158,1,0
adult,xgboost,159,1,0
adult,xgboost,160,1,0
adult,xgboost,161,0,0
adult,xgboost,162,0,0
adult,xgboost,163,0,0
adult,xgboost,164,1,0
adult,xgboost,165,0,0
adult,xgboost,166,0,0
adult,xgboost,167,1,0
adult,xgboost,168,0,0
adult,xgboost,169,1,0
adult,xgboost,170,1,0
adult,xgboost,171,1,0
adult,xgboost,172,1,0
adult,xgboost,173,1,0
adult,xgboost,174,0,0
adult,xgboost,175,0,0
adult,xgboost,176,0,0
adult,xgboost,177,1,0
adult,xgboost,178,1,0
adult,xgboost,179,0,0
adult,xgboost,180,1,0
adult,xgboost,181,0,0
adult,xgboost,182,1,0
adult,xgboost,183,1,0
adult,xgboost,184,0,0
adult,xgboost,185,0,0
adult,xgboost,186,0,0
adult,xgboost,187,0,0
adult,xgboost,188,0,0
adult,xgboost,189,0,0
adult,xgboost,190,0,0
adult,xgboost,191,0,0
adult,xgboost,192,1,0
adult,xgboost,193,1,0
adult,xgboost,194,1,0
adult,xgboost,195,1,0
adult,xgboost,196,0,0
adult,xgboost,197,0,0
adult,xgboost,198,1,0
adult,xgboost,199,0,0
adult,xgboost,200,1,0
adult,xgboost,201,0,0
adult,xgboost,202,0,0
adult,xgboost,203,0,0
adult,xgboost,204,1,0
adult,xgboost,205,0,0
adult,xgboost,206,0,0
adult,xgboost,207,0,0
adult,xgboost,208,0,0
adult,xgboost,209,1,0
adult,xgboost,210,0,0
adult,xgboost,211,1,0
adult,xgboost,212,0,0
adult,xgboost,213,0,0
adult,xgboost,214,1,0
adult,xgboost,215,1,0
adult,xgboost,216,1,0
adult,xgboost,217,1,0
adult,xgboost,218,0,0
adult,xgboost,219,1,0
adult,xgboost,220,1,0
adult,xgboost,221,1,0
adult,xgboost,222,0,0
adult,xgboost,223,1,0
adult,xgboost,224,1,0
adult,xgboost,225,1,0
adult,xgboost,226,1,0
adult,xgboost,227,0,0
adult,xgboost,228,1,0
adult,xgboost,229,0,0
adult,xgboost,230,0,0
adult,xgboost,231,0,0
adult,xgboost,232,1,0
adult,xgboost,233,1,0
adult,xgboost,234,0,0
adult,xgboost,235,0,0
adult,xgboost,236,0,0
adult,xgboost,237,0,0
adult,xgboost,238,1,0
adult,xgboost,239,1,0
adult,xgboost,240,1,0
adult,xgboost,241,1,0
adult,xgboost,242,0,0
adult,xgboost,243,0,0
adult,xgboost,244,1,0
adult,xgboost,245,0,0
adult,xgboost,246,1,0
adult,xgboost,247,0,0
adult,xgboost,248,1,0
adult,xgboost,249,0,0
adult,xgboost,250,1,0
adult,xgboost,251,0,0
adult,xgboost,252,1,0
adult,xgboost,253,1,0
adult,xgboost,254,0,0
adult,xgboost,255,1,0
adult,xgboost,256,1,0
adult,xgboost,257,1,0
adult,xgboost,258,1,0
adult,xgboost,259,0,0
adult,xgboost,260,1,0
adult,xgboost,261,1,0
adult,xgboost,262,1,0
adult,xgboost,263,0,0
adult,xgboost,264,0,0
adult,xgboost,265,0,0
adult,xgboost,266,1,0
adult,xgboost,267,1,0
adult,xgboost,268,1,0
adult,xgboost,269,0,0
adult,xgboost,270,1,0
adult,xgboost,271,1,0
adult,xgboost,272,1,0
adult,xgboost,273,1,0
adult,xgboost,274,1,0
adult,xgboost,275,1,0
adult,xgboost,276,0,0
adult,xgboost,277,1,0
adult,xgboost,278,1,0
adult,xgboost,279,1,0
adult,xgboost,280,1,0
adult,xgboost,281,0,0
adult,xgboost,282,0,0
adult,xgboost,283,1,0
adult,xgboost,284,0,0
adult,xgboost,285,1,0
adult,xgboost,286,1,0
adult,xgboost,287,1,0
adult,xgboost,288,1,0
adult,xgboost,289,0,0
adult,xgboost,290,1,0
adult,xgboost,291,0,0
adult,xgboost,292,0,0
adult,xgboost,293,1,0
adult,xgboost,294,1,0
adult,xgboost,295,1,0
adult,xgboost,296,0,0
adult,xgboost,297,0,0
adult,xgboost,298,1,0
adult,xgboost,299,1,0
