raw_feature_name,importance_drop
Alcohol,0.038461538461538436
free sulfur dioxide,0.019230769230769273
pH,0.019230769230769273
Sulphates,0.019230769230769273
fixed acidity,0.0
citric acid,-0.019230769230769273
SO2,-0.019230769230769273
residual sugar,-0.038461538461538436
density,-0.038461538461538436
chlorides,-0.05769230769230771
Vinegar Taint,-0.07692307692307687
