Participant ID,dataId,expMethod,modelName,Session,Tested w/ XAI,XAIType,Strategy,Assignment Prob,NLL,PAI,MAI,sensitivity,k,retrieval_threshold,scaling_factor
107,wine_quality,lime,mlp,2,w/ XAI,,Sensitive-features categorization,1,0.3840238839,0.9444444444,0.6666666667,20.737304059,5,-2.280770251,
107,wine_quality,lime,mlp,2,w/o XAI,,Sensitive-features categorization,1,0.2628317266,0.9444444444,0.7222222222,31.095586839,5,-2.079797594,
20,wine_quality,lime,mlp,2,w/o XAI,,Sensitive-features categorization,1,0.6456712845,0.7222222222,0.6111111111,1.0,1,-2.079797594,
222,wine_quality,lime,mlp,2,w/ XAI,,Sensitive-features categorization,1,0.5832654795,0.7222222222,0.6111111111,1.0,4,-2.280770251,
222,wine_quality,lime,mlp,2,w/o XAI,,Sensitive-features categorization,1,0.6443231711,0.6111111111,0.4444444444,1.0,5,-2.079797594,
18,wine_quality,lime,mlp,1,w/ XAI,,Sensitive-features categorization,1,0.6419891739,0.3333333333,0.5,1.0,2,-2.280770251,
18,wine_quality,lime,mlp,2,w/o XAI,,Sensitive-features categorization,1,0.6534429272,0.7777777778,0.5555555556,1.0,3,-2.079797594,
156,wine_quality,lime,mlp,1,w/ XAI,,Sensitive-features categorization,1,0.6695362222,0.6111111111,0.5,1.0,5,-2.280770251,
156,wine_quality,lime,mlp,1,w/o XAI,,Sensitive-features categorization,1,0.6165054711,0.3888888889,0.3888888889,1.0,1,-2.079797594,
156,wine_quality,lime,mlp,2,w/ XAI,,Sensitive-features categorization,1,0.2122544026,0.8888888889,0.7777777778,20.737304059,4,-2.280770251,
156,wine_quality,lime,mlp,2,w/o XAI,,Sensitive-features categorization,1,0.6106390341,0.9444444444,0.5,1.0,1,-3.537109641,
142,forest_cover,shap,xgboost,1,w/ XAI,,Sensitive-features categorization,1,0.0218791413,0.7222222222,0.7222222222,50.120095417,1,-2.280770251,
142,forest_cover,shap,xgboost,1,w/o XAI,,Sensitive-features categorization,1,0.0300890547,0.7777777778,0.7777777778,66.635495321,1,-2.079797594,
115,forest_cover,shap,xgboost,1,w/ XAI,,Sensitive-features categorization,1,0.0476640259,0.7222222222,0.6666666667,50.120095417,1,-2.280770251,
115,forest_cover,shap,xgboost,1,w/o XAI,,Sensitive-features categorization,1,0.0433022634,0.7222222222,0.7222222222,36.539908482,1,-2.079797594,
115,forest_cover,shap,xgboost,2,w/ XAI,,Sensitive-features categorization,1,0.6166899088,0.7222222222,0.6666666667,1.0,2,-3.589012825,
115,forest_cover,shap,xgboost,2,w/o XAI,,Sensitive-features categorization,1,0.5757292298,0.5,0.5555555556,1.0,3,-2.079797594,
12,forest_cover,shap,xgboost,1,w/o XAI,,Sensitive-features categorization,1,0.0424064966,0.6111111111,0.6111111111,66.635495321,4,-2.079797594,
12,forest_cover,shap,xgboost,2,w/ XAI,,Sensitive-features categorization,1,0.1348140881,0.7222222222,0.6666666667,50.120095417,3,-2.280770251,
12,forest_cover,shap,xgboost,2,w/o XAI,,Sensitive-features categorization,1,0.1738902454,0.5555555556,0.4444444444,31.095586839,3,-3.537109641,
158,forest_cover,shap,xgboost,1,w/ XAI,,Sensitive-features categorization,1,0.5952529729,0.7777777778,0.6111111111,1.0,2,-2.280770251,
158,forest_cover,shap,xgboost,1,w/o XAI,,Sensitive-features categorization,1,0.6380186251,0.4444444444,0.3333333333,1.0,1,-2.079797594,
158,forest_cover,shap,xgboost,2,w/ XAI,,Sensitive-features categorization,1,0.6633608132,0.5555555556,0.3888888889,1.0,4,-3.589012825,
158,forest_cover,shap,xgboost,2,w/o XAI,,Sensitive-features categorization,1,0.6643810549,0.4444444444,0.5,1.0,3,-3.537109641,
219,forest_cover,shap,xgboost,1,w/ XAI,,Sensitive-features categorization,1,0.5048200768,0.8888888889,0.8333333333,20.737304059,3,-2.280770251,
219,forest_cover,shap,xgboost,1,w/o XAI,,Sensitive-features categorization,1,0.5841138895,0.5555555556,0.6666666667,1.0,3,-2.079797594,
219,forest_cover,shap,xgboost,2,w/ XAI,,Sensitive-features categorization,1,0.6567187907,0.5,0.6666666667,1.0,3,-2.280770251,
219,forest_cover,shap,xgboost,2,w/o XAI,,Sensitive-features categorization,1,0.658348259,0.3888888889,0.6111111111,1.0,5,-2.079797594,
119,wine_quality,lime,mlp,1,w/ XAI,,Sensitive-features categorization,1,0.616130827,0.8333333333,0.5,1.0,4,-0.972527677,
119,wine_quality,lime,mlp,2,w/o XAI,,Sensitive-features categorization,1,0.5754123819,0.8333333333,0.3333333333,1.0,1,-2.079797594,
83,wine_quality,lime,mlp,1,w/ XAI,,Sensitive-features categorization,1,0.673599003,0.5555555556,0.6111111111,1.0,2,-2.280770251,
83,wine_quality,lime,mlp,1,w/o XAI,,Sensitive-features categorization,1,0.6745221562,0.5555555556,0.3888888889,1.0,5,-2.079797594,
83,wine_quality,lime,mlp,2,w/ XAI,,Sensitive-features categorization,1,0.6397234899,0.6111111111,0.5555555556,1.0,4,-2.280770251,
30,wine_quality,lime,mlp,2,w/ XAI,,Sensitive-features categorization,1,0.1393484625,0.8888888889,0.8888888889,50.120095417,3,-2.280770251,
30,wine_quality,lime,mlp,2,w/o XAI,,Sensitive-features categorization,1,0.0277696364,0.8333333333,0.8333333333,66.635495321,4,-3.537109641,
185,forest_cover,shap,xgboost,1,w/ XAI,,Sensitive-features categorization,1,0.5015958777,0.6111111111,0.6666666667,6.0459083799,3,-2.280770251,
185,forest_cover,shap,xgboost,1,w/o XAI,,Sensitive-features categorization,1,0.3345052055,0.5555555556,0.5555555556,13.325632598,3,-2.079797594,
117,forest_cover,shap,xgboost,1,w/ XAI,,Sensitive-features categorization,1,0.4960703186,0.6111111111,0.6666666667,6.0459083799,3,-2.280770251,
117,forest_cover,shap,xgboost,1,w/o XAI,,Sensitive-features categorization,1,0.375094293,0.5555555556,0.5555555556,13.325632598,3,-2.079797594,
117,forest_cover,shap,xgboost,2,w/ XAI,,Sensitive-features categorization,1,0.6542447079,0.7777777778,0.7222222222,1.0,2,-2.280770251,
170,wine_quality,lime,mlp,2,w/ XAI,,Sensitive-features categorization,1,0.6735596238,0.5555555556,0.7222222222,1.0,3,-2.280770251,
217,wine_quality,lime,mlp,1,w/ XAI,,Sensitive-features categorization,1,0.4652545019,0.5555555556,0.6111111111,20.737304059,1,-2.280770251,
217,wine_quality,lime,mlp,1,w/o XAI,,Sensitive-features categorization,1,0.6369079061,0.6111111111,0.3333333333,1.0,1,-2.079797594,
217,wine_quality,lime,mlp,2,w/ XAI,,Sensitive-features categorization,1,0.4782135691,0.6111111111,0.7777777778,20.737304059,2,-2.280770251,
217,wine_quality,lime,mlp,2,w/o XAI,,Sensitive-features categorization,1,0.2994016984,0.6111111111,0.7222222222,36.539908482,1,-3.537109641,
203,wine_quality,lime,mlp,1,w/ XAI,,Sensitive-features categorization,1,0.626972927,0.5,0.5555555556,1.0,2,-2.280770251,
203,wine_quality,lime,mlp,1,w/o XAI,,Sensitive-features categorization,1,0.5357534671,0.5,0.5555555556,1.0,1,-2.079797594,
82,wine_quality,lime,mlp,2,w/ XAI,,Sensitive-features categorization,1,0.6638577754,0.5,0.6111111111,1.0,2,-2.280770251,
262,adult,lime,xgboost,2,w/ XAI,,Sensitive-features categorization,1,0.239889843,0.6111111111,0.6666666667,20.737304059,2,-2.280770251,
262,adult,lime,xgboost,2,w/o XAI,,Sensitive-features categorization,1,0.2656882604,0.8888888889,0.7777777778,36.539908482,1,-3.537109641,
16,adult,lime,xgboost,1,w/ XAI,,Sensitive-features categorization,1,0.6292549882,0.7222222222,0.7222222222,1.0,4,-2.280770251,
16,adult,lime,xgboost,2,w/ XAI,,Sensitive-features categorization,1,0.6647128198,0.8333333333,0.7222222222,1.0,4,-3.589012825,
16,adult,lime,xgboost,2,w/o XAI,,Sensitive-features categorization,1,0.5593600685,0.7777777778,0.5555555556,1.0,1,-2.079797594,
19,adult,lime,xgboost,1,w/ XAI,,Sensitive-features categorization,1,0.2296593081,0.7777777778,0.8888888889,20.737304059,3,-2.280770251,
19,adult,lime,xgboost,1,w/o XAI,,Sensitive-features categorization,1,0.6576387018,0.8888888889,0.3888888889,1.0,1,-2.079797594,
19,adult,lime,xgboost,2,w/ XAI,,Sensitive-features categorization,1,0.0001552065,1.0,1.0,50.120095417,4,-2.280770251,
19,adult,lime,xgboost,2,w/o XAI,,Sensitive-features categorization,1,0.2289980593,0.7222222222,0.6666666667,66.635495321,3,-2.079797594,
70,adult,lime,xgboost,2,w/ XAI,,Sensitive-features categorization,1,0.177566854,0.6666666667,0.6666666667,50.120095417,1,-2.280770251,
70,adult,lime,xgboost,2,w/o XAI,,Sensitive-features categorization,1,0.1399494927,0.7777777778,0.8333333333,31.095586839,5,-2.079797594,
34,adult,lime,xgboost,1,w/ XAI,,Sensitive-features categorization,1,0.5042429366,0.7222222222,0.6111111111,30.382791358,4,-2.280770251,
34,adult,lime,xgboost,1,w/o XAI,,Sensitive-features categorization,1,0.6566161778,0.8888888889,0.5555555556,1.0,3,-2.079797594,
34,adult,lime,xgboost,2,w/ XAI,,Sensitive-features categorization,1,0.2724097314,0.7777777778,0.8888888889,30.382791358,2,-3.589012825,
34,adult,lime,xgboost,2,w/o XAI,,Sensitive-features categorization,1,0.176672969,0.7777777778,0.6666666667,31.095586839,3,-2.079797594,
53,adult,lime,xgboost,2,w/ XAI,,Sensitive-features categorization,1,0.616130827,0.6666666667,0.5555555556,1.0,2,-0.972527677,
110,forest_cover,shap,xgboost,1,w/o XAI,,Sensitive-features categorization,1,0.6013337448,0.5,0.4444444444,1.0,1,-2.079797594,
110,forest_cover,shap,xgboost,2,w/o XAI,,Sensitive-features categorization,1,0.6603242272,0.4444444444,0.3888888889,1.0,1,-2.079797594,
15,forest_cover,shap,xgboost,1,w/ XAI,,Sensitive-features categorization,1,0.010862762,0.6666666667,0.6666666667,50.120095417,4,-2.280770251,
15,forest_cover,shap,xgboost,1,w/o XAI,,Sensitive-features categorization,1,0.6504274143,0.7222222222,0.5,1.0,3,-2.079797594,
15,forest_cover,shap,xgboost,2,w/ XAI,,Sensitive-features categorization,1,0.3080096214,0.7222222222,0.6111111111,20.737304059,3,-3.589012825,
15,forest_cover,shap,xgboost,2,w/o XAI,,Sensitive-features categorization,1,0.0040672499,0.5,0.5,66.635495321,3,-3.537109641,
84,forest_cover,shap,xgboost,1,w/ XAI,,Sensitive-features categorization,1,0.547472564,0.7222222222,0.6666666667,20.737304059,5,-2.280770251,
84,forest_cover,shap,xgboost,1,w/o XAI,,Sensitive-features categorization,1,0.3633708631,0.6666666667,0.7222222222,31.095586839,1,-2.079797594,
84,forest_cover,shap,xgboost,2,w/ XAI,,Sensitive-features categorization,1,0.0025199024,0.5,0.5,79.502886775,2,-2.280770251,
84,forest_cover,shap,xgboost,2,w/o XAI,,Sensitive-features categorization,1,0.6236547265,0.6111111111,0.6666666667,36.539908482,1,-2.079797594,
242,adult,lime,xgboost,1,w/o XAI,,Sensitive-features categorization,1,0.6551198322,0.4444444444,0.3888888889,1.0,5,-2.079797594,
242,adult,lime,xgboost,2,w/ XAI,,Sensitive-features categorization,1,0.616130827,0.5,0.4444444444,1.0,4,-0.972527677,
242,adult,lime,xgboost,2,w/o XAI,,Sensitive-features categorization,1,0.6432342596,0.3888888889,0.5555555556,1.0,3,-2.079797594,
44,adult,lime,xgboost,1,w/ XAI,,Sensitive-features categorization,1,0.2985252728,0.8888888889,0.7777777778,20.737304059,3,-2.280770251,
44,adult,lime,xgboost,2,w/ XAI,,Sensitive-features categorization,1,0.6476149376,0.6666666667,0.6111111111,1.0,2,-3.589012825,
44,adult,lime,xgboost,2,w/o XAI,,Sensitive-features categorization,1,0.6625791347,0.6111111111,0.6666666667,1.0,3,-3.537109641,
215,adult,lime,xgboost,1,w/ XAI,,Sensitive-features categorization,1,0.6542878983,0.7222222222,0.4444444444,1.0,3,-2.280770251,
215,adult,lime,xgboost,1,w/o XAI,,Sensitive-features categorization,1,0.6311706554,0.6666666667,0.5555555556,1.0,1,-2.079797594,
215,adult,lime,xgboost,2,w/ XAI,,Sensitive-features categorization,1,0.5859511025,0.8333333333,0.5,1.0,2,-2.280770251,
215,adult,lime,xgboost,2,w/o XAI,,Sensitive-features categorization,1,0.6181081418,0.6111111111,0.6666666667,1.0,1,-2.079797594,
163,adult,lime,xgboost,1,w/ XAI,,Sensitive-features categorization,1,0.6720770463,0.7777777778,0.5555555556,1.0,3,-2.280770251,
163,adult,lime,xgboost,2,w/ XAI,,Sensitive-features categorization,1,0.6454661533,0.6111111111,0.6111111111,1.0,4,-2.280770251,
163,adult,lime,xgboost,2,w/o XAI,,Sensitive-features categorization,1,0.316866674,0.8888888889,0.8888888889,13.325632598,3,-2.079797594,
179,forest_cover,shap,xgboost,2,w/o XAI,,Sensitive-features categorization,1,0.6712172614,0.4444444444,0.7222222222,1.0,1,-3.537109641,
159,forest_cover,shap,xgboost,1,w/ XAI,,Sensitive-features categorization,1,0.1698956145,0.6666666667,0.7222222222,30.382791358,1,-2.280770251,
159,forest_cover,shap,xgboost,1,w/o XAI,,Sensitive-features categorization,1,0.3851249905,0.6666666667,0.6666666667,36.539908482,1,-2.079797594,
159,forest_cover,shap,xgboost,2,w/ XAI,,Sensitive-features categorization,1,0.6582142356,0.5,0.4444444444,1.0,3,-2.280770251,
165,adult,lime,xgboost,1,w/ XAI,,Sensitive-features categorization,1,0.3126279075,1.0,0.7222222222,20.737304059,3,-2.280770251,
165,adult,lime,xgboost,2,w/ XAI,,Sensitive-features categorization,1,0.6398692128,0.6666666667,0.6111111111,1.0,4,-2.280770251,
165,adult,lime,xgboost,2,w/o XAI,,Sensitive-features categorization,1,0.6666360855,0.8888888889,0.5555555556,1.0,5,-2.079797594,
95,forest_cover,shap,xgboost,1,w/ XAI,,Sensitive-features categorization,1,0.5726508641,0.4444444444,0.5555555556,1.0,2,-2.280770251,
95,forest_cover,shap,xgboost,1,w/o XAI,,Sensitive-features categorization,1,0.6243431061,0.6666666667,0.7222222222,1.0,3,-2.079797594,
17,adult,lime,xgboost,1,w/ XAI,,Sensitive-features categorization,1,0.300619004,0.8333333333,0.6111111111,20.737304059,3,-2.280770251,
17,adult,lime,xgboost,1,w/o XAI,,Sensitive-features categorization,1,0.278513951,0.9444444444,0.8333333333,13.325632598,3,-2.079797594,
17,adult,lime,xgboost,2,w/ XAI,,Sensitive-features categorization,1,0.0688517666,0.8333333333,0.8888888889,50.120095417,5,-3.589012825,
183,adult,lime,xgboost,2,w/ XAI,,Sensitive-features categorization,1,0.6711632266,0.5,0.4444444444,1.0,4,-2.280770251,
183,adult,lime,xgboost,2,w/o XAI,,Sensitive-features categorization,1,0.6733145369,0.5,0.7222222222,1.0,3,-2.079797594,
235,adult,lime,xgboost,1,w/ XAI,,Sensitive-features categorization,1,0.6093962576,0.6666666667,0.3888888889,1.0,2,-2.280770251,
235,adult,lime,xgboost,2,w/o XAI,,Sensitive-features categorization,1,0.6426932115,0.7222222222,0.4444444444,1.0,5,-2.079797594,
93,wine_quality,lime,mlp,1,w/ XAI,,Sensitive-features categorization,1,0.6689373816,0.7777777778,0.5555555556,1.0,5,-2.280770251,
93,wine_quality,lime,mlp,2,w/ XAI,,Sensitive-features categorization,1,0.6111043545,0.8333333333,0.6666666667,1.0,2,-2.280770251,
93,wine_quality,lime,mlp,2,w/o XAI,,Sensitive-features categorization,1,0.6743558402,0.7222222222,0.5555555556,1.0,3,-2.079797594,
57,wine_quality,lime,mlp,1,w/ XAI,,Sensitive-features categorization,1,0.616130827,0.7222222222,0.6111111111,1.0,4,-0.972527677,
57,wine_quality,lime,mlp,1,w/o XAI,,Sensitive-features categorization,1,0.2198484733,0.5555555556,0.5,31.095586839,1,-2.079797594,
57,wine_quality,lime,mlp,2,w/ XAI,,Sensitive-features categorization,1,0.0033422184,0.8333333333,0.8333333333,100.0,5,-2.280770251,
57,wine_quality,lime,mlp,2,w/o XAI,,Sensitive-features categorization,1,0.1053293268,0.8888888889,0.7222222222,31.095586839,5,-2.079797594,
104,wine_quality,lime,mlp,1,w/ XAI,,Sensitive-features categorization,1,0.602663843,0.6666666667,0.5555555556,1.0,2,-2.280770251,
104,wine_quality,lime,mlp,1,w/o XAI,,Sensitive-features categorization,1,0.3589005781,0.7777777778,0.6666666667,36.539908482,5,-2.079797594,
104,wine_quality,lime,mlp,2,w/ XAI,,Sensitive-features categorization,1,0.6326898704,0.6666666667,0.2222222222,1.0,3,-2.280770251,
104,wine_quality,lime,mlp,2,w/o XAI,,Sensitive-features categorization,1,0.565283085,0.8333333333,0.6666666667,1.0,1,-2.079797594,
178,wine_quality,lime,mlp,2,w/ XAI,,Sensitive-features categorization,1,0.4567593011,0.8333333333,0.8888888889,30.382791358,5,-3.589012825,
178,wine_quality,lime,mlp,2,w/o XAI,,Sensitive-features categorization,1,0.646430043,0.6111111111,0.4444444444,1.0,1,-3.537109641,
92,wine_quality,lime,mlp,1,w/ XAI,,Sensitive-features categorization,1,0.616130827,0.2777777778,0.2222222222,1.0,3,-0.972527677,
92,wine_quality,lime,mlp,1,w/o XAI,,Sensitive-features categorization,1,0.6636784425,0.4444444444,0.5555555556,1.0,3,-2.079797594,
92,wine_quality,lime,mlp,2,w/ XAI,,Sensitive-features categorization,1,0.6272646502,0.7222222222,0.6111111111,1.0,2,-3.589012825,
227,wine_quality,lime,mlp,1,w/ XAI,Importance,Sensitive-features categorization,1,0.6325881465,0.5,0.4444444444,1.0,1,-2.525057817,
227,wine_quality,lime,mlp,1,w/o XAI,Importance,Salient-features categorization,1,0.2896683225,0.7222222222,0.6666666667,33.957537986,1,-4.0,
227,wine_quality,lime,mlp,2,w/ XAI,Importance,Attribution Sum,1,0.3064962358,0.8888888889,0.8888888889,,3,-4.0,3.4721201856
227,wine_quality,lime,mlp,2,w/o XAI,Importance,Sensitive-features categorization,1,0.6351724965,0.8333333333,0.6111111111,1.0,4,-2.368680065,
241,wine_quality,lime,mlp,1,w/ XAI,Importance,Attribution Sum,1,0.6366288701,0.7222222222,0.5,,2,-2.909234548,0.2431716588
241,wine_quality,lime,mlp,1,w/o XAI,Importance,Attribution Sum,1,0.485757823,0.6666666667,0.6666666667,,4,-2.787268138,3.9464879396
241,wine_quality,lime,mlp,2,w/ XAI,Importance,Sensitive-features categorization,1,0.6254937922,0.6111111111,0.5555555556,1.0,1,-2.525057817,
241,wine_quality,lime,mlp,2,w/o XAI,Importance,Sensitive-features categorization,1,0.6091640197,0.5555555556,0.5,1.0,2,-2.368680065,
224,wine_quality,lime,mlp,1,w/ XAI,Importance,Importance categorization,1,0.5709694897,0.5555555556,0.5,1.0,1,-2.28425335,
224,wine_quality,lime,mlp,1,w/o XAI,Importance,Salient-features categorization,1,0.6582966983,0.5555555556,0.3333333333,1.0,3,-2.756953383,
22,wine_quality,lime,mlp,1,w/ XAI,Importance,Attribution Sum,1,0.1878300109,0.9444444444,1.0,,2,-2.909234548,3.4721201856
22,wine_quality,lime,mlp,1,w/o XAI,Importance,Attribution Sum,1,0.6144293502,0.5555555556,0.5,,4,-2.787268138,1.052078328
22,wine_quality,lime,mlp,2,w/ XAI,Importance,Salient-features categorization,1,0.5654814532,0.8333333333,0.6666666667,1.0,2,-3.913819391,
22,wine_quality,lime,mlp,2,w/o XAI,Importance,Sensitive-features categorization,1,0.4039024631,0.7777777778,0.7222222222,32.195651213,2,-2.368680065,
256,wine_quality,lime,mlp,1,w/ XAI,Attribution,Attribution Sum,1,0.5276122923,0.8333333333,0.5555555556,,5,-1.718306603,1.2349080257
256,wine_quality,lime,mlp,2,w/ XAI,Attribution,Attribution Sum,1,0.0070593373,1.0,1.0,,5,-1.718306603,8.0
205,wine_quality,lime,mlp,1,w/ XAI,Attribution,Attribution Sum,1,0.3437699026,0.7222222222,0.7222222222,,4,-1.718306603,4.4309260873
205,wine_quality,lime,mlp,1,w/o XAI,Attribution,Attribution Sum,1,0.3731288351,0.7777777778,0.7222222222,,5,-3.952351085,1.3923006722
205,wine_quality,lime,mlp,2,w/ XAI,Attribution,Attribution Sum,1,0.0070593373,1.0,1.0,,5,-1.718306603,8.0
205,wine_quality,lime,mlp,2,w/o XAI,Attribution,Sensitive-features categorization,1,0.1982750877,0.7222222222,0.7222222222,21.82806764,1,-2.706550117,
101,wine_quality,lime,mlp,1,w/ XAI,Attribution,Attribution Sum,1,0.4368188529,0.7777777778,0.8888888889,,5,-1.718306603,1.2349080257
101,wine_quality,lime,mlp,2,w/ XAI,Attribution,Attribution Sum,1,0.4541421817,0.7222222222,0.7777777778,,5,-1.718306603,1.2349080257
40,forest_cover,shap,xgboost,1,w/ XAI,Attribution,Attribution Sum,1,0.0101042398,1.0,1.0,,4,-1.718306603,8.0
40,forest_cover,shap,xgboost,1,w/o XAI,Attribution,Sensitive-features categorization,1,0.4208477647,0.6666666667,0.6111111111,6.6808170864,3,-2.706550117,
40,forest_cover,shap,xgboost,2,w/ XAI,Attribution,Attribution Sum,1,0.0985762963,0.9444444444,0.8888888889,,4,-1.718306603,4.4309260873
40,forest_cover,shap,xgboost,2,w/o XAI,Attribution,Sensitive-features categorization,1,0.3254063347,0.5555555556,0.5,31.294501107,1,-2.706550117,
237,wine_quality,lime,mlp,1,w/ XAI,Importance,Sensitive-features categorization,1,0.5999370692,0.7777777778,0.5555555556,1.0,1,-2.525057817,
237,wine_quality,lime,mlp,1,w/o XAI,Importance,Sensitive-features categorization,1,0.5357176176,0.6666666667,0.6666666667,32.195651213,2,-2.368680065,
237,wine_quality,lime,mlp,2,w/ XAI,Importance,Sensitive-features categorization,1,0.4019343704,0.7222222222,0.7777777778,29.470854791,5,-2.525057817,
237,wine_quality,lime,mlp,2,w/o XAI,Importance,Sensitive-features categorization,1,0.3117273774,0.6666666667,0.7777777778,26.151047959,5,-2.368680065,
37,forest_cover,shap,xgboost,1,w/ XAI,Importance,Salient-features categorization,1,0.4991648379,0.6111111111,0.7777777778,1.0,1,-3.913819391,
37,forest_cover,shap,xgboost,1,w/o XAI,Importance,Attribution Sum,1,0.2995482794,0.7222222222,0.6111111111,,5,-3.933228805,2.0168815319
37,forest_cover,shap,xgboost,2,w/ XAI,Importance,Attribution Sum,1,0.3027792857,0.8888888889,0.9444444444,,4,-4.0,3.4721201856
37,forest_cover,shap,xgboost,2,w/o XAI,Importance,Sensitive-features categorization,1,0.0082082477,0.5,0.5,57.346699172,3,-2.368680065,
214,forest_cover,shap,xgboost,1,w/ XAI,Attribution,Attribution Sum,1,0.0009448354,1.0,1.0,,5,-1.718306603,8.0
214,forest_cover,shap,xgboost,1,w/o XAI,Attribution,Attribution Sum,1,0.6077499243,0.4444444444,0.5555555556,,3,-3.952351085,0.3240728119
214,forest_cover,shap,xgboost,2,w/ XAI,Attribution,Attribution Sum,1,0.266713188,0.8888888889,0.8888888889,,4,-1.718306603,1.2349080257
4,forest_cover,shap,xgboost,1,w/ XAI,Importance,Salient-features categorization,1,0.5066480112,0.6666666667,0.7222222222,1.0,1,-3.913819391,
4,forest_cover,shap,xgboost,1,w/o XAI,Importance,Sensitive-features categorization,1,0.1244885916,0.6111111111,0.6111111111,26.151047959,3,-2.368680065,
4,forest_cover,shap,xgboost,2,w/ XAI,Importance,Salient-features categorization,1,0.6546390037,0.5,0.4444444444,1.0,2,-1.069932343,
4,forest_cover,shap,xgboost,2,w/o XAI,Importance,Attribution Sum,1,0.3568617316,0.6111111111,0.6666666667,,5,-2.787268138,2.0168815319
207,forest_cover,shap,xgboost,1,w/ XAI,Attribution,Attribution Sum,1,0.0009448354,1.0,1.0,,5,-1.718306603,8.0
207,forest_cover,shap,xgboost,2,w/ XAI,Attribution,Attribution Sum,1,0.6651873792,0.6666666667,0.5,,4,-1.718306603,0.1
207,forest_cover,shap,xgboost,2,w/o XAI,Attribution,Attribution Sum,1,0.5234200744,0.6111111111,0.6666666667,,5,-3.952351085,1.3923006722
261,wine_quality,lime,mlp,1,w/ XAI,Attribution,Attribution Sum,1,0.4564735538,0.6666666667,0.7222222222,,3,-1.718306603,1.2349080257
261,wine_quality,lime,mlp,2,w/ XAI,Attribution,Attribution Sum,1,0.2462081394,1.0,0.8333333333,,3,-1.718306603,4.4309260873
261,wine_quality,lime,mlp,2,w/o XAI,Attribution,Attribution Sum,1,0.6023560059,0.7222222222,0.7222222222,,5,-3.952351085,0.3240728119
140,forest_cover,shap,xgboost,1,w/ XAI,Attribution,Attribution Sum,1,0.2583960398,0.8888888889,0.7777777778,,5,-1.718306603,1.2349080257
140,forest_cover,shap,xgboost,1,w/o XAI,Attribution,Sensitive-features categorization,1,0.5884106964,0.5555555556,0.4444444444,1.0,5,-1.509060182,
140,forest_cover,shap,xgboost,2,w/ XAI,Attribution,Attribution Sum,1,0.0584264104,0.9444444444,0.9444444444,,5,-1.718306603,8.0
140,forest_cover,shap,xgboost,2,w/o XAI,Attribution,Sensitive-features categorization,1,0.6685210367,0.5,0.4444444444,1.0,3,-2.706550117,
231,wine_quality,lime,mlp,1,w/ XAI,Attribution,Attribution Sum,1,0.3480300089,0.9444444444,0.9444444444,,5,-1.718306603,1.2349080257
231,wine_quality,lime,mlp,1,w/o XAI,Attribution,Sensitive-features categorization,1,0.5265302758,0.8333333333,0.6111111111,31.294501107,5,-2.706550117,
231,wine_quality,lime,mlp,2,w/ XAI,Attribution,Attribution Sum,1,0.0835796041,0.9444444444,1.0,,4,-1.718306603,4.4309260873
231,wine_quality,lime,mlp,2,w/o XAI,Attribution,Attribution Sum,1,0.5086390148,0.7222222222,0.8888888889,,3,-3.952351085,1.3923006722
251,forest_cover,shap,xgboost,1,w/ XAI,Attribution,Attribution Sum,1,0.0101042398,1.0,1.0,,4,-1.718306603,8.0
251,forest_cover,shap,xgboost,1,w/o XAI,Attribution,Sensitive-features categorization,1,0.5271904286,0.5,0.6111111111,31.294501107,1,-1.509060182,
251,forest_cover,shap,xgboost,2,w/ XAI,Attribution,Attribution Sum,1,0.2696444282,0.8333333333,0.8333333333,,4,-1.718306603,1.2349080257
251,forest_cover,shap,xgboost,2,w/o XAI,Attribution,Attribution Sum,1,0.5543514267,0.6666666667,0.6111111111,,5,-3.952351085,1.3923006722
212,forest_cover,shap,xgboost,1,w/ XAI,Importance,Sensitive-features categorization,1,0.5944045385,0.6111111111,0.5,1.0,1,-2.525057817,
212,forest_cover,shap,xgboost,1,w/o XAI,Importance,Attribution Sum,1,0.0883979348,0.7222222222,0.7222222222,,5,-2.787268138,3.9464879396
212,forest_cover,shap,xgboost,2,w/ XAI,Importance,Salient-features categorization,1,0.454499832,0.7222222222,0.7777777778,1.0,2,-2.491875867,
212,forest_cover,shap,xgboost,2,w/o XAI,Importance,Sensitive-features categorization,1,0.2953995493,0.8333333333,0.7222222222,26.151047959,2,-2.368680065,
116,wine_quality,lime,mlp,1,w/ XAI,Attribution,Attribution Sum,1,0.0174729798,1.0,1.0,,5,-1.718306603,8.0
116,wine_quality,lime,mlp,1,w/o XAI,Attribution,Sensitive-features categorization,1,0.630650709,0.5,0.5555555556,1.0,3,-2.706550117,
116,wine_quality,lime,mlp,2,w/ XAI,Attribution,Attribution Sum,1,0.4408072044,0.6666666667,0.5555555556,,5,-1.718306603,1.2349080257
116,wine_quality,lime,mlp,2,w/o XAI,Attribution,Sensitive-features categorization,1,0.4522463085,0.6666666667,0.8888888889,21.82806764,3,-2.706550117,
23,forest_cover,shap,xgboost,1,w/ XAI,Attribution,Attribution Sum,1,0.0009448354,1.0,1.0,,5,-1.718306603,8.0
23,forest_cover,shap,xgboost,1,w/o XAI,Attribution,Attribution Sum,1,0.6081620397,0.5,0.5555555556,,3,-3.952351085,0.3240728119
23,forest_cover,shap,xgboost,2,w/ XAI,Attribution,Attribution Sum,1,0.0202015173,1.0,1.0,,5,-1.718306603,8.0
153,forest_cover,shap,xgboost,1,w/ XAI,Attribution,Attribution Sum,1,0.0101042398,1.0,1.0,,4,-1.718306603,8.0
153,forest_cover,shap,xgboost,1,w/o XAI,Attribution,Sensitive-features categorization,1,0.2311058635,0.7222222222,0.7777777778,21.82806764,3,-2.706550117,
153,forest_cover,shap,xgboost,2,w/ XAI,Attribution,Attribution Sum,1,0.3163062283,0.7777777778,0.8333333333,,4,-1.718306603,1.2349080257
153,forest_cover,shap,xgboost,2,w/o XAI,Attribution,Attribution Sum,1,0.6202271581,0.4444444444,0.6666666667,,4,-2.853595089,1.3923006722
59,forest_cover,shap,xgboost,1,w/ XAI,Importance,Sensitive-features categorization,1,0.5755899699,0.5555555556,0.5555555556,1.0,1,-2.525057817,
59,forest_cover,shap,xgboost,1,w/o XAI,Importance,Salient-features categorization,1,0.0559515042,0.6666666667,0.7222222222,58.861035215,2,-2.756953383,
59,forest_cover,shap,xgboost,2,w/ XAI,Importance,Sensitive-features categorization,1,0.6691997741,0.4444444444,0.5,1.0,3,-2.525057817,
59,forest_cover,shap,xgboost,2,w/o XAI,Importance,Sensitive-features categorization,1,0.2922850131,0.5555555556,0.6111111111,26.151047959,5,-2.368680065,
31,forest_cover,shap,xgboost,1,w/ XAI,Attribution,Attribution Sum,1,0.0009448354,1.0,1.0,,5,-1.718306603,8.0
31,forest_cover,shap,xgboost,1,w/o XAI,Attribution,Attribution Sum,1,0.5114884155,0.5555555556,0.5555555556,,3,-2.853595089,1.3923006722
31,forest_cover,shap,xgboost,2,w/ XAI,Attribution,Attribution Sum,1,0.2309660224,0.9444444444,0.8888888889,,3,-1.718306603,1.2349080257
31,forest_cover,shap,xgboost,2,w/o XAI,Attribution,Attribution Sum,1,0.3134873812,0.7777777778,0.7222222222,,5,-3.952351085,2.4605285325
72,wine_quality,lime,mlp,1,w/ XAI,Importance,Sensitive-features categorization,1,0.5309823782,0.4444444444,0.5,32.358631154,1,-2.525057817,
72,wine_quality,lime,mlp,1,w/o XAI,Importance,Sensitive-features categorization,1,0.600960015,0.5555555556,0.5555555556,26.151047959,2,-2.368680065,
72,wine_quality,lime,mlp,2,w/ XAI,Importance,Importance categorization,1,2.0069984e-06,0.6666666667,0.6666666667,66.685022049,3,-3.792588539,
72,wine_quality,lime,mlp,2,w/o XAI,Importance,Sensitive-features categorization,1,0.2671997501,0.6111111111,0.7777777778,57.346699172,2,-2.368680065,
1,forest_cover,shap,xgboost,1,w/ XAI,Attribution,Attribution Sum,1,0.0707058845,0.9444444444,1.0,,5,-1.718306603,4.4309260873
1,forest_cover,shap,xgboost,1,w/o XAI,Attribution,Sensitive-features categorization,1,0.173595836,0.7777777778,0.7222222222,52.122568747,3,-2.706550117,
1,forest_cover,shap,xgboost,2,w/ XAI,Attribution,Attribution Sum,1,0.0202015173,1.0,1.0,,5,-1.718306603,8.0
1,forest_cover,shap,xgboost,2,w/o XAI,Attribution,Attribution Sum,1,0.3980491835,0.7222222222,0.7222222222,,4,-2.853595089,2.4605285325
172,forest_cover,shap,xgboost,1,w/ XAI,Attribution,Attribution Sum,1,0.0009448354,1.0,1.0,,5,-1.718306603,8.0
172,forest_cover,shap,xgboost,1,w/o XAI,Attribution,Sensitive-features categorization,1,0.6745956498,0.5555555556,0.4444444444,1.0,5,-1.509060182,
172,forest_cover,shap,xgboost,2,w/ XAI,Attribution,Attribution Sum,1,0.3163062283,0.7777777778,0.7222222222,,4,-1.718306603,1.2349080257
51,wine_quality,lime,mlp,1,w/ XAI,Attribution,Attribution Sum,1,0.535025754,0.6666666667,0.6666666667,,5,-1.718306603,1.2349080257
51,wine_quality,lime,mlp,2,w/ XAI,Attribution,Attribution Sum,1,0.0070593373,1.0,1.0,,5,-1.718306603,8.0
51,wine_quality,lime,mlp,2,w/o XAI,Attribution,Sensitive-features categorization,1,0.6574839215,0.6666666667,0.5,1.0,1,-2.706550117,
229,wine_quality,lime,mlp,1,w/ XAI,Importance,Attribution Sum,1,0.6057046297,0.8333333333,0.6111111111,,3,-2.909234548,0.2431716588
229,wine_quality,lime,mlp,1,w/o XAI,Importance,Attribution Sum,1,0.4547185231,0.8888888889,0.8888888889,,4,-3.933228805,2.0168815319
229,wine_quality,lime,mlp,2,w/ XAI,Importance,Attribution Sum,1,0.6354509146,0.7222222222,0.3888888889,,4,-4.0,0.2431716588
229,wine_quality,lime,mlp,2,w/o XAI,Importance,Attribution Sum,1,0.1024082982,1.0,0.8888888889,,5,-3.933228805,5.8760943474
63,wine_quality,lime,mlp,1,w/ XAI,Attribution,Attribution Sum,1,0.1676854971,0.9444444444,0.8888888889,,3,-1.718306603,4.4309260873
63,wine_quality,lime,mlp,1,w/o XAI,Attribution,Attribution Sum,1,0.465408882,0.6111111111,0.4444444444,,3,-1.754839093,3.5287563929
63,wine_quality,lime,mlp,2,w/ XAI,Attribution,Attribution Sum,1,0.091037563,0.8888888889,0.8333333333,,4,-1.718306603,8.0
63,wine_quality,lime,mlp,2,w/o XAI,Attribution,Attribution Sum,1,0.030797864,0.9444444444,0.9444444444,,4,-2.853595089,3.5287563929
173,wine_quality,lime,mlp,1,w/ XAI,Attribution,Attribution Sum,1,0.5837561995,0.8888888889,0.6111111111,,5,-1.718306603,1.2349080257
173,wine_quality,lime,mlp,1,w/o XAI,Attribution,Sensitive-features categorization,1,0.5992272409,0.5555555556,0.7222222222,1.0,5,-1.509060182,
173,wine_quality,lime,mlp,2,w/ XAI,Attribution,Attribution Sum,1,0.5355829775,0.7222222222,0.7777777778,,5,-1.718306603,1.2349080257
141,wine_quality,lime,mlp,1,w/ XAI,Importance,Attribution Sum,1,0.6543781693,0.6111111111,0.5,,3,-2.909234548,0.2431716588
141,wine_quality,lime,mlp,1,w/o XAI,Importance,Salient-features categorization,1,0.5755968492,0.7222222222,0.5555555556,1.0,1,-2.756953383,
141,wine_quality,lime,mlp,2,w/ XAI,Importance,Attribution Sum,1,0.6049658206,0.6666666667,0.5,,4,-2.909234548,0.2431716588
141,wine_quality,lime,mlp,2,w/o XAI,Importance,Sensitive-features categorization,1,0.1120204474,0.8333333333,0.7222222222,57.346699172,3,-2.368680065,
5,wine_quality,lime,mlp,1,w/ XAI,Attribution,Attribution Sum,1,0.3028326499,0.8888888889,0.7222222222,,5,-1.718306603,7.6269441489
5,wine_quality,lime,mlp,1,w/o XAI,Attribution,Attribution Sum,1,0.5745494507,0.7222222222,0.8888888889,,5,-2.853595089,1.3923006722
5,wine_quality,lime,mlp,2,w/ XAI,Attribution,Attribution Sum,1,0.111630905,0.8333333333,0.8888888889,,5,-1.718306603,8.0
97,wine_quality,lime,mlp,1,w/ XAI,Importance,Salient-features categorization,1,0.5486405587,0.6666666667,0.8333333333,1.0,2,-3.913819391,
97,wine_quality,lime,mlp,1,w/o XAI,Importance,Salient-features categorization,1,0.5488230521,0.6111111111,0.7222222222,1.0,2,-2.756953383,
97,wine_quality,lime,mlp,2,w/ XAI,Importance,Attribution Sum,1,0.1184901642,0.9444444444,0.8888888889,,5,-2.875277253,8.0
97,wine_quality,lime,mlp,2,w/o XAI,Importance,Attribution Sum,1,0.6708477908,0.6111111111,0.6111111111,,4,-2.787268138,0.1
177,wine_quality,lime,mlp,1,w/ XAI,Importance,Attribution Sum,1,0.6673644814,0.6111111111,0.6666666667,,2,-2.909234548,0.2431716588
177,wine_quality,lime,mlp,1,w/o XAI,Importance,Attribution Sum,1,0.5129116446,0.3888888889,0.2777777778,,4,-1.641307471,2.0296064077
177,wine_quality,lime,mlp,2,w/ XAI,Importance,Sensitive-features categorization,1,0.274188976,0.6111111111,0.7777777778,32.358631154,1,-2.525057817,
177,wine_quality,lime,mlp,2,w/o XAI,Importance,Attribution Sum,1,0.4329666982,0.7222222222,0.8333333333,,5,-2.787268138,2.0168815319
228,wine_quality,lime,mlp,1,w/ XAI,Importance,Attribution Sum,1,0.5909178449,0.8333333333,0.7777777778,,3,-2.909234548,0.2431716588
228,wine_quality,lime,mlp,1,w/o XAI,Importance,Salient-features categorization,1,0.0157092392,0.9444444444,0.9444444444,58.861035215,2,-4.0,
228,wine_quality,lime,mlp,2,w/ XAI,Importance,Salient-features categorization,1,0.5853873938,0.7222222222,0.6666666667,1.0,3,-2.491875867,
228,wine_quality,lime,mlp,2,w/o XAI,Importance,Sensitive-features categorization,1,0.2633015905,0.8888888889,0.8333333333,26.151047959,3,-2.368680065,
32,forest_cover,shap,xgboost,1,w/ XAI,Importance,Attribution Sum,1,0.5771850568,0.6666666667,0.3333333333,,3,-2.909234548,0.2431716588
32,forest_cover,shap,xgboost,1,w/o XAI,Importance,Sensitive-features categorization,1,0.2911550721,0.8333333333,0.7222222222,26.151047959,2,-2.368680065,
32,forest_cover,shap,xgboost,2,w/ XAI,Importance,Salient-features categorization,1,0.6546390037,0.6111111111,0.5,1.0,2,-1.069932343,
32,forest_cover,shap,xgboost,2,w/o XAI,Importance,Salient-features categorization,1,0.6374831698,0.7777777778,0.6111111111,1.0,3,-2.756953383,
145,wine_quality,lime,mlp,1,w/ XAI,Attribution,Attribution Sum,1,0.1761592715,0.9444444444,0.9444444444,,3,-1.718306603,4.4309260873
145,wine_quality,lime,mlp,1,w/o XAI,Attribution,Attribution Sum,1,0.5596379235,0.8333333333,0.7222222222,,5,-2.853595089,1.3923006722
145,wine_quality,lime,mlp,2,w/ XAI,Attribution,Attribution Sum,1,0.4206766732,0.7222222222,0.7777777778,,5,-1.718306603,1.2349080257
145,wine_quality,lime,mlp,2,w/o XAI,Attribution,Attribution Sum,1,0.4495308971,0.8888888889,0.9444444444,,4,-3.952351085,1.3923006722
52,forest_cover,shap,xgboost,1,w/ XAI,Attribution,Attribution Sum,1,0.2163604306,0.9444444444,0.8888888889,,4,-1.718306603,1.2349080257
52,forest_cover,shap,xgboost,1,w/o XAI,Attribution,Attribution Sum,1,0.5909943341,0.4444444444,0.5555555556,,5,-2.853595089,0.3240728119
52,forest_cover,shap,xgboost,2,w/ XAI,Attribution,Attribution Sum,1,0.0202015173,1.0,1.0,,5,-1.718306603,8.0
52,forest_cover,shap,xgboost,2,w/o XAI,Attribution,Sensitive-features categorization,1,0.3150269895,0.7222222222,0.6666666667,21.82806764,4,-2.706550117,
184,forest_cover,shap,xgboost,1,w/ XAI,Attribution,Attribution Sum,1,0.0101042398,1.0,0.9444444444,,4,-1.718306603,8.0
184,forest_cover,shap,xgboost,1,w/o XAI,Attribution,Attribution Sum,1,0.2746685124,0.6666666667,0.7222222222,,3,-2.853595089,2.4605285325
184,forest_cover,shap,xgboost,2,w/ XAI,Attribution,Attribution Sum,1,0.1090937668,0.8888888889,0.9444444444,,4,-1.718306603,4.4309260873
184,forest_cover,shap,xgboost,2,w/o XAI,Attribution,Attribution Sum,1,0.251323191,0.6111111111,0.7777777778,,5,-2.853595089,3.5287563929
24,adult,lime,xgboost,1,w/ XAI,Importance,Attribution Sum,1,0.4832476324,0.8888888889,0.9444444444,,2,-2.909234548,3.4721201856
24,adult,lime,xgboost,1,w/o XAI,Importance,Attribution Sum,1,0.405113346,0.7222222222,0.6666666667,,5,-3.933228805,2.0168815319
24,adult,lime,xgboost,2,w/ XAI,Importance,Salient-features categorization,1,-9.99859e-11,1.0,1.0,68.700503641,2,-2.491875867,
24,adult,lime,xgboost,2,w/o XAI,Importance,Salient-features categorization,1,0.1873313774,0.8333333333,0.8888888889,33.957537986,1,-2.756953383,
201,adult,lime,xgboost,1,w/ XAI,Attribution,Attribution Sum,1,0.0958424389,1.0,0.8888888889,,4,-1.718306603,8.0
201,adult,lime,xgboost,1,w/o XAI,Attribution,Attribution Sum,1,0.6123275585,0.6666666667,0.6666666667,,5,-2.853595089,0.3240728119
201,adult,lime,xgboost,2,w/ XAI,Attribution,Attribution Sum,1,0.4013212009,1.0,0.5555555556,,5,-1.718306603,1.2349080257
201,adult,lime,xgboost,2,w/o XAI,Attribution,Sensitive-features categorization,1,0.2019933075,0.9444444444,0.8333333333,31.294501107,1,-2.706550117,
129,adult,lime,xgboost,1,w/ XAI,Attribution,Attribution Sum,1,0.4665922939,0.9444444444,0.6666666667,,5,-1.718306603,1.2349080257
129,adult,lime,xgboost,1,w/o XAI,Attribution,Sensitive-features categorization,1,0.1966850623,0.9444444444,0.7222222222,36.975318194,3,-2.706550117,
129,adult,lime,xgboost,2,w/ XAI,Attribution,Attribution Sum,1,0.3917597703,0.7222222222,0.6666666667,,5,-1.718306603,1.2349080257
129,adult,lime,xgboost,2,w/o XAI,Attribution,Attribution Sum,1,0.4384815178,0.9444444444,0.7222222222,,5,-3.952351085,1.3923006722
113,adult,lime,xgboost,1,w/ XAI,Attribution,Attribution Sum,1,0.4034923233,0.8333333333,0.6666666667,,5,-1.718306603,1.2349080257
113,adult,lime,xgboost,1,w/o XAI,Attribution,Attribution Sum,1,0.3756444804,0.7777777778,0.8888888889,,3,-3.952351085,2.4605285325
113,adult,lime,xgboost,2,w/ XAI,Attribution,Attribution Sum,1,0.245092426,1.0,0.7222222222,,4,-1.718306603,2.8329170565
113,adult,lime,xgboost,2,w/o XAI,Attribution,Attribution Sum,1,0.2874549118,0.7777777778,0.7777777778,,4,-2.853595089,2.4605285325
88,adult,lime,xgboost,1,w/ XAI,Attribution,Attribution Sum,1,0.1361482645,0.7777777778,0.7777777778,,5,-1.718306603,7.6269441489
88,adult,lime,xgboost,1,w/o XAI,Attribution,Attribution Sum,1,0.1533356465,0.7777777778,0.7222222222,,3,-2.853595089,3.5287563929
88,adult,lime,xgboost,2,w/ XAI,Attribution,Attribution Sum,1,0.4044285559,0.9444444444,0.4444444444,,5,-1.718306603,1.2349080257
88,adult,lime,xgboost,2,w/o XAI,Attribution,Sensitive-features categorization,1,0.6610339374,0.5555555556,0.6111111111,1.0,3,-2.706550117,
2,adult,lime,xgboost,1,w/ XAI,Importance,Attribution Sum,1,8.28217e-05,1.0,1.0,,3,-2.909234548,8.0
2,adult,lime,xgboost,1,w/o XAI,Importance,Attribution Sum,1,0.5427967124,0.8333333333,0.7777777778,,4,-2.787268138,1.052078328
2,adult,lime,xgboost,2,w/ XAI,Importance,Attribution Sum,1,0.1426391788,0.9444444444,1.0,,4,-2.909234548,3.4721201856
2,adult,lime,xgboost,2,w/o XAI,Importance,Salient-features categorization,1,0.6500073924,0.8333333333,0.5,1.0,2,-4.0,
186,adult,lime,xgboost,1,w/ XAI,Importance,Salient-features categorization,1,1.0541835e-06,1.0,1.0,100.0,2,-3.913819391,
186,adult,lime,xgboost,1,w/o XAI,Importance,Sensitive-features categorization,1,0.3308056838,0.8333333333,0.8888888889,10.553222352,3,-2.368680065,
186,adult,lime,xgboost,2,w/ XAI,Importance,Importance categorization,1,0.1413109652,0.9444444444,1.0,66.685022049,3,-3.792588539,
186,adult,lime,xgboost,2,w/o XAI,Importance,Sensitive-features categorization,1,0.1929372492,0.7222222222,0.6666666667,41.748873566,3,-2.368680065,
106,adult,lime,xgboost,1,w/ XAI,Attribution,Attribution Sum,1,0.0958424389,1.0,1.0,,4,-1.718306603,8.0
106,adult,lime,xgboost,1,w/o XAI,Attribution,Attribution Sum,1,0.182600871,0.7777777778,0.7777777778,,5,-2.853595089,2.4605285325
106,adult,lime,xgboost,2,w/ XAI,Attribution,Attribution Sum,1,0.0829556429,0.9444444444,0.8888888889,,4,-1.718306603,8.0
106,adult,lime,xgboost,2,w/o XAI,Attribution,Sensitive-features categorization,1,0.2873801123,0.6666666667,0.6111111111,36.975318194,3,-2.706550117,
225,adult,lime,xgboost,1,w/ XAI,Attribution,Attribution Sum,1,0.6747336966,0.7222222222,0.4444444444,,5,-1.718306603,0.1
220,adult,lime,xgboost,1,w/ XAI,Attribution,Attribution Sum,1,0.1970380261,0.9444444444,0.8888888889,,5,-1.718306603,4.4309260873
220,adult,lime,xgboost,1,w/o XAI,Attribution,Sensitive-features categorization,1,0.3089949464,0.7777777778,0.7222222222,31.294501107,5,-1.509060182,
220,adult,lime,xgboost,2,w/ XAI,Attribution,Attribution Sum,1,0.3961817724,0.7777777778,0.8333333333,,5,-1.718306603,1.2349080257
220,adult,lime,xgboost,2,w/o XAI,Attribution,Sensitive-features categorization,1,0.0002962775,1.0,1.0,52.122568747,5,-2.706550117,
29,adult,lime,xgboost,1,w/ XAI,Importance,Attribution Sum,1,0.1873392965,0.9444444444,1.0,,4,-2.909234548,1.8576459222
29,adult,lime,xgboost,1,w/o XAI,Importance,Attribution Sum,1,0.2768605874,0.8333333333,0.7777777778,,4,-2.787268138,2.9816847358
29,adult,lime,xgboost,2,w/ XAI,Importance,Salient-features categorization,1,-9.99876e-11,1.0,1.0,68.700503641,2,-2.491875867,
29,adult,lime,xgboost,2,w/o XAI,Importance,Attribution Sum,1,0.255083131,0.9444444444,0.8888888889,,5,-2.787268138,3.9464879396
189,adult,lime,xgboost,1,w/ XAI,Importance,Sensitive-features categorization,1,0.4247150466,0.6666666667,0.5,32.358631154,1,-2.525057817,
189,adult,lime,xgboost,1,w/o XAI,Importance,Sensitive-features categorization,1,0.3174032098,0.7222222222,0.7777777778,88.542350386,3,-2.368680065,
189,adult,lime,xgboost,2,w/ XAI,Importance,Sensitive-features categorization,1,0.2512057184,0.7222222222,0.6666666667,60.829485945,1,-2.525057817,
189,adult,lime,xgboost,2,w/o XAI,Importance,Salient-features categorization,1,6.5784725e-06,1.0,1.0,58.861035215,3,-2.756953383,
194,adult,lime,xgboost,1,w/ XAI,Importance,Attribution Sum,1,0.1436942247,0.9444444444,1.0,,5,-2.909234548,3.4721201856
194,adult,lime,xgboost,1,w/o XAI,Importance,Salient-features categorization,1,0.1939383634,0.8333333333,0.7777777778,33.957537986,1,-2.756953383,
194,adult,lime,xgboost,2,w/ XAI,Importance,Attribution Sum,1,0.0001680304,1.0,1.0,,4,-4.0,8.0
194,adult,lime,xgboost,2,w/o XAI,Importance,Sensitive-features categorization,1,0.212708195,0.6666666667,0.7222222222,41.748873566,3,-2.368680065,
181,adult,lime,xgboost,1,w/ XAI,Importance,Importance categorization,1,0.1607870824,0.8888888889,0.8333333333,31.364774843,5,-3.792588539,
181,adult,lime,xgboost,1,w/o XAI,Importance,Attribution Sum,1,0.3585473791,0.7777777778,0.7222222222,,4,-2.787268138,2.0168815319
181,adult,lime,xgboost,2,w/ XAI,Importance,Attribution Sum,1,0.0001680304,1.0,1.0,,4,-4.0,8.0
181,adult,lime,xgboost,2,w/o XAI,Importance,Salient-features categorization,1,0.0854329753,0.6111111111,0.6666666667,33.957537986,3,-2.527972691,
230,adult,lime,xgboost,1,w/ XAI,Attribution,Attribution Sum,1,0.447480099,0.8333333333,0.6111111111,,5,-1.718306603,1.2349080257
230,adult,lime,xgboost,1,w/o XAI,Attribution,Attribution Sum,1,0.3983061028,0.7777777778,0.7777777778,,3,-2.853595089,1.3923006722
230,adult,lime,xgboost,2,w/ XAI,Attribution,Attribution Sum,1,0.2597669384,0.8888888889,0.7777777778,,4,-1.718306603,2.8329170565
230,adult,lime,xgboost,2,w/o XAI,Attribution,Attribution Sum,1,0.4941031255,0.6666666667,0.7222222222,,4,-3.952351085,1.3923006722
7,adult,lime,xgboost,1,w/ XAI,Attribution,Attribution Sum,1,0.4447705048,0.7222222222,0.6111111111,,5,-1.718306603,1.2349080257
7,adult,lime,xgboost,1,w/o XAI,Attribution,Attribution Sum,1,0.5031955384,0.7777777778,0.7777777778,,5,-3.952351085,1.3923006722
7,adult,lime,xgboost,2,w/ XAI,Attribution,Attribution Sum,1,0.4013212009,1.0,0.7222222222,,5,-1.718306603,1.2349080257
7,adult,lime,xgboost,2,w/o XAI,Attribution,Attribution Sum,1,0.4407348203,0.7777777778,0.7777777778,,5,-2.853595089,1.3923006722
187,adult,lime,xgboost,2,w/ XAI,Attribution,Attribution Sum,1,0.5340408394,0.8333333333,0.6666666667,,5,-1.718306603,1.2349080257
109,adult,lime,xgboost,1,w/ XAI,Importance,Sensitive-features categorization,1,0.6477356342,0.3333333333,0.5555555556,1.0,1,-2.525057817,
109,adult,lime,xgboost,1,w/o XAI,Importance,Attribution Sum,1,0.1983236954,0.7777777778,0.7777777778,,5,-3.933228805,5.8760943474
148,forest_cover,shap,xgboost,1,w/ XAI,Importance,Attribution Sum,1,0.6630298617,0.3888888889,0.7777777778,,2,-2.909234548,0.2431716588
148,forest_cover,shap,xgboost,1,w/o XAI,Importance,Salient-features categorization,1,0.616130827,0.6666666667,0.2777777778,1.0,2,-1.284926074,
148,forest_cover,shap,xgboost,2,w/ XAI,Importance,Sensitive-features categorization,1,0.6606303959,0.5555555556,0.5,1.0,1,-2.525057817,
148,forest_cover,shap,xgboost,2,w/o XAI,Importance,Sensitive-features categorization,1,0.005444748,0.5,0.5,57.346699172,3,-2.368680065,
102,forest_cover,shap,xgboost,1,w/ XAI,Importance,Attribution Sum,1,0.0782863865,0.9444444444,0.8888888889,,4,-2.909234548,3.4721201856
102,forest_cover,shap,xgboost,1,w/o XAI,Importance,Salient-features categorization,1,0.6566828614,0.6666666667,0.6111111111,1.0,2,-2.756953383,
102,forest_cover,shap,xgboost,2,w/ XAI,Importance,Sensitive-features categorization,1,0.4795590615,0.9444444444,0.7777777778,32.358631154,1,-2.525057817,
102,forest_cover,shap,xgboost,2,w/o XAI,Importance,Sensitive-features categorization,1,0.1731852999,0.5555555556,0.6111111111,26.151047959,2,-2.368680065,
79,adult,lime,xgboost,1,w/ XAI,Importance,Sensitive-features categorization,1,0.6060932827,0.4444444444,0.3888888889,1.0,1,-2.525057817,
79,adult,lime,xgboost,1,w/o XAI,Importance,Attribution Sum,1,0.1186347286,0.7777777778,0.8888888889,,5,-2.787268138,5.8760943474
79,adult,lime,xgboost,2,w/ XAI,Importance,Sensitive-features categorization,1,0.3853556867,0.7222222222,0.7777777778,45.150170368,3,-2.525057817,
79,adult,lime,xgboost,2,w/o XAI,Importance,Attribution Sum,1,0.1201908967,0.7222222222,0.8333333333,,3,-3.933228805,5.8760943474
58,forest_cover,shap,xgboost,1,w/ XAI,Importance,Attribution Sum,1,0.5222745238,0.7777777778,0.8888888889,,4,-2.909234548,3.4721201856
58,forest_cover,shap,xgboost,1,w/o XAI,Importance,Sensitive-features categorization,1,0.0040622248,0.6666666667,0.6666666667,57.346699172,4,-2.368680065,
58,forest_cover,shap,xgboost,2,w/ XAI,Importance,Sensitive-features categorization,1,0.1373260152,0.7777777778,0.7777777778,32.358631154,1,-2.525057817,
58,forest_cover,shap,xgboost,2,w/o XAI,Importance,Salient-features categorization,1,0.5954055622,0.5555555556,0.7222222222,1.0,1,-4.0,
166,forest_cover,shap,xgboost,1,w/ XAI,Attribution,Attribution Sum,1,0.0009448354,1.0,1.0,,5,-1.718306603,8.0
166,forest_cover,shap,xgboost,1,w/o XAI,Attribution,Sensitive-features categorization,1,0.2778057079,0.5,0.6111111111,6.6808170864,3,-2.706550117,
166,forest_cover,shap,xgboost,2,w/ XAI,Attribution,Attribution Sum,1,0.0202015173,1.0,1.0,,5,-1.718306603,8.0
166,forest_cover,shap,xgboost,2,w/o XAI,Attribution,Sensitive-features categorization,1,0.4680511247,0.5555555556,0.2222222222,31.294501107,3,-1.509060182,
246,forest_cover,shap,xgboost,1,w/ XAI,Attribution,Attribution Sum,1,0.4338500389,0.7222222222,0.7222222222,,4,-1.718306603,1.2349080257
246,forest_cover,shap,xgboost,1,w/o XAI,Attribution,Attribution Sum,1,0.5827146833,0.5555555556,0.7777777778,,4,-2.853595089,1.3923006722
246,forest_cover,shap,xgboost,2,w/ XAI,Attribution,Attribution Sum,1,0.0427678044,1.0,0.9444444444,,5,-1.718306603,8.0
246,forest_cover,shap,xgboost,2,w/o XAI,Attribution,Sensitive-features categorization,1,0.6335920888,0.3888888889,0.3888888889,1.0,1,-2.706550117,
209,forest_cover,shap,xgboost,1,w/ XAI,Importance,Salient-features categorization,1,0.5809431565,0.6666666667,0.5,1.0,2,-2.491875867,
209,forest_cover,shap,xgboost,2,w/ XAI,Importance,Salient-features categorization,1,0.6546390037,0.6666666667,0.6111111111,1.0,2,-1.069932343,
253,forest_cover,shap,xgboost,1,w/ XAI,Attribution,Attribution Sum,1,0.0101042398,1.0,0.9444444444,,4,-1.718306603,8.0
253,forest_cover,shap,xgboost,1,w/o XAI,Attribution,Sensitive-features categorization,1,0.394770448,0.7222222222,0.8333333333,21.82806764,3,-2.706550117,
253,forest_cover,shap,xgboost,2,w/ XAI,Attribution,Attribution Sum,1,0.2696444282,0.8333333333,0.9444444444,,4,-1.718306603,1.2349080257
253,forest_cover,shap,xgboost,2,w/o XAI,Attribution,Sensitive-features categorization,1,0.6675886802,0.6111111111,0.4444444444,1.0,5,-2.706550117,
100,adult,lime,xgboost,1,w/ XAI,Attribution,Attribution Sum,1,0.0958424389,1.0,0.9444444444,,4,-1.718306603,8.0
100,adult,lime,xgboost,1,w/o XAI,Attribution,Attribution Sum,1,0.3496017367,0.8888888889,0.7222222222,,5,-2.853595089,1.3923006722
100,adult,lime,xgboost,2,w/ XAI,Attribution,Attribution Sum,1,0.0829556429,0.9444444444,0.8333333333,,4,-1.718306603,8.0
100,adult,lime,xgboost,2,w/o XAI,Attribution,Attribution Sum,1,0.5688681449,0.8888888889,0.6666666667,,5,-3.952351085,1.3923006722
218,forest_cover,shap,xgboost,1,w/ XAI,Importance,Sensitive-features categorization,1,0.3944420634,0.7222222222,0.6666666667,13.791539214,3,-2.525057817,
218,forest_cover,shap,xgboost,1,w/o XAI,Importance,Attribution Sum,1,0.2438740512,0.7777777778,0.6111111111,,5,-3.933228805,2.0168815319
218,forest_cover,shap,xgboost,2,w/o XAI,Importance,Salient-features categorization,1,0.5638947827,0.5,0.6666666667,1.0,1,-4.0,
255,forest_cover,shap,xgboost,1,w/ XAI,Attribution,Attribution Sum,1,0.3484722418,0.8888888889,0.8333333333,,5,-1.718306603,1.2349080257
255,forest_cover,shap,xgboost,2,w/ XAI,Attribution,Attribution Sum,1,0.0202015173,1.0,0.9444444444,,5,-1.718306603,8.0
255,forest_cover,shap,xgboost,2,w/o XAI,Attribution,Sensitive-features categorization,1,0.5192417859,0.7777777778,0.6666666667,31.294501107,1,-2.706550117,
252,adult,lime,xgboost,1,w/ XAI,Importance,Salient-features categorization,1,0.5565541534,0.7777777778,0.8888888889,1.0,2,-3.913819391,
252,adult,lime,xgboost,1,w/o XAI,Importance,Salient-features categorization,1,0.134189809,0.9444444444,0.9444444444,25.903497229,3,-4.0,
252,adult,lime,xgboost,2,w/ XAI,Importance,Importance categorization,1,0.5316819282,0.7777777778,0.8333333333,31.364774843,3,-3.792588539,
252,adult,lime,xgboost,2,w/o XAI,Importance,Attribution Sum,1,0.4454385266,0.7777777778,0.6111111111,,5,-2.787268138,2.0168815319
13,forest_cover,shap,xgboost,1,w/ XAI,Attribution,Attribution Sum,1,0.0009448354,1.0,1.0,,5,-1.718306603,8.0
13,forest_cover,shap,xgboost,1,w/o XAI,Attribution,Sensitive-features categorization,1,0.6332952713,0.4444444444,0.5555555556,1.0,1,-2.706550117,
13,forest_cover,shap,xgboost,2,w/ XAI,Attribution,Attribution Sum,1,0.1090937668,0.8888888889,0.9444444444,,4,-1.718306603,4.4309260873
13,forest_cover,shap,xgboost,2,w/o XAI,Attribution,Sensitive-features categorization,1,0.6088275527,0.3888888889,0.4444444444,1.0,1,-1.509060182,
162,forest_cover,shap,xgboost,1,w/ XAI,Attribution,Attribution Sum,1,0.0009448354,1.0,1.0,,5,-1.718306603,8.0
162,forest_cover,shap,xgboost,1,w/o XAI,Attribution,Sensitive-features categorization,1,0.6722226164,0.6666666667,0.6666666667,1.0,5,-2.706550117,
162,forest_cover,shap,xgboost,2,w/ XAI,Attribution,Attribution Sum,1,0.0985762963,0.9444444444,0.8888888889,,4,-1.718306603,4.4309260873
244,forest_cover,shap,xgboost,1,w/ XAI,Attribution,Attribution Sum,1,0.0101042398,1.0,1.0,,4,-1.718306603,8.0
244,forest_cover,shap,xgboost,1,w/o XAI,Attribution,Attribution Sum,1,0.4509818882,0.6666666667,0.7777777778,,5,-2.853595089,1.3923006722
244,forest_cover,shap,xgboost,2,w/ XAI,Attribution,Attribution Sum,1,0.2593852835,0.8888888889,0.8333333333,,4,-1.718306603,1.2349080257
244,forest_cover,shap,xgboost,2,w/o XAI,Attribution,Sensitive-features categorization,1,0.6289558278,0.6111111111,0.5,1.0,1,-1.509060182,
10,forest_cover,shap,xgboost,1,w/ XAI,Attribution,Attribution Sum,1,0.0009448354,1.0,1.0,,5,-1.718306603,8.0
10,forest_cover,shap,xgboost,1,w/o XAI,Attribution,Sensitive-features categorization,1,0.6052755581,0.3888888889,0.6111111111,1.0,1,-2.706550117,
10,forest_cover,shap,xgboost,2,w/ XAI,Attribution,Attribution Sum,1,0.1090937668,0.8888888889,0.9444444444,,4,-1.718306603,4.4309260873
10,forest_cover,shap,xgboost,2,w/o XAI,Attribution,Sensitive-features categorization,1,0.6701421957,0.3888888889,0.5555555556,1.0,1,-2.706550117,
248,forest_cover,shap,xgboost,1,w/ XAI,Attribution,Attribution Sum,1,0.1011361621,0.8888888889,1.0,,3,-1.718306603,4.4309260873
248,forest_cover,shap,xgboost,1,w/o XAI,Attribution,Sensitive-features categorization,1,0.6430498855,0.2777777778,0.6666666667,1.0,1,-2.706550117,
248,forest_cover,shap,xgboost,2,w/ XAI,Attribution,Attribution Sum,1,0.0044798913,0.9444444444,0.9444444444,,3,-1.718306603,7.6269441489
248,forest_cover,shap,xgboost,2,w/o XAI,Attribution,Attribution Sum,1,0.4625335663,0.4444444444,0.5,,2,-1.754839093,3.5287563929
138,adult,lime,xgboost,1,w/ XAI,Importance,Sensitive-features categorization,1,0.289521273,0.6111111111,0.7777777778,92.1881171,3,-2.525057817,
138,adult,lime,xgboost,1,w/o XAI,Importance,Sensitive-features categorization,1,0.2843845924,0.5,0.6666666667,88.542350386,3,-2.368680065,
138,adult,lime,xgboost,2,w/ XAI,Importance,Attribution Sum,1,0.293377336,0.9444444444,1.0,,4,-4.0,3.4721201856
138,adult,lime,xgboost,2,w/o XAI,Importance,Attribution Sum,1,0.2385292362,0.9444444444,1.0,,5,-2.787268138,3.9464879396
161,forest_cover,shap,xgboost,1,w/ XAI,Attribution,Attribution Sum,1,0.1351855442,0.9444444444,1.0,,4,-1.718306603,2.8329170565
161,forest_cover,shap,xgboost,2,w/ XAI,Attribution,Attribution Sum,1,0.3719580333,0.8888888889,0.9444444444,,4,-1.718306603,1.2349080257
161,forest_cover,shap,xgboost,2,w/o XAI,Attribution,Sensitive-features categorization,1,0.6726656217,0.4444444444,0.5,1.0,3,-2.706550117,
73,forest_cover,shap,xgboost,1,w/ XAI,Importance,Attribution Sum,1,0.2990682762,0.7777777778,0.7777777778,,3,-2.909234548,1.8576459222
73,forest_cover,shap,xgboost,2,w/o XAI,Importance,Salient-features categorization,1,0.616130827,0.5555555556,0.5555555556,1.0,2,-1.284926074,
167,adult,lime,xgboost,1,w/ XAI,Importance,Salient-features categorization,1,9.6338671e-07,1.0,1.0,100.0,2,-3.913819391,
167,adult,lime,xgboost,1,w/o XAI,Importance,Attribution Sum,1,0.3648924388,0.8888888889,0.9444444444,,4,-2.787268138,3.9464879396
167,adult,lime,xgboost,2,w/ XAI,Importance,Attribution Sum,1,0.0001680304,1.0,1.0,,4,-4.0,8.0
167,adult,lime,xgboost,2,w/o XAI,Importance,Salient-features categorization,1,0.616130827,0.8333333333,0.3333333333,1.0,2,-1.284926074,
193,adult,lime,xgboost,1,w/ XAI,Attribution,Attribution Sum,1,0.6149908275,0.6666666667,0.7222222222,,5,-1.718306603,1.2349080257
193,adult,lime,xgboost,1,w/o XAI,Attribution,Attribution Sum,1,0.462361461,0.8888888889,0.7777777778,,4,-3.952351085,1.3923006722
193,adult,lime,xgboost,2,w/ XAI,Attribution,Attribution Sum,1,0.2790493267,0.9444444444,0.8333333333,,5,-1.718306603,4.4309260873
193,adult,lime,xgboost,2,w/o XAI,Attribution,Sensitive-features categorization,1,0.0006712416,1.0,1.0,52.122568747,5,-2.706550117,
196,forest_cover,shap,xgboost,1,w/ XAI,Attribution,Attribution Sum,1,0.0101042398,1.0,1.0,,4,-1.718306603,8.0
196,forest_cover,shap,xgboost,1,w/o XAI,Attribution,Attribution Sum,1,0.6144613613,0.7222222222,0.3333333333,,5,-2.853595089,0.3240728119
196,forest_cover,shap,xgboost,2,w/ XAI,Attribution,Attribution Sum,1,0.1090937668,0.8888888889,0.9444444444,,4,-1.718306603,4.4309260873
55,adult,lime,xgboost,1,w/ XAI,Attribution,Attribution Sum,1,0.3922248174,0.7777777778,0.8333333333,,5,-1.718306603,1.2349080257
55,adult,lime,xgboost,1,w/o XAI,Attribution,Attribution Sum,1,0.4624993957,0.8888888889,0.7777777778,,5,-3.952351085,1.3923006722
55,adult,lime,xgboost,2,w/ XAI,Attribution,Attribution Sum,1,0.4456270223,0.9444444444,0.8333333333,,5,-1.718306603,1.2349080257
55,adult,lime,xgboost,2,w/o XAI,Attribution,Attribution Sum,1,0.4638621454,0.7777777778,0.6666666667,,3,-3.952351085,1.3923006722
168,adult,lime,xgboost,1,w/ XAI,Importance,Attribution Sum,1,0.6476376065,0.6111111111,0.5555555556,,5,-2.909234548,0.2431716588
168,adult,lime,xgboost,1,w/o XAI,Importance,Attribution Sum,1,0.4691873109,0.6666666667,0.7777777778,,5,-2.787268138,2.0168815319
168,adult,lime,xgboost,2,w/ XAI,Importance,Sensitive-features categorization,1,0.4019544326,0.6666666667,0.7222222222,60.829485945,3,-2.525057817,
168,adult,lime,xgboost,2,w/o XAI,Importance,Salient-features categorization,1,0.6289984704,0.4444444444,0.5,1.0,3,-2.756953383,
247,adult,lime,xgboost,1,w/ XAI,Importance,Salient-features categorization,1,0.4710654209,0.6666666667,0.5555555556,1.0,2,-2.491875867,
247,adult,lime,xgboost,1,w/o XAI,Importance,Salient-features categorization,1,0.6533130023,0.7222222222,0.7222222222,1.0,2,-2.756953383,
247,adult,lime,xgboost,2,w/o XAI,Importance,Attribution Sum,1,0.3890408904,0.7777777778,0.7222222222,,4,-2.787268138,2.0168815319
232,adult,lime,xgboost,1,w/ XAI,Attribution,Attribution Sum,1,0.4447705048,0.7222222222,0.7777777778,,5,-1.718306603,1.2349080257
232,adult,lime,xgboost,1,w/o XAI,Attribution,Sensitive-features categorization,1,0.2628346536,0.9444444444,0.7777777778,21.82806764,3,-2.706550117,
232,adult,lime,xgboost,2,w/ XAI,Attribution,Attribution Sum,1,0.0829556429,0.9444444444,0.9444444444,,4,-1.718306603,8.0
232,adult,lime,xgboost,2,w/o XAI,Attribution,Sensitive-features categorization,1,0.4556043026,0.7777777778,0.5555555556,1.0,1,-1.509060182,
182,forest_cover,shap,xgboost,1,w/o XAI,Importance,Salient-features categorization,1,0.616130827,0.3888888889,0.3333333333,1.0,2,-1.284926074,
182,forest_cover,shap,xgboost,2,w/ XAI,Importance,Attribution Sum,1,0.6546510239,0.6111111111,0.6111111111,,5,-2.909234548,0.2431716588
182,forest_cover,shap,xgboost,2,w/o XAI,Importance,Attribution Sum,1,0.5081574117,0.6111111111,0.3888888889,,5,-1.641307471,2.0296064077
103,adult,lime,xgboost,1,w/ XAI,Attribution,Attribution Sum,1,0.5611094506,0.7222222222,0.6666666667,,5,-1.718306603,1.2349080257
103,adult,lime,xgboost,2,w/ XAI,Attribution,Attribution Sum,1,0.5985699586,0.7777777778,0.6111111111,,4,-1.718306603,1.2349080257
103,adult,lime,xgboost,2,w/o XAI,Attribution,Sensitive-features categorization,1,0.6560263834,0.6111111111,0.6111111111,1.0,5,-2.706550117,
76,forest_cover,shap,xgboost,1,w/ XAI,Importance,Attribution Sum,1,0.4245182231,0.6111111111,0.6666666667,,4,-1.784511801,3.4721201856
76,forest_cover,shap,xgboost,1,w/o XAI,Importance,Salient-features categorization,1,0.1228074465,0.7222222222,0.7222222222,25.903497229,2,-2.756953383,
76,forest_cover,shap,xgboost,2,w/ XAI,Importance,Sensitive-features categorization,1,0.3530560457,0.7222222222,0.6111111111,29.470854791,1,-2.525057817,
76,forest_cover,shap,xgboost,2,w/o XAI,Importance,Sensitive-features categorization,1,0.2252951967,0.5555555556,0.6666666667,26.151047959,2,-2.368680065,
226,adult,lime,xgboost,1,w/o XAI,Importance,Sensitive-features categorization,1,0.637477902,0.6111111111,0.5,1.0,4,-2.368680065,
226,adult,lime,xgboost,2,w/ XAI,Importance,Sensitive-features categorization,1,0.2011080372,0.6666666667,0.7222222222,60.829485945,3,-2.525057817,
226,adult,lime,xgboost,2,w/o XAI,Importance,Salient-features categorization,1,9.187757e-06,1.0,1.0,58.861035215,3,-2.756953383,
157,forest_cover,shap,xgboost,1,w/ XAI,Attribution,Attribution Sum,1,0.2583960398,0.8888888889,0.8333333333,,5,-1.718306603,1.2349080257
157,forest_cover,shap,xgboost,1,w/o XAI,Attribution,Sensitive-features categorization,1,0.1858431196,0.7222222222,0.6666666667,52.122568747,5,-2.706550117,
157,forest_cover,shap,xgboost,2,w/ XAI,Attribution,Attribution Sum,1,0.0202015173,1.0,0.9444444444,,5,-1.718306603,8.0
157,forest_cover,shap,xgboost,2,w/o XAI,Attribution,Sensitive-features categorization,1,0.1448576458,0.8333333333,0.7222222222,52.122568747,1,-2.706550117,
213,adult,lime,xgboost,1,w/ XAI,Importance,Attribution Sum,1,0.604665519,0.7222222222,0.6666666667,,5,-2.909234548,0.2431716588
213,adult,lime,xgboost,1,w/o XAI,Importance,Attribution Sum,1,0.304462522,0.7777777778,0.7777777778,,5,-2.787268138,2.0168815319
213,adult,lime,xgboost,2,w/ XAI,Importance,Salient-features categorization,1,0.6322544625,0.6666666667,0.5,1.0,3,-3.913819391,
213,adult,lime,xgboost,2,w/o XAI,Importance,Attribution Sum,1,0.4313503148,0.7777777778,0.8333333333,,5,-3.933228805,2.0168815319
210,adult,lime,xgboost,1,w/ XAI,Importance,Attribution Sum,1,8.71461e-05,1.0,1.0,,4,-2.909234548,8.0
210,adult,lime,xgboost,1,w/o XAI,Importance,Salient-features categorization,1,0.4973437233,0.6111111111,0.6111111111,1.0,1,-2.756953383,
210,adult,lime,xgboost,2,w/ XAI,Importance,Sensitive-features categorization,1,0.0001308167,1.0,1.0,60.829485945,5,-2.525057817,
210,adult,lime,xgboost,2,w/o XAI,Importance,Sensitive-features categorization,1,0.0974235849,0.7777777778,0.7222222222,26.151047959,4,-2.368680065,
240,forest_cover,shap,xgboost,1,w/ XAI,Importance,Sensitive-features categorization,1,0.6160984647,0.5,0.7777777778,1.0,1,-2.525057817,
176,adult,lime,xgboost,1,w/ XAI,Importance,Attribution Sum,1,8.71461e-05,1.0,1.0,,4,-2.909234548,8.0
176,adult,lime,xgboost,1,w/o XAI,Importance,Salient-features categorization,1,0.5030921136,0.6666666667,0.7777777778,1.0,1,-2.756953383,
176,adult,lime,xgboost,2,w/ XAI,Importance,Sensitive-features categorization,1,0.2684496189,0.8888888889,0.8888888889,32.358631154,1,-2.525057817,
176,adult,lime,xgboost,2,w/o XAI,Importance,Attribution Sum,1,0.5674350873,0.5555555556,0.5,,4,-1.641307471,2.0296064077
124,wine_quality,lime,mlp,1,w/ XAI,Attribution,Attribution Sum,1,0.6125204168,0.5,0.6666666667,,4,-1.718306603,1.2349080257
124,wine_quality,lime,mlp,1,w/o XAI,Attribution,Sensitive-features categorization,1,0.4679691921,0.6111111111,0.6111111111,21.82806764,1,-2.706550117,
124,wine_quality,lime,mlp,2,w/ XAI,Attribution,Attribution Sum,1,0.4640487232,0.8333333333,0.6111111111,,4,-1.718306603,1.2349080257
124,wine_quality,lime,mlp,2,w/o XAI,Attribution,Sensitive-features categorization,1,0.1808912802,0.6666666667,0.7777777778,21.82806764,1,-2.706550117,
80,wine_quality,lime,mlp,1,w/ XAI,Importance,Sensitive-features categorization,1,0.1679133836,0.4444444444,0.5555555556,32.358631154,1,-2.525057817,
80,wine_quality,lime,mlp,1,w/o XAI,Importance,Sensitive-features categorization,1,0.2726790522,0.5555555556,0.5555555556,32.195651213,2,-2.368680065,
80,wine_quality,lime,mlp,2,w/ XAI,Importance,Importance categorization,1,1.7644249e-06,0.6666666667,0.6666666667,66.685022049,3,-3.792588539,
80,wine_quality,lime,mlp,2,w/o XAI,Importance,Sensitive-features categorization,1,0.259217904,0.6111111111,0.7777777778,57.346699172,2,-2.368680065,
86,wine_quality,lime,mlp,1,w/ XAI,Attribution,Attribution Sum,1,0.0174729798,1.0,1.0,,5,-1.718306603,8.0
86,wine_quality,lime,mlp,1,w/o XAI,Attribution,Sensitive-features categorization,1,0.6261456815,0.3888888889,0.7222222222,1.0,1,-2.706550117,
86,wine_quality,lime,mlp,2,w/ XAI,Attribution,Attribution Sum,1,0.0070593373,1.0,1.0,,5,-1.718306603,8.0
86,wine_quality,lime,mlp,2,w/o XAI,Attribution,Attribution Sum,1,0.4122719378,0.7777777778,0.8333333333,,3,-2.853595089,2.4605285325
245,wine_quality,lime,mlp,1,w/ XAI,Attribution,Attribution Sum,1,0.0174729798,1.0,1.0,,5,-1.718306603,8.0
245,wine_quality,lime,mlp,1,w/o XAI,Attribution,Sensitive-features categorization,1,0.6263425254,0.7222222222,0.5555555556,1.0,5,-2.706550117,
245,wine_quality,lime,mlp,2,w/ XAI,Attribution,Attribution Sum,1,0.0735720097,0.8333333333,0.8333333333,,4,-1.718306603,8.0
245,wine_quality,lime,mlp,2,w/o XAI,Attribution,Sensitive-features categorization,1,0.0190240415,1.0,1.0,52.122568747,5,-1.509060182,
61,wine_quality,lime,mlp,1,w/ XAI,Attribution,Attribution Sum,1,0.0174729798,1.0,1.0,,5,-1.718306603,8.0
61,wine_quality,lime,mlp,1,w/o XAI,Attribution,Attribution Sum,1,0.6096531668,0.6666666667,0.6666666667,,4,-2.853595089,1.3923006722
61,wine_quality,lime,mlp,2,w/ XAI,Attribution,Attribution Sum,1,0.4408072044,0.6666666667,0.7222222222,,5,-1.718306603,1.2349080257
61,wine_quality,lime,mlp,2,w/o XAI,Attribution,Attribution Sum,1,0.0698312101,1.0,1.0,,4,-3.952351085,3.5287563929
259,wine_quality,lime,mlp,1,w/ XAI,Importance,Attribution Sum,1,0.6691753435,0.5555555556,0.5555555556,,4,-1.784511801,0.2431716588
259,wine_quality,lime,mlp,1,w/o XAI,Importance,Attribution Sum,1,0.2683928605,0.8888888889,0.9444444444,,4,-2.787268138,2.9816847358
259,wine_quality,lime,mlp,2,w/o XAI,Importance,Salient-features categorization,1,0.6101471639,0.7222222222,0.5555555556,1.0,1,-4.0,
135,wine_quality,lime,mlp,1,w/ XAI,Attribution,Attribution Sum,1,0.2234160555,0.7777777778,0.7777777778,,5,-1.718306603,8.0
135,wine_quality,lime,mlp,2,w/ XAI,Attribution,Attribution Sum,1,0.111630905,0.8333333333,0.8333333333,,5,-1.718306603,8.0
135,wine_quality,lime,mlp,2,w/o XAI,Attribution,Sensitive-features categorization,1,0.6579831662,0.6111111111,0.4444444444,1.0,1,-2.706550117,
78,wine_quality,lime,mlp,1,w/ XAI,Attribution,Attribution Sum,1,0.4215887454,0.7777777778,0.8333333333,,5,-1.718306603,1.2349080257
78,wine_quality,lime,mlp,1,w/o XAI,Attribution,Sensitive-features categorization,1,0.5748988037,0.4444444444,0.7222222222,1.0,1,-2.706550117,
78,wine_quality,lime,mlp,2,w/ XAI,Attribution,Attribution Sum,1,0.0070593373,1.0,1.0,,5,-1.718306603,8.0
78,wine_quality,lime,mlp,2,w/o XAI,Attribution,Attribution Sum,1,0.4375794233,0.8333333333,0.7777777778,,4,-2.853595089,1.9264146024
3,wine_quality,lime,mlp,1,w/ XAI,Attribution,Attribution Sum,1,0.2481546172,0.8333333333,0.7777777778,,5,-1.718306603,8.0
3,wine_quality,lime,mlp,1,w/o XAI,Attribution,Attribution Sum,1,0.4527012882,0.8333333333,0.9444444444,,5,-3.952351085,1.3923006722
3,wine_quality,lime,mlp,2,w/ XAI,Attribution,Attribution Sum,1,0.4204793313,0.7777777778,0.5555555556,,5,-1.718306603,1.2349080257
3,wine_quality,lime,mlp,2,w/o XAI,Attribution,Sensitive-features categorization,1,0.2250656345,0.7777777778,0.8888888889,21.82806764,5,-2.706550117,
99,wine_quality,lime,mlp,1,w/o XAI,Attribution,Attribution Sum,1,0.670349232,0.6666666667,0.3888888889,,5,-2.853595089,0.3240728119
99,wine_quality,lime,mlp,2,w/ XAI,Attribution,Attribution Sum,1,0.0070593373,1.0,1.0,,5,-1.718306603,8.0
99,wine_quality,lime,mlp,2,w/o XAI,Attribution,Attribution Sum,1,0.4044483979,0.7222222222,0.8333333333,,4,-3.952351085,2.4605285325
264,adult,lime,xgboost,1,w/ XAI,Importance,Salient-features categorization,1,1.04592e-06,1.0,1.0,100.0,2,-3.913819391,
264,adult,lime,xgboost,1,w/o XAI,Importance,Salient-features categorization,1,0.3238533426,0.8333333333,0.7777777778,33.957537986,1,-4.0,
264,adult,lime,xgboost,2,w/ XAI,Importance,Sensitive-features categorization,1,0.0001569118,1.0,1.0,60.829485945,5,-2.525057817,
264,adult,lime,xgboost,2,w/o XAI,Importance,Sensitive-features categorization,1,0.1956450122,0.7222222222,0.5555555556,41.748873566,3,-2.368680065,
127,adult,lime,xgboost,1,w/ XAI,Importance,Attribution Sum,1,0.1401160266,0.9444444444,1.0,,5,-2.909234548,3.4721201856
127,adult,lime,xgboost,1,w/o XAI,Importance,Salient-features categorization,1,0.5959248681,0.6666666667,0.6111111111,1.0,1,-2.756953383,
127,adult,lime,xgboost,2,w/ XAI,Importance,Salient-features categorization,1,0.11552453,0.8333333333,0.9444444444,38.38752037,1,-3.913819391,
127,adult,lime,xgboost,2,w/o XAI,Importance,Attribution Sum,1,0.1091536672,0.7222222222,0.8888888889,,3,-2.787268138,5.8760943474
275,adult,lime,xgboost,1,w/ XAI,Importance,Salient-features categorization,1,9.8045918e-07,1.0,1.0,100.0,2,-3.913819391,
275,adult,lime,xgboost,1,w/o XAI,Importance,Attribution Sum,1,0.1476055281,0.9444444444,0.9444444444,,4,-3.933228805,5.8760943474
275,adult,lime,xgboost,2,w/ XAI,Importance,Attribution Sum,1,0.0005623616,1.0,1.0,,4,-2.909234548,8.0
275,adult,lime,xgboost,2,w/o XAI,Importance,Attribution Sum,1,0.1029237683,0.7777777778,0.8333333333,,3,-2.787268138,5.8760943474
46,adult,lime,xgboost,1,w/ XAI,Importance,Attribution Sum,1,9.35998e-05,1.0,1.0,,3,-2.909234548,8.0
46,adult,lime,xgboost,1,w/o XAI,Importance,Attribution Sum,1,0.4420001193,0.7222222222,0.8333333333,,5,-2.787268138,2.0168815319
46,adult,lime,xgboost,2,w/ XAI,Importance,Salient-features categorization,1,-9.99971e-11,1.0,1.0,68.700503641,2,-2.491875867,
46,adult,lime,xgboost,2,w/o XAI,Importance,Attribution Sum,1,0.1283536509,0.8888888889,0.8888888889,,4,-3.933228805,5.8760943474
269,adult,lime,xgboost,1,w/ XAI,Importance,Attribution Sum,1,0.6606941067,0.6666666667,0.4444444444,,4,-2.909234548,0.2431716588
269,adult,lime,xgboost,1,w/o XAI,Importance,Salient-features categorization,1,0.6433957679,0.5,0.6111111111,1.0,1,-2.756953383,
269,adult,lime,xgboost,2,w/ XAI,Importance,Sensitive-features categorization,1,0.1371330674,0.6111111111,0.6666666667,60.829485945,1,-2.525057817,
269,adult,lime,xgboost,2,w/o XAI,Importance,Attribution Sum,1,0.4448387449,0.8888888889,0.8333333333,,4,-3.933228805,2.0168815319
284,adult,lime,xgboost,1,w/ XAI,Importance,Salient-features categorization,1,5.6755697e-07,1.0,1.0,100.0,2,-3.913819391,
284,adult,lime,xgboost,1,w/o XAI,Importance,Sensitive-features categorization,1,0.3824620028,0.7777777778,0.6666666667,32.195651213,5,-2.368680065,
284,adult,lime,xgboost,2,w/ XAI,Importance,Attribution Sum,1,0.0005167461,1.0,1.0,,4,-2.909234548,8.0
284,adult,lime,xgboost,2,w/o XAI,Importance,Attribution Sum,1,0.1220617504,0.9444444444,0.8888888889,,4,-3.933228805,5.8760943474
268,adult,lime,xgboost,1,w/ XAI,Importance,Salient-features categorization,1,3.80801e-05,1.0,1.0,68.700503641,2,-3.913819391,
268,adult,lime,xgboost,1,w/o XAI,Importance,Attribution Sum,1,0.4873265704,0.8333333333,0.7777777778,,4,-3.933228805,2.0168815319
268,adult,lime,xgboost,2,w/ XAI,Importance,Sensitive-features categorization,1,0.0001593785,1.0,1.0,60.829485945,5,-2.525057817,
268,adult,lime,xgboost,2,w/o XAI,Importance,Attribution Sum,1,0.503159141,0.7222222222,0.7222222222,,5,-3.933228805,2.0168815319
160,adult,lime,xgboost,1,w/ XAI,Importance,Attribution Sum,1,9.35998e-05,1.0,1.0,,3,-2.909234548,8.0
160,adult,lime,xgboost,1,w/o XAI,Importance,Attribution Sum,1,0.4467194116,0.7777777778,0.7777777778,,5,-2.787268138,2.0168815319
160,adult,lime,xgboost,2,w/ XAI,Importance,Salient-features categorization,1,-9.99909e-11,1.0,1.0,68.700503641,2,-2.491875867,
160,adult,lime,xgboost,2,w/o XAI,Importance,Attribution Sum,1,0.1749553733,0.8888888889,0.8333333333,,4,-3.933228805,5.8760943474
43,adult,lime,xgboost,1,w/ XAI,Importance,Salient-features categorization,1,0.6396605576,0.4444444444,0.4444444444,1.0,3,-2.491875867,
43,adult,lime,xgboost,1,w/o XAI,Importance,Sensitive-features categorization,1,0.4053238556,0.6666666667,0.5555555556,10.553222352,3,-2.368680065,
43,adult,lime,xgboost,2,w/ XAI,Importance,Sensitive-features categorization,1,0.2006206226,0.6666666667,0.6666666667,60.829485945,1,-2.525057817,
43,adult,lime,xgboost,2,w/o XAI,Importance,Salient-features categorization,1,2.8619e-06,1.0,1.0,91.818573201,2,-4.0,
144,adult,lime,xgboost,1,w/ XAI,Importance,Salient-features categorization,1,0.6546390037,0.2777777778,0.5,1.0,2,-1.069932343,
144,adult,lime,xgboost,1,w/o XAI,Importance,Attribution Sum,1,0.4268360434,0.7222222222,0.8333333333,,5,-2.787268138,2.0168815319
144,adult,lime,xgboost,2,w/ XAI,Importance,Sensitive-features categorization,1,0.6354530405,0.5555555556,0.7222222222,1.0,3,-2.525057817,
144,adult,lime,xgboost,2,w/o XAI,Importance,Attribution Sum,1,0.4072768123,0.6666666667,0.7777777778,,3,-2.787268138,2.0168815319
21,adult,lime,xgboost,1,w/ XAI,Importance,Attribution Sum,1,9.35998e-05,1.0,1.0,,3,-2.909234548,8.0
21,adult,lime,xgboost,1,w/o XAI,Importance,Salient-features categorization,1,0.5402492789,0.6111111111,0.7777777778,1.0,1,-2.756953383,
21,adult,lime,xgboost,2,w/ XAI,Importance,Salient-features categorization,1,-9.99934e-11,1.0,1.0,68.700503641,2,-2.491875867,
21,adult,lime,xgboost,2,w/o XAI,Importance,Attribution Sum,1,0.164390263,0.8888888889,0.8888888889,,4,-3.933228805,5.8760943474
108,adult,lime,xgboost,1,w/ XAI,Importance,Attribution Sum,1,0.2509958207,0.9444444444,1.0,,2,-2.909234548,3.4721201856
108,adult,lime,xgboost,1,w/o XAI,Importance,Salient-features categorization,1,0.5302326079,0.7777777778,0.6111111111,1.0,1,-2.756953383,
291,adult,lime,xgboost,1,w/o XAI,Importance,Sensitive-features categorization,1,0.3548890192,0.6666666667,0.6666666667,32.195651213,4,-2.368680065,
291,adult,lime,xgboost,2,w/ XAI,Importance,Sensitive-features categorization,1,0.6501573784,0.6111111111,0.5,1.0,5,-2.525057817,
291,adult,lime,xgboost,2,w/o XAI,Importance,Salient-features categorization,1,0.2208608314,0.7222222222,0.7222222222,33.957537986,1,-2.527972691,
273,adult,lime,xgboost,1,w/ XAI,Importance,Attribution Sum,1,9.35998e-05,1.0,1.0,,3,-2.909234548,8.0
273,adult,lime,xgboost,1,w/o XAI,Importance,Salient-features categorization,1,0.6003526259,0.8888888889,0.6666666667,1.0,2,-2.756953383,
273,adult,lime,xgboost,2,w/ XAI,Importance,Salient-features categorization,1,-9.99923e-11,1.0,1.0,68.700503641,2,-2.491875867,
273,adult,lime,xgboost,2,w/o XAI,Importance,Salient-features categorization,1,0.6048497113,0.7777777778,0.6666666667,1.0,3,-2.527972691,
283,adult,lime,xgboost,1,w/ XAI,Importance,Salient-features categorization,1,0.5187595663,0.7777777778,0.6111111111,1.0,2,-3.913819391,
283,adult,lime,xgboost,1,w/o XAI,Importance,Attribution Sum,1,0.2071221843,0.7777777778,0.7777777778,,5,-3.933228805,5.8760943474
283,adult,lime,xgboost,2,w/ XAI,Importance,Attribution Sum,1,0.1543075692,0.9444444444,1.0,,5,-2.909234548,3.4721201856
283,adult,lime,xgboost,2,w/o XAI,Importance,Attribution Sum,1,0.360222608,0.8333333333,0.7777777778,,4,-3.360248471,2.9816847358
271,adult,lime,xgboost,1,w/ XAI,Importance,Attribution Sum,1,8.71461e-05,1.0,1.0,,4,-2.909234548,8.0
271,adult,lime,xgboost,1,w/o XAI,Importance,Salient-features categorization,1,0.1799092389,0.7777777778,0.8888888889,25.903497229,3,-2.756953383,
271,adult,lime,xgboost,2,w/ XAI,Importance,Salient-features categorization,1,-9.99964e-11,1.0,1.0,68.700503641,2,-2.491875867,
271,adult,lime,xgboost,2,w/o XAI,Importance,Attribution Sum,1,0.2847799973,0.8888888889,0.9444444444,,4,-3.933228805,3.9464879396
87,adult,lime,xgboost,1,w/ XAI,Importance,Salient-features categorization,1,1.0434082e-06,1.0,1.0,100.0,2,-3.913819391,
87,adult,lime,xgboost,1,w/o XAI,Importance,Salient-features categorization,1,0.6072778241,0.7222222222,0.5,1.0,2,-2.756953383,
87,adult,lime,xgboost,2,w/ XAI,Importance,Attribution Sum,1,0.1426391788,0.9444444444,0.9444444444,,4,-2.909234548,3.4721201856
87,adult,lime,xgboost,2,w/o XAI,Importance,Attribution Sum,1,0.5090088143,0.5555555556,0.5555555556,,5,-2.787268138,2.0168815319
267,adult,lime,xgboost,1,w/ XAI,Importance,Attribution Sum,1,0.4802387852,0.8888888889,1.0,,2,-2.909234548,3.4721201856
267,adult,lime,xgboost,2,w/ XAI,Importance,Attribution Sum,1,0.0001680304,1.0,1.0,,4,-4.0,8.0
94,adult,lime,xgboost,2,w/ XAI,Importance,Salient-features categorization,1,0.6022117655,0.3888888889,0.4444444444,1.0,2,-2.491875867,
282,adult,lime,xgboost,1,w/ XAI,Importance,Salient-features categorization,1,0.4538060098,0.7222222222,0.6666666667,1.0,2,-2.491875867,
282,adult,lime,xgboost,1,w/o XAI,Importance,Sensitive-features categorization,1,0.2541240175,0.7222222222,0.6666666667,88.542350386,3,-2.368680065,
282,adult,lime,xgboost,2,w/ XAI,Importance,Sensitive-features categorization,1,0.1003457844,0.7777777778,0.8333333333,60.829485945,5,-2.525057817,
282,adult,lime,xgboost,2,w/o XAI,Importance,Sensitive-features categorization,1,9.14169e-05,1.0,1.0,57.346699172,4,-2.368680065,
47,adult,lime,xgboost,1,w/ XAI,Importance,Attribution Sum,1,9.35998e-05,1.0,1.0,,3,-2.909234548,8.0
47,adult,lime,xgboost,1,w/o XAI,Importance,Salient-features categorization,1,0.1789935526,0.7222222222,0.7222222222,33.957537986,1,-2.756953383,
47,adult,lime,xgboost,2,w/ XAI,Importance,Salient-features categorization,1,0.11552453,0.8888888889,0.8888888889,38.38752037,1,-2.491875867,
47,adult,lime,xgboost,2,w/o XAI,Importance,Attribution Sum,1,0.1092884163,0.8333333333,0.7777777778,,3,-2.787268138,5.8760943474
39,adult,lime,xgboost,1,w/ XAI,Importance,Attribution Sum,1,0.5657814506,0.8333333333,0.3888888889,,5,-2.909234548,0.2431716588
39,adult,lime,xgboost,1,w/o XAI,Importance,Attribution Sum,1,0.439736761,0.7777777778,0.7222222222,,5,-2.787268138,2.0168815319
39,adult,lime,xgboost,2,w/ XAI,Importance,Sensitive-features categorization,1,0.1625850529,0.8333333333,0.7777777778,29.470854791,5,-2.525057817,
39,adult,lime,xgboost,2,w/o XAI,Importance,Attribution Sum,1,0.0583179509,0.7222222222,0.7777777778,,4,-2.787268138,5.8760943474
89,adult,lime,xgboost,1,w/o XAI,Importance,Sensitive-features categorization,1,0.2728397672,0.7222222222,0.7777777778,88.542350386,3,-2.368680065,
89,adult,lime,xgboost,2,w/ XAI,Importance,Sensitive-features categorization,1,0.5852881277,0.7222222222,0.6666666667,1.0,3,-2.525057817,
89,adult,lime,xgboost,2,w/o XAI,Importance,Attribution Sum,1,0.3784292543,0.8333333333,0.7222222222,,4,-3.933228805,2.0168815319
33,wine_quality,lime,mlp,1,w/ XAI,Importance,Attribution Sum,1,0.5975244354,0.7222222222,0.6111111111,,3,-2.909234548,0.2431716588
33,wine_quality,lime,mlp,2,w/ XAI,Importance,Attribution Sum,1,0.6092027249,0.7777777778,0.7222222222,,4,-4.0,0.2431716588
33,wine_quality,lime,mlp,2,w/o XAI,Importance,Attribution Sum,1,0.4816019781,0.8333333333,0.7777777778,,5,-2.787268138,2.0168815319
329,wine_quality,lime,mlp,1,w/o XAI,Importance,Salient-features categorization,1,0.5935094218,0.4444444444,0.5,1.0,1,-2.756953383,
329,wine_quality,lime,mlp,2,w/ XAI,Importance,Attribution Sum,1,0.5004678291,0.8333333333,0.8888888889,,4,-2.909234548,3.4721201856
329,wine_quality,lime,mlp,2,w/o XAI,Importance,Sensitive-features categorization,1,0.3705263261,0.8333333333,0.6666666667,26.151047959,5,-2.368680065,
122,wine_quality,lime,mlp,1,w/ XAI,Importance,Salient-features categorization,1,0.6546390037,0.3333333333,0.5,1.0,3,-1.069932343,
122,wine_quality,lime,mlp,2,w/ XAI,Importance,Salient-features categorization,1,0.6546390037,0.4444444444,0.5555555556,1.0,2,-1.069932343,
348,adult,lime,xgboost,1,w/ XAI,Importance,Attribution Sum,1,0.000622818,1.0,1.0,,3,-2.909234548,8.0
348,adult,lime,xgboost,1,w/o XAI,Importance,Salient-features categorization,1,0.2953454613,0.7222222222,0.7222222222,33.957537986,1,-4.0,
348,adult,lime,xgboost,2,w/ XAI,Importance,Attribution Sum,1,0.0001680304,1.0,1.0,,4,-4.0,8.0
348,adult,lime,xgboost,2,w/o XAI,Importance,Sensitive-features categorization,1,0.1754639737,0.7777777778,0.7777777778,26.151047959,4,-2.368680065,
300,wine_quality,lime,mlp,1,w/ XAI,Importance,Attribution Sum,1,0.6619181905,0.6111111111,0.6111111111,,3,-2.909234548,0.2431716588
300,wine_quality,lime,mlp,1,w/o XAI,Importance,Salient-features categorization,1,0.6093495909,0.4444444444,0.6111111111,1.0,1,-2.756953383,
300,wine_quality,lime,mlp,2,w/ XAI,Importance,Sensitive-features categorization,1,0.0270893056,0.8333333333,0.8333333333,92.1881171,3,-2.525057817,
300,wine_quality,lime,mlp,2,w/o XAI,Importance,Attribution Sum,1,0.4205233397,0.8333333333,0.8333333333,,5,-3.933228805,2.0168815319
334,adult,lime,xgboost,1,w/ XAI,Importance,Salient-features categorization,1,0.6546390037,0.6111111111,0.5555555556,1.0,2,-1.069932343,
305,adult,lime,xgboost,1,w/ XAI,Importance,Sensitive-features categorization,1,0.2905598655,0.8888888889,0.8333333333,29.470854791,3,-2.525057817,
305,adult,lime,xgboost,1,w/o XAI,Importance,Attribution Sum,1,0.3183489971,0.7222222222,0.7222222222,,5,-2.787268138,2.0168815319
305,adult,lime,xgboost,2,w/ XAI,Importance,Salient-features categorization,1,-9.99938e-11,1.0,1.0,68.700503641,2,-2.491875867,
305,adult,lime,xgboost,2,w/o XAI,Importance,Sensitive-features categorization,1,0.1884353755,0.8888888889,0.8888888889,32.195651213,2,-2.368680065,
290,adult,lime,xgboost,1,w/ XAI,Importance,Salient-features categorization,1,1.81786e-05,1.0,1.0,68.700503641,2,-3.913819391,
290,adult,lime,xgboost,1,w/o XAI,Importance,Sensitive-features categorization,1,0.3724970247,0.7777777778,0.6666666667,32.195651213,4,-2.368680065,
290,adult,lime,xgboost,2,w/ XAI,Importance,Salient-features categorization,1,1.94907e-05,1.0,1.0,31.312983271,2,-2.491875867,
290,adult,lime,xgboost,2,w/o XAI,Importance,Attribution Sum,1,0.4247432574,0.8888888889,0.7777777778,,5,-2.787268138,2.0168815319
297,adult,lime,xgboost,1,w/ XAI,Importance,Salient-features categorization,1,0.6546390037,0.2222222222,0.4444444444,1.0,2,-1.069932343,
297,adult,lime,xgboost,1,w/o XAI,Importance,Attribution Sum,1,0.152985122,0.7777777778,0.8333333333,,5,-2.787268138,5.8760943474
297,adult,lime,xgboost,2,w/ XAI,Importance,Salient-features categorization,1,0.6546390037,0.5,0.4444444444,1.0,2,-1.069932343,
309,adult,lime,xgboost,1,w/ XAI,Importance,Attribution Sum,1,0.6240930443,0.7222222222,0.7777777778,,3,-2.909234548,0.2431716588
309,adult,lime,xgboost,1,w/o XAI,Importance,Salient-features categorization,1,0.616130827,0.5555555556,0.4444444444,1.0,2,-1.284926074,
309,adult,lime,xgboost,2,w/o XAI,Importance,Salient-features categorization,1,0.6383580394,0.7222222222,0.5555555556,1.0,3,-4.0,
326,adult,lime,xgboost,1,w/ XAI,Importance,Attribution Sum,1,0.1805591234,0.9444444444,0.9444444444,,3,-2.909234548,1.8576459222
326,adult,lime,xgboost,1,w/o XAI,Importance,Salient-features categorization,1,0.2763989626,0.8333333333,0.8333333333,33.957537986,1,-2.756953383,
326,adult,lime,xgboost,2,w/ XAI,Importance,Attribution Sum,1,0.0001680304,1.0,1.0,,4,-4.0,8.0
326,adult,lime,xgboost,2,w/o XAI,Importance,Sensitive-features categorization,1,0.1546164167,0.7777777778,0.8333333333,26.151047959,5,-2.368680065,
137,wine_quality,lime,mlp,1,w/ XAI,Importance,Attribution Sum,1,0.6613369383,0.5555555556,0.3888888889,,4,-1.784511801,0.2431716588
137,wine_quality,lime,mlp,1,w/o XAI,Importance,Salient-features categorization,1,0.2382428061,0.8333333333,0.8333333333,25.903497229,3,-4.0,
137,wine_quality,lime,mlp,2,w/ XAI,Importance,Attribution Sum,1,0.6541932897,0.5,0.7777777778,,3,-2.909234548,0.2431716588
137,wine_quality,lime,mlp,2,w/o XAI,Importance,Salient-features categorization,1,0.0001127505,0.8333333333,0.8333333333,58.861035215,1,-4.0,
311,wine_quality,lime,mlp,1,w/o XAI,Importance,Salient-features categorization,1,0.616130827,0.4444444444,0.4444444444,1.0,2,-1.284926074,
311,wine_quality,lime,mlp,2,w/ XAI,Importance,Sensitive-features categorization,1,0.6357799651,0.5555555556,0.3888888889,1.0,1,-2.525057817,
311,wine_quality,lime,mlp,2,w/o XAI,Importance,Salient-features categorization,1,0.6689042661,0.5,0.6666666667,1.0,1,-2.756953383,
323,adult,lime,xgboost,1,w/ XAI,Importance,Attribution Sum,1,8.71461e-05,1.0,1.0,,4,-2.909234548,8.0
323,adult,lime,xgboost,1,w/o XAI,Importance,Salient-features categorization,1,0.0387272315,0.8888888889,0.8888888889,25.903497229,2,-2.756953383,
323,adult,lime,xgboost,2,w/ XAI,Importance,Sensitive-features categorization,1,0.0001470858,1.0,1.0,60.829485945,5,-2.525057817,
323,adult,lime,xgboost,2,w/o XAI,Importance,Sensitive-features categorization,1,0.3144402533,0.7222222222,0.7777777778,57.346699172,3,-2.368680065,
280,wine_quality,lime,mlp,1,w/ XAI,Importance,Salient-features categorization,1,0.0319377216,0.9444444444,1.0,12.619223086,2,-2.491875867,
280,wine_quality,lime,mlp,1,w/o XAI,Importance,Attribution Sum,1,0.2391239652,0.8888888889,0.7222222222,,3,-3.933228805,2.0168815319
280,wine_quality,lime,mlp,2,w/ XAI,Importance,Attribution Sum,1,0.455901272,0.8888888889,0.9444444444,,5,-2.909234548,3.4721201856
280,wine_quality,lime,mlp,2,w/o XAI,Importance,Attribution Sum,1,0.0511632293,0.9444444444,0.9444444444,,5,-3.933228805,5.8760943474
318,wine_quality,lime,mlp,1,w/o XAI,Importance,Salient-features categorization,1,0.5196066707,0.6666666667,0.4444444444,1.0,1,-2.527972691,
318,wine_quality,lime,mlp,2,w/ XAI,Importance,Attribution Sum,1,0.1557492234,1.0,0.8888888889,,4,-4.0,6.7010687124
318,wine_quality,lime,mlp,2,w/o XAI,Importance,Sensitive-features categorization,1,0.3697315753,0.7777777778,0.7222222222,10.553222352,3,-2.368680065,
313,adult,lime,xgboost,1,w/ XAI,Importance,Attribution Sum,1,9.35998e-05,1.0,1.0,,3,-2.909234548,8.0
313,adult,lime,xgboost,1,w/o XAI,Importance,Attribution Sum,1,0.1574396087,0.7777777778,0.8333333333,,4,-2.787268138,3.9464879396
313,adult,lime,xgboost,2,w/ XAI,Importance,Salient-features categorization,1,-6.74838e-11,1.0,1.0,100.0,3,-3.913819391,
313,adult,lime,xgboost,2,w/o XAI,Importance,Salient-features categorization,1,0.2413208312,0.6666666667,0.6666666667,58.861035215,1,-4.0,
342,wine_quality,lime,mlp,1,w/ XAI,Importance,Sensitive-features categorization,1,0.6536216341,0.3888888889,0.6666666667,1.0,1,-2.525057817,
342,wine_quality,lime,mlp,1,w/o XAI,Importance,Salient-features categorization,1,0.6345390419,0.5,0.2777777778,1.0,1,-2.756953383,
342,wine_quality,lime,mlp,2,w/ XAI,Importance,Attribution Sum,1,0.6390262203,0.6666666667,0.5555555556,,4,-2.909234548,0.2431716588
342,wine_quality,lime,mlp,2,w/o XAI,Importance,Sensitive-features categorization,1,0.6496874127,0.6666666667,0.3333333333,1.0,4,-2.368680065,
105,wine_quality,lime,mlp,1,w/ XAI,Importance,Sensitive-features categorization,1,0.640073699,0.5,0.5,1.0,1,-2.525057817,
105,wine_quality,lime,mlp,1,w/o XAI,Importance,Attribution Sum,1,0.6619441614,0.7222222222,0.5,,3,-3.933228805,0.1
105,wine_quality,lime,mlp,2,w/ XAI,Importance,Salient-features categorization,1,0.5816804212,0.7222222222,0.5555555556,1.0,3,-2.491875867,
105,wine_quality,lime,mlp,2,w/o XAI,Importance,Salient-features categorization,1,0.2745725398,0.8333333333,0.8888888889,9.424728236,2,-2.756953383,
71,adult,lime,xgboost,1,w/ XAI,Importance,Attribution Sum,1,8.71461e-05,1.0,1.0,,4,-2.909234548,8.0
71,adult,lime,xgboost,1,w/o XAI,Importance,Sensitive-features categorization,1,0.2725867715,0.7222222222,0.7222222222,88.542350386,3,-2.368680065,
71,adult,lime,xgboost,2,w/ XAI,Importance,Salient-features categorization,1,-9.99768e-11,1.0,1.0,68.700503641,2,-2.491875867,
71,adult,lime,xgboost,2,w/o XAI,Importance,Salient-features categorization,1,0.5227160769,0.6666666667,0.7777777778,1.0,1,-4.0,
45,wine_quality,lime,mlp,1,w/ XAI,Importance,Salient-features categorization,1,0.5199361918,0.3888888889,0.3888888889,1.0,1,-3.913819391,
45,wine_quality,lime,mlp,1,w/o XAI,Importance,Salient-features categorization,1,0.5878531219,0.7222222222,0.6666666667,1.0,2,-2.527972691,
45,wine_quality,lime,mlp,2,w/o XAI,Importance,Salient-features categorization,1,0.616130827,0.5555555556,0.6111111111,1.0,2,-1.284926074,
96,adult,lime,xgboost,1,w/ XAI,Importance,Salient-features categorization,1,1.2636146e-06,1.0,1.0,100.0,2,-3.913819391,
96,adult,lime,xgboost,1,w/o XAI,Importance,Salient-features categorization,1,0.1384000104,0.9444444444,0.8888888889,25.903497229,3,-2.756953383,
96,adult,lime,xgboost,2,w/ XAI,Importance,Salient-features categorization,1,-9.99917e-11,1.0,1.0,68.700503641,2,-2.491875867,
96,adult,lime,xgboost,2,w/o XAI,Importance,Salient-features categorization,1,0.0899827732,0.9444444444,0.9444444444,25.903497229,3,-4.0,
349,wine_quality,lime,mlp,1,w/o XAI,Importance,Sensitive-features categorization,1,0.6521717179,0.3888888889,0.5,1.0,4,-2.368680065,
349,wine_quality,lime,mlp,2,w/ XAI,Importance,Attribution Sum,1,0.6364712429,0.6111111111,0.7222222222,,3,-4.0,0.2431716588
349,wine_quality,lime,mlp,2,w/o XAI,Importance,Salient-features categorization,1,0.643771937,0.7222222222,0.7777777778,1.0,3,-4.0,
350,wine_quality,lime,mlp,1,w/ XAI,Importance,Sensitive-features categorization,1,0.1481199328,0.5555555556,0.6111111111,29.470854791,1,-2.525057817,
350,wine_quality,lime,mlp,1,w/o XAI,Importance,Sensitive-features categorization,1,0.2008874174,0.6111111111,0.6111111111,32.195651213,1,-2.368680065,
350,wine_quality,lime,mlp,2,w/ XAI,Importance,Sensitive-features categorization,1,0.1260121915,0.8888888889,0.8333333333,29.470854791,5,-2.525057817,
350,wine_quality,lime,mlp,2,w/o XAI,Importance,Salient-features categorization,1,0.0001185493,0.8333333333,0.8333333333,58.861035215,1,-4.0,
330,adult,lime,xgboost,1,w/ XAI,Importance,Sensitive-features categorization,1,0.5877962106,0.7222222222,0.6111111111,32.358631154,1,-2.525057817,
330,adult,lime,xgboost,1,w/o XAI,Importance,Attribution Sum,1,0.4587200455,0.7777777778,0.8333333333,,5,-2.787268138,2.0168815319
330,adult,lime,xgboost,2,w/ XAI,Importance,Attribution Sum,1,0.6678559137,0.3333333333,0.7222222222,,2,-1.784511801,0.2431716588
126,adult,lime,xgboost,1,w/ XAI,Importance,Sensitive-features categorization,1,0.6680113904,0.5555555556,0.7777777778,32.358631154,1,-2.525057817,
126,adult,lime,xgboost,2,w/ XAI,Importance,Importance categorization,1,0.5776919585,0.6666666667,0.6111111111,1.0,3,-3.792588539,
126,adult,lime,xgboost,2,w/o XAI,Importance,Salient-features categorization,1,0.616130827,0.5555555556,0.5555555556,1.0,2,-1.284926074,
353,adult,lime,xgboost,1,w/ XAI,Importance,Attribution Sum,1,0.6635898258,0.6111111111,0.7777777778,,5,-2.909234548,0.2431716588
353,adult,lime,xgboost,2,w/ XAI,Importance,Salient-features categorization,1,0.6546390037,0.2222222222,0.3888888889,1.0,2,-1.069932343,
353,adult,lime,xgboost,2,w/o XAI,Importance,Attribution Sum,1,0.2973594952,0.6666666667,0.7777777778,,3,-2.787268138,2.0168815319
91,wine_quality,lime,mlp,1,w/ XAI,Importance,Sensitive-features categorization,1,0.6081163054,0.3888888889,0.6111111111,1.0,1,-2.525057817,
91,wine_quality,lime,mlp,1,w/o XAI,Importance,Salient-features categorization,1,0.5541951609,0.5555555556,0.5,1.0,1,-2.756953383,
91,wine_quality,lime,mlp,2,w/ XAI,Importance,Sensitive-features categorization,1,0.5619431441,0.7222222222,0.5,1.0,1,-2.525057817,
91,wine_quality,lime,mlp,2,w/o XAI,Importance,Sensitive-features categorization,1,0.6713139169,0.5,0.6111111111,1.0,2,-2.368680065,
146,wine_quality,lime,mlp,1,w/ XAI,Importance,Sensitive-features categorization,1,0.637030925,0.5,0.5555555556,1.0,3,-2.525057817,
146,wine_quality,lime,mlp,1,w/o XAI,Importance,Salient-features categorization,1,0.6318613395,0.7222222222,0.5555555556,1.0,2,-2.756953383,
146,wine_quality,lime,mlp,2,w/ XAI,Importance,Sensitive-features categorization,1,0.6101741102,0.6666666667,0.6111111111,1.0,1,-2.525057817,
146,wine_quality,lime,mlp,2,w/o XAI,Importance,Attribution Sum,1,0.0081286208,0.9444444444,0.9444444444,,3,-3.933228805,5.8760943474
341,wine_quality,lime,mlp,1,w/ XAI,Importance,Attribution Sum,1,0.523246135,0.3888888889,0.4444444444,,2,-1.784511801,3.4721201856
341,wine_quality,lime,mlp,1,w/o XAI,Importance,Attribution Sum,1,0.6623159012,0.7222222222,0.5,,3,-3.933228805,0.1
341,wine_quality,lime,mlp,2,w/ XAI,Importance,Salient-features categorization,1,0.5833090161,0.7777777778,0.4444444444,1.0,2,-3.913819391,
118,adult,lime,xgboost,1,w/ XAI,Importance,Salient-features categorization,1,0.6592101917,0.6111111111,0.5,1.0,2,-2.491875867,
118,adult,lime,xgboost,1,w/o XAI,Importance,Salient-features categorization,1,0.6275476321,0.7777777778,0.5555555556,1.0,2,-4.0,
118,adult,lime,xgboost,2,w/ XAI,Importance,Importance categorization,1,0.3059184707,0.8888888889,0.8888888889,31.364774843,5,-3.792588539,
118,adult,lime,xgboost,2,w/o XAI,Importance,Salient-features categorization,1,0.6356679652,0.7222222222,0.5,1.0,3,-4.0,
152,wine_quality,lime,mlp,1,w/o XAI,Importance,Attribution Sum,1,0.5068361942,0.6666666667,0.5555555556,,3,-2.787268138,2.0168815319
152,wine_quality,lime,mlp,2,w/ XAI,Importance,Sensitive-features categorization,1,0.3922567106,0.8333333333,0.7222222222,29.470854791,1,-2.525057817,
152,wine_quality,lime,mlp,2,w/o XAI,Importance,Sensitive-features categorization,1,0.2239274301,0.7777777778,0.7222222222,26.151047959,2,-2.368680065,
298,adult,lime,xgboost,1,w/ XAI,Importance,Salient-features categorization,1,0.568409799,0.6666666667,0.5555555556,1.0,3,-3.913819391,
298,adult,lime,xgboost,1,w/o XAI,Importance,Attribution Sum,1,0.0850965628,0.7777777778,0.8333333333,,5,-2.787268138,5.8760943474
298,adult,lime,xgboost,2,w/o XAI,Importance,Attribution Sum,1,0.3797195311,0.7222222222,0.6666666667,,3,-2.787268138,2.0168815319
331,adult,lime,xgboost,1,w/ XAI,Importance,Salient-features categorization,1,0.4491870302,0.8888888889,0.8888888889,1.0,2,-2.491875867,
331,adult,lime,xgboost,1,w/o XAI,Importance,Sensitive-features categorization,1,0.2242991064,0.7777777778,0.7777777778,41.748873566,3,-2.368680065,
331,adult,lime,xgboost,2,w/ XAI,Importance,Salient-features categorization,1,-9.99968e-11,1.0,1.0,68.700503641,2,-2.491875867,
331,adult,lime,xgboost,2,w/o XAI,Importance,Salient-features categorization,1,0.0910022513,0.9444444444,1.0,25.903497229,3,-4.0,
340,adult,lime,xgboost,1,w/o XAI,Importance,Attribution Sum,1,0.1652025047,0.7777777778,0.8888888889,,5,-3.933228805,5.8760943474
340,adult,lime,xgboost,2,w/ XAI,Importance,Sensitive-features categorization,1,0.000132586,1.0,1.0,60.829485945,5,-2.525057817,
340,adult,lime,xgboost,2,w/o XAI,Importance,Attribution Sum,1,0.1144748549,0.7222222222,0.7777777778,,4,-2.787268138,5.8760943474
128,adult,lime,xgboost,1,w/ XAI,Importance,Salient-features categorization,1,0.4748098329,0.8333333333,0.8333333333,1.0,2,-3.913819391,
128,adult,lime,xgboost,1,w/o XAI,Importance,Attribution Sum,1,0.4161119143,0.8333333333,0.7222222222,,4,-3.933228805,2.0168815319
128,adult,lime,xgboost,2,w/ XAI,Importance,Attribution Sum,1,0.0001680304,1.0,1.0,,4,-4.0,8.0
128,adult,lime,xgboost,2,w/o XAI,Importance,Attribution Sum,1,0.2811614376,0.8888888889,0.7222222222,,4,-3.933228805,3.9464879396
272,wine_quality,lime,mlp,1,w/ XAI,Importance,Salient-features categorization,1,0.5118722068,0.7777777778,0.7222222222,1.0,2,-2.491875867,
272,wine_quality,lime,mlp,1,w/o XAI,Importance,Salient-features categorization,1,0.6261917306,0.7222222222,0.5,1.0,1,-4.0,
272,wine_quality,lime,mlp,2,w/ XAI,Importance,Salient-features categorization,1,0.556289265,0.7222222222,0.7777777778,1.0,2,-2.491875867,
272,wine_quality,lime,mlp,2,w/o XAI,Importance,Salient-features categorization,1,0.6017413026,0.7222222222,0.6111111111,1.0,1,-4.0,
299,adult,lime,xgboost,1,w/ XAI,Importance,Salient-features categorization,1,4.11784e-05,1.0,1.0,68.700503641,2,-3.913819391,
299,adult,lime,xgboost,1,w/o XAI,Importance,Attribution Sum,1,0.2771355612,0.8888888889,0.7777777778,,5,-2.787268138,3.9464879396
299,adult,lime,xgboost,2,w/ XAI,Importance,Attribution Sum,1,0.0005167461,1.0,1.0,,4,-2.909234548,8.0
299,adult,lime,xgboost,2,w/o XAI,Importance,Salient-features categorization,1,0.576433043,0.8333333333,0.5555555556,1.0,2,-4.0,
355,wine_quality,lime,mlp,1,w/ XAI,Importance,Salient-features categorization,1,0.6546390037,0.4444444444,0.6111111111,1.0,2,-1.069932343,
355,wine_quality,lime,mlp,1,w/o XAI,Importance,Attribution Sum,1,0.5870710045,0.7222222222,0.7222222222,,5,-3.933228805,2.0168815319
320,wine_quality,lime,mlp,1,w/ XAI,Importance,Attribution Sum,1,0.4807963883,0.8888888889,1.0,,2,-2.909234548,3.4721201856
320,wine_quality,lime,mlp,1,w/o XAI,Importance,Attribution Sum,1,0.3331765375,0.6111111111,0.6111111111,,5,-2.787268138,5.8760943474
320,wine_quality,lime,mlp,2,w/ XAI,Importance,Attribution Sum,1,0.0359873076,0.8888888889,0.8888888889,,2,-4.0,8.0
320,wine_quality,lime,mlp,2,w/o XAI,Importance,Salient-features categorization,1,0.0035971871,0.7777777778,0.7777777778,58.861035215,3,-4.0,
325,wine_quality,lime,mlp,1,w/ XAI,Importance,Sensitive-features categorization,1,0.5972308769,0.4444444444,0.4444444444,1.0,1,-2.525057817,
325,wine_quality,lime,mlp,1,w/o XAI,Importance,Sensitive-features categorization,1,0.1078629678,0.6111111111,0.6111111111,32.195651213,1,-2.368680065,
325,wine_quality,lime,mlp,2,w/ XAI,Importance,Importance categorization,1,2.305212e-06,0.6666666667,0.6666666667,66.685022049,3,-3.792588539,
325,wine_quality,lime,mlp,2,w/o XAI,Importance,Sensitive-features categorization,1,0.2935235722,0.8333333333,0.8333333333,26.151047959,5,-2.368680065,
304,wine_quality,lime,mlp,1,w/ XAI,Importance,Sensitive-features categorization,1,0.5748239947,0.3888888889,0.6111111111,1.0,1,-2.525057817,
304,wine_quality,lime,mlp,1,w/o XAI,Importance,Attribution Sum,1,0.3807476463,0.7777777778,0.8888888889,,4,-3.933228805,2.0168815319
304,wine_quality,lime,mlp,2,w/ XAI,Importance,Attribution Sum,1,0.6126110452,0.8333333333,0.4444444444,,4,-4.0,0.2431716588
304,wine_quality,lime,mlp,2,w/o XAI,Importance,Salient-features categorization,1,0.6247287555,0.6111111111,0.6666666667,1.0,1,-4.0,
277,wine_quality,lime,mlp,1,w/ XAI,Importance,Salient-features categorization,1,0.6071263748,0.5,0.7222222222,1.0,2,-2.491875867,
277,wine_quality,lime,mlp,1,w/o XAI,Importance,Salient-features categorization,1,0.6222434058,0.6666666667,0.4444444444,1.0,1,-4.0,
277,wine_quality,lime,mlp,2,w/ XAI,Importance,Sensitive-features categorization,1,0.624365474,0.6666666667,0.5555555556,1.0,1,-2.525057817,
277,wine_quality,lime,mlp,2,w/o XAI,Importance,Salient-features categorization,1,0.650295165,0.6111111111,0.5555555556,1.0,2,-4.0,
345,wine_quality,lime,mlp,1,w/ XAI,Importance,Sensitive-features categorization,1,0.3207636128,0.3333333333,0.4444444444,13.791539214,3,-2.525057817,
345,wine_quality,lime,mlp,1,w/o XAI,Importance,Salient-features categorization,1,0.5712442951,0.6111111111,0.6111111111,1.0,1,-2.756953383,
345,wine_quality,lime,mlp,2,w/ XAI,Importance,Attribution Sum,1,0.3211693966,0.8333333333,1.0,,5,-2.909234548,3.4721201856
345,wine_quality,lime,mlp,2,w/o XAI,Importance,Sensitive-features categorization,1,0.253213516,0.7777777778,0.7777777778,26.151047959,5,-2.368680065,
139,wine_quality,lime,mlp,1,w/ XAI,Importance,Sensitive-features categorization,1,0.6507493397,0.6111111111,0.3888888889,1.0,5,-2.525057817,
139,wine_quality,lime,mlp,1,w/o XAI,Importance,Sensitive-features categorization,1,0.5478874281,0.3888888889,0.4444444444,1.0,2,-2.368680065,
139,wine_quality,lime,mlp,2,w/ XAI,Importance,Attribution Sum,1,0.5505369038,0.7222222222,0.7777777778,,4,-2.909234548,3.4721201856
139,wine_quality,lime,mlp,2,w/o XAI,Importance,Salient-features categorization,1,0.6667640679,0.5555555556,0.5,1.0,1,-4.0,
281,wine_quality,lime,mlp,1,w/ XAI,Importance,Salient-features categorization,1,0.3872882537,0.5555555556,0.5555555556,31.312983271,2,-2.491875867,
281,wine_quality,lime,mlp,1,w/o XAI,Importance,Sensitive-features categorization,1,0.4965498119,0.4444444444,0.4444444444,26.151047959,2,-2.368680065,
281,wine_quality,lime,mlp,2,w/ XAI,Importance,Sensitive-features categorization,1,0.152726853,0.8888888889,0.7777777778,29.470854791,5,-2.525057817,
281,wine_quality,lime,mlp,2,w/o XAI,Importance,Salient-features categorization,1,0.0001240866,0.8333333333,0.8333333333,58.861035215,1,-4.0,
151,forest_cover,shap,xgboost,1,w/ XAI,Importance,Sensitive-features categorization,1,0.0567287631,0.7222222222,0.7222222222,32.358631154,1,-2.525057817,
151,forest_cover,shap,xgboost,1,w/o XAI,Importance,Attribution Sum,1,0.0126658575,0.6666666667,0.6666666667,,4,-3.933228805,5.8760943474
151,forest_cover,shap,xgboost,2,w/ XAI,Importance,Sensitive-features categorization,1,0.5442375563,0.5555555556,0.6666666667,1.0,3,-2.525057817,
151,forest_cover,shap,xgboost,2,w/o XAI,Importance,Salient-features categorization,1,0.5062351409,0.7222222222,0.3333333333,1.0,1,-2.527972691,
362,forest_cover,shap,xgboost,1,w/ XAI,Importance,Sensitive-features categorization,1,0.567642448,0.6111111111,0.5555555556,1.0,1,-2.525057817,
362,forest_cover,shap,xgboost,1,w/o XAI,Importance,Salient-features categorization,1,0.293181462,0.7222222222,0.7222222222,9.424728236,2,-2.756953383,
362,forest_cover,shap,xgboost,2,w/o XAI,Importance,Salient-features categorization,1,0.5352566707,0.5,0.5,1.0,1,-2.756953383,
376,wine_quality,lime,mlp,1,w/ XAI,Importance,Sensitive-features categorization,1,0.6681073771,0.4444444444,0.5,1.0,5,-2.525057817,
376,wine_quality,lime,mlp,1,w/o XAI,Importance,Salient-features categorization,1,0.6449921656,0.5,0.5555555556,1.0,1,-2.756953383,
376,wine_quality,lime,mlp,2,w/ XAI,Importance,Sensitive-features categorization,1,0.6330810879,0.7777777778,0.2222222222,1.0,5,-2.525057817,
376,wine_quality,lime,mlp,2,w/o XAI,Importance,Salient-features categorization,1,0.5788304412,0.7777777778,0.8333333333,1.0,1,-2.756953383,
344,wine_quality,lime,mlp,1,w/ XAI,Importance,Sensitive-features categorization,1,0.657543995,0.5,0.5,1.0,3,-2.525057817,
344,wine_quality,lime,mlp,1,w/o XAI,Importance,Attribution Sum,1,0.5094488804,0.6666666667,1.0,,5,-3.933228805,2.0168815319
344,wine_quality,lime,mlp,2,w/ XAI,Importance,Salient-features categorization,1,0.5934988029,0.7777777778,0.4444444444,1.0,2,-3.913819391,
344,wine_quality,lime,mlp,2,w/o XAI,Importance,Attribution Sum,1,0.4630501592,0.8333333333,0.6666666667,,5,-3.933228805,2.0168815319
316,forest_cover,shap,xgboost,1,w/ XAI,Importance,Attribution Sum,1,0.0058966491,0.7777777778,0.7777777778,,3,-2.909234548,8.0
316,forest_cover,shap,xgboost,1,w/o XAI,Importance,Sensitive-features categorization,1,0.0181551219,0.6111111111,0.6111111111,57.346699172,2,-2.368680065,
316,forest_cover,shap,xgboost,2,w/ XAI,Importance,Salient-features categorization,1,0.6009769008,0.7222222222,0.5555555556,1.0,2,-3.913819391,
316,forest_cover,shap,xgboost,2,w/o XAI,Importance,Sensitive-features categorization,1,0.1586686161,0.5555555556,0.6111111111,26.151047959,2,-2.368680065,
373,wine_quality,lime,mlp,1,w/ XAI,Importance,Attribution Sum,1,0.6276797422,0.7222222222,0.5555555556,,3,-2.909234548,0.2431716588
373,wine_quality,lime,mlp,1,w/o XAI,Importance,Attribution Sum,1,0.3407873624,0.7222222222,0.8333333333,,4,-2.787268138,5.8760943474
373,wine_quality,lime,mlp,2,w/ XAI,Importance,Sensitive-features categorization,1,0.1613395375,0.8333333333,0.7777777778,29.470854791,4,-2.525057817,
373,wine_quality,lime,mlp,2,w/o XAI,Importance,Salient-features categorization,1,0.0001272042,0.8333333333,0.8333333333,58.861035215,1,-4.0,
354,forest_cover,shap,xgboost,1,w/ XAI,Importance,Attribution Sum,1,0.6301678744,0.6666666667,0.3888888889,,2,-2.909234548,0.2431716588
354,forest_cover,shap,xgboost,1,w/o XAI,Importance,Sensitive-features categorization,1,0.65882076,0.3333333333,0.6111111111,1.0,2,-2.368680065,
354,forest_cover,shap,xgboost,2,w/ XAI,Importance,Salient-features categorization,1,0.6546390037,0.3888888889,0.5555555556,1.0,3,-1.069932343,
9,wine_quality,lime,mlp,1,w/ XAI,Importance,Attribution Sum,1,0.637329219,0.6666666667,0.2777777778,,4,-2.909234548,0.2431716588
9,wine_quality,lime,mlp,1,w/o XAI,Importance,Attribution Sum,1,0.4999289637,0.8333333333,0.9444444444,,3,-3.933228805,2.0168815319
9,wine_quality,lime,mlp,2,w/ XAI,Importance,Attribution Sum,1,0.2853699205,0.8333333333,0.8888888889,,2,-2.909234548,3.4721201856
9,wine_quality,lime,mlp,2,w/o XAI,Importance,Attribution Sum,1,0.2863017394,0.8333333333,0.8888888889,,3,-2.787268138,3.9464879396
312,wine_quality,lime,mlp,1,w/ XAI,Importance,Attribution Sum,1,0.6499863705,0.6111111111,0.6111111111,,3,-2.909234548,0.2431716588
312,wine_quality,lime,mlp,1,w/o XAI,Importance,Salient-features categorization,1,0.2638572581,0.6666666667,0.7222222222,42.382266222,2,-2.756953383,
312,wine_quality,lime,mlp,2,w/ XAI,Importance,Sensitive-features categorization,1,0.2801073644,0.6111111111,0.7777777778,13.791539214,3,-2.525057817,
312,wine_quality,lime,mlp,2,w/o XAI,Importance,Sensitive-features categorization,1,0.4209328849,0.7777777778,0.7777777778,32.195651213,2,-2.368680065,
289,forest_cover,shap,xgboost,2,w/ XAI,Importance,Importance categorization,1,0.2511723433,0.9444444444,1.0,31.364774843,5,-3.792588539,
75,forest_cover,shap,xgboost,1,w/ XAI,Importance,Attribution Sum,1,0.6036719989,0.7777777778,0.6666666667,,5,-2.909234548,0.2431716588
75,forest_cover,shap,xgboost,2,w/ XAI,Importance,Attribution Sum,1,0.601391685,0.7777777778,0.4444444444,,3,-2.909234548,0.2431716588
75,forest_cover,shap,xgboost,2,w/o XAI,Importance,Salient-features categorization,1,0.6631106692,0.6111111111,0.7777777778,1.0,2,-2.756953383,
337,forest_cover,shap,xgboost,1,w/ XAI,Importance,Sensitive-features categorization,1,0.6312653543,0.5555555556,0.6111111111,1.0,1,-2.525057817,
337,forest_cover,shap,xgboost,1,w/o XAI,Importance,Attribution Sum,1,0.6676012341,0.5555555556,0.6666666667,,4,-3.933228805,0.1
294,wine_quality,lime,mlp,1,w/ XAI,Importance,Attribution Sum,1,0.5830430862,0.8333333333,0.7222222222,,3,-2.909234548,0.2431716588
294,wine_quality,lime,mlp,1,w/o XAI,Importance,Salient-features categorization,1,0.3364572849,0.5,0.5555555556,25.903497229,3,-2.756953383,
294,wine_quality,lime,mlp,2,w/ XAI,Importance,Attribution Sum,1,0.1483453299,1.0,0.9444444444,,5,-2.909234548,8.0
294,wine_quality,lime,mlp,2,w/o XAI,Importance,Salient-features categorization,1,0.112998702,0.8888888889,0.7777777778,25.903497229,2,-2.756953383,
279,wine_quality,lime,mlp,1,w/ XAI,Importance,Sensitive-features categorization,1,0.654270863,0.3888888889,0.3888888889,1.0,1,-2.525057817,
279,wine_quality,lime,mlp,1,w/o XAI,Importance,Attribution Sum,1,0.6735708589,0.5555555556,0.5,,4,-3.933228805,0.1
279,wine_quality,lime,mlp,2,w/ XAI,Importance,Salient-features categorization,1,0.5053334487,0.8888888889,0.5,1.0,2,-3.913819391,
377,forest_cover,shap,xgboost,1,w/ XAI,Importance,Attribution Sum,1,0.5699304417,0.6111111111,0.6666666667,,3,-2.909234548,0.2431716588
377,forest_cover,shap,xgboost,1,w/o XAI,Importance,Sensitive-features categorization,1,0.6487467302,0.4444444444,0.5,1.0,4,-2.368680065,
377,forest_cover,shap,xgboost,2,w/o XAI,Importance,Salient-features categorization,1,0.616130827,0.7222222222,0.3888888889,1.0,2,-1.284926074,
28,wine_quality,lime,mlp,1,w/ XAI,Importance,Sensitive-features categorization,1,0.6189604342,0.6111111111,0.6666666667,1.0,1,-2.525057817,
28,wine_quality,lime,mlp,1,w/o XAI,Importance,Attribution Sum,1,0.359193592,0.8333333333,0.7777777778,,4,-2.787268138,2.0168815319
28,wine_quality,lime,mlp,2,w/ XAI,Importance,Sensitive-features categorization,1,0.5420879419,0.7777777778,0.5555555556,1.0,1,-2.525057817,
28,wine_quality,lime,mlp,2,w/o XAI,Importance,Attribution Sum,1,0.5158422067,0.8333333333,0.9444444444,,5,-3.933228805,2.0168815319
121,wine_quality,lime,mlp,1,w/o XAI,Importance,Attribution Sum,1,0.6684002596,0.6666666667,0.5555555556,,5,-2.787268138,2.0296064077
121,wine_quality,lime,mlp,2,w/ XAI,Importance,Sensitive-features categorization,1,0.0785144244,0.7777777778,0.7222222222,29.470854791,1,-2.525057817,
121,wine_quality,lime,mlp,2,w/o XAI,Importance,Salient-features categorization,1,0.1680594291,0.8888888889,0.7777777778,25.903497229,2,-2.756953383,
357,wine_quality,lime,mlp,1,w/ XAI,Importance,Sensitive-features categorization,1,0.6282449191,0.5555555556,0.6111111111,1.0,1,-2.525057817,
357,wine_quality,lime,mlp,1,w/o XAI,Importance,Salient-features categorization,1,0.609489281,0.7777777778,0.4444444444,1.0,1,-2.756953383,
357,wine_quality,lime,mlp,2,w/ XAI,Importance,Attribution Sum,1,0.6069012377,0.8333333333,0.5555555556,,3,-4.0,0.2431716588
357,wine_quality,lime,mlp,2,w/o XAI,Importance,Attribution Sum,1,0.4716260685,0.8888888889,0.7777777778,,5,-3.933228805,2.0168815319
69,wine_quality,lime,mlp,1,w/ XAI,Importance,Attribution Sum,1,0.6548541756,0.5555555556,0.4444444444,,4,-2.909234548,0.2431716588
371,forest_cover,shap,xgboost,1,w/ XAI,Importance,Attribution Sum,1,0.0058966491,0.7777777778,0.7777777778,,3,-2.909234548,8.0
371,forest_cover,shap,xgboost,1,w/o XAI,Importance,Attribution Sum,1,0.4702700521,0.5,0.5555555556,,3,-3.933228805,2.0168815319
371,forest_cover,shap,xgboost,2,w/ XAI,Importance,Attribution Sum,1,0.6377957304,0.7222222222,0.6666666667,,2,-2.909234548,0.2431716588
371,forest_cover,shap,xgboost,2,w/o XAI,Importance,Salient-features categorization,1,0.3912531002,0.6111111111,0.7222222222,33.957537986,1,-4.0,
287,forest_cover,shap,xgboost,1,w/ XAI,Importance,Sensitive-features categorization,1,0.6325911165,0.3333333333,0.5,1.0,1,-2.525057817,
287,forest_cover,shap,xgboost,1,w/o XAI,Importance,Sensitive-features categorization,1,0.4054381553,0.6666666667,0.8333333333,10.553222352,3,-2.368680065,
287,forest_cover,shap,xgboost,2,w/o XAI,Importance,Salient-features categorization,1,0.6102271427,0.7222222222,0.4444444444,1.0,1,-4.0,
169,forest_cover,shap,xgboost,1,w/ XAI,Importance,Attribution Sum,1,0.1462364433,0.8333333333,1.0,,4,-2.909234548,3.4721201856
169,forest_cover,shap,xgboost,1,w/o XAI,Importance,Sensitive-features categorization,1,0.6713255861,0.5,0.7222222222,1.0,4,-2.368680065,
169,forest_cover,shap,xgboost,2,w/ XAI,Importance,Attribution Sum,1,0.3530481589,0.9444444444,1.0,,2,-4.0,3.4721201856
169,forest_cover,shap,xgboost,2,w/o XAI,Importance,Sensitive-features categorization,1,0.0094252018,0.5,0.5,57.346699172,3,-2.368680065,
369,forest_cover,shap,xgboost,1,w/ XAI,Importance,Sensitive-features categorization,1,0.2864249,0.6666666667,0.6666666667,13.791539214,3,-2.525057817,
369,forest_cover,shap,xgboost,1,w/o XAI,Importance,Sensitive-features categorization,1,0.1510282705,0.7222222222,0.8333333333,26.151047959,4,-2.368680065,
369,forest_cover,shap,xgboost,2,w/ XAI,Importance,Sensitive-features categorization,1,0.5523446295,0.7222222222,0.3888888889,32.358631154,1,-2.525057817,
369,forest_cover,shap,xgboost,2,w/o XAI,Importance,Sensitive-features categorization,1,0.2518705259,0.7222222222,0.7222222222,26.151047959,2,-2.368680065,
365,wine_quality,lime,mlp,1,w/ XAI,Importance,Attribution Sum,1,0.6399995893,0.6111111111,0.6111111111,,3,-2.909234548,0.2431716588
365,wine_quality,lime,mlp,1,w/o XAI,Importance,Attribution Sum,1,0.4255005935,0.7222222222,1.0,,3,-2.787268138,2.0168815319
365,wine_quality,lime,mlp,2,w/ XAI,Importance,Attribution Sum,1,0.5793550261,0.8888888889,0.6666666667,,4,-4.0,0.2431716588
365,wine_quality,lime,mlp,2,w/o XAI,Importance,Attribution Sum,1,0.5425475538,0.8333333333,0.8888888889,,5,-2.787268138,2.0168815319
366,wine_quality,lime,mlp,1,w/ XAI,Importance,Sensitive-features categorization,1,0.6380840508,0.6111111111,0.4444444444,1.0,1,-2.525057817,
366,wine_quality,lime,mlp,1,w/o XAI,Importance,Salient-features categorization,1,0.5564258949,0.6666666667,0.5,1.0,1,-4.0,
366,wine_quality,lime,mlp,2,w/o XAI,Importance,Attribution Sum,1,0.4586083854,0.8888888889,0.8888888889,,5,-3.933228805,2.0168815319
364,forest_cover,shap,xgboost,1,w/ XAI,Importance,Sensitive-features categorization,1,0.3981247117,0.7777777778,0.7222222222,32.358631154,1,-2.525057817,
364,forest_cover,shap,xgboost,1,w/o XAI,Importance,Attribution Sum,1,0.0142664598,0.6666666667,0.6666666667,,4,-3.933228805,5.8760943474
364,forest_cover,shap,xgboost,2,w/ XAI,Importance,Attribution Sum,1,0.6303032948,0.7222222222,0.4444444444,,2,-2.909234548,0.2431716588
364,forest_cover,shap,xgboost,2,w/o XAI,Importance,Sensitive-features categorization,1,0.2915349608,0.7777777778,0.7777777778,26.151047959,2,-2.368680065,
285,forest_cover,shap,xgboost,1,w/ XAI,Importance,Sensitive-features categorization,1,0.6310415473,0.5555555556,0.3333333333,1.0,1,-2.525057817,
285,forest_cover,shap,xgboost,1,w/o XAI,Importance,Sensitive-features categorization,1,0.0036281376,0.6666666667,0.6666666667,57.346699172,4,-2.368680065,
285,forest_cover,shap,xgboost,2,w/ XAI,Importance,Sensitive-features categorization,1,0.2321175684,0.6666666667,0.7777777778,29.470854791,2,-2.525057817,
285,forest_cover,shap,xgboost,2,w/o XAI,Importance,Attribution Sum,1,0.3634491638,0.6111111111,0.7222222222,,5,-3.933228805,2.0168815319
67,forest_cover,shap,xgboost,1,w/ XAI,Importance,Attribution Sum,1,0.5142804051,0.7777777778,0.9444444444,,4,-2.909234548,3.4721201856
67,forest_cover,shap,xgboost,1,w/o XAI,Importance,Attribution Sum,1,0.108795885,0.7222222222,0.6111111111,,5,-3.933228805,3.9464879396
67,forest_cover,shap,xgboost,2,w/ XAI,Importance,Sensitive-features categorization,1,0.4483871884,0.8333333333,0.6666666667,32.358631154,1,-2.525057817,
67,forest_cover,shap,xgboost,2,w/o XAI,Importance,Sensitive-features categorization,1,0.4092945998,0.5555555556,0.4444444444,32.195651213,1,-2.368680065,
322,wine_quality,lime,mlp,1,w/ XAI,Importance,Sensitive-features categorization,1,0.6384939642,0.3333333333,0.3888888889,1.0,1,-2.525057817,
322,wine_quality,lime,mlp,1,w/o XAI,Importance,Salient-features categorization,1,0.5911141656,0.6666666667,0.6111111111,1.0,1,-2.756953383,
322,wine_quality,lime,mlp,2,w/ XAI,Importance,Attribution Sum,1,0.2827150739,0.9444444444,0.9444444444,,3,-4.0,3.4721201856
322,wine_quality,lime,mlp,2,w/o XAI,Importance,Salient-features categorization,1,0.0001083275,0.9444444444,0.9444444444,91.818573201,2,-2.756953383,
154,wine_quality,lime,mlp,1,w/ XAI,Importance,Salient-features categorization,1,0.6546390037,0.6666666667,0.4444444444,1.0,2,-1.069932343,
154,wine_quality,lime,mlp,1,w/o XAI,Importance,Attribution Sum,1,0.6733279817,0.6666666667,0.2222222222,,3,-2.787268138,0.1
154,wine_quality,lime,mlp,2,w/ XAI,Importance,Attribution Sum,1,0.5736566986,0.7777777778,0.5555555556,,3,-4.0,0.2431716588
154,wine_quality,lime,mlp,2,w/o XAI,Importance,Salient-features categorization,1,0.5100407608,0.7222222222,0.7777777778,1.0,2,-2.756953383,
143,forest_cover,shap,xgboost,1,w/ XAI,Importance,Salient-features categorization,1,0.5347494264,0.7222222222,0.3888888889,1.0,2,-3.913819391,
306,forest_cover,shap,xgboost,1,w/ XAI,Importance,Salient-features categorization,1,0.5726275743,0.5555555556,0.3888888889,1.0,2,-3.913819391,
306,forest_cover,shap,xgboost,1,w/o XAI,Importance,Sensitive-features categorization,1,0.3443327047,0.5555555556,0.7222222222,26.151047959,5,-2.368680065,
306,forest_cover,shap,xgboost,2,w/o XAI,Importance,Sensitive-features categorization,1,0.6433050703,0.6111111111,0.5555555556,1.0,3,-2.368680065,
367,wine_quality,lime,mlp,1,w/ XAI,Importance,Sensitive-features categorization,1,0.5739517614,0.7222222222,0.7222222222,32.358631154,5,-2.525057817,
367,wine_quality,lime,mlp,1,w/o XAI,Importance,Sensitive-features categorization,1,0.2904659735,0.3333333333,0.4444444444,26.151047959,3,-2.368680065,
367,wine_quality,lime,mlp,2,w/ XAI,Importance,Salient-features categorization,1,0.6546390037,0.4444444444,0.5,1.0,2,-1.069932343,
307,forest_cover,shap,xgboost,1,w/ XAI,Importance,Attribution Sum,1,0.5493342988,0.6666666667,0.5,,4,-2.909234548,0.2431716588
307,forest_cover,shap,xgboost,2,w/ XAI,Importance,Attribution Sum,1,0.5703494514,0.7777777778,0.6111111111,,4,-2.909234548,0.2431716588
307,forest_cover,shap,xgboost,2,w/o XAI,Importance,Salient-features categorization,1,0.6126437792,0.6666666667,0.6111111111,9.424728236,2,-2.756953383,
368,wine_quality,lime,mlp,1,w/o XAI,Importance,Sensitive-features categorization,1,0.6631819589,0.5555555556,0.2222222222,1.0,4,-2.368680065,
368,wine_quality,lime,mlp,2,w/ XAI,Importance,Attribution Sum,1,0.1614981721,0.9444444444,0.9444444444,,3,-2.909234548,3.4721201856
368,wine_quality,lime,mlp,2,w/o XAI,Importance,Attribution Sum,1,0.0936573015,1.0,1.0,,5,-3.933228805,5.8760943474
270,forest_cover,shap,xgboost,1,w/ XAI,Importance,Salient-features categorization,1,0.541981815,0.6111111111,0.3888888889,1.0,2,-2.491875867,
270,forest_cover,shap,xgboost,1,w/o XAI,Importance,Salient-features categorization,1,0.6112707082,0.6111111111,0.5,1.0,2,-2.756953383,
372,forest_cover,shap,xgboost,1,w/ XAI,Importance,Sensitive-features categorization,1,0.5571199415,0.5555555556,0.5555555556,1.0,1,-2.525057817,
372,forest_cover,shap,xgboost,1,w/o XAI,Importance,Attribution Sum,1,0.5636108347,0.5555555556,0.7222222222,,5,-2.787268138,2.0168815319
372,forest_cover,shap,xgboost,2,w/ XAI,Importance,Sensitive-features categorization,1,0.2322881933,0.7222222222,0.6666666667,32.358631154,1,-2.525057817,
372,forest_cover,shap,xgboost,2,w/o XAI,Importance,Sensitive-features categorization,1,-1e-10,0.5,0.5,1.0,2,-1.107134608,
120,wine_quality,lime,mlp,1,w/ XAI,Importance,Sensitive-features categorization,1,0.2348260521,0.3888888889,0.3888888889,13.791539214,3,-2.525057817,
120,wine_quality,lime,mlp,1,w/o XAI,Importance,Attribution Sum,1,0.3731954762,0.7222222222,0.8333333333,,3,-2.787268138,2.0168815319
120,wine_quality,lime,mlp,2,w/ XAI,Importance,Attribution Sum,1,0.1483347006,1.0,1.0,,5,-2.909234548,8.0
120,wine_quality,lime,mlp,2,w/o XAI,Importance,Salient-features categorization,1,0.1220323712,0.8888888889,0.7222222222,25.903497229,2,-2.756953383,
266,wine_quality,lime,mlp,1,w/ XAI,Importance,Attribution Sum,1,0.6442105308,0.6111111111,0.5555555556,,4,-2.909234548,0.2431716588
266,wine_quality,lime,mlp,1,w/o XAI,Importance,Sensitive-features categorization,1,0.1849705377,0.3888888889,0.4444444444,26.151047959,2,-2.368680065,
266,wine_quality,lime,mlp,2,w/ XAI,Importance,Attribution Sum,1,0.5611437937,0.7777777778,0.8333333333,,4,-2.909234548,3.4721201856
266,wine_quality,lime,mlp,2,w/o XAI,Importance,Sensitive-features categorization,1,0.37000814,0.8333333333,0.7222222222,26.151047959,5,-2.368680065,
133,forest_cover,shap,xgboost,1,w/ XAI,Importance,Salient-features categorization,1,0.5644806996,0.6111111111,0.4444444444,1.0,2,-3.913819391,
133,forest_cover,shap,xgboost,1,w/o XAI,Importance,Sensitive-features categorization,1,0.0078923604,0.6666666667,0.6666666667,57.346699172,4,-2.368680065,
133,forest_cover,shap,xgboost,2,w/o XAI,Importance,Salient-features categorization,1,0.616130827,0.4444444444,0.3333333333,1.0,2,-1.284926074,
64,wine_quality,lime,mlp,1,w/ XAI,Importance,Attribution Sum,1,0.6138231867,0.7222222222,0.6666666667,,3,-2.909234548,0.2431716588
64,wine_quality,lime,mlp,1,w/o XAI,Importance,Attribution Sum,1,0.3630288134,0.8888888889,0.8888888889,,3,-3.933228805,2.0168815319
64,wine_quality,lime,mlp,2,w/ XAI,Importance,Attribution Sum,1,0.4189546617,0.9444444444,1.0,,3,-4.0,3.4721201856
64,wine_quality,lime,mlp,2,w/o XAI,Importance,Salient-features categorization,1,0.1512206557,0.8888888889,0.8333333333,25.903497229,2,-2.756953383,
263,wine_quality,lime,mlp,2,w/ XAI,Importance,Attribution Sum,1,0.6430046561,0.6666666667,0.6111111111,,5,-4.0,0.2431716588
310,wine_quality,lime,mlp,1,w/ XAI,Importance,Attribution Sum,1,0.0161949464,0.9444444444,0.9444444444,,4,-2.909234548,8.0
310,wine_quality,lime,mlp,1,w/o XAI,Importance,Salient-features categorization,1,0.3312604832,0.8888888889,0.8333333333,25.903497229,3,-4.0,
310,wine_quality,lime,mlp,2,w/ XAI,Importance,Salient-features categorization,1,1.7843337e-09,1.0,1.0,100.0,2,-2.491875867,
310,wine_quality,lime,mlp,2,w/o XAI,Importance,Attribution Sum,1,0.095875226,1.0,0.8888888889,,5,-3.933228805,3.9464879396
68,wine_quality,lime,mlp,1,w/ XAI,Importance,Salient-features categorization,1,0.3850817683,0.3888888889,0.6111111111,38.38752037,1,-2.491875867,
68,wine_quality,lime,mlp,1,w/o XAI,Importance,Attribution Sum,1,0.5322294996,0.7777777778,0.6111111111,,5,-2.787268138,2.0168815319
68,wine_quality,lime,mlp,2,w/ XAI,Importance,Salient-features categorization,1,0.6015058083,0.7777777778,0.6666666667,1.0,2,-3.913819391,
68,wine_quality,lime,mlp,2,w/o XAI,Importance,Salient-features categorization,1,0.6154406784,0.7777777778,0.4444444444,1.0,2,-4.0,
276,forest_cover,shap,xgboost,1,w/ XAI,Importance,Salient-features categorization,1,0.5812315374,0.5555555556,0.5,1.0,2,-3.913819391,
276,forest_cover,shap,xgboost,1,w/o XAI,Importance,Salient-features categorization,1,0.5942057077,0.6666666667,0.5555555556,1.0,1,-4.0,
276,forest_cover,shap,xgboost,2,w/o XAI,Importance,Salient-features categorization,1,0.6665128284,0.6666666667,0.5,1.0,1,-2.527972691,
351,forest_cover,shap,xgboost,1,w/ XAI,Importance,Attribution Sum,1,0.6483099897,0.4444444444,0.5555555556,,3,-2.909234548,0.2431716588
351,forest_cover,shap,xgboost,1,w/o XAI,Importance,Sensitive-features categorization,1,0.1512809409,0.5555555556,0.7222222222,10.553222352,3,-2.368680065,
347,wine_quality,lime,mlp,1,w/ XAI,Importance,Sensitive-features categorization,1,0.5983366143,0.5,0.4444444444,1.0,1,-2.525057817,
347,wine_quality,lime,mlp,1,w/o XAI,Importance,Salient-features categorization,1,0.5786873779,0.6666666667,0.5,1.0,1,-4.0,
347,wine_quality,lime,mlp,2,w/ XAI,Importance,Sensitive-features categorization,1,0.6021235181,0.7777777778,0.7222222222,1.0,1,-2.525057817,
347,wine_quality,lime,mlp,2,w/o XAI,Importance,Salient-features categorization,1,0.6664962738,0.6111111111,0.5555555556,1.0,2,-4.0,
315,wine_quality,lime,mlp,1,w/ XAI,Importance,Sensitive-features categorization,1,0.2505630755,0.3888888889,0.3333333333,29.470854791,3,-2.525057817,
315,wine_quality,lime,mlp,1,w/o XAI,Importance,Salient-features categorization,1,0.3929674063,0.7222222222,0.7777777778,33.957537986,1,-4.0,
315,wine_quality,lime,mlp,2,w/ XAI,Importance,Sensitive-features categorization,1,0.0571819191,0.8888888889,0.8333333333,60.829485945,5,-2.525057817,
315,wine_quality,lime,mlp,2,w/o XAI,Importance,Salient-features categorization,1,0.2648051608,0.8333333333,0.8333333333,25.903497229,2,-2.756953383,
114,forest_cover,shap,xgboost,1,w/ XAI,Importance,Sensitive-features categorization,1,0.6670587354,0.5,0.5,1.0,3,-2.525057817,
114,forest_cover,shap,xgboost,1,w/o XAI,Importance,Sensitive-features categorization,1,0.6090051936,0.7222222222,0.4444444444,1.0,3,-2.368680065,
114,forest_cover,shap,xgboost,2,w/o XAI,Importance,Sensitive-features categorization,1,0.336679092,0.7777777778,0.6111111111,26.151047959,3,-2.368680065,
314,forest_cover,shap,xgboost,1,w/ XAI,Importance,Attribution Sum,1,0.6023485587,0.5555555556,0.6666666667,,2,-2.909234548,0.2431716588
314,forest_cover,shap,xgboost,1,w/o XAI,Importance,Salient-features categorization,1,0.0004568495,0.6666666667,0.6111111111,58.861035215,4,-2.756953383,
314,forest_cover,shap,xgboost,2,w/o XAI,Importance,Salient-features categorization,1,0.2646074783,0.6666666667,0.7222222222,25.903497229,2,-4.0,
60,forest_cover,shap,xgboost,1,w/ XAI,Importance,Salient-features categorization,1,0.2080149181,0.7777777778,0.8333333333,31.312983271,2,-3.913819391,
60,forest_cover,shap,xgboost,2,w/ XAI,Importance,Sensitive-features categorization,1,0.6515607662,0.4444444444,0.4444444444,1.0,3,-2.525057817,
295,wine_quality,lime,mlp,1,w/ XAI,Importance,Attribution Sum,1,0.6529007186,0.6111111111,0.5555555556,,2,-2.909234548,0.2431716588
295,wine_quality,lime,mlp,2,w/ XAI,Importance,Importance categorization,1,1.9727255e-06,0.6666666667,0.6666666667,66.685022049,3,-3.792588539,
295,wine_quality,lime,mlp,2,w/o XAI,Importance,Sensitive-features categorization,1,0.254635097,0.6111111111,0.7222222222,32.195651213,2,-2.368680065,
327,forest_cover,shap,xgboost,1,w/ XAI,Importance,Sensitive-features categorization,1,0.1723220488,0.7222222222,0.7222222222,29.470854791,1,-2.525057817,
327,forest_cover,shap,xgboost,1,w/o XAI,Importance,Attribution Sum,1,0.1684960184,0.6111111111,0.6111111111,,3,-2.787268138,2.0168815319
327,forest_cover,shap,xgboost,2,w/ XAI,Importance,Sensitive-features categorization,1,0.1381533117,0.5,0.5,32.358631154,1,-2.525057817,
327,forest_cover,shap,xgboost,2,w/o XAI,Importance,Salient-features categorization,1,0.5822554929,0.7777777778,0.6666666667,33.957537986,1,-4.0,
319,wine_quality,lime,mlp,1,w/ XAI,Importance,Salient-features categorization,1,0.6546390037,0.5,0.6111111111,1.0,2,-1.069932343,
319,wine_quality,lime,mlp,1,w/o XAI,Importance,Salient-features categorization,1,0.5294420559,0.6111111111,0.3888888889,1.0,1,-2.756953383,
319,wine_quality,lime,mlp,2,w/ XAI,Importance,Sensitive-features categorization,1,0.6336109345,0.7777777778,0.4444444444,1.0,5,-2.525057817,
319,wine_quality,lime,mlp,2,w/o XAI,Importance,Salient-features categorization,1,0.5335018442,0.8333333333,0.5555555556,1.0,1,-2.756953383,
375,adult,lime,xgboost,1,w/ XAI,Attribution,Attribution Sum,1,0.4533084816,0.7222222222,0.6666666667,,5,-1.718306603,1.2349080257
375,adult,lime,xgboost,2,w/ XAI,Attribution,Attribution Sum,1,0.4892980989,0.8888888889,0.7222222222,,5,-1.718306603,1.2349080257
375,adult,lime,xgboost,2,w/o XAI,Attribution,Attribution Sum,1,0.4690903951,0.8888888889,0.7222222222,,5,-3.952351085,1.3923006722
387,forest_cover,shap,xgboost,1,w/ XAI,Importance,Sensitive-features categorization,1,0.2232384362,0.6111111111,0.6111111111,29.470854791,1,-2.525057817,
387,forest_cover,shap,xgboost,1,w/o XAI,Importance,Salient-features categorization,1,0.3202388129,0.8333333333,0.7777777778,25.903497229,3,-2.756953383,
387,forest_cover,shap,xgboost,2,w/ XAI,Importance,Sensitive-features categorization,1,0.6469198736,0.3888888889,0.6111111111,1.0,5,-2.525057817,
387,forest_cover,shap,xgboost,2,w/o XAI,Importance,Sensitive-features categorization,1,0.4146258787,0.7777777778,0.7777777778,26.151047959,2,-2.368680065,
333,wine_quality,lime,mlp,1,w/ XAI,Attribution,Attribution Sum,1,0.3480300089,0.9444444444,0.7777777778,,5,-1.718306603,1.2349080257
333,wine_quality,lime,mlp,1,w/o XAI,Attribution,Attribution Sum,1,0.606268102,0.6666666667,0.5555555556,,3,-2.853595089,1.3923006722
333,wine_quality,lime,mlp,2,w/ XAI,Attribution,Attribution Sum,1,0.0835796041,0.9444444444,1.0,,4,-1.718306603,4.4309260873
333,wine_quality,lime,mlp,2,w/o XAI,Attribution,Sensitive-features categorization,1,0.6725562907,0.4444444444,0.7222222222,1.0,5,-1.509060182,
358,adult,lime,xgboost,1,w/ XAI,Attribution,Attribution Sum,1,0.2925897455,0.8333333333,0.8333333333,,5,-1.718306603,4.4309260873
358,adult,lime,xgboost,1,w/o XAI,Attribution,Attribution Sum,1,0.3164592017,0.9444444444,0.7222222222,,4,-2.853595089,2.4605285325
358,adult,lime,xgboost,2,w/ XAI,Attribution,Attribution Sum,1,0.4213085903,0.8888888889,0.5555555556,,4,-1.718306603,1.2349080257
358,adult,lime,xgboost,2,w/o XAI,Attribution,Attribution Sum,1,0.5817065149,0.8333333333,0.5,,5,-1.754839093,1.3923006722
381,wine_quality,lime,mlp,1,w/ XAI,Attribution,Attribution Sum,1,0.6418328072,0.7222222222,0.7777777778,,5,-1.718306603,1.2349080257
381,wine_quality,lime,mlp,1,w/o XAI,Attribution,Sensitive-features categorization,1,0.2916767792,0.5,0.6111111111,21.82806764,1,-2.706550117,
381,wine_quality,lime,mlp,2,w/ XAI,Attribution,Attribution Sum,1,0.45045768,0.8333333333,0.8333333333,,5,-1.718306603,1.2349080257
381,wine_quality,lime,mlp,2,w/o XAI,Attribution,Sensitive-features categorization,1,0.5038934561,0.6111111111,0.5555555556,1.0,1,-1.509060182,
293,forest_cover,shap,xgboost,1,w/ XAI,Importance,Attribution Sum,1,0.5879126331,0.6666666667,0.4444444444,,4,-2.909234548,0.2431716588
293,forest_cover,shap,xgboost,1,w/o XAI,Importance,Attribution Sum,1,0.0117221091,0.6666666667,0.6666666667,,4,-3.933228805,5.8760943474
293,forest_cover,shap,xgboost,2,w/ XAI,Importance,Sensitive-features categorization,1,0.4009398961,0.7777777778,0.7222222222,32.358631154,1,-2.525057817,
293,forest_cover,shap,xgboost,2,w/o XAI,Importance,Salient-features categorization,1,0.5868610313,0.5,0.5555555556,1.0,1,-4.0,
384,adult,lime,xgboost,1,w/ XAI,Attribution,Attribution Sum,1,0.4087527933,0.7777777778,0.6666666667,,5,-1.718306603,1.2349080257
384,adult,lime,xgboost,1,w/o XAI,Attribution,Attribution Sum,1,0.1848844691,0.8888888889,0.8333333333,,5,-2.853595089,3.5287563929
384,adult,lime,xgboost,2,w/ XAI,Attribution,Attribution Sum,1,0.0829556429,0.9444444444,0.8888888889,,4,-1.718306603,8.0
384,adult,lime,xgboost,2,w/o XAI,Attribution,Sensitive-features categorization,1,0.2847164538,0.7222222222,0.7222222222,36.975318194,3,-2.706550117,
265,wine_quality,lime,mlp,1,w/ XAI,Attribution,Attribution Sum,1,0.0174729798,1.0,1.0,,5,-1.718306603,8.0
265,wine_quality,lime,mlp,1,w/o XAI,Attribution,Attribution Sum,1,0.6449090859,0.6111111111,0.3888888889,,3,-1.754839093,3.5287563929
265,wine_quality,lime,mlp,2,w/ XAI,Attribution,Attribution Sum,1,0.0070593373,1.0,1.0,,5,-1.718306603,8.0
301,adult,lime,xgboost,1,w/ XAI,Attribution,Attribution Sum,1,0.4828398908,0.7777777778,0.8888888889,,5,-1.718306603,1.2349080257
301,adult,lime,xgboost,1,w/o XAI,Attribution,Attribution Sum,1,0.2397825088,0.8333333333,0.8333333333,,5,-2.853595089,2.4605285325
301,adult,lime,xgboost,2,w/ XAI,Attribution,Attribution Sum,1,0.4892980989,0.8888888889,0.7777777778,,5,-1.718306603,1.2349080257
301,adult,lime,xgboost,2,w/o XAI,Attribution,Attribution Sum,1,0.2121128171,0.8888888889,0.8333333333,,5,-2.853595089,3.5287563929
302,adult,lime,xgboost,1,w/ XAI,Attribution,Attribution Sum,1,0.2925897455,0.8333333333,0.7222222222,,5,-1.718306603,4.4309260873
302,adult,lime,xgboost,1,w/o XAI,Attribution,Attribution Sum,1,0.1934742264,0.8333333333,0.7222222222,,5,-3.952351085,3.5287563929
302,adult,lime,xgboost,2,w/ XAI,Attribution,Attribution Sum,1,0.3724507474,0.9444444444,0.5555555556,,4,-1.718306603,1.2349080257
302,adult,lime,xgboost,2,w/o XAI,Attribution,Attribution Sum,1,0.1814727159,0.8333333333,0.7222222222,,4,-3.952351085,3.5287563929
292,forest_cover,shap,xgboost,1,w/ XAI,Attribution,Attribution Sum,1,0.0009448354,1.0,1.0,,5,-1.718306603,8.0
292,forest_cover,shap,xgboost,1,w/o XAI,Attribution,Sensitive-features categorization,1,0.6137654847,0.4444444444,0.6666666667,1.0,3,-2.706550117,
292,forest_cover,shap,xgboost,2,w/ XAI,Attribution,Attribution Sum,1,0.2660032392,0.9444444444,0.6666666667,,5,-1.718306603,1.2349080257
292,forest_cover,shap,xgboost,2,w/o XAI,Attribution,Sensitive-features categorization,1,0.1609438518,0.5555555556,0.4444444444,21.82806764,3,-2.706550117,
360,forest_cover,shap,xgboost,1,w/ XAI,Importance,Sensitive-features categorization,1,0.2107560826,0.6666666667,0.6666666667,13.791539214,3,-2.525057817,
360,forest_cover,shap,xgboost,1,w/o XAI,Importance,Salient-features categorization,1,0.5696825145,0.7222222222,0.5,1.0,1,-2.756953383,
360,forest_cover,shap,xgboost,2,w/ XAI,Importance,Sensitive-features categorization,1,0.663407652,0.1666666667,0.5,1.0,1,-2.525057817,
360,forest_cover,shap,xgboost,2,w/o XAI,Importance,Salient-features categorization,1,0.3271702253,0.6111111111,0.7222222222,33.957537986,1,-4.0,
388,forest_cover,shap,xgboost,1,w/ XAI,Importance,Salient-features categorization,1,0.5063503425,0.6666666667,0.3888888889,1.0,1,-3.913819391,
388,forest_cover,shap,xgboost,1,w/o XAI,Importance,Sensitive-features categorization,1,0.0772086485,0.5555555556,0.6666666667,26.151047959,2,-2.368680065,
388,forest_cover,shap,xgboost,2,w/ XAI,Importance,Salient-features categorization,1,0.6285915122,0.6666666667,0.7222222222,1.0,2,-3.913819391,
388,forest_cover,shap,xgboost,2,w/o XAI,Importance,Sensitive-features categorization,1,0.0071144806,0.5,0.5,57.346699172,3,-2.368680065,
338,forest_cover,shap,xgboost,1,w/ XAI,Attribution,Attribution Sum,1,0.0101042398,1.0,1.0,,4,-1.718306603,8.0
338,forest_cover,shap,xgboost,1,w/o XAI,Attribution,Sensitive-features categorization,1,0.1070770336,0.7222222222,0.7222222222,36.975318194,4,-2.706550117,
338,forest_cover,shap,xgboost,2,w/ XAI,Attribution,Attribution Sum,1,0.1090937668,0.8888888889,1.0,,4,-1.718306603,4.4309260873
338,forest_cover,shap,xgboost,2,w/o XAI,Attribution,Sensitive-features categorization,1,0.5218786671,0.5,0.6111111111,1.0,3,-1.509060182,
363,forest_cover,shap,xgboost,1,w/ XAI,Attribution,Attribution Sum,1,0.3687043416,0.8333333333,0.8333333333,,3,-1.718306603,1.2349080257
363,forest_cover,shap,xgboost,1,w/o XAI,Attribution,Sensitive-features categorization,1,0.0673244213,0.7222222222,0.6666666667,52.122568747,5,-2.706550117,
363,forest_cover,shap,xgboost,2,w/ XAI,Attribution,Attribution Sum,1,0.0202015173,1.0,1.0,,5,-1.718306603,8.0
361,forest_cover,shap,xgboost,1,w/ XAI,Importance,Sensitive-features categorization,1,0.1665472653,0.7222222222,0.6666666667,29.470854791,3,-2.525057817,
361,forest_cover,shap,xgboost,1,w/o XAI,Importance,Attribution Sum,1,0.2759340331,0.6111111111,0.7222222222,,4,-2.787268138,2.0168815319
361,forest_cover,shap,xgboost,2,w/ XAI,Importance,Salient-features categorization,1,0.1446288172,0.8888888889,0.9444444444,68.700503641,2,-3.913819391,
361,forest_cover,shap,xgboost,2,w/o XAI,Importance,Attribution Sum,1,0.1478836255,0.5555555556,0.5555555556,,5,-2.787268138,5.8760943474
288,forest_cover,shap,xgboost,1,w/ XAI,Importance,Salient-features categorization,1,0.5470031224,0.8888888889,0.6666666667,1.0,1,-2.491875867,
288,forest_cover,shap,xgboost,1,w/o XAI,Importance,Salient-features categorization,1,0.5640425572,0.5,0.1666666667,1.0,2,-4.0,
288,forest_cover,shap,xgboost,2,w/ XAI,Importance,Attribution Sum,1,0.6660693054,0.6666666667,0.5555555556,,3,-2.909234548,0.2431716588
288,forest_cover,shap,xgboost,2,w/o XAI,Importance,Salient-features categorization,1,0.6021206432,0.5,0.6111111111,1.0,1,-2.756953383,
112,wine_quality,lime,mlp,1,w/ XAI,Attribution,Attribution Sum,1,0.0174729798,1.0,0.9444444444,,5,-1.718306603,8.0
112,wine_quality,lime,mlp,1,w/o XAI,Attribution,Attribution Sum,1,0.6357817433,0.6111111111,0.6666666667,,5,-2.853595089,1.3923006722
112,wine_quality,lime,mlp,2,w/ XAI,Attribution,Attribution Sum,1,0.2333705518,0.7222222222,0.8333333333,,5,-1.718306603,4.4309260873
112,wine_quality,lime,mlp,2,w/o XAI,Attribution,Attribution Sum,1,0.0358069836,0.9444444444,1.0,,5,-2.853595089,3.5287563929
278,wine_quality,lime,mlp,1,w/ XAI,Attribution,Attribution Sum,1,0.556050693,0.6666666667,0.2777777778,,5,-1.718306603,1.2349080257
278,wine_quality,lime,mlp,2,w/ XAI,Attribution,Attribution Sum,1,0.0835796041,0.9444444444,1.0,,4,-1.718306603,4.4309260873
278,wine_quality,lime,mlp,2,w/o XAI,Attribution,Attribution Sum,1,0.4491049741,0.8333333333,0.7222222222,,5,-3.952351085,1.3923006722
174,forest_cover,shap,xgboost,1,w/ XAI,Importance,Attribution Sum,1,0.5913600725,0.8888888889,0.3888888889,,4,-2.909234548,0.2431716588
174,forest_cover,shap,xgboost,2,w/ XAI,Importance,Sensitive-features categorization,1,0.6656842364,0.6111111111,0.5,1.0,5,-2.525057817,
274,adult,lime,xgboost,1,w/ XAI,Attribution,Attribution Sum,1,0.3922248174,0.7777777778,0.7777777778,,5,-1.718306603,1.2349080257
274,adult,lime,xgboost,1,w/o XAI,Attribution,Sensitive-features categorization,1,0.3063334585,0.8333333333,0.7777777778,21.82806764,3,-2.706550117,
274,adult,lime,xgboost,2,w/ XAI,Attribution,Attribution Sum,1,0.0829556429,0.9444444444,0.8333333333,,4,-1.718306603,8.0
274,adult,lime,xgboost,2,w/o XAI,Attribution,Attribution Sum,1,0.4338629809,0.8888888889,0.7222222222,,5,-3.952351085,1.3923006722
25,forest_cover,shap,xgboost,1,w/ XAI,Importance,Attribution Sum,1,0.6353836971,0.5555555556,0.5,,3,-2.909234548,0.2431716588
25,forest_cover,shap,xgboost,1,w/o XAI,Importance,Salient-features categorization,1,0.616130827,0.4444444444,0.6111111111,1.0,2,-1.284926074,
25,forest_cover,shap,xgboost,2,w/ XAI,Importance,Salient-features categorization,1,0.6546390037,0.3888888889,0.2222222222,1.0,2,-1.069932343,
321,wine_quality,lime,mlp,1,w/ XAI,Attribution,Attribution Sum,1,0.5322762148,0.6666666667,0.6111111111,,5,-1.718306603,1.2349080257
321,wine_quality,lime,mlp,1,w/o XAI,Attribution,Attribution Sum,1,0.4519004718,0.8333333333,0.8888888889,,4,-2.853595089,1.3923006722
321,wine_quality,lime,mlp,2,w/ XAI,Attribution,Attribution Sum,1,0.2414032796,0.7777777778,0.8888888889,,5,-1.718306603,4.4309260873
321,wine_quality,lime,mlp,2,w/o XAI,Attribution,Sensitive-features categorization,1,0.2765201757,0.8888888889,0.8888888889,21.82806764,5,-1.509060182,
164,wine_quality,lime,mlp,1,w/ XAI,Attribution,Attribution Sum,1,0.5322762148,0.6666666667,0.5555555556,,5,-1.718306603,1.2349080257
164,wine_quality,lime,mlp,1,w/o XAI,Attribution,Sensitive-features categorization,1,0.3784966197,0.7777777778,0.5555555556,31.294501107,5,-2.706550117,
164,wine_quality,lime,mlp,2,w/ XAI,Attribution,Attribution Sum,1,0.0070593373,1.0,1.0,,5,-1.718306603,8.0
164,wine_quality,lime,mlp,2,w/o XAI,Attribution,Attribution Sum,1,0.6362538006,0.6111111111,0.6666666667,,5,-2.853595089,0.3240728119
328,forest_cover,shap,xgboost,1,w/ XAI,Importance,Attribution Sum,1,0.0058966491,0.7777777778,0.7777777778,,3,-2.909234548,8.0
328,forest_cover,shap,xgboost,1,w/o XAI,Importance,Sensitive-features categorization,1,0.0052306026,0.6666666667,0.6666666667,57.346699172,4,-2.368680065,
328,forest_cover,shap,xgboost,2,w/ XAI,Importance,Sensitive-features categorization,1,0.3748281734,0.5,0.2777777778,32.358631154,1,-2.525057817,
328,forest_cover,shap,xgboost,2,w/o XAI,Importance,Salient-features categorization,1,0.2791651391,0.6666666667,0.6666666667,25.903497229,2,-4.0,
286,forest_cover,shap,xgboost,1,w/ XAI,Importance,Importance categorization,1,0.2695575906,0.7222222222,0.7777777778,66.685022049,5,-3.792588539,
286,forest_cover,shap,xgboost,2,w/ XAI,Importance,Attribution Sum,1,0.5763804157,0.8333333333,0.3888888889,,3,-2.909234548,0.2431716588
111,forest_cover,shap,xgboost,1,w/ XAI,Importance,Attribution Sum,1,0.5224002563,0.8333333333,0.9444444444,,4,-2.909234548,3.4721201856
111,forest_cover,shap,xgboost,1,w/o XAI,Importance,Salient-features categorization,1,0.616130827,0.5555555556,0.5555555556,1.0,2,-1.284926074,
111,forest_cover,shap,xgboost,2,w/ XAI,Importance,Salient-features categorization,1,0.5723397254,0.8333333333,0.5555555556,1.0,2,-3.913819391,
111,forest_cover,shap,xgboost,2,w/o XAI,Importance,Attribution Sum,1,0.5614897438,0.7222222222,0.6666666667,,5,-3.933228805,2.0168815319
374,adult,lime,xgboost,1,w/ XAI,Attribution,Attribution Sum,1,0.16651609,0.8333333333,0.9444444444,,5,-1.718306603,7.6269441489
374,adult,lime,xgboost,1,w/o XAI,Attribution,Attribution Sum,1,0.2306687443,0.8333333333,0.7777777778,,5,-2.853595089,2.4605285325
374,adult,lime,xgboost,2,w/ XAI,Attribution,Attribution Sum,1,0.0829556429,0.9444444444,0.8333333333,,4,-1.718306603,8.0
374,adult,lime,xgboost,2,w/o XAI,Attribution,Attribution Sum,1,0.140561371,0.8333333333,0.7777777778,,5,-3.952351085,3.5287563929
339,forest_cover,shap,xgboost,2,w/ XAI,Importance,Attribution Sum,1,0.541626329,0.7222222222,0.5,,5,-2.909234548,0.2431716588
339,forest_cover,shap,xgboost,2,w/o XAI,Importance,Sensitive-features categorization,1,0.0347346988,0.5555555556,0.6111111111,88.542350386,4,-2.368680065,
296,forest_cover,shap,xgboost,1,w/ XAI,Attribution,Attribution Sum,1,0.0009448354,1.0,1.0,,5,-1.718306603,8.0
296,forest_cover,shap,xgboost,1,w/o XAI,Attribution,Attribution Sum,1,0.4396332468,0.6666666667,0.5555555556,,4,-3.952351085,1.3923006722
296,forest_cover,shap,xgboost,2,w/ XAI,Attribution,Attribution Sum,1,0.0427678044,1.0,1.0,,5,-1.718306603,8.0
296,forest_cover,shap,xgboost,2,w/o XAI,Attribution,Sensitive-features categorization,1,0.6043543473,0.3888888889,0.6111111111,1.0,3,-2.706550117,
378,forest_cover,shap,xgboost,1,w/ XAI,Importance,Importance categorization,1,0.5667564767,0.5,0.3888888889,1.0,3,-2.28425335,
378,forest_cover,shap,xgboost,2,w/ XAI,Importance,Sensitive-features categorization,1,0.4818372364,0.3888888889,0.5,32.358631154,1,-2.525057817,
359,forest_cover,shap,xgboost,1,w/ XAI,Importance,Attribution Sum,1,0.5884863626,0.7222222222,0.5555555556,,3,-2.909234548,0.2431716588
359,forest_cover,shap,xgboost,1,w/o XAI,Importance,Attribution Sum,1,0.4167703317,0.6111111111,0.6111111111,,4,-3.933228805,2.0168815319
359,forest_cover,shap,xgboost,2,w/o XAI,Importance,Attribution Sum,1,0.440272098,0.6111111111,0.7777777778,,5,-3.933228805,2.0168815319
66,wine_quality,lime,mlp,1,w/ XAI,Attribution,Attribution Sum,1,0.461763151,0.7777777778,0.7777777778,,5,-1.718306603,4.4309260873
66,wine_quality,lime,mlp,1,w/o XAI,Attribution,Sensitive-features categorization,1,0.3868976563,0.7222222222,0.6666666667,31.294501107,1,-2.706550117,
66,wine_quality,lime,mlp,2,w/ XAI,Attribution,Attribution Sum,1,0.397296111,0.7222222222,0.8333333333,,5,-1.718306603,4.4309260873
66,wine_quality,lime,mlp,2,w/o XAI,Attribution,Sensitive-features categorization,1,0.6184437982,0.6666666667,0.6111111111,1.0,1,-2.706550117,
380,wine_quality,lime,mlp,1,w/ XAI,Attribution,Attribution Sum,1,0.0174729798,1.0,1.0,,5,-1.718306603,8.0
380,wine_quality,lime,mlp,1,w/o XAI,Attribution,Attribution Sum,1,0.5247639066,0.5,0.7222222222,,4,-2.853595089,2.4605285325
380,wine_quality,lime,mlp,2,w/ XAI,Attribution,Attribution Sum,1,0.438568467,0.6111111111,0.5555555556,,5,-1.718306603,1.2349080257
380,wine_quality,lime,mlp,2,w/o XAI,Attribution,Attribution Sum,1,0.1896286896,0.8888888889,0.8888888889,,3,-3.952351085,2.4605285325
391,wine_quality,lime,mlp,1,w/ XAI,Attribution,Attribution Sum,1,0.0174729798,1.0,0.8888888889,,5,-1.718306603,8.0
391,wine_quality,lime,mlp,1,w/o XAI,Attribution,Sensitive-features categorization,1,0.3353856285,0.5,0.5,21.82806764,1,-2.706550117,
391,wine_quality,lime,mlp,2,w/ XAI,Attribution,Attribution Sum,1,0.438568467,0.6111111111,0.7222222222,,5,-1.718306603,1.2349080257
391,wine_quality,lime,mlp,2,w/o XAI,Attribution,Sensitive-features categorization,1,0.2897197962,0.7222222222,0.7222222222,21.82806764,5,-1.509060182,
382,forest_cover,shap,xgboost,1,w/ XAI,Attribution,Attribution Sum,1,0.0101042398,1.0,1.0,,4,-1.718306603,8.0
382,forest_cover,shap,xgboost,1,w/o XAI,Attribution,Sensitive-features categorization,1,0.2838468447,0.6666666667,0.7222222222,31.294501107,3,-1.509060182,
382,forest_cover,shap,xgboost,2,w/ XAI,Attribution,Attribution Sum,1,0.266713188,0.8888888889,0.6111111111,,4,-1.718306603,1.2349080257
382,forest_cover,shap,xgboost,2,w/o XAI,Attribution,Sensitive-features categorization,1,0.0023386257,0.5,0.5,82.417069854,3,-2.706550117,
54,forest_cover,shap,xgboost,1,w/ XAI,Importance,Importance categorization,1,0.3644930288,0.7777777778,0.7222222222,31.364774843,5,-3.792588539,
54,forest_cover,shap,xgboost,1,w/o XAI,Importance,Sensitive-features categorization,1,0.0910656588,0.7222222222,0.7777777778,32.195651213,1,-2.368680065,
54,forest_cover,shap,xgboost,2,w/ XAI,Importance,Sensitive-features categorization,1,0.1512137314,0.7777777778,0.7222222222,32.358631154,1,-2.525057817,
54,forest_cover,shap,xgboost,2,w/o XAI,Importance,Salient-features categorization,1,0.5445383205,0.4444444444,0.5,1.0,1,-4.0,
303,wine_quality,lime,mlp,1,w/ XAI,Attribution,Attribution Sum,1,0.2050553764,0.8888888889,0.8888888889,,3,-1.718306603,4.4309260873
303,wine_quality,lime,mlp,1,w/o XAI,Attribution,Attribution Sum,1,0.5165429461,0.5555555556,0.7222222222,,5,-2.853595089,2.4605285325
303,wine_quality,lime,mlp,2,w/ XAI,Attribution,Attribution Sum,1,0.2333705518,0.7222222222,0.8888888889,,5,-1.718306603,4.4309260873
303,wine_quality,lime,mlp,2,w/o XAI,Attribution,Attribution Sum,1,0.4815273279,0.7777777778,0.8333333333,,4,-2.853595089,1.3923006722
343,forest_cover,shap,xgboost,1,w/ XAI,Importance,Sensitive-features categorization,1,0.2122594384,0.7222222222,0.7222222222,29.470854791,1,-2.525057817,
343,forest_cover,shap,xgboost,1,w/o XAI,Importance,Attribution Sum,1,0.0182268044,0.6666666667,0.6666666667,,4,-3.933228805,5.8760943474
343,forest_cover,shap,xgboost,2,w/ XAI,Importance,Attribution Sum,1,0.6573538748,0.6666666667,0.6666666667,,2,-2.909234548,0.2431716588
343,forest_cover,shap,xgboost,2,w/o XAI,Importance,Attribution Sum,1,0.5452609837,0.7222222222,0.6666666667,,4,-3.933228805,2.0168815319
370,adult,lime,xgboost,1,w/ XAI,Attribution,Attribution Sum,1,0.4682594621,0.8333333333,0.7777777778,,5,-1.718306603,1.2349080257
370,adult,lime,xgboost,1,w/o XAI,Attribution,Attribution Sum,1,0.5759846995,0.7777777778,0.8333333333,,5,-2.853595089,1.3923006722
370,adult,lime,xgboost,2,w/ XAI,Attribution,Attribution Sum,1,0.3824218043,0.8333333333,0.7222222222,,4,-1.718306603,1.2349080257
370,adult,lime,xgboost,2,w/o XAI,Attribution,Sensitive-features categorization,1,0.5347404467,0.8333333333,0.7777777778,1.0,1,-2.706550117,
386,wine_quality,lime,mlp,1,w/ XAI,Attribution,Attribution Sum,1,0.4304398526,0.8888888889,0.8333333333,,5,-1.718306603,4.4309260873
386,wine_quality,lime,mlp,1,w/o XAI,Attribution,Attribution Sum,1,0.5439686695,0.7222222222,0.8333333333,,5,-3.952351085,1.3923006722
386,wine_quality,lime,mlp,2,w/ XAI,Attribution,Attribution Sum,1,0.0070593373,1.0,1.0,,5,-1.718306603,8.0
386,wine_quality,lime,mlp,2,w/o XAI,Attribution,Sensitive-features categorization,1,0.3658078412,0.7222222222,0.8333333333,21.82806764,3,-2.706550117,
38,forest_cover,shap,xgboost,1,w/ XAI,Attribution,Attribution Sum,1,0.0009448354,1.0,1.0,,5,-1.718306603,8.0
38,forest_cover,shap,xgboost,1,w/o XAI,Attribution,Sensitive-features categorization,1,0.0050266137,0.6666666667,0.6666666667,52.122568747,3,-2.706550117,
38,forest_cover,shap,xgboost,2,w/ XAI,Attribution,Attribution Sum,1,0.0427678044,1.0,1.0,,5,-1.718306603,8.0
38,forest_cover,shap,xgboost,2,w/o XAI,Attribution,Sensitive-features categorization,1,0.2785004505,0.6111111111,0.6111111111,21.82806764,5,-2.706550117,
336,forest_cover,shap,xgboost,1,w/ XAI,Importance,Attribution Sum,1,0.6140094914,0.6666666667,0.6111111111,,4,-2.909234548,0.2431716588
336,forest_cover,shap,xgboost,1,w/o XAI,Importance,Sensitive-features categorization,1,0.0041451284,0.6666666667,0.6666666667,57.346699172,4,-2.368680065,
336,forest_cover,shap,xgboost,2,w/ XAI,Importance,Sensitive-features categorization,1,0.2116816162,0.5,0.4444444444,32.358631154,1,-2.525057817,
336,forest_cover,shap,xgboost,2,w/o XAI,Importance,Salient-features categorization,1,0.2331797901,0.6666666667,0.7222222222,25.903497229,3,-4.0,
389,forest_cover,shap,xgboost,1,w/ XAI,Attribution,Attribution Sum,1,0.0101042398,1.0,1.0,,4,-1.718306603,8.0
389,forest_cover,shap,xgboost,2,w/ XAI,Attribution,Attribution Sum,1,0.0202015173,1.0,1.0,,5,-1.718306603,8.0
389,forest_cover,shap,xgboost,2,w/o XAI,Attribution,Sensitive-features categorization,1,0.5564748009,0.2777777778,0.3888888889,31.294501107,5,-1.509060182,
379,forest_cover,shap,xgboost,1,w/ XAI,Attribution,Attribution Sum,1,0.0009448354,1.0,1.0,,5,-1.718306603,8.0
379,forest_cover,shap,xgboost,1,w/o XAI,Attribution,Sensitive-features categorization,1,0.0054319894,0.6666666667,0.6666666667,52.122568747,3,-2.706550117,
379,forest_cover,shap,xgboost,2,w/ XAI,Attribution,Attribution Sum,1,0.2309660224,0.9444444444,0.6666666667,,3,-1.718306603,1.2349080257
379,forest_cover,shap,xgboost,2,w/o XAI,Attribution,Sensitive-features categorization,1,0.2512621601,0.6666666667,0.6666666667,21.82806764,3,-2.706550117,
85,wine_quality,lime,mlp,1,w/ XAI,Attribution,Attribution Sum,1,0.2600999514,0.8333333333,0.7222222222,,5,-1.718306603,8.0
85,wine_quality,lime,mlp,2,w/ XAI,Attribution,Attribution Sum,1,0.0835796041,0.9444444444,0.9444444444,,4,-1.718306603,4.4309260873
85,wine_quality,lime,mlp,2,w/o XAI,Attribution,Sensitive-features categorization,1,0.5116477846,0.6666666667,0.6666666667,31.294501107,1,-2.706550117,
324,forest_cover,shap,xgboost,1,w/ XAI,Importance,Attribution Sum,1,0.5989067379,0.6111111111,0.5555555556,,3,-2.909234548,0.2431716588
324,forest_cover,shap,xgboost,1,w/o XAI,Importance,Sensitive-features categorization,1,0.3110672647,0.6666666667,0.6666666667,32.195651213,5,-2.368680065,
324,forest_cover,shap,xgboost,2,w/ XAI,Importance,Attribution Sum,1,0.629699724,0.5555555556,0.7222222222,,2,-1.784511801,3.4721201856
324,forest_cover,shap,xgboost,2,w/o XAI,Importance,Sensitive-features categorization,1,0.3683855637,0.6111111111,0.5555555556,26.151047959,2,-2.368680065,
346,forest_cover,shap,xgboost,1,w/ XAI,Attribution,Attribution Sum,1,0.0009448354,1.0,1.0,,5,-1.718306603,8.0
346,forest_cover,shap,xgboost,1,w/o XAI,Attribution,Sensitive-features categorization,1,0.6439882398,0.3888888889,0.6666666667,1.0,3,-2.706550117,
346,forest_cover,shap,xgboost,2,w/ XAI,Attribution,Attribution Sum,1,0.1090937668,0.8888888889,0.9444444444,,4,-1.718306603,4.4309260873
346,forest_cover,shap,xgboost,2,w/o XAI,Attribution,Sensitive-features categorization,1,0.6272755312,0.3888888889,0.3333333333,1.0,3,-2.706550117,
332,adult,lime,xgboost,1,w/ XAI,Attribution,Attribution Sum,1,0.2925897455,0.8333333333,0.7777777778,,5,-1.718306603,4.4309260873
332,adult,lime,xgboost,1,w/o XAI,Attribution,Sensitive-features categorization,1,0.2388680734,0.8333333333,0.7777777778,36.975318194,3,-2.706550117,
332,adult,lime,xgboost,2,w/ XAI,Attribution,Attribution Sum,1,0.4460639414,0.9444444444,0.7777777778,,5,-1.718306603,1.2349080257
332,adult,lime,xgboost,2,w/o XAI,Attribution,Attribution Sum,1,0.3707966503,0.8888888889,0.6666666667,,5,-3.952351085,1.3923006722
317,forest_cover,shap,xgboost,1,w/ XAI,Importance,Attribution Sum,1,0.4272992545,0.7222222222,0.8333333333,,2,-2.909234548,3.4721201856
317,forest_cover,shap,xgboost,2,w/ XAI,Importance,Attribution Sum,1,0.5570859998,0.8333333333,0.6666666667,,3,-4.0,0.2431716588
317,forest_cover,shap,xgboost,2,w/o XAI,Importance,Attribution Sum,1,0.4600228478,0.5555555556,0.7777777778,,5,-2.787268138,2.0168815319
74,forest_cover,shap,xgboost,1,w/ XAI,Attribution,Attribution Sum,1,0.0101042398,1.0,1.0,,4,-1.718306603,8.0
74,forest_cover,shap,xgboost,1,w/o XAI,Attribution,Sensitive-features categorization,1,0.2483022122,0.6666666667,0.8333333333,21.82806764,3,-2.706550117,
74,forest_cover,shap,xgboost,2,w/ XAI,Attribution,Attribution Sum,1,0.0202015173,1.0,1.0,,5,-1.718306603,8.0
74,forest_cover,shap,xgboost,2,w/o XAI,Attribution,Attribution Sum,1,0.1524697304,0.7777777778,0.7777777778,,4,-3.952351085,3.5287563929
62,forest_cover,shap,xgboost,1,w/ XAI,Attribution,Attribution Sum,1,0.0009448354,1.0,1.0,,5,-1.718306603,8.0
62,forest_cover,shap,xgboost,1,w/o XAI,Attribution,Attribution Sum,1,0.0795031292,0.6111111111,0.6666666667,,5,-3.952351085,3.5287563929
62,forest_cover,shap,xgboost,2,w/ XAI,Attribution,Attribution Sum,1,0.0985762963,0.9444444444,1.0,,4,-1.718306603,4.4309260873
62,forest_cover,shap,xgboost,2,w/o XAI,Attribution,Attribution Sum,1,0.3635507593,0.7777777778,0.7777777778,,5,-3.952351085,2.4605285325
390,adult,lime,xgboost,1,w/ XAI,Attribution,Attribution Sum,1,0.3912713613,0.7222222222,0.6666666667,,5,-1.718306603,1.2349080257
390,adult,lime,xgboost,1,w/o XAI,Attribution,Attribution Sum,1,0.3239673501,0.9444444444,0.7222222222,,5,-2.853595089,2.4605285325
390,adult,lime,xgboost,2,w/ XAI,Attribution,Attribution Sum,1,0.2597669384,0.8888888889,0.8333333333,,4,-1.718306603,2.8329170565
390,adult,lime,xgboost,2,w/o XAI,Attribution,Sensitive-features categorization,1,0.2418481375,0.7222222222,0.6111111111,36.975318194,3,-2.706550117,
385,wine_quality,lime,mlp,1,w/ XAI,Attribution,Attribution Sum,1,0.0943574222,0.9444444444,0.9444444444,,5,-1.718306603,7.6269441489
385,wine_quality,lime,mlp,1,w/o XAI,Attribution,Sensitive-features categorization,1,0.6661552042,0.3888888889,0.6666666667,1.0,3,-2.706550117,
385,wine_quality,lime,mlp,2,w/ XAI,Attribution,Attribution Sum,1,0.438568467,0.6111111111,0.7222222222,,5,-1.718306603,1.2349080257
385,wine_quality,lime,mlp,2,w/o XAI,Attribution,Attribution Sum,1,0.071515576,1.0,1.0,,4,-3.952351085,3.5287563929
383,wine_quality,lime,mlp,1,w/ XAI,Attribution,Attribution Sum,1,0.5197276174,0.7222222222,0.4444444444,,5,-1.718306603,1.2349080257
383,wine_quality,lime,mlp,2,w/ XAI,Attribution,Attribution Sum,1,0.5146892729,0.6111111111,0.7222222222,,5,-1.718306603,1.2349080257
383,wine_quality,lime,mlp,2,w/o XAI,Attribution,Sensitive-features categorization,1,0.3687927464,0.8333333333,0.9444444444,21.82806764,5,-2.706550117,
352,adult,lime,xgboost,1,w/ XAI,Attribution,Attribution Sum,1,0.0958424389,1.0,1.0,,4,-1.718306603,8.0
352,adult,lime,xgboost,1,w/o XAI,Attribution,Attribution Sum,1,0.3596211517,0.8333333333,0.8888888889,,5,-2.853595089,1.3923006722
352,adult,lime,xgboost,2,w/ XAI,Attribution,Attribution Sum,1,0.4456270223,0.9444444444,0.6666666667,,5,-1.718306603,1.2349080257
352,adult,lime,xgboost,2,w/o XAI,Attribution,Sensitive-features categorization,1,0.0005374677,1.0,1.0,52.122568747,5,-2.706550117,
308,forest_cover,shap,xgboost,1,w/ XAI,Importance,Attribution Sum,1,0.6571702261,0.7222222222,0.7222222222,,4,-2.909234548,0.2431716588
308,forest_cover,shap,xgboost,2,w/ XAI,Importance,Salient-features categorization,1,0.464258877,0.6666666667,0.5555555556,1.0,2,-2.491875867,
308,forest_cover,shap,xgboost,2,w/o XAI,Importance,Attribution Sum,1,0.5413838229,0.7222222222,0.8888888889,,5,-2.787268138,2.0168815319
65,adult,lime,xgboost,1,w/ XAI,Attribution,Attribution Sum,1,0.4087527933,0.7777777778,0.8333333333,,5,-1.718306603,1.2349080257
65,adult,lime,xgboost,1,w/o XAI,Attribution,Attribution Sum,1,0.6295897465,0.7222222222,0.5555555556,,5,-2.853595089,0.3240728119
65,adult,lime,xgboost,2,w/ XAI,Attribution,Attribution Sum,1,0.3724507474,0.9444444444,0.7777777778,,4,-1.718306603,1.2349080257
65,adult,lime,xgboost,2,w/o XAI,Attribution,Sensitive-features categorization,1,0.5852573336,0.7777777778,0.6111111111,1.0,3,-2.706550117,
335,wine_quality,lime,mlp,1,w/ XAI,Attribution,Attribution Sum,1,0.0174729798,1.0,1.0,,5,-1.718306603,8.0
335,wine_quality,lime,mlp,1,w/o XAI,Attribution,Sensitive-features categorization,1,0.4346466235,0.4444444444,0.4444444444,6.6808170864,3,-2.706550117,
335,wine_quality,lime,mlp,2,w/ XAI,Attribution,Attribution Sum,1,0.4952278017,0.7777777778,0.5555555556,,5,-1.718306603,1.2349080257
335,wine_quality,lime,mlp,2,w/o XAI,Attribution,Sensitive-features categorization,1,0.1821229447,0.8888888889,0.7777777778,21.82806764,5,-2.706550117,
147,wine_quality,lime,mlp,2,w/ XAI,Attribution,Attribution Sum,1,0.0835796041,0.9444444444,1.0,,4,-1.718306603,4.4309260873
147,wine_quality,lime,mlp,2,w/o XAI,Attribution,Attribution Sum,1,0.4581653406,0.8333333333,0.7222222222,,4,-2.853595089,1.3923006722
